match_id,competition_code,league_id,season,matchday,date,home_team_id,away_team_id,api_football_home_id,api_football_away_id,exp_home_goals,exp_away_goals,home_win_prob,draw_prob,away_win_prob,decision,generated_at
560542,PL,39,2025,1,2026-08-21 19:00:00+00:00,57,1076,42.0,1346.0,1.8314426507659594,1.4532512393905113,0.46366946942805853,0.23212849836295615,0.30420203220898545,H,2026-07-24T22:40:27.320805+00:00
560543,PL,39,2025,1,2026-08-22 11:30:00+00:00,322,66,64.0,33.0,1.6693753285317532,1.508867199451698,0.4145457124908896,0.2400176371346255,0.34543665037448473,H,2026-07-24T22:40:27.340920+00:00
560544,PL,39,2025,1,2026-08-22 14:00:00+00:00,349,71,57.0,746.0,1.4113583187391747,1.7868952514056058,0.30193653012583216,0.2356391299425023,0.4624243399316656,A,2026-07-24T22:40:27.369205+00:00
560545,PL,39,2025,1,2026-08-22 14:00:00+00:00,351,341,65.0,63.0,1.920249822681551,1.4518895382149433,0.48383694718105263,0.22666743572369963,0.2894956170952479,H,2026-07-24T22:40:27.391370+00:00
560546,PL,39,2025,1,2026-08-22 14:00:00+00:00,62,354,45.0,52.0,1.5921868172088862,1.537473991711134,0.39044903776501505,0.24286141833543007,0.366689543899555,H,2026-07-24T22:40:27.412204+00:00
560547,PL,39,2025,1,2026-08-22 16:30:00+00:00,402,73,55.0,47.0,1.7866536590045197,1.6298270756602322,0.4173070152660861,0.23047899862596768,0.3522139861079462,H,2026-07-24T22:40:27.432190+00:00
560548,PL,39,2025,1,2026-08-23 13:00:00+00:00,65,1044,50.0,35.0,1.761548893021877,1.5632676331342583,0.42491546539607566,0.23358024241295688,0.34150429219096734,H,2026-07-24T22:40:27.453124+00:00
560549,PL,39,2025,1,2026-08-23 13:00:00+00:00,397,58,51.0,66.0,1.6900947489563376,1.6440595159933529,0.3925368984119711,0.23429047137244483,0.3731726302155841,H,2026-07-24T22:40:27.473244+00:00
560550,PL,39,2025,1,2026-08-23 15:30:00+00:00,67,64,34.0,40.0,1.6147598440429651,1.806277324235754,0.34531259732766556,0.22997182735398733,0.42471557531834736,A,2026-07-24T22:40:27.493187+00:00
560551,PL,39,2025,1,2026-08-24 19:00:00+00:00,63,61,36.0,49.0,1.5578299821366257,1.6976345951702034,0.3517788527719114,0.23695504125700806,0.41126610597108054,A,2026-07-24T22:40:27.513076+00:00
560555,PL,39,2025,2,2026-08-28 19:00:00+00:00,354,65,52.0,50.0,1.5350638617455752,1.7398601379974934,0.33884984481430863,0.2354931229341797,0.42565703225151175,A,2026-07-24T22:40:27.533010+00:00
560552,PL,39,2025,2,2026-08-29 11:30:00+00:00,64,351,40.0,65.0,1.8930659622247863,1.5335421290899007,0.4606192699412314,0.22720419931907457,0.3121765307396939,H,2026-07-24T22:40:27.552926+00:00
560560,PL,39,2025,2,2026-08-29 14:00:00+00:00,1044,62,35.0,45.0,1.6763044696084637,1.5021655288025533,0.4175479334967165,0.23986650478905278,0.3425855617142309,H,2026-07-24T22:40:27.574456+00:00
560561,PL,39,2025,2,2026-08-29 14:00:00+00:00,1076,322,1346.0,64.0,1.6218764189600516,1.5847025749163612,0.3881970864322441,0.23955522406933713,0.3722476894984189,H,2026-07-24T22:40:27.594470+00:00
560558,PL,39,2025,2,2026-08-29 16:30:00+00:00,73,67,47.0,34.0,1.6043608907164237,1.7830952892674694,0.3470689494935447,0.23136863597851118,0.4215624145279443,A,2026-07-24T22:40:27.614331+00:00
560554,PL,39,2025,2,2026-08-30 13:00:00+00:00,71,63,746.0,36.0,1.6394060821226433,1.579169016240464,0.3934086107067944,0.23897679018353946,0.3676145991096663,H,2026-07-24T22:40:27.634247+00:00
560556,PL,39,2025,2,2026-08-30 13:00:00+00:00,61,397,49.0,51.0,1.7849571210600068,1.5826068776970812,0.4263454606167213,0.231873137078323,0.3417814023049558,H,2026-07-24T22:40:27.654253+00:00
560559,PL,39,2025,2,2026-08-30 13:00:00+00:00,341,402,63.0,55.0,1.5221978470520798,1.8437843020858145,0.317859090714711,0.23015874595820443,0.45198216332708463,A,2026-07-24T22:40:27.674278+00:00
560553,PL,39,2025,2,2026-08-30 15:30:00+00:00,66,349,33.0,57.0,1.8308023644728704,1.4167326558882085,0.47133239816718586,0.23274599491438222,0.29592160691843195,H,2026-07-24T22:40:27.694272+00:00
560557,PL,39,2025,2,2026-08-31 19:00:00+00:00,58,57,66.0,42.0,1.5252235657478257,1.7548797001736123,0.3339036933333355,0.23496464580214954,0.4311316608645149,A,2026-07-24T22:40:27.714333+00:00
560566,PL,39,2025,3,2026-09-04 19:00:00+00:00,349,64,57.0,40.0,1.293353065970022,2.1367998961436885,0.22378659045165208,0.21146375035246162,0.5647496591958863,A,2026-07-24T22:40:27.734638+00:00
560571,PL,39,2025,3,2026-09-05 11:30:00+00:00,67,1044,34.0,35.0,1.723759098175407,1.6012126074082853,0.40865828350000083,0.2342797534755365,0.3570619630244628,H,2026-07-24T22:40:27.754634+00:00
560562,PL,39,2025,3,2026-09-05 14:00:00+00:00,351,73,65.0,47.0,1.7753196770559048,1.5876853521621368,0.42313644531713057,0.23221199099461579,0.34465156368825367,H,2026-07-24T22:40:27.774517+00:00
560563,PL,39,2025,3,2026-09-05 14:00:00+00:00,65,1076,50.0,1346.0,1.8151490766605893,1.5212802621289212,0.4457106406580826,0.23176999263188322,0.3225193667100343,H,2026-07-24T22:40:27.795460+00:00
560564,PL,39,2025,3,2026-09-05 14:00:00+00:00,397,341,51.0,63.0,1.9329677620109873,1.5244336491632993,0.471298690951219,0.22508207733774607,0.30361923171103494,H,2026-07-24T22:40:27.816655+00:00
560565,PL,39,2025,3,2026-09-05 14:00:00+00:00,402,71,55.0,746.0,1.7159359424793126,1.5961276658629546,0.40786606104139855,0.2348126481477289,0.3573212908108726,H,2026-07-24T22:40:27.837279+00:00
560568,PL,39,2025,3,2026-09-05 14:00:00+00:00,63,354,36.0,52.0,1.6474655718133546,1.5968596068122691,0.39182828842786027,0.2379273445741254,0.3702443669980144,H,2026-07-24T22:40:27.858054+00:00
560569,PL,39,2025,3,2026-09-05 16:30:00+00:00,322,58,64.0,66.0,1.6180630023330989,1.6238158645983216,0.3797197129440475,0.2381057583154113,0.38217452874054125,A,2026-07-24T22:40:27.878653+00:00
560567,PL,39,2025,3,2026-09-06 13:00:00+00:00,62,66,45.0,33.0,1.6323952942339384,1.4983450484904732,0.40791536527219996,0.24233832207023176,0.34974631265756817,H,2026-07-24T22:40:27.899269+00:00
560570,PL,39,2025,3,2026-09-06 15:30:00+00:00,57,61,42.0,49.0,1.7516898232421534,1.5640215660091508,0.422505071974068,0.23405859646086302,0.343436331565069,H,2026-07-24T22:40:27.919774+00:00
560572,PL,39,2025,4,2026-09-12 14:00:00+00:00,354,349,52.0,57.0,1.9070556139111952,1.401377854709438,0.49180544009917176,0.22796498379753855,0.2802295761032896,H,2026-07-24T22:40:27.940906+00:00
560573,PL,39,2025,4,2026-09-12 14:00:00+00:00,64,63,40.0,36.0,1.9772323180798523,1.4971259667092842,0.48666751961349064,0.22278495892544356,0.29054752146106605,H,2026-07-24T22:40:27.961923+00:00
560574,PL,39,2025,4,2026-09-12 14:00:00+00:00,58,351,66.0,65.0,1.634291447733335,1.6466402140092207,0.3791370068607409,0.23648847590833136,0.3843745172309277,A,2026-07-24T22:40:27.982810+00:00
560576,PL,39,2025,4,2026-09-12 14:00:00+00:00,1044,402,35.0,55.0,1.7142595902605589,1.6317282500520296,0.4004794462085275,0.23368832163472752,0.36583223215674504,H,2026-07-24T22:40:28.003987+00:00
560581,PL,39,2025,4,2026-09-12 14:00:00+00:00,61,322,49.0,64.0,1.7562890325656628,1.5395718272990409,0.4285216497092389,0.2345038621614551,0.33697448812930597,H,2026-07-24T22:40:28.025169+00:00
560575,PL,39,2025,4,2026-09-12 16:30:00+00:00,73,62,47.0,45.0,1.6527889980296862,1.622873201252996,0.3880081355212032,0.23668198451005873,0.375309879968738,H,2026-07-24T22:40:28.046120+00:00
560577,PL,39,2025,4,2026-09-12 19:00:00+00:00,71,57,746.0,42.0,1.477071816035754,1.765707843542025,0.3208353160048955,0.23556382673200976,0.4436008572630946,A,2026-07-24T22:40:28.067184+00:00
560578,PL,39,2025,4,2026-09-13 13:00:00+00:00,1076,397,1346.0,51.0,1.6577633906042888,1.6571362090966615,0.38257286349676733,0.2351188924523183,0.38230824405091446,H,2026-07-24T22:40:28.088574+00:00
560580,PL,39,2025,4,2026-09-13 15:30:00+00:00,66,65,33.0,50.0,1.4827464418188143,1.7903278468773163,0.31791632267620995,0.23400905700858407,0.4480746203152061,A,2026-07-24T22:40:28.109703+00:00
560579,PL,39,2025,4,2026-09-14 19:00:00+00:00,341,67,63.0,34.0,1.4579379567475845,1.9147331712856477,0.2917259774787276,0.22694763955811648,0.48132638296315594,A,2026-07-24T22:40:28.131256+00:00
560591,PL,39,2025,5,2026-09-18 19:00:00+00:00,402,61,55.0,49.0,1.6393354280188057,1.726505539243077,0.3653132118424409,0.2328908262520097,0.40179596190554934,A,2026-07-24T22:40:28.153145+00:00
560587,PL,39,2025,5,2026-09-19 11:30:00+00:00,73,58,47.0,66.0,1.6633832930819457,1.7187952573018404,0.372237172252411,0.23238830593606813,0.3953745218115209,A,2026-07-24T22:40:28.175043+00:00
560584,PL,39,2025,5,2026-09-19 14:00:00+00:00,62,349,45.0,57.0,1.8649629426058825,1.381574346421922,0.48669516567736665,0.23094446097374793,0.28236037334888553,H,2026-07-24T22:40:28.196678+00:00
560585,PL,39,2025,5,2026-09-19 14:00:00+00:00,341,354,63.0,52.0,1.524978823926372,1.7736295539979536,0.33055308359305113,0.23395882315136116,0.4354880932555877,A,2026-07-24T22:40:28.218133+00:00
560586,PL,39,2025,5,2026-09-19 14:00:00+00:00,397,57,51.0,42.0,1.5556234277829868,1.8134705436930025,0.330639570248889,0.23108860239836818,0.4382718273527428,A,2026-07-24T22:40:28.240624+00:00
560588,PL,39,2025,5,2026-09-19 14:00:00+00:00,67,322,34.0,64.0,1.775827601733081,1.5688432004357584,0.42704735696995894,0.23270243359186243,0.34025020943817863,H,2026-07-24T22:40:28.263170+00:00
560590,PL,39,2025,5,2026-09-19 14:00:00+00:00,65,71,50.0,746.0,1.821622677963177,1.5244604321813446,0.44651804829932185,0.23134386872536739,0.3221380829753108,H,2026-07-24T22:40:28.285854+00:00
560589,PL,39,2025,5,2026-09-19 16:30:00+00:00,351,1076,65.0,1346.0,1.703967056670075,1.565138713401711,0.41127220606499004,0.23640328819039197,0.35232450574461804,H,2026-07-24T22:40:28.309508+00:00
560582,PL,39,2025,5,2026-09-20 13:00:00+00:00,1044,64,35.0,40.0,1.5566585678733509,1.8434784993763895,0.32571286225420426,0.22947736759427398,0.44480977015152195,A,2026-07-24T22:40:28.334338+00:00
560583,PL,39,2025,5,2026-09-20 15:30:00+00:00,63,66,36.0,33.0,1.689148964972524,1.556269990022123,0.40960279376082537,0.23742703532684709,0.35297017091232763,H,2026-07-24T22:40:28.357378+00:00
560592,PL,39,2025,6,2026-10-10 14:00:00+00:00,71,397,746.0,51.0,1.663264868311591,1.6826201214801553,0.37899726534642514,0.23387797297637938,0.3871247616771955,A,2026-07-24T22:40:28.379889+00:00
560593,PL,39,2025,6,2026-10-10 14:00:00+00:00,57,341,42.0,63.0,2.097751269824638,1.4136667058995729,0.5301435577030879,0.21534682580950174,0.25450961648741033,H,2026-07-24T22:40:28.402299+00:00
560594,PL,39,2025,6,2026-10-10 14:00:00+00:00,322,62,64.0,45.0,1.6215336838243652,1.5728158103703722,0.39044673746674036,0.24004820899275772,0.36950505354050195,H,2026-07-24T22:40:28.424532+00:00
560595,PL,39,2025,6,2026-10-10 14:00:00+00:00,61,1044,49.0,35.0,1.7195801025038802,1.612208048287607,0.4055273036400805,0.23411127030502726,0.3603614260548922,H,2026-07-24T22:40:28.447769+00:00
560596,PL,39,2025,6,2026-10-10 14:00:00+00:00,354,351,52.0,65.0,1.5917474810566066,1.6804825561517411,0.3628548776579727,0.23661488853980056,0.4005302338022269,A,2026-07-24T22:40:28.470719+00:00
560597,PL,39,2025,6,2026-10-10 14:00:00+00:00,1076,67,1346.0,34.0,1.5752582728427231,1.7414182365125008,0.34787095561742776,0.23424212353344717,0.4178869208491252,A,2026-07-24T22:40:28.493039+00:00
560598,PL,39,2025,6,2026-10-10 14:00:00+00:00,64,65,40.0,50.0,1.857415810215594,1.6720397603789536,0.4247548302104598,0.2261146131760427,0.3491305566134976,H,2026-07-24T22:40:28.515215+00:00
560599,PL,39,2025,6,2026-10-10 14:00:00+00:00,349,63,57.0,36.0,1.442189182375072,1.8595570921944253,0.2970541488717681,0.23056447031929658,0.4723813808089352,A,2026-07-24T22:40:28.537540+00:00
560600,PL,39,2025,6,2026-10-10 14:00:00+00:00,66,73,33.0,47.0,1.6465802871055526,1.690131255378806,0.37374599424769744,0.23419575601295792,0.39205824973934456,A,2026-07-24T22:40:28.559858+00:00
560601,PL,39,2025,6,2026-10-10 14:00:00+00:00,58,402,66.0,55.0,1.7043803606403423,1.6926373825264176,0.38649532104425416,0.2319021239571818,0.381602554998564,H,2026-07-24T22:40:28.582230+00:00
560602,PL,39,2025,7,2026-10-17 14:00:00+00:00,63,322,36.0,64.0,1.6512029741961185,1.6558040914979295,0.3813105984171895,0.23543514884974237,0.383254252733068,A,2026-07-24T22:40:28.604551+00:00
560603,PL,39,2025,7,2026-10-17 14:00:00+00:00,62,61,45.0,49.0,1.5266295878830352,1.7035065775516054,0.3434118047887949,0.2376509395242509,0.4189372556869543,A,2026-07-24T22:40:28.626190+00:00
560604,PL,39,2025,7,2026-10-17 14:00:00+00:00,1044,71,35.0,746.0,1.7136762702495536,1.5810290755460992,0.41034520589522155,0.23541391219836388,0.3542408819064147,H,2026-07-24T22:40:28.647853+00:00
560605,PL,39,2025,7,2026-10-17 14:00:00+00:00,341,66,63.0,33.0,1.5676101027856144,1.7421417188590758,0.34597594716584557,0.23443395449007684,0.4195900983440775,A,2026-07-24T22:40:28.669578+00:00
560606,PL,39,2025,7,2026-10-17 14:00:00+00:00,73,1076,47.0,1346.0,1.6835933972748236,1.7045961171853996,0.3795028682318147,0.2322317312721946,0.38826540049599073,A,2026-07-24T22:40:28.691155+00:00
560607,PL,39,2025,7,2026-10-17 14:00:00+00:00,67,58,34.0,66.0,1.775517108676577,1.6268939362640522,0.4153730374604482,0.2310790862810134,0.35354787625853834,H,2026-07-24T22:40:28.712784+00:00
560608,PL,39,2025,7,2026-10-17 14:00:00+00:00,351,57,65.0,42.0,1.5587682294746836,1.7716766767711933,0.3386735807621201,0.23318523507666766,0.42814118416121216,A,2026-07-24T22:40:28.734300+00:00
560609,PL,39,2025,7,2026-10-17 14:00:00+00:00,397,354,51.0,52.0,1.7303271369929873,1.6502251598027267,0.4005475144743578,0.232355915895412,0.3670965696302301,H,2026-07-24T22:40:28.756127+00:00
560610,PL,39,2025,7,2026-10-17 14:00:00+00:00,65,349,50.0,57.0,2.1461877368574447,1.3726951308954332,0.5490688513292556,0.21178313080393318,0.23914801786681117,H,2026-07-24T22:40:28.777911+00:00
560611,PL,39,2025,7,2026-10-17 14:00:00+00:00,402,64,55.0,40.0,1.5808541334774477,1.9416469845250923,0.3146686306210913,0.22381481039637333,0.4615165589825354,A,2026-07-24T22:40:28.799444+00:00
560612,PL,39,2025,8,2026-10-24 14:00:00+00:00,64,397,40.0,51.0,2.0065497780502075,1.5959689096695953,0.47238883797398734,0.22016059861124543,0.3074505634147671,H,2026-07-24T22:40:28.821044+00:00
560613,PL,39,2025,8,2026-10-24 14:00:00+00:00,354,67,52.0,34.0,1.5802174810653922,1.7619764199131902,0.34532190684969716,0.23308107330948685,0.42159701984081593,A,2026-07-24T22:40:28.843823+00:00
560614,PL,39,2025,8,2026-10-24 14:00:00+00:00,58,65,66.0,50.0,1.6036056829449719,1.7955636651831723,0.3446821643195986,0.2307868875264234,0.42453094815397807,A,2026-07-24T22:40:28.866402+00:00
560615,PL,39,2025,8,2026-10-24 14:00:00+00:00,66,1044,33.0,35.0,1.5381161706440414,1.7257978238266478,0.34207590163492524,0.23614003967491012,0.42178405869016466,A,2026-07-24T22:40:28.888651+00:00
560616,PL,39,2025,8,2026-10-24 14:00:00+00:00,57,62,42.0,45.0,1.834638988179045,1.4694985399517269,0.4609519510537581,0.23165765022126372,0.30739039872497803,H,2026-07-24T22:40:28.910606+00:00
560617,PL,39,2025,8,2026-10-24 14:00:00+00:00,61,73,49.0,47.0,1.8518638109464711,1.6061625806075408,0.436628605184409,0.22795960657091635,0.33541178824467466,H,2026-07-24T22:40:28.932215+00:00
560618,PL,39,2025,8,2026-10-24 14:00:00+00:00,1076,63,1346.0,36.0,1.6616683312268978,1.635179193564022,0.3876909882793418,0.23582510995792594,0.37648390176273233,H,2026-07-24T22:40:28.953819+00:00
560619,PL,39,2025,8,2026-10-24 14:00:00+00:00,322,402,64.0,55.0,1.6582125429757457,1.7086709675109217,0.37294335889893193,0.23299473684923588,0.3940619042518322,A,2026-07-24T22:40:28.975358+00:00
560620,PL,39,2025,8,2026-10-24 14:00:00+00:00,349,351,57.0,65.0,1.3892821299481006,1.9382023092759746,0.27270104184714017,0.2259707431885848,0.501328214964275,A,2026-07-24T22:40:28.996864+00:00
560621,PL,39,2025,8,2026-10-24 14:00:00+00:00,71,341,746.0,63.0,1.8559004681123858,1.5358045512370553,0.4518811607884007,0.2292248772510806,0.3188939619605187,H,2026-07-24T22:40:29.018451+00:00
560622,PL,39,2025,9,2026-10-31 15:00:00+00:00,67,62,34.0,45.0,1.7717412662003036,1.5558808254275849,0.42874198598252955,0.2332591130863362,0.3379989009311343,H,2026-07-24T22:40:29.040066+00:00
560623,PL,39,2025,9,2026-10-31 15:00:00+00:00,65,397,50.0,51.0,1.8703851296985374,1.6412376543703528,0.43370618781979015,0.2262577618589054,0.3400360503213044,H,2026-07-24T22:40:29.061794+00:00
560624,PL,39,2025,9,2026-10-31 15:00:00+00:00,1044,341,35.0,63.0,1.9466925380161137,1.5144336310557667,0.4763906633752436,0.2244126295200408,0.2991967071047156,H,2026-07-24T22:40:29.084877+00:00
560625,PL,39,2025,9,2026-10-31 15:00:00+00:00,1076,71,1346.0,746.0,1.644738842460576,1.6261868661931862,0.3854939610137366,0.23689271019115102,0.37761332879511234,H,2026-07-24T22:40:29.106468+00:00
560626,PL,39,2025,9,2026-10-31 15:00:00+00:00,61,66,49.0,33.0,1.8249554390896083,1.5157401580147503,0.44907805066116396,0.2313406072115356,0.31958134212730027,H,2026-07-24T22:40:29.128133+00:00
560627,PL,39,2025,9,2026-10-31 15:00:00+00:00,73,354,47.0,52.0,1.6984685105062018,1.7116973809209663,0.3815492922671434,0.23140053666530222,0.38705017106755446,A,2026-07-24T22:40:29.149899+00:00
560628,PL,39,2025,9,2026-10-31 15:00:00+00:00,58,63,66.0,36.0,1.7189178856246872,1.642108320347582,0.39952282162251795,0.2331265775127252,0.36735060086475685,H,2026-07-24T22:40:29.171623+00:00
560629,PL,39,2025,9,2026-10-31 15:00:00+00:00,322,349,64.0,57.0,1.9298866144296285,1.440385826948945,0.48842693385630526,0.2261684057686493,0.28540466037504525,H,2026-07-24T22:40:29.193140+00:00
560630,PL,39,2025,9,2026-10-31 15:00:00+00:00,402,351,55.0,65.0,1.6865245766490637,1.7234900348215167,0.3766281682183477,0.2313728505527123,0.39199898122894,A,2026-07-24T22:40:29.214697+00:00
560631,PL,39,2025,9,2026-10-31 15:00:00+00:00,64,57,40.0,42.0,1.7935699004919743,1.7106932506232464,0.40311247094542535,0.22774444197700766,0.3691430870775671,H,2026-07-24T22:40:29.236483+00:00
560640,PL,39,2025,10,2026-11-07 15:00:00+00:00,57,322,42.0,64.0,1.8601724537708517,1.533208653129573,0.45337308373980434,0.22903831528900184,0.31758860097119385,H,2026-07-24T22:40:29.258268+00:00
560641,PL,39,2025,10,2026-11-07 15:00:00+00:00,351,65,65.0,50.0,1.6279836451763274,1.7767738601575394,0.35356923846557153,0.23098898646489846,0.41544177506953,A,2026-07-24T22:40:29.279837+00:00
560632,PL,39,2025,10,2026-11-07 15:00:00+00:00,341,73,63.0,47.0,1.5997825208988132,1.8785630649527374,0.3294084572496791,0.22675804581573428,0.44383349693458657,A,2026-07-24T22:40:29.301319+00:00
560633,PL,39,2025,10,2026-11-07 15:00:00+00:00,63,67,36.0,34.0,1.5968581095064294,1.7965613401296217,0.34297368337374673,0.23091869793957567,0.42610761868667735,A,2026-07-24T22:40:29.324311+00:00
560634,PL,39,2025,10,2026-11-07 15:00:00+00:00,62,1076,45.0,1346.0,1.6079364443391655,1.6185844571085788,0.3783486795102652,0.23874812831449221,0.3829031921752424,A,2026-07-24T22:40:29.345908+00:00
560635,PL,39,2025,10,2026-11-07 15:00:00+00:00,354,64,52.0,40.0,1.5050569016284363,1.9425390732614956,0.29778575940679475,0.22476041829121143,0.477453822301994,A,2026-07-24T22:40:29.367785+00:00
560636,PL,39,2025,10,2026-11-07 15:00:00+00:00,71,61,746.0,49.0,1.5659361174820547,1.7502125038159162,0.3441419539145797,0.2340780441500904,0.42178000193532983,A,2026-07-24T22:40:29.392147+00:00
560637,PL,39,2025,10,2026-11-07 15:00:00+00:00,349,1044,57.0,35.0,1.3943986514291729,1.9533582839925143,0.2715306960233638,0.2249329520963552,0.5035363518802811,A,2026-07-24T22:40:29.414318+00:00
560638,PL,39,2025,10,2026-11-07 15:00:00+00:00,397,402,51.0,55.0,1.7417652783652002,1.7590201280120459,0.38243780718115067,0.228046681251354,0.3895155115674952,A,2026-07-24T22:40:29.436277+00:00
560639,PL,39,2025,10,2026-11-07 15:00:00+00:00,66,58,33.0,66.0,1.575081367578997,1.7236928439114916,0.35103753201564175,0.23511814936056905,0.41384431862378934,A,2026-07-24T22:40:29.458112+00:00
560642,PL,39,2025,11,2026-11-21 15:00:00+00:00,61,341,49.0,63.0,2.0206188323519423,1.5068173950118489,0.4939349323015031,0.2201344974482707,0.28593057025022595,H,2026-07-24T22:40:29.479840+00:00
560643,PL,39,2025,11,2026-11-21 15:00:00+00:00,65,63,50.0,36.0,1.8671041039316059,1.5998076179775653,0.44129321917037956,0.2273370378377594,0.3313697429918609,H,2026-07-24T22:40:29.501740+00:00
560644,PL,39,2025,11,2026-11-21 15:00:00+00:00,58,71,66.0,746.0,1.7062602356179324,1.6470571604162305,0.3956663976757702,0.23349619688610596,0.37083740543812393,H,2026-07-24T22:40:29.523553+00:00
560645,PL,39,2025,11,2026-11-21 15:00:00+00:00,64,66,40.0,33.0,2.037323000459729,1.4971495251701261,0.4995309182985439,0.219183266556322,0.28128581514513407,H,2026-07-24T22:40:29.545130+00:00
560646,PL,39,2025,11,2026-11-21 15:00:00+00:00,322,397,64.0,51.0,1.6849084037703472,1.7299918475872793,0.37504935090685015,0.23116921729598336,0.3937814317971664,A,2026-07-24T22:40:29.566785+00:00
560647,PL,39,2025,11,2026-11-21 15:00:00+00:00,1044,351,35.0,65.0,1.6770769130155625,1.6853745398070648,0.3816432254579337,0.23323805234363615,0.38511872219843013,A,2026-07-24T22:40:29.588302+00:00
560648,PL,39,2025,11,2026-11-21 15:00:00+00:00,73,349,47.0,57.0,1.9871489578370547,1.5310233332863894,0.4816801314840889,0.221906144126322,0.296413724389589,H,2026-07-24T22:40:29.609911+00:00
560649,PL,39,2025,11,2026-11-21 15:00:00+00:00,402,62,55.0,45.0,1.7224174826963958,1.6376732975590096,0.4011864158428038,0.23312627960129856,0.3656873045558976,H,2026-07-24T22:40:29.631460+00:00
560650,PL,39,2025,11,2026-11-21 15:00:00+00:00,1076,354,1346.0,52.0,1.6604880888116211,1.6505292370951161,0.3844663181610888,0.23527168221808928,0.380261999620822,H,2026-07-24T22:40:29.653058+00:00
560651,PL,39,2025,11,2026-11-21 15:00:00+00:00,67,57,34.0,42.0,1.6367299320424011,1.8032953216515153,0.35080139457714354,0.22951493723791333,0.4196836681849433,A,2026-07-24T22:40:29.674858+00:00
560652,PL,39,2025,12,2026-11-28 15:00:00+00:00,341,1076,63.0,1346.0,1.537843038594751,1.8596002399462586,0.3187304478029186,0.22898260450555297,0.45228694769152833,A,2026-07-24T22:40:29.697711+00:00
560653,PL,39,2025,12,2026-11-28 15:00:00+00:00,349,58,57.0,66.0,1.4298255393333144,1.959316062725468,0.27848272590362455,0.22436733247320662,0.4971499416231687,A,2026-07-24T22:40:29.719513+00:00
560654,PL,39,2025,12,2026-11-28 15:00:00+00:00,57,65,42.0,50.0,1.7676043875544587,1.700345309879475,0.39929771731151187,0.2291253764526954,0.3715769062357926,H,2026-07-24T22:40:29.741673+00:00
560655,PL,39,2025,12,2026-11-28 15:00:00+00:00,66,402,33.0,55.0,1.604949196892433,1.7832043447888857,0.34718336694359375,0.23134695115571394,0.4214696819006923,A,2026-07-24T22:40:29.763954+00:00
560656,PL,39,2025,12,2026-11-28 15:00:00+00:00,62,64,45.0,40.0,1.4762728728752814,1.9313340126308205,0.29317912259147866,0.2257389098073911,0.48108196760113026,A,2026-07-24T22:40:29.785469+00:00
560657,PL,39,2025,12,2026-11-28 15:00:00+00:00,63,1044,36.0,35.0,1.6214020668115587,1.7490588129535347,0.35708160676531303,0.23246382496366638,0.4104545682710205,A,2026-07-24T22:40:29.808654+00:00
560658,PL,39,2025,12,2026-11-28 15:00:00+00:00,351,61,65.0,49.0,1.648052000676776,1.7413713680281573,0.36456735859693,0.23195044692877465,0.4034821944742955,A,2026-07-24T22:40:29.830485+00:00
560659,PL,39,2025,12,2026-11-28 15:00:00+00:00,397,67,51.0,34.0,1.6699027958349761,1.8330664825853067,0.35294845535417624,0.22725901962093378,0.4197925250248899,A,2026-07-24T22:40:29.852775+00:00
560660,PL,39,2025,12,2026-11-28 15:00:00+00:00,71,73,746.0,47.0,1.7233650984223723,1.7014574845322477,0.3891254826940745,0.2308384499477632,0.3800360673581623,H,2026-07-24T22:40:29.875365+00:00
560661,PL,39,2025,12,2026-11-28 15:00:00+00:00,354,322,52.0,64.0,1.6528407505393325,1.6806004122038847,0.37698175217643937,0.23435781547867246,0.3886604323448882,A,2026-07-24T22:40:29.897811+00:00
560662,PL,39,2025,13,2026-12-02 20:00:00+00:00,73,63,47.0,36.0,1.7207883525899836,1.7594160012398823,0.3776735041481787,0.22876018681138904,0.39356630904043227,A,2026-07-24T22:40:29.920573+00:00
560663,PL,39,2025,13,2026-12-02 20:00:00+00:00,64,71,40.0,746.0,1.987090147134261,1.5577820384630294,0.476095940570428,0.22164031870002263,0.3022637407295493,H,2026-07-24T22:40:29.942739+00:00
560664,PL,39,2025,13,2026-12-02 20:00:00+00:00,322,351,64.0,65.0,1.6120943030184849,1.7319842551000668,0.3580616572047112,0.23354521721777602,0.40839312557751273,A,2026-07-24T22:40:29.965280+00:00
560665,PL,39,2025,13,2026-12-02 20:00:00+00:00,61,354,49.0,52.0,1.7971674247884744,1.6007364902339711,0.42546708293506785,0.230785803648585,0.3437471134163471,H,2026-07-24T22:40:29.987371+00:00
560666,PL,39,2025,13,2026-12-02 20:00:00+00:00,58,62,66.0,45.0,1.6897608782314721,1.623353640316849,0.3964800873620255,0.23506142817256367,0.3684584844654107,H,2026-07-24T22:40:30.009345+00:00
560667,PL,39,2025,13,2026-12-02 20:00:00+00:00,402,57,55.0,42.0,1.5880858867666192,1.887139936103407,0.32534761011726954,0.2265518818956202,0.44810050798711026,A,2026-07-24T22:40:30.031273+00:00
560668,PL,39,2025,13,2026-12-02 20:00:00+00:00,1076,349,1346.0,57.0,1.9386212409589707,1.4677228526661352,0.4844989742465082,0.22537931983717915,0.2901217059163127,H,2026-07-24T22:40:30.053577+00:00
560669,PL,39,2025,13,2026-12-02 20:00:00+00:00,65,341,50.0,63.0,2.0955573686892777,1.5148451466755963,0.5080171277882066,0.21565024840836822,0.27633262380342516,H,2026-07-24T22:40:30.076114+00:00
560670,PL,39,2025,13,2026-12-02 20:00:00+00:00,67,66,34.0,33.0,1.8548551652384284,1.5684671442383038,0.4449375258858218,0.22862848501453842,0.3264339890996397,H,2026-07-24T22:40:30.098698+00:00
560671,PL,39,2025,13,2026-12-02 20:00:00+00:00,1044,397,35.0,51.0,1.7609908162657582,1.706664295705583,0.3966068466378732,0.22917920184136598,0.37421395152076065,H,2026-07-24T22:40:30.121261+00:00
560672,PL,39,2025,14,2026-12-05 15:00:00+00:00,73,57,47.0,42.0,1.546847122376451,1.9553163941207328,0.3049609436300615,0.22353654089584932,0.47150251547408933,A,2026-07-24T22:40:30.144346+00:00
560673,PL,39,2025,14,2026-12-05 15:00:00+00:00,66,1076,33.0,1346.0,1.594153140247682,1.7093432214681215,0.35807500615928195,0.23518750492075313,0.4067374889199648,A,2026-07-24T22:40:30.167343+00:00
560674,PL,39,2025,14,2026-12-05 15:00:00+00:00,341,349,63.0,57.0,1.8039466500603232,1.6414323087899423,0.41890095352213647,0.2293540848121188,0.3517449616657448,H,2026-07-24T22:40:30.189713+00:00
560675,PL,39,2025,14,2026-12-05 15:00:00+00:00,67,71,34.0,746.0,1.8061065090801562,1.6237168694829918,0.42289381328870096,0.2297399406975475,0.3473662460137515,H,2026-07-24T22:40:30.212017+00:00
560676,PL,39,2025,14,2026-12-05 15:00:00+00:00,61,64,49.0,40.0,1.6337099750169273,1.8971328231882507,0.33377631811365877,0.22513662599868434,0.44108705588765695,A,2026-07-24T22:40:30.234209+00:00
560677,PL,39,2025,14,2026-12-05 15:00:00+00:00,402,65,55.0,50.0,1.6524593604417392,1.871522362541423,0.34232927746335856,0.22594411516573865,0.43172660737090285,A,2026-07-24T22:40:30.256638+00:00
560678,PL,39,2025,14,2026-12-05 15:00:00+00:00,1044,322,35.0,64.0,1.7290818376828718,1.6497892084091992,0.4003486265038278,0.23242433305453486,0.3672270404416374,H,2026-07-24T22:40:30.279517+00:00
560679,PL,39,2025,14,2026-12-05 15:00:00+00:00,58,354,66.0,52.0,1.7201467823723284,1.6645865773337378,0.3954503341812024,0.23228954974489233,0.37226011607390525,H,2026-07-24T22:40:30.302317+00:00
560680,PL,39,2025,14,2026-12-05 15:00:00+00:00,351,397,65.0,51.0,1.7632679413436179,1.710375850326053,0.3964090341139905,0.22896408084683764,0.3746268850391719,H,2026-07-24T22:40:30.324943+00:00
560681,PL,39,2025,14,2026-12-05 15:00:00+00:00,62,63,45.0,36.0,1.6372852855848863,1.6520365262385266,0.37880350325841033,0.23614463887123865,0.38505185787035096,A,2026-07-24T22:40:30.347763+00:00
560682,PL,39,2025,15,2026-12-12 15:00:00+00:00,71,351,746.0,65.0,1.608370594958741,1.7388016871822496,0.35596315143027785,0.23334806232794358,0.4106887862417785,A,2026-07-24T22:40:30.370144+00:00
560683,PL,39,2025,15,2026-12-12 15:00:00+00:00,354,66,52.0,33.0,1.7050642337045954,1.619487908231464,0.40076143466572534,0.23452018606015052,0.36471837927412415,H,2026-07-24T22:40:30.392904+00:00
560684,PL,39,2025,15,2026-12-12 15:00:00+00:00,322,73,64.0,47.0,1.7358069719107692,1.719624158665353,0.3884900813705946,0.2297031576854749,0.38180676094393046,H,2026-07-24T22:40:30.415220+00:00
560685,PL,39,2025,15,2026-12-12 15:00:00+00:00,397,62,51.0,45.0,1.7203696134872188,1.6682313932590722,0.3947989771722936,0.23215145770793097,0.37304956511977544,H,2026-07-24T22:40:30.439548+00:00
560686,PL,39,2025,15,2026-12-12 15:00:00+00:00,349,67,57.0,34.0,1.3891350049691689,2.0767898239776534,0.25224998164499024,0.21663103910518908,0.5311189792498208,A,2026-07-24T22:40:30.463029+00:00
560687,PL,39,2025,15,2026-12-12 15:00:00+00:00,1076,58,1346.0,66.0,1.6473591051748788,1.7225857877161461,0.3678731258609289,0.23278709255692953,0.39933978158214156,A,2026-07-24T22:40:30.486533+00:00
560688,PL,39,2025,15,2026-12-12 15:00:00+00:00,57,1044,42.0,35.0,1.823850438856303,1.612409332013552,0.42912605534019893,0.22918517224691837,0.34168877241288276,H,2026-07-24T22:40:30.510864+00:00
560689,PL,39,2025,15,2026-12-12 15:00:00+00:00,65,61,50.0,49.0,1.7656270299073422,1.7217526629806248,0.39477216722893405,0.22848747097593541,0.37674036179513054,H,2026-07-24T22:40:30.534343+00:00
560690,PL,39,2025,15,2026-12-12 15:00:00+00:00,64,341,40.0,63.0,2.2563634170051365,1.4883397377351975,0.5461555893874223,0.20577906192504747,0.24806534868753016,H,2026-07-24T22:40:30.558999+00:00
560691,PL,39,2025,15,2026-12-12 15:00:00+00:00,63,402,36.0,55.0,1.6846931410111778,1.7841267927608373,0.3650423566063093,0.22894684582621097,0.40601079756747965,A,2026-07-24T22:40:30.582324+00:00
560692,PL,39,2025,16,2026-12-19 15:00:00+00:00,341,63,63.0,36.0,1.5636353367365707,1.8900544528530194,0.31940456771050585,0.2268543767318192,0.45374105555767485,A,2026-07-24T22:40:30.605630+00:00
560693,PL,39,2025,16,2026-12-19 15:00:00+00:00,397,349,51.0,57.0,2.042172689063515,1.5145049905654528,0.4968909147105056,0.2188170242275832,0.28429206106191124,H,2026-07-24T22:40:30.628993+00:00
560694,PL,39,2025,16,2026-12-19 15:00:00+00:00,351,62,65.0,45.0,1.7164554621530894,1.6091133652923348,0.4054193407537083,0.23435769491840086,0.36022296432789097,H,2026-07-24T22:40:30.651991+00:00
560695,PL,39,2025,16,2026-12-19 15:00:00+00:00,402,67,55.0,34.0,1.6863304698024737,1.8462924468141373,0.35425878823535245,0.22623669109744746,0.41950452066720006,A,2026-07-24T22:40:30.674248+00:00
560696,PL,39,2025,16,2026-12-19 15:00:00+00:00,65,322,50.0,64.0,1.8539448867255277,1.63198965024729,0.43191594572150177,0.22725704920761855,0.34082700507087954,H,2026-07-24T22:40:30.696379+00:00
560697,PL,39,2025,16,2026-12-19 15:00:00+00:00,71,354,746.0,52.0,1.6663257828347056,1.6768903025635453,0.38078566473996284,0.23399065026840907,0.385223684991628,A,2026-07-24T22:40:30.718561+00:00
560698,PL,39,2025,16,2026-12-19 15:00:00+00:00,1044,1076,35.0,1346.0,1.7347697706359884,1.653696219256388,0.40088411501345655,0.23204753221216692,0.36706835277437644,H,2026-07-24T22:40:30.741887+00:00
560699,PL,39,2025,16,2026-12-19 15:00:00+00:00,57,66,42.0,33.0,1.93021726313232,1.5030183896210254,0.4751850218931458,0.22550668950184363,0.2993082886050106,H,2026-07-24T22:40:30.765091+00:00
560700,PL,39,2025,16,2026-12-19 15:00:00+00:00,64,73,40.0,47.0,2.0824182449505897,1.620718752188335,0.4832992770184315,0.21591164723269687,0.3007890757488717,H,2026-07-24T22:40:30.787280+00:00
560701,PL,39,2025,16,2026-12-19 15:00:00+00:00,61,58,49.0,66.0,1.7813875411435611,1.6662648738631167,0.40897263305583875,0.22963292604745403,0.36139444089670725,H,2026-07-24T22:40:30.809448+00:00
560702,PL,39,2025,17,2026-12-26 15:00:00+00:00,58,341,66.0,63.0,1.9466088686984284,1.5978961283368185,0.45910975259006737,0.2232925579827312,0.3175976894272013,H,2026-07-24T22:40:30.831260+00:00
560703,PL,39,2025,17,2026-12-26 15:00:00+00:00,66,351,33.0,65.0,1.5567734481006,1.7951546523614272,0.3340887735025252,0.23202063720683183,0.43389058929064284,A,2026-07-24T22:40:30.853264+00:00
560704,PL,39,2025,17,2026-12-26 15:00:00+00:00,354,57,52.0,42.0,1.5127801294953114,1.8911922797170342,0.3078331363205397,0.2276378977607619,0.4645289659186985,A,2026-07-24T22:40:30.876842+00:00
560705,PL,39,2025,17,2026-12-26 15:00:00+00:00,62,71,45.0,746.0,1.6252458244934682,1.6570161775496064,0.3750598146795087,0.23640873672671,0.38853144859378114,A,2026-07-24T22:40:30.899135+00:00
560706,PL,39,2025,17,2026-12-26 15:00:00+00:00,1076,61,1346.0,49.0,1.5852118212560844,1.8057836202931172,0.338705335550402,0.23076327430185495,0.430531390147743,A,2026-07-24T22:40:30.921275+00:00
560707,PL,39,2025,17,2026-12-26 15:00:00+00:00,67,65,34.0,50.0,1.7144120682262887,1.8240129749555898,0.3644599666989993,0.22639327250080188,0.4091467608001988,A,2026-07-24T22:40:30.943563+00:00
560708,PL,39,2025,17,2026-12-26 15:00:00+00:00,63,397,36.0,51.0,1.7069101224734715,1.7909515358145611,0.36877552955294773,0.22796938349083337,0.4032550869562188,A,2026-07-24T22:40:30.965760+00:00
560709,PL,39,2025,17,2026-12-26 15:00:00+00:00,73,1044,47.0,35.0,1.66200490724095,1.8432273207934258,0.34939387883973805,0.22701118327013473,0.42359493789012737,A,2026-07-24T22:40:30.989509+00:00
560710,PL,39,2025,17,2026-12-26 15:00:00+00:00,322,64,64.0,40.0,1.522939447653304,1.997087447689505,0.29308723946456006,0.22140364348153155,0.4855091170539084,A,2026-07-24T22:40:31.012382+00:00
560711,PL,39,2025,17,2026-12-26 15:00:00+00:00,349,402,57.0,55.0,1.4589339649935704,2.035927492121036,0.27323363056904104,0.2193878245032429,0.507378544927716,A,2026-07-24T22:40:31.035384+00:00
560712,PL,39,2025,18,2026-12-30 20:00:00+00:00,63,57,36.0,42.0,1.5256223154304092,1.9167876622187865,0.3065113376722044,0.22598791345790026,0.4675007488698953,A,2026-07-24T22:40:31.058233+00:00
560713,PL,39,2025,18,2026-12-30 20:00:00+00:00,1076,402,1346.0,55.0,1.6776807434272552,1.7790152660582765,0.364395703613338,0.22938135649318334,0.40622293989347863,A,2026-07-24T22:40:31.082036+00:00
560714,PL,39,2025,18,2026-12-30 20:00:00+00:00,58,64,66.0,40.0,1.5710651699973872,2.000507299722438,0.3030180354911595,0.22075892387982607,0.4762230406290145,A,2026-07-24T22:40:31.104178+00:00
560715,PL,39,2025,18,2026-12-30 20:00:00+00:00,67,351,34.0,65.0,1.7639162563327093,1.7205878855977392,0.3946109537094797,0.22859320872446634,0.3767958375660537,H,2026-07-24T22:40:31.126445+00:00
560716,PL,39,2025,18,2026-12-30 20:00:00+00:00,322,341,64.0,63.0,1.889885971381933,1.603395426113275,0.4455992602080921,0.2261113063776026,0.3282894334143054,H,2026-07-24T22:40:31.149256+00:00
560717,PL,39,2025,18,2026-12-30 20:00:00+00:00,66,71,33.0,746.0,1.6034884377850507,1.7247103951233829,0.3574123321032219,0.23416134620338716,0.4084263216933911,A,2026-07-24T22:40:31.172181+00:00
560718,PL,39,2025,18,2026-12-30 20:00:00+00:00,349,61,57.0,49.0,1.3812363642189822,2.077383952939832,0.2504752932275244,0.21655101384938386,0.5329736929230917,A,2026-07-24T22:40:31.194544+00:00
560719,PL,39,2025,18,2026-12-30 20:00:00+00:00,73,397,47.0,51.0,1.7412053950539608,1.8601126201615252,0.363903521715776,0.22416495958673882,0.4119315186974851,A,2026-07-24T22:40:31.216783+00:00
560720,PL,39,2025,18,2026-12-30 20:00:00+00:00,62,65,45.0,50.0,1.5376985705097617,1.8424872622906554,0.32159244222924377,0.22992300209956645,0.4484845556711897,A,2026-07-24T22:40:31.239003+00:00
560721,PL,39,2025,18,2026-12-30 20:00:00+00:00,354,1044,52.0,35.0,1.619747857809344,1.764640630770764,0.35388190432899197,0.23179537118024734,0.41432272449076063,A,2026-07-24T22:40:31.261183+00:00
560722,PL,39,2025,19,2027-01-02 12:00:00+00:00,1044,58,35.0,66.0,1.7287354532646126,1.7107978002812148,0.38856697511642585,0.23029185833021484,0.38114116655335917,H,2026-07-24T22:40:31.283382+00:00
560723,PL,39,2025,19,2027-01-02 12:00:00+00:00,402,354,55.0,52.0,1.76751634673019,1.719887162339555,0.3955486993396121,0.2284772827414419,0.3759740179189459,H,2026-07-24T22:40:31.305025+00:00
560724,PL,39,2025,19,2027-01-02 12:00:00+00:00,341,62,63.0,45.0,1.5314426043278528,1.8475093482158336,0.319324661812522,0.22977179695965336,0.45090354122782456,A,2026-07-24T22:40:31.327455+00:00
560725,PL,39,2025,19,2027-01-02 12:00:00+00:00,57,349,42.0,57.0,2.2068654085313475,1.3865731873409521,0.5582692934790471,0.20781637905894065,0.23391432746201224,H,2026-07-24T22:40:31.349573+00:00
560726,PL,39,2025,19,2027-01-02 12:00:00+00:00,71,322,746.0,64.0,1.6605182763626678,1.7092250232366928,0.3733673268202801,0.23288869757528102,0.3937439756044388,A,2026-07-24T22:40:31.371041+00:00
560727,PL,39,2025,19,2027-01-02 12:00:00+00:00,64,1076,40.0,1346.0,1.9982896589087942,1.5974651461638745,0.47032005410944877,0.2205817938275222,0.3090981520630291,H,2026-07-24T22:40:31.394369+00:00
560728,PL,39,2025,19,2027-01-02 12:00:00+00:00,61,67,49.0,34.0,1.73030429685561,1.7655970709014883,0.3786579854860685,0.22819730827967838,0.393144706234253,A,2026-07-24T22:40:31.416072+00:00
560729,PL,39,2025,19,2027-01-02 12:00:00+00:00,351,63,65.0,36.0,1.7626629316728952,1.6741667481297131,0.40322806831531627,0.23018457547014834,0.3665873562145354,H,2026-07-24T22:40:31.437583+00:00
560730,PL,39,2025,19,2027-01-02 12:00:00+00:00,397,66,51.0,33.0,1.7968241956061348,1.6701481170581878,0.41167497155885185,0.22884600279438921,0.3594790256467588,H,2026-07-24T22:40:31.459354+00:00
560731,PL,39,2025,19,2027-01-02 12:00:00+00:00,65,73,50.0,47.0,1.9437091385670042,1.673684689680587,0.4432370144617289,0.22211663377115348,0.33464635176711754,H,2026-07-24T22:40:31.481014+00:00
560732,PL,39,2025,20,2027-01-06 12:00:00+00:00,57,402,42.0,55.0,1.8995219659259581,1.6556222572161552,0.4372373212863286,0.22455961008315464,0.33820306863051675,H,2026-07-24T22:40:31.503313+00:00
560733,PL,39,2025,20,2027-01-06 12:00:00+00:00,341,65,63.0,50.0,1.4664674172329308,2.099271409458375,0.26551323798009335,0.2154148905554781,0.5190718714644283,A,2026-07-24T22:40:31.525567+00:00
560734,PL,39,2025,20,2027-01-06 12:00:00+00:00,66,67,33.0,34.0,1.5445183535097264,1.8787684530432105,0.3170146458794712,0.22780807434071845,0.4551772797798101,A,2026-07-24T22:40:31.548589+00:00
560735,PL,39,2025,20,2027-01-06 12:00:00+00:00,397,1044,51.0,35.0,1.7018240006355576,1.8042105707686733,0.36523334951596925,0.22758362621909048,0.40718302426494013,A,2026-07-24T22:40:31.570915+00:00
560736,PL,39,2025,20,2027-01-06 12:00:00+00:00,351,322,65.0,64.0,1.7416685109248287,1.6830167098417366,0.3967856591036236,0.23076110631585595,0.3724532345805203,H,2026-07-24T22:40:31.592522+00:00
560737,PL,39,2025,20,2027-01-06 12:00:00+00:00,63,73,36.0,47.0,1.7548456294685184,1.7692098265289122,0.3834562658760325,0.2272158987480399,0.38932783537592763,A,2026-07-24T22:40:31.614935+00:00
560738,PL,39,2025,20,2027-01-06 12:00:00+00:00,62,58,45.0,66.0,1.6175020440599825,1.7221926263066871,0.3610992716052334,0.23381593373985993,0.4050847946549066,A,2026-07-24T22:40:31.637150+00:00
560739,PL,39,2025,20,2027-01-06 12:00:00+00:00,71,64,746.0,40.0,1.5197640079932573,2.006311902246141,0.29095583520864104,0.22089150888468415,0.4881526559066746,A,2026-07-24T22:40:31.658657+00:00
560740,PL,39,2025,20,2027-01-06 12:00:00+00:00,354,61,52.0,49.0,1.5891876930595723,1.8236288025752942,0.33648759910081893,0.22976852052857627,0.4337438803706049,A,2026-07-24T22:40:31.680014+00:00
560741,PL,39,2025,20,2027-01-06 12:00:00+00:00,349,1076,57.0,1346.0,1.4502951403061335,1.9559575541091412,0.2835373497942408,0.2244481805411438,0.4920144696646153,A,2026-07-24T22:40:31.701473+00:00
560742,PL,39,2025,21,2027-01-16 12:00:00+00:00,1044,349,35.0,57.0,2.044801367346316,1.4789882118675108,0.5049740438268153,0.2187894486436591,0.27623650752952567,H,2026-07-24T22:40:31.723172+00:00
560743,PL,39,2025,21,2027-01-16 12:00:00+00:00,65,351,50.0,65.0,1.813595431747751,1.7104018341012728,0.4076139354623518,0.22693901383158144,0.36544705070606687,H,2026-07-24T22:40:31.744975+00:00
560744,PL,39,2025,21,2027-01-16 12:00:00+00:00,61,71,49.0,746.0,1.8042271080396957,1.641645441897204,0.418921741290228,0.22933528541478287,0.3517429732949891,H,2026-07-24T22:40:31.767334+00:00
560745,PL,39,2025,21,2027-01-16 12:00:00+00:00,402,397,55.0,51.0,1.7949407816050855,1.8168589787378249,0.3834973178558172,0.22416191440695685,0.3923407677372259,A,2026-07-24T22:40:31.789773+00:00
560746,PL,39,2025,21,2027-01-16 12:00:00+00:00,58,66,66.0,33.0,1.773448683483956,1.6490020513772603,0.4105571246352265,0.2305092238020523,0.3589336515627211,H,2026-07-24T22:40:31.813040+00:00
560747,PL,39,2025,21,2027-01-16 12:00:00+00:00,73,341,47.0,63.0,1.944198634896284,1.7001299013705364,0.4381193625265805,0.22157119316530294,0.34030944430811655,H,2026-07-24T22:40:31.834543+00:00
560748,PL,39,2025,21,2027-01-16 12:00:00+00:00,1076,62,1346.0,45.0,1.6508874848538109,1.6683689799186605,0.3788467849210658,0.23493568660774164,0.3862175284711925,A,2026-07-24T22:40:31.855881+00:00
560749,PL,39,2025,21,2027-01-16 12:00:00+00:00,64,354,40.0,52.0,2.0160085871552913,1.6040665355839236,0.4727432984537973,0.2195683623790629,0.3076883391671397,H,2026-07-24T22:40:31.877719+00:00
560750,PL,39,2025,21,2027-01-16 12:00:00+00:00,322,57,64.0,42.0,1.5219919457873279,1.911007438557307,0.306645932112296,0.2263683848265312,0.4669856830611728,A,2026-07-24T22:40:31.899914+00:00
560751,PL,39,2025,21,2027-01-16 12:00:00+00:00,67,63,34.0,36.0,1.8431623590631234,1.6822205837167123,0.41961616147376407,0.22648311279694827,0.35390072572928766,H,2026-07-24T22:40:31.922123+00:00
560752,PL,39,2025,22,2027-01-23 12:00:00+00:00,349,322,57.0,64.0,1.4547296998258856,1.9887967871506869,0.2794498381175128,0.2223604811947333,0.49818968068775393,A,2026-07-24T22:40:31.943843+00:00
560753,PL,39,2025,22,2027-01-23 12:00:00+00:00,62,402,45.0,55.0,1.6468505027159712,1.7772938270673955,0.35775126907248755,0.23040321413891954,0.4118455167885927,A,2026-07-24T22:40:31.965420+00:00
560754,PL,39,2025,22,2027-01-23 12:00:00+00:00,71,1076,746.0,1346.0,1.6683636306434575,1.7206265327173684,0.37303185786364507,0.23213616129169623,0.39483198084465876,A,2026-07-24T22:40:31.987086+00:00
560755,PL,39,2025,22,2027-01-23 12:00:00+00:00,351,1044,65.0,35.0,1.7014351134775128,1.750811407606072,0.37491944525132437,0.22976104385696627,0.3953195108917094,A,2026-07-24T22:40:32.008762+00:00
560756,PL,39,2025,22,2027-01-23 12:00:00+00:00,57,67,42.0,34.0,1.8194740242453784,1.7209801658554824,0.40688301980886193,0.22638325372966447,0.36673372646147384,H,2026-07-24T22:40:32.030678+00:00
560757,PL,39,2025,22,2027-01-23 12:00:00+00:00,341,61,63.0,49.0,1.4832741271352676,2.0522172483695242,0.2760475091614398,0.21832371205873083,0.5056287787798293,A,2026-07-24T22:40:32.053524+00:00
560758,PL,39,2025,22,2027-01-23 12:00:00+00:00,63,58,36.0,66.0,1.6747151604622597,1.7922290834194046,0.36133350903643474,0.22890820664409894,0.40975828431946637,A,2026-07-24T22:40:32.077219+00:00
560759,PL,39,2025,22,2027-01-23 12:00:00+00:00,66,64,33.0,40.0,1.4719961463526186,2.0754004038678624,0.2701829676650771,0.21690784654368417,0.5129091857912387,A,2026-07-24T22:40:32.098814+00:00
560760,PL,39,2025,22,2027-01-23 12:00:00+00:00,397,65,51.0,50.0,1.6599414616815527,1.9394528182083266,0.33236841037104475,0.22257969705198202,0.4450518925769731,A,2026-07-24T22:40:32.120358+00:00
560761,PL,39,2025,22,2027-01-23 12:00:00+00:00,354,73,52.0,47.0,1.747593565111026,1.7684369208002886,0.3819869610427124,0.22749591808443745,0.3905171208728502,A,2026-07-24T22:40:32.142197+00:00
560762,PL,39,2025,23,2027-01-30 12:00:00+00:00,73,71,47.0,746.0,1.7213509068450523,1.8058940836123873,0.3692746079823023,0.22691733191964622,0.40380806009805137,A,2026-07-24T22:40:32.163902+00:00
560763,PL,39,2025,23,2027-01-30 12:00:00+00:00,402,66,55.0,33.0,1.8171456299336937,1.6893796662048373,0.4124622950182319,0.22740896781320644,0.3601287371685618,H,2026-07-24T22:40:32.186125+00:00
560764,PL,39,2025,23,2027-01-30 12:00:00+00:00,67,397,34.0,51.0,1.859717902494448,1.763203499286033,0.4076530051022049,0.22355971495806926,0.3687872799397258,H,2026-07-24T22:40:32.208285+00:00
560765,PL,39,2025,23,2027-01-30 12:00:00+00:00,322,354,64.0,52.0,1.687952699066723,1.723920302076853,0.3768719092213387,0.23130446452230088,0.39182362625636036,A,2026-07-24T22:40:32.229737+00:00
560766,PL,39,2025,23,2027-01-30 12:00:00+00:00,1076,341,1346.0,63.0,1.8978337319640581,1.6323941937586768,0.4415042288836115,0.22512968533898783,0.3333660857774005,H,2026-07-24T22:40:32.251207+00:00
560767,PL,39,2025,23,2027-01-30 12:00:00+00:00,1044,63,35.0,36.0,1.771537850371387,1.7022729058510884,0.3998093690961798,0.2289033933363507,0.3712872375674695,H,2026-07-24T22:40:32.272688+00:00
560768,PL,39,2025,23,2027-01-30 12:00:00+00:00,61,351,49.0,65.0,1.758036760754715,1.7277323615330535,0.39194244199211226,0.22857328574011582,0.379484272267772,H,2026-07-24T22:40:32.294147+00:00
560769,PL,39,2025,23,2027-01-30 12:00:00+00:00,64,62,40.0,45.0,1.987099618435619,1.580480625201087,0.47141033685239164,0.22138283931519065,0.30720682383241776,H,2026-07-24T22:40:32.316177+00:00
560770,PL,39,2025,23,2027-01-30 12:00:00+00:00,65,57,50.0,42.0,1.7011673859928718,1.8519909845333906,0.35653434974886217,0.225594343940766,0.41787130631037167,A,2026-07-24T22:40:32.337315+00:00
560771,PL,39,2025,23,2027-01-30 12:00:00+00:00,58,349,66.0,57.0,2.027113754580873,1.5209939381108553,0.49233115741812095,0.21966735284247763,0.28800148973940143,H,2026-07-24T22:40:32.358350+00:00
560772,PL,39,2025,24,2027-02-06 12:00:00+00:00,57,64,42.0,40.0,1.7325664219464665,1.8971768677769827,0.35547092530989155,0.2228770042429941,0.4216520704471143,A,2026-07-24T22:40:32.379635+00:00
560773,PL,39,2025,24,2027-02-06 12:00:00+00:00,397,322,51.0,64.0,1.7592954583876919,1.785987482172608,0.3813360751909199,0.2264517403679406,0.39221218444113937,A,2026-07-24T22:40:32.400884+00:00
560774,PL,39,2025,24,2027-02-06 12:00:00+00:00,71,58,746.0,66.0,1.6626093471486787,1.7802436939692199,0.3607775659026448,0.22979448240553146,0.4094279516918235,A,2026-07-24T22:40:32.422221+00:00
560775,PL,39,2025,24,2027-02-06 12:00:00+00:00,354,1076,52.0,1346.0,1.6773501254560217,1.7431332570996787,0.3708990781915972,0.23089441303166314,0.39820650877673974,A,2026-07-24T22:40:32.443747+00:00
560776,PL,39,2025,24,2027-02-06 12:00:00+00:00,349,73,57.0,47.0,1.5246958607106034,2.040037421526496,0.2868147172283999,0.218890584218745,0.4942946985528551,A,2026-07-24T22:40:32.466233+00:00
560777,PL,39,2025,24,2027-02-06 12:00:00+00:00,62,67,45.0,34.0,1.5767561241493004,1.8442035257313687,0.33012343785546766,0.22900615648511521,0.440870405659417,A,2026-07-24T22:40:32.488403+00:00
560778,PL,39,2025,24,2027-02-06 12:00:00+00:00,63,65,36.0,50.0,1.5987451332862985,1.9420190787737774,0.31854088828059074,0.22351812211641625,0.45794098960299306,A,2026-07-24T22:40:32.509854+00:00
560779,PL,39,2025,24,2027-02-06 12:00:00+00:00,341,1044,63.0,35.0,1.5181260434834591,2.0109928160398205,0.28987230153630644,0.22062972136819783,0.48949797709549575,A,2026-07-24T22:40:32.531279+00:00
560780,PL,39,2025,24,2027-02-06 12:00:00+00:00,66,61,33.0,49.0,1.5397221944155872,1.8941006090803296,0.3133876755636206,0.2270455611917184,0.45956676324466084,A,2026-07-24T22:40:32.554146+00:00
560781,PL,39,2025,24,2027-02-06 12:00:00+00:00,351,402,65.0,55.0,1.7679444616255777,1.7859155063534307,0.3832627031453202,0.226161224690043,0.3905760721646368,A,2026-07-24T22:40:32.576217+00:00
560782,PL,39,2025,25,2027-02-10 12:00:00+00:00,62,341,45.0,63.0,1.8580006220771916,1.6182555143742585,0.4355612931812989,0.22738128488783846,0.3370574219308626,H,2026-07-24T22:40:32.598669+00:00
560783,PL,39,2025,25,2027-02-10 12:00:00+00:00,1076,64,1346.0,40.0,1.5340611690004193,2.0525095282958796,0.2869199507122848,0.2181160882222951,0.49496396106542007,A,2026-07-24T22:40:32.620174+00:00
560784,PL,39,2025,25,2027-02-10 12:00:00+00:00,322,71,64.0,746.0,1.6829271165296869,1.732026123055768,0.37422163602044833,0.23115662838175152,0.3946217355978001,A,2026-07-24T22:40:32.642818+00:00
560785,PL,39,2025,25,2027-02-10 12:00:00+00:00,58,1044,66.0,35.0,1.6869574462890662,1.8043681771579758,0.36188551032557115,0.22802325553153152,0.4100912341428974,A,2026-07-24T22:40:32.664080+00:00
560786,PL,39,2025,25,2027-02-10 12:00:00+00:00,354,402,52.0,55.0,1.6925359554557964,1.830790450770014,0.3583903843759314,0.2267367864678459,0.41487282915622287,A,2026-07-24T22:40:32.685441+00:00
560787,PL,39,2025,25,2027-02-10 12:00:00+00:00,67,61,34.0,49.0,1.7444503310078003,1.8150806260646855,0.3727226658358831,0.22584028619170465,0.4014370479724125,A,2026-07-24T22:40:32.706731+00:00
560788,PL,39,2025,25,2027-02-10 12:00:00+00:00,63,351,36.0,65.0,1.644744183386637,1.831490301957747,0.34760719744109364,0.22799606177354226,0.4243967407853641,A,2026-07-24T22:40:32.728027+00:00
560789,PL,39,2025,25,2027-02-10 12:00:00+00:00,73,65,47.0,50.0,1.630735485325559,2.016914676442747,0.31328610598568146,0.21920892345508736,0.4675049705592311,A,2026-07-24T22:40:32.749801+00:00
560790,PL,39,2025,25,2027-02-10 12:00:00+00:00,66,397,33.0,51.0,1.6461291788491372,1.85689335025162,0.3434654899888043,0.22677864479244428,0.4297558652187513,A,2026-07-24T22:40:32.771424+00:00
560791,PL,39,2025,25,2027-02-10 12:00:00+00:00,349,57,57.0,42.0,1.329249117206099,2.2253901412609567,0.21980582363643508,0.205659056676012,0.5745351196875529,A,2026-07-24T22:40:32.792262+00:00
560792,PL,39,2025,26,2027-02-20 12:00:00+00:00,65,67,50.0,34.0,1.808183902986196,1.8165999689766268,0.38643840201006596,0.22373396644117513,0.38982763154875905,A,2026-07-24T22:40:32.813674+00:00
560793,PL,39,2025,26,2027-02-20 12:00:00+00:00,1044,354,35.0,52.0,1.7677226112003372,1.7108887908489616,0.39730835662943387,0.2287709251014727,0.3739207182690935,H,2026-07-24T22:40:32.834934+00:00
560794,PL,39,2025,26,2027-02-20 12:00:00+00:00,402,1076,55.0,1346.0,1.7748156876169288,1.7801007083905984,0.3858587540172419,0.22613205298189673,0.38800919300086134,A,2026-07-24T22:40:32.856233+00:00
560795,PL,39,2025,26,2027-02-20 12:00:00+00:00,61,349,49.0,57.0,2.128677692383289,1.4841499286603872,0.5213746805835924,0.21362546506037416,0.2649998543560335,H,2026-07-24T22:40:32.878141+00:00
560796,PL,39,2025,26,2027-02-20 12:00:00+00:00,64,322,40.0,64.0,2.0176982936935346,1.6561875004757225,0.4625327455405408,0.21884134295765154,0.3186259115018077,H,2026-07-24T22:40:32.899809+00:00
560797,PL,39,2025,26,2027-02-20 12:00:00+00:00,57,63,42.0,36.0,1.9252284274301754,1.6298944395746509,0.44798564927448853,0.22383325591215256,0.3281810948133589,H,2026-07-24T22:40:32.921227+00:00
560798,PL,39,2025,26,2027-02-20 12:00:00+00:00,351,66,65.0,33.0,1.8082470626596137,1.6528083102789686,0.41762285975770935,0.22884025725912768,0.3535368829831631,H,2026-07-24T22:40:32.942856+00:00
560799,PL,39,2025,26,2027-02-20 12:00:00+00:00,397,73,51.0,47.0,1.8444039145701572,1.8318750648399045,0.3914921821467123,0.22202310464640432,0.3864847132068834,H,2026-07-24T22:40:32.963935+00:00
560800,PL,39,2025,26,2027-02-20 12:00:00+00:00,71,62,746.0,45.0,1.6590660594356073,1.7022924440808866,0.3743317494192713,0.23322910302281527,0.3924391475579134,A,2026-07-24T22:40:32.984820+00:00
560801,PL,39,2025,26,2027-02-20 12:00:00+00:00,341,58,63.0,66.0,1.5545822929143427,2.008478755736638,0.29818015605285353,0.22047888702579757,0.4813409569213488,A,2026-07-24T22:40:33.006400+00:00
560802,PL,39,2025,27,2027-02-27 12:00:00+00:00,354,71,52.0,746.0,1.6857340183498923,1.75428957868738,0.37073681215333365,0.23015234037879462,0.3991108474678717,A,2026-07-24T22:40:33.028084+00:00
560803,PL,39,2025,27,2027-02-27 12:00:00+00:00,66,57,33.0,42.0,1.4753253149828283,2.0031586293962516,0.2817580646056579,0.22136273618231536,0.4968791992120268,A,2026-07-24T22:40:33.049836+00:00
560804,PL,39,2025,27,2027-02-27 12:00:00+00:00,349,397,57.0,51.0,1.4928987346066571,2.1060550691335185,0.27013123078417156,0.21502554495580953,0.514843224260019,A,2026-07-24T22:40:33.071144+00:00
560805,PL,39,2025,27,2027-02-27 12:00:00+00:00,1076,1044,1346.0,35.0,1.6388449006164802,1.8233835707342778,0.3477148795458324,0.2285266268690235,0.42375849358514417,A,2026-07-24T22:40:33.092947+00:00
560806,PL,39,2025,27,2027-02-27 12:00:00+00:00,62,351,45.0,65.0,1.5996667436179404,1.7968880032626944,0.3435537030056763,0.23082797256447582,0.4256183244298479,A,2026-07-24T22:40:33.114660+00:00
560807,PL,39,2025,27,2027-02-27 12:00:00+00:00,63,341,36.0,63.0,1.9239776255116998,1.6839453755218827,0.43694563806851255,0.22282272362954852,0.3402316383019389,H,2026-07-24T22:40:33.135766+00:00
560808,PL,39,2025,27,2027-02-27 12:00:00+00:00,58,61,66.0,49.0,1.6585955677385162,1.876569201824825,0.3428137108509555,0.22556607962636394,0.4316202095226807,A,2026-07-24T22:40:33.157226+00:00
560809,PL,39,2025,27,2027-02-27 12:00:00+00:00,73,64,47.0,40.0,1.5812986952202621,2.179360486630365,0.2779264727915036,0.21078343558816698,0.5112900916203293,A,2026-07-24T22:40:33.179489+00:00
560810,PL,39,2025,27,2027-02-27 12:00:00+00:00,67,402,34.0,55.0,1.8513508343183407,1.8022306403582746,0.3984914260852809,0.22271318946647323,0.378795384448246,H,2026-07-24T22:40:33.233424+00:00
560811,PL,39,2025,27,2027-02-27 12:00:00+00:00,322,65,64.0,50.0,1.596348965915852,1.941314994287156,0.31813068609816236,0.22359281408353238,0.4582764998183053,A,2026-07-24T22:40:33.261035+00:00
560812,PL,39,2025,28,2027-03-03 12:00:00+00:00,351,67,65.0,34.0,1.6963609661277106,1.865693611255958,0.35305512396941996,0.22513038202126529,0.4218144940093148,A,2026-07-24T22:40:33.290771+00:00
560813,PL,39,2025,28,2027-03-03 12:00:00+00:00,1044,73,35.0,47.0,1.8403846338211798,1.770293624003909,0.4020973381272807,0.2240857193028565,0.37381694256986275,H,2026-07-24T22:40:33.321179+00:00
560814,PL,39,2025,28,2027-03-03 12:00:00+00:00,65,62,50.0,45.0,1.8618046035265357,1.6502581098092806,0.4300216263971477,0.22644975136225556,0.34352862224059677,H,2026-07-24T22:40:33.368457+00:00
560815,PL,39,2025,28,2027-03-03 12:00:00+00:00,57,354,42.0,52.0,1.9171288397648156,1.6281611503620144,0.44657065426536496,0.2242664094099931,0.3291629363246419,H,2026-07-24T22:40:33.397396+00:00
560816,PL,39,2025,28,2027-03-03 12:00:00+00:00,341,322,63.0,64.0,1.5672930339418105,1.9833062344230152,0.3049421580768144,0.22174337188653964,0.47331447003664595,A,2026-07-24T22:40:33.426140+00:00
560817,PL,39,2025,28,2027-03-03 12:00:00+00:00,71,66,746.0,33.0,1.7292155444185402,1.6939920522075547,0.39186965875173657,0.23087799655205826,0.3772523446962052,H,2026-07-24T22:40:33.452991+00:00
560818,PL,39,2025,28,2027-03-03 12:00:00+00:00,64,58,40.0,66.0,2.010299798005483,1.6998104876678988,0.4522672092302783,0.21855456853934635,0.32917822223037535,H,2026-07-24T22:40:33.478807+00:00
560819,PL,39,2025,28,2027-03-03 12:00:00+00:00,397,63,51.0,36.0,1.7911320598606673,1.8084054756581969,0.3842171792065993,0.2245835763880725,0.3911992444053283,A,2026-07-24T22:40:33.504108+00:00
560820,PL,39,2025,28,2027-03-03 12:00:00+00:00,402,349,55.0,57.0,2.084946852699666,1.5753426184408348,0.4931586869135007,0.21606474038864196,0.2907765726978572,H,2026-07-24T22:40:33.529741+00:00
560821,PL,39,2025,28,2027-03-03 12:00:00+00:00,61,1076,49.0,1346.0,1.8200894230914544,1.699385164296738,0.41117694435041846,0.22699472090503287,0.36182833474454856,H,2026-07-24T22:40:33.555341+00:00
560822,PL,39,2025,29,2027-03-13 12:00:00+00:00,341,397,63.0,51.0,1.6003124091253058,2.0682106315672257,0.2986634818834938,0.21682130307594008,0.48451521504056616,A,2026-07-24T22:40:33.581485+00:00
560823,PL,39,2025,29,2027-03-13 12:00:00+00:00,73,351,47.0,65.0,1.6869853780917876,1.9337762153180456,0.33922466672995427,0.22231202324189345,0.4384633100281522,A,2026-07-24T22:40:33.606257+00:00
560824,PL,39,2025,29,2027-03-13 12:00:00+00:00,354,63,52.0,36.0,1.710455850675841,1.7868777846088904,0.3703106105976558,0.22802143432514324,0.401667955077201,A,2026-07-24T22:40:33.632497+00:00
560825,PL,39,2025,29,2027-03-13 12:00:00+00:00,64,349,40.0,57.0,2.3773326863101705,1.4659592755196436,0.5741351653863374,0.19795737670932664,0.22790745790433622,H,2026-07-24T22:40:33.657807+00:00
560826,PL,39,2025,29,2027-03-13 12:00:00+00:00,1076,65,1346.0,50.0,1.5975764534993606,1.9564966675107625,0.3159031777472422,0.22278107676984202,0.4613157454829159,A,2026-07-24T22:40:33.685594+00:00
560827,PL,39,2025,29,2027-03-13 12:00:00+00:00,1044,67,35.0,34.0,1.6986176373183492,1.876288680222603,0.3516931190615334,0.22461279838571277,0.4236940825527539,A,2026-07-24T22:40:33.711906+00:00
560828,PL,39,2025,29,2027-03-13 12:00:00+00:00,61,57,49.0,42.0,1.6586243643929683,1.903188889303279,0.33823608808654,0.22432269005121402,0.43744122186224593,A,2026-07-24T22:40:33.739403+00:00
560829,PL,39,2025,29,2027-03-13 12:00:00+00:00,58,322,66.0,64.0,1.7439124503283743,1.7861434536827965,0.3778965585663465,0.22696074345535774,0.3951426979782957,A,2026-07-24T22:40:33.766005+00:00
560830,PL,39,2025,29,2027-03-13 12:00:00+00:00,66,62,33.0,45.0,1.6080936226330513,1.7649733490770805,0.35116399691836114,0.23212670741571786,0.41670929566592085,A,2026-07-24T22:40:33.791974+00:00
560831,PL,39,2025,29,2027-03-13 12:00:00+00:00,71,402,746.0,55.0,1.6990540642269063,1.8576307609658629,0.3550701463596816,0.22540878902190298,0.41952106461841543,A,2026-07-24T22:40:33.820383+00:00
560832,PL,39,2025,30,2027-03-20 12:00:00+00:00,402,1044,55.0,35.0,1.7369882359990128,1.8760556155700296,0.3601507421412071,0.223634570359815,0.41621468749897794,A,2026-07-24T22:40:33.844816+00:00
560833,PL,39,2025,30,2027-03-20 12:00:00+00:00,397,1076,51.0,1346.0,1.7752506449151049,1.8211870364947278,0.37839114572189697,0.22464246319691825,0.39696639108118464,A,2026-07-24T22:40:33.869508+00:00
560834,PL,39,2025,30,2027-03-20 12:00:00+00:00,65,66,50.0,33.0,1.9431742987854974,1.6482477305465026,0.44819218728747784,0.22261718028605626,0.3291906324264658,H,2026-07-24T22:40:33.895478+00:00
560835,PL,39,2025,30,2027-03-20 12:00:00+00:00,349,354,57.0,52.0,1.4807472123742462,2.0365380239337356,0.27786030493226055,0.21929159035287488,0.5028481047148646,A,2026-07-24T22:40:33.920504+00:00
560836,PL,39,2025,30,2027-03-20 12:00:00+00:00,57,71,42.0,746.0,1.9137594878243376,1.6418087333165696,0.44309830580814197,0.22416558019414062,0.3327361139977176,H,2026-07-24T22:40:33.944441+00:00
560837,PL,39,2025,30,2027-03-20 12:00:00+00:00,63,64,36.0,40.0,1.5582457648171548,2.1307861708903904,0.28026829979779594,0.2135401186521904,0.5061915815500135,A,2026-07-24T22:40:33.968634+00:00
560838,PL,39,2025,30,2027-03-20 12:00:00+00:00,322,61,64.0,49.0,1.6160156470101636,1.902544018529413,0.32894478348118866,0.22522573260255796,0.4458294839162534,A,2026-07-24T22:40:33.993620+00:00
560839,PL,39,2025,30,2027-03-20 12:00:00+00:00,351,58,65.0,66.0,1.757504158601511,1.7941634491268048,0.3794330222267082,0.22621101615874606,0.39435596161454567,A,2026-07-24T22:40:34.016831+00:00
560840,PL,39,2025,30,2027-03-20 12:00:00+00:00,62,73,45.0,47.0,1.7263576891980121,1.7963359925873317,0.3721276368196421,0.22713896240720463,0.40073340077315317,A,2026-07-24T22:40:34.040285+00:00
560841,PL,39,2025,30,2027-03-20 12:00:00+00:00,67,341,34.0,63.0,2.0907903121308737,1.6439088483780706,0.4803182190535529,0.21529361281154652,0.30438816813490066,H,2026-07-24T22:40:34.064650+00:00
560842,PL,39,2025,31,2027-04-10 12:00:00+00:00,71,349,746.0,57.0,1.9861603623971358,1.58542707420466,0.47019203708444673,0.2213738021881445,0.3084341607274088,H,2026-07-24T22:40:34.088621+00:00
560843,PL,39,2025,31,2027-04-10 12:00:00+00:00,341,351,63.0,65.0,1.536520046453775,2.092081665909737,0.28145341512492994,0.21581169588102547,0.5027348889940446,A,2026-07-24T22:40:34.112097+00:00
560844,PL,39,2025,31,2027-04-10 12:00:00+00:00,66,322,33.0,64.0,1.635053540711367,1.8577431083560687,0.34085060126405636,0.22700320524636397,0.43214619348957967,A,2026-07-24T22:40:34.135102+00:00
560845,PL,39,2025,31,2027-04-10 12:00:00+00:00,61,63,49.0,36.0,1.8572382174509872,1.7452011913271004,0.4105400524119125,0.22416790230081352,0.3652920452872739,H,2026-07-24T22:40:34.159158+00:00
560846,PL,39,2025,31,2027-04-10 12:00:00+00:00,64,67,40.0,34.0,1.9621823867844668,1.8280120373221094,0.41736527588732886,0.2179820524541962,0.364652671658475,H,2026-07-24T22:40:34.182946+00:00
560847,PL,39,2025,31,2027-04-10 12:00:00+00:00,1076,57,1346.0,42.0,1.5450908226869688,2.01048983376796,0.2958053267830886,0.220449144569677,0.48374552864723436,A,2026-07-24T22:40:34.205947+00:00
560848,PL,39,2025,31,2027-04-10 12:00:00+00:00,1044,65,35.0,50.0,1.678868412828607,1.9515756999916312,0.3344476148825933,0.22165030898073668,0.44390207613667004,A,2026-07-24T22:40:34.229545+00:00
560849,PL,39,2025,31,2027-04-10 12:00:00+00:00,354,62,52.0,45.0,1.6799979923496802,1.7618770583215957,0.36804773298018456,0.23002799086882855,0.40192427615098697,A,2026-07-24T22:40:34.252467+00:00
560850,PL,39,2025,31,2027-04-10 12:00:00+00:00,73,402,47.0,55.0,1.7594017340061379,1.9880322661125926,0.3456238596019016,0.21847239829284504,0.4359037421052534,A,2026-07-24T22:40:34.276008+00:00
560851,PL,39,2025,31,2027-04-10 12:00:00+00:00,58,397,66.0,51.0,1.7873563958593175,1.8830626472919803,0.36986924523032694,0.22198883392250485,0.40814192084716827,A,2026-07-24T22:40:34.298868+00:00
560852,PL,39,2025,32,2027-04-17 12:00:00+00:00,397,61,51.0,49.0,1.7022400031598086,1.9756212679802525,0.3354632989416187,0.2201074428901781,0.44442925816820306,A,2026-07-24T22:40:34.321813+00:00
560853,PL,39,2025,32,2027-04-17 12:00:00+00:00,63,71,36.0,746.0,1.7157654911170792,1.827425375841435,0.36414641663873454,0.22621385659310916,0.4096397267681564,A,2026-07-24T22:40:34.344389+00:00
560854,PL,39,2025,32,2027-04-17 12:00:00+00:00,402,341,55.0,63.0,2.0352701775585254,1.737899993224701,0.4500174772375257,0.21681401598392466,0.3331685067785496,H,2026-07-24T22:40:34.367410+00:00
560855,PL,39,2025,32,2027-04-17 12:00:00+00:00,351,64,65.0,40.0,1.6257686431060632,2.09669106079985,0.29964456490740043,0.21512482213041764,0.485230612962182,A,2026-07-24T22:40:34.390911+00:00
560856,PL,39,2025,32,2027-04-17 12:00:00+00:00,322,1076,64.0,1346.0,1.704664178207535,1.8151338443071279,0.36389381812280586,0.22704651034894768,0.4090596715282467,A,2026-07-24T22:40:34.415182+00:00
560857,PL,39,2025,32,2027-04-17 12:00:00+00:00,57,58,42.0,66.0,1.9113139768098804,1.7243322027101058,0.4263047724318983,0.22248077854921233,0.3512144490188893,H,2026-07-24T22:40:34.437321+00:00
560858,PL,39,2025,32,2027-04-17 12:00:00+00:00,349,66,57.0,33.0,1.5221022639255772,2.000254357800951,0.29240948840307934,0.22122642020599828,0.4863640913909224,A,2026-07-24T22:40:34.459526+00:00
560859,PL,39,2025,32,2027-04-17 12:00:00+00:00,65,354,50.0,52.0,1.9118839377869425,1.7364387115313284,0.42408387082585053,0.22216864079024914,0.35374748838390024,H,2026-07-24T22:40:34.481972+00:00
560860,PL,39,2025,32,2027-04-17 12:00:00+00:00,67,73,34.0,47.0,1.9382326680402613,1.813754432169292,0.41497817650589824,0.21922367246305088,0.3657981510310509,H,2026-07-24T22:40:34.504411+00:00
560861,PL,39,2025,32,2027-04-17 12:00:00+00:00,62,1044,45.0,35.0,1.6171066212460072,1.8501104475749828,0.3381661232707518,0.22779323329784945,0.43404064343139875,A,2026-07-24T22:40:34.527194+00:00
560862,PL,39,2025,33,2027-04-24 12:00:00+00:00,61,65,49.0,50.0,1.7398714203288357,1.9333692891137744,0.35076919839745857,0.22118757492584804,0.42804322667669326,A,2026-07-24T22:40:34.549890+00:00
560863,PL,39,2025,33,2027-04-24 12:00:00+00:00,1044,57,35.0,42.0,1.6189869481508352,1.9882662570009078,0.3153823221382874,0.22082882519387353,0.46378885266783926,A,2026-07-24T22:40:34.572144+00:00
560864,PL,39,2025,33,2027-04-24 12:00:00+00:00,73,322,47.0,64.0,1.7493190011614093,1.9255766801893763,0.35415966743927163,0.22129355070315576,0.42454678185757266,A,2026-07-24T22:40:34.594400+00:00
560865,PL,39,2025,33,2027-04-24 12:00:00+00:00,66,354,33.0,52.0,1.6501564918362241,1.8539106162209749,0.34488228549483646,0.22681960979794813,0.4282981047072154,A,2026-07-24T22:40:34.616504+00:00
560866,PL,39,2025,33,2027-04-24 12:00:00+00:00,62,397,45.0,51.0,1.695073671868015,1.8702579009282445,0.35196972565334467,0.2249645415293591,0.42306573281729615,A,2026-07-24T22:40:34.638695+00:00
560867,PL,39,2025,33,2027-04-24 12:00:00+00:00,351,71,65.0,746.0,1.7826325421528706,1.7753239531745222,0.3884736611588118,0.22602514766328913,0.38550119117789905,H,2026-07-24T22:40:34.661687+00:00
560868,PL,39,2025,33,2027-04-24 12:00:00+00:00,67,349,34.0,57.0,2.1774631541741947,1.5648436913698278,0.5143257019691675,0.21087885425434275,0.2747954437764897,H,2026-07-24T22:40:34.685162+00:00
560869,PL,39,2025,33,2027-04-24 12:00:00+00:00,58,1076,66.0,1346.0,1.7597242593316524,1.821346165922735,0.37495058383844404,0.22512559900372964,0.3999238171578264,A,2026-07-24T22:40:34.708348+00:00
560870,PL,39,2025,33,2027-04-24 12:00:00+00:00,402,63,55.0,36.0,1.8203313778440704,1.8563735402995143,0.3818078832927465,0.22198052877309563,0.3962115879341579,A,2026-07-24T22:40:34.731097+00:00
560871,PL,39,2025,33,2027-04-24 12:00:00+00:00,341,64,63.0,40.0,1.4487769476549315,2.399328031204763,0.22185229417997543,0.19625602759563857,0.5818916782243861,A,2026-07-24T22:40:34.753328+00:00
560872,PL,39,2025,34,2027-05-01 12:00:00+00:00,71,67,746.0,34.0,1.6383628514235862,1.9694923763064411,0.3226620711018723,0.22149170019081393,0.45584622870731384,A,2026-07-24T22:40:34.775485+00:00
560873,PL,39,2025,34,2027-05-01 12:00:00+00:00,397,351,51.0,65.0,1.7409723327142603,1.937571872925781,0.3502827286829506,0.22098582918224666,0.42873144213480296,A,2026-07-24T22:40:34.798241+00:00
560874,PL,39,2025,34,2027-05-01 12:00:00+00:00,1076,66,1346.0,33.0,1.7541567947450933,1.7584550125477036,0.3853053313929369,0.22762936423539015,0.38706530437167286,A,2026-07-24T22:40:34.821086+00:00
560875,PL,39,2025,34,2027-05-01 12:00:00+00:00,322,1044,64.0,35.0,1.6635978098179556,1.8966754608708742,0.34044794811619544,0.22451907760583234,0.43503297427797216,A,2026-07-24T22:40:34.843206+00:00
560876,PL,39,2025,34,2027-05-01 12:00:00+00:00,65,402,50.0,55.0,1.9217726518030513,1.8431161297350638,0.4059904037763235,0.21904694772176317,0.37496264850191335,H,2026-07-24T22:40:34.865343+00:00
560877,PL,39,2025,34,2027-05-01 12:00:00+00:00,63,62,36.0,45.0,1.700143590693286,1.8041305189621222,0.3648730443081126,0.22763782150052037,0.407489134191367,A,2026-07-24T22:40:34.887459+00:00
560878,PL,39,2025,34,2027-05-01 12:00:00+00:00,64,61,40.0,49.0,1.9520302762391517,1.8316630639360252,0.41453700938798643,0.21826550131413933,0.3671974892978742,H,2026-07-24T22:40:34.911253+00:00
560879,PL,39,2025,34,2027-05-01 12:00:00+00:00,57,73,42.0,47.0,2.0159129197209986,1.734785998466259,0.44656783397724836,0.21772361288482078,0.3357085531379308,H,2026-07-24T22:40:34.933232+00:00
560880,PL,39,2025,34,2027-05-01 12:00:00+00:00,354,58,52.0,66.0,1.6956996726171796,1.8825875499131555,0.34995045928405877,0.22440959400157026,0.4256399467143711,A,2026-07-24T22:40:34.955723+00:00
560881,PL,39,2025,34,2027-05-01 12:00:00+00:00,349,341,57.0,63.0,1.6820151354799748,1.9798614509818866,0.3303958263439188,0.2202696939841001,0.4493344796719809,A,2026-07-24T22:40:34.978689+00:00
560882,PL,39,2025,35,2027-05-08 12:00:00+00:00,65,64,50.0,40.0,1.7442079305803837,2.081893561348764,0.3268922771206929,0.2146391370348654,0.45846858584444167,A,2026-07-24T22:40:35.000244+00:00
560883,PL,39,2025,35,2027-05-08 12:00:00+00:00,341,57,63.0,42.0,1.4458495885681935,2.2857895195884486,0.23560205095003117,0.20342858710731485,0.5609693619426541,A,2026-07-24T22:40:35.023090+00:00
560884,PL,39,2025,35,2027-05-08 12:00:00+00:00,63,349,36.0,57.0,2.018055962678271,1.6375144016383685,0.4663739748361374,0.21906653578819996,0.31455948937566275,H,2026-07-24T22:40:35.045216+00:00
560885,PL,39,2025,35,2027-05-08 12:00:00+00:00,351,354,65.0,52.0,1.7971584350049274,1.7942590000951284,0.3881523060080585,0.22486878385134684,0.38697891014059455,H,2026-07-24T22:40:35.067103+00:00
560886,PL,39,2025,35,2027-05-08 12:00:00+00:00,402,58,55.0,66.0,1.7916876010104847,1.9143585054439578,0.3652600958939119,0.2206882872712488,0.41405161683483926,A,2026-07-24T22:40:35.089754+00:00
560887,PL,39,2025,35,2027-05-08 12:00:00+00:00,67,1076,34.0,1346.0,1.8627886314368325,1.7954627625065747,0.40223521322556216,0.2225052482624969,0.37525953851194105,H,2026-07-24T22:40:35.111521+00:00
560888,PL,39,2025,35,2027-05-08 12:00:00+00:00,397,71,51.0,746.0,1.7944159356048581,1.8645746752967496,0.37471082899196895,0.2224710272578748,0.40281814375015634,A,2026-07-24T22:40:35.132527+00:00
560889,PL,39,2025,35,2027-05-08 12:00:00+00:00,73,61,47.0,49.0,1.6732954447524466,2.0583543010944108,0.3157283364401699,0.21662800476087304,0.4676436587989571,A,2026-07-24T22:40:35.154532+00:00
560890,PL,39,2025,35,2027-05-08 12:00:00+00:00,62,322,45.0,64.0,1.6682159176061941,1.8202271935051548,0.3548534441294117,0.22787481311143093,0.4172717427591573,A,2026-07-24T22:40:35.175818+00:00
560891,PL,39,2025,35,2027-05-08 12:00:00+00:00,1044,66,35.0,33.0,1.8357287241587716,1.7316540824059818,0.40841954033711797,0.22541416891291094,0.36616629074997104,H,2026-07-24T22:40:35.197547+00:00
560896,PL,39,2025,36,2027-05-15 12:00:00+00:00,322,63,64.0,36.0,1.7358322372277646,1.85277080323975,0.3640337934444822,0.224610048192522,0.4113561583629957,A,2026-07-24T22:40:35.220451+00:00
560897,PL,39,2025,36,2027-05-15 12:00:00+00:00,66,341,33.0,63.0,1.8671427186105427,1.7794124275400276,0.4061978567789098,0.22281209278532604,0.3709900504357643,H,2026-07-24T22:40:35.243751+00:00
560898,PL,39,2025,36,2027-05-15 12:00:00+00:00,354,397,52.0,51.0,1.7432083184338596,1.9301782869467146,0.35204162237174363,0.2212450419036441,0.4267133357246123,A,2026-07-24T22:40:35.267182+00:00
560899,PL,39,2025,36,2027-05-15 12:00:00+00:00,58,67,66.0,34.0,1.7009823103961876,1.9888665275712905,0.3329801870715631,0.21952423348308203,0.44749557944535484,A,2026-07-24T22:40:35.289311+00:00
560900,PL,39,2025,36,2027-05-15 12:00:00+00:00,61,62,49.0,45.0,1.8267147851036134,1.7281822481502727,0.40710073907043604,0.2258774517556588,0.36702180917390526,H,2026-07-24T22:40:35.311006+00:00
560901,PL,39,2025,36,2027-05-15 12:00:00+00:00,1076,73,1346.0,47.0,1.7876929601535396,1.888020587681925,0.36905922588176343,0.22179309130719746,0.4091476828110392,A,2026-07-24T22:40:35.333855+00:00
560892,PL,39,2025,36,2027-05-15 12:00:00+00:00,71,1044,746.0,35.0,1.6611820269720525,1.9090798902306347,0.3377910877276047,0.22399174252281295,0.43821716974958225,A,2026-07-24T22:40:35.355500+00:00
560893,PL,39,2025,36,2027-05-15 12:00:00+00:00,64,402,40.0,55.0,2.0707275665805103,1.815353903633143,0.44238500734675024,0.21403876405941286,0.3435762285938369,H,2026-07-24T22:40:35.377498+00:00
560894,PL,39,2025,36,2027-05-15 12:00:00+00:00,349,65,57.0,50.0,1.4087223318156845,2.3343897695860214,0.2220421940621207,0.19967545143550144,0.5782823545023779,A,2026-07-24T22:40:35.399385+00:00
560895,PL,39,2025,36,2027-05-15 12:00:00+00:00,57,351,42.0,65.0,1.8808448531214874,1.7728826971846197,0.41040070416048957,0.2224744660565273,0.3671248297829832,H,2026-07-24T22:40:35.421797+00:00
560902,PL,39,2025,37,2027-05-23 12:00:00+00:00,402,322,55.0,64.0,1.8078813567744891,1.8950360643265218,0.3721685147631551,0.22097335792046177,0.4068581273163831,A,2026-07-24T22:40:35.443341+00:00
560903,PL,39,2025,37,2027-05-23 12:00:00+00:00,67,354,34.0,52.0,1.8796629085965788,1.8040117586146613,0.4042775472859225,0.2216424603066576,0.3740799924074199,H,2026-07-24T22:40:35.464833+00:00
560904,PL,39,2025,37,2027-05-23 12:00:00+00:00,73,66,47.0,33.0,1.810244416946224,1.872431991952399,0.3767250808089098,0.22172135330301945,0.4015535658880708,A,2026-07-24T22:40:35.486447+00:00
560905,PL,39,2025,37,2027-05-23 12:00:00+00:00,341,71,63.0,746.0,1.5952092140037153,2.05812797994086,0.29914455713369215,0.2174035603833241,0.4834518824829839,A,2026-07-24T22:40:35.508307+00:00
560906,PL,39,2025,37,2027-05-23 12:00:00+00:00,397,64,51.0,40.0,1.6438709718506528,2.2325660436441406,0.2830140863913512,0.20790986894637303,0.5090760446622757,A,2026-07-24T22:40:35.530614+00:00
560907,PL,39,2025,37,2027-05-23 12:00:00+00:00,351,349,65.0,57.0,2.1004973582444104,1.598757135289197,0.49155361571438533,0.21508810303397635,0.29335828125163843,H,2026-07-24T22:40:35.552754+00:00
560908,PL,39,2025,37,2027-05-23 12:00:00+00:00,1044,61,35.0,49.0,1.7072602561046364,1.938579582599532,0.3428129269184247,0.22167507478649448,0.4355119982950808,A,2026-07-24T22:40:35.574223+00:00
560909,PL,39,2025,37,2027-05-23 12:00:00+00:00,63,1076,36.0,1346.0,1.7272853116273013,1.8803306327971991,0.3572738964286847,0.22371238290124504,0.41901372067007037,A,2026-07-24T22:40:35.595713+00:00
560910,PL,39,2025,37,2027-05-23 12:00:00+00:00,62,57,45.0,42.0,1.522766628836767,2.03252799029109,0.2875513276726225,0.21934014982267944,0.49310852250469805,A,2026-07-24T22:40:35.617234+00:00
560911,PL,39,2025,37,2027-05-23 12:00:00+00:00,65,58,50.0,66.0,1.9025635925337652,1.8290847087880109,0.40450809644783065,0.22011010521571794,0.3753817983364516,H,2026-07-24T22:40:35.638744+00:00
560912,PL,39,2025,38,2027-05-30 12:00:00+00:00,349,62,57.0,45.0,1.4767649267640781,2.0778955814355533,0.2708345642957141,0.2167519730179519,0.5124134626863339,A,2026-07-24T22:40:35.660495+00:00
560913,PL,39,2025,38,2027-05-30 12:00:00+00:00,57,397,42.0,51.0,1.9767923911838652,1.799482741464109,0.4258421890534164,0.21808639475523384,0.3560714161913498,H,2026-07-24T22:40:35.682066+00:00
560914,PL,39,2025,38,2027-05-30 12:00:00+00:00,64,1044,40.0,35.0,2.0044367924524904,1.811537089021619,0.4293565915128366,0.21674469355945897,0.3538987149277044,H,2026-07-24T22:40:35.703687+00:00
560915,PL,39,2025,38,2027-05-30 12:00:00+00:00,1076,351,1346.0,65.0,1.6686261179248154,1.9307610722850579,0.3357327489897335,0.2228221626797146,0.44144508833055185,A,2026-07-24T22:40:35.725316+00:00
560916,PL,39,2025,38,2027-05-30 12:00:00+00:00,58,73,66.0,47.0,1.8524367280663154,1.905328536575199,0.3798802609238075,0.21935128509732793,0.4007684539788645,A,2026-07-24T22:40:35.747912+00:00
560917,PL,39,2025,38,2027-05-30 12:00:00+00:00,322,67,64.0,34.0,1.655247959943837,2.0090203394441932,0.31983395265083026,0.21928243371493122,0.4608836136342386,A,2026-07-24T22:40:35.770337+00:00
560918,PL,39,2025,38,2027-05-30 12:00:00+00:00,66,63,33.0,36.0,1.6731216669918014,1.9101433248883537,0.34022942795369554,0.22368794067778403,0.43608263136852043,A,2026-07-24T22:40:35.791905+00:00
560919,PL,39,2025,38,2027-05-30 12:00:00+00:00,71,65,746.0,50.0,1.619665611870547,2.0498752132996287,0.3056611642638464,0.21762754128180406,0.4767112944543497,A,2026-07-24T22:40:35.814846+00:00
560920,PL,39,2025,38,2027-05-30 12:00:00+00:00,61,402,49.0,55.0,1.8685584796929267,1.8790265553003858,0.38806170035822696,0.21973603611617534,0.39220226352559756,A,2026-07-24T22:40:35.836526+00:00
560921,PL,39,2025,38,2027-05-30 12:00:00+00:00,354,341,52.0,63.0,1.9457747460871562,1.7622133651797147,0.42638956401570394,0.2201652895812738,0.35344514640302227,H,2026-07-24T22:40:35.858304+00:00
564634,PD,140,2025,1,2026-08-15 17:30:00+00:00,263,82,542.0,546.0,1.50473386988377,1.4965077949326415,0.37736221210966975,0.24892275888673612,0.3737150290035941,H,2026-07-24T22:40:35.881521+00:00
564633,PD,140,2025,1,2026-08-15 19:30:00+00:00,559,87,536.0,728.0,1.531911027157408,1.5518052994118623,0.373135500935934,0.2450253338690903,0.38183916519497557,A,2026-07-24T22:40:35.902924+00:00
564629,PD,140,2025,1,2026-08-16 15:00:00+00:00,5335,94,4665.0,533.0,1.573455201959598,1.687622472420868,0.35726662342610094,0.23691879306772962,0.40581458350616945,A,2026-07-24T22:40:35.924166+00:00
564632,PD,140,2025,1,2026-08-16 17:00:00+00:00,80,88,540.0,539.0,1.54350833212098,1.5664368901806456,0.3730925165831953,0.24382582318668602,0.3830816602301185,A,2026-07-24T22:40:35.946193+00:00
564636,PD,140,2025,1,2026-08-16 19:30:00+00:00,558,79,538.0,727.0,1.6785647572051183,1.5654582065451734,0.40529669822103737,0.23763148264336087,0.3570718191356019,H,2026-07-24T22:40:35.966819+00:00
564635,PD,140,2025,1,2026-08-17 19:00:00+00:00,560,285,544.0,797.0,1.794173317491011,1.3754127503182951,0.47188012259666534,0.2357678137312263,0.29235206367210836,H,2026-07-24T22:40:35.987468+00:00
564628,PD,140,2025,1,2026-08-19 19:00:00+00:00,78,84,530.0,535.0,1.8382227030621539,1.414365864803852,0.473529030290644,0.23230461658420756,0.2941663531251484,H,2026-07-24T22:40:36.008396+00:00
564638,PD,140,2025,2,2026-08-20 19:00:00+00:00,87,263,728.0,542.0,1.5885712702374983,1.4729370456836826,0.40255846311933724,0.24562762331859492,0.35181391356206804,H,2026-07-24T22:40:36.028902+00:00
564647,PD,140,2025,2,2026-08-21 19:00:00+00:00,90,92,543.0,548.0,1.680444631115268,1.4708353650918642,0.42497697476666374,0.24061778827473576,0.33440523695860047,H,2026-07-24T22:40:36.049733+00:00
564641,PD,140,2025,2,2026-08-22 15:00:00+00:00,77,559,531.0,536.0,1.7930553783501884,1.3779751923799612,0.47106414910101885,0.23580249601385275,0.2931333548851285,H,2026-07-24T22:40:36.070725+00:00
564643,PD,140,2025,2,2026-08-22 17:30:00+00:00,95,558,532.0,538.0,1.5908575834234608,1.6329440591619653,0.3715896173536501,0.23881244071618013,0.38959794193016967,A,2026-07-24T22:40:36.091221+00:00
564645,PD,140,2025,2,2026-08-22 19:30:00+00:00,80,86,540.0,541.0,1.4119496689311393,1.8209263522587718,0.2964382752397755,0.23345105812255063,0.47011066663767404,A,2026-07-24T22:40:36.112233+00:00
564646,PD,140,2025,2,2026-08-23 15:00:00+00:00,78,94,530.0,533.0,1.796596143376201,1.5494821607168177,0.435704850570537,0.2321245902502419,0.33217055917922117,H,2026-07-24T22:40:36.132800+00:00
564644,PD,140,2025,2,2026-08-23 17:30:00+00:00,82,5335,546.0,4665.0,1.5492865996813414,1.5003826367915458,0.3874854808562591,0.24654005985726007,0.3659744592864807,H,2026-07-24T22:40:36.153327+00:00
564642,PD,140,2025,2,2026-08-23 19:30:00+00:00,285,81,797.0,529.0,1.2591537684714118,2.150275422865192,0.21491593103254555,0.2099035408051458,0.5751805281623087,A,2026-07-24T22:40:36.174205+00:00
564639,PD,140,2025,2,2026-08-24 17:30:00+00:00,79,88,727.0,539.0,1.5975263313466082,1.5682992414391295,0.38564468924299405,0.241331312222318,0.373023998534688,H,2026-07-24T22:40:36.194895+00:00
564640,PD,140,2025,2,2026-08-24 19:30:00+00:00,84,560,535.0,544.0,1.6144829676725243,1.5522860776816663,0.392827247416489,0.24119597236905724,0.36597678021445373,H,2026-07-24T22:40:36.215957+00:00
564637,PD,140,2025,1,2026-08-25 19:00:00+00:00,95,90,532.0,543.0,1.5479195596152158,1.6442605800256893,0.35932781353995186,0.23992827852538967,0.4007439079346583,A,2026-07-24T22:40:36.237008+00:00
564631,PD,140,2025,1,2026-08-26 19:00:00+00:00,86,92,541.0,548.0,1.899950523195318,1.3863493361876826,0.4934980844078458,0.22855483563593648,0.27794707995621776,H,2026-07-24T22:40:36.257812+00:00
564630,PD,140,2025,1,2026-08-27 19:00:00+00:00,81,77,529.0,531.0,1.90878548763419,1.5255271566743238,0.4657586398677781,0.22644343411136042,0.3077979260208615,H,2026-07-24T22:40:36.279333+00:00
564654,PD,140,2025,3,2026-08-28 17:00:00+00:00,5335,285,4665.0,797.0,1.7940548735607385,1.381296817348557,0.47057270516514693,0.2356835997786314,0.2937436950562216,H,2026-07-24T22:40:36.306924+00:00
564648,PD,140,2025,3,2026-08-28 19:30:00+00:00,263,94,542.0,533.0,1.507090441094404,1.7134063060998392,0.33704911788668973,0.23771094284131639,0.4252399392719939,A,2026-07-24T22:40:36.328822+00:00
564655,PD,140,2025,3,2026-08-29 15:00:00+00:00,88,90,539.0,543.0,1.6017308686321585,1.6095907036546853,0.3786182348478657,0.23939361240729817,0.38198815274483594,A,2026-07-24T22:40:36.350040+00:00
564653,PD,140,2025,3,2026-08-29 17:00:00+00:00,92,80,548.0,540.0,1.5631584979571596,1.497675563389782,0.3913966290618284,0.2459563522011275,0.36264701873704414,H,2026-07-24T22:40:36.371638+00:00
564649,PD,140,2025,3,2026-08-29 19:30:00+00:00,559,78,536.0,530.0,1.387753642290776,1.8056791761606055,0.2933377840530232,0.23481378488500462,0.47184843106197244,A,2026-07-24T22:40:36.393179+00:00
564656,PD,140,2025,3,2026-08-30 15:00:00+00:00,86,84,541.0,535.0,1.8905929404581772,1.4590186186739569,0.4757400640475352,0.22842209080740256,0.29583784514506206,H,2026-07-24T22:40:36.414205+00:00
564651,PD,140,2025,3,2026-08-30 17:30:00+00:00,560,95,544.0,532.0,1.664162703676809,1.516636481950228,0.4117360514392262,0.2400315093756976,0.3482324391850763,H,2026-07-24T22:40:36.435199+00:00
564652,PD,140,2025,3,2026-08-30 19:30:00+00:00,558,77,538.0,531.0,1.510354664446701,1.6963525103206916,0.34088321662005255,0.23853263328736696,0.4205841500925804,A,2026-07-24T22:40:36.456068+00:00
564657,PD,140,2025,3,2026-08-31 17:30:00+00:00,79,82,727.0,546.0,1.5636485365081827,1.518757772361285,0.38730471304542213,0.2450329924869637,0.3676622944676143,H,2026-07-24T22:40:36.477445+00:00
564650,PD,140,2025,3,2026-08-31 19:30:00+00:00,81,87,529.0,728.0,2.087215970294498,1.4028212918012273,0.5303095697274841,0.21599544473065724,0.2536949855418586,H,2026-07-24T22:40:36.498576+00:00
564658,PD,140,2025,4,2026-09-06 15:00:00+00:00,285,92,797.0,548.0,1.4318551491911782,1.6185683252029675,0.3362743536362655,0.24543724063109,0.4182884057326444,A,2026-07-24T22:40:36.519556+00:00
564659,PD,140,2025,4,2026-09-06 15:00:00+00:00,95,81,532.0,529.0,1.388283567666052,2.0443944930769424,0.25670251809483163,0.21881704715619157,0.524480434748977,A,2026-07-24T22:40:36.540358+00:00
564660,PD,140,2025,4,2026-09-06 15:00:00+00:00,87,5335,728.0,4665.0,1.577858516010024,1.542240422574294,0.3860737564451684,0.24334448802133807,0.3705817555334935,H,2026-07-24T22:40:36.561194+00:00
564661,PD,140,2025,4,2026-09-06 15:00:00+00:00,80,559,540.0,536.0,1.603700307380183,1.5288203109670624,0.39492411535162913,0.24265100922788468,0.3624248754204862,H,2026-07-24T22:40:36.583492+00:00
564662,PD,140,2025,4,2026-09-06 15:00:00+00:00,94,560,533.0,544.0,1.7765489159571517,1.5457307104761586,0.4319059331190238,0.233274847566053,0.33481921931492314,H,2026-07-24T22:40:36.604367+00:00
564663,PD,140,2025,4,2026-09-06 15:00:00+00:00,77,78,531.0,530.0,1.5584252568286243,1.6284409830556383,0.3647893345252579,0.2402921193560169,0.39491854611872496,A,2026-07-24T22:40:36.625372+00:00
564664,PD,140,2025,4,2026-09-06 15:00:00+00:00,263,79,542.0,727.0,1.5671221898340864,1.5620758211857853,0.37960774550321086,0.2429763464837345,0.3774159080130547,H,2026-07-24T22:40:36.647095+00:00
564665,PD,140,2025,4,2026-09-06 15:00:00+00:00,82,558,546.0,538.0,1.5833762869026897,1.5656103379658877,0.3828020857275202,0.2420880256691023,0.3751098886033776,H,2026-07-24T22:40:36.668835+00:00
564666,PD,140,2025,4,2026-09-06 15:00:00+00:00,84,88,535.0,539.0,1.6216340019185846,1.5617014243809224,0.3926603656260712,0.24048508996623078,0.36685454440769816,H,2026-07-24T22:40:36.690143+00:00
564667,PD,140,2025,4,2026-09-06 15:00:00+00:00,90,86,543.0,541.0,1.5317376110258902,1.802699045630178,0.3270521741220557,0.23221916525838382,0.4407286606195605,A,2026-07-24T22:40:36.711025+00:00
564668,PD,140,2025,5,2026-09-13 15:00:00+00:00,82,560,546.0,544.0,1.5539109564802052,1.5295375425852287,0.38281621950355493,0.24503120734357317,0.37215257315287187,H,2026-07-24T22:40:36.732033+00:00
564669,PD,140,2025,5,2026-09-13 15:00:00+00:00,559,95,536.0,532.0,1.5942275285936842,1.5711469210351632,0.3843031499344725,0.24136107982238744,0.37433577024314,H,2026-07-24T22:40:36.753192+00:00
564670,PD,140,2025,5,2026-09-13 15:00:00+00:00,5335,263,4665.0,542.0,1.6367082862935227,1.5051798135709615,0.40755464456175605,0.24186620275657356,0.35057915268167034,H,2026-07-24T22:40:36.774285+00:00
564671,PD,140,2025,5,2026-09-13 15:00:00+00:00,94,90,533.0,543.0,1.7652788989011032,1.6038207643218199,0.4176287733158918,0.23223783868868564,0.35013338799542243,H,2026-07-24T22:40:36.795196+00:00
564672,PD,140,2025,5,2026-09-13 15:00:00+00:00,558,84,538.0,535.0,1.6651487490428543,1.6060873988071052,0.3941490431230408,0.2367862601915163,0.36906469668544295,H,2026-07-24T22:40:36.818313+00:00
564673,PD,140,2025,5,2026-09-13 15:00:00+00:00,79,80,727.0,540.0,1.6360630662701188,1.5291436832318135,0.4025636677215813,0.24102799007927264,0.3564083421991461,H,2026-07-24T22:40:36.840192+00:00
564674,PD,140,2025,5,2026-09-13 15:00:00+00:00,92,78,548.0,530.0,1.378798772709965,1.771213418957403,0.29693639360871876,0.23724112106714695,0.4658224853241342,A,2026-07-24T22:40:36.861415+00:00
564675,PD,140,2025,5,2026-09-13 15:00:00+00:00,88,81,539.0,529.0,1.4372969943287104,2.00493132314818,0.2731816084957489,0.2214077761186256,0.5054106153856255,A,2026-07-24T22:40:36.883120+00:00
564676,PD,140,2025,5,2026-09-13 15:00:00+00:00,77,285,531.0,797.0,1.9334530281276656,1.2898495894356508,0.5223464153131981,0.22650844601993922,0.25114513866686256,H,2026-07-24T22:40:36.904570+00:00
564677,PD,140,2025,5,2026-09-13 15:00:00+00:00,86,87,541.0,728.0,1.8831870351427509,1.437438297566844,0.4786995689956637,0.2291456554674699,0.2921547755368664,H,2026-07-24T22:40:36.925908+00:00
564678,PD,140,2025,6,2026-09-16 15:00:00+00:00,87,80,728.0,540.0,1.6134590186575624,1.501838205276629,0.4026811999694506,0.24320300540711842,0.3541157946234309,H,2026-07-24T22:40:36.947291+00:00
564679,PD,140,2025,6,2026-09-16 15:00:00+00:00,560,559,544.0,536.0,1.6819001585309066,1.5167304632359073,0.4158930891674417,0.2390988032297601,0.3450081076027982,H,2026-07-24T22:40:36.967737+00:00
564680,PD,140,2025,6,2026-09-16 15:00:00+00:00,263,95,542.0,532.0,1.5917265310999755,1.5405036696755046,0.38973832701041905,0.24275853740394895,0.36750313558563186,H,2026-07-24T22:40:36.988677+00:00
564681,PD,140,2025,6,2026-09-16 15:00:00+00:00,285,86,797.0,541.0,1.3042399058379812,1.9777817902300046,0.2479232279790018,0.22325996509904228,0.5288168069219561,A,2026-07-24T22:40:37.009414+00:00
564682,PD,140,2025,6,2026-09-16 15:00:00+00:00,92,558,548.0,538.0,1.5668065343042168,1.618670474589925,0.36862730812075134,0.24042051933167613,0.3909521725475727,A,2026-07-24T22:40:37.029855+00:00
564683,PD,140,2025,6,2026-09-16 15:00:00+00:00,84,94,535.0,533.0,1.5864455717624153,1.7210021213408717,0.3541566858592037,0.23488735519302895,0.4109559589477673,A,2026-07-24T22:40:37.051182+00:00
564684,PD,140,2025,6,2026-09-16 15:00:00+00:00,78,79,530.0,727.0,1.874372513567239,1.426147847805822,0.4791510001825548,0.2298383426281196,0.2910106571893256,H,2026-07-24T22:40:37.072182+00:00
564685,PD,140,2025,6,2026-09-16 15:00:00+00:00,88,77,539.0,531.0,1.4759379760592348,1.677795749448844,0.33609492404459496,0.24061098165741165,0.42329409429799353,A,2026-07-24T22:40:37.094073+00:00
564686,PD,140,2025,6,2026-09-16 15:00:00+00:00,90,82,543.0,546.0,1.6423350577826374,1.5102040742095215,0.4078734383345925,0.2413929328247162,0.35073362884069115,H,2026-07-24T22:40:37.115029+00:00
564687,PD,140,2025,6,2026-09-16 15:00:00+00:00,81,5335,529.0,4665.0,2.108070432006435,1.4404194808416049,0.5264938778329836,0.21478652750714963,0.2587195946598669,H,2026-07-24T22:40:37.135665+00:00
564688,PD,140,2025,7,2026-09-20 15:00:00+00:00,78,86,530.0,541.0,1.690263432833815,1.6663532818295261,0.38828610752416765,0.23345140053755656,0.37826249193827577,H,2026-07-24T22:40:37.156336+00:00
564689,PD,140,2025,7,2026-09-20 15:00:00+00:00,95,92,532.0,548.0,1.5794502058965587,1.5396358447872533,0.38696991711625467,0.24337990325428113,0.3696501796294641,H,2026-07-24T22:40:37.177111+00:00
564690,PD,140,2025,7,2026-09-20 15:00:00+00:00,559,81,536.0,529.0,1.377364627310862,2.070963333872019,0.25055373833666994,0.21696884314483844,0.5324774185184917,A,2026-07-24T22:40:37.198607+00:00
564691,PD,140,2025,7,2026-09-20 15:00:00+00:00,77,263,531.0,542.0,1.7603267637675184,1.3976465458122718,0.4592124348524399,0.23760264799722638,0.30318491715033385,H,2026-07-24T22:40:37.220013+00:00
564692,PD,140,2025,7,2026-09-20 15:00:00+00:00,80,285,540.0,797.0,1.7260358991249702,1.4237617232379496,0.445603959860107,0.23919875573225002,0.3151972844076431,H,2026-07-24T22:40:37.240888+00:00
564693,PD,140,2025,7,2026-09-20 15:00:00+00:00,79,87,727.0,728.0,1.594900049705404,1.5600949183199118,0.38662992401935603,0.24179504680437597,0.37157502917626806,H,2026-07-24T22:40:37.261774+00:00
564694,PD,140,2025,7,2026-09-20 15:00:00+00:00,558,5335,538.0,4665.0,1.6673153796026359,1.6023658572064816,0.395381360667583,0.2368283289230449,0.3677903104093721,H,2026-07-24T22:40:37.282583+00:00
564695,PD,140,2025,7,2026-09-20 15:00:00+00:00,560,90,544.0,543.0,1.6114467215579888,1.6330699042908343,0.3763972859193318,0.23798249169025554,0.3856202223904127,A,2026-07-24T22:40:37.303438+00:00
564696,PD,140,2025,7,2026-09-20 15:00:00+00:00,94,88,533.0,539.0,1.784874264762002,1.5562313972726314,0.4316646433212847,0.2325694509884765,0.3357659056902389,H,2026-07-24T22:40:37.324690+00:00
564697,PD,140,2025,7,2026-09-20 15:00:00+00:00,82,84,546.0,535.0,1.558347933480974,1.536175455150639,0.3825780787245942,0.2445274136987655,0.3728945075766402,H,2026-07-24T22:40:37.346635+00:00
564698,PD,140,2025,8,2026-10-11 15:00:00+00:00,87,77,728.0,531.0,1.4459179861847617,1.6892195709513496,0.3269104584691428,0.2408419554433043,0.43224758608755287,A,2026-07-24T22:40:37.368244+00:00
564699,PD,140,2025,8,2026-10-11 15:00:00+00:00,263,78,542.0,530.0,1.396860578371657,1.8140007430222191,0.29408617734413706,0.23412926497296546,0.4717845576828974,A,2026-07-24T22:40:37.389354+00:00
564700,PD,140,2025,8,2026-10-11 15:00:00+00:00,81,82,529.0,546.0,2.0717547101039067,1.417088009905338,0.5239707711143774,0.21707158888333525,0.25895764000228727,H,2026-07-24T22:40:37.410719+00:00
564701,PD,140,2025,8,2026-10-11 15:00:00+00:00,90,79,543.0,727.0,1.7117026438336111,1.5793795489606037,0.41021804398386535,0.23556260938069257,0.35421934663544213,H,2026-07-24T22:40:37.431868+00:00
564702,PD,140,2025,8,2026-10-11 15:00:00+00:00,86,94,541.0,533.0,1.8622873927114634,1.6362299045634652,0.4329166495887428,0.22675901105899252,0.34032433935226486,H,2026-07-24T22:40:37.452932+00:00
564703,PD,140,2025,8,2026-10-11 15:00:00+00:00,285,558,797.0,538.0,1.4610705371963562,1.785259594662136,0.31376582330747277,0.23476852148868094,0.4514656552038464,A,2026-07-24T22:40:37.474679+00:00
564704,PD,140,2025,8,2026-10-11 15:00:00+00:00,88,559,539.0,536.0,1.6879145652425371,1.5383985473009392,0.41291028565760024,0.23808128879635612,0.3490084255460437,H,2026-07-24T22:40:37.496390+00:00
564705,PD,140,2025,8,2026-10-11 15:00:00+00:00,5335,95,4665.0,532.0,1.6746414743004245,1.5521786289963346,0.4070332433615478,0.23828335999927094,0.3546833966391813,H,2026-07-24T22:40:37.517254+00:00
564706,PD,140,2025,8,2026-10-11 15:00:00+00:00,84,80,535.0,540.0,1.6659134516535465,1.5367959386028471,0.4080741907281064,0.23925103536046724,0.35267477391142643,H,2026-07-24T22:40:37.537762+00:00
564707,PD,140,2025,8,2026-10-11 15:00:00+00:00,92,560,548.0,544.0,1.5433225458946438,1.5987993217893859,0.3668259022104047,0.24230459661998152,0.39086950116961383,A,2026-07-24T22:40:37.558111+00:00
564708,PD,140,2025,9,2026-10-18 15:00:00+00:00,94,285,533.0,797.0,1.9940106707412297,1.4085812044885047,0.5092783941381442,0.22218983903381234,0.26853176682804336,H,2026-07-24T22:40:37.578450+00:00
564709,PD,140,2025,9,2026-10-18 15:00:00+00:00,86,559,541.0,536.0,1.9768769358320015,1.4459496915659618,0.49749604001000336,0.22315745297759562,0.27934650701240105,H,2026-07-24T22:40:37.601907+00:00
564710,PD,140,2025,9,2026-10-18 15:00:00+00:00,80,78,540.0,530.0,1.4022084062014322,1.8378265074923146,0.2914377836016833,0.23249766008251188,0.4760645563158049,A,2026-07-24T22:40:37.622341+00:00
564711,PD,140,2025,9,2026-10-18 15:00:00+00:00,95,77,532.0,531.0,1.4369348059483875,1.7519616317902007,0.31383056579695456,0.23730143593726313,0.44886799826578216,A,2026-07-24T22:40:37.642587+00:00
564712,PD,140,2025,9,2026-10-18 15:00:00+00:00,558,263,538.0,542.0,1.6941389796970634,1.5726787231281198,0.40748414395867755,0.23663169373031076,0.3558841623110116,H,2026-07-24T22:40:37.662916+00:00
564713,PD,140,2025,9,2026-10-18 15:00:00+00:00,90,81,543.0,529.0,1.4984755882738527,2.040348003914399,0.28111296936832664,0.2189958510407762,0.4998911795908972,A,2026-07-24T22:40:37.683232+00:00
564714,PD,140,2025,9,2026-10-18 15:00:00+00:00,84,92,535.0,548.0,1.6443635406573274,1.5285407039246375,0.40465140208676165,0.24063162944937816,0.35471696846386025,H,2026-07-24T22:40:37.703685+00:00
564715,PD,140,2025,9,2026-10-18 15:00:00+00:00,79,5335,727.0,4665.0,1.6147412539364676,1.6140172252315002,0.38082616738298486,0.23865724981139838,0.38051658280561673,H,2026-07-24T22:40:37.724019+00:00
564716,PD,140,2025,9,2026-10-18 15:00:00+00:00,560,88,544.0,539.0,1.636303169019529,1.6050214468038289,0.38762429839821055,0.2381003727719194,0.3742753288298699,H,2026-07-24T22:40:37.745569+00:00
564717,PD,140,2025,9,2026-10-18 15:00:00+00:00,82,87,546.0,728.0,1.556723274960728,1.5263796480509768,0.38411988025230265,0.24503648902023478,0.3708436307274625,H,2026-07-24T22:40:37.766568+00:00
564718,PD,140,2025,10,2026-10-25 16:00:00+00:00,87,285,728.0,797.0,1.7705984243914412,1.4206429377124938,0.4566650949972836,0.23649335455314233,0.30684155044957406,H,2026-07-24T22:40:37.786831+00:00
564719,PD,140,2025,10,2026-10-25 16:00:00+00:00,263,84,542.0,535.0,1.561380624597362,1.6235165598486583,0.36642149966901005,0.24040929649924403,0.39316920383174586,A,2026-07-24T22:40:37.808727+00:00
564720,PD,140,2025,10,2026-10-25 16:00:00+00:00,77,82,531.0,546.0,1.7160528587199937,1.4336415238593716,0.44116377868765233,0.23956582172684565,0.3192703995855019,H,2026-07-24T22:40:37.830015+00:00
564721,PD,140,2025,10,2026-10-25 16:00:00+00:00,559,79,536.0,727.0,1.5863685245385926,1.6445879532923935,0.3683279806222738,0.23846191154033683,0.39321010783738936,A,2026-07-24T22:40:37.850721+00:00
564722,PD,140,2025,10,2026-10-25 16:00:00+00:00,95,94,532.0,533.0,1.5448938422093903,1.8061481160346369,0.32946248314833254,0.23172765601283454,0.4388098608388329,A,2026-07-24T22:40:37.871990+00:00
564723,PD,140,2025,10,2026-10-25 16:00:00+00:00,81,86,529.0,541.0,1.9409479870965498,1.7160013961191858,0.4343107993574265,0.2213860146865869,0.3443031859559867,H,2026-07-24T22:40:37.894141+00:00
564724,PD,140,2025,10,2026-10-25 16:00:00+00:00,78,560,530.0,544.0,1.8609784432195027,1.4729858788039292,0.46615323619753524,0.23002332318704075,0.3038234406154242,H,2026-07-24T22:40:37.916470+00:00
564725,PD,140,2025,10,2026-10-25 16:00:00+00:00,558,90,538.0,543.0,1.6641453348284632,1.7024837903516368,0.37545872117621854,0.2330353787994841,0.39150590002429747,A,2026-07-24T22:40:37.937397+00:00
564726,PD,140,2025,10,2026-10-25 16:00:00+00:00,92,88,548.0,539.0,1.5505381368392164,1.6097128787955706,0.3664675352096045,0.24149248085254477,0.39203998393785067,A,2026-07-24T22:40:37.958571+00:00
564727,PD,140,2025,10,2026-10-25 16:00:00+00:00,5335,80,4665.0,540.0,1.6675574509348412,1.549027968059813,0.40600408569120844,0.2387430708843552,0.3552528434244363,H,2026-07-24T22:40:37.979478+00:00
564736,PD,140,2025,11,2026-11-01 16:00:00+00:00,90,84,543.0,535.0,1.6956606310944216,1.613697823528366,0.3997291069222983,0.23514437438728242,0.3651265186904194,H,2026-07-24T22:40:38.000329+00:00
564737,PD,140,2025,11,2026-11-01 16:00:00+00:00,94,80,533.0,540.0,1.8363981597676151,1.538002142086125,0.4470539503642697,0.23024898967293198,0.32269705996279857,H,2026-07-24T22:40:38.021881+00:00
564728,PD,140,2025,11,2026-11-01 16:00:00+00:00,285,95,797.0,532.0,1.4797510417104398,1.709279803123808,0.33135761656573187,0.23872542305278013,0.4299169603814879,A,2026-07-24T22:40:38.042898+00:00
564729,PD,140,2025,11,2026-11-01 16:00:00+00:00,77,92,531.0,548.0,1.7677861290003019,1.4244756585356229,0.45519448887145275,0.2365918240722801,0.30821368705626706,H,2026-07-24T22:40:38.063978+00:00
564730,PD,140,2025,11,2026-11-01 16:00:00+00:00,88,78,539.0,530.0,1.4692257452031559,1.8258077648301776,0.3088022669248648,0.23219008278726333,0.45900765028787194,A,2026-07-24T22:40:38.084655+00:00
564731,PD,140,2025,11,2026-11-01 16:00:00+00:00,560,79,544.0,727.0,1.6630470120696703,1.6078212576764388,0.3933212994078915,0.23681442307879125,0.3698642775133173,H,2026-07-24T22:40:38.105421+00:00
564732,PD,140,2025,11,2026-11-01 16:00:00+00:00,81,263,529.0,542.0,2.150172048932539,1.429415889814605,0.5375248390693141,0.21200417160485763,0.2504709893258284,H,2026-07-24T22:40:38.126347+00:00
564733,PD,140,2025,11,2026-11-01 16:00:00+00:00,82,559,546.0,536.0,1.6267607360889593,1.5159518434410133,0.4030074881912536,0.24198815329161744,0.35500435851712886,H,2026-07-24T22:40:38.147576+00:00
564734,PD,140,2025,11,2026-11-01 16:00:00+00:00,5335,86,4665.0,541.0,1.4955766576438334,1.870614030659253,0.3073509499777548,0.22909761196028575,0.4635514380619595,A,2026-07-24T22:40:38.168688+00:00
564735,PD,140,2025,11,2026-11-01 16:00:00+00:00,87,558,728.0,538.0,1.6265597418385955,1.6512993450221363,0.3764509380193246,0.23660044939427144,0.3869486125864039,A,2026-07-24T22:40:38.189787+00:00
564738,PD,140,2025,12,2026-11-08 16:00:00+00:00,285,90,797.0,543.0,1.4289966071965379,1.8253749512993886,0.29963477741459627,0.23290149880673233,0.46746372377867135,A,2026-07-24T22:40:38.210665+00:00
564739,PD,140,2025,12,2026-11-08 16:00:00+00:00,79,77,727.0,531.0,1.4754143751796867,1.7530161407503624,0.32264938284766087,0.23633820045697126,0.4410124166953679,A,2026-07-24T22:40:38.231560+00:00
564740,PD,140,2025,12,2026-11-08 16:00:00+00:00,559,263,536.0,542.0,1.5851630387454845,1.603671286582879,0.3758441649487661,0.24034827944150525,0.38380755560972873,A,2026-07-24T22:40:38.252542+00:00
564741,PD,140,2025,12,2026-11-08 16:00:00+00:00,95,86,532.0,541.0,1.4497192787380144,1.926374113412982,0.2880421087716106,0.2263060799816131,0.48565181124677637,A,2026-07-24T22:40:38.273641+00:00
564742,PD,140,2025,12,2026-11-08 16:00:00+00:00,558,88,538.0,539.0,1.6850009140549753,1.6589562518952252,0.38849723550457255,0.23394509304860048,0.37755767144682706,H,2026-07-24T22:40:38.295331+00:00
564743,PD,140,2025,12,2026-11-08 16:00:00+00:00,92,87,548.0,728.0,1.5439191093396603,1.5887343219778423,0.36889397421854525,0.24275918703101979,0.388346838750435,A,2026-07-24T22:40:38.316968+00:00
564744,PD,140,2025,12,2026-11-08 16:00:00+00:00,84,5335,535.0,4665.0,1.641851296136317,1.6152320774162323,0.386939402090246,0.2374528334622753,0.37560776444747873,H,2026-07-24T22:40:38.338018+00:00
564745,PD,140,2025,12,2026-11-08 16:00:00+00:00,80,560,540.0,544.0,1.567394649986466,1.6517138691999576,0.3625267289052888,0.23884807620381146,0.39862519489089987,A,2026-07-24T22:40:38.358840+00:00
564746,PD,140,2025,12,2026-11-08 16:00:00+00:00,78,81,530.0,529.0,1.6558338784996098,1.8936998189697762,0.33924840955319346,0.22482891153672513,0.43592267891008124,A,2026-07-24T22:40:38.379795+00:00
564747,PD,140,2025,12,2026-11-08 16:00:00+00:00,94,82,533.0,546.0,1.7620253712277576,1.54619010465743,0.4284895019569427,0.234023900711756,0.33748659733130126,H,2026-07-24T22:40:38.401975+00:00
564748,PD,140,2025,13,2026-11-22 16:00:00+00:00,77,80,531.0,540.0,1.801320036231006,1.4567500480317135,0.4560625442032706,0.23389258107378935,0.3100448747229402,H,2026-07-24T22:40:38.424372+00:00
564749,PD,140,2025,13,2026-11-22 16:00:00+00:00,81,94,529.0,533.0,2.0874394877219484,1.6510385061757267,0.4781794226272813,0.2154042142413157,0.30641636313140314,H,2026-07-24T22:40:38.444896+00:00
564750,PD,140,2025,13,2026-11-22 16:00:00+00:00,5335,92,4665.0,548.0,1.6530755753098454,1.5605568251726183,0.40030249729964107,0.2390355849919686,0.36066191770839023,H,2026-07-24T22:40:38.465833+00:00
564751,PD,140,2025,13,2026-11-22 16:00:00+00:00,87,95,728.0,532.0,1.647413095033706,1.5811363518304504,0.39490130509048654,0.23853266720661045,0.3665660277029031,H,2026-07-24T22:40:38.486982+00:00
564752,PD,140,2025,13,2026-11-22 16:00:00+00:00,79,84,727.0,535.0,1.626573698825437,1.659839217895973,0.3748333977557623,0.23623667063266043,0.38892993161157724,A,2026-07-24T22:40:38.507844+00:00
564753,PD,140,2025,13,2026-11-22 16:00:00+00:00,82,78,546.0,530.0,1.4162123065407093,1.7989880977498796,0.30104966721227705,0.23478291242999455,0.4641674203577284,A,2026-07-24T22:40:38.528682+00:00
564754,PD,140,2025,13,2026-11-22 16:00:00+00:00,86,558,541.0,538.0,1.9602395840800464,1.5784764042674304,0.4660363483506097,0.22285471395046047,0.31110893769892983,H,2026-07-24T22:40:38.549470+00:00
564755,PD,140,2025,13,2026-11-22 16:00:00+00:00,263,560,542.0,544.0,1.5681094949274044,1.6514087194505125,0.36275214522605126,0.23883597403525156,0.39841188073869716,A,2026-07-24T22:40:38.571120+00:00
564756,PD,140,2025,13,2026-11-22 16:00:00+00:00,559,90,536.0,543.0,1.5593697600032959,1.7435198894686639,0.34382520806723427,0.23460638896061992,0.4215684029721459,A,2026-07-24T22:40:38.592717+00:00
564757,PD,140,2025,13,2026-11-22 16:00:00+00:00,88,285,539.0,797.0,1.8273573673870371,1.4573058595198796,0.4618815063126471,0.23230791803286874,0.3058105756544841,H,2026-07-24T22:40:38.613479+00:00
564758,PD,140,2025,14,2026-11-29 16:00:00+00:00,558,94,538.0,533.0,1.6521114576677276,1.840851978298955,0.34760617460183585,0.2273741110459611,0.4250197143522031,A,2026-07-24T22:40:38.634359+00:00
564759,PD,140,2025,14,2026-11-29 16:00:00+00:00,285,78,797.0,530.0,1.2998064064950312,2.0174066201544,0.2413242485616614,0.2203235472088902,0.5383522042294486,A,2026-07-24T22:40:38.655276+00:00
564760,PD,140,2025,14,2026-11-29 16:00:00+00:00,90,87,543.0,728.0,1.69388832018713,1.6033919162306904,0.4013436374756754,0.2355870513718641,0.36306931115246033,H,2026-07-24T22:40:38.676074+00:00
564761,PD,140,2025,14,2026-11-29 16:00:00+00:00,95,79,532.0,727.0,1.615107894758207,1.6729445124445776,0.36969787316682706,0.2361037473473655,0.3941983794858075,A,2026-07-24T22:40:38.697243+00:00
564762,PD,140,2025,14,2026-11-29 16:00:00+00:00,86,263,541.0,542.0,1.9459122818972814,1.4783137335941456,0.48384310538016895,0.22483481772135636,0.29132207689847467,H,2026-07-24T22:40:38.718165+00:00
564763,PD,140,2025,14,2026-11-29 16:00:00+00:00,80,82,540.0,546.0,1.5413337547797523,1.6103323784455525,0.3641565240650216,0.2418300530384813,0.39401342289649705,A,2026-07-24T22:40:38.739129+00:00
564764,PD,140,2025,14,2026-11-29 16:00:00+00:00,92,559,548.0,536.0,1.6156602854295286,1.5845787236466664,0.38675500483144415,0.23983896511063224,0.37340603005792355,H,2026-07-24T22:40:38.760146+00:00
564765,PD,140,2025,14,2026-11-29 16:00:00+00:00,88,5335,539.0,4665.0,1.6470488865882593,1.6372037895009686,0.3839094509973858,0.23635458643715376,0.37973596256546055,H,2026-07-24T22:40:38.781131+00:00
564766,PD,140,2025,14,2026-11-29 16:00:00+00:00,560,81,544.0,529.0,1.4623013633705368,2.1043343539941377,0.26389565797514225,0.2150891150425127,0.5210152269823449,A,2026-07-24T22:40:38.802575+00:00
564767,PD,140,2025,14,2026-11-29 16:00:00+00:00,84,77,535.0,531.0,1.5001016562229648,1.7542940587846259,0.32817635800412737,0.23565082822047026,0.43617281377540223,A,2026-07-24T22:40:38.823912+00:00
564768,PD,140,2025,15,2026-12-06 16:00:00+00:00,79,285,727.0,797.0,1.8121262102444111,1.486580837751546,0.45224835692977405,0.2326643964323856,0.31508724663784043,H,2026-07-24T22:40:38.847919+00:00
564769,PD,140,2025,15,2026-12-06 16:00:00+00:00,559,84,536.0,535.0,1.578280907502177,1.7020323035346778,0.35573673681693857,0.2360639469842056,0.4081993161988559,A,2026-07-24T22:40:38.869651+00:00
564770,PD,140,2025,15,2026-12-06 16:00:00+00:00,263,80,542.0,540.0,1.6068666576048456,1.6014983352204404,0.381391097814208,0.23952055028852795,0.3790883518972641,H,2026-07-24T22:40:38.890254+00:00
564771,PD,140,2025,15,2026-12-06 16:00:00+00:00,78,90,530.0,543.0,1.8624962279390553,1.5612113407246593,0.4481247656780238,0.22837201243347727,0.32350322188849906,H,2026-07-24T22:40:38.912378+00:00
564772,PD,140,2025,15,2026-12-06 16:00:00+00:00,5335,560,4665.0,544.0,1.646046391443956,1.652806803409108,0.3806886490178085,0.23576330660578926,0.38354804437640216,A,2026-07-24T22:40:38.935005+00:00
564773,PD,140,2025,15,2026-12-06 16:00:00+00:00,81,558,529.0,538.0,2.1848755835167406,1.5657338958302343,0.5156367441660713,0.21045785694014177,0.27390539889378684,H,2026-07-24T22:40:38.956260+00:00
564774,PD,140,2025,15,2026-12-06 16:00:00+00:00,82,95,546.0,532.0,1.6267998402273525,1.5645729658275414,0.3933148486137794,0.24012990379752772,0.366555247588693,H,2026-07-24T22:40:38.977149+00:00
564775,PD,140,2025,15,2026-12-06 16:00:00+00:00,77,86,531.0,541.0,1.6174540183275832,1.7661226647043844,0.35309195529027326,0.23179502000239027,0.4151130247073365,A,2026-07-24T22:40:38.998306+00:00
564776,PD,140,2025,15,2026-12-06 16:00:00+00:00,94,92,533.0,548.0,1.8230243481116175,1.5560730990671858,0.44033493448063743,0.2305744523411975,0.3290906131781651,H,2026-07-24T22:40:39.018784+00:00
564777,PD,140,2025,15,2026-12-06 16:00:00+00:00,87,88,728.0,539.0,1.608321538372906,1.6381074818001433,0.37470464196974934,0.2378900951767863,0.38740526285346427,A,2026-07-24T22:40:39.039579+00:00
564778,PD,140,2025,16,2026-12-13 16:00:00+00:00,80,558,540.0,538.0,1.6109006156376788,1.734744395100386,0.35728343633733767,0.23345606403055275,0.4092604996321096,A,2026-07-24T22:40:39.061720+00:00
564779,PD,140,2025,16,2026-12-13 16:00:00+00:00,84,81,535.0,529.0,1.465879480921384,2.118806801882409,0.26256768091154076,0.2141893711082787,0.5232429479801806,A,2026-07-24T22:40:39.082339+00:00
564780,PD,140,2025,16,2026-12-13 16:00:00+00:00,86,79,541.0,727.0,1.9586445925555993,1.542022055075351,0.4732274482133793,0.22340870153027056,0.30336385025635015,H,2026-07-24T22:40:39.103310+00:00
564781,PD,140,2025,16,2026-12-13 16:00:00+00:00,560,77,544.0,531.0,1.505012383862402,1.7724786936986623,0.32614176055088834,0.23451408676329888,0.43934415268581284,A,2026-07-24T22:40:39.124783+00:00
564782,PD,140,2025,16,2026-12-13 16:00:00+00:00,88,263,539.0,542.0,1.6687465078340464,1.5931819892740016,0.3975171981875649,0.23710280604115405,0.365379995771281,H,2026-07-24T22:40:39.146104+00:00
564783,PD,140,2025,16,2026-12-13 16:00:00+00:00,285,559,797.0,536.0,1.5031460508949797,1.7358327729478276,0.3321351398281967,0.2365950145415307,0.43126984563027276,A,2026-07-24T22:40:39.167012+00:00
564784,PD,140,2025,16,2026-12-13 16:00:00+00:00,94,87,533.0,728.0,1.8029446496799473,1.6030041191535132,0.4263153079909045,0.23044403112446107,0.34324066088463456,H,2026-07-24T22:40:39.188353+00:00
564785,PD,140,2025,16,2026-12-13 16:00:00+00:00,90,5335,543.0,4665.0,1.7100862208173957,1.6447322679927208,0.3969930355441516,0.23341546948505074,0.36959149497079763,H,2026-07-24T22:40:39.209243+00:00
564786,PD,140,2025,16,2026-12-13 16:00:00+00:00,92,82,548.0,546.0,1.5307579942123652,1.5992749876679602,0.3637294098352766,0.24279081131662902,0.39347977884809443,A,2026-07-24T22:40:39.230185+00:00
564787,PD,140,2025,16,2026-12-13 16:00:00+00:00,78,95,530.0,532.0,1.9347362928307197,1.4748783262335798,0.4821249933895878,0.2255467243688741,0.29232828224153806,H,2026-07-24T22:40:39.251370+00:00
564788,PD,140,2025,17,2026-12-20 16:00:00+00:00,77,90,531.0,543.0,1.7591613443704617,1.5920334717277114,0.41858724898334027,0.23287731514752774,0.3485354358691321,H,2026-07-24T22:40:39.272783+00:00
564789,PD,140,2025,17,2026-12-20 16:00:00+00:00,82,88,546.0,539.0,1.5882119258946574,1.6209288195212728,0.37325637161779657,0.23945557474871437,0.3872880536334892,A,2026-07-24T22:40:39.293662+00:00
564790,PD,140,2025,17,2026-12-20 16:00:00+00:00,263,285,542.0,797.0,1.7543133181274657,1.4918125398102424,0.43789618894347393,0.23585906924262678,0.32624474181389923,H,2026-07-24T22:40:39.314516+00:00
564791,PD,140,2025,17,2026-12-20 16:00:00+00:00,95,80,532.0,540.0,1.6325374682674587,1.6433824834592459,0.3793510792356473,0.2366945464263623,0.3839543743379903,A,2026-07-24T22:40:39.335315+00:00
564792,PD,140,2025,17,2026-12-20 16:00:00+00:00,79,94,727.0,533.0,1.597742187670072,1.8463536848463722,0.3344743111640491,0.22842647819702563,0.4370992106389254,A,2026-07-24T22:40:39.357663+00:00
564793,PD,140,2025,17,2026-12-20 16:00:00+00:00,81,92,529.0,548.0,2.162428226716013,1.4630575219664814,0.5327799244672063,0.21143455690589985,0.25578551862689397,H,2026-07-24T22:40:39.378589+00:00
564794,PD,140,2025,17,2026-12-20 16:00:00+00:00,558,78,538.0,530.0,1.5238151675241953,1.922053763589943,0.3052516943365214,0.22571321478522435,0.4690350908782542,A,2026-07-24T22:40:39.400178+00:00
564795,PD,140,2025,17,2026-12-20 16:00:00+00:00,87,84,728.0,535.0,1.6123273934159414,1.655205232457621,0.3723949214402038,0.2369876529946959,0.39061742556510015,A,2026-07-24T22:40:39.423790+00:00
564796,PD,140,2025,17,2026-12-20 16:00:00+00:00,560,86,544.0,541.0,1.5140769361095776,1.932272496655925,0.30143389364125733,0.22525262963544426,0.4733134767232982,A,2026-07-24T22:40:39.445940+00:00
564797,PD,140,2025,17,2026-12-20 16:00:00+00:00,559,5335,536.0,4665.0,1.582594093467432,1.7053642067918375,0.3561267475117751,0.23576087856496875,0.4081123739232561,A,2026-07-24T22:40:39.469176+00:00
564798,PD,140,2025,18,2027-01-03 12:00:00+00:00,86,82,541.0,546.0,1.896760200100212,1.5162667825882143,0.4650342406772801,0.2272659640412019,0.307699795281518,H,2026-07-24T22:40:39.491920+00:00
564799,PD,140,2025,18,2027-01-03 12:00:00+00:00,92,79,548.0,727.0,1.593914147236811,1.6684096422202708,0.36561394738808345,0.23709130674762613,0.3972947458642905,A,2026-07-24T22:40:39.513461+00:00
564800,PD,140,2025,18,2027-01-03 12:00:00+00:00,88,95,539.0,532.0,1.7049392486487072,1.6358429428652665,0.39754025497199724,0.2339518600099757,0.36850788501802695,H,2026-07-24T22:40:39.535227+00:00
564801,PD,140,2025,18,2027-01-03 12:00:00+00:00,5335,77,4665.0,531.0,1.5079625360351057,1.790961779037803,0.32362162339173833,0.23341198406956448,0.44296639253869724,A,2026-07-24T22:40:39.556874+00:00
564802,PD,140,2025,18,2027-01-03 12:00:00+00:00,84,285,535.0,797.0,1.8452217370920823,1.4938616598753085,0.45821457064812277,0.23060463332921236,0.3111807960226647,H,2026-07-24T22:40:39.578024+00:00
564803,PD,140,2025,18,2027-01-03 12:00:00+00:00,90,263,543.0,542.0,1.7350673820025677,1.6071905137962594,0.41006801612220634,0.2335595428507919,0.35637244102700183,H,2026-07-24T22:40:39.599948+00:00
564804,PD,140,2025,18,2027-01-03 12:00:00+00:00,558,560,538.0,544.0,1.701314858351098,1.7195880301994981,0.3807119291365923,0.23099011100188166,0.38829795986152593,A,2026-07-24T22:40:39.621527+00:00
564805,PD,140,2025,18,2027-01-03 12:00:00+00:00,80,81,540.0,529.0,1.407396472437175,2.1805634609672366,0.24172090187373732,0.20981805848070717,0.5484610396455555,A,2026-07-24T22:40:39.643036+00:00
564806,PD,140,2025,18,2027-01-03 12:00:00+00:00,94,559,533.0,536.0,1.8870390561471289,1.5986474480274713,0.4459336959044364,0.22635017496599907,0.3277161291295645,H,2026-07-24T22:40:39.664441+00:00
564807,PD,140,2025,18,2027-01-03 12:00:00+00:00,87,78,728.0,530.0,1.4504885395745977,1.881388962286225,0.2953970944205629,0.22909738381474404,0.47550552176469296,A,2026-07-24T22:40:39.686628+00:00
564808,PD,140,2025,19,2027-01-10 12:00:00+00:00,77,94,531.0,533.0,1.7413556221873725,1.7063219753178078,0.3922605743293238,0.22996376945242222,0.3777756562182541,H,2026-07-24T22:40:39.708919+00:00
564809,PD,140,2025,19,2027-01-10 12:00:00+00:00,285,82,797.0,546.0,1.4283549966499642,1.7668687332041775,0.30927642404420236,0.23656903233006416,0.4541545436257335,A,2026-07-24T22:40:39.729983+00:00
564810,PD,140,2025,19,2027-01-10 12:00:00+00:00,86,88,541.0,539.0,1.9436672358056408,1.5791510760047014,0.46230495364978974,0.22373257087466392,0.31396247547554634,H,2026-07-24T22:40:39.751249+00:00
564811,PD,140,2025,19,2027-01-10 12:00:00+00:00,79,81,727.0,529.0,1.4561967740745196,2.181808073293057,0.25166137729869,0.21016411249338385,0.5381745102079263,A,2026-07-24T22:40:39.772096+00:00
564812,PD,140,2025,19,2027-01-10 12:00:00+00:00,560,87,544.0,728.0,1.6527719214095593,1.6531383758534095,0.3821826293791872,0.2354799132745177,0.38233745734629526,A,2026-07-24T22:40:39.792887+00:00
564813,PD,140,2025,19,2027-01-10 12:00:00+00:00,78,5335,530.0,4665.0,1.8930326463514073,1.5335296325919707,0.4606144898553033,0.22720626301235666,0.31217924713234,H,2026-07-24T22:40:39.816485+00:00
564814,PD,140,2025,19,2027-01-10 12:00:00+00:00,263,92,542.0,548.0,1.5951544255772319,1.6201742489929016,0.3750368026497074,0.2392060519493189,0.3857571454009735,A,2026-07-24T22:40:39.837609+00:00
564815,PD,140,2025,19,2027-01-10 12:00:00+00:00,559,558,536.0,538.0,1.6197367948645098,1.7873690345557611,0.34979934713943855,0.23073321896577673,0.4194674338947848,A,2026-07-24T22:40:39.859067+00:00
564816,PD,140,2025,19,2027-01-10 12:00:00+00:00,80,90,540.0,543.0,1.5753600545795396,1.7734675020690156,0.34216138497138704,0.23264441057606514,0.4251942044525478,A,2026-07-24T22:40:39.880554+00:00
564817,PD,140,2025,19,2027-01-10 12:00:00+00:00,95,84,532.0,535.0,1.6068144701748293,1.7312322746439337,0.3569857003588983,0.23375014319935147,0.40926415644175024,A,2026-07-24T22:40:39.901057+00:00
564818,PD,140,2025,20,2027-01-17 12:00:00+00:00,84,86,535.0,541.0,1.5220785407833708,1.9621191275667513,0.29842018615446747,0.22343585909527713,0.4781439547502551,A,2026-07-24T22:40:39.922562+00:00
564819,PD,140,2025,20,2027-01-17 12:00:00+00:00,81,285,529.0,797.0,2.4039679050721707,1.3879246634460491,0.5957823306312136,0.19465165817519503,0.20956601119359147,H,2026-07-24T22:40:39.943999+00:00
564820,PD,140,2025,20,2027-01-17 12:00:00+00:00,94,263,533.0,542.0,1.8468513350712734,1.6068017699650508,0.4353848774969009,0.22819337744562593,0.33642174505747324,H,2026-07-24T22:40:39.965926+00:00
564821,PD,140,2025,20,2027-01-17 12:00:00+00:00,5335,79,4665.0,727.0,1.6855348076880732,1.6810718262064295,0.38439522938541537,0.2330776985297495,0.3825270720848353,H,2026-07-24T22:40:39.989135+00:00
564822,PD,140,2025,20,2027-01-17 12:00:00+00:00,88,80,539.0,540.0,1.6977088318491296,1.6324755666485482,0.3965342605098942,0.2343857811260642,0.3690799583640415,H,2026-07-24T22:40:40.010734+00:00
564823,PD,140,2025,20,2027-01-17 12:00:00+00:00,558,95,538.0,532.0,1.7559310722226986,1.6853556855623113,0.3995533040635549,0.23009754351450434,0.370349152421941,H,2026-07-24T22:40:40.041521+00:00
564824,PD,140,2025,20,2027-01-17 12:00:00+00:00,82,77,546.0,531.0,1.452517752342533,1.7594542281468373,0.3161905722435197,0.2364970832646524,0.44731234449182805,A,2026-07-24T22:40:40.064038+00:00
564825,PD,140,2025,20,2027-01-17 12:00:00+00:00,87,559,728.0,536.0,1.6782939751769776,1.6192567640673627,0.39462883762875445,0.23571465897030883,0.36965650340093675,H,2026-07-24T22:40:40.085224+00:00
564826,PD,140,2025,20,2027-01-17 12:00:00+00:00,90,560,543.0,544.0,1.7201113265474215,1.6911279902353713,0.3903542615078073,0.23134118993638178,0.3783045485558111,H,2026-07-24T22:40:40.106858+00:00
564827,PD,140,2025,20,2027-01-17 12:00:00+00:00,78,92,530.0,548.0,1.906896468949949,1.4763338851176084,0.47568092529525907,0.22721587727578396,0.29710319742895697,H,2026-07-24T22:40:40.128350+00:00
564828,PD,140,2025,21,2027-01-24 12:00:00+00:00,86,90,541.0,543.0,1.9305963042676593,1.6484686703909248,0.44542567655668436,0.22322209603771787,0.3313522274055977,H,2026-07-24T22:40:40.149533+00:00
564829,PD,140,2025,21,2027-01-24 12:00:00+00:00,82,79,546.0,727.0,1.6210259059760372,1.6445039938830017,0.37645499025338647,0.2371085736043045,0.3864364361423091,A,2026-07-24T22:40:40.170920+00:00
564830,PD,140,2025,21,2027-01-24 12:00:00+00:00,95,559,532.0,536.0,1.667818097221536,1.6793251020635271,0.3806667448729188,0.2338354726053335,0.38549778252174766,A,2026-07-24T22:40:40.192593+00:00
564831,PD,140,2025,21,2027-01-24 12:00:00+00:00,285,87,797.0,728.0,1.455067854166782,1.808634383650462,0.3084259538509691,0.23348278948435636,0.45809125666467454,A,2026-07-24T22:40:40.214200+00:00
564832,PD,140,2025,21,2027-01-24 12:00:00+00:00,263,81,542.0,529.0,1.4100446182916309,2.1895671664359386,0.24105340669630732,0.20924877979061032,0.5496978135130822,A,2026-07-24T22:40:40.235933+00:00
564833,PD,140,2025,21,2027-01-24 12:00:00+00:00,92,84,548.0,535.0,1.5789940763715384,1.7046789544961451,0.355416589743367,0.23591316878972915,0.40867024146690384,A,2026-07-24T22:40:40.257765+00:00
564834,PD,140,2025,21,2027-01-24 12:00:00+00:00,5335,558,4665.0,538.0,1.6966042344571155,1.7506469512821636,0.3738613464879391,0.22993285563388305,0.3962057978781778,A,2026-07-24T22:40:40.279923+00:00
564835,PD,140,2025,21,2027-01-24 12:00:00+00:00,77,88,531.0,539.0,1.788871314779227,1.571245299159087,0.4295268984137661,0.23197618624653987,0.338496915339694,H,2026-07-24T22:40:40.300733+00:00
564836,PD,140,2025,21,2027-01-24 12:00:00+00:00,80,94,540.0,533.0,1.5572905181260555,1.8932317319832774,0.3174572618513922,0.22679549746906225,0.45574724067954564,A,2026-07-24T22:40:40.321549+00:00
564837,PD,140,2025,21,2027-01-24 12:00:00+00:00,560,78,544.0,530.0,1.4968775459569268,1.9241132579435243,0.2989231930051839,0.22593942941119735,0.47513737758361885,A,2026-07-24T22:40:40.342728+00:00
564838,PD,140,2025,22,2027-01-31 12:00:00+00:00,90,285,543.0,797.0,1.9193968285111165,1.5146050331017242,0.4703767081894124,0.22598961467726547,0.30363367713332207,H,2026-07-24T22:40:40.364526+00:00
564839,PD,140,2025,22,2027-01-31 12:00:00+00:00,87,86,728.0,541.0,1.4860608822411234,1.9636038701364145,0.2902492541345743,0.2236953144590473,0.48605543140637836,A,2026-07-24T22:40:40.385575+00:00
564840,PD,140,2025,22,2027-01-31 12:00:00+00:00,78,80,530.0,540.0,1.9403476456889974,1.5034001244299242,0.47732343385960274,0.22490759531368085,0.2977689708267165,H,2026-07-24T22:40:40.406717+00:00
564841,PD,140,2025,22,2027-01-31 12:00:00+00:00,558,82,538.0,546.0,1.675357399806165,1.683642855181541,0.3815775364476771,0.23337269898815086,0.385049764564172,A,2026-07-24T22:40:40.428082+00:00
564842,PD,140,2025,22,2027-01-31 12:00:00+00:00,94,5335,533.0,4665.0,1.833276584407968,1.67970228588179,0.4179220899570499,0.2269840923259755,0.3550938177169746,H,2026-07-24T22:40:40.449103+00:00
564843,PD,140,2025,22,2027-01-31 12:00:00+00:00,88,92,539.0,548.0,1.6781393027983098,1.6306443070798557,0.3923790148160651,0.23529819346674782,0.3723227917171871,H,2026-07-24T22:40:40.470098+00:00
564844,PD,140,2025,22,2027-01-31 12:00:00+00:00,81,95,529.0,532.0,2.2290577523394526,1.5314702901223565,0.5316474180894409,0.2077664238958545,0.2605861580147045,H,2026-07-24T22:40:40.491438+00:00
564845,PD,140,2025,22,2027-01-31 12:00:00+00:00,559,77,536.0,531.0,1.4522668142214923,1.876225236180542,0.2966350763703762,0.22939363831395507,0.47397128531566873,A,2026-07-24T22:40:40.512412+00:00
564846,PD,140,2025,22,2027-01-31 12:00:00+00:00,79,560,727.0,544.0,1.6476372436726539,1.7321177783969075,0.3661755216046215,0.23236614270916955,0.40145833568620903,A,2026-07-24T22:40:40.535024+00:00
564847,PD,140,2025,22,2027-01-31 12:00:00+00:00,84,263,535.0,542.0,1.6874363875070972,1.6402574563932735,0.3926606787685611,0.23454359537460648,0.37279572585683246,H,2026-07-24T22:40:40.557268+00:00
564848,PD,140,2025,23,2027-02-07 12:00:00+00:00,77,79,531.0,727.0,1.818167678080574,1.5739443946909457,0.43560161992167856,0.2304117917137199,0.3339865883646015,H,2026-07-24T22:40:40.578568+00:00
564849,PD,140,2025,23,2027-02-07 12:00:00+00:00,263,558,542.0,538.0,1.6254864151931396,1.7793946184700313,0.3525315580965569,0.2309408469992027,0.4165275949042406,A,2026-07-24T22:40:40.599730+00:00
564850,PD,140,2025,23,2027-02-07 12:00:00+00:00,90,559,543.0,536.0,1.7906664674494077,1.6475918465720305,0.41470868577984243,0.22978147181068345,0.3555098424094742,H,2026-07-24T22:40:40.620586+00:00
564851,PD,140,2025,23,2027-02-07 12:00:00+00:00,285,88,797.0,539.0,1.4696610744830296,1.8643193610958029,0.30251982321983717,0.22987347862702645,0.46760669815313616,A,2026-07-24T22:40:40.641452+00:00
564852,PD,140,2025,23,2027-02-07 12:00:00+00:00,80,87,540.0,728.0,1.588255153880548,1.7055051298972783,0.35741420590298095,0.23556540134287066,0.40702039275414825,A,2026-07-24T22:40:40.662655+00:00
564853,PD,140,2025,23,2027-02-07 12:00:00+00:00,82,94,546.0,533.0,1.5661482687594497,1.8294534510822804,0.3302662732126001,0.2300088625622331,0.43972486422516677,A,2026-07-24T22:40:40.683851+00:00
564854,PD,140,2025,23,2027-02-07 12:00:00+00:00,560,84,544.0,535.0,1.673577463817532,1.721711889746557,0.37401709421885104,0.2319066860082964,0.3940762197728525,A,2026-07-24T22:40:40.704887+00:00
564855,PD,140,2025,23,2027-02-07 12:00:00+00:00,92,86,548.0,541.0,1.4471829430167882,1.9882955399998217,0.27787008873266245,0.22242895899660553,0.499700952270732,A,2026-07-24T22:40:40.728766+00:00
564856,PD,140,2025,23,2027-02-07 12:00:00+00:00,95,5335,532.0,4665.0,1.615828424484163,1.7495433270676746,0.35571933233981734,0.23261530650459053,0.4116653611555922,A,2026-07-24T22:40:40.749966+00:00
564857,PD,140,2025,23,2027-02-07 12:00:00+00:00,81,78,529.0,530.0,1.9465516150263193,1.7835481448193349,0.4224709786470955,0.21964034615868858,0.35788867519421597,H,2026-07-24T22:40:40.770942+00:00
564858,PD,140,2025,24,2027-02-14 12:00:00+00:00,559,80,536.0,540.0,1.6335507313699644,1.707726169048928,0.3674626791615721,0.23391134660154042,0.39862597423688756,A,2026-07-24T22:40:40.791992+00:00
564859,PD,140,2025,24,2027-02-14 12:00:00+00:00,79,78,727.0,530.0,1.484301650406624,1.9694510959987384,0.2889450797780662,0.22335704063786624,0.48769787958406746,A,2026-07-24T22:40:40.815398+00:00
564860,PD,140,2025,24,2027-02-14 12:00:00+00:00,558,87,538.0,728.0,1.7068484185240662,1.7233868906421128,0.38125143040943266,0.23064092973425615,0.3881076398563111,A,2026-07-24T22:40:40.836991+00:00
564861,PD,140,2025,24,2027-02-14 12:00:00+00:00,94,81,533.0,529.0,1.629161993885366,2.175691401881532,0.2883679787227994,0.21093616575109414,0.5006958555261065,A,2026-07-24T22:40:40.859469+00:00
564862,PD,140,2025,24,2027-02-14 12:00:00+00:00,92,90,548.0,543.0,1.571272113047287,1.7840399229396788,0.3393546339213957,0.23222094701200965,0.4284244190665948,A,2026-07-24T22:40:40.881509+00:00
564863,PD,140,2025,24,2027-02-14 12:00:00+00:00,285,560,797.0,544.0,1.469123814085876,1.8756605218403146,0.3005423379688149,0.22919701290626407,0.47026064912492094,A,2026-07-24T22:40:40.902519+00:00
564864,PD,140,2025,24,2027-02-14 12:00:00+00:00,95,263,532.0,542.0,1.6347593056883223,1.6951411593055525,0.37008553602545297,0.23441473564571835,0.3954997283288286,A,2026-07-24T22:40:40.923488+00:00
564865,PD,140,2025,24,2027-02-14 12:00:00+00:00,88,84,539.0,535.0,1.6733819687769274,1.7272790577687707,0.37293652850296855,0.2316851183199757,0.3953783531770557,A,2026-07-24T22:40:40.944772+00:00
564866,PD,140,2025,24,2027-02-14 12:00:00+00:00,5335,82,4665.0,546.0,1.634889402399092,1.6601726687203608,0.376700441361213,0.23589924216940653,0.3874003164693804,A,2026-07-24T22:40:40.965234+00:00
564867,PD,140,2025,24,2027-02-14 12:00:00+00:00,86,77,541.0,531.0,1.7792816513314866,1.7215266646877423,0.397861914574028,0.2279638792910595,0.3741742061349125,H,2026-07-24T22:40:40.987236+00:00
564868,PD,140,2025,25,2027-02-21 12:00:00+00:00,263,5335,542.0,4665.0,1.5995596431298948,1.7343171752219595,0.3547547807051894,0.2338367505693298,0.41140846872548087,A,2026-07-24T22:40:41.008294+00:00
564869,PD,140,2025,25,2027-02-21 12:00:00+00:00,84,90,535.0,543.0,1.6623079908321945,1.7910527970467727,0.3587565819736912,0.22933081735708866,0.4119126006692201,A,2026-07-24T22:40:41.028742+00:00
564870,PD,140,2025,25,2027-02-21 12:00:00+00:00,94,95,533.0,532.0,1.892520104582646,1.6641786317965217,0.43401000773517934,0.2246990602401293,0.34129093202469135,H,2026-07-24T22:40:41.049972+00:00
564871,PD,140,2025,25,2027-02-21 12:00:00+00:00,81,88,529.0,539.0,2.178896803889265,1.5933871473570183,0.5086949503625338,0.21080940007061508,0.2804956495668511,H,2026-07-24T22:40:41.071360+00:00
564872,PD,140,2025,25,2027-02-21 12:00:00+00:00,77,558,531.0,538.0,1.832765053452794,1.6459786646922188,0.4244360790800698,0.22790503755013228,0.347658883369798,H,2026-07-24T22:40:41.093255+00:00
564873,PD,140,2025,25,2027-02-21 12:00:00+00:00,80,79,540.0,727.0,1.6257558866886783,1.7459387103502237,0.35864447755168755,0.23246899015490943,0.4088865322934031,A,2026-07-24T22:40:41.114874+00:00
564874,PD,140,2025,25,2027-02-21 12:00:00+00:00,559,86,536.0,541.0,1.465179907200859,2.0633001181880943,0.27050864031434796,0.21766473458754906,0.511826625098103,A,2026-07-24T22:40:41.135686+00:00
564875,PD,140,2025,25,2027-02-21 12:00:00+00:00,78,285,530.0,797.0,2.1223845385717497,1.406608425735578,0.5367761866089604,0.21367553850412507,0.24954827488691447,H,2026-07-24T22:40:41.156796+00:00
564876,PD,140,2025,25,2027-02-21 12:00:00+00:00,560,92,544.0,548.0,1.6879870332930411,1.653429638799153,0.39024512119851795,0.23403030763496693,0.3757245711665151,H,2026-07-24T22:40:41.177817+00:00
564877,PD,140,2025,25,2027-02-21 12:00:00+00:00,87,82,728.0,546.0,1.5968423153315394,1.6553805657351486,0.3687457952618067,0.2375727372742741,0.3936814674639192,A,2026-07-24T22:40:41.198807+00:00
564878,PD,140,2025,26,2027-02-28 12:00:00+00:00,558,80,538.0,540.0,1.7585449888666003,1.710919059231152,0.39524727677342064,0.2291315566837779,0.3756211665428014,H,2026-07-24T22:40:41.220078+00:00
564879,PD,140,2025,26,2027-02-28 12:00:00+00:00,88,560,539.0,544.0,1.6757974334431167,1.7420217688060071,0.37075260384549863,0.23099318410098965,0.3982542120535118,A,2026-07-24T22:40:41.242317+00:00
564880,PD,140,2025,26,2027-02-28 12:00:00+00:00,84,78,535.0,530.0,1.5069879518668945,1.9624422915270807,0.29504582007606106,0.2235714994095289,0.48138268051441,A,2026-07-24T22:40:41.263109+00:00
564881,PD,140,2025,26,2027-02-28 12:00:00+00:00,79,559,727.0,536.0,1.7175972160769413,1.69473175931873,0.3890979836883268,0.23130879864341988,0.3795932176682534,H,2026-07-24T22:40:41.283957+00:00
564882,PD,140,2025,26,2027-02-28 12:00:00+00:00,86,95,541.0,532.0,2.0171349419337874,1.583979131419372,0.4771047914530931,0.21972035551828767,0.3031748530286192,H,2026-07-24T22:40:41.304878+00:00
564883,PD,140,2025,26,2027-02-28 12:00:00+00:00,82,263,546.0,542.0,1.6267670263763447,1.6242773870402294,0.3816681680697579,0.2377245104932791,0.3806073214369632,H,2026-07-24T22:40:41.325734+00:00
564884,PD,140,2025,26,2027-02-28 12:00:00+00:00,77,81,531.0,529.0,1.5958616013909672,2.0508388462049414,0.30042226864828775,0.21779106646429036,0.48178666488742194,A,2026-07-24T22:40:41.346952+00:00
564885,PD,140,2025,26,2027-02-28 12:00:00+00:00,5335,87,4665.0,728.0,1.665597584137979,1.6993465968802386,0.37637982409584964,0.233110357084572,0.39050981881957847,A,2026-07-24T22:40:41.368782+00:00
564886,PD,140,2025,26,2027-02-28 12:00:00+00:00,90,94,543.0,533.0,1.696839851679151,1.8976020043233046,0.34758937939151774,0.22372132618957627,0.42868929441890596,A,2026-07-24T22:40:41.390297+00:00
564887,PD,140,2025,26,2027-02-28 12:00:00+00:00,92,285,548.0,797.0,1.766546763243127,1.5462667223260167,0.4295096655949804,0.23378550876732604,0.3367048256376935,H,2026-07-24T22:40:41.411410+00:00
564888,PD,140,2025,27,2027-03-07 12:00:00+00:00,81,90,529.0,543.0,2.1642043886090385,1.6633490035568523,0.491420714585533,0.2114151273925934,0.29716415802187346,H,2026-07-24T22:40:41.432654+00:00
564889,PD,140,2025,27,2027-03-07 12:00:00+00:00,285,84,797.0,535.0,1.4775239980120818,1.9000886636174739,0.29846851524581225,0.22761098777037664,0.47392049698381117,A,2026-07-24T22:40:41.453479+00:00
564890,PD,140,2025,27,2027-03-07 12:00:00+00:00,263,77,542.0,531.0,1.4594854473165615,1.8758750923522514,0.2983264063532252,0.22931813888234048,0.4723554547644343,A,2026-07-24T22:40:41.474349+00:00
564891,PD,140,2025,27,2027-03-07 12:00:00+00:00,87,79,728.0,727.0,1.660487724179938,1.719812415660866,0.37138714656834365,0.23244791049135172,0.39616494294030447,A,2026-07-24T22:40:41.495400+00:00
564892,PD,140,2025,27,2027-03-07 12:00:00+00:00,559,92,536.0,548.0,1.6170557228021807,1.713124589407903,0.36266693195446176,0.23424156976643368,0.40309149827910457,A,2026-07-24T22:40:41.516355+00:00
564893,PD,140,2025,27,2027-03-07 12:00:00+00:00,78,558,530.0,538.0,1.95174680285933,1.641911235684274,0.451313616054021,0.2223104265830852,0.32637595736289393,H,2026-07-24T22:40:41.537265+00:00
564894,PD,140,2025,27,2027-03-07 12:00:00+00:00,94,86,533.0,541.0,1.687043765893591,1.9976603783722902,0.3285280536339812,0.21934958911742558,0.45212235724859323,A,2026-07-24T22:40:41.558217+00:00
564895,PD,140,2025,27,2027-03-07 12:00:00+00:00,95,88,532.0,539.0,1.625936900806821,1.7883004405259808,0.35103819024464994,0.2305137919343874,0.41844801782096264,A,2026-07-24T22:40:41.580053+00:00
564896,PD,140,2025,27,2027-03-07 12:00:00+00:00,560,82,544.0,546.0,1.6457108686596325,1.6856121192384883,0.37439518784583886,0.23441794344747924,0.3911868687066819,A,2026-07-24T22:40:41.601768+00:00
564897,PD,140,2025,27,2027-03-07 12:00:00+00:00,80,5335,540.0,4665.0,1.608011157579638,1.7646110093694927,0.3512103477763643,0.23214630203270864,0.41664335019092724,A,2026-07-24T22:40:41.622648+00:00
564898,PD,140,2025,28,2027-03-14 12:00:00+00:00,79,558,727.0,538.0,1.6958699165813245,1.8271271169106125,0.3597856456655701,0.22679878395232472,0.4134155703821051,A,2026-07-24T22:40:41.644280+00:00
564899,PD,140,2025,28,2027-03-14 12:00:00+00:00,285,94,797.0,533.0,1.4452143941841806,2.087276091135028,0.26272901859378184,0.21613377892592012,0.5211372024802979,A,2026-07-24T22:40:41.665803+00:00
564900,PD,140,2025,28,2027-03-14 12:00:00+00:00,263,559,542.0,536.0,1.6628812234150447,1.7007201618581318,0.3755001610902809,0.2331542392981281,0.3913455996115911,A,2026-07-24T22:40:41.686575+00:00
564901,PD,140,2025,28,2027-03-14 12:00:00+00:00,77,95,531.0,532.0,1.856341522515455,1.5760484347165251,0.4437227555314575,0.22839212969809566,0.32788511477044685,H,2026-07-24T22:40:41.707444+00:00
564902,PD,140,2025,28,2027-03-14 12:00:00+00:00,90,88,543.0,539.0,1.74310682661084,1.7469499112145266,0.38498944817252045,0.22844217253418878,0.3865683792932908,A,2026-07-24T22:40:41.728416+00:00
564903,PD,140,2025,28,2027-03-14 12:00:00+00:00,5335,78,4665.0,530.0,1.5084576885058532,1.9781195944756187,0.2928954462342723,0.22263580796500976,0.4844687458007178,A,2026-07-24T22:40:41.749883+00:00
564904,PD,140,2025,28,2027-03-14 12:00:00+00:00,84,87,535.0,728.0,1.6735364142651614,1.7150406398081686,0.3752526488894197,0.23218056797903097,0.3925667831315493,A,2026-07-24T22:40:41.770574+00:00
564905,PD,140,2025,28,2027-03-14 12:00:00+00:00,82,92,546.0,548.0,1.6242989532222232,1.6274981090252725,0.3804719391254453,0.23769310658796566,0.3818349542865891,A,2026-07-24T22:40:41.790999+00:00
564906,PD,140,2025,28,2027-03-14 12:00:00+00:00,81,560,529.0,544.0,2.184386949623518,1.6167937751634178,0.5049833269974129,0.21049221355478911,0.28452445944779803,H,2026-07-24T22:40:41.817723+00:00
564907,PD,140,2025,28,2027-03-14 12:00:00+00:00,86,80,541.0,540.0,2.0085426349795843,1.5807217066098405,0.47594654806694575,0.22021954893933005,0.30383390299372404,H,2026-07-24T22:40:41.838344+00:00
564908,PD,140,2025,29,2027-03-21 12:00:00+00:00,94,84,533.0,535.0,1.8520594015451948,1.7422580377122303,0.4099710380988703,0.22445698176003065,0.3655719801410991,H,2026-07-24T22:40:41.858851+00:00
564909,PD,140,2025,29,2027-03-21 12:00:00+00:00,559,285,536.0,797.0,1.7912203842831613,1.6110571521936607,0.42206305621339896,0.2307929257237033,0.3471440180628977,H,2026-07-24T22:40:41.879492+00:00
564910,PD,140,2025,29,2027-03-21 12:00:00+00:00,88,79,539.0,727.0,1.7087112364575046,1.7494117978737336,0.3768166860612727,0.2295653918956134,0.39361792204311385,A,2026-07-24T22:40:41.899613+00:00
564911,PD,140,2025,29,2027-03-21 12:00:00+00:00,558,86,538.0,541.0,1.5814244715284709,2.0850380911057655,0.29205360742355574,0.21602737677050873,0.4919190158059354,A,2026-07-24T22:40:41.920866+00:00
564912,PD,140,2025,29,2027-03-21 12:00:00+00:00,87,81,728.0,529.0,1.4558985974202991,2.232637023054837,0.24466642616804857,0.20693594584656727,0.548397627985384,A,2026-07-24T22:40:41.942119+00:00
564913,PD,140,2025,29,2027-03-21 12:00:00+00:00,92,263,548.0,542.0,1.613354879590395,1.690716594855913,0.3659670892659844,0.23537822147949153,0.3986546892545239,A,2026-07-24T22:40:41.962002+00:00
564914,PD,140,2025,29,2027-03-21 12:00:00+00:00,80,77,540.0,531.0,1.4671742279311202,1.908711128375753,0.2947581292414829,0.2272148081464442,0.47802706261207295,A,2026-07-24T22:40:41.982669+00:00
564915,PD,140,2025,29,2027-03-21 12:00:00+00:00,5335,90,4665.0,543.0,1.668710295704406,1.820872608349235,0.3548489611832439,0.22783251940880514,0.41731851940795084,A,2026-07-24T22:40:42.003556+00:00
564916,PD,140,2025,29,2027-03-21 12:00:00+00:00,95,560,532.0,544.0,1.6276699504298917,1.8068955986790147,0.3481184114801754,0.22959585113956235,0.42228573738026204,A,2026-07-24T22:40:42.024100+00:00
564917,PD,140,2025,29,2027-03-21 12:00:00+00:00,78,82,530.0,546.0,1.8777819286275448,1.5505812946570783,0.4537077561288982,0.22775253198269751,0.3185397118884043,H,2026-07-24T22:40:42.045318+00:00
564918,PD,140,2025,30,2027-04-04 12:00:00+00:00,88,87,539.0,728.0,1.6788372956996527,1.738411129626138,0.37210961385792807,0.23103810365844182,0.39685228248363,A,2026-07-24T22:40:42.065714+00:00
564919,PD,140,2025,30,2027-04-04 12:00:00+00:00,81,559,529.0,536.0,2.2745259852382045,1.5752265355792057,0.5314655242784451,0.2053924720051634,0.2631420037163915,H,2026-07-24T22:40:42.085995+00:00
564920,PD,140,2025,30,2027-04-04 12:00:00+00:00,84,79,535.0,727.0,1.7155716891480466,1.763243530383781,0.37579648327960913,0.22878957232186659,0.3954139443985244,A,2026-07-24T22:40:42.107002+00:00
564921,PD,140,2025,30,2027-04-04 12:00:00+00:00,77,5335,531.0,4665.0,1.813824720822286,1.6320324163586601,0.42297280192445075,0.22915355046317898,0.3478736476123702,H,2026-07-24T22:40:42.130364+00:00
564922,PD,140,2025,30,2027-04-04 12:00:00+00:00,560,94,544.0,533.0,1.6533355559435756,1.9485674476100505,0.3293976451152948,0.22226412805881188,0.4483382268258932,A,2026-07-24T22:40:42.151724+00:00
564923,PD,140,2025,30,2027-04-04 12:00:00+00:00,92,95,548.0,532.0,1.6460074594530005,1.7288282583878358,0.366410188226612,0.23256372507726905,0.401026086696119,A,2026-07-24T22:40:42.172812+00:00
564924,PD,140,2025,30,2027-04-04 12:00:00+00:00,285,263,797.0,542.0,1.5010060518201496,1.8524147173051118,0.3116021908440223,0.2300617098380288,0.45833609931794894,A,2026-07-24T22:40:42.194545+00:00
564925,PD,140,2025,30,2027-04-04 12:00:00+00:00,86,78,541.0,530.0,1.7722189819643566,1.8769093544546953,0.3676811075962852,0.2226440719594235,0.4096748204442913,A,2026-07-24T22:40:42.216106+00:00
564926,PD,140,2025,30,2027-04-04 12:00:00+00:00,82,80,546.0,540.0,1.6550358995088497,1.6645309226550653,0.38053359328433295,0.23492957491860156,0.3845368317970654,A,2026-07-24T22:40:42.239596+00:00
564927,PD,140,2025,30,2027-04-04 12:00:00+00:00,90,558,543.0,538.0,1.7832845225055387,1.8224692989345248,0.37991823823171467,0.22433989540753219,0.39574186636075304,A,2026-07-24T22:40:42.260589+00:00
564928,PD,140,2025,31,2027-04-11 12:00:00+00:00,87,92,728.0,548.0,1.659081030281406,1.6875009938691834,0.3771147596189021,0.23383806782370734,0.3890471725573906,A,2026-07-24T22:40:42.281477+00:00
564929,PD,140,2025,31,2027-04-11 12:00:00+00:00,80,84,540.0,535.0,1.6197789863631689,1.8147915762527989,0.3449422885600636,0.22943214826737893,0.42562556317255745,A,2026-07-24T22:40:42.302292+00:00
564930,PD,140,2025,31,2027-04-11 12:00:00+00:00,94,77,533.0,531.0,1.6913964009747828,1.8800960708243315,0.3494387187364074,0.22462425968235877,0.4259370215812337,A,2026-07-24T22:40:42.323416+00:00
564931,PD,140,2025,31,2027-04-11 12:00:00+00:00,263,90,542.0,543.0,1.601085535026319,1.858761946539101,0.333086268337028,0.22772904923724416,0.4391846824257277,A,2026-07-24T22:40:42.344353+00:00
564932,PD,140,2025,31,2027-04-11 12:00:00+00:00,95,82,532.0,546.0,1.6005755712841223,1.7615112187931692,0.35006873897221485,0.23251322326209622,0.4174180377656889,A,2026-07-24T22:40:42.365428+00:00
564933,PD,140,2025,31,2027-04-11 12:00:00+00:00,559,560,536.0,544.0,1.617115365067957,1.8381704607726135,0.34024383363422056,0.22837397784688465,0.43138218851889465,A,2026-07-24T22:40:42.386377+00:00
564934,PD,140,2025,31,2027-04-11 12:00:00+00:00,558,285,538.0,797.0,1.9314171247694887,1.6209759844167604,0.45112878600682554,0.22368635550770594,0.32518485848546846,H,2026-07-24T22:40:42.407480+00:00
564935,PD,140,2025,31,2027-04-11 12:00:00+00:00,5335,81,4665.0,529.0,1.4990245761381569,2.2780851424024497,0.2473038204103498,0.20455523606872594,0.5481409435209242,A,2026-07-24T22:40:42.430101+00:00
564936,PD,140,2025,31,2027-04-11 12:00:00+00:00,79,86,727.0,541.0,1.529450238323355,2.0912889033581648,0.2800705954785588,0.215875651802546,0.5040537527188951,A,2026-07-24T22:40:42.451739+00:00
564937,PD,140,2025,31,2027-04-11 12:00:00+00:00,78,88,530.0,539.0,1.9297527714641194,1.6287965913164062,0.4491900781117878,0.22362918332085796,0.3271807385673543,H,2026-07-24T22:40:42.473388+00:00
564938,PD,140,2025,32,2027-04-18 12:00:00+00:00,78,559,530.0,536.0,1.9997508881982757,1.5761972184903923,0.4750021563053819,0.22074555101021212,0.304252292684406,H,2026-07-24T22:40:42.494860+00:00
564939,PD,140,2025,32,2027-04-18 12:00:00+00:00,81,80,529.0,540.0,2.248570779399503,1.588174751659719,0.5236825354291941,0.20692213961549613,0.26939532495530977,H,2026-07-24T22:40:42.515732+00:00
564940,PD,140,2025,32,2027-04-18 12:00:00+00:00,88,94,539.0,533.0,1.655512882786016,1.9633045131560578,0.32741287533923963,0.22151299596739094,0.4510741286933696,A,2026-07-24T22:40:42.536351+00:00
564941,PD,140,2025,32,2027-04-18 12:00:00+00:00,92,5335,548.0,4665.0,1.6061334565356973,1.782751647014868,0.34753348084701,0.2313355455162706,0.4211309736367194,A,2026-07-24T22:40:42.558235+00:00
564942,PD,140,2025,32,2027-04-18 12:00:00+00:00,84,95,535.0,532.0,1.7440090282473317,1.7430663135523705,0.3859183715855293,0.22855074441509418,0.3855308839993765,H,2026-07-24T22:40:42.579796+00:00
564943,PD,140,2025,32,2027-04-18 12:00:00+00:00,560,558,544.0,538.0,1.730037429783382,1.847435369726153,0.36371239370828035,0.2249888483468164,0.4112987579449031,A,2026-07-24T22:40:42.600457+00:00
564944,PD,140,2025,32,2027-04-18 12:00:00+00:00,285,79,797.0,727.0,1.510754519429858,1.9327797670887175,0.3006146711241831,0.2252639309641246,0.4741213979116923,A,2026-07-24T22:40:42.620862+00:00
564945,PD,140,2025,32,2027-04-18 12:00:00+00:00,263,87,542.0,728.0,1.6072794985695147,1.7646124424419705,0.35104304606488773,0.23216783264897212,0.4167891212861402,A,2026-07-24T22:40:42.642057+00:00
564946,PD,140,2025,32,2027-04-18 12:00:00+00:00,90,77,543.0,531.0,1.59610817930291,1.9049229364218507,0.3241354526685121,0.22548272741550293,0.45038181991598497,A,2026-07-24T22:40:42.663068+00:00
564947,PD,140,2025,32,2027-04-18 12:00:00+00:00,82,86,546.0,541.0,1.4865055854791502,2.0195163657348854,0.28169124226766634,0.22030760071741448,0.49800115701491904,A,2026-07-24T22:40:42.683668+00:00
564948,PD,140,2025,33,2027-04-21 12:00:00+00:00,82,90,546.0,543.0,1.6127607866300206,1.807541810688625,0.3446372667601898,0.22996410177953544,0.4253986314602747,A,2026-07-24T22:40:42.703975+00:00
564949,PD,140,2025,33,2027-04-21 12:00:00+00:00,95,87,532.0,728.0,1.6292860047248858,1.7987356868310018,0.3499335812402564,0.22993324698499815,0.42013317177474563,A,2026-07-24T22:40:42.724425+00:00
564950,PD,140,2025,33,2027-04-21 12:00:00+00:00,558,81,538.0,529.0,1.5435768009534963,2.3449651012395583,0.24729654337772874,0.20104405034295844,0.5516594062793129,A,2026-07-24T22:40:42.746278+00:00
564951,PD,140,2025,33,2027-04-21 12:00:00+00:00,79,263,727.0,542.0,1.6942459755004775,1.7434415195643618,0.3746636800400304,0.23030257178712032,0.39503374817284925,A,2026-07-24T22:40:42.767431+00:00
564952,PD,140,2025,33,2027-04-21 12:00:00+00:00,86,285,541.0,797.0,2.2048528685359927,1.494174461584784,0.5346999680984572,0.20899140874363262,0.2563086231579102,H,2026-07-24T22:40:42.787833+00:00
564953,PD,140,2025,33,2027-04-21 12:00:00+00:00,77,560,531.0,544.0,1.8178095821228992,1.659873664749722,0.4183688893612741,0.22821368392535218,0.35341742671337373,H,2026-07-24T22:40:42.808524+00:00
564954,PD,140,2025,33,2027-04-21 12:00:00+00:00,5335,84,4665.0,535.0,1.6948804683049523,1.7960883704097363,0.36515365615213424,0.22813202936073143,0.4067143144871342,A,2026-07-24T22:40:42.829402+00:00
564955,PD,140,2025,33,2027-04-21 12:00:00+00:00,94,78,533.0,530.0,1.6712912776970679,2.001673070261022,0.3244830967567015,0.2194060157151249,0.4561108875281737,A,2026-07-24T22:40:42.850268+00:00
564956,PD,140,2025,33,2027-04-21 12:00:00+00:00,559,88,536.0,539.0,1.6233441108487578,1.8461901512202925,0.34024313305155973,0.227835721067511,0.43192114588092934,A,2026-07-24T22:40:42.871231+00:00
564957,PD,140,2025,33,2027-04-21 12:00:00+00:00,80,92,540.0,548.0,1.6323752632925557,1.738453978815295,0.36152490578854846,0.2325933503072717,0.4058817439041798,A,2026-07-24T22:40:42.892149+00:00
564958,PD,140,2025,34,2027-05-02 12:00:00+00:00,560,5335,544.0,4665.0,1.702392898181683,1.8005870151164975,0.36601635346852474,0.2277157873173411,0.40626785921413416,A,2026-07-24T22:40:42.912837+00:00
564959,PD,140,2025,34,2027-05-02 12:00:00+00:00,558,559,538.0,536.0,1.8070438344298236,1.7787812517352763,0.39320339556174977,0.22504017878078914,0.38175642565746126,H,2026-07-24T22:40:42.935187+00:00
564960,PD,140,2025,34,2027-05-02 12:00:00+00:00,92,77,548.0,531.0,1.4654659859973889,1.928374094387645,0.29124075338475613,0.22602991501568592,0.4827293315995579,A,2026-07-24T22:40:42.955824+00:00
564961,PD,140,2025,34,2027-05-02 12:00:00+00:00,81,79,529.0,727.0,2.2404830857350815,1.6516386580534093,0.5090622473017075,0.20749586988457155,0.28344188281372096,H,2026-07-24T22:40:42.976370+00:00
564962,PD,140,2025,34,2027-05-02 12:00:00+00:00,87,94,728.0,533.0,1.618073981030098,1.963428505155436,0.3192439730695014,0.22211369946714135,0.4586423274633573,A,2026-07-24T22:40:42.997496+00:00
564963,PD,140,2025,34,2027-05-02 12:00:00+00:00,84,82,535.0,546.0,1.663997614537587,1.741293132256816,0.3682094542861314,0.23142269689122638,0.40036784882264226,A,2026-07-24T22:40:43.018862+00:00
564964,PD,140,2025,34,2027-05-02 12:00:00+00:00,90,95,543.0,532.0,1.8088039098204212,1.7523068865694946,0.3985660337614946,0.22583254403712372,0.37560142220138165,H,2026-07-24T22:40:43.040055+00:00
564965,PD,140,2025,34,2027-05-02 12:00:00+00:00,285,80,797.0,540.0,1.524842875272607,1.8903613505970072,0.31067529722753423,0.22749629231171517,0.46182841046075046,A,2026-07-24T22:40:43.060392+00:00
564966,PD,140,2025,34,2027-05-02 12:00:00+00:00,88,86,539.0,541.0,1.5533075464188781,2.0942739060967748,0.28468586753463193,0.2156343460001154,0.49967978646525274,A,2026-07-24T22:40:43.081823+00:00
564967,PD,140,2025,34,2027-05-02 12:00:00+00:00,78,263,530.0,542.0,1.9571008477764258,1.5842335235034979,0.4641756877053064,0.22294257168994952,0.31288174060474405,H,2026-07-24T22:40:43.102129+00:00
564968,PD,140,2025,35,2027-05-09 12:00:00+00:00,95,78,532.0,530.0,1.476876801507279,2.0994370759825918,0.267699737304458,0.21541879744125342,0.5168814652542886,A,2026-07-24T22:40:43.122387+00:00
564969,PD,140,2025,35,2027-05-09 12:00:00+00:00,79,92,727.0,548.0,1.6930590210958754,1.751186136878898,0.37296223967737946,0.23003183462413182,0.3970059256984887,A,2026-07-24T22:40:43.144945+00:00
564970,PD,140,2025,35,2027-05-09 12:00:00+00:00,263,88,542.0,539.0,1.6257773121316499,1.8267211371433028,0.344192624666918,0.22870843246925285,0.4270989428638291,A,2026-07-24T22:40:43.166010+00:00
564971,PD,140,2025,35,2027-05-09 12:00:00+00:00,77,84,531.0,535.0,1.827144551539584,1.678338619239775,0.41682948755102833,0.227289744724033,0.3558807677249386,H,2026-07-24T22:40:43.187108+00:00
564972,PD,140,2025,35,2027-05-09 12:00:00+00:00,5335,559,4665.0,536.0,1.7607729588651722,1.7464504194906363,0.3890258540843851,0.22781756737307254,0.3831565785425423,H,2026-07-24T22:40:43.208777+00:00
564973,PD,140,2025,35,2027-05-09 12:00:00+00:00,87,560,728.0,544.0,1.6567665311013038,1.802878338933322,0.3553858589244817,0.22896895835998649,0.41564518271553186,A,2026-07-24T22:40:43.229485+00:00
564974,PD,140,2025,35,2027-05-09 12:00:00+00:00,90,80,543.0,540.0,1.7985353800416932,1.7412197487058285,0.3983966342070196,0.22657807127343096,0.37502529451954947,H,2026-07-24T22:40:43.252112+00:00
564975,PD,140,2025,35,2027-05-09 12:00:00+00:00,86,81,541.0,529.0,1.7636125977144126,2.1704755103890925,0.31685373607734457,0.2104332306152419,0.4727130333074136,A,2026-07-24T22:40:43.272538+00:00
564976,PD,140,2025,35,2027-05-09 12:00:00+00:00,82,285,546.0,797.0,1.8148413435478892,1.57037694916897,0.4355765391399549,0.23066814829824406,0.33375531256180113,H,2026-07-24T22:40:43.293958+00:00
564977,PD,140,2025,35,2027-05-09 12:00:00+00:00,94,558,533.0,538.0,1.9064711336484634,1.8456188166418197,0.4022720142417726,0.21950703554774084,0.3782209502104866,H,2026-07-24T22:40:43.315392+00:00
564978,PD,140,2025,36,2027-05-16 12:00:00+00:00,78,87,530.0,728.0,1.9297755672437897,1.6283024892256501,0.4492945320607026,0.22363702597369864,0.327068441965599,H,2026-07-24T22:40:43.337361+00:00
564979,PD,140,2025,36,2027-05-16 12:00:00+00:00,559,94,536.0,533.0,1.592995269188473,2.0542616325170435,0.29927456340805153,0.217629990517346,0.4830954460746027,A,2026-07-24T22:40:43.359260+00:00
564980,PD,140,2025,36,2027-05-16 12:00:00+00:00,92,81,548.0,529.0,1.432059777788716,2.3300634935076636,0.2271875820096014,0.200373051930445,0.5724393660599535,A,2026-07-24T22:40:43.379576+00:00
564981,PD,140,2025,36,2027-05-16 12:00:00+00:00,285,77,797.0,531.0,1.3637277947365256,2.113457953530165,0.2417250090846943,0.21395212278068906,0.5443228681346166,A,2026-07-24T22:40:43.401199+00:00
564982,PD,140,2025,36,2027-05-16 12:00:00+00:00,84,558,535.0,538.0,1.7392766972713494,1.8761302413861072,0.36063791999107825,0.22357075953972402,0.4157913204691978,A,2026-07-24T22:40:43.422559+00:00
564983,PD,140,2025,36,2027-05-16 12:00:00+00:00,560,263,544.0,542.0,1.7248412330877534,1.7520409495842044,0.3799506507625191,0.22890187860678185,0.3911474706306989,A,2026-07-24T22:40:43.445478+00:00
564984,PD,140,2025,36,2027-05-16 12:00:00+00:00,88,82,539.0,546.0,1.6668767367083075,1.757486912009757,0.3658867824166291,0.230640252950444,0.4034729646329269,A,2026-07-24T22:40:43.466685+00:00
564985,PD,140,2025,36,2027-05-16 12:00:00+00:00,80,95,540.0,532.0,1.6765169135791806,1.801508262659996,0.3600639824171696,0.22845486041915114,0.41148115716367917,A,2026-07-24T22:40:43.487574+00:00
564986,PD,140,2025,36,2027-05-16 12:00:00+00:00,86,5335,541.0,4665.0,1.9936715885803757,1.697348575274308,0.44923381308659316,0.2193651211285072,0.3314010657848996,H,2026-07-24T22:40:43.508352+00:00
564987,PD,140,2025,36,2027-05-16 12:00:00+00:00,79,90,727.0,543.0,1.6703807028386974,1.9086818256790163,0.3398785820246826,0.22381443115377775,0.4363069868215395,A,2026-07-24T22:40:43.528637+00:00
564992,PD,140,2025,37,2027-05-23 12:00:00+00:00,78,77,530.0,531.0,1.7691112973185956,1.783412256667337,0.38398393570793815,0.2262111318693267,0.3898049324227351,A,2026-07-24T22:40:43.549036+00:00
564993,PD,140,2025,37,2027-05-23 12:00:00+00:00,263,86,542.0,541.0,1.4893814117385886,2.135159775739427,0.26516685278723034,0.21324048741607263,0.5215926597966969,A,2026-07-24T22:40:43.570215+00:00
564994,PD,140,2025,37,2027-05-23 12:00:00+00:00,559,82,536.0,546.0,1.5970444640578936,1.8151718016879828,0.33974119874731096,0.22999687956742676,0.4302619216852622,A,2026-07-24T22:40:43.591189+00:00
564995,PD,140,2025,37,2027-05-23 12:00:00+00:00,94,79,533.0,727.0,1.9021829433049593,1.7950931127757324,0.41079748409280303,0.22105888833092702,0.36814362757626995,H,2026-07-24T22:40:43.611879+00:00
564996,PD,140,2025,37,2027-05-23 12:00:00+00:00,5335,88,4665.0,539.0,1.706669820728831,1.8282720323735888,0.36197846922170474,0.22644213278756867,0.4115793979907265,A,2026-07-24T22:40:43.632781+00:00
564997,PD,140,2025,37,2027-05-23 12:00:00+00:00,560,80,544.0,540.0,1.7448204613921474,1.7650430188600308,0.38199945976099814,0.22771734773063249,0.3902831925083694,A,2026-07-24T22:40:43.653661+00:00
564988,PD,140,2025,37,2027-05-23 12:00:00+00:00,87,90,728.0,543.0,1.6486374962810137,1.8789835404175368,0.3401918034529462,0.2256819875903453,0.43412620895670845,A,2026-07-24T22:40:43.674133+00:00
564989,PD,140,2025,37,2027-05-23 12:00:00+00:00,81,84,529.0,535.0,2.219324968332886,1.68753271377645,0.4976045779442434,0.20853990205198678,0.29385552000376997,H,2026-07-24T22:40:43.696028+00:00
564990,PD,140,2025,37,2027-05-23 12:00:00+00:00,95,285,532.0,797.0,1.8342978454932533,1.6670890446487812,0.42061734301542836,0.2272795544912063,0.3521031024933654,H,2026-07-24T22:40:43.717522+00:00
564991,PD,140,2025,37,2027-05-23 12:00:00+00:00,558,92,538.0,548.0,1.7633808437403167,1.7837767793000268,0.38264892436676123,0.22639371941917802,0.39095735621406086,A,2026-07-24T22:40:43.737933+00:00
564998,PD,140,2025,38,2027-05-30 12:00:00+00:00,88,558,539.0,538.0,1.742289894667481,1.893613122236303,0.35821404890490544,0.22277923433566152,0.4190067167594331,A,2026-07-24T22:40:43.758779+00:00
564999,PD,140,2025,38,2027-05-30 12:00:00+00:00,86,560,541.0,544.0,1.9968293743218524,1.7231728968019453,0.4448175968639524,0.2187737020831186,0.336408701052929,H,2026-07-24T22:40:43.779203+00:00
565000,PD,140,2025,38,2027-05-30 12:00:00+00:00,90,78,543.0,530.0,1.587519011331161,2.0684115820659525,0.29590768017419433,0.21690212711549575,0.4871901927103099,A,2026-07-24T22:40:43.800207+00:00
565001,PD,140,2025,38,2027-05-30 12:00:00+00:00,92,94,548.0,533.0,1.582406281978492,2.013917923260521,0.303344967520078,0.21991059149942938,0.47674444098049257,A,2026-07-24T22:40:43.821226+00:00
565002,PD,140,2025,38,2027-05-30 12:00:00+00:00,84,559,535.0,536.0,1.771720420654913,1.7701591325617332,0.3870230919683815,0.22659032673504398,0.38638658129657455,H,2026-07-24T22:40:43.842415+00:00
565003,PD,140,2025,38,2027-05-30 12:00:00+00:00,285,5335,797.0,4665.0,1.5028652891502476,1.9873672368455695,0.2902211767082923,0.22213583573552362,0.48764298755618424,A,2026-07-24T22:40:43.864086+00:00
565004,PD,140,2025,38,2027-05-30 12:00:00+00:00,77,87,531.0,728.0,1.8226102908158468,1.6604906912579318,0.41931668731077854,0.22798140086077373,0.3527019118284476,H,2026-07-24T22:40:43.884673+00:00
565005,PD,140,2025,38,2027-05-30 12:00:00+00:00,80,263,540.0,542.0,1.6526851080229439,1.792203699982202,0.35638217926996535,0.2295637426336452,0.41405407809638933,A,2026-07-24T22:40:43.905187+00:00
565006,PD,140,2025,38,2027-05-30 12:00:00+00:00,82,81,546.0,529.0,1.454257192803483,2.286521099572182,0.2371927125191115,0.2034967564823999,0.5593105309984885,A,2026-07-24T22:40:43.927993+00:00
565007,PD,140,2025,38,2027-05-30 12:00:00+00:00,79,95,727.0,532.0,1.737465591687024,1.8102750715658775,0.37205205062651514,0.22624401493541854,0.40170393443806635,A,2026-07-24T22:40:43.948959+00:00
565776,BL1,78,2025,1,2026-08-28 18:30:00+00:00,5,10,157.0,172.0,2.230200225294009,1.5188323099341023,0.5345348706175932,0.20761931620784596,0.2578458131745608,H,2026-07-24T22:40:43.969901+00:00
565777,BL1,78,2025,1,2026-08-29 13:30:00+00:00,721,18,173.0,163.0,1.7507549902726145,1.6175113071303704,0.41160876792193524,0.23250700208901537,0.3558842299890496,H,2026-07-24T22:40:43.991098+00:00
565778,BL1,78,2025,1,2026-08-29 13:30:00+00:00,15,29,164.0,185.0,1.7160279482798881,1.54586607372559,0.41794867849302453,0.23640959389633315,0.34564172761064227,H,2026-07-24T22:40:44.011205+00:00
565779,BL1,78,2025,1,2026-08-29 13:30:00+00:00,28,19,182.0,169.0,1.4887753641124162,1.802634783144169,0.31720460078691387,0.23316883259103757,0.44962656662204875,A,2026-07-24T22:40:44.031104+00:00
565780,BL1,78,2025,1,2026-08-29 13:30:00+00:00,719,3,1660.0,168.0,1.4937376688792001,1.9773769703868005,0.2897807671957607,0.22280393730590078,0.48741529549833856,A,2026-07-24T22:40:44.051340+00:00
565783,BL1,78,2025,1,2026-08-29 13:30:00+00:00,1,2,192.0,167.0,1.6009237695904375,1.628729679932325,0.3747582392122283,0.23859610576165646,0.3866456550261153,A,2026-07-24T22:40:44.071733+00:00
565781,BL1,78,2025,1,2026-08-29 16:30:00+00:00,4,7,165.0,175.0,2.5126853721957927,1.2196730407973095,0.6517153232491102,0.18191252224465368,0.1663721545062359,H,2026-07-24T22:40:44.091734+00:00
565784,BL1,78,2025,1,2026-08-30 13:30:00+00:00,17,12,160.0,162.0,1.6986480843293725,1.6506726599559927,0.3932230012938746,0.2336874393141815,0.37308955939194394,H,2026-07-24T22:40:44.113036+00:00
565782,BL1,78,2025,1,2026-08-30 15:30:00+00:00,16,6,170.0,174.0,1.755817407286595,1.4712685427994552,0.44252856765841087,0.23627560762577393,0.32119582471581515,H,2026-07-24T22:40:44.133647+00:00
565791,BL1,78,2025,2,2026-09-04 18:30:00+00:00,10,1,172.0,192.0,1.939801650394042,1.4301952839788998,0.4927998432118555,0.22561731930343298,0.2815828374847116,H,2026-07-24T22:40:44.154012+00:00
565785,BL1,78,2025,2,2026-09-05 13:30:00+00:00,12,721,162.0,173.0,1.6538546104184741,1.7071894384639896,0.37222226410768705,0.23321339572432065,0.39456434016799236,A,2026-07-24T22:40:44.174537+00:00
565787,BL1,78,2025,2,2026-09-05 13:30:00+00:00,2,4,167.0,165.0,1.5236832230695125,1.9441749711919705,0.30164575156314616,0.22444989450752606,0.4739043539293279,A,2026-07-24T22:40:44.194696+00:00
565790,BL1,78,2025,2,2026-09-05 13:30:00+00:00,3,28,168.0,182.0,1.9535304900963884,1.454363100190069,0.4906133452208399,0.22457011076921085,0.2848165440099493,H,2026-07-24T22:40:44.216287+00:00
565792,BL1,78,2025,2,2026-09-05 13:30:00+00:00,18,719,163.0,1660.0,1.8361060360555608,1.6068689257968494,0.43297606626819046,0.22872220968357318,0.3383017240482362,H,2026-07-24T22:40:44.237641+00:00
565793,BL1,78,2025,2,2026-09-05 13:30:00+00:00,29,17,185.0,160.0,1.6808381920057074,1.5825005325246688,0.40244045130841166,0.23692630999297165,0.36063323869861663,H,2026-07-24T22:40:44.258420+00:00
565789,BL1,78,2025,2,2026-09-05 16:30:00+00:00,6,5,174.0,157.0,1.2478253368518724,2.3760447430686007,0.1859130945942889,0.19281580706067247,0.6212710983450388,A,2026-07-24T22:40:44.278355+00:00
565788,BL1,78,2025,2,2026-09-06 13:30:00+00:00,7,15,175.0,164.0,1.1912583281591633,2.1877573474968055,0.19632372419000388,0.20555985834399992,0.5981164174659962,A,2026-07-24T22:40:44.298180+00:00
565786,BL1,78,2025,2,2026-09-06 15:30:00+00:00,19,16,169.0,170.0,1.9072868058062429,1.4697915757459157,0.4771555127501476,0.22727091956850276,0.2955735676813496,H,2026-07-24T22:40:44.317961+00:00
565797,BL1,78,2025,3,2026-09-11 18:30:00+00:00,28,6,182.0,174.0,1.7725538406005827,1.471234133994774,0.4464028701372558,0.2352988339912648,0.3182982958714793,H,2026-07-24T22:40:44.337710+00:00
565794,BL1,78,2025,3,2026-09-12 13:30:00+00:00,2,10,167.0,172.0,1.5593807130785493,1.8771408273686854,0.3206197634044945,0.22762468077313713,0.45175555582236826,A,2026-07-24T22:40:44.357524+00:00
565795,BL1,78,2025,3,2026-09-12 13:30:00+00:00,4,29,165.0,185.0,1.8231244758182223,1.5895566158682173,0.4335562295656876,0.22978495778401234,0.33665881265030007,H,2026-07-24T22:40:44.378538+00:00
565796,BL1,78,2025,3,2026-09-12 13:30:00+00:00,16,3,170.0,168.0,1.451022713800044,1.8810123724230399,0.29557877000900423,0.2291138844267358,0.4753073455642601,A,2026-07-24T22:40:44.398784+00:00
565801,BL1,78,2025,3,2026-09-12 13:30:00+00:00,15,19,164.0,169.0,1.6715033072350705,1.7350318404499432,0.37107125734241747,0.23142992263940712,0.3974988200181755,A,2026-07-24T22:40:44.419122+00:00
565802,BL1,78,2025,3,2026-09-12 13:30:00+00:00,17,18,160.0,163.0,1.6979562277131703,1.673760433707036,0.3886284201434126,0.23286316901337104,0.3785084108432165,H,2026-07-24T22:40:44.439816+00:00
565798,BL1,78,2025,3,2026-09-12 16:30:00+00:00,1,12,192.0,162.0,1.504334307102544,1.746722201131519,0.33049057344546673,0.23596196210312356,0.4335474644514096,A,2026-07-24T22:40:44.460124+00:00
565799,BL1,78,2025,3,2026-09-13 13:30:00+00:00,721,7,173.0,175.0,2.3231498425029993,1.2358859580380892,0.6141199013746235,0.196366436344636,0.18951366228074062,H,2026-07-24T22:40:44.480537+00:00
565800,BL1,78,2025,3,2026-09-13 15:30:00+00:00,719,5,1660.0,157.0,1.3616289457627113,2.319128530694335,0.21463662150510754,0.19977098530926612,0.5855923931856263,A,2026-07-24T22:40:44.501876+00:00
565804,BL1,78,2025,4,2026-09-18 18:30:00+00:00,5,28,157.0,182.0,2.307696669824423,1.3658879880642798,0.5824821755805372,0.20063622669487727,0.21688159772458562,H,2026-07-24T22:40:44.522081+00:00
565808,BL1,78,2025,4,2026-09-19 13:30:00+00:00,7,1,175.0,192.0,1.3531868460367222,1.866405270729548,0.27564518955543166,0.2311063084116797,0.4932485020328889,A,2026-07-24T22:40:44.542061+00:00
565809,BL1,78,2025,4,2026-09-19 13:30:00+00:00,18,15,163.0,164.0,1.6244703190655947,1.7579609010185073,0.35616617973383186,0.2319602103997063,0.4118736098664617,A,2026-07-24T22:40:44.561904+00:00
565810,BL1,78,2025,4,2026-09-19 13:30:00+00:00,12,16,162.0,170.0,1.7303510225250296,1.5744463629961658,0.4155054782747841,0.23481167270554731,0.3496828490196685,H,2026-07-24T22:40:44.583196+00:00
565811,BL1,78,2025,4,2026-09-19 13:30:00+00:00,19,17,169.0,160.0,1.8894699992503767,1.5714944818411651,0.4520007805852174,0.22674276429324097,0.3212564551215417,H,2026-07-24T22:40:44.603035+00:00
565806,BL1,78,2025,4,2026-09-19 16:30:00+00:00,10,4,172.0,165.0,1.737724412848915,1.799522239151096,0.3740698517950537,0.22665232825533665,0.39927781994960987,A,2026-07-24T22:40:44.622889+00:00
565807,BL1,78,2025,4,2026-09-20 13:30:00+00:00,3,721,168.0,173.0,1.8869194342852693,1.5945986001924353,0.446728477316194,0.22643624847270244,0.32683527421110364,H,2026-07-24T22:40:44.643975+00:00
565805,BL1,78,2025,4,2026-09-20 15:30:00+00:00,6,719,174.0,1660.0,1.6047536075151294,1.7552743705858027,0.3521481691382797,0.2326856633186728,0.41516616754304764,A,2026-07-24T22:40:44.664097+00:00
565803,BL1,78,2025,4,2026-09-20 17:30:00+00:00,29,2,185.0,167.0,1.8204330690968842,1.5225066037210597,0.4466531711834427,0.2314511465946361,0.32189568222192133,H,2026-07-24T22:40:44.684224+00:00
565812,BL1,78,2025,5,2026-10-10 13:30:00+00:00,15,3,164.0,168.0,1.6450892604450036,1.8124280031723643,0.3510580103825707,0.22886442962288459,0.4200775599945446,A,2026-07-24T22:40:44.704378+00:00
565813,BL1,78,2025,5,2026-10-10 13:30:00+00:00,29,10,185.0,172.0,1.6555928708505572,1.72809295450502,0.36873425335699095,0.23226829930979873,0.3989974473332103,A,2026-07-24T22:40:44.724496+00:00
565814,BL1,78,2025,5,2026-10-10 13:30:00+00:00,1,18,192.0,163.0,1.508296007248198,1.787394131391295,0.32431435446330825,0.23360372511459662,0.4420819204220954,A,2026-07-24T22:40:44.744617+00:00
565815,BL1,78,2025,5,2026-10-10 13:30:00+00:00,721,19,173.0,169.0,1.642571236827711,1.8072908356614865,0.3514056178358873,0.22916914485706175,0.419425237307051,A,2026-07-24T22:40:44.766374+00:00
565816,BL1,78,2025,5,2026-10-10 13:30:00+00:00,17,6,160.0,174.0,1.8868727247833093,1.5010678161236766,0.46602281613956315,0.22806520324908217,0.3059119806113546,H,2026-07-24T22:40:44.787331+00:00
565817,BL1,78,2025,5,2026-10-10 13:30:00+00:00,28,719,182.0,1660.0,1.7132713748277115,1.6162632281463702,0.4032808517989581,0.23426187201647125,0.3624572761845706,H,2026-07-24T22:40:44.808414+00:00
565818,BL1,78,2025,5,2026-10-10 13:30:00+00:00,2,7,167.0,175.0,2.1376887376697344,1.3772702914564747,0.546328442160089,0.21240936708496674,0.2412621907549444,H,2026-07-24T22:40:44.828879+00:00
565819,BL1,78,2025,5,2026-10-10 13:30:00+00:00,16,5,170.0,157.0,1.3262920206287991,2.2233029684693153,0.21946834243712401,0.205754573178198,0.574777084384678,A,2026-07-24T22:40:44.848955+00:00
565820,BL1,78,2025,5,2026-10-10 13:30:00+00:00,4,12,165.0,162.0,1.920773836858734,1.642690265105442,0.44444890472462856,0.22380843626110314,0.3317426590142684,H,2026-07-24T22:40:44.870264+00:00
565821,BL1,78,2025,6,2026-10-17 13:30:00+00:00,28,4,182.0,165.0,1.5340742136623862,1.8602649420844044,0.3177683480557708,0.2290170098262748,0.45321464211795426,A,2026-07-24T22:40:44.890841+00:00
565822,BL1,78,2025,6,2026-10-17 13:30:00+00:00,7,10,175.0,172.0,1.2434875220924877,2.2793094810395065,0.19603405709391813,0.1998518059783537,0.6041141369277282,A,2026-07-24T22:40:44.911838+00:00
565823,BL1,78,2025,6,2026-10-17 13:30:00+00:00,12,29,162.0,185.0,1.6604230646006597,1.6949566125838675,0.3760192411983291,0.2334819499415295,0.39049880886014154,A,2026-07-24T22:40:44.932262+00:00
565824,BL1,78,2025,6,2026-10-17 13:30:00+00:00,719,16,1660.0,170.0,1.6634633881246232,1.6840657567658124,0.3787695676935129,0.2338118820713626,0.38741855023512456,A,2026-07-24T22:40:44.952868+00:00
565825,BL1,78,2025,6,2026-10-17 13:30:00+00:00,5,721,157.0,173.0,2.235057485755134,1.50993458654554,0.5373764223101446,0.20726478715946342,0.25535879053039195,H,2026-07-24T22:40:44.972639+00:00
565826,BL1,78,2025,6,2026-10-17 13:30:00+00:00,18,2,163.0,167.0,1.8681326162421321,1.6196800580881876,0.43751841427028504,0.22685323142800728,0.3356283543017078,H,2026-07-24T22:40:44.992659+00:00
565827,BL1,78,2025,6,2026-10-17 13:30:00+00:00,3,17,168.0,160.0,1.9560870607267347,1.5727196627879028,0.4663213431082271,0.2231570108558572,0.31052164603591575,H,2026-07-24T22:40:45.012987+00:00
565828,BL1,78,2025,6,2026-10-17 13:30:00+00:00,19,1,169.0,192.0,2.036118818697453,1.4254250995513345,0.5146380010675639,0.21941269384099427,0.26594930509144193,H,2026-07-24T22:40:45.033109+00:00
565829,BL1,78,2025,6,2026-10-17 13:30:00+00:00,6,15,174.0,164.0,1.424234426214667,1.9360246099976874,0.28084068859616784,0.22590289656577353,0.49325641483805865,A,2026-07-24T22:40:45.052694+00:00
565830,BL1,78,2025,7,2026-10-24 13:30:00+00:00,15,12,164.0,162.0,1.8182055097964853,1.625030882518379,0.42534415084555083,0.22913233049905252,0.34552351865539693,H,2026-07-24T22:40:45.073885+00:00
565831,BL1,78,2025,7,2026-10-24 13:30:00+00:00,1,6,192.0,174.0,1.670707742557334,1.589002488707886,0.3987970619926008,0.23716541459455576,0.3640375234128436,H,2026-07-24T22:40:45.093644+00:00
565832,BL1,78,2025,7,2026-10-24 13:30:00+00:00,721,719,173.0,1660.0,1.8801759662326651,1.5929687429948407,0.44557074480840875,0.2268141336242183,0.3276151215673728,H,2026-07-24T22:40:45.113346+00:00
565833,BL1,78,2025,7,2026-10-24 13:30:00+00:00,10,18,172.0,163.0,1.8444043013985134,1.6855645878943368,0.4192374412976244,0.2263394944534732,0.3544230642489023,H,2026-07-24T22:40:45.133017+00:00
565834,BL1,78,2025,7,2026-10-24 13:30:00+00:00,29,7,185.0,175.0,2.2641523217495294,1.258235000392246,0.5978983747635784,0.2013552357348616,0.2007463895015599,H,2026-07-24T22:40:45.153004+00:00
565835,BL1,78,2025,7,2026-10-24 13:30:00+00:00,2,3,167.0,168.0,1.476346430010645,2.054540694360021,0.27420945990407336,0.21819532874452183,0.5075952113514048,A,2026-07-24T22:40:45.173905+00:00
565836,BL1,78,2025,7,2026-10-24 13:30:00+00:00,17,5,160.0,157.0,1.4166082836705363,2.2315550328203955,0.23679905021023026,0.2065558735239036,0.556645076265866,A,2026-07-24T22:40:45.194030+00:00
565837,BL1,78,2025,7,2026-10-24 13:30:00+00:00,4,19,165.0,169.0,1.7859701591437018,1.8150921397595483,0.38185708184850703,0.22451734971945148,0.3936255684320414,A,2026-07-24T22:40:45.214283+00:00
565838,BL1,78,2025,7,2026-10-24 13:30:00+00:00,16,28,170.0,182.0,1.6058669704544584,1.6057370334408294,0.38033611181163574,0.23938348476361368,0.3802804034247507,H,2026-07-24T22:40:45.234445+00:00
565839,BL1,78,2025,8,2026-10-31 14:30:00+00:00,18,29,163.0,185.0,1.6754741369654238,1.7096504756239248,0.37670305919601044,0.23232891689985802,0.3909680239041316,A,2026-07-24T22:40:45.254587+00:00
565840,BL1,78,2025,8,2026-10-31 14:30:00+00:00,6,721,174.0,173.0,1.4671566311759718,1.9126620168531625,0.29412145847645604,0.22697383327817083,0.47890470824537323,A,2026-07-24T22:40:45.274816+00:00
565841,BL1,78,2025,8,2026-10-31 14:30:00+00:00,28,1,182.0,192.0,1.721992219377616,1.5044276195751976,0.4277885485486558,0.23731970609179437,0.33489174535955013,H,2026-07-24T22:40:45.296247+00:00
565842,BL1,78,2025,8,2026-10-31 14:30:00+00:00,16,17,170.0,160.0,1.5965032481446813,1.700092151094132,0.360323986187144,0.23553986358976328,0.40413615022309274,A,2026-07-24T22:40:45.317019+00:00
565843,BL1,78,2025,8,2026-10-31 14:30:00+00:00,12,2,162.0,167.0,1.862007558177157,1.6335484206762931,0.4333894811000613,0.22683484633431325,0.3397756725656254,H,2026-07-24T22:40:45.336956+00:00
565844,BL1,78,2025,8,2026-10-31 14:30:00+00:00,19,7,169.0,175.0,2.5436279622291833,1.2443049204365095,0.6516277991292997,0.18065390718040686,0.16771829369029337,H,2026-07-24T22:40:45.356903+00:00
565845,BL1,78,2025,8,2026-10-31 14:30:00+00:00,5,4,157.0,165.0,2.210715818111021,1.6422217893301567,0.5050643980127654,0.20906238664014348,0.28587321534709115,H,2026-07-24T22:40:45.376901+00:00
565846,BL1,78,2025,8,2026-10-31 14:30:00+00:00,719,15,1660.0,164.0,1.5566965119063043,1.896925713857918,0.31670924304402603,0.22660570339632355,0.4566850535596504,A,2026-07-24T22:40:45.396777+00:00
565847,BL1,78,2025,8,2026-10-31 14:30:00+00:00,3,10,168.0,172.0,1.9183062765376975,1.6955181173750256,0.43344087464603037,0.22283074272055536,0.34372838263341415,H,2026-07-24T22:40:45.417966+00:00
565848,BL1,78,2025,9,2026-11-07 14:30:00+00:00,721,16,173.0,170.0,1.7827784858417768,1.5609483695405284,0.43022920195193526,0.23255604264939078,0.33721475539867385,H,2026-07-24T22:40:45.439196+00:00
565849,BL1,78,2025,9,2026-11-07 14:30:00+00:00,10,12,172.0,162.0,1.8554313092492418,1.6900069650746454,0.42079998823688186,0.22574120547065415,0.3534588062924639,H,2026-07-24T22:40:45.459517+00:00
565850,BL1,78,2025,9,2026-11-07 14:30:00+00:00,4,719,165.0,1660.0,2.0449528549353615,1.5998606392841506,0.4797268245730282,0.2180721371751351,0.30220103825183675,H,2026-07-24T22:40:45.479677+00:00
565851,BL1,78,2025,9,2026-11-07 14:30:00+00:00,15,5,164.0,157.0,1.5031252005786209,2.1419700411436704,0.267069923241844,0.21285935617404655,0.5200707205841094,A,2026-07-24T22:40:45.499793+00:00
565852,BL1,78,2025,9,2026-11-07 14:30:00+00:00,7,18,175.0,163.0,1.2871661569224746,2.201319477102344,0.2142539653949689,0.20662196946873557,0.5791240651362956,A,2026-07-24T22:40:45.519932+00:00
565853,BL1,78,2025,9,2026-11-07 14:30:00+00:00,29,19,185.0,169.0,1.5969805725592248,1.825833449422658,0.3378634463517141,0.22946944334958558,0.43266711029870025,A,2026-07-24T22:40:45.543145+00:00
565854,BL1,78,2025,9,2026-11-07 14:30:00+00:00,17,28,160.0,182.0,1.7159425882442745,1.6116879168299094,0.40479431732719484,0.23429494666238593,0.3609107360104193,H,2026-07-24T22:40:45.563955+00:00
565855,BL1,78,2025,9,2026-11-07 14:30:00+00:00,1,3,192.0,168.0,1.3814140091552225,2.0340328295940986,0.25671190777071085,0.2195023196477539,0.5237857725815354,A,2026-07-24T22:40:45.584089+00:00
565856,BL1,78,2025,9,2026-11-07 14:30:00+00:00,2,6,167.0,174.0,1.796548990057978,1.632667662613088,0.4189723275502264,0.22994032465041067,0.35108734779936296,H,2026-07-24T22:40:45.603872+00:00
565857,BL1,78,2025,10,2026-11-21 14:30:00+00:00,3,29,168.0,185.0,1.902258146665713,1.6026747923299927,0.4484644093355816,0.22549661126608897,0.32603897939832943,H,2026-07-24T22:40:45.624785+00:00
565858,BL1,78,2025,10,2026-11-21 14:30:00+00:00,28,721,182.0,173.0,1.5664328923687796,1.7620077127377105,0.3421505318697526,0.23346874067056458,0.4243807274596828,A,2026-07-24T22:40:45.644585+00:00
565859,BL1,78,2025,10,2026-11-21 14:30:00+00:00,5,1,157.0,192.0,2.487741605476543,1.3348055994491927,0.6223576414220979,0.18761620466733978,0.1900261539105623,H,2026-07-24T22:40:45.665211+00:00
565860,BL1,78,2025,10,2026-11-21 14:30:00+00:00,719,17,1660.0,160.0,1.6554623263927422,1.8256614248651204,0.3510356701205263,0.2279799167378224,0.42098441314165147,A,2026-07-24T22:40:45.685613+00:00
565861,BL1,78,2025,10,2026-11-21 14:30:00+00:00,6,10,174.0,172.0,1.4852954493063981,2.0094430602296236,0.2829688871939541,0.22092594109298933,0.4961051717130565,A,2026-07-24T22:40:45.707199+00:00
565862,BL1,78,2025,10,2026-11-21 14:30:00+00:00,18,4,163.0,165.0,1.6674309226445607,1.930557900294495,0.3355061033551952,0.22285544674624722,0.44163844989855744,A,2026-07-24T22:40:45.727664+00:00
565863,BL1,78,2025,10,2026-11-21 14:30:00+00:00,12,7,162.0,175.0,2.3100043462092787,1.3389170483469148,0.5888199119300992,0.19991830512126685,0.2112617829486339,H,2026-07-24T22:40:45.748329+00:00
565864,BL1,78,2025,10,2026-11-21 14:30:00+00:00,16,15,170.0,164.0,1.5142843120318676,1.8123306017765546,0.3214020960703738,0.23207730343511657,0.44652060049450965,A,2026-07-24T22:40:45.768646+00:00
565865,BL1,78,2025,10,2026-11-21 14:30:00+00:00,19,2,169.0,167.0,2.067169865771874,1.5566942439703597,0.4933174878224449,0.2171589665459783,0.2895235456315769,H,2026-07-24T22:40:45.788779+00:00
565866,BL1,78,2025,11,2026-11-28 14:30:00+00:00,1,719,192.0,1660.0,1.6169910762203004,1.7527173073964186,0.3554093856288901,0.23243229090277337,0.41215832346833653,A,2026-07-24T22:40:45.810598+00:00
565867,BL1,78,2025,11,2026-11-28 14:30:00+00:00,15,28,164.0,182.0,1.823977673823563,1.5541068124755844,0.44095176322893004,0.23056838326331164,0.32847985350775855,H,2026-07-24T22:40:45.834314+00:00
565868,BL1,78,2025,11,2026-11-28 14:30:00+00:00,29,6,185.0,174.0,1.905111161754016,1.4971388735718698,0.4708923223326178,0.22705493951494862,0.3020527381524335,H,2026-07-24T22:40:45.855124+00:00
565869,BL1,78,2025,11,2026-11-28 14:30:00+00:00,12,18,162.0,163.0,1.7487853896032572,1.7773977597380566,0.38059217403647105,0.22712389919346992,0.39228392677005913,A,2026-07-24T22:40:45.875344+00:00
565870,BL1,78,2025,11,2026-11-28 14:30:00+00:00,10,19,172.0,169.0,1.7278066343882255,1.8755526179016653,0.3582300494479709,0.22389722010566784,0.41787273044636136,A,2026-07-24T22:40:45.896091+00:00
565871,BL1,78,2025,11,2026-11-28 14:30:00+00:00,2,16,167.0,170.0,1.6393417470293845,1.7346262665364616,0.3638193241175477,0.2325340282784515,0.403646647604001,A,2026-07-24T22:40:45.916051+00:00
565872,BL1,78,2025,11,2026-11-28 14:30:00+00:00,4,3,165.0,168.0,1.7602341533563355,1.9043651740122356,0.36022426357915577,0.2218872222266844,0.4178885141941599,A,2026-07-24T22:40:45.936238+00:00
565873,BL1,78,2025,11,2026-11-28 14:30:00+00:00,17,721,160.0,173.0,1.6596716979473634,1.7741080790409585,0.3612269299516709,0.23015228401315407,0.4086207860351752,A,2026-07-24T22:40:45.956219+00:00
565874,BL1,78,2025,11,2026-11-28 14:30:00+00:00,7,5,175.0,157.0,1.0713015281094762,2.902107217271153,0.10971906482303015,0.14738607784989066,0.7428948573270792,A,2026-07-24T22:40:45.976776+00:00
565875,BL1,78,2025,12,2026-12-05 14:30:00+00:00,28,7,182.0,175.0,2.1586396160636663,1.3297133831263421,0.5610848643696777,0.21040065936323293,0.2285144762670891,H,2026-07-24T22:40:45.996513+00:00
565876,BL1,78,2025,12,2026-12-05 14:30:00+00:00,6,4,174.0,165.0,1.4575738105084672,2.10836350733258,0.26231244494853123,0.21482333281301794,0.522864222238451,A,2026-07-24T22:40:46.016946+00:00
565877,BL1,78,2025,12,2026-12-05 14:30:00+00:00,3,18,168.0,163.0,1.9923416679284733,1.6519513705589293,0.4580003058399487,0.22015178842725908,0.3218479057327923,H,2026-07-24T22:40:46.036749+00:00
565878,BL1,78,2025,12,2026-12-05 14:30:00+00:00,19,12,169.0,162.0,1.9415408055673233,1.6691840722452513,0.443663185768577,0.22230481436026045,0.33403199987116244,H,2026-07-24T22:40:46.056733+00:00
565879,BL1,78,2025,12,2026-12-05 14:30:00+00:00,721,15,173.0,164.0,1.6729029270774438,1.7728755136118155,0.36443721397398915,0.22979219926291838,0.4057705867630926,A,2026-07-24T22:40:46.077133+00:00
565880,BL1,78,2025,12,2026-12-05 14:30:00+00:00,719,10,1660.0,172.0,1.6236184912897478,1.968773837347556,0.31957354575599883,0.22175704535392762,0.45866940889007357,A,2026-07-24T22:40:46.097373+00:00
565881,BL1,78,2025,12,2026-12-05 14:30:00+00:00,17,2,160.0,167.0,1.8498542411173673,1.6473838638885865,0.4279498671174836,0.22707658157649824,0.34497355130601826,H,2026-07-24T22:40:46.117125+00:00
565882,BL1,78,2025,12,2026-12-05 14:30:00+00:00,5,29,157.0,185.0,2.2472644052321016,1.5055986835096027,0.5407059632577509,0.20649196738816264,0.2528020693540866,H,2026-07-24T22:40:46.136952+00:00
565883,BL1,78,2025,12,2026-12-05 14:30:00+00:00,16,1,170.0,192.0,1.722296801784265,1.5482900375675779,0.41891117261690963,0.236015380338695,0.34507344704439524,H,2026-07-24T22:40:46.156705+00:00
565884,BL1,78,2025,13,2026-12-12 14:30:00+00:00,29,719,185.0,1660.0,1.835690503540548,1.630016337479088,0.42825463876689823,0.2281748352058501,0.3435705260272517,H,2026-07-24T22:40:46.176635+00:00
565885,BL1,78,2025,13,2026-12-12 14:30:00+00:00,12,3,162.0,168.0,1.59642517477276,2.0052540379268198,0.307756512006591,0.22022432000537367,0.47201916798803517,A,2026-07-24T22:40:46.196460+00:00
565886,BL1,78,2025,13,2026-12-12 14:30:00+00:00,10,28,172.0,182.0,1.8613088925920798,1.6161206097516028,0.436722825610368,0.22726761446677152,0.33600955992286047,H,2026-07-24T22:40:46.216405+00:00
565887,BL1,78,2025,13,2026-12-12 14:30:00+00:00,4,16,165.0,170.0,1.9471704609459481,1.587867855710769,0.4612797284623698,0.22341634326766432,0.31530392826996595,H,2026-07-24T22:40:46.237302+00:00
565888,BL1,78,2025,13,2026-12-12 14:30:00+00:00,7,6,175.0,174.0,1.4311030469354937,1.9811004790718554,0.27543154799002095,0.2229600814927198,0.5016083705172593,A,2026-07-24T22:40:46.257506+00:00
565889,BL1,78,2025,13,2026-12-12 14:30:00+00:00,15,17,164.0,160.0,1.8158947264493186,1.6523434357028832,0.4194222116085954,0.22850743552022246,0.3520703528711822,H,2026-07-24T22:40:46.277607+00:00
565890,BL1,78,2025,13,2026-12-12 14:30:00+00:00,1,721,192.0,173.0,1.4702070310368902,1.8785600694547424,0.3003144484724836,0.2290065416784733,0.4706790098490429,A,2026-07-24T22:40:46.297858+00:00
565891,BL1,78,2025,13,2026-12-12 14:30:00+00:00,2,5,167.0,157.0,1.3551510999783731,2.4609533847226515,0.1967830623608194,0.19001359690418218,0.6132033407349984,A,2026-07-24T22:40:46.318242+00:00
565892,BL1,78,2025,13,2026-12-12 14:30:00+00:00,18,19,163.0,169.0,1.6414092816201067,1.9527500271070817,0.3260994696436708,0.22226971661447978,0.45163081374184944,A,2026-07-24T22:40:46.340099+00:00
565893,BL1,78,2025,14,2026-12-19 14:30:00+00:00,6,18,174.0,163.0,1.5399918648958317,1.9491872367840986,0.3044394361260836,0.2239654371046495,0.47159512676926685,A,2026-07-24T22:40:46.362862+00:00
565894,BL1,78,2025,14,2026-12-19 14:30:00+00:00,5,12,157.0,162.0,2.3614015949303906,1.5426171705970788,0.5549820863980137,0.20006835562110686,0.24494955798087945,H,2026-07-24T22:40:46.383536+00:00
565895,BL1,78,2025,14,2026-12-19 14:30:00+00:00,719,7,1660.0,175.0,2.2200780041673385,1.4316282513176457,0.5511243074389455,0.20748249585702072,0.24139319670403384,H,2026-07-24T22:40:46.403936+00:00
565896,BL1,78,2025,14,2026-12-19 14:30:00+00:00,3,19,168.0,169.0,1.8580981692159433,1.814502127333973,0.3976664213761304,0.22209977630182026,0.3802338023220493,H,2026-07-24T22:40:46.424278+00:00
565897,BL1,78,2025,14,2026-12-19 14:30:00+00:00,17,10,160.0,172.0,1.6802701931225035,1.863699878099626,0.34985138502108076,0.2256263638975712,0.42452225108134806,A,2026-07-24T22:40:46.444923+00:00
565898,BL1,78,2025,14,2026-12-19 14:30:00+00:00,721,4,173.0,165.0,1.7000153534169937,1.8892863397271136,0.3497304569922381,0.22401140606382422,0.42625813694393766,A,2026-07-24T22:40:46.465516+00:00
565899,BL1,78,2025,14,2026-12-19 14:30:00+00:00,15,1,164.0,192.0,1.9482553841209864,1.4794871419333553,0.4841060159959649,0.224681776050743,0.2912122079532921,H,2026-07-24T22:40:46.486020+00:00
565900,BL1,78,2025,14,2026-12-19 14:30:00+00:00,28,2,182.0,167.0,1.753148455370997,1.6572926524766407,0.4043536119209665,0.23113737688702035,0.3645090111920131,H,2026-07-24T22:40:46.507722+00:00
565901,BL1,78,2025,14,2026-12-19 14:30:00+00:00,16,29,170.0,185.0,1.5572502426017425,1.7474062533840873,0.342639804597622,0.2344701097309128,0.4228900856714652,A,2026-07-24T22:40:46.528579+00:00
565902,BL1,78,2025,15,2027-01-09 12:00:00+00:00,10,16,172.0,170.0,1.8808508547132206,1.6334129873200522,0.43757216800356014,0.22593198652756552,0.33649584546887434,H,2026-07-24T22:40:46.549401+00:00
565903,BL1,78,2025,15,2027-01-09 12:00:00+00:00,7,3,175.0,168.0,1.1878360127353005,2.561132344110485,0.15601868016730894,0.1771311386628832,0.666850181169808,A,2026-07-24T22:40:46.570334+00:00
565904,BL1,78,2025,15,2027-01-09 12:00:00+00:00,1,17,192.0,160.0,1.5239840979049304,1.8536827955313209,0.31659563388623896,0.22957168812612058,0.4538326779876405,A,2026-07-24T22:40:46.591218+00:00
565905,BL1,78,2025,15,2027-01-09 12:00:00+00:00,19,6,169.0,174.0,2.154741124190192,1.5122179555492112,0.5207548603431192,0.2121119266250696,0.2671332130318112,H,2026-07-24T22:40:46.611875+00:00
565906,BL1,78,2025,15,2027-01-09 12:00:00+00:00,2,719,167.0,1660.0,1.7486244091271148,1.8320083206119029,0.37057524726653485,0.2250583523534194,0.4043664003800457,A,2026-07-24T22:40:46.632415+00:00
565907,BL1,78,2025,15,2027-01-09 12:00:00+00:00,18,5,163.0,157.0,1.4677022480430173,2.370698940935544,0.22907824207278854,0.19840198762072525,0.5725197703064863,A,2026-07-24T22:40:46.652475+00:00
565908,BL1,78,2025,15,2027-01-09 12:00:00+00:00,4,15,165.0,164.0,1.8268469979793087,1.8034493777958853,0.3929390454180725,0.22353655670097658,0.3835243978809509,H,2026-07-24T22:40:46.672349+00:00
565909,BL1,78,2025,15,2027-01-09 12:00:00+00:00,12,28,162.0,182.0,1.7622062838208077,1.6966326422199913,0.39879852305580654,0.22946637741652734,0.37173509952766615,H,2026-07-24T22:40:46.692226+00:00
565910,BL1,78,2025,15,2027-01-09 12:00:00+00:00,29,721,185.0,173.0,1.673207308643416,1.7617199111609858,0.3665432674545958,0.23025543434313114,0.40320129820227296,A,2026-07-24T22:40:46.712365+00:00
565911,BL1,78,2025,16,2027-01-13 12:00:00+00:00,15,2,164.0,167.0,1.9738113771610595,1.6059304751025438,0.4633452168664773,0.22175713058662275,0.3148976525468999,H,2026-07-24T22:40:46.732537+00:00
565912,BL1,78,2025,16,2027-01-13 12:00:00+00:00,17,7,160.0,175.0,2.3033421060016037,1.3649269429123536,0.5818579774537302,0.20091383995138257,0.2172281825948873,H,2026-07-24T22:40:46.752572+00:00
565913,BL1,78,2025,16,2027-01-13 12:00:00+00:00,6,12,174.0,162.0,1.5525897019470598,1.967405777370616,0.3042769979198512,0.22279304814697906,0.4729299539331698,A,2026-07-24T22:40:46.773721+00:00
565914,BL1,78,2025,16,2027-01-13 12:00:00+00:00,721,10,173.0,172.0,1.746371915302422,1.8443015538603884,0.3678656659018839,0.22464536660150994,0.4074889674966062,A,2026-07-24T22:40:46.794035+00:00
565915,BL1,78,2025,16,2027-01-13 12:00:00+00:00,28,29,182.0,185.0,1.5761499720931431,1.761073032628841,0.34454977025685485,0.2332417976305291,0.42220843211261605,A,2026-07-24T22:40:46.817780+00:00
565916,BL1,78,2025,16,2027-01-13 12:00:00+00:00,5,3,157.0,168.0,2.1523629533186783,1.761647451235442,0.4694457776993045,0.2112686183812784,0.3192856039194171,H,2026-07-24T22:40:46.838403+00:00
565917,BL1,78,2025,16,2027-01-13 12:00:00+00:00,16,18,170.0,163.0,1.6342167460459793,1.8133276306540218,0.3484533171620037,0.22911816174081573,0.42242852109718076,A,2026-07-24T22:40:46.858699+00:00
565918,BL1,78,2025,16,2027-01-13 12:00:00+00:00,719,19,1660.0,169.0,1.569649419870284,2.094437026428692,0.28812474697807333,0.21556231177011942,0.49631294125180714,A,2026-07-24T22:40:46.880255+00:00
565919,BL1,78,2025,16,2027-01-13 12:00:00+00:00,1,4,192.0,165.0,1.4596794954404515,2.066737606097842,0.26882120055595354,0.21745103799629975,0.5137277614477468,A,2026-07-24T22:40:46.901487+00:00
565920,BL1,78,2025,17,2027-01-16 12:00:00+00:00,12,719,162.0,1660.0,1.8753181504550462,1.7427646721136603,0.4149454602888177,0.22351056629158297,0.36154397341959926,H,2026-07-24T22:40:46.921514+00:00
565921,BL1,78,2025,17,2027-01-16 12:00:00+00:00,19,5,169.0,157.0,1.6136812961371585,2.2386410173549427,0.2759928311089916,0.20754840516440057,0.5164587637266079,A,2026-07-24T22:40:46.941755+00:00
565922,BL1,78,2025,17,2027-01-16 12:00:00+00:00,29,1,185.0,192.0,1.8503081364476943,1.5300619066324037,0.4518167647892528,0.22964389310816116,0.3185393421025862,H,2026-07-24T22:40:46.962753+00:00
565923,BL1,78,2025,17,2027-01-16 12:00:00+00:00,2,721,167.0,173.0,1.5872567661669008,1.9552852024320613,0.31384085910943554,0.22299585886660947,0.463163282023955,A,2026-07-24T22:40:46.982755+00:00
565924,BL1,78,2025,17,2027-01-16 12:00:00+00:00,3,6,168.0,174.0,2.2213101692052746,1.4941623497249052,0.5379875514434037,0.20798332850628168,0.2540291200503148,H,2026-07-24T22:40:47.002871+00:00
565925,BL1,78,2025,17,2027-01-16 12:00:00+00:00,10,15,172.0,164.0,1.757182510374759,1.831765644190259,0.3725010031936894,0.22480905785280636,0.40268993895350436,A,2026-07-24T22:40:47.024118+00:00
565926,BL1,78,2025,17,2027-01-16 12:00:00+00:00,7,16,175.0,170.0,1.3104349468045584,2.123533754863792,0.22911881220455282,0.21266685285860004,0.558214334936847,A,2026-07-24T22:40:47.045088+00:00
565927,BL1,78,2025,17,2027-01-16 12:00:00+00:00,18,28,163.0,182.0,1.7756407042769153,1.7039892565341883,0.400398385392331,0.22868197600187581,0.370919638605793,H,2026-07-24T22:40:47.065697+00:00
565928,BL1,78,2025,17,2027-01-16 12:00:00+00:00,4,17,165.0,160.0,1.937706632560357,1.7209871925515408,0.43264172239203497,0.22142072161310886,0.34593755599485626,H,2026-07-24T22:40:47.086427+00:00
565929,BL1,78,2025,18,2027-01-23 12:00:00+00:00,12,17,162.0,160.0,1.7544043890006271,1.8041622556621568,0.3769132487784389,0.22594004810746485,0.39714670311409617,A,2026-07-24T22:40:47.106988+00:00
565930,BL1,78,2025,18,2027-01-23 12:00:00+00:00,7,4,175.0,165.0,1.241360914523517,2.5189161902957307,0.16965949760454432,0.1822902530799314,0.6480502493155242,A,2026-07-24T22:40:47.127630+00:00
565931,BL1,78,2025,18,2027-01-23 12:00:00+00:00,29,15,185.0,164.0,1.6333998556694909,1.8140736451595818,0.34813735065644474,0.22910528606165118,0.4227573632819041,A,2026-07-24T22:40:47.148323+00:00
565932,BL1,78,2025,18,2027-01-23 12:00:00+00:00,6,16,174.0,170.0,1.5568320980841939,1.8405999590018913,0.32624408035181307,0.22962671651066713,0.4441292031375198,A,2026-07-24T22:40:47.169261+00:00
565933,BL1,78,2025,18,2027-01-23 12:00:00+00:00,2,1,167.0,192.0,1.7549945705944752,1.6974695873947818,0.39701811385729247,0.22972899746335804,0.37325288867934947,H,2026-07-24T22:40:47.189668+00:00
565934,BL1,78,2025,18,2027-01-23 12:00:00+00:00,10,5,172.0,157.0,1.5535448068298285,2.316167672375458,0.25310899505727413,0.20282992836752434,0.5440610765752014,A,2026-07-24T22:40:47.210056+00:00
565935,BL1,78,2025,18,2027-01-23 12:00:00+00:00,18,721,163.0,173.0,1.7124369761157083,1.8599646411472426,0.35760875954598376,0.224954766900342,0.4174364735536742,A,2026-07-24T22:40:47.230382+00:00
565936,BL1,78,2025,18,2027-01-23 12:00:00+00:00,19,28,169.0,182.0,1.953271081887424,1.6098285488745312,0.4581236816497432,0.2227615966881089,0.319114721662148,H,2026-07-24T22:40:47.250666+00:00
565937,BL1,78,2025,18,2027-01-23 12:00:00+00:00,3,719,168.0,1660.0,2.1369884499513594,1.6198296999972563,0.49473796018061533,0.2130259647291194,0.29223607509026533,H,2026-07-24T22:40:47.270855+00:00
565938,BL1,78,2025,19,2027-01-30 12:00:00+00:00,719,18,1660.0,163.0,1.6932233806426245,1.9427269672051812,0.33906044383026424,0.22177747583520085,0.4391620803345349,A,2026-07-24T22:40:47.290633+00:00
565939,BL1,78,2025,19,2027-01-30 12:00:00+00:00,16,19,170.0,169.0,1.525626675771298,1.9959000348722495,0.2938592355467039,0.22144999729343431,0.48469076715986176,A,2026-07-24T22:40:47.311484+00:00
565940,BL1,78,2025,19,2027-01-30 12:00:00+00:00,15,7,164.0,175.0,2.447387730072994,1.3132412041150467,0.61984566277573,0.1897258645707399,0.19042847265353013,H,2026-07-24T22:40:47.331611+00:00
565941,BL1,78,2025,19,2027-01-30 12:00:00+00:00,721,12,173.0,162.0,1.8124828857421371,1.7665529758579752,0.39669037068173396,0.2252397536362173,0.37806987568204864,H,2026-07-24T22:40:47.351850+00:00
565942,BL1,78,2025,19,2027-01-30 12:00:00+00:00,1,10,192.0,172.0,1.4968805246036843,2.0076608161270464,0.28576599191312596,0.22096700313198517,0.49326700495488884,A,2026-07-24T22:40:47.372254+00:00
565943,BL1,78,2025,19,2027-01-30 12:00:00+00:00,28,3,182.0,168.0,1.5034670380179322,2.034432645042056,0.283090397949119,0.2193288897663534,0.4975807122845276,A,2026-07-24T22:40:47.392437+00:00
565944,BL1,78,2025,19,2027-01-30 12:00:00+00:00,17,29,160.0,185.0,1.6734081104822087,1.7840539456755684,0.3625194488394318,0.2292989444474644,0.40818160671310355,A,2026-07-24T22:40:47.413790+00:00
565945,BL1,78,2025,19,2027-01-30 12:00:00+00:00,4,2,165.0,167.0,2.098750093736155,1.654401326355581,0.4798405817646436,0.21480169317974404,0.30535772505561226,H,2026-07-24T22:40:47.435221+00:00
565946,BL1,78,2025,19,2027-01-30 12:00:00+00:00,5,6,157.0,174.0,2.6256624709218146,1.4038595587579363,0.6314207140924679,0.18076033379268028,0.18781895211485178,H,2026-07-24T22:40:47.457455+00:00
565947,BL1,78,2025,20,2027-02-06 12:00:00+00:00,19,15,169.0,164.0,1.8359723531423502,1.8014072441620295,0.3953052400919338,0.22328291113505475,0.38141184877301126,H,2026-07-24T22:40:47.477295+00:00
565948,BL1,78,2025,20,2027-02-06 12:00:00+00:00,18,17,163.0,160.0,1.77031730293107,1.8197836703761376,0.3775641442886457,0.22485053935352473,0.3975853163578295,A,2026-07-24T22:40:47.497100+00:00
565949,BL1,78,2025,20,2027-02-06 12:00:00+00:00,6,28,174.0,182.0,1.5539864238887444,1.868400521721113,0.3208814146648345,0.2281965716589033,0.4509220136762621,A,2026-07-24T22:40:47.516833+00:00
565950,BL1,78,2025,20,2027-02-06 12:00:00+00:00,7,721,175.0,173.0,1.261950861687462,2.354230376781012,0.19105567659057476,0.19482919385861727,0.6141151295508083,A,2026-07-24T22:40:47.536526+00:00
565951,BL1,78,2025,20,2027-02-06 12:00:00+00:00,3,16,168.0,170.0,2.0259256090352995,1.5872124638592426,0.4783053316073471,0.21921288440425693,0.30248178398839604,H,2026-07-24T22:40:47.556293+00:00
565952,BL1,78,2025,20,2027-02-06 12:00:00+00:00,12,1,162.0,192.0,1.8848712072152638,1.6218698730549528,0.44077033639249513,0.2259837708176355,0.33324589278986927,H,2026-07-24T22:40:47.577119+00:00
565953,BL1,78,2025,20,2027-02-06 12:00:00+00:00,10,2,172.0,167.0,2.0184403741492893,1.6803141136474329,0.4578592802614214,0.21846770906620724,0.3236730106723715,H,2026-07-24T22:40:47.597207+00:00
565954,BL1,78,2025,20,2027-02-06 12:00:00+00:00,5,719,157.0,1660.0,2.5256562863274006,1.521682786395526,0.5894875080249309,0.19002264185635598,0.2204898501187131,H,2026-07-24T22:40:47.617402+00:00
565955,BL1,78,2025,20,2027-02-06 12:00:00+00:00,29,4,185.0,165.0,1.659853369940603,1.9332640381946313,0.3333927012060084,0.2228760216068855,0.44373127718710603,A,2026-07-24T22:40:47.637577+00:00
565956,BL1,78,2025,21,2027-02-13 12:00:00+00:00,1,7,192.0,175.0,2.0453790899063327,1.4596435202896074,0.5092305274864922,0.21879322838632595,0.2719762441271818,H,2026-07-24T22:40:47.657671+00:00
565957,BL1,78,2025,21,2027-02-13 12:00:00+00:00,15,18,164.0,163.0,1.8547552286280211,1.750485082221095,0.40898997501886714,0.2241162876607251,0.36689373732040764,H,2026-07-24T22:40:47.677802+00:00
565958,BL1,78,2025,21,2027-02-13 12:00:00+00:00,28,5,182.0,157.0,1.370167589010608,2.3846947617976095,0.2084237893274603,0.19552099223061287,0.5960552184419265,A,2026-07-24T22:40:47.698352+00:00
565959,BL1,78,2025,21,2027-02-13 12:00:00+00:00,719,6,1660.0,174.0,1.8761948301913571,1.726623888322023,0.4182407926444482,0.2239014974263957,0.35785770992915605,H,2026-07-24T22:40:47.718451+00:00
565960,BL1,78,2025,21,2027-02-13 12:00:00+00:00,4,10,165.0,172.0,1.9057478834810933,1.8716661290217278,0.39732135736750956,0.2187794020449189,0.38389924058757147,H,2026-07-24T22:40:47.739071+00:00
565961,BL1,78,2025,21,2027-02-13 12:00:00+00:00,2,29,167.0,185.0,1.588998155557156,1.9246232127510812,0.3192739340004723,0.22458447781094942,0.4561415881885781,A,2026-07-24T22:40:47.760110+00:00
565962,BL1,78,2025,21,2027-02-13 12:00:00+00:00,17,19,160.0,169.0,1.6300207516907301,2.0032896548883197,0.31533149715049813,0.21991245476116816,0.46475604808833393,A,2026-07-24T22:40:47.780583+00:00
565963,BL1,78,2025,21,2027-02-13 12:00:00+00:00,16,12,170.0,162.0,1.6496696141369231,1.8371017246373116,0.34772055715550076,0.22760945121087925,0.4246699916336199,A,2026-07-24T22:40:47.802002+00:00
565964,BL1,78,2025,21,2027-02-13 12:00:00+00:00,721,3,173.0,168.0,1.6493504605358544,2.004928942787573,0.31923134857711166,0.2195673064760782,0.4612013449468103,A,2026-07-24T22:40:47.822330+00:00
565965,BL1,78,2025,22,2027-02-20 12:00:00+00:00,6,17,174.0,160.0,1.5471319049239247,1.9871297698280603,0.29993425709491395,0.22174965766253424,0.4783160852425519,A,2026-07-24T22:40:47.843582+00:00
565966,BL1,78,2025,22,2027-02-20 12:00:00+00:00,10,29,172.0,185.0,1.8098612755178078,1.7737090839062712,0.3947712922950347,0.22510448249134465,0.3801242252136205,H,2026-07-24T22:40:47.864383+00:00
565967,BL1,78,2025,22,2027-02-20 12:00:00+00:00,18,1,163.0,192.0,1.9020003921507034,1.6358702592061884,0.44171983079851157,0.22485558421648244,0.333424584985006,H,2026-07-24T22:40:47.884925+00:00
565968,BL1,78,2025,22,2027-02-20 12:00:00+00:00,12,4,162.0,165.0,1.6883428093496464,2.041243147157883,0.3216774183905066,0.21726661037393288,0.4610559712355606,A,2026-07-24T22:40:47.905214+00:00
565969,BL1,78,2025,22,2027-02-20 12:00:00+00:00,7,2,175.0,167.0,1.4072211570689408,2.1943596404541896,0.23982628401334757,0.20890082653994502,0.5512728894467074,A,2026-07-24T22:40:47.926431+00:00
565970,BL1,78,2025,22,2027-02-20 12:00:00+00:00,3,15,168.0,164.0,1.8951951862727108,1.7874299102359923,0.41074264367423835,0.2215293401386789,0.36772801618708284,H,2026-07-24T22:40:47.948654+00:00
565971,BL1,78,2025,22,2027-02-20 12:00:00+00:00,19,721,169.0,173.0,1.8917146693411528,1.779664550931247,0.4114624998057469,0.2218721437922001,0.36666535640205294,H,2026-07-24T22:40:47.969775+00:00
565972,BL1,78,2025,22,2027-02-20 12:00:00+00:00,5,16,157.0,170.0,2.3939349330567747,1.4911015094761881,0.5719166398408906,0.197362567942924,0.2307207922161854,H,2026-07-24T22:40:47.990539+00:00
565973,BL1,78,2025,22,2027-02-20 12:00:00+00:00,719,28,1660.0,182.0,1.6989176928676974,1.830654917230031,0.3598319213475497,0.22656303721430457,0.4136050414381458,A,2026-07-24T22:40:48.011189+00:00
565974,BL1,78,2025,23,2027-02-27 12:00:00+00:00,10,7,172.0,175.0,2.5050591260104715,1.3769955596278836,0.6163545127574213,0.18770507183095686,0.19594041541162172,H,2026-07-24T22:40:48.031255+00:00
565975,BL1,78,2025,23,2027-02-27 12:00:00+00:00,1,19,192.0,169.0,1.4440406183912198,2.1216057724770048,0.2575573914198927,0.2139322106825258,0.5285103978975815,A,2026-07-24T22:40:48.052672+00:00
565976,BL1,78,2025,23,2027-02-27 12:00:00+00:00,17,3,160.0,168.0,1.5996950366176743,2.075057807124547,0.29747020550977527,0.2164573158309029,0.48607247865932174,A,2026-07-24T22:40:48.073386+00:00
565977,BL1,78,2025,23,2027-02-27 12:00:00+00:00,16,719,170.0,1660.0,1.7508296521130833,1.773740515090386,0.3817233020665013,0.22718907810933034,0.3910876198241682,A,2026-07-24T22:40:48.093545+00:00
565978,BL1,78,2025,23,2027-02-27 12:00:00+00:00,15,6,164.0,174.0,2.055685342565991,1.5563019011043995,0.490987733100319,0.21781020072592608,0.2912020661737548,H,2026-07-24T22:40:48.114767+00:00
565979,BL1,78,2025,23,2027-02-27 12:00:00+00:00,2,18,167.0,163.0,1.6638673206924466,1.9841006418473612,0.3257762396988265,0.22036889969046408,0.4538548606107094,A,2026-07-24T22:40:48.135538+00:00
565980,BL1,78,2025,23,2027-02-27 12:00:00+00:00,29,12,185.0,162.0,1.762020838042285,1.7846208302595723,0.3821918598442741,0.22640933383954615,0.39139880631617985,A,2026-07-24T22:40:48.157736+00:00
565981,BL1,78,2025,23,2027-02-27 12:00:00+00:00,721,5,173.0,157.0,1.5026951854634485,2.3499901686170976,0.2385785947256631,0.2002216113436106,0.5611997939307262,A,2026-07-24T22:40:48.178434+00:00
565982,BL1,78,2025,23,2027-02-27 12:00:00+00:00,4,28,165.0,182.0,1.9688884004389344,1.674865791017191,0.448410578145304,0.22091070475474978,0.3306787170999462,H,2026-07-24T22:40:48.198917+00:00
565983,BL1,78,2025,24,2027-03-03 12:00:00+00:00,19,4,169.0,165.0,1.8700247941477899,1.9327401978426135,0.3787300514556203,0.21793382563810637,0.4033361229062732,A,2026-07-24T22:40:48.219412+00:00
565984,BL1,78,2025,24,2027-03-03 12:00:00+00:00,6,1,174.0,192.0,1.660736020264689,1.7825741919963933,0.3599332849533519,0.22974972875390562,0.4103169862927426,A,2026-07-24T22:40:48.239879+00:00
565985,BL1,78,2025,24,2027-03-03 12:00:00+00:00,3,2,168.0,167.0,2.173058222527776,1.629759175084809,0.5000416815404533,0.21107454493921785,0.28888377352032896,H,2026-07-24T22:40:48.259767+00:00
565986,BL1,78,2025,24,2027-03-03 12:00:00+00:00,5,17,157.0,160.0,2.370517622424375,1.5924647141266428,0.5463556823008048,0.20011043892669184,0.25353387877250355,H,2026-07-24T22:40:48.279605+00:00
565987,BL1,78,2025,24,2027-03-03 12:00:00+00:00,12,15,162.0,164.0,1.6699473748141236,1.9448260219063154,0.3336445260542895,0.22213557355236555,0.44421990039334486,A,2026-07-24T22:40:48.299472+00:00
565988,BL1,78,2025,24,2027-03-03 12:00:00+00:00,28,16,182.0,170.0,1.6685166263783713,1.7145313051274789,0.3742032464109629,0.23238189003716173,0.3934148635518754,A,2026-07-24T22:40:48.319330+00:00
565989,BL1,78,2025,24,2027-03-03 12:00:00+00:00,719,721,1660.0,173.0,1.6398616576941916,2.0034712243784822,0.31742436888708697,0.21977120207903306,0.46280442903387975,A,2026-07-24T22:40:48.339102+00:00
565990,BL1,78,2025,24,2027-03-03 12:00:00+00:00,18,10,163.0,172.0,1.7401181788143414,1.975716451692246,0.3435858237454734,0.21937973435659655,0.4370344418979299,A,2026-07-24T22:40:48.358924+00:00
565991,BL1,78,2025,24,2027-03-03 12:00:00+00:00,7,29,175.0,185.0,1.2625559146228549,2.3128784722894387,0.19589363781838845,0.1978690144393798,0.6062373477422316,A,2026-07-24T22:40:48.379858+00:00
565992,BL1,78,2025,25,2027-03-06 12:00:00+00:00,4,5,165.0,157.0,1.6311814226116443,2.3500382893593095,0.26390920735494156,0.20157848469587225,0.534512307949186,A,2026-07-24T22:40:48.399998+00:00
565993,BL1,78,2025,25,2027-03-06 12:00:00+00:00,17,16,160.0,170.0,1.7665718812193638,1.722078644337408,0.39492137632987945,0.22843988276421048,0.37663874090591015,H,2026-07-24T22:40:48.420351+00:00
565994,BL1,78,2025,25,2027-03-06 12:00:00+00:00,15,719,164.0,1660.0,1.9777880626980326,1.6873669833435083,0.4478305617845785,0.2202739725891462,0.33189546562627537,H,2026-07-24T22:40:48.440512+00:00
565995,BL1,78,2025,25,2027-03-06 12:00:00+00:00,7,19,175.0,169.0,1.2273934866938463,2.5812859607494607,0.1610473071949332,0.17733653694367207,0.6616161558613947,A,2026-07-24T22:40:48.461392+00:00
565996,BL1,78,2025,25,2027-03-06 12:00:00+00:00,10,3,172.0,168.0,1.7250054303163858,2.04531153330573,0.3287921381303376,0.21656079580597856,0.4546470660636838,A,2026-07-24T22:40:48.483352+00:00
565997,BL1,78,2025,25,2027-03-06 12:00:00+00:00,721,6,173.0,174.0,2.011199377821052,1.600264279010064,0.47249902095279384,0.21986522559420243,0.3076357534530036,H,2026-07-24T22:40:48.504447+00:00
565998,BL1,78,2025,25,2027-03-06 12:00:00+00:00,29,18,185.0,163.0,1.7591367741356176,1.8030007280224796,0.378171102490386,0.22583014385881106,0.39599875365080306,A,2026-07-24T22:40:48.525302+00:00
565999,BL1,78,2025,25,2027-03-06 12:00:00+00:00,1,28,192.0,182.0,1.5527756643323758,1.819437417989474,0.32896023009808567,0.23083910585870335,0.44020066404321095,A,2026-07-24T22:40:48.545571+00:00
566000,BL1,78,2025,25,2027-03-06 12:00:00+00:00,2,12,167.0,162.0,1.6713748734029317,1.9807719735640839,0.3279481558774192,0.22040610334861363,0.45164574077396713,A,2026-07-24T22:40:48.567614+00:00
566001,BL1,78,2025,26,2027-03-13 12:00:00+00:00,28,17,182.0,160.0,1.6520006601021744,1.8304606287084788,0.34941240083637415,0.22785350275173513,0.4227340964118906,A,2026-07-24T22:40:48.588204+00:00
566002,BL1,78,2025,26,2027-03-13 12:00:00+00:00,719,4,1660.0,165.0,1.620802173399094,2.174986339837994,0.28674411912182124,0.2109914951933117,0.5022643856848672,A,2026-07-24T22:40:48.608999+00:00
566003,BL1,78,2025,26,2027-03-13 12:00:00+00:00,19,29,169.0,185.0,1.891078735068634,1.7443384653483571,0.41806414376292866,0.22283015322410554,0.3591057030129658,H,2026-07-24T22:40:48.629452+00:00
566004,BL1,78,2025,26,2027-03-13 12:00:00+00:00,16,721,170.0,173.0,1.5915288973395447,1.9011347252222217,0.32375593666070257,0.22576275697753814,0.4504813063617594,A,2026-07-24T22:40:48.649564+00:00
566005,BL1,78,2025,26,2027-03-13 12:00:00+00:00,18,7,163.0,175.0,2.3786982638785936,1.4331397092831761,0.5813860164472607,0.19726513690873224,0.22134884664400728,H,2026-07-24T22:40:48.669706+00:00
566006,BL1,78,2025,26,2027-03-13 12:00:00+00:00,12,10,162.0,172.0,1.7329875575913822,1.987787174382402,0.340022783694028,0.2189936828292741,0.44098353347669805,A,2026-07-24T22:40:48.689904+00:00
566007,BL1,78,2025,26,2027-03-13 12:00:00+00:00,6,2,174.0,167.0,1.677302057757805,1.9181720084679583,0.3397714422052209,0.22322892550974147,0.4369996322850376,A,2026-07-24T22:40:48.710223+00:00
566008,BL1,78,2025,26,2027-03-13 12:00:00+00:00,5,15,157.0,164.0,2.2421227762239146,1.6860189928745482,0.5024278889527686,0.20739551547448495,0.29017659557274644,H,2026-07-24T22:40:48.732266+00:00
566009,BL1,78,2025,26,2027-03-13 12:00:00+00:00,3,1,168.0,192.0,2.1603397329641236,1.5336429414464383,0.5173801329980726,0.2118253948218212,0.27079447218010605,H,2026-07-24T22:40:48.753726+00:00
566016,BL1,78,2025,27,2027-03-20 12:00:00+00:00,1,5,192.0,157.0,1.2900355903277996,2.5656507242806366,0.17368827377898025,0.1808272528309345,0.6454844733900853,A,2026-07-24T22:40:48.775239+00:00
566017,BL1,78,2025,27,2027-03-20 12:00:00+00:00,2,19,167.0,169.0,1.5545179447463366,2.189711464850522,0.27089053210205694,0.21015927706788892,0.5189501908300542,A,2026-07-24T22:40:48.797508+00:00
566018,BL1,78,2025,27,2027-03-20 12:00:00+00:00,4,18,165.0,163.0,1.9792862990156463,1.8234428748490257,0.42182695073007176,0.2174504262568966,0.36072262301303165,H,2026-07-24T22:40:48.818036+00:00
566010,BL1,78,2025,27,2027-03-20 12:00:00+00:00,15,16,164.0,170.0,1.8751870569510212,1.6533487540454743,0.43235626763149015,0.225752232301976,0.3418915000665339,H,2026-07-24T22:40:48.837953+00:00
566011,BL1,78,2025,27,2027-03-20 12:00:00+00:00,10,6,172.0,174.0,2.1009125375109505,1.6253370530974454,0.48619222855246913,0.21490603131943534,0.2989017401280956,H,2026-07-24T22:40:48.858898+00:00
566012,BL1,78,2025,27,2027-03-20 12:00:00+00:00,721,28,173.0,182.0,1.8234528763427473,1.703742225697336,0.41107947047957266,0.22672756093289936,0.362192968587528,H,2026-07-24T22:40:48.878878+00:00
566013,BL1,78,2025,27,2027-03-20 12:00:00+00:00,17,719,160.0,1660.0,1.8738206555588452,1.787932801649734,0.4060369666347498,0.22231807725313427,0.37164495611211595,H,2026-07-24T22:40:48.899572+00:00
566014,BL1,78,2025,27,2027-03-20 12:00:00+00:00,7,12,175.0,162.0,1.3264096700226888,2.3747785688096323,0.2011402603765617,0.19512307050259978,0.6037366691208385,A,2026-07-24T22:40:48.919635+00:00
566015,BL1,78,2025,27,2027-03-20 12:00:00+00:00,29,3,185.0,168.0,1.605849553239029,2.034229264114983,0.3051760964264223,0.21858606629856142,0.47623783727501645,A,2026-07-24T22:40:48.939889+00:00
566019,BL1,78,2025,28,2027-04-03 12:00:00+00:00,721,17,173.0,160.0,1.8153723167352724,1.8117353992521155,0.3889034167603857,0.22365728939532367,0.38743929384429077,H,2026-07-24T22:40:48.960544+00:00
566020,BL1,78,2025,28,2027-04-03 12:00:00+00:00,719,1,1660.0,192.0,1.8222838327661313,1.764871160337683,0.39915867125630833,0.22492949260101425,0.3759118361426774,H,2026-07-24T22:40:48.980988+00:00
566021,BL1,78,2025,28,2027-04-03 12:00:00+00:00,5,7,157.0,175.0,3.1881946433563777,1.2523769607376027,0.7439433311404225,0.1399453191645124,0.11611134969506501,H,2026-07-24T22:40:49.001905+00:00
566022,BL1,78,2025,28,2027-04-03 12:00:00+00:00,16,2,170.0,167.0,1.778773466201619,1.780277380388937,0.3867000725300382,0.22598829759259012,0.38731162987737183,A,2026-07-24T22:40:49.022011+00:00
566023,BL1,78,2025,28,2027-04-03 12:00:00+00:00,18,12,163.0,162.0,1.8111816719764517,1.9085962012461282,0.3704687631958736,0.22038680101711028,0.4091444357870161,A,2026-07-24T22:40:49.042841+00:00
566024,BL1,78,2025,28,2027-04-03 12:00:00+00:00,19,10,169.0,172.0,1.9235621859875183,1.8937683027923808,0.3970514182976858,0.21756325117134367,0.38538533053097046,H,2026-07-24T22:40:49.062489+00:00
566025,BL1,78,2025,28,2027-04-03 12:00:00+00:00,28,15,182.0,164.0,1.5668360751239991,1.9515530484281332,0.3099665830909604,0.22348322965739387,0.4665501872516457,A,2026-07-24T22:40:49.082141+00:00
566026,BL1,78,2025,28,2027-04-03 12:00:00+00:00,3,4,168.0,165.0,1.9371329078953086,1.9378189559089383,0.3919346195609485,0.21586434127908827,0.3922010391599633,A,2026-07-24T22:40:49.102055+00:00
566027,BL1,78,2025,28,2027-04-03 12:00:00+00:00,6,29,174.0,185.0,1.5069753677775255,2.03389747665509,0.2839301457919378,0.21934405057994952,0.49672580362811275,A,2026-07-24T22:40:49.123183+00:00
566028,BL1,78,2025,29,2027-04-10 12:00:00+00:00,10,719,172.0,1660.0,2.0270928826659382,1.777564833601835,0.4405992944128653,0.21649080234154297,0.34290990324559173,H,2026-07-24T22:40:49.142883+00:00
566029,BL1,78,2025,29,2027-04-10 12:00:00+00:00,29,5,185.0,157.0,1.465266797152313,2.394766338829135,0.22560556366576903,0.1968555232722471,0.577538913061984,A,2026-07-24T22:40:49.162773+00:00
566030,BL1,78,2025,29,2027-04-10 12:00:00+00:00,2,17,167.0,160.0,1.6644637336310009,1.9969517104364216,0.3237892353992396,0.21973787549745302,0.4564728891033074,A,2026-07-24T22:40:49.182649+00:00
566031,BL1,78,2025,29,2027-04-10 12:00:00+00:00,15,721,164.0,173.0,1.8050228233645473,1.8317976756984897,0.38296152809728795,0.2233137750496471,0.39372469685306494,A,2026-07-24T22:40:49.202460+00:00
566032,BL1,78,2025,29,2027-04-10 12:00:00+00:00,12,19,162.0,169.0,1.671540162196231,2.1005768914553125,0.30867518520753884,0.21456352026235187,0.4767612945301092,A,2026-07-24T22:40:49.223896+00:00
566033,BL1,78,2025,29,2027-04-10 12:00:00+00:00,4,6,165.0,174.0,2.1972303528464776,1.6278830529585677,0.5052933622706786,0.20979108917313627,0.2849155485561853,H,2026-07-24T22:40:49.245293+00:00
566034,BL1,78,2025,29,2027-04-10 12:00:00+00:00,7,28,175.0,182.0,1.326787440887811,2.250605858725746,0.21614085943216887,0.20383153004646762,0.5800276105213635,A,2026-07-24T22:40:49.268182+00:00
566035,BL1,78,2025,29,2027-04-10 12:00:00+00:00,18,3,163.0,168.0,1.645809947880019,2.157359555245473,0.29456562209355897,0.21184512744085676,0.4935892504655843,A,2026-07-24T22:40:49.289136+00:00
566036,BL1,78,2025,29,2027-04-10 12:00:00+00:00,1,16,192.0,170.0,1.5712731793395363,1.8469931102166612,0.3284093883616863,0.22898065123007325,0.4426099604082404,A,2026-07-24T22:40:49.309329+00:00
566037,BL1,78,2025,30,2027-04-17 12:00:00+00:00,3,12,168.0,162.0,2.05390785731958,1.781167611910571,0.4454828139919213,0.21530423787964634,0.3392129481284323,H,2026-07-24T22:40:49.329397+00:00
566038,BL1,78,2025,30,2027-04-17 12:00:00+00:00,19,18,169.0,163.0,1.989193419237878,1.8213774897149475,0.42429735491018217,0.21712130524612328,0.35858133984369445,H,2026-07-24T22:40:49.349514+00:00
566039,BL1,78,2025,30,2027-04-17 12:00:00+00:00,28,10,182.0,172.0,1.6272010487370872,1.9995710651965635,0.31532513833689696,0.2201392624737958,0.46453559918930726,A,2026-07-24T22:40:49.369597+00:00
566040,BL1,78,2025,30,2027-04-17 12:00:00+00:00,5,2,157.0,167.0,2.5849583860064365,1.5601989773481626,0.5919506389280154,0.18740709954918233,0.22064226152280236,H,2026-07-24T22:40:49.391331+00:00
566041,BL1,78,2025,30,2027-04-17 12:00:00+00:00,6,7,174.0,175.0,2.0857011970084143,1.5841394689705408,0.49149593042054357,0.2159758896995955,0.292528179879861,H,2026-07-24T22:40:49.411425+00:00
566042,BL1,78,2025,30,2027-04-17 12:00:00+00:00,719,29,1660.0,185.0,1.6473840669141542,1.992721347258447,0.32079972020876607,0.2202007794301129,0.4589995003611211,A,2026-07-24T22:40:49.431597+00:00
566043,BL1,78,2025,30,2027-04-17 12:00:00+00:00,16,4,170.0,165.0,1.5811065755404925,2.0956267446346932,0.2903699532905483,0.2154443177573163,0.4941857289521355,A,2026-07-24T22:40:49.452715+00:00
566044,BL1,78,2025,30,2027-04-17 12:00:00+00:00,17,15,160.0,164.0,1.6624802880125502,1.9734512603964562,0.3272385939214446,0.22090517189273215,0.45185623418582316,A,2026-07-24T22:40:49.473961+00:00
566045,BL1,78,2025,30,2027-04-17 12:00:00+00:00,721,1,173.0,192.0,1.9504990937143756,1.6286571542698407,0.45371253354704894,0.22259743959484757,0.3236900268581035,H,2026-07-24T22:40:49.494146+00:00
566046,BL1,78,2025,31,2027-04-24 12:00:00+00:00,12,5,162.0,157.0,1.4903180795441289,2.5291705694279085,0.2142359070002887,0.18911386302525146,0.5966502299744599,A,2026-07-24T22:40:49.515058+00:00
566047,BL1,78,2025,31,2027-04-24 12:00:00+00:00,1,15,192.0,164.0,1.4705846724528417,2.080990408246952,0.2690591013599579,0.21656014494674092,0.5143807536933013,A,2026-07-24T22:40:49.535706+00:00
566048,BL1,78,2025,31,2027-04-24 12:00:00+00:00,7,719,175.0,1660.0,1.4131904430991706,2.3222262556477475,0.2244424097282169,0.2005542963974989,0.5750032938742841,A,2026-07-24T22:40:49.556626+00:00
566049,BL1,78,2025,31,2027-04-24 12:00:00+00:00,4,721,165.0,173.0,1.9178314591678447,1.8838254136087036,0.3976558010323929,0.21803383578488597,0.3843103631827211,H,2026-07-24T22:40:49.576987+00:00
566050,BL1,78,2025,31,2027-04-24 12:00:00+00:00,2,28,167.0,182.0,1.6814678479724625,1.9101342737726004,0.3420599010560584,0.22350723923309793,0.43443285971084367,A,2026-07-24T22:40:49.597114+00:00
566051,BL1,78,2025,31,2027-04-24 12:00:00+00:00,29,16,185.0,170.0,1.783602247676156,1.7175085711421556,0.3995902070148009,0.2279251293304753,0.37248466365472377,H,2026-07-24T22:40:49.617256+00:00
566052,BL1,78,2025,31,2027-04-24 12:00:00+00:00,10,17,172.0,160.0,1.8988682575485083,1.8481324068237353,0.4001869306504804,0.21969437197522618,0.38011869737429355,H,2026-07-24T22:40:49.637432+00:00
566053,BL1,78,2025,31,2027-04-24 12:00:00+00:00,18,6,163.0,174.0,2.0039708050717016,1.7138311204336047,0.4481626689137109,0.21861467865179532,0.3332226524344938,H,2026-07-24T22:40:49.657484+00:00
566054,BL1,78,2025,31,2027-04-24 12:00:00+00:00,19,3,169.0,168.0,1.8126978142642662,2.0462080302935917,0.3470989124994845,0.2150701638223594,0.437830923678156,A,2026-07-24T22:40:49.677614+00:00
566055,BL1,78,2025,32,2027-05-08 12:00:00+00:00,6,19,174.0,169.0,1.4743297937410544,2.3144171626591015,0.23756987142677546,0.2020157082531934,0.5604144203200311,A,2026-07-24T22:40:49.697723+00:00
566056,BL1,78,2025,32,2027-05-08 12:00:00+00:00,721,29,173.0,185.0,1.765496887449838,1.8463375065127992,0.3716924484493923,0.22400480622076632,0.4043027453298413,A,2026-07-24T22:40:49.717843+00:00
566057,BL1,78,2025,32,2027-05-08 12:00:00+00:00,17,1,160.0,192.0,1.8942309377127522,1.6925317601597025,0.42879911221947314,0.22397152659259498,0.34722936118793185,H,2026-07-24T22:40:49.738147+00:00
566058,BL1,78,2025,32,2027-05-08 12:00:00+00:00,15,4,164.0,165.0,1.7905861480988794,2.010354407553897,0.3484713350993492,0.21693374600576185,0.434594918894889,A,2026-07-24T22:40:49.758231+00:00
566059,BL1,78,2025,32,2027-05-08 12:00:00+00:00,16,10,170.0,172.0,1.622833666312642,2.0407126755899294,0.3077882552358889,0.21807318036595588,0.47413856439815516,A,2026-07-24T22:40:49.778544+00:00
566060,BL1,78,2025,32,2027-05-08 12:00:00+00:00,28,12,182.0,162.0,1.6900586827955253,1.9198081902748867,0.34227923318963693,0.22288190343358377,0.43483886337677924,A,2026-07-24T22:40:49.799759+00:00
566061,BL1,78,2025,32,2027-05-08 12:00:00+00:00,719,2,1660.0,167.0,1.8499802194687023,1.928427673276665,0.37524333880546346,0.21862853367000024,0.4061281275245363,A,2026-07-24T22:40:49.820401+00:00
566062,BL1,78,2025,32,2027-05-08 12:00:00+00:00,3,7,168.0,175.0,2.723104519978928,1.3728140104104753,0.6538947177444232,0.17355222034455625,0.1725530619110206,H,2026-07-24T22:40:49.840698+00:00
566063,BL1,78,2025,32,2027-05-08 12:00:00+00:00,5,18,157.0,163.0,2.4231192561128743,1.6901484022038453,0.5363095549530865,0.19817403575261464,0.26551640929429876,H,2026-07-24T22:40:49.861985+00:00
566064,BL1,78,2025,33,2027-05-15 12:00:00+00:00,19,719,169.0,1660.0,2.1244398432036635,1.7631683968564371,0.4634803952976172,0.21250221963739563,0.32401738506498706,H,2026-07-24T22:40:49.882288+00:00
566065,BL1,78,2025,33,2027-05-15 12:00:00+00:00,29,28,185.0,182.0,1.7828871829554247,1.7508832247364083,0.39310666400057875,0.22684944214877809,0.3800438938506431,H,2026-07-24T22:40:49.902840+00:00
566066,BL1,78,2025,33,2027-05-15 12:00:00+00:00,10,721,172.0,173.0,1.8499148400555545,1.9299394741533755,0.3749616354396974,0.21857785492321805,0.4064605096370846,A,2026-07-24T22:40:49.924783+00:00
566067,BL1,78,2025,33,2027-05-15 12:00:00+00:00,4,1,165.0,192.0,2.12770878116235,1.6497118093596104,0.48674894430689103,0.213356909960895,0.299894145732214,H,2026-07-24T22:40:49.945680+00:00
566068,BL1,78,2025,33,2027-05-15 12:00:00+00:00,7,17,175.0,160.0,1.3266150225496698,2.4254551076984114,0.19539148592053895,0.19162604399742936,0.6129824700820317,A,2026-07-24T22:40:49.967130+00:00
566069,BL1,78,2025,33,2027-05-15 12:00:00+00:00,3,5,168.0,157.0,1.7017464985856816,2.369564816259126,0.2750975828541005,0.20098043399534082,0.5239219831505587,A,2026-07-24T22:40:49.987830+00:00
566070,BL1,78,2025,33,2027-05-15 12:00:00+00:00,12,6,162.0,174.0,2.0002501986393044,1.7359026039197152,0.44304988130713163,0.2183938664183857,0.33855625227448266,H,2026-07-24T22:40:50.007454+00:00
566071,BL1,78,2025,33,2027-05-15 12:00:00+00:00,18,16,163.0,170.0,1.8281205955890718,1.8210100572103511,0.3899663190718858,0.22292061109984876,0.3871130698282656,H,2026-07-24T22:40:50.027223+00:00
566072,BL1,78,2025,33,2027-05-15 12:00:00+00:00,2,15,167.0,164.0,1.5831617813759489,2.1477624734328895,0.28296477208605875,0.21254589853611972,0.5044893293778218,A,2026-07-24T22:40:50.049442+00:00
566073,BL1,78,2025,34,2027-05-22 12:00:00+00:00,721,2,173.0,167.0,1.9801962981430108,1.7792414184208987,0.43042776946810274,0.21838915864592082,0.3511830718859765,H,2026-07-24T22:40:50.070298+00:00
566074,BL1,78,2025,34,2027-05-22 12:00:00+00:00,28,18,182.0,163.0,1.6897164734263048,1.9479666188623572,0.3374114888982104,0.22160809220764666,0.44098041889414297,A,2026-07-24T22:40:50.091294+00:00
566075,BL1,78,2025,34,2027-05-22 12:00:00+00:00,15,10,164.0,172.0,1.8353733018267597,1.9493355395033038,0.36845680119932467,0.2182702930314283,0.4132729057692471,A,2026-07-24T22:40:50.111651+00:00
566076,BL1,78,2025,34,2027-05-22 12:00:00+00:00,6,3,174.0,168.0,1.4469874958509283,2.397601975668421,0.22171745333738363,0.19633027869628558,0.5819522679663307,A,2026-07-24T22:40:50.131984+00:00
566077,BL1,78,2025,34,2027-05-22 12:00:00+00:00,719,12,1660.0,162.0,1.7378606877793172,2.0686244154253313,0.32770825190432235,0.21532213031920103,0.4569696177764765,A,2026-07-24T22:40:50.152357+00:00
566078,BL1,78,2025,34,2027-05-22 12:00:00+00:00,5,19,157.0,169.0,2.2591417716902944,1.8565688934122393,0.4722612923347758,0.20582782419936238,0.3219108834658618,H,2026-07-24T22:40:50.174019+00:00
566079,BL1,78,2025,34,2027-05-22 12:00:00+00:00,16,7,170.0,175.0,2.2189961809775687,1.4834550058289393,0.5398029802314904,0.20804296923853832,0.25215405052997136,H,2026-07-24T22:40:50.194309+00:00
566080,BL1,78,2025,34,2027-05-22 12:00:00+00:00,17,4,160.0,165.0,1.6967014288273683,2.1307271358637383,0.3092272784284614,0.2128672527797092,0.4779054687918295,A,2026-07-24T22:40:50.214735+00:00
566081,BL1,78,2025,34,2027-05-22 12:00:00+00:00,1,29,192.0,185.0,1.5122705619377874,2.006182864696159,0.2893452826919415,0.22095341822154643,0.4897012990865121,A,2026-07-24T22:40:50.235146+00:00
558629,SA,135,2025,1,2026-08-22 16:30:00+00:00,115,7397,494.0,895.0,1.551066754286439,1.5966387075324902,0.3690883455652941,0.24208915498982742,0.3888224994448784,A,2026-07-24T22:40:50.255809+00:00
558632,SA,135,2025,1,2026-08-22 16:30:00+00:00,108,5911,505.0,1579.0,2.142777771844492,1.267293495451195,0.5718234882328049,0.21060894041261083,0.21756757135458435,H,2026-07-24T22:40:50.276209+00:00
558631,SA,135,2025,1,2026-08-22 18:45:00+00:00,107,113,495.0,492.0,1.371656279212589,1.7031337152408133,0.30674930316433435,0.24188943085955375,0.45136126597611187,A,2026-07-24T22:40:50.296542+00:00
558636,SA,135,2025,1,2026-08-22 18:45:00+00:00,112,104,523.0,490.0,1.6114410346509684,1.532893708790675,0.3959586465150154,0.24210911828422985,0.36193223520075457,H,2026-07-24T22:40:50.316827+00:00
558635,SA,135,2025,1,2026-08-23 16:30:00+00:00,470,109,512.0,496.0,1.4025658264320329,1.8039322613240907,0.29706373406235553,0.23469504507029648,0.4682412208673479,A,2026-07-24T22:40:50.337100+00:00
558637,SA,135,2025,1,2026-08-23 16:30:00+00:00,454,5890,517.0,867.0,1.5803241396440018,1.4442512320156649,0.40643498023944563,0.2471886327443681,0.3463763870161861,H,2026-07-24T22:40:50.357288+00:00
558633,SA,135,2025,1,2026-08-23 18:45:00+00:00,102,471,499.0,488.0,2.1334398595357733,1.3495825317288943,0.5515523893112746,0.21242292871989338,0.23602468196883197,H,2026-07-24T22:40:50.377777+00:00
558634,SA,135,2025,1,2026-08-23 18:45:00+00:00,586,98,503.0,489.0,1.4938242730460685,1.6462776715834437,0.346099512787366,0.24175754955202414,0.41214293766060994,A,2026-07-24T22:40:50.397853+00:00
558630,SA,135,2025,1,2026-08-24 16:30:00+00:00,103,110,500.0,487.0,1.654354446980053,1.60957063483269,0.3909558924550886,0.237131261935736,0.37191284560917537,H,2026-07-24T22:40:50.417555+00:00
558638,SA,135,2025,1,2026-08-24 18:45:00+00:00,100,99,497.0,502.0,1.6364700066437785,1.560643339866212,0.3963753344199199,0.23982561977090963,0.3637990458091704,H,2026-07-24T22:40:50.437889+00:00
558625,SA,135,2025,2,2026-08-28 18:45:00+00:00,98,454,489.0,517.0,1.8291352311721736,1.3873585035684657,0.4773064125864175,0.2332675937458441,0.28942599366773863,H,2026-07-24T22:40:50.458668+00:00
558620,SA,135,2025,2,2026-08-29 16:30:00+00:00,471,586,488.0,503.0,1.477211599342272,1.6799569760865072,0.33600769920316403,0.24045062538122677,0.4235416754156091,A,2026-07-24T22:40:50.479337+00:00
558624,SA,135,2025,2,2026-08-29 16:30:00+00:00,5911,115,1579.0,494.0,1.463575796071653,1.6371245364096672,0.3405359728454577,0.2432939726514351,0.4161700545031072,A,2026-07-24T22:40:50.499663+00:00
558627,SA,135,2025,2,2026-08-29 16:30:00+00:00,99,470,502.0,512.0,1.900193320361652,1.4162492128938167,0.4870555581077373,0.2282845140012476,0.284659927891015,H,2026-07-24T22:40:50.520182+00:00
558619,SA,135,2025,2,2026-08-29 18:45:00+00:00,109,112,496.0,523.0,1.824245130264668,1.4089177452868586,0.4715218120232782,0.2332833667555185,0.2951948212212034,H,2026-07-24T22:40:50.540518+00:00
558626,SA,135,2025,2,2026-08-30 16:30:00+00:00,113,7397,492.0,895.0,1.802821433699293,1.4166006368576936,0.46496466691423466,0.2345325155590269,0.3005028175267384,H,2026-07-24T22:40:50.562576+00:00
558622,SA,135,2025,2,2026-08-30 18:45:00+00:00,110,107,487.0,495.0,1.7411098128971934,1.472775206630432,0.4388002644433289,0.23709209676880397,0.3241076387878672,H,2026-07-24T22:40:50.587592+00:00
558623,SA,135,2025,2,2026-08-30 18:45:00+00:00,104,108,490.0,505.0,1.3770437469248933,1.8859977152228948,0.2780174563945556,0.22956806733030857,0.4924144762751358,A,2026-07-24T22:40:50.610343+00:00
558621,SA,135,2025,2,2026-08-31 16:30:00+00:00,5890,100,867.0,497.0,1.3381500528269004,1.7427092307091054,0.29207387845873034,0.2398946510523613,0.46803147048890814,A,2026-07-24T22:40:50.632254+00:00
558628,SA,135,2025,2,2026-08-31 18:45:00+00:00,102,103,499.0,500.0,1.8571829017798338,1.514683681653634,0.45655039334920455,0.2295454445680952,0.31390416208270044,H,2026-07-24T22:40:50.653006+00:00
558609,SA,135,2025,3,2026-09-04 18:45:00+00:00,107,7397,495.0,895.0,1.5515687702126046,1.564979028522964,0.3753123660178426,0.24353896778163808,0.3811486662005193,A,2026-07-24T22:40:50.673774+00:00
558616,SA,135,2025,3,2026-09-05 13:00:00+00:00,99,586,502.0,503.0,1.726595046625504,1.4537770564304493,0.4393939872766911,0.23842235741600987,0.3221836553072989,H,2026-07-24T22:40:50.694506+00:00
558614,SA,135,2025,3,2026-09-05 16:00:00+00:00,108,113,505.0,492.0,1.7160865891211006,1.5818911253929178,0.41072984297136106,0.23527001278717777,0.35400014424146126,H,2026-07-24T22:40:50.715165+00:00
558611,SA,135,2025,3,2026-09-05 18:45:00+00:00,100,102,497.0,499.0,1.569394637348805,1.7096504566780553,0.35227611149887383,0.2359863127084074,0.4117375757927189,A,2026-07-24T22:40:50.736010+00:00
558612,SA,135,2025,3,2026-09-06 13:00:00+00:00,112,5911,523.0,1579.0,1.7373063731984044,1.4333281786209315,0.446214322538252,0.23827948432314722,0.31550619313860073,H,2026-07-24T22:40:50.756858+00:00
558615,SA,135,2025,3,2026-09-06 13:00:00+00:00,470,454,512.0,517.0,1.599835067219315,1.5636696516224982,0.3871017869582159,0.2414186395478942,0.37147957349388994,H,2026-07-24T22:40:50.777563+00:00
558613,SA,135,2025,3,2026-09-06 16:00:00+00:00,103,471,500.0,488.0,1.9020176922578602,1.4389758158468966,0.4825661366136177,0.22794183881750488,0.28949202456887746,H,2026-07-24T22:40:50.798868+00:00
558618,SA,135,2025,3,2026-09-06 18:45:00+00:00,109,98,496.0,489.0,1.6697745131085284,1.5678037259048567,0.40277608488559646,0.2379722996260429,0.3592516154883608,H,2026-07-24T22:40:50.819582+00:00
558610,SA,135,2025,3,2026-09-07 16:00:00+00:00,104,5890,490.0,867.0,1.6427057561020701,1.4530415843326807,0.41968741121169106,0.24332912479770694,0.33698346399060186,H,2026-07-24T22:40:50.839875+00:00
558617,SA,135,2025,3,2026-09-07 18:45:00+00:00,115,110,494.0,487.0,1.5096702241238977,1.7040109434221327,0.33934122822026286,0.2381422355289224,0.42251653625081476,A,2026-07-24T22:40:50.860529+00:00
558606,SA,135,2025,4,2026-09-11 18:45:00+00:00,454,99,517.0,502.0,1.406108232867343,1.7399286878062132,0.3086376019987453,0.2387333676470588,0.452629030354196,A,2026-07-24T22:40:50.881327+00:00
558604,SA,135,2025,4,2026-09-12 13:00:00+00:00,107,470,495.0,512.0,1.6840993740054018,1.4965980597058257,0.42052510285685735,0.2396213318739705,0.33985356526917204,H,2026-07-24T22:40:50.901650+00:00
558608,SA,135,2025,4,2026-09-12 16:00:00+00:00,471,109,488.0,496.0,1.3835419824791122,1.8727944747721499,0.2815704108022629,0.23039973803280364,0.48802985116493347,A,2026-07-24T22:40:50.922142+00:00
558607,SA,135,2025,4,2026-09-12 18:45:00+00:00,102,104,499.0,490.0,1.9858494113813772,1.393012653924442,0.5109088345097724,0.22276191573933807,0.26632924975088945,H,2026-07-24T22:40:50.943208+00:00
558603,SA,135,2025,4,2026-09-13 10:30:00+00:00,586,100,503.0,497.0,1.461762554873724,1.6574095920109404,0.3364024423110129,0.24220730511044955,0.4213902525785375,A,2026-07-24T22:40:50.963694+00:00
558602,SA,135,2025,4,2026-09-13 13:00:00+00:00,7397,112,895.0,523.0,1.686908001924229,1.5325154060887496,0.41386402597329375,0.2383252974702428,0.3478106765564635,H,2026-07-24T22:40:50.984204+00:00
558605,SA,135,2025,4,2026-09-13 13:00:00+00:00,5890,5911,867.0,1579.0,1.6119183538088209,1.4618862124533232,0.4104620356299454,0.2447623476919713,0.34477561667808315,H,2026-07-24T22:40:51.006623+00:00
558599,SA,135,2025,4,2026-09-13 16:00:00+00:00,113,103,492.0,500.0,1.7483784122382853,1.4957803708580883,0.4357001692256908,0.23609227976005498,0.3282075510142541,H,2026-07-24T22:40:51.027457+00:00
558600,SA,135,2025,4,2026-09-13 18:45:00+00:00,110,98,487.0,489.0,1.6381951724906643,1.661286620389307,0.37725538840452666,0.23572354684318794,0.3870210647522855,A,2026-07-24T22:40:51.047866+00:00
558601,SA,135,2025,4,2026-09-14 18:45:00+00:00,108,115,505.0,494.0,1.9989698239147993,1.391838612869443,0.5139977459519592,0.22188238818046108,0.2641198658675796,H,2026-07-24T22:40:51.068771+00:00
558596,SA,135,2025,5,2026-09-18 18:45:00+00:00,5911,471,1579.0,488.0,1.5869086877466594,1.618751093848579,0.3733650792094893,0.23960573585239098,0.38702918493811966,A,2026-07-24T22:40:51.089541+00:00
558598,SA,135,2025,5,2026-09-19 13:00:00+00:00,103,586,500.0,503.0,1.6863879782178304,1.5055900995546623,0.4192207558798321,0.23921560843447104,0.3415636356856968,H,2026-07-24T22:40:51.110165+00:00
558589,SA,135,2025,5,2026-09-19 13:00:00+00:00,115,104,494.0,490.0,1.6086355774307466,1.552106850237243,0.39147341195865665,0.2414805348981578,0.3670460531431856,H,2026-07-24T22:40:51.132464+00:00
558593,SA,135,2025,5,2026-09-19 16:00:00+00:00,100,108,497.0,505.0,1.5584084346907838,1.7361800026402106,0.34492051520106437,0.2350062976782074,0.42007318712072833,A,2026-07-24T22:40:51.154466+00:00
558594,SA,135,2025,5,2026-09-19 18:45:00+00:00,454,110,517.0,487.0,1.4535628998366694,1.724556091777559,0.32248989324576777,0.23854837671728274,0.43896173003694955,A,2026-07-24T22:40:51.175836+00:00
558591,SA,135,2025,5,2026-09-20 10:30:00+00:00,99,113,502.0,492.0,1.5599862563245734,1.653706947269404,0.3604094938151522,0.2390261686278084,0.40056433755703924,A,2026-07-24T22:40:51.196613+00:00
558592,SA,135,2025,5,2026-09-20 13:00:00+00:00,470,7397,512.0,895.0,1.5355200601224581,1.7064600395958307,0.34495849264778855,0.23722137086186387,0.41782013649034744,A,2026-07-24T22:40:51.217499+00:00
558590,SA,135,2025,5,2026-09-20 13:00:00+00:00,112,107,523.0,495.0,1.5852457625994418,1.5617744059582004,0.3839990294885728,0.242167504720695,0.3738334657907323,H,2026-07-24T22:40:51.238318+00:00
558595,SA,135,2025,5,2026-09-20 16:00:00+00:00,109,102,496.0,499.0,1.5909662356984293,1.7214246890977698,0.35512430411431056,0.2347216674231111,0.41015402846257815,A,2026-07-24T22:40:51.259642+00:00
558597,SA,135,2025,5,2026-09-20 18:45:00+00:00,98,5890,489.0,867.0,1.8656735638091566,1.3696638437557214,0.4894611971657728,0.2310118691634085,0.27952693367081877,H,2026-07-24T22:40:51.281498+00:00
558579,SA,135,2025,6,2026-10-11 16:30:00+00:00,102,454,499.0,517.0,2.0243198670826446,1.3712133982197547,0.5239567656875257,0.22014235700640403,0.2559008773060705,H,2026-07-24T22:40:51.305032+00:00
558580,SA,135,2025,6,2026-10-11 16:30:00+00:00,471,98,488.0,489.0,1.4338341063848012,1.8976709214895413,0.2890253561713237,0.22827090062615102,0.4827037432025254,A,2026-07-24T22:40:51.326879+00:00
558581,SA,135,2025,6,2026-10-11 16:30:00+00:00,5890,103,867.0,500.0,1.415013891458329,1.7586714068082856,0.30754312299328085,0.23735814221284468,0.4550987347938744,A,2026-07-24T22:40:51.348777+00:00
558582,SA,135,2025,6,2026-10-11 16:30:00+00:00,108,112,505.0,523.0,2.0213288514844097,1.424659444681695,0.5116529554501184,0.22037499374393488,0.26797205080594677,H,2026-07-24T22:40:51.369109+00:00
558583,SA,135,2025,6,2026-10-11 16:30:00+00:00,110,5911,487.0,1579.0,1.9306392519836093,1.3985562949034323,0.4976396918184395,0.22642451697084476,0.27593579121071576,H,2026-07-24T22:40:51.391004+00:00
558584,SA,135,2025,6,2026-10-11 16:30:00+00:00,104,109,490.0,496.0,1.4325386219042762,1.7727792658257984,0.30925054749978703,0.23611687028694048,0.4546325822132725,A,2026-07-24T22:40:51.411366+00:00
558585,SA,135,2025,6,2026-10-11 16:30:00+00:00,7397,100,895.0,497.0,1.5110374673102411,1.716836153976804,0.3373602416790299,0.23741009001172483,0.4252296683092453,A,2026-07-24T22:40:51.431895+00:00
558586,SA,135,2025,6,2026-10-11 16:30:00+00:00,113,470,492.0,512.0,1.9713222810717645,1.383364578023911,0.5098680221821031,0.22375930942722888,0.26637266839066787,H,2026-07-24T22:40:51.452323+00:00
558587,SA,135,2025,6,2026-10-11 16:30:00+00:00,586,115,503.0,494.0,1.641505390308234,1.5207137236888388,0.4055512533425438,0.2410595655218295,0.3533891811356267,H,2026-07-24T22:40:51.473138+00:00
558588,SA,135,2025,6,2026-10-11 16:30:00+00:00,107,99,495.0,502.0,1.4694013886811432,1.7149744057009269,0.3279083248226213,0.2386880761325424,0.4334035990448364,A,2026-07-24T22:40:51.494807+00:00
558569,SA,135,2025,7,2026-10-18 16:30:00+00:00,98,102,489.0,499.0,1.5899625868892533,1.8037903201075909,0.34013385088808706,0.2307416850441524,0.4291244640677605,A,2026-07-24T22:40:51.515585+00:00
558570,SA,135,2025,7,2026-10-18 16:30:00+00:00,109,110,496.0,487.0,1.726572160282797,1.588238191891567,0.4118810648319912,0.2345634114162157,0.35355552375179294,H,2026-07-24T22:40:51.535921+00:00
558571,SA,135,2025,7,2026-10-18 16:30:00+00:00,103,108,500.0,505.0,1.5354399807649324,1.8483101718826527,0.32009388632363667,0.22964920630787986,0.45025690736848345,A,2026-07-24T22:40:51.556288+00:00
558572,SA,135,2025,7,2026-10-18 16:30:00+00:00,100,107,497.0,495.0,1.7761909177068422,1.4414685854595288,0.45352312957619484,0.235723647725991,0.3107532226978141,H,2026-07-24T22:40:51.576795+00:00
558573,SA,135,2025,7,2026-10-18 16:30:00+00:00,470,471,512.0,488.0,1.717258855647304,1.6267897637682762,0.40213201484634,0.23372487937455877,0.3641431057791013,H,2026-07-24T22:40:51.597142+00:00
558574,SA,135,2025,7,2026-10-18 16:30:00+00:00,115,5890,494.0,867.0,1.6644966967954182,1.4874218846114458,0.4177792244148758,0.24098419487485967,0.3412365807102645,H,2026-07-24T22:40:51.623313+00:00
558575,SA,135,2025,7,2026-10-18 16:30:00+00:00,454,113,517.0,492.0,1.336074322351079,1.8222078292289694,0.27867152792375227,0.23435935163204963,0.4869691204441981,A,2026-07-24T22:40:51.646435+00:00
558576,SA,135,2025,7,2026-10-18 16:30:00+00:00,5911,104,1579.0,490.0,1.4809767591320577,1.681306144593797,0.3366580300589456,0.24025952506385198,0.4230824448772024,A,2026-07-24T22:40:51.668046+00:00
558577,SA,135,2025,7,2026-10-18 16:30:00+00:00,99,7397,502.0,895.0,1.7710164533428374,1.5338641038004335,0.43306639333119434,0.2338738432644193,0.3330597634043863,H,2026-07-24T22:40:51.689692+00:00
558578,SA,135,2025,7,2026-10-18 16:30:00+00:00,112,586,523.0,503.0,1.5550399643866917,1.615659220828943,0.36640796464023695,0.24103068711813894,0.3925613482416239,A,2026-07-24T22:40:51.710829+00:00
558559,SA,135,2025,8,2026-10-25 17:30:00+00:00,115,98,494.0,489.0,1.4872156786978181,1.7770695430702288,0.3212275120934621,0.23467391617978184,0.444098571726756,A,2026-07-24T22:40:51.731208+00:00
558560,SA,135,2025,8,2026-10-25 17:30:00+00:00,104,103,490.0,500.0,1.5126537351216491,1.7414096262238408,0.33336489698559707,0.2360313528769003,0.4306037501375026,A,2026-07-24T22:40:51.751998+00:00
558561,SA,135,2025,8,2026-10-25 17:30:00+00:00,7397,471,895.0,488.0,1.8277925208753059,1.5252128558439688,0.4477561145288924,0.23098699605799547,0.321256889413112,H,2026-07-24T22:40:51.772515+00:00
558562,SA,135,2025,8,2026-10-25 17:30:00+00:00,102,470,499.0,512.0,2.1060364558084763,1.4239138192205107,0.5296401016848536,0.21484995898358203,0.25550993933156435,H,2026-07-24T22:40:51.793382+00:00
558563,SA,135,2025,8,2026-10-25 17:30:00+00:00,108,99,505.0,502.0,1.8393147040054,1.5930166066188014,0.43648271551277185,0.22888872402805482,0.3346285604591735,H,2026-07-24T22:40:51.815595+00:00
558564,SA,135,2025,8,2026-10-25 17:30:00+00:00,113,100,492.0,497.0,1.6811251583335718,1.5592140943930024,0.4071411335863505,0.23772234227181935,0.35513652414183017,H,2026-07-24T22:40:51.836328+00:00
558565,SA,135,2025,8,2026-10-25 17:30:00+00:00,110,112,487.0,523.0,1.8080939709071007,1.5387475390011114,0.44051144690972044,0.23176602369157465,0.32772252939870494,H,2026-07-24T22:40:51.856903+00:00
558566,SA,135,2025,8,2026-10-25 17:30:00+00:00,5890,109,867.0,496.0,1.3479112212345963,1.8214165080514453,0.2815433545952702,0.23428227210663236,0.4841743732980975,A,2026-07-24T22:40:51.877133+00:00
558567,SA,135,2025,8,2026-10-25 17:30:00+00:00,586,5911,503.0,1579.0,1.7724180932962081,1.4158163091091986,0.4581196229911733,0.23647429013044743,0.30540608687837933,H,2026-07-24T22:40:51.898841+00:00
558568,SA,135,2025,8,2026-10-25 17:30:00+00:00,107,454,495.0,517.0,1.6382014902372788,1.492187853586307,0.41055402557384424,0.2422477257506884,0.3471982486754675,H,2026-07-24T22:40:51.918996+00:00
558549,SA,135,2025,9,2026-10-28 17:30:00+00:00,98,103,489.0,500.0,1.7138883356520136,1.6308222323681747,0.40057124196525207,0.23373593063239737,0.3656928274023506,H,2026-07-24T22:40:51.940701+00:00
558550,SA,135,2025,9,2026-10-28 17:30:00+00:00,454,108,517.0,505.0,1.3451104506146934,1.9614491831272949,0.25936295520697117,0.2244920972830447,0.5161449475099842,A,2026-07-24T22:40:51.963741+00:00
558551,SA,135,2025,9,2026-10-28 17:30:00+00:00,99,102,502.0,499.0,1.5953509746474375,1.7983005831595207,0.3423242287186325,0.23087312103437335,0.4268026502469943,A,2026-07-24T22:40:51.985498+00:00
558552,SA,135,2025,9,2026-10-28 17:30:00+00:00,107,109,495.0,496.0,1.4409975976066245,1.7389577161945504,0.3170256112156756,0.23799778403731106,0.44497660474701334,A,2026-07-24T22:40:52.006956+00:00
558553,SA,135,2025,9,2026-10-28 17:30:00+00:00,112,115,523.0,494.0,1.6310063809049706,1.6030289138383451,0.38677047642392764,0.23841163156355621,0.37481789201251603,H,2026-07-24T22:40:52.027411+00:00
558554,SA,135,2025,9,2026-10-28 17:30:00+00:00,5911,113,1579.0,492.0,1.2760769532487337,1.9425059226408015,0.24674333351333913,0.22580467572887278,0.527451990757788,A,2026-07-24T22:40:52.049747+00:00
558555,SA,135,2025,9,2026-10-28 17:30:00+00:00,100,104,497.0,490.0,1.820074477200223,1.4486614326193705,0.462060384422851,0.23290207058785198,0.3050375449892971,H,2026-07-24T22:40:52.070662+00:00
558556,SA,135,2025,9,2026-10-28 17:30:00+00:00,471,110,488.0,487.0,1.474872299247623,1.8934459181610444,0.29894750909683176,0.2280452102391771,0.47300728066399117,A,2026-07-24T22:40:52.091407+00:00
558557,SA,135,2025,9,2026-10-28 17:30:00+00:00,586,7397,503.0,895.0,1.5999187398020822,1.601478096572976,0.3797556766766365,0.23981902805933872,0.3804252952640248,A,2026-07-24T22:40:52.112204+00:00
558558,SA,135,2025,9,2026-10-28 17:30:00+00:00,470,5890,512.0,867.0,1.6414452916857143,1.571364211611114,0.39542645593298487,0.23918200485880037,0.36539153920821466,H,2026-07-24T22:40:52.133268+00:00
558539,SA,135,2025,10,2026-11-01 17:30:00+00:00,103,5911,500.0,1579.0,1.91786914359811,1.4070996318757698,0.49296106793459155,0.22720932082952286,0.2798296112358856,H,2026-07-24T22:40:52.154015+00:00
558540,SA,135,2025,10,2026-11-01 17:30:00+00:00,5890,107,867.0,495.0,1.48173705271895,1.6275618772388263,0.3466613247508407,0.24319093582130297,0.4101477394278562,A,2026-07-24T22:40:52.175640+00:00
558541,SA,135,2025,10,2026-11-01 17:30:00+00:00,471,99,488.0,502.0,1.4301907579165363,1.9244787255731752,0.2839734291125132,0.22659825123945668,0.4894283196480302,A,2026-07-24T22:40:52.197706+00:00
558542,SA,135,2025,10,2026-11-01 17:30:00+00:00,115,100,494.0,497.0,1.4512546804933668,1.7742181662892553,0.31336742713360427,0.23563792308781104,0.4509946497785849,A,2026-07-24T22:40:52.218727+00:00
558543,SA,135,2025,10,2026-11-01 17:30:00+00:00,7397,454,895.0,517.0,1.719826858646775,1.5106856514340419,0.4259983678238205,0.23725854545484215,0.33674308672133735,H,2026-07-24T22:40:52.239471+00:00
558544,SA,135,2025,10,2026-11-01 17:30:00+00:00,470,586,512.0,503.0,1.5234739263305859,1.7036097226421543,0.34265342969459645,0.2377429714359431,0.4196035988694603,A,2026-07-24T22:40:52.260650+00:00
558545,SA,135,2025,10,2026-11-01 17:30:00+00:00,102,112,499.0,523.0,2.0143021025379126,1.4516307836069275,0.5043352570960433,0.22076816280165326,0.27489658010230344,H,2026-07-24T22:40:52.282129+00:00
558546,SA,135,2025,10,2026-11-01 17:30:00+00:00,110,104,487.0,490.0,1.8035735729880114,1.5286002253367583,0.4415733238155539,0.23224361324756906,0.3261830629368769,H,2026-07-24T22:40:52.303269+00:00
558547,SA,135,2025,10,2026-11-01 17:30:00+00:00,109,113,496.0,492.0,1.5814591567431688,1.6627812577584,0.36375572314253374,0.23780869287733017,0.398435583980136,A,2026-07-24T22:40:52.323947+00:00
558548,SA,135,2025,10,2026-11-01 17:30:00+00:00,98,108,489.0,505.0,1.5788783381827638,1.831997743627565,0.3327059477082764,0.22958668494365767,0.4377073673480659,A,2026-07-24T22:40:52.344698+00:00
558529,SA,135,2025,11,2026-11-08 17:30:00+00:00,99,109,502.0,496.0,1.633277890153043,1.6703406253766118,0.3744021306427322,0.23553189641057395,0.39006597294669393,A,2026-07-24T22:40:52.365431+00:00
558530,SA,135,2025,11,2026-11-08 17:30:00+00:00,108,7397,505.0,895.0,1.963300644991453,1.4997499974302342,0.48309449437483454,0.22359031124427128,0.29331519438089404,H,2026-07-24T22:40:52.387524+00:00
558531,SA,135,2025,11,2026-11-08 17:30:00+00:00,100,471,497.0,488.0,1.9675454556313863,1.430130419388969,0.4988766527213475,0.22383659762780708,0.27728674965084565,H,2026-07-24T22:40:52.408507+00:00
558532,SA,135,2025,11,2026-11-08 17:30:00+00:00,586,5890,503.0,867.0,1.7009274890536816,1.450731482861506,0.4340042584053411,0.2400173689030633,0.3259783726915954,H,2026-07-24T22:40:52.429432+00:00
558533,SA,135,2025,11,2026-11-08 17:30:00+00:00,113,110,492.0,487.0,1.7740114514737813,1.5620182453573848,0.42801494842142795,0.23297830387688018,0.33900674770169176,H,2026-07-24T22:40:52.450365+00:00
558534,SA,135,2025,11,2026-11-08 17:30:00+00:00,104,470,490.0,512.0,1.699811109501546,1.59621178811725,0.4041287669232606,0.2355629007820364,0.36030833229470305,H,2026-07-24T22:40:52.471677+00:00
558535,SA,135,2025,11,2026-11-08 17:30:00+00:00,112,103,523.0,500.0,1.535569032896104,1.7614809439835133,0.3351317285351037,0.2343370293034339,0.4305312421614624,A,2026-07-24T22:40:52.492550+00:00
558536,SA,135,2025,11,2026-11-08 17:30:00+00:00,107,98,495.0,489.0,1.487971459983642,1.7426884048330753,0.3273843497080873,0.23661399470545552,0.4360016555864574,A,2026-07-24T22:40:52.513689+00:00
558537,SA,135,2025,11,2026-11-08 17:30:00+00:00,454,115,517.0,494.0,1.5583266325200464,1.6140972938974316,0.367485652752913,0.2409731972024424,0.3915411500446447,A,2026-07-24T22:40:52.534896+00:00
558538,SA,135,2025,11,2026-11-08 17:30:00+00:00,5911,102,1579.0,499.0,1.2975928294884316,2.077945685298586,0.2325061974289542,0.2158464403275931,0.5516473622434527,A,2026-07-24T22:40:52.555779+00:00
558519,SA,135,2025,12,2026-11-22 17:30:00+00:00,5911,99,1579.0,502.0,1.359860433652279,1.9263960790782355,0.2679117203126145,0.22690710769333003,0.5051811719940555,A,2026-07-24T22:40:52.576661+00:00
558520,SA,135,2025,12,2026-11-22 17:30:00+00:00,102,108,499.0,505.0,1.7384644852779467,1.7852792557461044,0.3768451497774283,0.2271739310744644,0.39598091914810724,A,2026-07-24T22:40:52.597435+00:00
558521,SA,135,2025,12,2026-11-22 17:30:00+00:00,109,454,496.0,517.0,1.8736320151422332,1.419415285392197,0.4804350303520461,0.22996486513243328,0.28960010451552065,H,2026-07-24T22:40:52.618216+00:00
558522,SA,135,2025,12,2026-11-22 17:30:00+00:00,103,115,500.0,494.0,1.7887288764620826,1.5439471597704415,0.43504737979710717,0.23267672827606548,0.3322758919268275,H,2026-07-24T22:40:52.639178+00:00
558523,SA,135,2025,12,2026-11-22 17:30:00+00:00,98,470,489.0,512.0,1.9311119807721733,1.5051528025727692,0.47493240309039425,0.2254287662170217,0.299638830692584,H,2026-07-24T22:40:52.661191+00:00
558524,SA,135,2025,12,2026-11-22 17:30:00+00:00,471,107,488.0,495.0,1.5410631535067187,1.7401669841448224,0.34018705848074376,0.23530650841257295,0.42450643310668335,A,2026-07-24T22:40:52.683123+00:00
558525,SA,135,2025,12,2026-11-22 17:30:00+00:00,7397,104,895.0,490.0,1.7046191482040787,1.5822030223579373,0.40801776511436877,0.23580946165126385,0.35617277323436747,H,2026-07-24T22:40:52.706072+00:00
558526,SA,135,2025,12,2026-11-22 17:30:00+00:00,112,100,523.0,497.0,1.4683026316959722,1.805254120244588,0.31204607259232997,0.23343142186135832,0.4545225055463118,A,2026-07-24T22:40:52.728906+00:00
558527,SA,135,2025,12,2026-11-22 17:30:00+00:00,113,586,492.0,503.0,1.804036734964927,1.450702631819338,0.4579653995610361,0.2338437438676059,0.308190856571358,H,2026-07-24T22:40:52.749708+00:00
558528,SA,135,2025,12,2026-11-22 17:30:00+00:00,110,5890,487.0,867.0,1.8632900675490718,1.4576828413800376,0.46991759814250156,0.23011332398985992,0.29996907786763854,H,2026-07-24T22:40:52.770880+00:00
558509,SA,135,2025,13,2026-11-29 17:30:00+00:00,471,113,488.0,492.0,1.3564563365089048,2.0047360292686847,0.25551872497683153,0.22146654798893908,0.5230147270342294,A,2026-07-24T22:40:52.794695+00:00
558510,SA,135,2025,13,2026-11-29 17:30:00+00:00,104,98,490.0,489.0,1.4907516688966425,1.81845155033094,0.31497265164574645,0.23221468033149756,0.45281266802275605,A,2026-07-24T22:40:52.819944+00:00
558511,SA,135,2025,13,2026-11-29 17:30:00+00:00,7397,109,895.0,496.0,1.5202427406185006,1.787762943608863,0.3270006996738287,0.2333033817641277,0.4396959185620434,A,2026-07-24T22:40:52.840173+00:00
558512,SA,135,2025,13,2026-11-29 17:30:00+00:00,100,5911,497.0,1579.0,1.9697009944043418,1.368992410939586,0.5126705835804887,0.22389529460175106,0.26343412181776027,H,2026-07-24T22:40:52.860001+00:00
558513,SA,135,2025,13,2026-11-29 17:30:00+00:00,470,112,512.0,523.0,1.612658800893873,1.720933898195743,0.3602164152460498,0.23403434723009245,0.4057492375238579,A,2026-07-24T22:40:52.879882+00:00
558514,SA,135,2025,13,2026-11-29 17:30:00+00:00,586,110,503.0,487.0,1.5622463663172326,1.7258921031240797,0.3476650078517101,0.23540786980205303,0.41692712234623674,A,2026-07-24T22:40:52.900003+00:00
558515,SA,135,2025,13,2026-11-29 17:30:00+00:00,454,103,517.0,500.0,1.4702647783677862,1.7845671221868797,0.31601445991616045,0.2346146313343512,0.4493709087494883,A,2026-07-24T22:40:52.919420+00:00
558516,SA,135,2025,13,2026-11-29 17:30:00+00:00,5890,102,867.0,499.0,1.329174023261775,2.017462811261461,0.24772370057765022,0.22047983849639874,0.531796460925951,A,2026-07-24T22:40:52.939182+00:00
558517,SA,135,2025,13,2026-11-29 17:30:00+00:00,115,99,494.0,502.0,1.4876622352695228,1.817600904291868,0.3144085491474705,0.23232497681619194,0.45326647403633746,A,2026-07-24T22:40:52.959369+00:00
558518,SA,135,2025,13,2026-11-29 17:30:00+00:00,108,107,505.0,495.0,1.9887110199851405,1.453578349853149,0.4984179934578796,0.22237168722609624,0.2792103193160242,H,2026-07-24T22:40:52.980734+00:00
558499,SA,135,2025,14,2026-12-06 17:30:00+00:00,107,586,495.0,503.0,1.5554377576777911,1.6115127415455,0.3672908687353184,0.24121065597534153,0.39149847528934,A,2026-07-24T22:40:53.000446+00:00
558500,SA,135,2025,14,2026-12-06 17:30:00+00:00,109,115,496.0,494.0,1.8513323022413994,1.485937637717256,0.46125377216646096,0.2303855233749071,0.30836070445863184,H,2026-07-24T22:40:53.020657+00:00
558501,SA,135,2025,14,2026-12-06 17:30:00+00:00,470,108,512.0,505.0,1.3891848360759653,2.1004169061685576,0.24893019080726325,0.2150348606253118,0.5360349485674248,A,2026-07-24T22:40:53.041099+00:00
558502,SA,135,2025,14,2026-12-06 17:30:00+00:00,103,100,500.0,497.0,1.6062021773598427,1.7268337020327835,0.35764873278257,0.23397438091880082,0.4083768862986291,A,2026-07-24T22:40:53.063041+00:00
558503,SA,135,2025,14,2026-12-06 17:30:00+00:00,99,104,502.0,490.0,1.845014707317626,1.5105021507662901,0.4546903305941075,0.23031232717223424,0.3149973422336581,H,2026-07-24T22:40:53.082932+00:00
558504,SA,135,2025,14,2026-12-06 17:30:00+00:00,110,102,487.0,499.0,1.5834326492745379,1.9043977809692403,0.32141177157217093,0.22573995899811006,0.4528482694297189,A,2026-07-24T22:40:53.103980+00:00
558505,SA,135,2025,14,2026-12-06 17:30:00+00:00,98,112,489.0,523.0,1.849829442203433,1.5410664720986293,0.4494362886193877,0.2294547591778135,0.32110895220279884,H,2026-07-24T22:40:53.123464+00:00
558506,SA,135,2025,14,2026-12-06 17:30:00+00:00,454,471,517.0,488.0,1.6926504368026285,1.6037088213758603,0.4009950127837723,0.23563245070158773,0.3633725365146399,H,2026-07-24T22:40:53.144027+00:00
558507,SA,135,2025,14,2026-12-06 17:30:00+00:00,5911,7397,1579.0,895.0,1.4506709274008422,1.8130116895513126,0.3066789548377,0.2332978551899043,0.46002318997239566,A,2026-07-24T22:40:53.163470+00:00
558508,SA,135,2025,14,2026-12-06 17:30:00+00:00,113,5890,492.0,867.0,1.9516416559663052,1.353351610141909,0.5121751764568521,0.22517067726114084,0.2626541462820072,H,2026-07-24T22:40:53.184087+00:00
558489,SA,135,2025,15,2026-12-13 17:30:00+00:00,113,98,492.0,489.0,1.7428651150687875,1.6159899975752483,0.4101107763244993,0.23291894250645626,0.3569702811690445,H,2026-07-24T22:40:53.203583+00:00
558490,SA,135,2025,15,2026-12-13 17:30:00+00:00,7397,103,895.0,500.0,1.605417116302636,1.7560760984728152,0.35215529949044605,0.2326277227153537,0.4152169777942002,A,2026-07-24T22:40:53.224505+00:00
558491,SA,135,2025,15,2026-12-13 17:30:00+00:00,115,470,494.0,512.0,1.7202582877466759,1.6280975889978455,0.4025631641024883,0.233546979266439,0.3638898566310727,H,2026-07-24T22:40:53.245949+00:00
558492,SA,135,2025,15,2026-12-13 17:30:00+00:00,5890,471,867.0,488.0,1.6475498104254545,1.6355042600830734,0.38435259285080375,0.23640204595644948,0.37924536119274654,H,2026-07-24T22:40:53.267542+00:00
558493,SA,135,2025,15,2026-12-13 17:30:00+00:00,112,99,523.0,502.0,1.5030035808491036,1.8415013001025975,0.31388361716032165,0.23065261270589332,0.455463770133785,A,2026-07-24T22:40:53.287666+00:00
558494,SA,135,2025,15,2026-12-13 17:30:00+00:00,104,454,490.0,517.0,1.6507039624438644,1.5835684395951017,0.3951939242257832,0.23828885983338163,0.3665172159408352,H,2026-07-24T22:40:53.309444+00:00
558495,SA,135,2025,15,2026-12-13 17:30:00+00:00,108,586,505.0,503.0,1.9449153405563764,1.4907162420698545,0.4809975596439165,0.22477285757893145,0.29422958277715205,H,2026-07-24T22:40:53.329715+00:00
558496,SA,135,2025,15,2026-12-13 17:30:00+00:00,109,5911,496.0,1579.0,1.9965827330806523,1.3776126858117486,0.5165998045595402,0.22204886008040858,0.2613513353600513,H,2026-07-24T22:40:53.349480+00:00
558497,SA,135,2025,15,2026-12-13 17:30:00+00:00,102,107,499.0,495.0,1.9789320669092973,1.4747811424669663,0.491774913191341,0.22285160956977906,0.28537347723888,H,2026-07-24T22:40:53.369687+00:00
558498,SA,135,2025,15,2026-12-13 17:30:00+00:00,110,100,487.0,497.0,1.6261460146122957,1.7459726147646024,0.3587274402046162,0.23245506343132086,0.4088174963640631,A,2026-07-24T22:40:53.390818+00:00
558479,SA,135,2025,16,2026-12-20 17:30:00+00:00,98,7397,489.0,895.0,1.7916740573799266,1.608656371589045,0.4226441951630336,0.2308372628277025,0.3465185420092639,H,2026-07-24T22:40:53.411117+00:00
558480,SA,135,2025,16,2026-12-20 17:30:00+00:00,471,112,488.0,523.0,1.5910175638661073,1.787659024774443,0.3432204402797399,0.2315128131282067,0.4252667465920534,A,2026-07-24T22:40:53.430838+00:00
558481,SA,135,2025,16,2026-12-20 17:30:00+00:00,100,109,497.0,496.0,1.6381984336456628,1.6829715293977987,0.3731596220049665,0.23480974594982165,0.39203063204521194,A,2026-07-24T22:40:53.451290+00:00
558482,SA,135,2025,16,2026-12-20 17:30:00+00:00,470,110,512.0,487.0,1.5176340157098278,1.9072324731925006,0.3062901100797608,0.22664655922296292,0.46706333069727635,A,2026-07-24T22:40:53.472899+00:00
558483,SA,135,2025,16,2026-12-20 17:30:00+00:00,102,113,499.0,492.0,1.7402054031182015,1.697870551848812,0.39361159457328826,0.23030548169301165,0.3760829237337,H,2026-07-24T22:40:53.494482+00:00
558484,SA,135,2025,16,2026-12-20 17:30:00+00:00,99,103,502.0,500.0,1.734917110325781,1.6690974862419805,0.39793674299503995,0.2315173357463556,0.3705459212586043,H,2026-07-24T22:40:53.514369+00:00
558485,SA,135,2025,16,2026-12-20 17:30:00+00:00,107,115,495.0,494.0,1.632746063171896,1.602782820257608,0.3872262204928219,0.23834547557067098,0.374428303936507,H,2026-07-24T22:40:53.534585+00:00
558486,SA,135,2025,16,2026-12-20 17:30:00+00:00,5890,108,867.0,505.0,1.3218311148078465,2.057880456707898,0.2404538850360604,0.21753086920349857,0.5420152457604409,A,2026-07-24T22:40:53.554289+00:00
558487,SA,135,2025,16,2026-12-20 17:30:00+00:00,586,104,503.0,490.0,1.6679223517688104,1.58086594632128,0.3997536011168489,0.23759047751272291,0.3626559213704281,H,2026-07-24T22:40:53.575985+00:00
558488,SA,135,2025,16,2026-12-20 17:30:00+00:00,454,5911,517.0,1579.0,1.6920695168261846,1.5283619085211388,0.41591347711378107,0.23819281644842571,0.34589370643779316,H,2026-07-24T22:40:53.595529+00:00
558469,SA,135,2025,17,2027-01-03 12:00:00+00:00,115,102,494.0,499.0,1.4335035709407957,2.019957235962812,0.2701009550270652,0.22045141424910433,0.5094476307238306,A,2026-07-24T22:40:53.616173+00:00
558470,SA,135,2025,17,2027-01-03 12:00:00+00:00,7397,5890,895.0,867.0,1.7684875065189278,1.5279323963742752,0.43370285590880536,0.23416174722655664,0.332135396864638,H,2026-07-24T22:40:53.635790+00:00
558471,SA,135,2025,17,2027-01-03 12:00:00+00:00,100,470,497.0,512.0,1.9394576252281392,1.50247746489354,0.47732299586907573,0.2249702665539308,0.29770673757699334,H,2026-07-24T22:40:53.656511+00:00
558472,SA,135,2025,17,2027-01-03 12:00:00+00:00,112,113,523.0,492.0,1.4232887894494546,1.9097247682945038,0.28474279651452206,0.2276044906995096,0.4876527127859683,A,2026-07-24T22:40:53.675996+00:00
558473,SA,135,2025,17,2027-01-03 12:00:00+00:00,104,107,490.0,495.0,1.6000023173567468,1.6602995800587197,0.36855771503225937,0.23723200588529403,0.39421027908244655,A,2026-07-24T22:40:53.696379+00:00
558474,SA,135,2025,17,2027-01-03 12:00:00+00:00,586,454,503.0,517.0,1.6948202305442326,1.5417319380658545,0.41385029580038224,0.23762113005201554,0.3485285741476023,H,2026-07-24T22:40:53.715732+00:00
558475,SA,135,2025,17,2027-01-03 12:00:00+00:00,5911,98,1579.0,489.0,1.3808521959942546,1.9741881388973825,0.2653883574070327,0.22356995519346107,0.5110416873995063,A,2026-07-24T22:40:53.737045+00:00
558476,SA,135,2025,17,2027-01-03 12:00:00+00:00,108,471,505.0,488.0,2.2098368158116917,1.4542358603839955,0.5442207357731588,0.20836789390541632,0.2474113703214248,H,2026-07-24T22:40:53.756871+00:00
558477,SA,135,2025,17,2027-01-03 12:00:00+00:00,103,109,500.0,496.0,1.608990632182386,1.7749214126376167,0.34958309664402554,0.2316284471150668,0.41878845624090766,A,2026-07-24T22:40:53.778768+00:00
558478,SA,135,2025,17,2027-01-03 12:00:00+00:00,99,110,502.0,487.0,1.745149121828814,1.698752895903473,0.3945573340593965,0.23007848405812417,0.37536418188247933,H,2026-07-24T22:40:53.799060+00:00
558459,SA,135,2025,18,2027-01-06 12:00:00+00:00,470,103,512.0,500.0,1.518208980379722,1.909252329009829,0.30608852399720465,0.22652269528806637,0.467388780714729,A,2026-07-24T22:40:53.819946+00:00
558460,SA,135,2025,18,2027-01-06 12:00:00+00:00,471,115,488.0,494.0,1.5876443084463825,1.793495521836439,0.3414203174053786,0.2313140012123347,0.4272656813822867,A,2026-07-24T22:40:53.840100+00:00
558461,SA,135,2025,18,2027-01-06 12:00:00+00:00,107,5911,495.0,1579.0,1.7639263168906982,1.4945235541340447,0.43955207260572104,0.2352490236214447,0.3251989037728342,H,2026-07-24T22:40:53.861022+00:00
558462,SA,135,2025,18,2027-01-06 12:00:00+00:00,454,100,517.0,497.0,1.4127725959180653,1.8557619227613724,0.2909589307851399,0.23119627301129947,0.4778447962035607,A,2026-07-24T22:40:53.881507+00:00
558463,SA,135,2025,18,2027-01-06 12:00:00+00:00,113,104,492.0,490.0,1.909221076198627,1.4644134571062386,0.4787272427707325,0.22721535890961958,0.29405739831964783,H,2026-07-24T22:40:53.900999+00:00
558464,SA,135,2025,18,2027-01-06 12:00:00+00:00,98,99,489.0,502.0,1.6894080043781357,1.7413821733462336,0.3739522827513316,0.23055262840713953,0.39549508884152895,A,2026-07-24T22:40:53.920999+00:00
558465,SA,135,2025,18,2027-01-06 12:00:00+00:00,109,586,496.0,503.0,1.7796303612614146,1.5353200925775417,0.4347383755327835,0.2333763262974105,0.33188529816980616,H,2026-07-24T22:40:53.940514+00:00
558466,SA,135,2025,18,2027-01-06 12:00:00+00:00,102,7397,499.0,895.0,1.9717194844138772,1.5637466104067226,0.47155182135975054,0.2224209732632343,0.3060272053770151,H,2026-07-24T22:40:53.963397+00:00
558467,SA,135,2025,18,2027-01-06 12:00:00+00:00,110,108,487.0,505.0,1.5777809095319564,1.9541763083509278,0.31194349253988707,0.22318984075591347,0.4648666667041992,A,2026-07-24T22:40:53.983487+00:00
558468,SA,135,2025,18,2027-01-06 12:00:00+00:00,5890,112,867.0,523.0,1.541552627292639,1.710943373244857,0.34555597868524973,0.2368031283666379,0.41764089294811213,A,2026-07-24T22:40:54.003480+00:00
558449,SA,135,2025,19,2027-01-10 12:00:00+00:00,99,5890,502.0,867.0,1.9115421813479267,1.4525676393137557,0.48176743649814346,0.22720226764548995,0.29103029585636664,H,2026-07-24T22:40:54.022925+00:00
558450,SA,135,2025,19,2027-01-10 12:00:00+00:00,115,113,494.0,492.0,1.4148255165471768,1.9093434800287667,0.28289915582507424,0.22770378940795646,0.4893970547669692,A,2026-07-24T22:40:54.043310+00:00
558451,SA,135,2025,19,2027-01-10 12:00:00+00:00,586,102,503.0,499.0,1.460542588195659,1.9527976370368907,0.2863004464255745,0.22456763225872736,0.48913192131569816,A,2026-07-24T22:40:54.062852+00:00
558452,SA,135,2025,19,2027-01-10 12:00:00+00:00,5911,470,1579.0,512.0,1.5830269589614272,1.7623384106355264,0.3459015718048917,0.2329828736049177,0.42111555459019073,A,2026-07-24T22:40:54.084167+00:00
558453,SA,135,2025,19,2027-01-10 12:00:00+00:00,108,109,505.0,496.0,1.825765297021253,1.6752575666129106,0.41712514961492775,0.22743544167303767,0.35543940871203467,H,2026-07-24T22:40:54.103729+00:00
558454,SA,135,2025,19,2027-01-10 12:00:00+00:00,112,454,523.0,517.0,1.6805106233659746,1.6152890130719104,0.3959160738861422,0.23576281593829013,0.36832111017556773,H,2026-07-24T22:40:54.124443+00:00
558455,SA,135,2025,19,2027-01-10 12:00:00+00:00,103,107,500.0,495.0,1.7696834175853453,1.5861476777426813,0.42216311443174104,0.23253250185132843,0.34530438371693056,H,2026-07-24T22:40:54.143927+00:00
558456,SA,135,2025,19,2027-01-10 12:00:00+00:00,104,471,490.0,488.0,1.7667592894848068,1.6331169502527714,0.41216457796109607,0.23129399115088556,0.3565414308880185,H,2026-07-24T22:40:54.164518+00:00
558457,SA,135,2025,19,2027-01-10 12:00:00+00:00,7397,110,895.0,487.0,1.6194950709106164,1.8027085038207624,0.3470149254400688,0.23001496602856336,0.42297010853136796,A,2026-07-24T22:40:54.184040+00:00
558458,SA,135,2025,19,2027-01-10 12:00:00+00:00,100,98,497.0,489.0,1.6952089658235392,1.6966819065814476,0.3836418274113423,0.23210215642491983,0.3842560161637378,A,2026-07-24T22:40:54.204787+00:00
558439,SA,135,2025,20,2027-01-17 12:00:00+00:00,98,586,489.0,503.0,1.7723060337700312,1.5919074992452202,0.42160510158241593,0.23224142798718486,0.3461534704303992,H,2026-07-24T22:40:54.224307+00:00
558440,SA,135,2025,20,2027-01-17 12:00:00+00:00,112,108,523.0,505.0,1.4340926931766245,2.060838286279516,0.2641920271123304,0.21781478956214098,0.5179931833255287,A,2026-07-24T22:40:54.245483+00:00
558441,SA,135,2025,20,2027-01-17 12:00:00+00:00,109,107,496.0,495.0,1.828972149795763,1.5200054419520876,0.44910073603469985,0.23102882520328646,0.31987043876201365,H,2026-07-24T22:40:54.265104+00:00
558442,SA,135,2025,20,2027-01-17 12:00:00+00:00,5890,115,867.0,494.0,1.5364755335453932,1.710476074285949,0.34445493743271866,0.236984114584183,0.4185609479830982,A,2026-07-24T22:40:54.285865+00:00
558443,SA,135,2025,20,2027-01-17 12:00:00+00:00,104,7397,490.0,895.0,1.591023156641304,1.7503323483717141,0.349892095065762,0.23333452585102546,0.41677337908321255,A,2026-07-24T22:40:54.306432+00:00
558444,SA,135,2025,20,2027-01-17 12:00:00+00:00,471,5911,488.0,1579.0,1.7130656292343516,1.6660765080506397,0.3935501160482909,0.23252982750215637,0.37392005644955273,H,2026-07-24T22:40:54.327802+00:00
558445,SA,135,2025,20,2027-01-17 12:00:00+00:00,113,99,492.0,502.0,1.7433090629487242,1.6525153086113502,0.40305322668578936,0.2317190238023374,0.36522774951187337,H,2026-07-24T22:40:54.347663+00:00
558446,SA,135,2025,20,2027-01-17 12:00:00+00:00,110,103,487.0,500.0,1.717966390537537,1.7552620584701877,0.3778107084828353,0.22901767107587778,0.3931716204412869,A,2026-07-24T22:40:54.368855+00:00
558447,SA,135,2025,20,2027-01-17 12:00:00+00:00,454,470,517.0,512.0,1.6638080982627723,1.6707824298588283,0.3813665353661257,0.2343332199151422,0.38430024471873203,A,2026-07-24T22:40:54.389427+00:00
558448,SA,135,2025,20,2027-01-17 12:00:00+00:00,102,100,499.0,497.0,1.8213955003004232,1.6749273687069626,0.41621930756166725,0.22763620575570367,0.356144486682629,H,2026-07-24T22:40:54.410360+00:00
558429,SA,135,2025,21,2027-01-24 12:00:00+00:00,5890,586,867.0,503.0,1.4701441250543268,1.7420434750058018,0.3233286629000956,0.23710405594081707,0.4395672811590875,A,2026-07-24T22:40:54.430548+00:00
558430,SA,135,2025,21,2027-01-24 12:00:00+00:00,109,104,496.0,490.0,1.8730250034606795,1.5247748660731155,0.4579899460333811,0.22847368525421233,0.3135363687124067,H,2026-07-24T22:40:54.450412+00:00
558431,SA,135,2025,21,2027-01-24 12:00:00+00:00,108,454,505.0,517.0,2.084704308376955,1.452724859948985,0.5189846573125705,0.21631113206273203,0.26470421062469746,H,2026-07-24T22:40:54.472288+00:00
558432,SA,135,2025,21,2027-01-24 12:00:00+00:00,99,471,502.0,488.0,2.0101207917885846,1.5258573593764146,0.4876881088219165,0.22062428169734752,0.2916876094807361,H,2026-07-24T22:40:54.491697+00:00
558433,SA,135,2025,21,2027-01-24 12:00:00+00:00,470,98,512.0,489.0,1.4910429128133607,1.973228472757449,0.2898375962813873,0.2230745404690865,0.487087863249526,A,2026-07-24T22:40:54.513155+00:00
558434,SA,135,2025,21,2027-01-24 12:00:00+00:00,100,115,497.0,494.0,1.8501429598874193,1.5341617671706584,0.4509317545620321,0.2295734974397511,0.31949474799821675,H,2026-07-24T22:40:54.534317+00:00
558435,SA,135,2025,21,2027-01-24 12:00:00+00:00,103,102,500.0,499.0,1.5819577950285786,1.9490130803364785,0.3137038902832229,0.22340611486708872,0.46288999484968857,A,2026-07-24T22:40:54.554938+00:00
558436,SA,135,2025,21,2027-01-24 12:00:00+00:00,107,112,495.0,523.0,1.653568854574972,1.6486535032296024,0.3832250337119086,0.23562786002605965,0.3811471062620318,H,2026-07-24T22:40:54.574678+00:00
558437,SA,135,2025,21,2027-01-24 12:00:00+00:00,7397,113,895.0,492.0,1.483623320965258,1.8875794527026613,0.3018708368535836,0.22827741452909578,0.46985174861732065,A,2026-07-24T22:40:54.596181+00:00
558438,SA,135,2025,21,2027-01-24 12:00:00+00:00,5911,110,1579.0,487.0,1.4214677426168971,1.974579792942436,0.27429977072288175,0.2234224376488816,0.5022777916282367,A,2026-07-24T22:40:54.615992+00:00
558419,SA,135,2025,22,2027-01-31 12:00:00+00:00,98,109,489.0,496.0,1.6593105001645336,1.7743668459090771,0.36109836752824126,0.23015215494765523,0.4087494775241035,A,2026-07-24T22:40:54.637547+00:00
558420,SA,135,2025,22,2027-01-31 12:00:00+00:00,5911,100,1579.0,497.0,1.353314121703992,1.9965843903834735,0.2560155992747359,0.22203032478365278,0.5219540759416114,A,2026-07-24T22:40:54.657112+00:00
558421,SA,135,2025,22,2027-01-31 12:00:00+00:00,586,470,503.0,512.0,1.7679699543214178,1.6149204710815253,0.4160342250886096,0.23178382022362296,0.3521819546877676,H,2026-07-24T22:40:54.677876+00:00
558422,SA,135,2025,22,2027-01-31 12:00:00+00:00,115,103,494.0,500.0,1.5505369242162987,1.8458976891925247,0.3239170688917104,0.22947577845641712,0.44660715265187234,A,2026-07-24T22:40:54.697126+00:00
558423,SA,135,2025,22,2027-01-31 12:00:00+00:00,471,7397,488.0,895.0,1.5499806180959292,1.8984549575642193,0.31495685588569944,0.2266358067052868,0.4584073374090139,A,2026-07-24T22:40:54.717280+00:00
558424,SA,135,2025,22,2027-01-31 12:00:00+00:00,107,5890,495.0,867.0,1.6966061280908589,1.541748674452319,0.4142635111103495,0.23752971578387616,0.3482067731057744,H,2026-07-24T22:40:54.736749+00:00
558425,SA,135,2025,22,2027-01-31 12:00:00+00:00,104,112,490.0,523.0,1.6519279814015473,1.7055507925257254,0.37208674113087803,0.2333515966541167,0.3945616622150054,A,2026-07-24T22:40:54.757691+00:00
558426,SA,135,2025,22,2027-01-31 12:00:00+00:00,102,99,499.0,502.0,1.862041188042629,1.701190852101622,0.4200733690626287,0.22516320641584933,0.35476342452152193,H,2026-07-24T22:40:54.778121+00:00
558427,SA,135,2025,22,2027-01-31 12:00:00+00:00,110,454,487.0,517.0,1.8619284832037941,1.5624140690482171,0.44775192259807906,0.22837823057143503,0.3238698468304859,H,2026-07-24T22:40:54.799012+00:00
558428,SA,135,2025,22,2027-01-31 12:00:00+00:00,113,108,492.0,505.0,1.6559650518127205,1.8253703919069058,0.35119971695906915,0.22797959092301961,0.4208206921179112,A,2026-07-24T22:40:54.820667+00:00
558409,SA,135,2025,23,2027-02-07 12:00:00+00:00,109,471,496.0,488.0,2.0261517071793373,1.5079902242309586,0.4948656125112071,0.21979928404419471,0.2853351034445983,H,2026-07-24T22:40:54.845259+00:00
558410,SA,135,2025,23,2027-02-07 12:00:00+00:00,108,104,505.0,490.0,2.0632028363042747,1.514934819615225,0.5012350960529832,0.21757096790450073,0.28119393604251613,H,2026-07-24T22:40:54.864962+00:00
558411,SA,135,2025,23,2027-02-07 12:00:00+00:00,7397,5911,895.0,1579.0,1.8615351756253375,1.5362760595018579,0.45304296987106335,0.2289056862311706,0.31805134389776596,H,2026-07-24T22:40:54.885861+00:00
558412,SA,135,2025,23,2027-02-07 12:00:00+00:00,5890,113,867.0,492.0,1.32873924720797,1.9818647959262168,0.25274553385396437,0.2230289493615717,0.5242255167844639,A,2026-07-24T22:40:54.906290+00:00
558413,SA,135,2025,23,2027-02-07 12:00:00+00:00,454,107,517.0,495.0,1.5550863127448746,1.701390600161208,0.3504517714491834,0.23685765129751468,0.41269057725330205,A,2026-07-24T22:40:54.926050+00:00
558414,SA,135,2025,23,2027-02-07 12:00:00+00:00,100,586,497.0,503.0,1.7723812224107798,1.5690661954999727,0.4262169994234414,0.2328710878693194,0.34091191270723925,H,2026-07-24T22:40:54.945908+00:00
558415,SA,135,2025,23,2027-02-07 12:00:00+00:00,102,110,499.0,487.0,1.925024897284714,1.685139851190575,0.4369366211894064,0.22274981886705786,0.3403135599435358,H,2026-07-24T22:40:54.965956+00:00
558416,SA,135,2025,23,2027-02-07 12:00:00+00:00,112,470,523.0,512.0,1.7530249404810612,1.6920803264393323,0.39760746928716323,0.22999060756282683,0.3724019231500099,H,2026-07-24T22:40:54.986200+00:00
558417,SA,135,2025,23,2027-02-07 12:00:00+00:00,103,98,500.0,489.0,1.669811909322646,1.8050606792970942,0.357922724205115,0.22849674261655636,0.41358053317832855,A,2026-07-24T22:40:55.005680+00:00
558418,SA,135,2025,23,2027-02-07 12:00:00+00:00,99,115,502.0,494.0,1.8659006328233025,1.575560592926592,0.44594892529466235,0.22790408153890793,0.3261469931664298,H,2026-07-24T22:40:55.025567+00:00
558399,SA,135,2025,24,2027-02-14 12:00:00+00:00,113,109,492.0,496.0,1.7132763489777643,1.6868596654068557,0.38961695223101106,0.2317672979143287,0.3786157498546604,H,2026-07-24T22:40:55.045224+00:00
558400,SA,135,2025,24,2027-02-14 12:00:00+00:00,5911,5890,1579.0,867.0,1.5605939624812546,1.701774118454512,0.3516664847701999,0.23665960866876648,0.41167390656103375,A,2026-07-24T22:40:55.065564+00:00
558401,SA,135,2025,24,2027-02-14 12:00:00+00:00,586,471,503.0,488.0,1.8193743702565892,1.6037960340089836,0.4298492356197428,0.22962012539113374,0.34053063898912367,H,2026-07-24T22:40:55.085120+00:00
558402,SA,135,2025,24,2027-02-14 12:00:00+00:00,470,99,512.0,502.0,1.487236579055866,2.0010798405387282,0.2846776696369491,0.22142227054805982,0.4939000598149911,A,2026-07-24T22:40:55.105020+00:00
558403,SA,135,2025,24,2027-02-14 12:00:00+00:00,103,7397,500.0,895.0,1.7673172859463566,1.6936390371495316,0.40052000599948695,0.22935743107235956,0.3701225629281534,H,2026-07-24T22:40:55.124573+00:00
558404,SA,135,2025,24,2027-02-14 12:00:00+00:00,100,112,497.0,523.0,1.8685287982964305,1.5648106122282495,0.4487296934152025,0.22798027326200548,0.32329003332279194,H,2026-07-24T22:40:55.146060+00:00
558405,SA,135,2025,24,2027-02-14 12:00:00+00:00,115,454,494.0,517.0,1.6800701627685541,1.6428149675315666,0.39046962024819193,0.23475933461078433,0.3747710451410237,H,2026-07-24T22:40:55.165505+00:00
558406,SA,135,2025,24,2027-02-14 12:00:00+00:00,107,102,495.0,499.0,1.4424381902647367,2.0150930631443313,0.2727748018770537,0.2207441380915562,0.5064810600313899,A,2026-07-24T22:40:55.185711+00:00
558407,SA,135,2025,24,2027-02-14 12:00:00+00:00,104,110,490.0,487.0,1.552297609185173,1.8820426841966353,0.3182104977667998,0.22749012718875153,0.4542993750444486,A,2026-07-24T22:40:55.204927+00:00
558408,SA,135,2025,24,2027-02-14 12:00:00+00:00,108,98,505.0,489.0,1.895029898769397,1.703657984110746,0.4267974254234631,0.22367311773038157,0.34952945684615516,H,2026-07-24T22:40:55.225195+00:00
558389,SA,135,2025,25,2027-02-21 12:00:00+00:00,7397,586,895.0,503.0,1.6562984966056349,1.7025932508686437,0.3736413599178449,0.233317438607856,0.3930412014742993,A,2026-07-24T22:40:55.244399+00:00
558390,SA,135,2025,25,2027-02-21 12:00:00+00:00,102,5911,499.0,1579.0,2.2077233460035965,1.4243766704786212,0.5502291624330352,0.20820764440389078,0.241563193163074,H,2026-07-24T22:40:55.264614+00:00
558391,SA,135,2025,25,2027-02-21 12:00:00+00:00,115,112,494.0,523.0,1.6669974125064453,1.7248537178997239,0.3719343268225775,0.2320091053667337,0.3960565678106888,A,2026-07-24T22:40:55.283766+00:00
558392,SA,135,2025,25,2027-02-21 12:00:00+00:00,109,103,496.0,500.0,1.7662754031112402,1.6993981573967725,0.39918132277539564,0.22921027429123195,0.3716084029333725,H,2026-07-24T22:40:55.303935+00:00
558393,SA,135,2025,25,2027-02-21 12:00:00+00:00,99,108,502.0,505.0,1.6175291205131257,1.9439525530368267,0.32234159225261744,0.22311296728886618,0.45454544045851636,A,2026-07-24T22:40:55.323234+00:00
558394,SA,135,2025,25,2027-02-21 12:00:00+00:00,471,100,488.0,497.0,1.4355251439938277,2.0467118013384757,0.2665726284041577,0.21872645341697974,0.5147009181788624,A,2026-07-24T22:40:55.343460+00:00
558395,SA,135,2025,25,2027-02-21 12:00:00+00:00,98,107,489.0,495.0,1.8304341589383346,1.5992566579816132,0.43323906412144114,0.2291856553153844,0.3375752805631746,H,2026-07-24T22:40:55.364041+00:00
558396,SA,135,2025,25,2027-02-21 12:00:00+00:00,454,104,517.0,490.0,1.5946472444847883,1.7140682786932528,0.35732163755141894,0.23494920486558904,0.40772915758299194,A,2026-07-24T22:40:55.385082+00:00
558397,SA,135,2025,25,2027-02-21 12:00:00+00:00,5890,470,867.0,512.0,1.628801604340029,1.7333759394877788,0.36163818282095944,0.23293763122476605,0.40542418595427454,A,2026-07-24T22:40:55.405975+00:00
558398,SA,135,2025,25,2027-02-21 12:00:00+00:00,110,113,487.0,492.0,1.5851783350830713,1.878887608278401,0.3260951674264596,0.227035836858711,0.4468689957148293,A,2026-07-24T22:40:55.426790+00:00
558379,SA,135,2025,26,2027-02-28 12:00:00+00:00,108,102,505.0,499.0,1.8053216851250453,1.8711375567733726,0.37589345032955335,0.22191250942766563,0.402194040242781,A,2026-07-24T22:40:55.446585+00:00
558380,SA,135,2025,26,2027-02-28 12:00:00+00:00,104,115,490.0,494.0,1.652214622419716,1.7229022076735268,0.3689243517683932,0.2326058911227084,0.39846975710889837,A,2026-07-24T22:40:55.465848+00:00
558381,SA,135,2025,26,2027-02-28 12:00:00+00:00,112,471,523.0,488.0,1.8065759042163785,1.6876128355743019,0.4104556941314842,0.22791012955566387,0.36163417631285183,H,2026-07-24T22:40:55.486399+00:00
558382,SA,135,2025,26,2027-02-28 12:00:00+00:00,107,110,495.0,487.0,1.5605178090517913,1.8426419472304987,0.32672769291678333,0.22943981366949187,0.44383249341372466,A,2026-07-24T22:40:55.506123+00:00
558383,SA,135,2025,26,2027-02-28 12:00:00+00:00,100,454,497.0,517.0,1.8913704555648267,1.5097850887425692,0.4651949390239097,0.22767328339671836,0.3071317775793718,H,2026-07-24T22:40:55.527210+00:00
558384,SA,135,2025,26,2027-02-28 12:00:00+00:00,7397,98,895.0,489.0,1.595697218513903,1.8813329328643356,0.3280270229503319,0.22670013152365212,0.4452728455260158,A,2026-07-24T22:40:55.547112+00:00
558385,SA,135,2025,26,2027-02-28 12:00:00+00:00,586,99,503.0,502.0,1.5419087338307234,1.8498280087070111,0.321299551578731,0.2294380878870708,0.4492623605341982,A,2026-07-24T22:40:55.567367+00:00
558386,SA,135,2025,26,2027-02-28 12:00:00+00:00,103,5890,500.0,867.0,1.8803760317484453,1.5367596128294114,0.4571386938091142,0.2278560509277011,0.3150052552631846,H,2026-07-24T22:40:55.587055+00:00
558387,SA,135,2025,26,2027-02-28 12:00:00+00:00,5911,109,1579.0,496.0,1.3557133609736456,2.0526852027004496,0.24848314257928322,0.21811912628499255,0.5333977311357242,A,2026-07-24T22:40:55.607351+00:00
558388,SA,135,2025,26,2027-02-28 12:00:00+00:00,470,113,512.0,492.0,1.406444813506515,2.066754903120226,0.2573942323592901,0.21737099330117216,0.5252347743395378,A,2026-07-24T22:40:55.627833+00:00
558369,SA,135,2025,27,2027-03-07 12:00:00+00:00,115,108,494.0,505.0,1.4378146447928821,2.114304447471988,0.25727960532931293,0.21437470684438692,0.5283456878263002,A,2026-07-24T22:40:55.648054+00:00
558370,SA,135,2025,27,2027-03-07 12:00:00+00:00,102,586,499.0,503.0,1.9633204282895402,1.5781934665913357,0.46676053274036017,0.22269297211090686,0.31054649514873295,H,2026-07-24T22:40:55.667788+00:00
558371,SA,135,2025,27,2027-03-07 12:00:00+00:00,113,112,492.0,523.0,1.9405549679629355,1.535519570270241,0.4706449508455635,0.22450858448470679,0.3048464646697298,H,2026-07-24T22:40:55.689473+00:00
558372,SA,135,2025,27,2027-03-07 12:00:00+00:00,5890,7397,867.0,895.0,1.50742855958631,1.8372565216696555,0.3156047226421115,0.23081136234864516,0.45358391500924344,A,2026-07-24T22:40:55.708970+00:00
558373,SA,135,2025,27,2027-03-07 12:00:00+00:00,110,470,487.0,512.0,1.945296065338912,1.643626945126935,0.44957672476608823,0.22259671080374804,0.327826564430164,H,2026-07-24T22:40:55.729740+00:00
558374,SA,135,2025,27,2027-03-07 12:00:00+00:00,471,103,488.0,500.0,1.5098433698993226,2.0315582468584426,0.2849076520616956,0.2194685585335034,0.4956237894048011,A,2026-07-24T22:40:55.750742+00:00
558375,SA,135,2025,27,2027-03-07 12:00:00+00:00,5911,107,1579.0,495.0,1.4903420888950434,1.8335579671954079,0.31233282678589214,0.23134643737837585,0.45632073583573185,A,2026-07-24T22:40:55.771545+00:00
558376,SA,135,2025,27,2027-03-07 12:00:00+00:00,99,454,502.0,517.0,1.9047466886929707,1.5439028226801748,0.46105143818297517,0.22638867445038197,0.312559887366643,H,2026-07-24T22:40:55.791163+00:00
558377,SA,135,2025,27,2027-03-07 12:00:00+00:00,98,104,489.0,490.0,1.8772203663207478,1.611151461400993,0.44124094780375106,0.22658880187388916,0.33217025032235975,H,2026-07-24T22:40:55.813068+00:00
558378,SA,135,2025,27,2027-03-07 12:00:00+00:00,109,100,496.0,497.0,1.6885804751692912,1.7415858452176,0.37372739723191,0.2305729899848791,0.39569961278321075,A,2026-07-24T22:40:55.832797+00:00
558359,SA,135,2025,28,2027-03-14 12:00:00+00:00,103,113,500.0,492.0,1.5747374357387547,1.8904199121196357,0.32182021124851024,0.22663280706897496,0.45154698168251484,A,2026-07-24T22:40:55.853938+00:00
558360,SA,135,2025,28,2027-03-14 12:00:00+00:00,104,99,490.0,502.0,1.512583907159669,1.941253245798133,0.29965885671260073,0.22474975536575198,0.47559138792164746,A,2026-07-24T22:40:55.873739+00:00
558361,SA,135,2025,28,2027-03-14 12:00:00+00:00,98,471,489.0,488.0,2.0277755329439278,1.5865947909697777,0.4788245027494779,0.21911868591755257,0.3020568113329695,H,2026-07-24T22:40:55.897129+00:00
558362,SA,135,2025,28,2027-03-14 12:00:00+00:00,107,100,495.0,497.0,1.4875898764328628,1.8711507968808074,0.3054573491001714,0.229191914515969,0.46535073638385954,A,2026-07-24T22:40:55.918466+00:00
558363,SA,135,2025,28,2027-03-14 12:00:00+00:00,112,5890,523.0,867.0,1.7281084550693724,1.6339973358704725,0.4032042344263918,0.2329999116220497,0.36379585395155856,H,2026-07-24T22:40:55.940125+00:00
558364,SA,135,2025,28,2027-03-14 12:00:00+00:00,586,108,503.0,505.0,1.4649377627089726,2.043932514442062,0.27333472409414195,0.21887487488580248,0.5077904010200553,A,2026-07-24T22:40:55.961098+00:00
558365,SA,135,2025,28,2027-03-14 12:00:00+00:00,470,5911,512.0,1579.0,1.764047927672575,1.6812445264003875,0.4021721395743165,0.2298968650277727,0.3679309953979107,H,2026-07-24T22:40:55.981518+00:00
558366,SA,135,2025,28,2027-03-14 12:00:00+00:00,7397,115,895.0,494.0,1.7412743562721238,1.7006166330690695,0.39332876046293064,0.23016713311713832,0.37650410641993115,H,2026-07-24T22:40:56.002008+00:00
558367,SA,135,2025,28,2027-03-14 12:00:00+00:00,110,109,487.0,496.0,1.65010698888123,1.8652210546453831,0.34290095654261243,0.22629388417880522,0.4308051592785824,A,2026-07-24T22:40:56.022145+00:00
558368,SA,135,2025,28,2027-03-14 12:00:00+00:00,454,102,517.0,499.0,1.396710069966506,2.118607022061731,0.2479849130108934,0.21386025608219156,0.5381548309069152,A,2026-07-24T22:40:56.042443+00:00
558349,SA,135,2025,29,2027-03-21 12:00:00+00:00,113,454,492.0,517.0,1.964300049019763,1.4815562631624415,0.4871622345813478,0.2236913697987324,0.2891463956199199,H,2026-07-24T22:40:56.062451+00:00
558350,SA,135,2025,29,2027-03-21 12:00:00+00:00,115,586,494.0,503.0,1.5928466938221348,1.7669940748432194,0.3473175043738333,0.23247350008773723,0.4202089955384295,A,2026-07-24T22:40:56.082769+00:00
558351,SA,135,2025,29,2027-03-21 12:00:00+00:00,109,7397,496.0,895.0,1.8370532224110603,1.6508636119197029,0.4244233020259391,0.2275808749291866,0.3479958230448742,H,2026-07-24T22:40:56.103561+00:00
558352,SA,135,2025,29,2027-03-21 12:00:00+00:00,99,107,502.0,495.0,1.8434466298353327,1.611976424243548,0.4335873134686251,0.22823987482678376,0.338172811704591,H,2026-07-24T22:40:56.123630+00:00
558353,SA,135,2025,29,2027-03-21 12:00:00+00:00,112,110,523.0,487.0,1.5826117058408804,1.9284591238644642,0.31722865475840256,0.22448722537525947,0.4582841198663379,A,2026-07-24T22:40:56.143350+00:00
558354,SA,135,2025,29,2027-03-21 12:00:00+00:00,471,104,488.0,490.0,1.6144752790398316,1.8693149559953788,0.33426495294403863,0.22690966775341576,0.43882537930254556,A,2026-07-24T22:40:56.163761+00:00
558355,SA,135,2025,29,2027-03-21 12:00:00+00:00,5911,103,1579.0,500.0,1.4334156306162336,2.0248607010736723,0.2693509790705475,0.22013563898506466,0.5105133819443879,A,2026-07-24T22:40:56.183439+00:00
558356,SA,135,2025,29,2027-03-21 12:00:00+00:00,108,470,505.0,512.0,2.1877584761678537,1.5477413272162146,0.5199737604589796,0.21025540314206673,0.2697708363989537,H,2026-07-24T22:40:56.204962+00:00
558357,SA,135,2025,29,2027-03-21 12:00:00+00:00,100,5890,497.0,867.0,1.928392166598214,1.488659789976711,0.47781200292915743,0.22578141263852408,0.2964065844323185,H,2026-07-24T22:40:56.224485+00:00
558358,SA,135,2025,29,2027-03-21 12:00:00+00:00,102,98,499.0,489.0,1.8938760889196862,1.7509819934922204,0.4173951136111509,0.22254549983213784,0.3600593865567114,H,2026-07-24T22:40:56.245434+00:00
558339,SA,135,2025,30,2027-04-04 12:00:00+00:00,5890,110,867.0,487.0,1.4708002674552514,1.9756900922167873,0.2850008482723358,0.22307802088888254,0.49192113083878153,A,2026-07-24T22:40:56.264917+00:00
558340,SA,135,2025,30,2027-04-04 12:00:00+00:00,104,113,490.0,492.0,1.4324113196355721,2.013553399926211,0.2708201454971478,0.22086607489847063,0.5083137796043816,A,2026-07-24T22:40:56.285657+00:00
558341,SA,135,2025,30,2027-04-04 12:00:00+00:00,7397,99,895.0,502.0,1.5961774218615445,1.9243075834198533,0.32091093220856476,0.22447992169079667,0.4546091461006385,A,2026-07-24T22:40:56.305172+00:00
558342,SA,135,2025,30,2027-04-04 12:00:00+00:00,471,102,488.0,499.0,1.4119870510698913,2.301591776258424,0.22680481929759233,0.20188678086269135,0.5713083998397163,A,2026-07-24T22:40:56.326418+00:00
558343,SA,135,2025,30,2027-04-04 12:00:00+00:00,100,103,497.0,500.0,1.7626929845557533,1.7475238354325182,0.3892519685298426,0.22770948711359798,0.38303854435655954,H,2026-07-24T22:40:56.345953+00:00
558344,SA,135,2025,30,2027-04-04 12:00:00+00:00,98,5911,489.0,1579.0,2.0299986875883085,1.5185383453164911,0.493460612613828,0.21951285087710284,0.2870265365090692,H,2026-07-24T22:40:56.367317+00:00
558345,SA,135,2025,30,2027-04-04 12:00:00+00:00,107,108,495.0,505.0,1.4426547015813767,2.0911344746807856,0.26162588717280905,0.21588086197162737,0.5224932508555635,A,2026-07-24T22:40:56.387522+00:00
558346,SA,135,2025,30,2027-04-04 12:00:00+00:00,586,109,503.0,496.0,1.5176098365531279,1.8965165775644697,0.3080406076202204,0.2272595690783148,0.4646998233014649,A,2026-07-24T22:40:56.410078+00:00
558347,SA,135,2025,30,2027-04-04 12:00:00+00:00,454,112,517.0,523.0,1.6147304106209825,1.7780013370097352,0.35033778800217025,0.23131739820316038,0.41834481379466926,A,2026-07-24T22:40:56.432449+00:00
558348,SA,135,2025,30,2027-04-04 12:00:00+00:00,470,115,512.0,494.0,1.6455280697263572,1.8456846926926838,0.34528923136805595,0.22731688255541715,0.4273938860765269,A,2026-07-24T22:40:56.456090+00:00
558336,SA,135,2025,31,2027-04-11 12:00:00+00:00,109,5890,496.0,867.0,1.9575117755177034,1.5044606891468473,0.48084335392606176,0.22388666791338205,0.29526997816055633,H,2026-07-24T22:40:56.478834+00:00
558337,SA,135,2025,31,2027-04-11 12:00:00+00:00,113,471,492.0,488.0,2.100124937514685,1.521524088893673,0.5075577865268412,0.21537061666318516,0.27707159680997356,H,2026-07-24T22:40:56.502982+00:00
558338,SA,135,2025,31,2027-04-11 12:00:00+00:00,99,98,502.0,489.0,1.7368037100314202,1.8267140883100599,0.36892632561661903,0.2256202637933974,0.40545341058998363,A,2026-07-24T22:40:56.526304+00:00
558329,SA,135,2025,31,2027-04-11 12:00:00+00:00,110,586,487.0,503.0,1.777704088168065,1.7166753667308792,0.39843445646241993,0.22818524333949433,0.3733803001980856,H,2026-07-24T22:40:56.550310+00:00
558330,SA,135,2025,31,2027-04-11 12:00:00+00:00,104,102,490.0,499.0,1.455477577816799,2.148778238325585,0.2561194438310435,0.21225520796253972,0.5316253482064168,A,2026-07-24T22:40:56.573458+00:00
558331,SA,135,2025,31,2027-04-11 12:00:00+00:00,112,7397,523.0,895.0,1.638461712566592,1.8480574357548711,0.34329717167879786,0.22738038621583312,0.42932244210536896,A,2026-07-24T22:40:56.595679+00:00
558332,SA,135,2025,31,2027-04-11 12:00:00+00:00,103,454,500.0,517.0,1.86831411601905,1.619663753381576,0.4375618072813278,0.22684469699630938,0.3355934957223629,H,2026-07-24T22:40:56.619413+00:00
558333,SA,135,2025,31,2027-04-11 12:00:00+00:00,470,107,512.0,495.0,1.6141965477802538,1.8484557533473123,0.3378013720869913,0.2279422011616663,0.43425642675134235,A,2026-07-24T22:40:56.642528+00:00
558334,SA,135,2025,31,2027-04-11 12:00:00+00:00,108,100,505.0,497.0,1.8675809601513436,1.7526741516061102,0.4113673389148882,0.22354960421045464,0.36508305687465714,H,2026-07-24T22:40:56.666330+00:00
558335,SA,135,2025,31,2027-04-11 12:00:00+00:00,115,5911,494.0,1579.0,1.8028890104171362,1.6286290998052368,0.4211963005432621,0.2297574492903848,0.349046250166353,H,2026-07-24T22:40:56.689315+00:00
558319,SA,135,2025,32,2027-04-18 12:00:00+00:00,5911,108,1579.0,505.0,1.3275869981043749,2.309994395912175,0.20902511951653474,0.1996698263054096,0.5913050541780558,A,2026-07-24T22:40:56.711951+00:00
558320,SA,135,2025,32,2027-04-18 12:00:00+00:00,99,112,502.0,523.0,1.9035144266627944,1.6558718409426036,0.4380592611295156,0.22436602106676426,0.3375747178037202,H,2026-07-24T22:40:56.736285+00:00
558321,SA,135,2025,32,2027-04-18 12:00:00+00:00,100,110,497.0,487.0,1.773176756640817,1.778862969202991,0.3857263526947762,0.22623262460548782,0.38804102269973606,A,2026-07-24T22:40:56.763197+00:00
558322,SA,135,2025,32,2027-04-18 12:00:00+00:00,7397,470,895.0,512.0,1.8462989296950192,1.7233807329906379,0.4123282604914768,0.2252226939412646,0.36244904556725854,H,2026-07-24T22:40:56.786865+00:00
558323,SA,135,2025,32,2027-04-18 12:00:00+00:00,471,5890,488.0,867.0,1.6701534725099803,1.7897372144654715,0.3607588356602776,0.22915322031283156,0.4100879440268908,A,2026-07-24T22:40:56.812730+00:00
558324,SA,135,2025,32,2027-04-18 12:00:00+00:00,103,104,500.0,490.0,1.846440723021419,1.682052153341833,0.4203727172883263,0.2263437031968111,0.3532835795148624,H,2026-07-24T22:40:56.836664+00:00
558325,SA,135,2025,32,2027-04-18 12:00:00+00:00,102,115,499.0,494.0,2.0734588272803234,1.5966913908970621,0.4863561859784865,0.216564627728608,0.29707918629290536,H,2026-07-24T22:40:56.861961+00:00
558326,SA,135,2025,32,2027-04-18 12:00:00+00:00,454,109,517.0,496.0,1.436778835715905,1.9964335800817443,0.27435136535939153,0.2219537375928048,0.5036948970478038,A,2026-07-24T22:40:56.886320+00:00
558327,SA,135,2025,32,2027-04-18 12:00:00+00:00,98,113,489.0,492.0,1.6262808027749383,1.8979567845249865,0.3319934192859866,0.22524874394794286,0.44275783676607056,A,2026-07-24T22:40:56.912152+00:00
558328,SA,135,2025,32,2027-04-18 12:00:00+00:00,586,107,503.0,495.0,1.6712925278948763,1.7017216861888134,0.3772361714570877,0.23280318611230638,0.38996064243060596,A,2026-07-24T22:40:56.936122+00:00
558309,SA,135,2025,33,2027-04-25 12:00:00+00:00,470,100,512.0,497.0,1.4801240966824658,2.074350088976768,0.2720763146555702,0.21696905555665194,0.5109546297877777,A,2026-07-24T22:40:56.962543+00:00
558310,SA,135,2025,33,2027-04-25 12:00:00+00:00,104,5911,490.0,1579.0,1.7994297886486827,1.6452182347359623,0.41714220562718646,0.22945357151210014,0.3534042228607133,H,2026-07-24T22:40:56.987094+00:00
558311,SA,135,2025,33,2027-04-25 12:00:00+00:00,113,115,492.0,494.0,1.949291098423163,1.571081639336565,0.465184677803801,0.22354701308424618,0.3112683091119528,H,2026-07-24T22:40:57.012407+00:00
558312,SA,135,2025,33,2027-04-25 12:00:00+00:00,112,102,523.0,499.0,1.4774986535973724,2.1736763960425405,0.25721324022616743,0.2108131584805168,0.5319736012933158,A,2026-07-24T22:40:57.036539+00:00
558313,SA,135,2025,33,2027-04-25 12:00:00+00:00,110,7397,487.0,895.0,1.8126025100832837,1.7796898036855342,0.3942533037537412,0.22481089014155717,0.3809358061047017,H,2026-07-24T22:40:57.062763+00:00
558314,SA,135,2025,33,2027-04-25 12:00:00+00:00,109,99,496.0,502.0,1.7386107204153005,1.8072370825006554,0.3728586006725219,0.22632606363638802,0.40081533569109007,A,2026-07-24T22:40:57.088122+00:00
558315,SA,135,2025,33,2027-04-25 12:00:00+00:00,107,471,495.0,488.0,1.8096221747705854,1.690450260764839,0.4105834381853616,0.2276972408421026,0.36171932097253573,H,2026-07-24T22:40:57.115613+00:00
558316,SA,135,2025,33,2027-04-25 12:00:00+00:00,5890,98,867.0,489.0,1.441006263935909,2.0268980978909914,0.27069625441771694,0.21999339140064866,0.5093103541816343,A,2026-07-24T22:40:57.141832+00:00
558317,SA,135,2025,33,2027-04-25 12:00:00+00:00,454,586,517.0,503.0,1.5407682467424832,1.8136843248533354,0.3272188559904142,0.23141898487733498,0.4413621591322509,A,2026-07-24T22:40:57.167484+00:00
558318,SA,135,2025,33,2027-04-25 12:00:00+00:00,108,103,505.0,500.0,1.965031829746592,1.7397492883922367,0.4348344173921689,0.21984594759002107,0.34531963501781004,H,2026-07-24T22:40:57.193543+00:00
558299,SA,135,2025,34,2027-05-02 12:00:00+00:00,102,109,499.0,496.0,1.8537281232969527,1.8048440456163135,0.39851911516030314,0.22254880344386907,0.3789320813958278,H,2026-07-24T22:40:57.219046+00:00
558300,SA,135,2025,34,2027-05-02 12:00:00+00:00,586,112,503.0,523.0,1.7206587684887495,1.7332270697489915,0.38252251732752207,0.22976317071573185,0.387714311956746,A,2026-07-24T22:40:57.245168+00:00
558301,SA,135,2025,34,2027-05-02 12:00:00+00:00,98,110,489.0,487.0,1.7858765851889726,1.8439652480485424,0.37657382000215933,0.22347953594894382,0.3999466440488967,A,2026-07-24T22:40:57.271143+00:00
558302,SA,135,2025,34,2027-05-02 12:00:00+00:00,115,107,494.0,495.0,1.647285215547726,1.7827990463892462,0.35685615256209846,0.2301438239246157,0.41300002351328596,A,2026-07-24T22:40:57.297359+00:00
558303,SA,135,2025,34,2027-05-02 12:00:00+00:00,471,470,488.0,512.0,1.7113034029750727,1.9100438978681464,0.34859613415379387,0.22283968940546092,0.42856417644074507,A,2026-07-24T22:40:57.322821+00:00
558304,SA,135,2025,34,2027-05-02 12:00:00+00:00,103,99,500.0,502.0,1.6871597299667929,1.9025424097694679,0.34461359957110216,0.2237240478609372,0.4316623525679607,A,2026-07-24T22:40:57.348770+00:00
558305,SA,135,2025,34,2027-05-02 12:00:00+00:00,7397,108,895.0,505.0,1.5207516440768034,2.1448184050130643,0.2703502512702745,0.21272163656565468,0.516928112164071,A,2026-07-24T22:40:57.373016+00:00
558306,SA,135,2025,34,2027-05-02 12:00:00+00:00,5911,454,1579.0,517.0,1.5617645708182246,1.832731115503102,0.3287094271993149,0.22993535392931536,0.44135521887136986,A,2026-07-24T22:40:57.398748+00:00
558307,SA,135,2025,34,2027-05-02 12:00:00+00:00,5890,104,867.0,490.0,1.5723444951080636,1.8168522165490806,0.33385231057563003,0.23051757086421948,0.43563011856015066,A,2026-07-24T22:40:57.423811+00:00
558308,SA,135,2025,34,2027-05-02 12:00:00+00:00,100,113,497.0,492.0,1.6240222263768946,1.8625809230085215,0.3375533511344975,0.2270264679598489,0.4354201809056537,A,2026-07-24T22:40:57.450143+00:00
558289,SA,135,2025,35,2027-05-09 12:00:00+00:00,112,98,523.0,489.0,1.5593722027868868,2.0127164130856023,0.2985511882476309,0.2201984099923064,0.48125040176006273,A,2026-07-24T22:40:57.474691+00:00
558290,SA,135,2025,35,2027-05-09 12:00:00+00:00,107,104,495.0,490.0,1.6828738057535366,1.7388551028125032,0.3729419967157703,0.23088083300059298,0.3961771702836368,A,2026-07-24T22:40:57.501569+00:00
558291,SA,135,2025,35,2027-05-09 12:00:00+00:00,110,471,487.0,488.0,2.0222859084529317,1.6818975038902848,0.45835488803848606,0.21826104662099552,0.32338406534051856,H,2026-07-24T22:40:57.524567+00:00
558292,SA,135,2025,35,2027-05-09 12:00:00+00:00,113,5911,492.0,1579.0,2.105462961321187,1.4625608879763388,0.5211936531197878,0.21501872360335156,0.2637876232768606,H,2026-07-24T22:40:57.548977+00:00
558293,SA,135,2025,35,2027-05-09 12:00:00+00:00,108,5890,505.0,867.0,2.1627225070883025,1.5075550455459763,0.523365169635565,0.21161816901560782,0.26501666134882707,H,2026-07-24T22:40:57.571918+00:00
558294,SA,135,2025,35,2027-05-09 12:00:00+00:00,454,7397,517.0,895.0,1.5708877557221126,1.8803609399485417,0.3226531072409784,0.22723617871411092,0.45011071404491076,A,2026-07-24T22:40:57.596266+00:00
558295,SA,135,2025,35,2027-05-09 12:00:00+00:00,115,109,494.0,496.0,1.5022987624790625,2.0129280903383884,0.28613310064119535,0.22061901988918806,0.4932478794696167,A,2026-07-24T22:40:57.618655+00:00
558296,SA,135,2025,35,2027-05-09 12:00:00+00:00,586,103,503.0,500.0,1.6095295846155337,1.8869842162569959,0.3301451486499589,0.2261342886887501,0.4437205626612911,A,2026-07-24T22:40:57.642085+00:00
558297,SA,135,2025,35,2027-05-09 12:00:00+00:00,470,102,512.0,499.0,1.4475438983663826,2.292863752539475,0.23502268898312217,0.20300061192570068,0.5619766990911771,A,2026-07-24T22:40:57.664231+00:00
558298,SA,135,2025,35,2027-05-09 12:00:00+00:00,99,100,502.0,497.0,1.701914297128986,1.8473961044242104,0.3575141980100122,0.22577000438479652,0.4167157976051913,A,2026-07-24T22:40:57.687817+00:00
558279,SA,135,2025,36,2027-05-16 12:00:00+00:00,113,107,492.0,495.0,1.91751316614278,1.5869243783395517,0.45501090021668655,0.22499185660969628,0.319997243173617,H,2026-07-24T22:40:57.709485+00:00
558280,SA,135,2025,36,2027-05-16 12:00:00+00:00,5890,99,867.0,502.0,1.4373318631304486,2.055525660894982,0.26566665776513454,0.21815958748247538,0.5161737547523901,A,2026-07-24T22:40:57.733964+00:00
558281,SA,135,2025,36,2027-05-16 12:00:00+00:00,110,115,487.0,494.0,1.8744747030652256,1.7294259314586782,0.41732573627471153,0.22389929025721336,0.3587749734680751,H,2026-07-24T22:40:57.757058+00:00
558282,SA,135,2025,36,2027-05-16 12:00:00+00:00,103,470,500.0,512.0,1.9519750924485424,1.703945640530583,0.43903880252610694,0.22114459702276187,0.3398166004511312,H,2026-07-24T22:40:57.779237+00:00
558283,SA,135,2025,36,2027-05-16 12:00:00+00:00,7397,102,895.0,499.0,1.5402104621636952,2.1483922725484064,0.27390071650614134,0.212531994816613,0.5135672886772457,A,2026-07-24T22:40:57.804897+00:00
558284,SA,135,2025,36,2027-05-16 12:00:00+00:00,109,108,496.0,505.0,1.6538766719198161,2.0053550716041757,0.32013602914247963,0.21948249012583274,0.46038148073168783,A,2026-07-24T22:40:57.830927+00:00
558285,SA,135,2025,36,2027-05-16 12:00:00+00:00,471,454,488.0,517.0,1.6547260185734491,1.8706008762579596,0.34299160449736577,0.2259338865461564,0.431074508956478,A,2026-07-24T22:40:57.856538+00:00
558286,SA,135,2025,36,2027-05-16 12:00:00+00:00,5911,112,1579.0,523.0,1.5518567167924529,1.932817667150324,0.30971669240458466,0.22471864449571205,0.4655646630997034,A,2026-07-24T22:40:57.881643+00:00
558287,SA,135,2025,36,2027-05-16 12:00:00+00:00,98,100,489.0,497.0,1.7020865777514116,1.8724951127158844,0.3531214771975307,0.2246898893044063,0.4221886334980629,A,2026-07-24T22:40:57.906754+00:00
558288,SA,135,2025,36,2027-05-16 12:00:00+00:00,104,586,490.0,503.0,1.603513182632286,1.8315422522260798,0.33834118112575484,0.22902807030546796,0.4326307485687773,A,2026-07-24T22:40:57.931240+00:00
558269,SA,135,2025,37,2027-05-23 12:00:00+00:00,100,7397,497.0,895.0,1.8412441082490818,1.7195127406719677,0.41196217374188543,0.22553913673805462,0.3624986895200597,H,2026-07-24T22:40:57.956415+00:00
558270,SA,135,2025,37,2027-05-23 12:00:00+00:00,112,109,523.0,496.0,1.5177960194858142,2.039465788319414,0.2854148697904602,0.21896044336891735,0.4956246868406224,A,2026-07-24T22:40:57.980615+00:00
558271,SA,135,2025,37,2027-05-23 12:00:00+00:00,586,113,503.0,492.0,1.4790117893971009,1.9942632519434986,0.28393074990370204,0.22188665909087602,0.49418259100542206,A,2026-07-24T22:40:58.006595+00:00
558272,SA,135,2025,37,2027-05-23 12:00:00+00:00,102,5890,499.0,867.0,2.1520669801193306,1.5295717500872408,0.5165510950091905,0.21230558948596556,0.2711433155048438,H,2026-07-24T22:40:58.031846+00:00
558273,SA,135,2025,37,2027-05-23 12:00:00+00:00,108,110,505.0,487.0,1.9824527672928622,1.7861866660438763,0.4295734515430895,0.21815057857994494,0.35227596987696563,H,2026-07-24T22:40:58.058000+00:00
558274,SA,135,2025,37,2027-05-23 12:00:00+00:00,115,471,494.0,488.0,1.8243554828394166,1.7686395675901783,0.3989030579825706,0.2247343634784011,0.3763625785390282,H,2026-07-24T22:40:58.081513+00:00
558275,SA,135,2025,37,2027-05-23 12:00:00+00:00,470,104,512.0,490.0,1.6648239527052673,1.8945008539613195,0.3410920205583902,0.22459284530482415,0.43431513413678546,A,2026-07-24T22:40:58.107657+00:00
558276,SA,135,2025,37,2027-05-23 12:00:00+00:00,99,5911,502.0,1579.0,2.053324925057056,1.5503139860430801,0.49173836682036726,0.21797977039193697,0.2902818627876958,H,2026-07-24T22:40:58.130995+00:00
558277,SA,135,2025,37,2027-05-23 12:00:00+00:00,454,98,517.0,489.0,1.4908925019831225,2.0304376007319354,0.2809790263604514,0.21962524651087106,0.4993957271286775,A,2026-07-24T22:40:58.155519+00:00
558278,SA,135,2025,37,2027-05-23 12:00:00+00:00,107,103,495.0,500.0,1.5827071005808944,1.922204138848097,0.31828536055495976,0.22481611458313133,0.45689852486190896,A,2026-07-24T22:40:58.178576+00:00
558259,SA,135,2025,38,2027-05-30 12:00:00+00:00,98,115,489.0,494.0,1.9067800967675723,1.7026369596291173,0.42954890674635265,0.22318229558908628,0.3472687976645611,H,2026-07-24T22:40:58.204463+00:00
558260,SA,135,2025,38,2027-05-30 12:00:00+00:00,109,470,496.0,512.0,2.0204476698251828,1.6397339710671472,0.4664314415885742,0.2189177570118924,0.31465080139953333,H,2026-07-24T22:40:58.227269+00:00
558261,SA,135,2025,38,2027-05-30 12:00:00+00:00,5911,586,1579.0,503.0,1.4787487296784239,1.9632404861816137,0.2886928822675794,0.22377891923456797,0.48752819849785267,A,2026-07-24T22:40:58.252063+00:00
558262,SA,135,2025,38,2027-05-30 12:00:00+00:00,471,108,488.0,505.0,1.4142135315372157,2.3990348137833406,0.2152137248627625,0.19556482474710676,0.5892214503901309,A,2026-07-24T22:40:58.275619+00:00
558263,SA,135,2025,38,2027-05-30 12:00:00+00:00,104,100,490.0,497.0,1.5074984134163765,2.0209484786772185,0.286027572852448,0.22011098165838613,0.49386144548916594,A,2026-07-24T22:40:58.299897+00:00
558264,SA,135,2025,38,2027-05-30 12:00:00+00:00,110,99,487.0,502.0,1.7155050003213117,1.9486271700005806,0.3428860002528021,0.22105873877036236,0.4360552609768356,A,2026-07-24T22:40:58.323008+00:00
558265,SA,135,2025,38,2027-05-30 12:00:00+00:00,7397,107,895.0,495.0,1.7327438281213765,1.777681231321459,0.37697050660201953,0.22765393267138373,0.39537556072659674,A,2026-07-24T22:40:58.347337+00:00
558266,SA,135,2025,38,2027-05-30 12:00:00+00:00,113,102,492.0,499.0,1.7136738224700736,1.9499729485354913,0.3422610266546337,0.22103702034493894,0.4367019530004276,A,2026-07-24T22:40:58.371121+00:00
558267,SA,135,2025,38,2027-05-30 12:00:00+00:00,5890,454,867.0,517.0,1.6023113066913124,1.78719452510277,0.34587317271454693,0.2312276275536243,0.42289919973182877,A,2026-07-24T22:40:58.395369+00:00
558268,SA,135,2025,38,2027-05-30 12:00:00+00:00,103,112,500.0,523.0,1.8697922779857354,1.7447570355169704,0.4133615199245394,0.22367913538855183,0.3629593446869088,H,2026-07-24T22:40:58.419174+00:00
559711,FL1,61,2025,1,2026-08-22 15:00:00+00:00,535,512,,106.0,1.6807380807364305,1.569712298939761,0.40495623545293763,0.23737879362709538,0.357664970919967,H,2026-07-24T22:40:58.441593+00:00
559713,FL1,61,2025,1,2026-08-22 15:00:00+00:00,524,529,85.0,94.0,2.1462908379905747,1.466675648410938,0.528716765959922,0.21246808548436963,0.2588151485557083,H,2026-07-24T22:40:58.465654+00:00
559714,FL1,61,2025,1,2026-08-22 15:00:00+00:00,531,1045,110.0,114.0,1.4750882287649427,1.780631453703797,0.3178055559080718,0.23474051925961037,0.4474539248323176,A,2026-07-24T22:40:58.487814+00:00
559715,FL1,61,2025,1,2026-08-22 15:00:00+00:00,516,576,81.0,95.0,1.8271711734213008,1.6288557896949065,0.426586601457662,0.22860833073913805,0.3448050678032001,H,2026-07-24T22:40:58.512223+00:00
559716,FL1,61,2025,1,2026-08-22 15:00:00+00:00,522,525,84.0,97.0,2.025290766249904,1.4368021619680116,0.5098741255233238,0.22010308383034452,0.27002279064633183,H,2026-07-24T22:40:58.535137+00:00
559717,FL1,61,2025,1,2026-08-22 15:00:00+00:00,532,521,77.0,79.0,1.4128704603939468,1.737641226443107,0.3106252529603912,0.2387283610165947,0.45064638602301405,A,2026-07-24T22:40:58.559070+00:00
559718,FL1,61,2025,1,2026-08-22 15:00:00+00:00,511,523,96.0,80.0,1.5822944878366778,1.7056007146530996,0.35601378626874947,0.23575953535825406,0.4082266783729966,A,2026-07-24T22:40:58.581578+00:00
559719,FL1,61,2025,1,2026-08-22 15:00:00+00:00,533,548,111.0,91.0,1.408157009228296,1.9363256054787252,0.27720512146581483,0.22599045016643302,0.4968044283677522,A,2026-07-24T22:40:58.604326+00:00
559703,FL1,61,2025,2,2026-08-29 15:00:00+00:00,548,516,91.0,81.0,1.7375594093671545,1.7391693552257992,0.38520482384882815,0.22892758226874996,0.3858675938824218,A,2026-07-24T22:40:58.625916+00:00
559704,FL1,61,2025,2,2026-08-29 15:00:00+00:00,576,546,95.0,116.0,1.6910795924361517,1.5533081500667634,0.4106471749766389,0.23742994216593394,0.3519228828574272,H,2026-07-24T22:40:58.648091+00:00
559705,FL1,61,2025,2,2026-08-29 15:00:00+00:00,525,531,97.0,110.0,1.7554906701454194,1.5940132070590272,0.4173545239953689,0.23299643527151626,0.34964904073311476,H,2026-07-24T22:40:58.669319+00:00
559706,FL1,61,2025,2,2026-08-29 15:00:00+00:00,523,533,80.0,111.0,2.05384060007756,1.4333891576408389,0.5166693779833499,0.21826605838989285,0.26506456362675734,H,2026-07-24T22:40:58.692770+00:00
559707,FL1,61,2025,2,2026-08-29 15:00:00+00:00,1045,522,114.0,84.0,1.5446193173805607,1.7510367611365705,0.3390734858795143,0.23464003024133043,0.42628648387915535,A,2026-07-24T22:40:58.714027+00:00
559709,FL1,61,2025,2,2026-08-29 15:00:00+00:00,529,535,94.0,,1.6522533212736559,1.5005987300925296,0.412180123436372,0.24120542487700952,0.34661445168661853,H,2026-07-24T22:40:58.737153+00:00
559710,FL1,61,2025,2,2026-08-29 15:00:00+00:00,512,511,106.0,96.0,1.6137878934221164,1.6666343079722128,0.3705778130576793,0.23643092460669993,0.3929912623356209,A,2026-07-24T22:40:58.757683+00:00
559702,FL1,61,2025,2,2026-08-30 18:45:00+00:00,521,524,79.0,85.0,1.5251768664366856,1.92413670869746,0.3052158369447955,0.22557603470409635,0.4692081283511082,A,2026-07-24T22:40:58.780403+00:00
559693,FL1,61,2025,3,2026-09-05 15:00:00+00:00,533,512,111.0,106.0,1.5670512458507135,1.7789913942695783,0.3392802476042248,0.232589525538722,0.4281302268570531,A,2026-07-24T22:40:58.800794+00:00
559694,FL1,61,2025,3,2026-09-05 15:00:00+00:00,516,1045,81.0,114.0,1.871039170759814,1.5578574001708916,0.4507134732022858,0.22798081018483612,0.32130571661287816,H,2026-07-24T22:40:58.822264+00:00
559695,FL1,61,2025,3,2026-09-05 15:00:00+00:00,546,525,116.0,97.0,1.8104912248072165,1.464700742642592,0.45647773572750644,0.2331890869052084,0.3103331773672852,H,2026-07-24T22:40:58.842635+00:00
559696,FL1,61,2025,3,2026-09-05 15:00:00+00:00,511,521,96.0,79.0,1.5454622388127177,1.6575809014747933,0.3562632836018158,0.23936266283167096,0.40437405356651335,A,2026-07-24T22:40:58.864259+00:00
559697,FL1,61,2025,3,2026-09-05 15:00:00+00:00,524,548,85.0,91.0,2.0177522219968633,1.5983289743680877,0.4742882628957874,0.2195384633804095,0.30617327372380293,H,2026-07-24T22:40:58.884583+00:00
559698,FL1,61,2025,3,2026-09-05 15:00:00+00:00,532,529,77.0,94.0,1.5178570299040874,1.6897156147600478,0.34385147019747264,0.23865081610776537,0.417497713694762,A,2026-07-24T22:40:58.906429+00:00
559700,FL1,61,2025,3,2026-09-05 15:00:00+00:00,531,576,110.0,95.0,1.4489908053562386,1.8943389699895816,0.2929746128846464,0.22831171524689625,0.4787136718684574,A,2026-07-24T22:40:58.926467+00:00
559701,FL1,61,2025,3,2026-09-05 15:00:00+00:00,522,535,84.0,,1.8249488841929769,1.4241714786511408,0.46840096407127907,0.23300476513857826,0.2985942707901428,H,2026-07-24T22:40:58.947243+00:00
559684,FL1,61,2025,4,2026-09-12 15:00:00+00:00,525,511,97.0,96.0,1.520562991366675,1.7436297069429825,0.33481161155270756,0.2356957563792937,0.4294926320679987,A,2026-07-24T22:40:58.967499+00:00
559685,FL1,61,2025,4,2026-09-12 15:00:00+00:00,521,531,79.0,110.0,1.9917844333991441,1.4039831374109382,0.5097986336144287,0.22234625464067084,0.26785511174490045,H,2026-07-24T22:40:58.989340+00:00
559686,FL1,61,2025,4,2026-09-12 15:00:00+00:00,535,546,,116.0,1.5580452638464546,1.5864837371401033,0.37270441318183417,0.24226958827497622,0.38502599854318964,A,2026-07-24T22:40:59.009173+00:00
559687,FL1,61,2025,4,2026-09-12 15:00:00+00:00,576,548,95.0,91.0,1.648172973591939,1.7230834136194968,0.3679670873326285,0.2327376603900646,0.39929525227730683,A,2026-07-24T22:40:59.030228+00:00
559689,FL1,61,2025,4,2026-09-12 15:00:00+00:00,529,516,94.0,81.0,1.6005674311937401,1.841139279462122,0.33601114469166476,0.22862197992033984,0.43536687538799534,A,2026-07-24T22:40:59.050007+00:00
559690,FL1,61,2025,4,2026-09-12 15:00:00+00:00,533,532,111.0,77.0,1.5765254409834626,1.6478776925429766,0.3653948978738676,0.23868605064377288,0.3959190514823595,A,2026-07-24T22:40:59.074100+00:00
559691,FL1,61,2025,4,2026-09-12 15:00:00+00:00,512,524,106.0,85.0,1.4396734785342713,2.14305310551799,0.25361269717028606,0.2125314793040133,0.5338558235257005,A,2026-07-24T22:40:59.095795+00:00
559692,FL1,61,2025,4,2026-09-12 15:00:00+00:00,1045,523,114.0,80.0,1.5867159065305267,1.7387650141234048,0.3509909042583035,0.23402419578741118,0.41498489995428545,A,2026-07-24T22:40:59.115984+00:00
559677,FL1,61,2025,5,2026-09-19 15:00:00+00:00,535,525,,97.0,1.765966536026367,1.51333625969469,0.4361271830697812,0.2346694460770801,0.3292033708531387,H,2026-07-24T22:40:59.136358+00:00
559678,FL1,61,2025,5,2026-09-19 15:00:00+00:00,522,521,84.0,79.0,1.7371797114897964,1.6239873003248408,0.4072376802447374,0.2329231766144281,0.3598391431408347,H,2026-07-24T22:40:59.155784+00:00
559679,FL1,61,2025,5,2026-09-19 15:00:00+00:00,1045,576,114.0,95.0,1.5967407551423238,1.6853226275932134,0.3631163598063097,0.2362140992083779,0.4006695409853125,A,2026-07-24T22:40:59.176058+00:00
559680,FL1,61,2025,5,2026-09-19 15:00:00+00:00,511,533,96.0,111.0,1.8722841909247578,1.458723518385748,0.4717136922820274,0.22954834904783597,0.2987379586701365,H,2026-07-24T22:40:59.195475+00:00
559681,FL1,61,2025,5,2026-09-19 15:00:00+00:00,532,531,77.0,110.0,1.7236236099587117,1.5458121204548023,0.41971973996236983,0.23602242942991855,0.3442578306077115,H,2026-07-24T22:40:59.215595+00:00
559682,FL1,61,2025,5,2026-09-19 15:00:00+00:00,548,546,91.0,116.0,1.7732610628730487,1.5450245706186185,0.4312988263814374,0.2334660656949233,0.33523510792363925,H,2026-07-24T22:40:59.235243+00:00
559683,FL1,61,2025,5,2026-09-19 15:00:00+00:00,523,529,80.0,94.0,1.8290103758382006,1.604266215097671,0.43191320765804253,0.2291346627886306,0.3389521295533268,H,2026-07-24T22:40:59.255800+00:00
559675,FL1,61,2025,5,2026-09-20 18:45:00+00:00,516,524,81.0,85.0,1.6599516505367677,2.0007957843666113,0.32218787478185523,0.21961842838628692,0.4581936968318577,A,2026-07-24T22:40:59.275143+00:00
559666,FL1,61,2025,6,2026-10-10 15:00:00+00:00,512,532,106.0,77.0,1.7405676161326669,1.5790216640982015,0.41693717916603434,0.2341707085813989,0.3488921122525668,H,2026-07-24T22:40:59.295375+00:00
559668,FL1,61,2025,6,2026-10-10 15:00:00+00:00,525,1045,97.0,114.0,1.5373419299146591,1.7763220740193264,0.33292983520750763,0.2335018641335411,0.4335683006589513,A,2026-07-24T22:40:59.314856+00:00
559669,FL1,61,2025,6,2026-10-10 15:00:00+00:00,546,523,116.0,80.0,1.59754885952659,1.7256242882513186,0.3558764470378919,0.23431075940637386,0.4098127935557343,A,2026-07-24T22:40:59.334998+00:00
559670,FL1,61,2025,6,2026-10-10 15:00:00+00:00,522,576,84.0,95.0,1.8003137083736522,1.6476350282248962,0.41686466383488746,0.22934479401627542,0.35379054214883726,H,2026-07-24T22:40:59.354304+00:00
559671,FL1,61,2025,6,2026-10-10 15:00:00+00:00,531,516,110.0,81.0,1.4392428923059324,2.0880633951379046,0.26134193357930907,0.21606950736288108,0.5225885590578099,A,2026-07-24T22:40:59.375615+00:00
559672,FL1,61,2025,6,2026-10-10 15:00:00+00:00,524,535,85.0,,2.1312093020826346,1.3571052968012336,0.549434998386372,0.2126579594761989,0.23790704213742905,H,2026-07-24T22:40:59.394421+00:00
559673,FL1,61,2025,6,2026-10-10 15:00:00+00:00,548,511,91.0,96.0,1.8050932714240417,1.5666768170924796,0.4341275283226401,0.2312605242177339,0.3346119474596259,H,2026-07-24T22:40:59.414683+00:00
559674,FL1,61,2025,6,2026-10-10 15:00:00+00:00,521,533,79.0,111.0,1.9940211261759224,1.4245666041065863,0.5058128646647877,0.22214898194422925,0.2720381533909832,H,2026-07-24T22:40:59.433839+00:00
559657,FL1,61,2025,7,2026-10-17 15:00:00+00:00,525,548,97.0,91.0,1.4686484180488264,1.957760461760241,0.2873189727615522,0.2241962489550848,0.48848477828336295,A,2026-07-24T22:40:59.454244+00:00
559658,FL1,61,2025,7,2026-10-17 15:00:00+00:00,1045,529,114.0,94.0,1.6676792469789763,1.6502566013059645,0.3861794477744479,0.23498852717702012,0.378832025048532,H,2026-07-24T22:40:59.473562+00:00
559659,FL1,61,2025,7,2026-10-17 15:00:00+00:00,531,546,110.0,116.0,1.4644561411790367,1.8380437218707977,0.30567146590949806,0.23153965653290237,0.4627888775575997,A,2026-07-24T22:40:59.493937+00:00
559660,FL1,61,2025,7,2026-10-17 15:00:00+00:00,521,512,79.0,106.0,1.8435473915620637,1.5566564415751558,0.444825637061772,0.22947374744310028,0.3257006154951277,H,2026-07-24T22:40:59.514299+00:00
559661,FL1,61,2025,7,2026-10-17 15:00:00+00:00,535,511,,96.0,1.5791145089265988,1.6225424797083268,0.3708016323112924,0.23974999095140398,0.38944837673730365,A,2026-07-24T22:40:59.533860+00:00
559662,FL1,61,2025,7,2026-10-17 15:00:00+00:00,576,524,95.0,85.0,1.5397158969359066,2.042044867524535,0.2897409282704072,0.21868772999739375,0.4915713417321992,A,2026-07-24T22:40:59.552615+00:00
559664,FL1,61,2025,7,2026-10-17 15:00:00+00:00,532,516,77.0,81.0,1.4540355809950685,1.9429410004215912,0.28639890431505544,0.22523356633094005,0.4883675293540045,A,2026-07-24T22:40:59.572766+00:00
559665,FL1,61,2025,7,2026-10-17 15:00:00+00:00,523,522,80.0,84.0,1.720627945859937,1.784255328432273,0.3730610990553767,0.22779813063402923,0.399140770310594,A,2026-07-24T22:40:59.591373+00:00
559649,FL1,61,2025,8,2026-10-24 15:00:00+00:00,516,533,81.0,111.0,2.168425647992395,1.4745228937624293,0.5315450493862183,0.2111234057212494,0.2573315448925325,H,2026-07-24T22:40:59.612374+00:00
559650,FL1,61,2025,8,2026-10-24 15:00:00+00:00,548,521,91.0,79.0,1.7272804808372946,1.6660238270242214,0.3967959497743992,0.23194205106409216,0.3712619991615088,H,2026-07-24T22:40:59.631930+00:00
559651,FL1,61,2025,8,2026-10-24 15:00:00+00:00,529,576,94.0,95.0,1.637030701965462,1.751404374071262,0.360220570515583,0.23186457164208582,0.40791485784233134,A,2026-07-24T22:40:59.651810+00:00
559652,FL1,61,2025,8,2026-10-24 15:00:00+00:00,546,1045,116.0,114.0,1.6437446380082308,1.5928168198679504,0.3917482898936764,0.23825086014956381,0.37000084995675997,H,2026-07-24T22:40:59.670498+00:00
559653,FL1,61,2025,8,2026-10-24 15:00:00+00:00,532,525,77.0,97.0,1.6766292042950484,1.6246919479897486,0.3931856802155375,0.23558561189970614,0.3712287078847563,H,2026-07-24T22:40:59.690676+00:00
559654,FL1,61,2025,8,2026-10-24 15:00:00+00:00,512,522,106.0,84.0,1.5614747549954062,1.9173895376518173,0.3143801081270731,0.22541757638675095,0.4602023154861759,A,2026-07-24T22:40:59.713599+00:00
559655,FL1,61,2025,8,2026-10-24 15:00:00+00:00,511,531,96.0,110.0,1.8945480829211367,1.4938145665815414,0.4692519434353062,0.22772170151834972,0.303026355046344,H,2026-07-24T22:40:59.733046+00:00
559648,FL1,61,2025,8,2026-10-25 19:45:00+00:00,524,523,85.0,80.0,2.083532675318638,1.6414498825724329,0.47931118092745045,0.21568650331274522,0.30500231575980424,H,2026-07-24T22:40:59.753499+00:00
559639,FL1,61,2025,9,2026-10-31 16:00:00+00:00,521,546,79.0,116.0,1.7135470806527136,1.566621488629669,0.41319499415651795,0.23588390684820204,0.35092109899528007,H,2026-07-24T22:40:59.772988+00:00
559640,FL1,61,2025,9,2026-10-31 16:00:00+00:00,523,532,80.0,77.0,1.9296368247066484,1.4952875209333008,0.4766860142188802,0.2256316897743456,0.2976822960067742,H,2026-07-24T22:40:59.793042+00:00
559641,FL1,61,2025,9,2026-10-31 16:00:00+00:00,525,512,97.0,106.0,1.634620422667106,1.7986867100862722,0.3511469163880514,0.22978664407396004,0.4190664395379885,A,2026-07-24T22:40:59.812497+00:00
559642,FL1,61,2025,9,2026-10-31 16:00:00+00:00,1045,548,114.0,91.0,1.5684655744130902,1.7989856805035334,0.3360869313381306,0.23153043976274573,0.4323826288991236,A,2026-07-24T22:40:59.833872+00:00
559643,FL1,61,2025,9,2026-10-31 16:00:00+00:00,531,535,110.0,,1.4962191434257353,1.6717865120298236,0.34199882337712356,0.24030202172066317,0.41769915490221315,A,2026-07-24T22:40:59.853716+00:00
559644,FL1,61,2025,9,2026-10-31 16:00:00+00:00,533,524,111.0,85.0,1.3253643650608158,2.3459784156187524,0.20430291876575563,0.19710166296642487,0.5985954182678196,A,2026-07-24T22:40:59.873966+00:00
559645,FL1,61,2025,9,2026-10-31 16:00:00+00:00,516,511,81.0,96.0,1.8827197803721762,1.6097233569666054,0.4427419644795678,0.22634398657583768,0.3309140489445946,H,2026-07-24T22:40:59.893381+00:00
559646,FL1,61,2025,9,2026-10-31 16:00:00+00:00,522,529,84.0,94.0,1.8778873287468691,1.6065382691864034,0.44231867314408024,0.22665233672813587,0.33102899012778386,H,2026-07-24T22:40:59.915063+00:00
559631,FL1,61,2025,10,2026-11-07 16:00:00+00:00,535,548,,91.0,1.5142775252575196,1.8058826912527364,0.32250518619370117,0.23243726586448876,0.44505754794180996,A,2026-07-24T22:40:59.934207+00:00
559632,FL1,61,2025,10,2026-11-07 16:00:00+00:00,512,523,106.0,80.0,1.604058947227822,1.9039681129650028,0.32605763963374956,0.22538337244521114,0.44855898792103926,A,2026-07-24T22:40:59.954485+00:00
559633,FL1,61,2025,10,2026-11-07 16:00:00+00:00,533,525,111.0,97.0,1.6677305573060022,1.7520183560943838,0.36708304696252386,0.23084453027097582,0.40207242276650024,A,2026-07-24T22:40:59.974060+00:00
559634,FL1,61,2025,10,2026-11-07 16:00:00+00:00,532,522,77.0,84.0,1.4386393737414598,1.9204077904247647,0.286504588109313,0.22678343524729028,0.48671197664339694,A,2026-07-24T22:40:59.994234+00:00
559635,FL1,61,2025,10,2026-11-07 16:00:00+00:00,524,531,85.0,110.0,2.471997620993651,1.394684318272972,0.6066944921064162,0.1903508849857747,0.20295462290780897,H,2026-07-24T22:41:00.016240+00:00
559636,FL1,61,2025,10,2026-11-07 16:00:00+00:00,529,521,94.0,79.0,1.5911352215267052,1.7636297826038059,0.34752824314212244,0.23268641518644873,0.41978534167142884,A,2026-07-24T22:41:00.038226+00:00
559638,FL1,61,2025,10,2026-11-07 16:00:00+00:00,511,576,96.0,95.0,1.615261962059639,1.725518904416917,0.35997342571205676,0.23373865158824267,0.4062879226997006,A,2026-07-24T22:41:00.058125+00:00
559630,FL1,61,2025,10,2026-11-07 19:45:00+00:00,546,516,116.0,81.0,1.5922930192695397,1.8275438402499304,0.33650763977474973,0.22949722233199443,0.4339951378932559,A,2026-07-24T22:41:00.080124+00:00
559622,FL1,61,2025,11,2026-11-21 16:00:00+00:00,531,533,110.0,111.0,1.7226801183972018,1.7288797070613675,0.3837927689272283,0.22985258792798707,0.38635464314478474,A,2026-07-24T22:41:00.099959+00:00
559623,FL1,61,2025,11,2026-11-21 16:00:00+00:00,546,511,116.0,96.0,1.6445178251219328,1.6179827419912332,0.38702868428399095,0.23722896192692333,0.3757423537890856,H,2026-07-24T22:41:00.120790+00:00
559624,FL1,61,2025,11,2026-11-21 16:00:00+00:00,521,523,79.0,80.0,1.7090310748929052,1.738333473508259,0.37894920422809547,0.2299855698461853,0.39106522592571924,A,2026-07-24T22:41:00.141671+00:00
559625,FL1,61,2025,11,2026-11-21 16:00:00+00:00,1045,532,114.0,77.0,1.7566700879280654,1.531510890140418,0.43025584042485326,0.23470103880464016,0.3350431207705066,H,2026-07-24T22:41:00.163532+00:00
559626,FL1,61,2025,11,2026-11-21 16:00:00+00:00,525,529,97.0,94.0,1.577091605133754,1.8503514368881517,0.3291442564510238,0.2286807574939034,0.44217498605507277,A,2026-07-24T22:41:00.182837+00:00
559627,FL1,61,2025,11,2026-11-21 16:00:00+00:00,576,512,95.0,106.0,1.8563321180047903,1.6386140641633764,0.43112499274355504,0.22698564224380785,0.3418893650126371,H,2026-07-24T22:41:00.203119+00:00
559628,FL1,61,2025,11,2026-11-21 16:00:00+00:00,522,524,84.0,85.0,1.6399360845678037,2.040073983618388,0.3115468864844516,0.21792107362688495,0.47053203988866354,A,2026-07-24T22:41:00.222320+00:00
559629,FL1,61,2025,11,2026-11-21 16:00:00+00:00,516,535,81.0,,1.9007626222745144,1.450594341421955,0.4797991977539652,0.22789382936967756,0.2923069728763572,H,2026-07-24T22:41:00.242621+00:00
559616,FL1,61,2025,12,2026-11-28 16:00:00+00:00,512,1045,106.0,114.0,1.652815151148264,1.7645894635150563,0.3614053568635262,0.23078224140650905,0.40781240172996486,A,2026-07-24T22:41:00.261792+00:00
559617,FL1,61,2025,12,2026-11-28 16:00:00+00:00,535,521,,79.0,1.5069936478181278,1.7553988297398435,0.32958409838493186,0.2354131881401787,0.43500271347488945,A,2026-07-24T22:41:00.283101+00:00
559618,FL1,61,2025,12,2026-11-28 16:00:00+00:00,511,529,96.0,94.0,1.684631628905016,1.682379038022207,0.38394021922512994,0.23306241488645552,0.3829973658884145,H,2026-07-24T22:41:00.302300+00:00
559620,FL1,61,2025,12,2026-11-28 16:00:00+00:00,522,531,84.0,110.0,2.1402015125058638,1.4825027195712972,0.5240906804328037,0.2129098080048069,0.2629995115623894,H,2026-07-24T22:41:00.323006+00:00
559612,FL1,61,2025,12,2026-11-28 16:00:00+00:00,532,546,77.0,116.0,1.4901311014777903,1.7477628901539737,0.3269987626860898,0.23627167250960598,0.43672956480430414,A,2026-07-24T22:41:00.343288+00:00
559613,FL1,61,2025,12,2026-11-28 16:00:00+00:00,533,576,111.0,95.0,1.4749775786019714,1.9764171723158106,0.28580699970175305,0.2230041682939886,0.4911888320042583,A,2026-07-24T22:41:00.364162+00:00
559614,FL1,61,2025,12,2026-11-28 16:00:00+00:00,524,525,85.0,97.0,2.397078774024246,1.4531767256381487,0.5805376997477866,0.19648327708481275,0.22297902316740065,H,2026-07-24T22:41:00.384226+00:00
559615,FL1,61,2025,12,2026-11-28 16:00:00+00:00,523,548,80.0,91.0,1.7397717157156298,1.8097110340726685,0.372665082113826,0.22619380484132048,0.40114111304485356,A,2026-07-24T22:41:00.403532+00:00
559603,FL1,61,2025,13,2026-12-05 16:00:00+00:00,531,523,110.0,80.0,1.4689909670138745,2.075893340277118,0.2694677245480696,0.21687746603052876,0.5136548094214015,A,2026-07-24T22:41:00.423728+00:00
559604,FL1,61,2025,13,2026-12-05 16:00:00+00:00,548,532,91.0,77.0,1.952987706968768,1.4972189637540962,0.481385341237691,0.22422661433661395,0.294388044425695,H,2026-07-24T22:41:00.443382+00:00
559605,FL1,61,2025,13,2026-12-05 16:00:00+00:00,546,533,116.0,111.0,1.9013437852759132,1.50117793247528,0.46920966139580167,0.22722018885366077,0.30357014975053764,H,2026-07-24T22:41:00.463815+00:00
559607,FL1,61,2025,13,2026-12-05 16:00:00+00:00,516,522,81.0,84.0,1.813591392792921,1.827993766753756,0.3855233396128975,0.22316769387693783,0.3913089665101647,A,2026-07-24T22:41:00.483728+00:00
559608,FL1,61,2025,13,2026-12-05 16:00:00+00:00,529,512,94.0,106.0,1.7851190723810484,1.703229886433452,0.40266111723370757,0.22832263899557287,0.36901624377071957,H,2026-07-24T22:41:00.504680+00:00
559609,FL1,61,2025,13,2026-12-05 16:00:00+00:00,511,524,96.0,85.0,1.4676070890728372,2.1186871284807025,0.26294970254891986,0.21420184235505252,0.5228484550960277,A,2026-07-24T22:41:00.523827+00:00
559610,FL1,61,2025,13,2026-12-05 16:00:00+00:00,576,525,95.0,97.0,1.9563470316072022,1.5662548821133755,0.46770969930677797,0.2232300631528944,0.3090602375403276,H,2026-07-24T22:41:00.543330+00:00
559611,FL1,61,2025,13,2026-12-05 16:00:00+00:00,1045,535,114.0,,1.656050987038346,1.4753297364732259,0.41826217663687687,0.24184479091042416,0.3398930324526989,H,2026-07-24T22:41:00.562408+00:00
559595,FL1,61,2025,14,2026-12-12 16:00:00+00:00,522,546,84.0,116.0,1.827531585153882,1.6195258550460345,0.4285265964156992,0.22882819528923254,0.3426452082950683,H,2026-07-24T22:41:00.584349+00:00
559596,FL1,61,2025,14,2026-12-12 16:00:00+00:00,524,1045,85.0,114.0,2.159219534100226,1.5468807126476627,0.5143765795639564,0.21190838835804346,0.273715032078,H,2026-07-24T22:41:00.603220+00:00
559597,FL1,61,2025,14,2026-12-12 16:00:00+00:00,532,576,77.0,95.0,1.4913248624751212,1.8640847130504852,0.30746848227739126,0.22954781913531763,0.46298369858729116,A,2026-07-24T22:41:00.624178+00:00
559598,FL1,61,2025,14,2026-12-12 16:00:00+00:00,512,531,106.0,110.0,1.909719386482179,1.6385790657701167,0.4428637608013505,0.22442589532868865,0.33271034386996085,H,2026-07-24T22:41:00.643139+00:00
559599,FL1,61,2025,14,2026-12-12 16:00:00+00:00,533,535,111.0,,1.5100657191693947,1.6566355333237954,0.3480589115152351,0.24064946927465652,0.4112916192101085,A,2026-07-24T22:41:00.665279+00:00
559600,FL1,61,2025,14,2026-12-12 16:00:00+00:00,529,548,94.0,91.0,1.6103239854401528,1.8776928192405522,0.33190528874209657,0.22658269796023925,0.4415120132976642,A,2026-07-24T22:41:00.685613+00:00
559601,FL1,61,2025,14,2026-12-12 16:00:00+00:00,525,521,97.0,79.0,1.478391121290604,1.9442600148890443,0.2916003609993427,0.22493424509735363,0.4834653939033037,A,2026-07-24T22:41:00.707378+00:00
559594,FL1,61,2025,14,2026-12-13 19:45:00+00:00,523,516,80.0,81.0,1.7672686393163402,1.893800352597571,0.36360987423202445,0.2221228784726632,0.4142672472953124,A,2026-07-24T22:41:00.726566+00:00
559586,FL1,61,2025,15,2027-01-02 12:00:00+00:00,535,523,,80.0,1.5472985333930618,1.861191172027065,0.32059339362449474,0.22871479996088143,0.45069180641462375,A,2026-07-24T22:41:00.746663+00:00
559587,FL1,61,2025,15,2027-01-02 12:00:00+00:00,512,516,106.0,81.0,1.6078419965911206,2.051243593863915,0.3029200551183132,0.2176654302027786,0.47941451467890817,A,2026-07-24T22:41:00.765972+00:00
559588,FL1,61,2025,15,2027-01-02 12:00:00+00:00,531,529,110.0,94.0,1.541503957297819,1.9610980861240408,0.3028559762327838,0.22327675066612246,0.47386727310109367,A,2026-07-24T22:41:00.785997+00:00
559589,FL1,61,2025,15,2027-01-02 12:00:00+00:00,511,532,96.0,77.0,1.7744777584543563,1.561055160843497,0.4283165187943365,0.2329801332883814,0.3387033479172822,H,2026-07-24T22:41:00.805213+00:00
559590,FL1,61,2025,15,2027-01-02 12:00:00+00:00,548,522,91.0,84.0,1.7564002082781016,1.8329804020884424,0.37210931112386614,0.22478639667175704,0.4031042922043768,A,2026-07-24T22:41:00.826273+00:00
559591,FL1,61,2025,15,2027-01-02 12:00:00+00:00,1045,533,114.0,111.0,1.9101763252056767,1.5649198506234607,0.4579102740128263,0.2257514916625851,0.31633823432458863,H,2026-07-24T22:41:00.845066+00:00
559593,FL1,61,2025,15,2027-01-02 12:00:00+00:00,521,576,79.0,95.0,1.7321742088368526,1.721171411971185,0.38738065140501265,0.22978417897105996,0.3828351696239274,H,2026-07-24T22:41:00.864992+00:00
559585,FL1,61,2025,15,2027-01-03 12:00:00+00:00,546,524,116.0,85.0,1.475639118844903,2.11728082930507,0.2648486949195313,0.21431002579381864,0.5208412792866501,A,2026-07-24T22:41:00.883721+00:00
559576,FL1,61,2025,16,2027-01-16 12:00:00+00:00,516,521,81.0,79.0,1.824850234178778,1.7789732016594935,0.3970700941445297,0.22439083201794086,0.37853907383752944,H,2026-07-24T22:41:00.903580+00:00
559577,FL1,61,2025,16,2027-01-16 12:00:00+00:00,523,525,80.0,97.0,2.0506621810650754,1.6097948741903194,0.478892696710352,0.21767859781393245,0.30342870547571543,H,2026-07-24T22:41:00.922304+00:00
559578,FL1,61,2025,16,2027-01-16 12:00:00+00:00,1045,511,114.0,96.0,1.6616233166125616,1.7159701437122596,0.3723615346764354,0.23256839037265561,0.395070074950909,A,2026-07-24T22:41:00.942342+00:00
559579,FL1,61,2025,16,2027-01-16 12:00:00+00:00,529,546,94.0,116.0,1.6688158949328142,1.7435496676154005,0.368887360738012,0.23116556964527413,0.3999470696167139,A,2026-07-24T22:41:00.962008+00:00
559580,FL1,61,2025,16,2027-01-16 12:00:00+00:00,522,533,84.0,111.0,2.1518276206850167,1.5234905088799333,0.5177822983930931,0.21231000460117389,0.2699076970057332,H,2026-07-24T22:41:00.982421+00:00
559582,FL1,61,2025,16,2027-01-16 12:00:00+00:00,576,535,95.0,,1.773080757168093,1.4562397833304483,0.44967919390896266,0.23559898423058334,0.31472182186045405,H,2026-07-24T22:41:01.001805+00:00
559583,FL1,61,2025,16,2027-01-16 12:00:00+00:00,548,512,91.0,106.0,1.960769839322746,1.6649087889413043,0.4486528750599448,0.22147172096018503,0.32987540397987025,H,2026-07-24T22:41:01.020797+00:00
559584,FL1,61,2025,16,2027-01-16 12:00:00+00:00,532,524,77.0,85.0,1.3572270846172279,2.2993756028780328,0.21618865904739157,0.2010325789797921,0.5827787619728164,A,2026-07-24T22:41:01.040487+00:00
559567,FL1,61,2025,17,2027-01-23 12:00:00+00:00,533,529,111.0,94.0,1.5491230328092984,1.9684520348432388,0.30334909050310327,0.22277536168446158,0.47387554781243524,A,2026-07-24T22:41:01.059421+00:00
559568,FL1,61,2025,17,2027-01-23 12:00:00+00:00,576,523,95.0,80.0,1.7306877175683104,1.8615892652831163,0.3613336603943442,0.22439483538740052,0.41427150421825537,A,2026-07-24T22:41:01.080495+00:00
559569,FL1,61,2025,17,2027-01-23 12:00:00+00:00,521,1045,79.0,114.0,1.7762489940722828,1.6530812925815814,0.41038988378080243,0.23026067310669712,0.3593494431125003,H,2026-07-24T22:41:01.099464+00:00
559570,FL1,61,2025,17,2027-01-23 12:00:00+00:00,546,512,116.0,106.0,1.7731810486930628,1.6830866514058413,0.40386834094663737,0.229456265031264,0.36667539402209853,H,2026-07-24T22:41:01.119217+00:00
559572,FL1,61,2025,17,2027-01-23 12:00:00+00:00,531,548,110.0,91.0,1.4520747824719609,2.1478425969112513,0.2555387312550562,0.2122960762995979,0.5321651924453459,A,2026-07-24T22:41:01.138202+00:00
559573,FL1,61,2025,17,2027-01-23 12:00:00+00:00,525,516,97.0,81.0,1.5171373958579473,2.1557891065446753,0.2680093346539605,0.21206126077955684,0.5199294045664826,A,2026-07-24T22:41:01.157684+00:00
559574,FL1,61,2025,17,2027-01-23 12:00:00+00:00,535,532,,77.0,1.68849849639764,1.590599413825402,0.40261803056357,0.23628340046682794,0.361098568969602,H,2026-07-24T22:41:01.176292+00:00
559575,FL1,61,2025,17,2027-01-23 12:00:00+00:00,511,522,96.0,84.0,1.5940777928457817,1.9036070329134895,0.3239062505401962,0.2255879645612888,0.45050578489851495,A,2026-07-24T22:41:01.197309+00:00
559559,FL1,61,2025,18,2027-01-30 12:00:00+00:00,523,521,80.0,79.0,1.7538135404379087,1.8047467173171992,0.3766757650563315,0.22593715435107065,0.3973870805925977,A,2026-07-24T22:41:01.217016+00:00
559560,FL1,61,2025,18,2027-01-30 12:00:00+00:00,529,525,94.0,97.0,1.8974339266549058,1.6700645596716532,0.4339188616670927,0.22434060389029314,0.3417405344426142,H,2026-07-24T22:41:01.236769+00:00
559561,FL1,61,2025,18,2027-01-30 12:00:00+00:00,535,522,,84.0,1.510590300930759,1.9232491884180036,0.3021158290830034,0.22581935584809743,0.4720648150688991,A,2026-07-24T22:41:01.257714+00:00
559562,FL1,61,2025,18,2027-01-30 12:00:00+00:00,516,531,81.0,110.0,2.222937820435012,1.568997429265693,0.5225826299191696,0.20829802887449766,0.26911934120633274,H,2026-07-24T22:41:01.277462+00:00
559563,FL1,61,2025,18,2027-01-30 12:00:00+00:00,532,533,77.0,111.0,1.763052325953147,1.6722545477692539,0.4036859195388202,0.23022990790755796,0.36608417255362175,H,2026-07-24T22:41:01.296340+00:00
559564,FL1,61,2025,18,2027-01-30 12:00:00+00:00,512,576,106.0,95.0,1.6397712884468707,1.9343112259444795,0.3288228225675794,0.22320395743590563,0.44797321999651496,A,2026-07-24T22:41:01.317079+00:00
559565,FL1,61,2025,18,2027-01-30 12:00:00+00:00,548,524,91.0,85.0,1.6422706918890824,2.138514908493666,0.296688319022503,0.2128408274718817,0.49047085350561537,A,2026-07-24T22:41:01.335746+00:00
559566,FL1,61,2025,18,2027-01-30 12:00:00+00:00,511,546,96.0,116.0,1.6465978238431969,1.717739753952154,0.36859704913436014,0.23302175934900837,0.3983811915166316,A,2026-07-24T22:41:01.355631+00:00
559550,FL1,61,2025,19,2027-02-06 12:00:00+00:00,531,521,110.0,79.0,1.4492293661831035,2.078579867670278,0.2648490453402396,0.21669531291648067,0.5184556417432796,A,2026-07-24T22:41:01.374255+00:00
559551,FL1,61,2025,19,2027-02-06 12:00:00+00:00,546,532,116.0,77.0,1.78650387976545,1.56590491680364,0.4300708994976236,0.23223580596198337,0.337693294540393,H,2026-07-24T22:41:01.393964+00:00
559552,FL1,61,2025,19,2027-02-06 12:00:00+00:00,533,511,111.0,96.0,1.5194688407760657,1.952830128381497,0.29932721916031413,0.22400057936367235,0.4766722014760135,A,2026-07-24T22:41:01.412551+00:00
559553,FL1,61,2025,19,2027-02-06 12:00:00+00:00,525,535,97.0,,1.575033946747954,1.6185784256542934,0.3705925136799151,0.24009460185762385,0.38931288446246115,A,2026-07-24T22:41:01.431949+00:00
559554,FL1,61,2025,19,2027-02-06 12:00:00+00:00,522,512,84.0,106.0,1.9948921609669816,1.6793742156267724,0.45305933731613834,0.21960378159766236,0.3273368810861994,H,2026-07-24T22:41:01.450501+00:00
559555,FL1,61,2025,19,2027-02-06 12:00:00+00:00,529,523,94.0,80.0,1.6644211350950429,1.935259976827987,0.3340533335088684,0.22269294981014456,0.44325371668098706,A,2026-07-24T22:41:01.470343+00:00
559556,FL1,61,2025,19,2027-02-06 12:00:00+00:00,576,1045,95.0,114.0,1.7808513023064227,1.718021728875392,0.39887942188417025,0.22801707281442204,0.3731035053014076,H,2026-07-24T22:41:01.489166+00:00
559549,FL1,61,2025,19,2027-02-07 12:00:00+00:00,524,516,85.0,81.0,2.109598136439208,1.8215681082292825,0.44915239482601144,0.2123642039997425,0.338483401174246,H,2026-07-24T22:41:01.509465+00:00
559540,FL1,61,2025,20,2027-02-13 12:00:00+00:00,512,529,106.0,94.0,1.7077743671122592,1.8777285527276333,0.35345354341557444,0.2243206673761598,0.42222578920826587,A,2026-07-24T22:41:01.528611+00:00
559541,FL1,61,2025,20,2027-02-13 12:00:00+00:00,1045,531,114.0,110.0,1.935685906682265,1.609512964212214,0.4543765122665722,0.22366815431088985,0.3219553334225382,H,2026-07-24T22:41:01.548382+00:00
559542,FL1,61,2025,20,2027-02-13 12:00:00+00:00,535,524,,85.0,1.4048437848367417,2.2249735586110067,0.23526734892078005,0.20684057373273784,0.557892077346482,A,2026-07-24T22:41:01.566905+00:00
559543,FL1,61,2025,20,2027-02-13 12:00:00+00:00,525,533,97.0,111.0,1.8086111214405747,1.7618470698970619,0.39672423642743043,0.22553425214467324,0.37774151142789636,H,2026-07-24T22:41:01.587662+00:00
559545,FL1,61,2025,20,2027-02-13 12:00:00+00:00,511,548,96.0,91.0,1.604852399493453,1.9060536826375087,0.3258822671587868,0.22526231889869974,0.4488554139425135,A,2026-07-24T22:41:01.608078+00:00
559546,FL1,61,2025,20,2027-02-13 12:00:00+00:00,516,532,81.0,77.0,2.0577099643627212,1.584752893147696,0.4855177013873709,0.21750616875115655,0.29697612986147237,H,2026-07-24T22:41:01.628822+00:00
559547,FL1,61,2025,20,2027-02-13 12:00:00+00:00,521,522,79.0,84.0,1.6972551374571394,1.8586825721205344,0.35448727681833414,0.22541068786822366,0.4201020353134422,A,2026-07-24T22:41:01.648965+00:00
559548,FL1,61,2025,20,2027-02-13 12:00:00+00:00,523,546,80.0,116.0,1.8187165056533203,1.7242612318147732,0.4060871811194591,0.226315263266595,0.3675975556139458,H,2026-07-24T22:41:01.668363+00:00
559531,FL1,61,2025,21,2027-02-20 12:00:00+00:00,532,1045,77.0,114.0,1.5444249265092296,1.844531965236158,0.3227675498899231,0.22967491717241212,0.4475575329376646,A,2026-07-24T22:41:01.688389+00:00
559532,FL1,61,2025,21,2027-02-20 12:00:00+00:00,529,511,94.0,96.0,1.7036005719187657,1.7832884048222495,0.36943340520147727,0.228385188429351,0.40218140636917166,A,2026-07-24T22:41:01.707633+00:00
559533,FL1,61,2025,21,2027-02-20 12:00:00+00:00,524,512,85.0,106.0,2.320352774962861,1.6136046115948286,0.5324288629747825,0.2030753536046054,0.26449578342061203,H,2026-07-24T22:41:01.728558+00:00
559534,FL1,61,2025,21,2027-02-20 12:00:00+00:00,576,516,95.0,81.0,1.7249104821300498,1.9715268421697532,0.3410302113923726,0.21986173657955183,0.4391080520280754,A,2026-07-24T22:41:01.748712+00:00
559536,FL1,61,2025,21,2027-02-20 12:00:00+00:00,533,523,111.0,80.0,1.4931508104826845,2.1564576589801185,0.2629068076910156,0.211948181495899,0.5251450108130855,A,2026-07-24T22:41:01.768680+00:00
559537,FL1,61,2025,21,2027-02-20 12:00:00+00:00,548,535,91.0,,1.8647158989849957,1.4301085972460839,0.476130462389955,0.23040266603663223,0.2934668715734127,H,2026-07-24T22:41:01.788142+00:00
559538,FL1,61,2025,21,2027-02-20 12:00:00+00:00,521,525,79.0,97.0,1.9880726416733738,1.5930303096286607,0.4690423864764675,0.221178053378001,0.30977956014553143,H,2026-07-24T22:41:01.808469+00:00
559539,FL1,61,2025,21,2027-02-20 12:00:00+00:00,546,531,116.0,110.0,1.9405783061299746,1.577041504198058,0.4620662277561329,0.22392907915725233,0.3140046930866146,H,2026-07-24T22:41:01.829154+00:00
559523,FL1,61,2025,22,2027-02-27 12:00:00+00:00,576,533,95.0,111.0,2.051668998697228,1.5982994934604535,0.48146040596968137,0.2177258919425246,0.30081370208779407,H,2026-07-24T22:41:01.848899+00:00
559525,FL1,61,2025,22,2027-02-27 12:00:00+00:00,531,522,110.0,84.0,1.4589162489489609,2.2202684945157865,0.24695395438691065,0.20774966198092304,0.5452963836321664,A,2026-07-24T22:41:01.868195+00:00
559526,FL1,61,2025,22,2027-02-27 12:00:00+00:00,512,548,106.0,91.0,1.6060917954553118,2.0475131332488905,0.30313219776348027,0.217879277083982,0.4789885251525376,A,2026-07-24T22:41:01.889166+00:00
559527,FL1,61,2025,22,2027-02-27 12:00:00+00:00,525,532,97.0,77.0,1.6826014621771659,1.7840210942685157,0.36459186587689235,0.22901636006404327,0.4063917740590643,A,2026-07-24T22:41:01.908185+00:00
559528,FL1,61,2025,22,2027-02-27 12:00:00+00:00,516,529,81.0,94.0,1.97284151016874,1.7597639141851542,0.4326187291250829,0.2191011299936083,0.3482801408813089,H,2026-07-24T22:41:01.929140+00:00
559529,FL1,61,2025,22,2027-02-27 12:00:00+00:00,523,511,80.0,96.0,1.848728013284767,1.741032902902181,0.4094764896748341,0.22462441069816075,0.36589909962700506,H,2026-07-24T22:41:01.948321+00:00
559530,FL1,61,2025,22,2027-02-27 12:00:00+00:00,535,1045,,114.0,1.5874465851710609,1.7623590363474126,0.34691097091763945,0.232854869044821,0.42023416003753944,A,2026-07-24T22:41:01.968340+00:00
559522,FL1,61,2025,22,2027-02-28 12:00:00+00:00,524,546,85.0,116.0,2.1531587335266913,1.6179670385247942,0.4984187542114138,0.21216851998840444,0.2894127258001818,H,2026-07-24T22:41:01.989246+00:00
559513,FL1,61,2025,23,2027-03-06 12:00:00+00:00,533,522,111.0,84.0,1.4619348386582798,2.209498526102899,0.2490391492788713,0.20845771319476766,0.542503137526361,A,2026-07-24T22:41:02.009102+00:00
559514,FL1,61,2025,23,2027-03-06 12:00:00+00:00,529,524,94.0,85.0,1.5195025005305263,2.2940309909379737,0.2492801459098468,0.20380170191327796,0.5469181521768751,A,2026-07-24T22:41:02.027764+00:00
559515,FL1,61,2025,23,2027-03-06 12:00:00+00:00,546,576,116.0,95.0,1.6543181473976716,1.8220321978850034,0.35142293269823205,0.2281753466378787,0.42040172066388937,A,2026-07-24T22:41:02.047494+00:00
559516,FL1,61,2025,23,2027-03-06 12:00:00+00:00,511,535,96.0,,1.6896808714521154,1.465941597853047,0.42817536219916125,0.2402378511967245,0.3315867866041143,H,2026-07-24T22:41:02.066113+00:00
559517,FL1,61,2025,23,2027-03-06 12:00:00+00:00,531,525,110.0,97.0,1.7077205907945368,1.901582382086495,0.3492801498024575,0.22329129587756333,0.4274285543199791,A,2026-07-24T22:41:02.087313+00:00
559519,FL1,61,2025,23,2027-03-06 12:00:00+00:00,548,523,91.0,80.0,1.822688491805146,1.8755950569491375,0.3788412600347431,0.22124181717246721,0.39991692279278984,A,2026-07-24T22:41:02.106555+00:00
559520,FL1,61,2025,23,2027-03-06 12:00:00+00:00,1045,512,114.0,106.0,1.7865873039203894,1.7700841879920453,0.39032447043637203,0.22606425760038285,0.383611271963245,H,2026-07-24T22:41:02.126988+00:00
559521,FL1,61,2025,23,2027-03-06 12:00:00+00:00,521,516,79.0,81.0,1.7303576428838714,1.929584322032146,0.3493630507609089,0.22156320896857495,0.42907374027051637,A,2026-07-24T22:41:02.146096+00:00
559504,FL1,61,2025,24,2027-03-13 12:00:00+00:00,522,511,84.0,96.0,1.8872416813864774,1.713856394152905,0.423117694686361,0.22376113755212107,0.3531211677615179,H,2026-07-24T22:41:02.166431+00:00
559505,FL1,61,2025,24,2027-03-13 12:00:00+00:00,1045,525,114.0,97.0,1.8800405891374985,1.684523568412612,0.42727134418068824,0.2247935101956052,0.3479351456237066,H,2026-07-24T22:41:02.185592+00:00
559506,FL1,61,2025,24,2027-03-13 12:00:00+00:00,576,532,95.0,77.0,1.9082686476891462,1.6183581802166094,0.44661028190976737,0.22489423132141959,0.3284954867688129,H,2026-07-24T22:41:02.206096+00:00
559507,FL1,61,2025,24,2027-03-13 12:00:00+00:00,535,529,,94.0,1.6145870020290305,1.804529112362374,0.3455827238205906,0.23006018059965666,0.42435709557975276,A,2026-07-24T22:41:02.225646+00:00
559508,FL1,61,2025,24,2027-03-13 12:00:00+00:00,512,521,106.0,79.0,1.6029343772918125,1.9815588925284848,0.312985915747661,0.22139382654146608,0.4656202577108728,A,2026-07-24T22:41:02.246530+00:00
559509,FL1,61,2025,24,2027-03-13 12:00:00+00:00,533,546,111.0,116.0,1.50996756125708,1.9930004773814722,0.2908949255623755,0.2217470391147,0.4873580353229245,A,2026-07-24T22:41:02.267084+00:00
559510,FL1,61,2025,24,2027-03-13 12:00:00+00:00,516,548,81.0,91.0,1.8549254434918996,1.9186055245568545,0.378039854643477,0.21882999413891968,0.4031301512176033,A,2026-07-24T22:41:02.286922+00:00
559512,FL1,61,2025,24,2027-03-13 12:00:00+00:00,523,531,80.0,110.0,2.148350928986465,1.6190780940815324,0.4972118932359942,0.2124222216830096,0.29036588508099614,H,2026-07-24T22:41:02.306654+00:00
559496,FL1,61,2025,25,2027-03-20 12:00:00+00:00,532,535,77.0,,1.5531825294901587,1.5496410271218821,0.37868985127769006,0.24416498631785996,0.37714516240445006,H,2026-07-24T22:41:02.325458+00:00
559497,FL1,61,2025,25,2027-03-20 12:00:00+00:00,511,512,96.0,106.0,1.7944296726009863,1.7738918458515907,0.3913426736969942,0.22565463023224955,0.3830026960707562,H,2026-07-24T22:41:02.345013+00:00
559499,FL1,61,2025,25,2027-03-20 12:00:00+00:00,529,1045,94.0,114.0,1.7224643448954704,1.816745162706063,0.3675556564076693,0.2264485663279651,0.4059957772643656,A,2026-07-24T22:41:02.364003+00:00
559500,FL1,61,2025,25,2027-03-20 12:00:00+00:00,548,533,91.0,111.0,2.151880044586587,1.5897684193959536,0.5039622348263607,0.21230635309223614,0.28373141208140296,H,2026-07-24T22:41:02.383658+00:00
559501,FL1,61,2025,25,2027-03-20 12:00:00+00:00,524,576,85.0,95.0,2.1575675112120716,1.731752734741156,0.4763878537929261,0.21129897633886094,0.31231316986821317,H,2026-07-24T22:41:02.404096+00:00
559502,FL1,61,2025,25,2027-03-20 12:00:00+00:00,546,521,116.0,79.0,1.6079098267992638,1.834717510624779,0.3387774860174177,0.22876545208885712,0.4324570618937252,A,2026-07-24T22:41:02.424437+00:00
559503,FL1,61,2025,25,2027-03-20 12:00:00+00:00,525,522,97.0,84.0,1.5117986639317722,2.1770338743789344,0.2638595141444613,0.21077174525247613,0.5253687406030625,A,2026-07-24T22:41:02.444192+00:00
559495,FL1,61,2025,25,2027-03-21 12:00:00+00:00,516,523,81.0,80.0,1.8987335488902881,1.920265260745894,0.38702410187113634,0.21752275526752776,0.3954531428613358,A,2026-07-24T22:41:02.464629+00:00
559486,FL1,61,2025,26,2027-04-03 12:00:00+00:00,533,531,111.0,110.0,1.7795861374554616,1.8629498163151332,0.37177971958324185,0.22296455950994853,0.4052557209068098,A,2026-07-24T22:41:02.484179+00:00
559487,FL1,61,2025,26,2027-04-03 12:00:00+00:00,532,548,77.0,91.0,1.4859760227630179,2.077320780941914,0.27288752789402,0.21678195940202466,0.5103305127039555,A,2026-07-24T22:41:02.504295+00:00
559488,FL1,61,2025,26,2027-04-03 12:00:00+00:00,535,516,,81.0,1.5333570636590632,2.0488505913320294,0.2873284737461633,0.21833159694425322,0.49433992930958354,A,2026-07-24T22:41:02.525014+00:00
559490,FL1,61,2025,26,2027-04-03 12:00:00+00:00,521,529,79.0,94.0,1.8328610600908894,1.7515343044303708,0.4040008365303767,0.22493785935394253,0.3710613041156808,H,2026-07-24T22:41:02.545432+00:00
559491,FL1,61,2025,26,2027-04-03 12:00:00+00:00,512,525,106.0,97.0,1.887053644838443,1.8052606800774276,0.4056344593511675,0.22133800579930893,0.3730275348495236,H,2026-07-24T22:41:02.564996+00:00
559492,FL1,61,2025,26,2027-04-03 12:00:00+00:00,576,511,95.0,96.0,1.7919389119114952,1.7753423340954047,0.39052300167332515,0.22569459019131816,0.38378240813535663,H,2026-07-24T22:41:02.586559+00:00
559493,FL1,61,2025,26,2027-04-03 12:00:00+00:00,1045,524,114.0,85.0,1.5013666227418485,2.294181380193551,0.24562621981150307,0.2035993453170742,0.5507744348714226,A,2026-07-24T22:41:02.605957+00:00
559494,FL1,61,2025,26,2027-04-03 12:00:00+00:00,522,523,84.0,80.0,1.8570156637058826,1.9000825818955525,0.3817973403717871,0.2193950292928442,0.39880763033536876,A,2026-07-24T22:41:02.626562+00:00
559477,FL1,61,2025,27,2027-04-10 12:00:00+00:00,525,546,97.0,116.0,1.565998236318583,1.9807336541777827,0.3050718325702392,0.22189944185418714,0.47302872557557357,A,2026-07-24T22:41:02.645776+00:00
559478,FL1,61,2025,27,2027-04-10 12:00:00+00:00,516,512,81.0,106.0,2.0719547849793645,1.7779163819387582,0.44984508168031306,0.21459150194811807,0.33556341637156883,H,2026-07-24T22:41:02.665964+00:00
559479,FL1,61,2025,27,2027-04-10 12:00:00+00:00,548,529,91.0,94.0,1.9160637553158304,1.77992613307214,0.41664811496640536,0.2209247630506958,0.3624271219828986,H,2026-07-24T22:41:02.684726+00:00
559480,FL1,61,2025,27,2027-04-10 12:00:00+00:00,531,532,110.0,77.0,1.644615170588247,1.8908864652312407,0.3372543437267371,0.2252065466668507,0.43753910960641207,A,2026-07-24T22:41:02.704541+00:00
559481,FL1,61,2025,27,2027-04-10 12:00:00+00:00,524,533,85.0,111.0,2.540015077584038,1.5277566984467494,0.5907691149977187,0.18930654989450538,0.21992433510777587,H,2026-07-24T22:41:02.723279+00:00
559482,FL1,61,2025,27,2027-04-10 12:00:00+00:00,523,576,80.0,95.0,1.8359421072557378,1.8869263598752557,0.37965235730052527,0.2204579233195386,0.39988971937993606,A,2026-07-24T22:41:02.743033+00:00
559484,FL1,61,2025,27,2027-04-10 12:00:00+00:00,521,511,79.0,96.0,1.7950238923807,1.7302519498756115,0.39970099697450023,0.22706596411819327,0.3732330389073065,H,2026-07-24T22:41:02.761918+00:00
559485,FL1,61,2025,27,2027-04-10 12:00:00+00:00,522,1045,84.0,114.0,1.9081971631062278,1.7459749035934298,0.42145002432562606,0.22208926480149002,0.35646071087288406,H,2026-07-24T22:41:02.782740+00:00
559469,FL1,61,2025,28,2027-04-17 12:00:00+00:00,512,535,106.0,,1.7007143166425165,1.5605229729355572,0.4114419271981403,0.23671433989518095,0.3518437329066788,H,2026-07-24T22:41:02.802224+00:00
559470,FL1,61,2025,28,2027-04-17 12:00:00+00:00,548,576,91.0,95.0,1.8474779195501467,1.85722949884472,0.3875084803234789,0.2211017275082795,0.39138979216824155,A,2026-07-24T22:41:02.822925+00:00
559471,FL1,61,2025,28,2027-04-17 12:00:00+00:00,532,523,77.0,80.0,1.5227059441570727,2.086802034763413,0.2793078380025597,0.21615470373748924,0.504537458259951,A,2026-07-24T22:41:02.842181+00:00
559472,FL1,61,2025,28,2027-04-17 12:00:00+00:00,546,522,116.0,84.0,1.6210127983804394,1.9678300206376944,0.3191612100536626,0.2218446055837396,0.4589941843625978,A,2026-07-24T22:41:02.862976+00:00
559473,FL1,61,2025,28,2027-04-17 12:00:00+00:00,529,531,94.0,110.0,1.9962556083719043,1.701405731085298,0.4489799296314964,0.2191773712444106,0.3318426991240927,H,2026-07-24T22:41:02.884071+00:00
559474,FL1,61,2025,28,2027-04-17 12:00:00+00:00,533,516,111.0,81.0,1.4967152176273462,2.324001561640379,0.24077013691016202,0.20172406721820813,0.5575057958716299,A,2026-07-24T22:41:02.903583+00:00
559475,FL1,61,2025,28,2027-04-17 12:00:00+00:00,524,521,85.0,79.0,2.1026792672392487,1.7587941353802086,0.4598881470988124,0.2135220057058908,0.32658984719529666,H,2026-07-24T22:41:02.923662+00:00
559476,FL1,61,2025,28,2027-04-17 12:00:00+00:00,511,1045,96.0,114.0,1.7043923886610632,1.8052299033164971,0.3656214903582531,0.22746370582349976,0.40691480381824724,A,2026-07-24T22:41:02.943048+00:00
559459,FL1,61,2025,29,2027-04-24 12:00:00+00:00,1045,546,114.0,116.0,1.672638484919503,1.8200030058484755,0.35588172472761836,0.2277613377699599,0.4163569375024217,A,2026-07-24T22:41:02.963262+00:00
559461,FL1,61,2025,29,2027-04-24 12:00:00+00:00,521,548,79.0,91.0,1.725992089656503,1.9178283019042552,0.35044647997743056,0.22216432721147858,0.42738919281109095,A,2026-07-24T22:41:02.983296+00:00
559462,FL1,61,2025,29,2027-04-24 12:00:00+00:00,525,524,97.0,85.0,1.416021926382814,2.5524455151694547,0.1978905315864801,0.1857583317421411,0.6163511366713789,A,2026-07-24T22:41:03.003493+00:00
559463,FL1,61,2025,29,2027-04-24 12:00:00+00:00,531,511,110.0,96.0,1.5425607695474566,2.066198450706687,0.28665209298509275,0.2172850313363139,0.4960628756785933,A,2026-07-24T22:41:03.022881+00:00
559464,FL1,61,2025,29,2027-04-24 12:00:00+00:00,522,532,84.0,77.0,2.036154949974833,1.6236885891651756,0.4730040657566981,0.21830055968445825,0.30869537455884344,H,2026-07-24T22:41:03.043614+00:00
559465,FL1,61,2025,29,2027-04-24 12:00:00+00:00,523,512,80.0,106.0,1.9910421013328858,1.8036741668726366,0.4280439858823315,0.21743585302382953,0.35452016109383916,H,2026-07-24T22:41:03.064883+00:00
559466,FL1,61,2025,29,2027-04-24 12:00:00+00:00,535,533,,111.0,1.8201850038360377,1.674890051748988,0.41595761232618206,0.2276902460725835,0.35635214160123446,H,2026-07-24T22:41:03.085269+00:00
559467,FL1,61,2025,29,2027-04-24 12:00:00+00:00,576,529,95.0,94.0,1.8402567929792661,1.8282791895038704,0.39125764017187237,0.22227730279514554,0.3864650570329822,H,2026-07-24T22:41:03.106522+00:00
559450,FL1,61,2025,30,2027-05-01 12:00:00+00:00,576,521,95.0,79.0,1.7196346661487785,1.9046144149504083,0.35135463524425986,0.22287806049094155,0.4257673042647987,A,2026-07-24T22:41:03.126805+00:00
559451,FL1,61,2025,30,2027-05-01 12:00:00+00:00,548,525,91.0,97.0,2.105653365467324,1.6822877591361356,0.4756492893473672,0.21421622999287512,0.3101344806597577,H,2026-07-24T22:41:03.146223+00:00
559452,FL1,61,2025,30,2027-05-01 12:00:00+00:00,531,512,110.0,106.0,1.6441126253482208,2.077340184665294,0.3065359368409288,0.21598017825863883,0.47748388490043236,A,2026-07-24T22:41:03.167696+00:00
559453,FL1,61,2025,30,2027-05-01 12:00:00+00:00,546,535,116.0,,1.7084509548462798,1.4395059358306883,0.4381364554827855,0.23987282941351537,0.3219907151036991,H,2026-07-24T22:41:03.186672+00:00
559454,FL1,61,2025,30,2027-05-01 12:00:00+00:00,524,532,85.0,77.0,2.3650901216015257,1.553518512473789,0.5534058067026918,0.19998633399602875,0.24660785930127935,H,2026-07-24T22:41:03.207004+00:00
559455,FL1,61,2025,30,2027-05-01 12:00:00+00:00,533,1045,111.0,114.0,1.5539088652243327,2.059170660774309,0.29015401101614213,0.21762716855648023,0.49221882042737763,A,2026-07-24T22:41:03.226128+00:00
559457,FL1,61,2025,30,2027-05-01 12:00:00+00:00,529,522,94.0,84.0,1.6530177493767175,2.0698374219709796,0.3096038042445774,0.21627629891155112,0.4741198968438714,A,2026-07-24T22:41:03.246637+00:00
559458,FL1,61,2025,30,2027-05-01 12:00:00+00:00,511,516,96.0,81.0,1.6509190862126482,2.0719687180038617,0.30882264260849907,0.21618932320884582,0.4749880341826553,A,2026-07-24T22:41:03.265992+00:00
559442,FL1,61,2025,31,2027-05-08 12:00:00+00:00,1045,521,114.0,79.0,1.6223536828144374,1.9380849425870208,0.32437468765749666,0.2233272547540312,0.4522980575884722,A,2026-07-24T22:41:03.286348+00:00
559443,FL1,61,2025,31,2027-05-08 12:00:00+00:00,525,576,97.0,95.0,1.5717452801858833,2.131260016816242,0.28303036468956183,0.21348989400948232,0.5034797413009559,A,2026-07-24T22:41:03.306507+00:00
559445,FL1,61,2025,31,2027-05-08 12:00:00+00:00,535,531,,110.0,1.8286271442139523,1.6934732120774514,0.4142123235807766,0.22680281404296063,0.3589848623762628,H,2026-07-24T22:41:03.327574+00:00
559446,FL1,61,2025,31,2027-05-08 12:00:00+00:00,529,533,94.0,111.0,1.9956214718650946,1.719126812458119,0.4453557737137189,0.2188995452055326,0.3357446810807484,H,2026-07-24T22:41:03.347085+00:00
559447,FL1,61,2025,31,2027-05-08 12:00:00+00:00,546,548,116.0,91.0,1.6319750493495422,1.9703613248275555,0.32113045597231554,0.2215485062621794,0.45732103776550503,A,2026-07-24T22:41:03.367379+00:00
559448,FL1,61,2025,31,2027-05-08 12:00:00+00:00,532,511,77.0,96.0,1.5606821822793882,1.9309042768594984,0.3119814229674806,0.22469513163903623,0.46332344539348325,A,2026-07-24T22:41:03.386530+00:00
559449,FL1,61,2025,31,2027-05-08 12:00:00+00:00,522,516,84.0,81.0,1.8534670282590133,2.0210219773639553,0.3598785456736762,0.21522853925507837,0.4248929150712455,A,2026-07-24T22:41:03.407074+00:00
559441,FL1,61,2025,31,2027-05-09 12:00:00+00:00,523,524,80.0,85.0,1.667845121636265,2.319340584647346,0.2754239483987403,0.20341121200993265,0.5211648395913272,A,2026-07-24T22:41:03.426203+00:00
559432,FL1,61,2025,32,2027-05-16 12:00:00+00:00,548,1045,91.0,114.0,1.897685896603793,1.792361128227063,0.41034698988908236,0.22130167822926808,0.3683513318816497,H,2026-07-24T22:41:03.446731+00:00
559433,FL1,61,2025,32,2027-05-16 12:00:00+00:00,523,535,80.0,,1.8884180263696708,1.4589970863500228,0.475260118594746,0.22855589194440123,0.29618398946085267,H,2026-07-24T22:41:03.465897+00:00
559434,FL1,61,2025,32,2027-05-16 12:00:00+00:00,524,522,85.0,84.0,2.1203735715516583,1.8874087535933437,0.4388591373060034,0.21090550293532184,0.35023535975867487,H,2026-07-24T22:41:03.486870+00:00
559435,FL1,61,2025,32,2027-05-16 12:00:00+00:00,511,525,96.0,97.0,1.907803652408844,1.7405529412936434,0.42240929549797634,0.22223861027080513,0.35535209423121844,H,2026-07-24T22:41:03.507255+00:00
559436,FL1,61,2025,32,2027-05-16 12:00:00+00:00,512,533,106.0,111.0,1.9623663116789112,1.7968420373569864,0.42329632813376594,0.2187102823075275,0.35799338955870647,H,2026-07-24T22:41:03.528450+00:00
559437,FL1,61,2025,32,2027-05-16 12:00:00+00:00,516,546,81.0,116.0,1.9341327078741535,1.8135638764825959,0.41414270671824155,0.21938121038048497,0.3664760829012734,H,2026-07-24T22:41:03.548651+00:00
559438,FL1,61,2025,32,2027-05-16 12:00:00+00:00,521,532,79.0,77.0,1.9340859833320632,1.6332020617950749,0.4492441299687134,0.22333470301620487,0.32742116701508184,H,2026-07-24T22:41:03.568219+00:00
559440,FL1,61,2025,32,2027-05-16 12:00:00+00:00,576,531,95.0,110.0,2.0945881601964436,1.6804291344080966,0.47373983128829905,0.21477664578710884,0.3114835229245921,H,2026-07-24T22:41:03.588529+00:00
559423,FL1,61,2025,33,2027-05-22 12:00:00+00:00,522,548,84.0,91.0,1.8355447968887006,1.9659968523357199,0.3655855088350714,0.2176594725108723,0.4167550186540564,A,2026-07-24T22:41:03.607897+00:00
559424,FL1,61,2025,33,2027-05-22 12:00:00+00:00,532,512,77.0,106.0,1.6658505269444892,1.9496549086100488,0.3319408637032176,0.22198395836166512,0.44607517793511725,A,2026-07-24T22:41:03.628080+00:00
559425,FL1,61,2025,33,2027-05-22 12:00:00+00:00,525,523,97.0,80.0,1.5685990705582888,2.227859982918527,0.2683395318702578,0.2080160538977171,0.523644414232025,A,2026-07-24T22:41:03.647754+00:00
559426,FL1,61,2025,33,2027-05-22 12:00:00+00:00,531,524,110.0,85.0,1.3802905091786213,2.683288740625935,0.17776777841977104,0.17633063258121862,0.6459015889990105,A,2026-07-24T22:41:03.667885+00:00
559427,FL1,61,2025,33,2027-05-22 12:00:00+00:00,535,576,,95.0,1.5548413936095753,1.957112588744282,0.306429014902175,0.22333639920814535,0.4702345858896796,A,2026-07-24T22:41:03.687143+00:00
559429,FL1,61,2025,33,2027-05-22 12:00:00+00:00,533,521,111.0,79.0,1.4815405032243008,2.196992387719797,0.2547972630906329,0.20939130403896733,0.5358114328703997,A,2026-07-24T22:41:03.707378+00:00
559430,FL1,61,2025,33,2027-05-22 12:00:00+00:00,1045,516,114.0,81.0,1.6555381926954806,2.112460704669746,0.30346551033977104,0.21409661615490191,0.48243787350532696,A,2026-07-24T22:41:03.726967+00:00
559431,FL1,61,2025,33,2027-05-22 12:00:00+00:00,546,529,116.0,94.0,1.7453352601196712,1.8383868329685622,0.36870138137069997,0.2249077254452426,0.4063908931840574,A,2026-07-24T22:41:03.747288+00:00
559414,FL1,61,2025,34,2027-05-29 12:00:00+00:00,548,531,91.0,110.0,2.1933244160324485,1.6632962090865224,0.4973016439465732,0.20992603007334795,0.29277232598007885,H,2026-07-24T22:41:03.768217+00:00
559415,FL1,61,2025,34,2027-05-29 12:00:00+00:00,524,511,85.0,96.0,2.2234093894320464,1.7113318081431221,0.4936443847869537,0.20826523906811528,0.29809037614493095,H,2026-07-24T22:41:03.789715+00:00
559416,FL1,61,2025,34,2027-05-29 12:00:00+00:00,521,535,79.0,,1.8226484899029334,1.41344987885361,0.47018074190632453,0.23331756425532152,0.296501693838354,H,2026-07-24T22:41:03.808929+00:00
559417,FL1,61,2025,34,2027-05-29 12:00:00+00:00,512,546,106.0,116.0,1.6836780955017454,1.967563526302069,0.3328065520271573,0.22081604826242382,0.446377399710419,A,2026-07-24T22:41:03.830649+00:00
559418,FL1,61,2025,34,2027-05-29 12:00:00+00:00,516,525,81.0,97.0,2.1997079191845104,1.735983076185,0.4840196502698417,0.20928734733022003,0.30669300239993835,H,2026-07-24T22:41:03.850580+00:00
559419,FL1,61,2025,34,2027-05-29 12:00:00+00:00,529,532,94.0,77.0,1.8589014965990227,1.748219067282418,0.4103267465359727,0.22401703843108153,0.36565621503294593,H,2026-07-24T22:41:03.873845+00:00
559420,FL1,61,2025,34,2027-05-29 12:00:00+00:00,523,1045,80.0,114.0,1.8935929225094223,1.8434418853882804,0.3999277569861576,0.22001018504393433,0.380062057969908,H,2026-07-24T22:41:03.893010+00:00
559422,FL1,61,2025,34,2027-05-29 12:00:00+00:00,576,522,95.0,84.0,1.7336757820730804,2.0429327507139776,0.3310155206668594,0.21653794673663765,0.45244653259650297,A,2026-07-24T22:41:03.913443+00:00
558214,DED,88,2025,1,2026-08-07 18:00:00+00:00,1909,670,420.0,196.0,1.6237716719707382,1.4954506479649967,0.4064443912515439,0.2428993230015425,0.35065628574691354,H,2026-07-24T22:41:03.932856+00:00
558215,DED,88,2025,1,2026-08-08 14:30:00+00:00,1915,1912,413.0,427.0,1.4661311642359056,1.7378959316660505,0.32311234353514356,0.23744599185921741,0.4394416646056391,A,2026-07-24T22:41:03.953462+00:00
558216,DED,88,2025,1,2026-08-08 16:45:00+00:00,718,672,410.0,195.0,1.833812841474677,1.4884187933835609,0.45678172386786575,0.2313672077081292,0.311851068424005,H,2026-07-24T22:41:03.972599+00:00
558217,DED,88,2025,1,2026-08-08 18:00:00+00:00,674,1920,197.0,205.0,2.329352527035057,1.3576331917634157,0.5884054455010697,0.1989888359657639,0.21260571853316643,H,2026-07-24T22:41:03.993412+00:00
558218,DED,88,2025,1,2026-08-08 19:00:00+00:00,682,680,201.0,198.0,1.9843848499452759,1.1911641770167212,0.5560371911927728,0.22191363974970008,0.22204916905752695,H,2026-07-24T22:41:04.012578+00:00
558219,DED,88,2025,1,2026-08-09 10:15:00+00:00,6806,675,426.0,209.0,1.4534008251085808,1.8229995162564188,0.30563982222451525,0.23264071259522384,0.461719465180261,A,2026-07-24T22:41:04.033562+00:00
558220,DED,88,2025,1,2026-08-09 12:30:00+00:00,677,676,202.0,207.0,1.5060459094577536,1.7497093111414739,0.3303632386178759,0.2357520514966375,0.43388470988548655,A,2026-07-24T22:41:04.052797+00:00
558221,DED,88,2025,1,2026-08-09 12:30:00+00:00,684,678,193.0,194.0,1.4310741669224405,1.8297281103857634,0.29939535280122986,0.2325950582438095,0.4680095889549605,A,2026-07-24T22:41:04.074560+00:00
558222,DED,88,2025,1,2026-08-09 14:45:00+00:00,673,666,210.0,415.0,1.5340703703635703,1.7771357745752425,0.33203433970597385,0.23354128516754422,0.4344243751264819,A,2026-07-24T22:41:04.095023+00:00
558223,DED,88,2025,2,2026-08-14 18:00:00+00:00,1912,6806,427.0,426.0,1.8341868037013391,1.3583610337827334,0.4847965791270697,0.2332811345211565,0.28192228635177385,H,2026-07-24T22:41:04.115891+00:00
558224,DED,88,2025,2,2026-08-15 14:30:00+00:00,672,1915,195.0,413.0,1.5010790103353822,1.671223317650232,0.3432537929227455,0.24017474801755434,0.41657145905970006,A,2026-07-24T22:41:04.136327+00:00
558225,DED,88,2025,2,2026-08-15 16:45:00+00:00,676,682,207.0,201.0,1.6631546799536556,1.6854776626347752,0.3784319471562666,0.23376640712162874,0.3878016457221047,A,2026-07-24T22:41:04.155713+00:00
558226,DED,88,2025,2,2026-08-15 18:00:00+00:00,670,674,196.0,197.0,1.4243925933100687,2.321651508390855,0.22673194051892537,0.20078657202917422,0.5724814874519005,A,2026-07-24T22:41:04.175842+00:00
558227,DED,88,2025,2,2026-08-15 19:00:00+00:00,1920,1909,205.0,420.0,1.5315674099016934,1.4784074124812208,0.38756212131411194,0.24840919990457033,0.36402867878131784,H,2026-07-24T22:41:04.195380+00:00
558228,DED,88,2025,2,2026-08-16 10:15:00+00:00,680,677,198.0,202.0,1.339729339292303,1.605578399888637,0.3160707378440354,0.24924044563186168,0.434688816524103,A,2026-07-24T22:41:04.215657+00:00
558229,DED,88,2025,2,2026-08-16 12:30:00+00:00,675,718,209.0,410.0,1.986379685235551,1.528988330630592,0.4819402852508219,0.2219693370611271,0.296090377688051,H,2026-07-24T22:41:04.235054+00:00
558230,DED,88,2025,2,2026-08-16 12:30:00+00:00,666,684,415.0,193.0,1.8074205885193841,1.5407115209318474,0.43995567433466165,0.23175694340452982,0.32828738226080845,H,2026-07-24T22:41:04.255230+00:00
558231,DED,88,2025,2,2026-08-16 14:45:00+00:00,678,673,194.0,210.0,2.0225945893014763,1.380209909299765,0.5216118219049721,0.22027837559824628,0.25810980249678145,H,2026-07-24T22:41:04.274813+00:00
558232,DED,88,2025,3,2026-08-22 14:30:00+00:00,1920,682,205.0,201.0,1.4359842131710832,1.8015564251320002,0.30520373316530713,0.23426918455316725,0.4605270822815256,A,2026-07-24T22:41:04.295143+00:00
558234,DED,88,2025,3,2026-08-22 16:45:00+00:00,6806,676,426.0,207.0,1.5419384799743359,1.692455153296657,0.3490087510630391,0.2377346147246157,0.41325663421234515,A,2026-07-24T22:41:04.314946+00:00
558233,DED,88,2025,3,2026-08-22 18:00:00+00:00,1915,670,413.0,196.0,1.8687053680154424,1.5790297118495198,0.44586472308621594,0.2276874881846124,0.32644778872917163,H,2026-07-24T22:41:04.335284+00:00
558235,DED,88,2025,3,2026-08-22 19:00:00+00:00,673,684,210.0,193.0,1.5907040440235882,1.6351793137174826,0.3711287753294511,0.23871831810123373,0.3901529065693152,A,2026-07-24T22:41:04.354683+00:00
558236,DED,88,2025,3,2026-08-23 10:15:00+00:00,718,680,410.0,198.0,1.8643095000133512,1.3009061973485283,0.5043997055918,0.23160715739771554,0.26399313701048444,H,2026-07-24T22:41:04.376999+00:00
558237,DED,88,2025,3,2026-08-23 12:30:00+00:00,674,677,197.0,202.0,2.316994776164473,1.393817846641781,0.5781904067454346,0.20054747798367015,0.22126211527089518,H,2026-07-24T22:41:04.396686+00:00
558238,DED,88,2025,3,2026-08-23 14:45:00+00:00,1909,675,420.0,209.0,1.3358086996992597,1.770535586490662,0.286937027970154,0.23799219933811144,0.47507077269173464,A,2026-07-24T22:41:04.417916+00:00
558241,DED,88,2025,4,2026-08-28 18:00:00+00:00,677,1920,202.0,205.0,1.6431347050161742,1.5441464305902564,0.40123160410728537,0.24012282903990764,0.35864556685280696,H,2026-07-24T22:41:04.437102+00:00
558242,DED,88,2025,4,2026-08-29 14:30:00+00:00,670,6806,196.0,426.0,1.616293255619502,1.719270531162141,0.3613587011078624,0.23398897373265523,0.4046523251594823,A,2026-07-24T22:41:04.457495+00:00
558243,DED,88,2025,4,2026-08-29 16:45:00+00:00,682,718,201.0,410.0,1.8491347791840003,1.5562771169468006,0.44615394990108426,0.2291840214347688,0.3246620286641469,H,2026-07-24T22:41:04.476680+00:00
558244,DED,88,2025,4,2026-08-29 19:00:00+00:00,684,1915,193.0,413.0,1.590019787306153,1.6563506812503384,0.3669667406158162,0.23778670455194478,0.39524655483223897,A,2026-07-24T22:41:04.497119+00:00
558245,DED,88,2025,4,2026-08-30 10:15:00+00:00,676,674,207.0,197.0,1.5668168381771226,2.0678080714016733,0.29158651312104944,0.21706657977781976,0.4913469071011308,A,2026-07-24T22:41:04.516191+00:00
558246,DED,88,2025,4,2026-08-30 12:30:00+00:00,672,673,195.0,210.0,1.6159184759036438,1.570260378613425,0.3896214413553199,0.24040895453394703,0.36996960411073315,H,2026-07-24T22:41:04.538282+00:00
558247,DED,88,2025,4,2026-08-30 12:30:00+00:00,675,680,209.0,198.0,2.1473226215593884,1.1954045505851836,0.5890858662554275,0.2088607099738953,0.20205342377067734,H,2026-07-24T22:41:04.557499+00:00
558248,DED,88,2025,4,2026-08-30 14:45:00+00:00,1912,678,427.0,194.0,1.665436663032904,1.6039706487884104,0.3946300266145213,0.2368527104810655,0.3685172629044133,H,2026-07-24T22:41:04.579372+00:00
558249,DED,88,2025,4,2026-08-30 18:00:00+00:00,1909,666,420.0,415.0,1.45400308168251,1.6202083069269213,0.3413372389401762,0.24457747070895294,0.4140852903508708,A,2026-07-24T22:41:04.600035+00:00
558250,DED,88,2025,5,2026-09-04 18:00:00+00:00,6806,684,426.0,193.0,1.642876921213471,1.5407215148146536,0.4018556057276561,0.24026174580769621,0.35788264846464773,H,2026-07-24T22:41:04.620734+00:00
558251,DED,88,2025,5,2026-09-05 14:30:00+00:00,1915,675,413.0,209.0,1.5353670337997072,1.867689889133824,0.3168129568442516,0.22858283107302524,0.45460421208272306,A,2026-07-24T22:41:04.640957+00:00
558252,DED,88,2025,5,2026-09-05 16:45:00+00:00,676,718,207.0,410.0,1.8234542845210653,1.6169076100852589,0.4281380526633414,0.2290906501136018,0.34277129722305677,H,2026-07-24T22:41:04.660449+00:00
558253,DED,88,2025,5,2026-09-05 18:00:00+00:00,678,674,194.0,197.0,1.6675988689514762,1.9501143248305473,0.33224408691424706,0.2219298477068323,0.44582606537892067,A,2026-07-24T22:41:04.680692+00:00
558254,DED,88,2025,5,2026-09-05 19:00:00+00:00,672,670,195.0,196.0,1.6856533450960842,1.658991663338091,0.3886402339355538,0.2339170711000265,0.3774426949644197,H,2026-07-24T22:41:04.700112+00:00
558255,DED,88,2025,5,2026-09-06 10:15:00+00:00,677,666,202.0,415.0,1.5563047918146224,1.7607918481784064,0.34003623174751785,0.2338117754982282,0.42615199275425397,A,2026-07-24T22:41:04.720197+00:00
558256,DED,88,2025,5,2026-09-06 12:30:00+00:00,673,682,210.0,201.0,1.4541140663486936,1.8468238856263985,0.30185769799708684,0.2311744214346196,0.4669678805682935,A,2026-07-24T22:41:04.741055+00:00
558257,DED,88,2025,5,2026-09-06 12:30:00+00:00,1912,1909,427.0,420.0,1.8518439892318752,1.2708343581401615,0.5083463849747325,0.23267960020362838,0.25897401482163906,H,2026-07-24T22:41:04.761256+00:00
558258,DED,88,2025,5,2026-09-06 14:45:00+00:00,680,1920,198.0,205.0,1.3566490528589739,1.5983816447973345,0.32153814974533923,0.24918514668269615,0.42927670357196446,A,2026-07-24T22:41:04.780677+00:00
558239,DED,88,2025,3,2026-09-09 16:45:00+00:00,666,1912,415.0,427.0,1.5509004028991076,1.7798289520922428,0.335430025007619,0.23296946120480747,0.43160051378757336,A,2026-07-24T22:41:04.801344+00:00
558899,DED,88,2025,6,2026-09-11 18:00:00+00:00,682,672,201.0,195.0,1.971513049746679,1.4031408199170379,0.5055905151881502,0.2236924499247487,0.27071703488710114,H,2026-07-24T22:41:04.821621+00:00
558898,DED,88,2025,6,2026-09-12 14:30:00+00:00,666,680,415.0,198.0,1.9480847447285945,1.286063321120961,0.5264218209640856,0.22540969250889958,0.24816848652701484,H,2026-07-24T22:41:04.842594+00:00
558897,DED,88,2025,6,2026-09-12 16:45:00+00:00,718,677,410.0,202.0,1.7717556996601123,1.576739573299221,0.4245263552773643,0.23269219734207108,0.3427814473805648,H,2026-07-24T22:41:04.862100+00:00
558896,DED,88,2025,6,2026-09-12 18:00:00+00:00,1920,678,205.0,194.0,1.3880608755817803,1.9084277985953666,0.27701466614812736,0.22797413210926423,0.4950112017426083,A,2026-07-24T22:41:04.883445+00:00
558895,DED,88,2025,6,2026-09-12 19:00:00+00:00,673,1912,210.0,427.0,1.3648886674181668,1.8857473782156673,0.27529567053489573,0.22967995148109566,0.4950243779840087,A,2026-07-24T22:41:04.903230+00:00
558894,DED,88,2025,6,2026-09-13 10:15:00+00:00,670,676,196.0,207.0,1.5749915599007174,1.9217903407884342,0.3166474541282418,0.2249643641947705,0.4583881816769877,A,2026-07-24T22:41:04.924402+00:00
558892,DED,88,2025,6,2026-09-13 12:30:00+00:00,1909,1915,420.0,413.0,1.4633580814454485,1.5606018230242436,0.3547702357751191,0.24751942149513567,0.39771034272974526,A,2026-07-24T22:41:04.945208+00:00
558893,DED,88,2025,6,2026-09-13 12:30:00+00:00,674,6806,197.0,426.0,2.2214611615543824,1.4362369855125985,0.550405674821131,0.20744336570673458,0.24215095947213455,H,2026-07-24T22:41:04.965709+00:00
558891,DED,88,2025,6,2026-09-13 14:45:00+00:00,684,675,193.0,209.0,1.4616684994334126,1.9212021883184573,0.2915315440033104,0.2265095175258388,0.48195893847085064,A,2026-07-24T22:41:04.984879+00:00
558240,DED,88,2025,3,2026-09-15 18:00:00+00:00,678,672,194.0,195.0,2.0659258693185105,1.3677064998484376,0.5335427913795039,0.2172641028298732,0.24919310579062298,H,2026-07-24T22:41:05.005712+00:00
558888,DED,88,2025,7,2026-09-18 18:00:00+00:00,677,684,202.0,193.0,1.613503583637421,1.6193321401435865,0.3795123356743362,0.23848470669392335,0.38200295763174047,A,2026-07-24T22:41:05.024869+00:00
558889,DED,88,2025,7,2026-09-19 14:30:00+00:00,680,1909,198.0,420.0,1.2950409698686758,1.5383363165954347,0.31701127912785515,0.2553331359381174,0.42765558493402733,A,2026-07-24T22:41:05.045296+00:00
558890,DED,88,2025,7,2026-09-19 16:45:00+00:00,6806,673,426.0,210.0,1.7165764864982342,1.5147429555370304,0.4244097958062743,0.23731584530752822,0.33827435888619756,H,2026-07-24T22:41:05.064609+00:00
558887,DED,88,2025,7,2026-09-19 18:00:00+00:00,678,670,194.0,196.0,2.1225600917863927,1.4828010434362353,0.5204026565121038,0.21399937989448006,0.2655979635934159,H,2026-07-24T22:41:05.086632+00:00
558886,DED,88,2025,7,2026-09-19 19:00:00+00:00,672,1920,195.0,205.0,1.593235230101894,1.5761993624717185,0.38308049504449204,0.24119132154069703,0.37572818341481096,H,2026-07-24T22:41:05.105637+00:00
558885,DED,88,2025,7,2026-09-20 10:15:00+00:00,675,676,209.0,207.0,1.8924736253054044,1.6317056577272808,0.4404672416254092,0.225405046074034,0.3341277123005569,H,2026-07-24T22:41:05.125787+00:00
558883,DED,88,2025,7,2026-09-20 12:30:00+00:00,1915,718,413.0,410.0,1.7224182431855009,1.6611916771357051,0.39662253645149054,0.23231398040658482,0.37106348314192467,H,2026-07-24T22:41:05.145504+00:00
558884,DED,88,2025,7,2026-09-20 12:30:00+00:00,682,1912,201.0,427.0,1.5944206124158793,1.693673399451055,0.3610278100212609,0.23590968771105636,0.40306250226768275,A,2026-07-24T22:41:05.165702+00:00
558882,DED,88,2025,7,2026-09-20 14:45:00+00:00,666,674,415.0,197.0,1.5577901585912493,2.142175469763981,0.2784889909183332,0.21289045134944157,0.508620557732225,A,2026-07-24T22:41:05.185422+00:00
558881,DED,88,2025,8,2026-10-10 14:30:00+00:00,674,673,197.0,210.0,2.40375486892863,1.4225842242155207,0.5883017519912564,0.1954386208239622,0.21625962718478134,H,2026-07-24T22:41:05.204393+00:00
558879,DED,88,2025,8,2026-10-10 16:45:00+00:00,675,682,209.0,201.0,1.8399198407078583,1.6695978155018139,0.4213705064590379,0.22696165722110814,0.351667836319854,H,2026-07-24T22:41:05.224177+00:00
558880,DED,88,2025,8,2026-10-10 16:45:00+00:00,718,6806,410.0,426.0,1.7016116739737865,1.6318817029210906,0.39754707667762224,0.2342371106108239,0.3682158127115537,H,2026-07-24T22:41:05.243216+00:00
558877,DED,88,2025,8,2026-10-10 19:00:00+00:00,1920,666,205.0,415.0,1.5389456787345446,1.8173878515880777,0.3261657267390242,0.2312602123648123,0.4425740608961634,A,2026-07-24T22:41:05.262917+00:00
558878,DED,88,2025,8,2026-10-10 19:00:00+00:00,678,1915,194.0,413.0,1.9052190589978792,1.532618890438777,0.4634962150348795,0.22653835517130988,0.30996542979381053,H,2026-07-24T22:41:05.281876+00:00
558876,DED,88,2025,8,2026-10-11 10:15:00+00:00,676,672,207.0,195.0,1.9531737173378623,1.4778728411249025,0.4855222804927726,0.22439816851745906,0.2900795509897684,H,2026-07-24T22:41:05.301715+00:00
558874,DED,88,2025,8,2026-10-11 12:30:00+00:00,684,1909,193.0,420.0,1.608828911345404,1.4985723652646004,0.4022323711003483,0.24356800183159585,0.35419962706805586,H,2026-07-24T22:41:05.320664+00:00
558875,DED,88,2025,8,2026-10-11 12:30:00+00:00,1912,680,427.0,198.0,2.054273100876576,1.156041631544275,0.5790650305120215,0.21561297569572388,0.2053219937922546,H,2026-07-24T22:41:05.340313+00:00
558873,DED,88,2025,8,2026-10-11 14:45:00+00:00,670,677,196.0,202.0,1.7074758016933638,1.7347822569303157,0.3792609753327536,0.23017857176386444,0.3905604529033818,A,2026-07-24T22:41:05.359210+00:00
558872,DED,88,2025,9,2026-10-16 18:00:00+00:00,673,670,210.0,196.0,1.7458096659575508,1.7338685345245255,0.38804876071660427,0.22881611105789815,0.38313512822549756,H,2026-07-24T22:41:05.380245+00:00
558871,DED,88,2025,9,2026-10-17 14:30:00+00:00,680,674,198.0,197.0,1.146588408435378,2.3107643962857125,0.1735728021898624,0.19448484796743654,0.6319423498427011,A,2026-07-24T22:41:05.399174+00:00
558870,DED,88,2025,9,2026-10-17 16:45:00+00:00,1915,1920,413.0,205.0,1.7812193105229381,1.5391840433483626,0.4343099190862195,0.23319450720507925,0.33249557370870136,H,2026-07-24T22:41:05.420254+00:00
558869,DED,88,2025,9,2026-10-17 18:00:00+00:00,1912,675,427.0,209.0,1.705764563923386,1.6973345705153757,0.3859185701880934,0.23167202287082944,0.3824094069410772,H,2026-07-24T22:41:05.440003+00:00
558868,DED,88,2025,9,2026-10-17 19:00:00+00:00,6806,672,426.0,195.0,1.7524604783315907,1.4991122823138887,0.4359540542868435,0.23577843991256545,0.3282675058005911,H,2026-07-24T22:41:05.461257+00:00
558867,DED,88,2025,9,2026-10-18 10:15:00+00:00,684,718,193.0,410.0,1.646143669128352,1.72954915446322,0.36630826393310284,0.23252786993371385,0.40116386613318306,A,2026-07-24T22:41:05.480435+00:00
558865,DED,88,2025,9,2026-10-18 12:30:00+00:00,1909,682,420.0,201.0,1.3842178900273394,1.7051839338575627,0.3094006709026944,0.24146084196262718,0.4491384871346785,A,2026-07-24T22:41:05.500505+00:00
558866,DED,88,2025,9,2026-10-18 12:30:00+00:00,666,676,415.0,207.0,1.7227070324944875,1.773034067937597,0.37558713633246765,0.22816828894572833,0.39624457472180413,A,2026-07-24T22:41:05.519261+00:00
558864,DED,88,2025,9,2026-10-18 14:45:00+00:00,677,678,202.0,194.0,1.4238848245482245,1.9302690424264421,0.28165819658346813,0.22627657052101335,0.49206523289551857,A,2026-07-24T22:41:05.540244+00:00
558863,DED,88,2025,10,2026-10-23 18:00:00+00:00,718,1912,410.0,427.0,1.5042172096177706,1.8728538287072949,0.3089315602924445,0.22882835679535252,0.462240082912203,A,2026-07-24T22:41:05.558988+00:00
558862,DED,88,2025,10,2026-10-24 14:30:00+00:00,676,684,207.0,193.0,1.85194220825999,1.5718270021665535,0.44360214525588054,0.22871052092241592,0.32768733382170345,H,2026-07-24T22:41:05.579080+00:00
558861,DED,88,2025,10,2026-10-24 16:45:00+00:00,672,1909,195.0,420.0,1.5273130060644482,1.5374084535253716,0.3748285613579835,0.2459126227846606,0.3792588158573559,A,2026-07-24T22:41:05.599285+00:00
558860,DED,88,2025,10,2026-10-24 19:00:00+00:00,680,673,198.0,210.0,1.3951609697476903,1.660311454759907,0.3198714073667525,0.24404470057198718,0.43608389206126036,A,2026-07-24T22:41:05.619174+00:00
558859,DED,88,2025,10,2026-10-25 11:15:00+00:00,1920,670,205.0,196.0,1.7322913056188045,1.716061882861131,0.3883722107461586,0.22996529846349237,0.381662490790349,H,2026-07-24T22:41:05.637808+00:00
558857,DED,88,2025,10,2026-10-25 13:30:00+00:00,1915,677,413.0,202.0,1.7693221831649535,1.573739256818971,0.42457642076245417,0.23289705274257683,0.342526526494969,H,2026-07-24T22:41:05.657805+00:00
558858,DED,88,2025,10,2026-10-25 13:30:00+00:00,674,675,197.0,209.0,2.0558878937772627,1.7713760604679307,0.44778866552919644,0.21537999001518654,0.336831344455617,H,2026-07-24T22:41:05.677451+00:00
558856,DED,88,2025,10,2026-10-25 15:45:00+00:00,6806,678,426.0,194.0,1.4559333137762605,1.8599348220630767,0.30012020059097083,0.23034420611891537,0.46953559329011374,A,2026-07-24T22:41:05.696272+00:00
558855,DED,88,2025,10,2026-10-25 19:00:00+00:00,682,666,201.0,415.0,1.8188138231411193,1.6655606850522688,0.4174772281912589,0.22801127775700353,0.35451149405173776,H,2026-07-24T22:41:05.715830+00:00
558854,DED,88,2025,11,2026-10-31 15:30:00+00:00,675,1920,209.0,205.0,2.075256900813093,1.4597898285034752,0.5154917821576287,0.2169150831093916,0.26759313473297974,H,2026-07-24T22:41:05.734604+00:00
558852,DED,88,2025,11,2026-10-31 17:45:00+00:00,673,1915,210.0,413.0,1.5659906003694635,1.785771560593268,0.3378417878695896,0.23227108649660888,0.42988712563380155,A,2026-07-24T22:41:05.754426+00:00
558853,DED,88,2025,11,2026-10-31 17:45:00+00:00,674,672,197.0,195.0,2.4508854441905763,1.401994750602589,0.6013286326851593,0.1919115418674701,0.2067598254473705,H,2026-07-24T22:41:05.773451+00:00
558850,DED,88,2025,11,2026-10-31 20:00:00+00:00,1909,718,420.0,410.0,1.5144645147035036,1.6281284517306769,0.35439354774233484,0.2419732243219907,0.40363322793567447,A,2026-07-24T22:41:05.793081+00:00
558851,DED,88,2025,11,2026-10-31 20:00:00+00:00,678,682,194.0,201.0,1.796229846766122,1.6603067076302294,0.413463702146748,0.22916182002051022,0.3573744778327416,H,2026-07-24T22:41:05.812480+00:00
558849,DED,88,2025,11,2026-11-01 11:15:00+00:00,684,680,193.0,198.0,1.7788600109194517,1.3508408725406904,0.4737033023910774,0.2371852979740341,0.28911139963488863,H,2026-07-24T22:41:05.832444+00:00
558848,DED,88,2025,11,2026-11-01 13:30:00+00:00,1912,676,427.0,207.0,1.8107673410293221,1.5775123134153177,0.4332112359938258,0.23070360495391287,0.3360851590522614,H,2026-07-24T22:41:05.851881+00:00
558847,DED,88,2025,11,2026-11-01 13:30:00+00:00,670,666,196.0,415.0,1.6347112688840864,1.959349191289465,0.3235439087010222,0.22205537380138163,0.45440071749759614,A,2026-07-24T22:41:05.871457+00:00
558846,DED,88,2025,11,2026-11-01 15:45:00+00:00,677,6806,202.0,426.0,1.5770515593609573,1.663277458821075,0.3626303365646657,0.23794697883094887,0.3994226846043854,A,2026-07-24T22:41:05.890413+00:00
558845,DED,88,2025,12,2026-11-06 19:00:00+00:00,672,684,195.0,193.0,1.5731873205140634,1.68049042696208,0.3585231511446356,0.23726962229405754,0.4042072265613067,A,2026-07-24T22:41:05.911214+00:00
558844,DED,88,2025,12,2026-11-07 15:30:00+00:00,1920,1912,205.0,427.0,1.3674491237849848,1.9210618456251527,0.2704289282077724,0.2272409594278057,0.5023301123644218,A,2026-07-24T22:41:05.929875+00:00
558841,DED,88,2025,12,2026-11-07 17:45:00+00:00,680,6806,198.0,426.0,1.3016950604055522,1.7189034862800883,0.28731534057573777,0.24222998200485502,0.47045467741940705,A,2026-07-24T22:41:05.950633+00:00
558842,DED,88,2025,12,2026-11-07 19:00:00+00:00,1909,674,420.0,197.0,1.3059808933537669,2.09925234057769,0.23142000503704435,0.21437859714030694,0.5542013978226488,A,2026-07-24T22:41:05.969949+00:00
558843,DED,88,2025,12,2026-11-07 20:00:00+00:00,670,718,196.0,410.0,1.6835832631273155,1.9027011460364405,0.34380214009633886,0.22379761049627472,0.4324002494073864,A,2026-07-24T22:41:05.991034+00:00
558840,DED,88,2025,12,2026-11-08 11:15:00+00:00,673,675,210.0,209.0,1.4375590633074906,2.062916462668443,0.26463336623680056,0.21768429135369613,0.5176823424095033,A,2026-07-24T22:41:06.010005+00:00
558838,DED,88,2025,12,2026-11-08 13:30:00+00:00,676,1915,207.0,413.0,1.8025879553129058,1.659679914229555,0.4150092173672978,0.22889829495511088,0.35609248767759133,H,2026-07-24T22:41:06.030384+00:00
558839,DED,88,2025,12,2026-11-08 13:30:00+00:00,666,678,415.0,194.0,1.6120840212922105,1.8980885498931614,0.3288281170580176,0.22552599091309888,0.44564589202888355,A,2026-07-24T22:41:06.049701+00:00
558837,DED,88,2025,12,2026-11-08 15:45:00+00:00,682,677,201.0,202.0,1.913659072250687,1.5071112285143964,0.47068413645204005,0.2264217483815269,0.302894115166433,H,2026-07-24T22:41:06.070344+00:00
558828,DED,88,2025,13,2026-11-22 16:00:00+00:00,666,672,415.0,195.0,1.9502747077857552,1.550290980635184,0.4696929208864813,0.22377370044157607,0.3065333786719428,H,2026-07-24T22:41:06.089331+00:00
558829,DED,88,2025,13,2026-11-22 16:00:00+00:00,718,1920,410.0,205.0,1.8127544334060635,1.6180864253076364,0.42550626553900867,0.2295738558540041,0.34491987860698736,H,2026-07-24T22:41:06.109773+00:00
558830,DED,88,2025,13,2026-11-22 16:00:00+00:00,6806,682,426.0,201.0,1.5214735039197524,1.8094867371563157,0.3235343345789623,0.2320789410165024,0.4443867244045352,A,2026-07-24T22:41:06.129016+00:00
558831,DED,88,2025,13,2026-11-22 16:00:00+00:00,675,670,209.0,196.0,2.212869152375192,1.5703894839105188,0.5202855132698989,0.20887539381569958,0.2708390929144015,H,2026-07-24T22:41:06.149312+00:00
558832,DED,88,2025,13,2026-11-22 16:00:00+00:00,1912,684,427.0,193.0,1.9330596386844985,1.4434322067554421,0.4884709882240441,0.2259421896737982,0.28558682210215774,H,2026-07-24T22:41:06.169022+00:00
558833,DED,88,2025,13,2026-11-22 16:00:00+00:00,1915,674,413.0,197.0,1.5014966745535834,2.217512668231814,0.2560563577625434,0.20826786401178488,0.5356757782256718,A,2026-07-24T22:41:06.189656+00:00
558834,DED,88,2025,13,2026-11-22 16:00:00+00:00,677,673,202.0,210.0,1.703190084166362,1.6412938265202088,0.3960799477580918,0.2338333698454544,0.37008668239645387,H,2026-07-24T22:41:06.209704+00:00
558835,DED,88,2025,13,2026-11-22 16:00:00+00:00,676,1909,207.0,420.0,1.8133046221874416,1.4756320280790955,0.4548150763598144,0.23281166677069573,0.3123732568694899,H,2026-07-24T22:41:06.229137+00:00
558836,DED,88,2025,13,2026-11-22 16:00:00+00:00,678,680,194.0,198.0,2.1235250036061264,1.2349668157889986,0.575219789061167,0.21151479243302038,0.21326541850581254,H,2026-07-24T22:41:06.250618+00:00
558819,DED,88,2025,14,2026-11-29 16:00:00+00:00,1909,6806,420.0,426.0,1.483804515464874,1.5634074017887012,0.3592259582305506,0.24652527743076227,0.3942487643386872,A,2026-07-24T22:41:06.269532+00:00
558820,DED,88,2025,14,2026-11-29 16:00:00+00:00,677,672,202.0,195.0,1.7312846188998443,1.6035348817557367,0.4099252531743121,0.2338528679245535,0.3562218789011344,H,2026-07-24T22:41:06.289377+00:00
558821,DED,88,2025,14,2026-11-29 16:00:00+00:00,1920,673,205.0,210.0,1.6747299202934007,1.6658496954542616,0.3848182057038974,0.2340955690277177,0.38108622526838487,H,2026-07-24T22:41:06.308303+00:00
558822,DED,88,2025,14,2026-11-29 16:00:00+00:00,1915,666,413.0,415.0,1.698765615443331,1.792338300423825,0.3667030339078858,0.2281674200311033,0.4051295460610111,A,2026-07-24T22:41:06.328611+00:00
558823,DED,88,2025,14,2026-11-29 16:00:00+00:00,684,682,193.0,201.0,1.5213602261534382,1.8742693064318077,0.31256045776347724,0.2284622215964503,0.45897732064007246,A,2026-07-24T22:41:06.347953+00:00
558824,DED,88,2025,14,2026-11-29 16:00:00+00:00,675,678,209.0,194.0,1.7885988600479517,1.7999093117822957,0.385227629348655,0.22496547149664775,0.38980689915469713,A,2026-07-24T22:41:06.367892+00:00
558825,DED,88,2025,14,2026-11-29 16:00:00+00:00,670,1912,196.0,427.0,1.452277242816334,2.07165683599561,0.26651230123014746,0.2171381066715614,0.5163495920982912,A,2026-07-24T22:41:06.386993+00:00
558826,DED,88,2025,14,2026-11-29 16:00:00+00:00,674,718,197.0,410.0,2.3180150265690647,1.59533167355121,0.5357428599241547,0.20307721776243962,0.2611799223134055,H,2026-07-24T22:41:06.407899+00:00
558827,DED,88,2025,14,2026-11-29 16:00:00+00:00,680,676,198.0,207.0,1.2705052611891747,1.929769857882627,0.24733822969702585,0.22675711422097733,0.5259046560819969,A,2026-07-24T22:41:06.426891+00:00
558810,DED,88,2025,15,2026-12-06 16:00:00+00:00,680,670,198.0,196.0,1.4659809741236978,1.7940373703147554,0.3134101914078375,0.23414437464382656,0.45244543394833575,A,2026-07-24T22:41:06.447984+00:00
558811,DED,88,2025,15,2026-12-06 16:00:00+00:00,678,676,194.0,207.0,1.8689113170313438,1.679201805637412,0.42587652355749045,0.22542048652644514,0.3487029899160644,H,2026-07-24T22:41:06.466698+00:00
558812,DED,88,2025,15,2026-12-06 16:00:00+00:00,1912,677,427.0,202.0,1.9664957822167246,1.4308585237158569,0.4984911510367613,0.22390025017171317,0.2776085987915255,H,2026-07-24T22:41:06.487711+00:00
558813,DED,88,2025,15,2026-12-06 16:00:00+00:00,1920,684,205.0,193.0,1.6100889356894286,1.7173954195947145,0.3602749496390336,0.23428198250191587,0.4054430678590505,A,2026-07-24T22:41:06.507234+00:00
558814,DED,88,2025,15,2026-12-06 16:00:00+00:00,682,674,201.0,197.0,1.6233516801233918,2.1226590741054774,0.29514927142532377,0.21377065710792226,0.49108007146675403,A,2026-07-24T22:41:06.528664+00:00
558815,DED,88,2025,15,2026-12-06 16:00:00+00:00,673,1909,210.0,420.0,1.582305020350307,1.60860877224147,0.3742192377910988,0.24024787245470003,0.3855328897542014,A,2026-07-24T22:41:06.547491+00:00
558816,DED,88,2025,15,2026-12-06 16:00:00+00:00,672,675,195.0,209.0,1.408005653822546,2.059042842655917,0.25884149292400943,0.21788699079877943,0.5232715162772111,A,2026-07-24T22:41:06.567408+00:00
558817,DED,88,2025,15,2026-12-06 16:00:00+00:00,6806,1915,426.0,413.0,1.6249451494529656,1.7061420805699798,0.3657763297586008,0.23428216071420127,0.39994150952719776,A,2026-07-24T22:41:06.587908+00:00
558818,DED,88,2025,15,2026-12-06 16:00:00+00:00,718,666,410.0,415.0,1.7185680215035404,1.851463597753849,0.3604679313620371,0.22514372909260513,0.4143883395453578,A,2026-07-24T22:41:06.607905+00:00
558801,DED,88,2025,16,2026-12-13 16:00:00+00:00,678,1909,194.0,420.0,1.9362697667483653,1.4049071403481947,0.49749815966192434,0.2260139171684827,0.27648792316959303,H,2026-07-24T22:41:06.626530+00:00
558802,DED,88,2025,16,2026-12-13 16:00:00+00:00,684,670,193.0,196.0,1.817191340737516,1.7315802948128525,0.4043516486329923,0.22615427538514926,0.3694940759818584,H,2026-07-24T22:41:06.646664+00:00
558803,DED,88,2025,16,2026-12-13 16:00:00+00:00,677,675,202.0,209.0,1.4605476126784582,2.0531664169750785,0.2710136632547233,0.21830326471379768,0.510683072031479,A,2026-07-24T22:41:06.666365+00:00
558804,DED,88,2025,16,2026-12-13 16:00:00+00:00,676,1920,207.0,205.0,1.9138263937448532,1.5652519415034145,0.45864337243825765,0.22554944377807393,0.3158071837836685,H,2026-07-24T22:41:06.686553+00:00
558805,DED,88,2025,16,2026-12-13 16:00:00+00:00,674,1912,197.0,427.0,1.9938009542768862,1.727996043473837,0.4432322222410858,0.2188214093508256,0.33794636840808856,H,2026-07-24T22:41:06.706327+00:00
558806,DED,88,2025,16,2026-12-13 16:00:00+00:00,672,680,195.0,198.0,1.6985339055221174,1.4103723360171763,0.44196322808441657,0.24123765101105235,0.31679912090453116,H,2026-07-24T22:41:06.725220+00:00
558807,DED,88,2025,16,2026-12-13 16:00:00+00:00,682,1915,201.0,413.0,1.8438353148606628,1.6389864187436993,0.42828152167712197,0.22756629522815724,0.34415218309472084,H,2026-07-24T22:41:06.744948+00:00
558808,DED,88,2025,16,2026-12-13 16:00:00+00:00,666,6806,415.0,426.0,1.7939281001372869,1.6568378485908548,0.4136269877755546,0.2293653593186865,0.35700765290575887,H,2026-07-24T22:41:06.764382+00:00
558809,DED,88,2025,16,2026-12-13 16:00:00+00:00,673,718,210.0,410.0,1.6190169388651938,1.8572069969319807,0.3373647046878116,0.22740260984192667,0.4352326854702617,A,2026-07-24T22:41:06.784132+00:00
558792,DED,88,2025,17,2026-12-20 16:00:00+00:00,1909,677,420.0,202.0,1.560253387782028,1.5564399489276366,0.37906096534522155,0.24353769428695324,0.37740134036782513,H,2026-07-24T22:41:06.803495+00:00
558793,DED,88,2025,17,2026-12-20 16:00:00+00:00,1920,6806,205.0,426.0,1.5641276188939244,1.7320978219816845,0.3469798019405705,0.23504028397698407,0.41797991408244545,A,2026-07-24T22:41:06.824600+00:00
558794,DED,88,2025,17,2026-12-20 16:00:00+00:00,1912,672,427.0,195.0,2.05619734063037,1.3917569481251164,0.5262163724384209,0.2180309023711694,0.25575272519040965,H,2026-07-24T22:41:06.845208+00:00
558795,DED,88,2025,17,2026-12-20 16:00:00+00:00,674,684,197.0,193.0,2.3409087236009034,1.524715833778727,0.5548372701698542,0.2010586329514569,0.24410409687868875,H,2026-07-24T22:41:06.864677+00:00
558796,DED,88,2025,17,2026-12-20 16:00:00+00:00,718,678,410.0,194.0,1.5628788160707878,1.9950763646675682,0.30210271492464796,0.22114371392461502,0.476753571150737,A,2026-07-24T22:41:06.883502+00:00
558797,DED,88,2025,17,2026-12-20 16:00:00+00:00,675,666,209.0,415.0,1.9816918394630243,1.706813438586568,0.44482086664847353,0.21974825619639507,0.33543087715513126,H,2026-07-24T22:41:06.903115+00:00
558798,DED,88,2025,17,2026-12-20 16:00:00+00:00,1915,680,413.0,198.0,1.8911826580773996,1.360001062169203,0.49731699686949515,0.2293405653492753,0.2733424377812295,H,2026-07-24T22:41:06.921978+00:00
558799,DED,88,2025,17,2026-12-20 16:00:00+00:00,676,673,207.0,210.0,1.9521288093456757,1.5855090154590328,0.4628376811880445,0.22318862980300758,0.3139736890089479,H,2026-07-24T22:41:06.942718+00:00
558800,DED,88,2025,17,2026-12-20 16:00:00+00:00,670,682,196.0,201.0,1.5560662684423792,2.06307109923419,0.29001717979673775,0.2173942042647391,0.49258861593852316,A,2026-07-24T22:41:06.961359+00:00
558791,DED,88,2025,18,2027-01-08 12:00:00+00:00,666,1920,415.0,205.0,1.9045553896572132,1.6257252310231116,0.4443144730534722,0.22493481142766006,0.3307507155188676,H,2026-07-24T22:41:06.981155+00:00
558787,DED,88,2025,18,2027-01-09 12:00:00+00:00,6806,670,426.0,196.0,1.8299915062717917,1.706791624288091,0.41193559477604347,0.22636697259781163,0.36169743262614484,H,2026-07-24T22:41:07.001305+00:00
558788,DED,88,2025,18,2027-01-09 12:00:00+00:00,682,673,201.0,210.0,1.9906270909384793,1.5512557998188663,0.4782100857389351,0.22151127261943043,0.3002786416416345,H,2026-07-24T22:41:07.022095+00:00
558789,DED,88,2025,18,2027-01-09 12:00:00+00:00,672,678,195.0,194.0,1.3980484286022317,2.0456049151456717,0.25863852315077507,0.21875912758703578,0.5226023492621891,A,2026-07-24T22:41:07.041531+00:00
558790,DED,88,2025,18,2027-01-09 12:00:00+00:00,684,676,193.0,207.0,1.5842361360799098,1.901491888299241,0.322076701936782,0.22587759738976876,0.45204570067344935,A,2026-07-24T22:41:07.062086+00:00
558783,DED,88,2025,18,2027-01-10 12:00:00+00:00,675,674,209.0,197.0,1.7606431560344549,2.1475894837836647,0.31982966365064786,0.21149349895085665,0.4686768373984954,A,2026-07-24T22:41:07.080940+00:00
558784,DED,88,2025,18,2027-01-10 12:00:00+00:00,680,1912,198.0,427.0,1.1638905508802673,2.0355100544767177,0.20939329240622886,0.21731389868162918,0.573292808912142,A,2026-07-24T22:41:07.100829+00:00
558785,DED,88,2025,18,2027-01-10 12:00:00+00:00,1915,1909,413.0,420.0,1.7248251314456797,1.5476773810156141,0.4196202744647101,0.2359046858118187,0.34447503972347115,H,2026-07-24T22:41:07.123176+00:00
558786,DED,88,2025,18,2027-01-10 12:00:00+00:00,677,718,202.0,410.0,1.6425288625793597,1.8401299549737753,0.34559287840578384,0.22765120432216557,0.42675591727205053,A,2026-07-24T22:41:07.144129+00:00
558774,DED,88,2025,19,2027-01-17 12:00:00+00:00,718,682,410.0,201.0,1.633336294845647,1.9406559237084442,0.32635188478901755,0.2230072301644291,0.4506408850465535,A,2026-07-24T22:41:07.163313+00:00
558775,DED,88,2025,19,2027-01-17 12:00:00+00:00,1909,672,420.0,195.0,1.635588916459611,1.5266011965139166,0.40296208904117015,0.24114560633806334,0.3558923046207664,H,2026-07-24T22:41:07.184028+00:00
558776,DED,88,2025,19,2027-01-17 12:00:00+00:00,1912,1915,427.0,413.0,1.8973530864843775,1.562330774481684,0.45562013915529237,0.22648554605806612,0.3178943147866416,H,2026-07-24T22:41:07.204240+00:00
558777,DED,88,2025,19,2027-01-17 12:00:00+00:00,670,675,196.0,209.0,1.5273198720847643,2.2558227649638396,0.25603869077103847,0.206151461870442,0.5378098473585197,A,2026-07-24T22:41:07.223667+00:00
558778,DED,88,2025,19,2027-01-17 12:00:00+00:00,673,6806,210.0,426.0,1.5881186369371625,1.7896678874158851,0.34220458206115795,0.23149136646611407,0.42630405147272793,A,2026-07-24T22:41:07.243767+00:00
558779,DED,88,2025,19,2027-01-17 12:00:00+00:00,1920,674,205.0,197.0,1.3903536903836238,2.399975598216079,0.21050533580840727,0.19497187746459674,0.594522786726996,A,2026-07-24T22:41:07.264518+00:00
558780,DED,88,2025,19,2027-01-17 12:00:00+00:00,680,684,198.0,193.0,1.3629932576954682,1.7950324848838122,0.28931339617451807,0.23589718289684022,0.4747894209286416,A,2026-07-24T22:41:07.284669+00:00
558781,DED,88,2025,19,2027-01-17 12:00:00+00:00,678,677,194.0,202.0,2.032587895046075,1.5290580136124423,0.49180047633607893,0.21929892197216666,0.28890060169175424,H,2026-07-24T22:41:07.304087+00:00
558782,DED,88,2025,19,2027-01-17 12:00:00+00:00,676,666,207.0,415.0,1.8220212240256561,1.8137698520898116,0.38997639347219987,0.22336474042833493,0.38665886609946537,H,2026-07-24T22:41:07.324273+00:00
558765,DED,88,2025,20,2027-01-24 12:00:00+00:00,1915,672,413.0,195.0,1.8792679766895173,1.6041266742349314,0.4431105927072607,0.22663298805207543,0.3302564192406638,H,2026-07-24T22:41:07.343777+00:00
558766,DED,88,2025,20,2027-01-24 12:00:00+00:00,666,673,415.0,210.0,1.9462654707735862,1.6558674162960647,0.4473356495583704,0.22232920729208688,0.33033514314954265,H,2026-07-24T22:41:07.363468+00:00
558767,DED,88,2025,20,2027-01-24 12:00:00+00:00,674,680,197.0,198.0,2.5282600737901464,1.278782239524157,0.6415295578495828,0.18299711031350144,0.1754733318369158,H,2026-07-24T22:41:07.382423+00:00
558768,DED,88,2025,20,2027-01-24 12:00:00+00:00,678,1912,194.0,427.0,1.7125871732110578,1.778469809430668,0.37232579032872226,0.2282887062504471,0.3993855034208306,A,2026-07-24T22:41:07.402104+00:00
558769,DED,88,2025,20,2027-01-24 12:00:00+00:00,682,676,201.0,207.0,1.8031531499701479,1.7796043643172146,0.39219505602571714,0.22515207704339135,0.3826528669308914,H,2026-07-24T22:41:07.421140+00:00
558770,DED,88,2025,20,2027-01-24 12:00:00+00:00,670,1920,196.0,205.0,1.7591367500986979,1.8177630196924228,0.3754735243556293,0.2252787749217575,0.3992477007226132,A,2026-07-24T22:41:07.442006+00:00
558771,DED,88,2025,20,2027-01-24 12:00:00+00:00,6806,677,426.0,202.0,1.7154741183373943,1.6510686990186838,0.396996740418887,0.23296218847399444,0.37004107110711854,H,2026-07-24T22:41:07.460897+00:00
558772,DED,88,2025,20,2027-01-24 12:00:00+00:00,675,684,209.0,193.0,2.0645626650801256,1.5915152431506345,0.48556093666696043,0.2170833761500239,0.29735568718301575,H,2026-07-24T22:41:07.480967+00:00
558773,DED,88,2025,20,2027-01-24 12:00:00+00:00,718,1909,410.0,420.0,1.7474459468229944,1.6053555643330721,0.4132611965280196,0.23303705950373096,0.35370174396824955,H,2026-07-24T22:41:07.499799+00:00
558756,DED,88,2025,21,2027-01-31 12:00:00+00:00,680,718,198.0,410.0,1.3595030952954381,1.9193222549505182,0.26890764649297794,0.22739830167341796,0.503694051833604,A,2026-07-24T22:41:07.519706+00:00
558757,DED,88,2025,21,2027-01-31 12:00:00+00:00,673,678,210.0,194.0,1.4420606786517127,2.113662556313807,0.25826920693086497,0.21443353795681833,0.5272972551123167,A,2026-07-24T22:41:07.539475+00:00
558758,DED,88,2025,21,2027-01-31 12:00:00+00:00,684,1920,193.0,205.0,1.7296558094521655,1.680442926835353,0.39456119652049604,0.23134005557697104,0.37409874790253284,H,2026-07-24T22:41:07.561919+00:00
558759,DED,88,2025,21,2027-01-31 12:00:00+00:00,666,1909,415.0,420.0,1.8209010756821384,1.5742027439602604,0.4361642946766963,0.23026528360703938,0.3335704217162642,H,2026-07-24T22:41:07.583884+00:00
558760,DED,88,2025,21,2027-01-31 12:00:00+00:00,682,675,201.0,209.0,1.7062110843887075,1.9410516053020612,0.3421637935901668,0.2215870710839593,0.4362491353258739,A,2026-07-24T22:41:07.603770+00:00
558761,DED,88,2025,21,2027-01-31 12:00:00+00:00,672,674,195.0,197.0,1.3708206722505987,2.4123479375076764,0.2053052949957934,0.19368288465600073,0.6010118203482059,A,2026-07-24T22:41:07.622902+00:00
558762,DED,88,2025,21,2027-01-31 12:00:00+00:00,6806,1912,426.0,427.0,1.446591828655198,1.921019736332997,0.2881883165583742,0.2266707309346798,0.4851409525069461,A,2026-07-24T22:41:07.644363+00:00
558763,DED,88,2025,21,2027-01-31 12:00:00+00:00,676,670,207.0,196.0,2.051776741769799,1.7119420936884302,0.45857417013421575,0.21645039003169883,0.32497543983408533,H,2026-07-24T22:41:07.663046+00:00
558764,DED,88,2025,21,2027-01-31 12:00:00+00:00,677,1915,202.0,413.0,1.6096131267941713,1.8400060281724755,0.33824013440309825,0.2284648203837982,0.4332950452131037,A,2026-07-24T22:41:07.683502+00:00
558747,DED,88,2025,22,2027-02-14 12:00:00+00:00,1912,673,427.0,210.0,2.0490101365204043,1.479876287555802,0.5056749426475006,0.21852852867132092,0.27579652868117854,H,2026-07-24T22:41:07.704425+00:00
558748,DED,88,2025,22,2027-02-14 12:00:00+00:00,1920,680,205.0,198.0,1.7502530413135566,1.47036248708956,0.4414284174394571,0.23662143509183553,0.32195014746870737,H,2026-07-24T22:41:07.724656+00:00
558749,DED,88,2025,22,2027-02-14 12:00:00+00:00,675,1915,209.0,413.0,2.0118925801718976,1.686719540225667,0.45520075549241706,0.21868379956065973,0.3261154449469232,H,2026-07-24T22:41:07.744283+00:00
558750,DED,88,2025,22,2027-02-14 12:00:00+00:00,1909,676,420.0,207.0,1.4643865754524326,1.8146365555350024,0.30956389018435126,0.2329469802699765,0.45748912954567217,A,2026-07-24T22:41:07.763401+00:00
558751,DED,88,2025,22,2027-02-14 12:00:00+00:00,674,666,197.0,415.0,2.2891087281711187,1.728179768493956,0.5031894940440893,0.20502862115757672,0.2917818847983339,H,2026-07-24T22:41:07.783108+00:00
558752,DED,88,2025,22,2027-02-14 12:00:00+00:00,677,682,202.0,201.0,1.5157857078955335,1.985519996929076,0.2933382846006425,0.22213787099743187,0.4845238444019255,A,2026-07-24T22:41:07.802341+00:00
558753,DED,88,2025,22,2027-02-14 12:00:00+00:00,718,684,410.0,193.0,1.8030668680278779,1.7634738354157842,0.39519755497732545,0.22568639676402039,0.3791160482586542,H,2026-07-24T22:41:07.822165+00:00
558754,DED,88,2025,22,2027-02-14 12:00:00+00:00,670,678,196.0,194.0,1.514684669809953,2.2330376137554198,0.2566064367319409,0.2074207642968911,0.535972798971168,A,2026-07-24T22:41:07.841409+00:00
558755,DED,88,2025,22,2027-02-14 12:00:00+00:00,672,6806,195.0,426.0,1.5553014509077205,1.7861030177738102,0.33533721548734624,0.23252932675841817,0.4321334577542357,A,2026-07-24T22:41:07.862221+00:00
558738,DED,88,2025,23,2027-02-21 12:00:00+00:00,1915,6806,413.0,426.0,1.7312377172769162,1.7218452823030124,0.38704278068055753,0.22979480479321596,0.38316241452622657,H,2026-07-24T22:41:07.881172+00:00
558739,DED,88,2025,23,2027-02-21 12:00:00+00:00,675,1912,209.0,427.0,1.7719519052666557,1.8430798690123702,0.3736925296662701,0.22393471230286868,0.4023727580308613,A,2026-07-24T22:41:07.901674+00:00
558740,DED,88,2025,23,2027-02-21 12:00:00+00:00,676,680,207.0,198.0,2.034654748762749,1.3878723764834089,0.5225028055787401,0.21947435908679366,0.2580228353344661,H,2026-07-24T22:41:07.921762+00:00
558741,DED,88,2025,23,2027-02-21 12:00:00+00:00,682,1920,201.0,205.0,1.9717197027631588,1.5788552378329117,0.46843721807723804,0.2222322416530056,0.30933054026975626,H,2026-07-24T22:41:07.943279+00:00
558742,DED,88,2025,23,2027-02-21 12:00:00+00:00,673,672,210.0,195.0,1.745967623411648,1.7326435721319693,0.388314737264603,0.22885408417616995,0.38283117855922694,H,2026-07-24T22:41:07.962627+00:00
558743,DED,88,2025,23,2027-02-21 12:00:00+00:00,684,677,193.0,202.0,1.7227434900191778,1.7321298180141833,0.38319731852126365,0.22972856525712046,0.387074116221616,A,2026-07-24T22:41:07.984147+00:00
558744,DED,88,2025,23,2027-02-21 12:00:00+00:00,678,718,194.0,410.0,2.00722702409334,1.6844950987691423,0.45465629670485475,0.2189386382368309,0.3264050650583144,H,2026-07-24T22:41:08.003570+00:00
558745,DED,88,2025,23,2027-02-21 12:00:00+00:00,674,1909,197.0,420.0,2.3078308264661582,1.461202875451406,0.5619444652290698,0.20224504677583993,0.23581048799509013,H,2026-07-24T22:41:08.024073+00:00
558746,DED,88,2025,23,2027-02-21 12:00:00+00:00,666,670,415.0,196.0,2.039790133204973,1.7730068653809365,0.44412754459887893,0.21603741858294248,0.33983503681817856,H,2026-07-24T22:41:08.043823+00:00
558729,DED,88,2025,24,2027-02-28 12:00:00+00:00,6806,674,426.0,197.0,1.4580727845081367,2.3373684223222324,0.2313988935159566,0.20033546614156697,0.5682656403424765,A,2026-07-24T22:41:08.065698+00:00
558730,DED,88,2025,24,2027-02-28 12:00:00+00:00,1915,682,413.0,201.0,1.6308096185467518,1.9359145360378935,0.32659075389073594,0.2232871074530954,0.45012213865616857,A,2026-07-24T22:41:08.085926+00:00
558731,DED,88,2025,24,2027-02-28 12:00:00+00:00,1909,684,420.0,193.0,1.5603892857536443,1.6525895613860992,0.3607133313466924,0.23906508660720963,0.4002215820460979,A,2026-07-24T22:41:08.106709+00:00
558732,DED,88,2025,24,2027-02-28 12:00:00+00:00,670,673,196.0,210.0,1.804602297671385,1.8732595838860133,0.37535640538951215,0.22185712730159785,0.4027864673088901,A,2026-07-24T22:41:08.126587+00:00
558733,DED,88,2025,24,2027-02-28 12:00:00+00:00,680,666,198.0,415.0,1.3295375630654525,2.0185049680807814,0.24765468738262505,0.22040685650312833,0.5319384561142465,A,2026-07-24T22:41:08.147000+00:00
558734,DED,88,2025,24,2027-02-28 12:00:00+00:00,678,675,194.0,209.0,1.7964290225569037,1.9196026833493665,0.3653568820410073,0.22036616752297858,0.4142769504360142,A,2026-07-24T22:41:08.166222+00:00
558735,DED,88,2025,24,2027-02-28 12:00:00+00:00,672,677,195.0,202.0,1.633214748864012,1.7705099467580954,0.3558857462769942,0.23112036256092877,0.412993891162077,A,2026-07-24T22:41:08.186969+00:00
558736,DED,88,2025,24,2027-02-28 12:00:00+00:00,1920,676,205.0,207.0,1.5414183354798388,2.002656738473169,0.29623725993399685,0.22092573773876303,0.48283700232724025,A,2026-07-24T22:41:08.206308+00:00
558737,DED,88,2025,24,2027-02-28 12:00:00+00:00,1912,718,427.0,410.0,1.9615764381026697,1.6236647138086846,0.4571109850501318,0.22212097180140958,0.3207680431484585,H,2026-07-24T22:41:08.227054+00:00
558720,DED,88,2025,25,2027-03-07 12:00:00+00:00,666,682,415.0,201.0,1.7165688722761807,1.9524575666947204,0.34246427596118173,0.22086800430665532,0.4366677197321629,A,2026-07-24T22:41:08.247536+00:00
558721,DED,88,2025,25,2027-03-07 12:00:00+00:00,675,673,209.0,210.0,2.1698066374521208,1.590685864708728,0.5074145718445217,0.21131360254211629,0.28127182561336206,H,2026-07-24T22:41:08.268435+00:00
558722,DED,88,2025,25,2027-03-07 12:00:00+00:00,718,670,410.0,196.0,1.9657392755959064,1.83162454745207,0.41743635384859895,0.21776354914012483,0.36480009701127614,H,2026-07-24T22:41:08.288578+00:00
558723,DED,88,2025,25,2027-03-07 12:00:00+00:00,674,676,197.0,207.0,2.2368897000232097,1.769465810697668,0.48479304137096507,0.2073703635624599,0.30783659506657496,H,2026-07-24T22:41:08.308362+00:00
558724,DED,88,2025,25,2027-03-07 12:00:00+00:00,680,678,198.0,194.0,1.2083786686114935,2.1660682436068166,0.2024436377832535,0.20767011753452025,0.5898862446822262,A,2026-07-24T22:41:08.328924+00:00
558725,DED,88,2025,25,2027-03-07 12:00:00+00:00,677,1912,202.0,427.0,1.4269236148719224,2.04586983505454,0.26483894995280555,0.2187790176206916,0.5163820324265029,A,2026-07-24T22:41:08.348326+00:00
558726,DED,88,2025,25,2027-03-07 12:00:00+00:00,684,672,193.0,195.0,1.80105132766837,1.6845128507165612,0.4098261345238562,0.22823697710882204,0.3619368883673218,H,2026-07-24T22:41:08.368288+00:00
558727,DED,88,2025,25,2027-03-07 12:00:00+00:00,1920,1915,205.0,413.0,1.5918474954851456,1.8999588246715886,0.3240242422678863,0.2258176741773465,0.4501580835547672,A,2026-07-24T22:41:08.387217+00:00
558728,DED,88,2025,25,2027-03-07 12:00:00+00:00,6806,1909,426.0,420.0,1.6604489550095063,1.5894310291311275,0.39631973173314433,0.23762139955945114,0.36605886870740456,H,2026-07-24T22:41:08.407297+00:00
558711,DED,88,2025,26,2027-03-14 12:00:00+00:00,678,684,194.0,193.0,2.026987088352059,1.6098115127391819,0.47389657108681615,0.21892735816571698,0.3071760707474669,H,2026-07-24T22:41:08.426408+00:00
558712,DED,88,2025,26,2027-03-14 12:00:00+00:00,1909,680,420.0,198.0,1.6768110070132858,1.3679525481428787,0.4458779109363745,0.2437135181244043,0.3104085709392213,H,2026-07-24T22:41:08.446381+00:00
558713,DED,88,2025,26,2027-03-14 12:00:00+00:00,670,1915,196.0,413.0,1.6859017835976782,2.030040269796709,0.32297589111733055,0.21783423080763895,0.45918987807503053,A,2026-07-24T22:41:08.465956+00:00
558714,DED,88,2025,26,2027-03-14 12:00:00+00:00,718,675,410.0,209.0,1.6123790044877395,2.158771518938714,0.2874112425060932,0.21188224634148065,0.5007065111524261,A,2026-07-24T22:41:08.487910+00:00
558715,DED,88,2025,26,2027-03-14 12:00:00+00:00,1912,674,427.0,197.0,1.6919900091839366,2.1025389519657613,0.3126572696427492,0.21427695594686108,0.47306577441038966,A,2026-07-24T22:41:08.507024+00:00
558716,DED,88,2025,26,2027-03-14 12:00:00+00:00,682,6806,201.0,426.0,1.8750400704258408,1.6557219160444874,0.43185345932478775,0.22570400729315312,0.3424425333820591,H,2026-07-24T22:41:08.527409+00:00
558717,DED,88,2025,26,2027-03-14 12:00:00+00:00,672,666,195.0,415.0,1.5614869081617513,1.9913195591724675,0.30239744839283855,0.22136621835291664,0.4762363332542448,A,2026-07-24T22:41:08.547108+00:00
558718,DED,88,2025,26,2027-03-14 12:00:00+00:00,676,677,207.0,202.0,1.9337130599371783,1.6835936394932327,0.4391191892270853,0.22238412988944165,0.33849668088347296,H,2026-07-24T22:41:08.567832+00:00
558719,DED,88,2025,26,2027-03-14 12:00:00+00:00,673,1920,210.0,205.0,1.6961571715988748,1.7887106090258482,0.3667789722225787,0.22839832697356888,0.40482270080385235,A,2026-07-24T22:41:08.587958+00:00
558702,DED,88,2025,27,2027-03-21 12:00:00+00:00,676,6806,207.0,426.0,1.8489903300945476,1.7203485106432215,0.41350255364075666,0.22519675707514306,0.36130068928410025,H,2026-07-24T22:41:08.609610+00:00
558703,DED,88,2025,27,2027-03-21 12:00:00+00:00,675,1909,209.0,420.0,2.0326096940858553,1.5187936962618358,0.4939612486247484,0.21935810305855175,0.2866806483166999,H,2026-07-24T22:41:08.629375+00:00
558704,DED,88,2025,27,2027-03-21 12:00:00+00:00,682,670,201.0,196.0,2.1048964229784013,1.7050000386880848,0.4709562465625837,0.2140343182403705,0.3150094351970459,H,2026-07-24T22:41:08.649918+00:00
558705,DED,88,2025,27,2027-03-21 12:00:00+00:00,684,673,193.0,210.0,1.7794406551483337,1.7465286164377747,0.39316228933187686,0.22712443473125907,0.3797132759368642,H,2026-07-24T22:41:08.669035+00:00
558706,DED,88,2025,27,2027-03-21 12:00:00+00:00,1912,1920,427.0,205.0,2.0261959088449655,1.4988450927028079,0.4968079821154831,0.21984434856995705,0.2833476693145598,H,2026-07-24T22:41:08.689505+00:00
558707,DED,88,2025,27,2027-03-21 12:00:00+00:00,1915,678,413.0,194.0,1.5761151241375397,2.050788167454693,0.29620345112056373,0.21794989369526993,0.48584665518416636,A,2026-07-24T22:41:08.708878+00:00
558708,DED,88,2025,27,2027-03-21 12:00:00+00:00,677,674,202.0,197.0,1.4341459661826859,2.4685523057999914,0.21078086338464944,0.19155356102550428,0.5976655755898462,A,2026-07-24T22:41:08.729472+00:00
558709,DED,88,2025,27,2027-03-21 12:00:00+00:00,680,672,198.0,195.0,1.459278185088454,1.7677952580976597,0.31633464938171024,0.23584746530647202,0.4478178853118177,A,2026-07-24T22:41:08.749662+00:00
558710,DED,88,2025,27,2027-03-21 12:00:00+00:00,666,718,415.0,410.0,1.8794634196414814,1.864693683773666,0.39300178052582135,0.21984137818084748,0.3871568412933313,H,2026-07-24T22:41:08.769004+00:00
558693,DED,88,2025,28,2027-04-04 12:00:00+00:00,674,682,197.0,201.0,2.177992929307082,1.819244430837901,0.4634026781851371,0.20955914943966494,0.3270381723751982,H,2026-07-24T22:41:08.789246+00:00
558694,DED,88,2025,28,2027-04-04 12:00:00+00:00,1920,675,205.0,209.0,1.4672813672797222,2.2228656802777027,0.2483135695638669,0.20766355522689026,0.5440228752092429,A,2026-07-24T22:41:08.809637+00:00
558695,DED,88,2025,28,2027-04-04 12:00:00+00:00,673,677,210.0,202.0,1.6893825015716506,1.8438243695383028,0.3553726051682026,0.22626229129861056,0.4183651035331867,A,2026-07-24T22:41:08.829859+00:00
558696,DED,88,2025,28,2027-04-04 12:00:00+00:00,678,666,194.0,415.0,1.9681264703677392,1.7864793604997973,0.4264904271085931,0.2187175130083996,0.35479205988300744,H,2026-07-24T22:41:08.850548+00:00
558697,DED,88,2025,28,2027-04-04 12:00:00+00:00,1909,1912,420.0,427.0,1.342825833949305,1.9223403213692247,0.2646985463364952,0.227252596761445,0.5080488569020596,A,2026-07-24T22:41:08.870913+00:00
558698,DED,88,2025,28,2027-04-04 12:00:00+00:00,670,684,196.0,193.0,1.7447881579627451,1.9648799228646212,0.3464274866094185,0.21974820142262733,0.433824311967954,A,2026-07-24T22:41:08.893136+00:00
558699,DED,88,2025,28,2027-04-04 12:00:00+00:00,6806,680,426.0,198.0,1.8387615536309252,1.4386057415057067,0.4684496179633764,0.23191284970640558,0.29963753233021806,H,2026-07-24T22:41:08.913442+00:00
558700,DED,88,2025,28,2027-04-04 12:00:00+00:00,718,1915,410.0,413.0,1.7673434342997012,1.9016457131357338,0.3622425475026429,0.22181253951004187,0.4159449129873152,A,2026-07-24T22:41:08.932842+00:00
558701,DED,88,2025,28,2027-04-04 12:00:00+00:00,672,676,195.0,207.0,1.5262177704667943,2.0390694981011435,0.28729117159497447,0.2189386680493125,0.49377016035571303,A,2026-07-24T22:41:08.953139+00:00
558684,DED,88,2025,29,2027-04-11 12:00:00+00:00,680,675,198.0,209.0,1.2340253395000287,2.274673500792752,0.19469952023846082,0.19994998461794983,0.6053504951435893,A,2026-07-24T22:41:08.972517+00:00
558685,DED,88,2025,29,2027-04-11 12:00:00+00:00,1909,1920,420.0,205.0,1.6096182792871063,1.6375829620754387,0.37510812693909895,0.2378610897355968,0.3870307833253043,A,2026-07-24T22:41:08.993944+00:00
558686,DED,88,2025,29,2027-04-11 12:00:00+00:00,1915,673,413.0,210.0,1.880873744853516,1.7283947550722796,0.4189178047145116,0.22366113643858151,0.3574210588469068,H,2026-07-24T22:41:09.013534+00:00
558687,DED,88,2025,29,2027-04-11 12:00:00+00:00,677,670,202.0,196.0,1.8261717960471946,1.8819631099041692,0.37844531348825955,0.22091670852133452,0.40063797799040585,A,2026-07-24T22:41:09.035328+00:00
558688,DED,88,2025,29,2027-04-11 12:00:00+00:00,672,682,195.0,201.0,1.4800843285133456,2.0697562981560296,0.27274820875446304,0.2172520005364299,0.5099997907091071,A,2026-07-24T22:41:09.054770+00:00
558689,DED,88,2025,29,2027-04-11 12:00:00+00:00,676,678,207.0,194.0,1.6806085242539641,2.0402053658348427,0.3201999906427825,0.21741891509641365,0.46238109426080376,A,2026-07-24T22:41:09.076530+00:00
558690,DED,88,2025,29,2027-04-11 12:00:00+00:00,1912,666,427.0,415.0,1.9233866880375825,1.7218593554948958,0.42939076058879266,0.22202086795184733,0.34858837145935995,H,2026-07-24T22:41:09.095818+00:00
558691,DED,88,2025,29,2027-04-11 12:00:00+00:00,684,674,193.0,197.0,1.4684064476035912,2.4743957850986384,0.21656226228321515,0.19196888508917923,0.5914688526276057,A,2026-07-24T22:41:09.118020+00:00
558692,DED,88,2025,29,2027-04-11 12:00:00+00:00,6806,718,426.0,410.0,1.7088041320474834,1.8667307936096047,0.35561381983768425,0.22476416385468137,0.41962201630763435,A,2026-07-24T22:41:09.137612+00:00
558675,DED,88,2025,30,2027-04-25 12:00:00+00:00,666,1915,415.0,413.0,1.846959598316738,1.8806375696027449,0.383148624955692,0.2203433833085793,0.39650799173572854,A,2026-07-24T22:41:09.158359+00:00
558676,DED,88,2025,30,2027-04-25 12:00:00+00:00,673,680,210.0,198.0,1.792627251114402,1.5585329442319669,0.43295875241456044,0.23210821525564862,0.3349330323297911,H,2026-07-24T22:41:09.177323+00:00
558677,DED,88,2025,30,2027-04-25 12:00:00+00:00,670,672,196.0,195.0,1.8529655533465654,1.8857913232161347,0.38350444457407645,0.21999089007686826,0.39650466534905526,A,2026-07-24T22:41:09.197306+00:00
558678,DED,88,2025,30,2027-04-25 12:00:00+00:00,718,676,410.0,207.0,1.7210298381645537,2.039203065084933,0.3289489278659934,0.21689786413593523,0.45415320799807146,A,2026-07-24T22:41:09.215980+00:00
558679,DED,88,2025,30,2027-04-25 12:00:00+00:00,682,1909,201.0,420.0,1.9005952553397407,1.566601591552047,0.45545737421679,0.22623747422428886,0.31830515155892103,H,2026-07-24T22:41:09.236610+00:00
558680,DED,88,2025,30,2027-04-25 12:00:00+00:00,684,1912,193.0,427.0,1.4693711429349063,2.086280804303672,0.2680246575394396,0.2162299632435977,0.5157453792169627,A,2026-07-24T22:41:09.256794+00:00
558681,DED,88,2025,30,2027-04-25 12:00:00+00:00,1920,677,205.0,202.0,1.680534408489959,1.8386378629294005,0.35432751080492086,0.22672668463541085,0.41894580455966823,A,2026-07-24T22:41:09.277076+00:00
558682,DED,88,2025,30,2027-04-25 12:00:00+00:00,675,6806,209.0,426.0,2.037261499751327,1.682395020030781,0.4614065563111688,0.21753682635023835,0.321056617338593,H,2026-07-24T22:41:09.297475+00:00
558683,DED,88,2025,30,2027-04-25 12:00:00+00:00,674,678,197.0,194.0,2.104396791315662,1.927021085989973,0.42826514998996695,0.21076842769585152,0.36096642231418163,H,2026-07-24T22:41:09.316429+00:00
558666,DED,88,2025,31,2027-05-02 12:00:00+00:00,718,674,410.0,197.0,1.5674179352497228,2.5189484846741985,0.22984992070248625,0.19132702879800656,0.5788230504995071,A,2026-07-24T22:41:09.336251+00:00
558667,DED,88,2025,31,2027-05-02 12:00:00+00:00,673,676,210.0,207.0,1.576338662453803,2.1146903100170844,0.28647748206884355,0.21440511270410478,0.49911740522705167,A,2026-07-24T22:41:09.355229+00:00
558668,DED,88,2025,31,2027-05-02 12:00:00+00:00,6806,666,426.0,415.0,1.6684679608488133,1.954712105079574,0.3316617073287433,0.22169604127226084,0.4466422513989958,A,2026-07-24T22:41:09.375144+00:00
558669,DED,88,2025,31,2027-05-02 12:00:00+00:00,677,680,202.0,198.0,1.8109770462629318,1.5247908107067027,0.44403933415092217,0.23192360682896157,0.32403705902011615,H,2026-07-24T22:41:09.394303+00:00
558670,DED,88,2025,31,2027-05-02 12:00:00+00:00,1915,684,413.0,193.0,1.813245951101589,1.7972712669840676,0.3911177304280937,0.2242111976438387,0.38467107192806765,H,2026-07-24T22:41:09.414197+00:00
558671,DED,88,2025,31,2027-05-02 12:00:00+00:00,678,1920,194.0,205.0,2.094416003714193,1.6020334928693665,0.4896195152706019,0.2153985414242315,0.2949819433051666,H,2026-07-24T22:41:09.433191+00:00
558672,DED,88,2025,31,2027-05-02 12:00:00+00:00,670,1909,196.0,420.0,1.7080730880641475,1.8426814247724612,0.35971456041160926,0.22580004964214778,0.4144853899462429,A,2026-07-24T22:41:09.452877+00:00
558673,DED,88,2025,31,2027-05-02 12:00:00+00:00,1912,682,427.0,201.0,1.819909770616028,1.7817713274147793,0.3954649143453542,0.22448057402482977,0.380054511629816,H,2026-07-24T22:41:09.473469+00:00
558674,DED,88,2025,31,2027-05-02 12:00:00+00:00,675,672,209.0,195.0,2.2282217076872772,1.601278103245572,0.5169462478780674,0.20809329327663453,0.2749604588452981,H,2026-07-24T22:41:09.493275+00:00
558657,DED,88,2025,32,2027-05-09 12:00:00+00:00,674,670,197.0,196.0,2.616964999039831,1.7025684096401106,0.5686850343017293,0.188376994729329,0.2429379709689418,H,2026-07-24T22:41:09.512162+00:00
558658,DED,88,2025,32,2027-05-09 12:00:00+00:00,676,675,207.0,209.0,1.714226990645824,2.133156491775705,0.3124914748374275,0.2126008070606481,0.4749077181019244,A,2026-07-24T22:41:09.532992+00:00
558659,DED,88,2025,32,2027-05-09 12:00:00+00:00,666,677,415.0,202.0,1.936313078950445,1.7813672248454926,0.42070498492775393,0.2200960603063471,0.359198954765899,H,2026-07-24T22:41:09.552252+00:00
558660,DED,88,2025,32,2027-05-09 12:00:00+00:00,684,6806,193.0,426.0,1.6712747146633726,1.8474990246374257,0.3507037827584216,0.22657890890970456,0.4227173083318738,A,2026-07-24T22:41:09.572294+00:00
558661,DED,88,2025,32,2027-05-09 12:00:00+00:00,1920,718,205.0,410.0,1.6525521235536713,2.0005877286294753,0.3206285574371238,0.21973660118361418,0.459634841379262,A,2026-07-24T22:41:09.592748+00:00
558662,DED,88,2025,32,2027-05-09 12:00:00+00:00,1909,673,420.0,210.0,1.648748417064935,1.6802273702499537,0.3761095303233854,0.2345285595277538,0.38936191014886073,A,2026-07-24T22:41:09.614967+00:00
558663,DED,88,2025,32,2027-05-09 12:00:00+00:00,682,678,201.0,194.0,1.7164886430358421,2.005858365708388,0.3334773097481813,0.21848420186965803,0.4480384883821607,A,2026-07-24T22:41:09.634323+00:00
558664,DED,88,2025,32,2027-05-09 12:00:00+00:00,680,1915,198.0,413.0,1.3534488318231082,2.012062327474677,0.25379918767813403,0.22094825951430253,0.5252525528075636,A,2026-07-24T22:41:09.654805+00:00
558665,DED,88,2025,32,2027-05-09 12:00:00+00:00,672,1912,195.0,427.0,1.3953697771527418,2.141929390589248,0.24447883124895212,0.21228447562722536,0.5432366931238226,A,2026-07-24T22:41:09.675036+00:00
558648,DED,88,2025,33,2027-05-16 12:00:00+00:00,682,684,201.0,193.0,1.9612269852972481,1.7207865371901554,0.43771806804934205,0.22039632432617337,0.34188560762448467,H,2026-07-24T22:41:09.696118+00:00
558649,DED,88,2025,33,2027-05-16 12:00:00+00:00,718,673,410.0,210.0,1.9138404053101281,1.8162271948843058,0.4093187821796347,0.22005895588704727,0.37062226193331793,H,2026-07-24T22:41:09.715473+00:00
558650,DED,88,2025,33,2027-05-16 12:00:00+00:00,666,675,415.0,209.0,1.6993781755796475,2.1907205085825234,0.300569854211662,0.2099171454622286,0.48951300032610934,A,2026-07-24T22:41:09.735940+00:00
558651,DED,88,2025,33,2027-05-16 12:00:00+00:00,678,6806,194.0,426.0,1.9887060384272923,1.672892180575663,0.45303476232919243,0.22000250961230386,0.3269627280585037,H,2026-07-24T22:41:09.756374+00:00
558652,DED,88,2025,33,2027-05-16 12:00:00+00:00,670,680,196.0,198.0,1.8862174978322268,1.6528873593270776,0.43486942922370087,0.22524574607559747,0.3398848247007017,H,2026-07-24T22:41:09.777331+00:00
558653,DED,88,2025,33,2027-05-16 12:00:00+00:00,674,1915,197.0,413.0,2.3410441784604914,1.7449573314697282,0.5098658747075709,0.20252143448205548,0.2876126908103736,H,2026-07-24T22:41:09.797592+00:00
558654,DED,88,2025,33,2027-05-16 12:00:00+00:00,1920,672,205.0,195.0,1.7593927807232919,1.795689758498647,0.3795699003596356,0.2260922284085964,0.3943378712317681,A,2026-07-24T22:41:09.817102+00:00
558655,DED,88,2025,33,2027-05-16 12:00:00+00:00,676,1912,207.0,427.0,1.6484333681999246,2.0275413604613886,0.3153736783137335,0.21845243188974545,0.46617388979652097,A,2026-07-24T22:41:09.837172+00:00
558656,DED,88,2025,33,2027-05-16 12:00:00+00:00,677,1909,202.0,420.0,1.6495476733412333,1.7287889045573153,0.3672260089295942,0.23244516280346286,0.40032882826694294,A,2026-07-24T22:41:09.856690+00:00
558639,DED,88,2025,34,2027-05-23 12:00:00+00:00,1915,676,413.0,207.0,1.713441006598632,2.016799113650102,0.331016736613829,0.21803744845249348,0.4509458149336776,A,2026-07-24T22:41:09.876907+00:00
558640,DED,88,2025,34,2027-05-23 12:00:00+00:00,673,674,210.0,197.0,1.440110234169934,2.6353029787836886,0.1932618665234049,0.18128656519079658,0.6254515682857986,A,2026-07-24T22:41:09.896383+00:00
558641,DED,88,2025,34,2027-05-23 12:00:00+00:00,6806,1920,426.0,205.0,1.7725074574195454,1.7449337016177007,0.3919226394520258,0.22743679781216167,0.3806405627358124,H,2026-07-24T22:41:09.916804+00:00
558642,DED,88,2025,34,2027-05-23 12:00:00+00:00,1909,678,420.0,194.0,1.3924587043868113,2.03669001685012,0.25872185778411017,0.21934607127207467,0.5219320709438151,A,2026-07-24T22:41:09.936311+00:00
558643,DED,88,2025,34,2027-05-23 12:00:00+00:00,684,666,193.0,415.0,1.673132576331994,2.042320835939081,0.31826720624657684,0.21741274042646672,0.4643200533269565,A,2026-07-24T22:41:09.956555+00:00
558644,DED,88,2025,34,2027-05-23 12:00:00+00:00,675,677,209.0,202.0,2.1462616859179717,1.6820608580150507,0.4840062320325894,0.2122127593489383,0.3037810086184723,H,2026-07-24T22:41:09.976005+00:00
558645,DED,88,2025,34,2027-05-23 12:00:00+00:00,680,682,198.0,201.0,1.2750073764624164,2.1715433527723214,0.21550492353276357,0.20859497347718936,0.575900102990047,A,2026-07-24T22:41:09.996226+00:00
558646,DED,88,2025,34,2027-05-23 12:00:00+00:00,1912,670,427.0,196.0,2.178805446684851,1.6533612810789475,0.4963950082448262,0.21070496562246002,0.2929000261327137,H,2026-07-24T22:41:10.015851+00:00
558647,DED,88,2025,34,2027-05-23 12:00:00+00:00,672,718,195.0,410.0,1.6292053069767272,2.0108596092677904,0.31393228479386337,0.2195371647714631,0.4665305504346734,A,2026-07-24T22:41:10.037380+00:00
567264,PPL,94,2025,1,2026-08-07 19:15:00+00:00,582,5531,230.0,242.0,1.5675434152781342,1.6217077587342112,0.36822437641162925,0.24025021101441577,0.391525412573955,A,2026-07-24T22:41:10.056964+00:00
567263,PPL,94,2025,1,2026-08-08 14:30:00+00:00,5575,6618,214.0,4716.0,1.4670269614199163,1.655442111684542,0.33801927283595146,0.24214922980381046,0.41983149736023817,A,2026-07-24T22:41:10.077602+00:00
567258,PPL,94,2025,1,2026-08-08 17:00:00+00:00,5543,712,224.0,240.0,1.737142816951635,1.422073635035444,0.4485669202088658,0.238550915599837,0.31288216419129733,H,2026-07-24T22:41:10.096778+00:00
567260,PPL,94,2025,1,2026-08-08 19:30:00+00:00,9136,498,15130.0,228.0,1.2355979017437664,2.0676565676575684,0.22062174768199444,0.21585527566709256,0.5635229766509131,A,2026-07-24T22:41:10.117569+00:00
567265,PPL,94,2025,1,2026-08-09 17:00:00+00:00,503,7822,212.0,4724.0,1.861865972781693,1.432078448902652,0.47506632618893097,0.2305571205204576,0.29437655329061146,H,2026-07-24T22:41:10.136837+00:00
567259,PPL,94,2025,1,2026-08-09 19:30:00+00:00,583,5613,215.0,217.0,1.4432139965475852,1.7314200692037356,0.31885439131259474,0.2383988182015208,0.44274679048588433,A,2026-07-24T22:41:10.156964+00:00
567261,PPL,94,2025,1,2026-08-09 19:30:00+00:00,5533,496,762.0,226.0,1.6180689581392578,1.511876987608368,0.4017560875036104,0.24258583502199896,0.35565807747439043,H,2026-07-24T22:41:10.176099+00:00
567262,PPL,94,2025,1,2026-08-09 19:30:00+00:00,1903,5527,211.0,238.0,2.0561291172484526,1.3974306922233346,0.5249622431081902,0.21805289650816465,0.2569848603836452,H,2026-07-24T22:41:10.197245+00:00
567257,PPL,94,2025,1,2026-08-10 19:15:00+00:00,5530,5529,227.0,225.0,1.678954347990637,1.3834089630832098,0.4430644731931262,0.2431764689074988,0.31375905789937497,H,2026-07-24T22:41:10.218688+00:00
567268,PPL,94,2025,2,2026-08-14 19:15:00+00:00,498,5543,228.0,224.0,2.0234892344370174,1.4336000997121596,0.5101809523514528,0.22022374472628226,0.2695953029222649,H,2026-07-24T22:41:10.239972+00:00
567266,PPL,94,2025,2,2026-08-15 14:30:00+00:00,7822,9136,4724.0,15130.0,1.714985709099769,1.4017656284612399,0.44769253188263647,0.2404155746373645,0.3118918934799991,H,2026-07-24T22:41:10.260397+00:00
567273,PPL,94,2025,2,2026-08-15 17:00:00+00:00,5527,5530,238.0,227.0,1.5483054079133902,1.5439279174513807,0.37863264788111023,0.244647257314699,0.37672009480419094,H,2026-07-24T22:41:10.280059+00:00
567274,PPL,94,2025,2,2026-08-15 19:30:00+00:00,496,503,226.0,212.0,1.3839162952346558,1.8648232475745445,0.28291739907181646,0.23093005569195246,0.4861525452362312,A,2026-07-24T22:41:10.300001+00:00
567269,PPL,94,2025,2,2026-08-16 14:30:00+00:00,5531,5575,242.0,214.0,1.8209091893406149,1.3877367698309622,0.4753448043527476,0.23380739173584758,0.29084780391140475,H,2026-07-24T22:41:10.319511+00:00
567270,PPL,94,2025,2,2026-08-16 14:30:00+00:00,5529,582,225.0,230.0,1.5567723118508057,1.6098403560272758,0.36792666726067563,0.2412356503611957,0.39083768237812877,A,2026-07-24T22:41:10.339516+00:00
567267,PPL,94,2025,2,2026-08-16 19:30:00+00:00,6618,1903,4716.0,211.0,1.368251193066143,1.9538854821301113,0.2656352769021658,0.2249837154240311,0.509381007673803,A,2026-07-24T22:41:10.358886+00:00
567271,PPL,94,2025,2,2026-08-16 19:30:00+00:00,5613,5533,217.0,762.0,1.8278567336321299,1.3765969747008528,0.4793585624001587,0.2334930737487779,0.2871483638510634,H,2026-07-24T22:41:10.378835+00:00
567272,PPL,94,2025,2,2026-08-17 19:15:00+00:00,712,583,240.0,215.0,1.5745622586301808,1.564986885783653,0.38081953425632337,0.24251305828407502,0.37666740745960176,H,2026-07-24T22:41:10.399117+00:00
567275,PPL,94,2025,3,2026-08-23 15:00:00+00:00,498,7822,228.0,4724.0,2.110801869498502,1.3980883912595843,0.5362418895640814,0.2143927752326016,0.249365335203317,H,2026-07-24T22:41:10.420177+00:00
567276,PPL,94,2025,3,2026-08-23 15:00:00+00:00,9136,5613,15130.0,217.0,1.3255685366001675,1.7785143838058115,0.28322771023995286,0.2375782902863019,0.4791939994737451,A,2026-07-24T22:41:10.439717+00:00
567277,PPL,94,2025,3,2026-08-23 15:00:00+00:00,5533,6618,762.0,4716.0,1.5391901161424335,1.563129782180508,0.37269392031060483,0.2441698370881627,0.3831362426012325,A,2026-07-24T22:41:10.459807+00:00
567278,PPL,94,2025,3,2026-08-23 15:00:00+00:00,5543,5529,224.0,225.0,1.7566345574932123,1.4139026644113295,0.454862281379449,0.2375096843846456,0.3076280342359053,H,2026-07-24T22:41:10.479391+00:00
567279,PPL,94,2025,3,2026-08-23 15:00:00+00:00,582,496,230.0,226.0,1.711750295039641,1.5413654266568773,0.4178662902611839,0.236767505429556,0.3453662043092603,H,2026-07-24T22:41:10.500682+00:00
567280,PPL,94,2025,3,2026-08-23 15:00:00+00:00,503,712,212.0,240.0,1.9415536039080097,1.368825395964413,0.5065491664269303,0.2258289257873713,0.26762190778569844,H,2026-07-24T22:41:10.520348+00:00
567281,PPL,94,2025,3,2026-08-23 15:00:00+00:00,5530,5531,227.0,242.0,1.5672385083027838,1.5120963832552516,0.38949899283492945,0.2451409424784699,0.3653600646866007,H,2026-07-24T22:41:10.542230+00:00
567282,PPL,94,2025,3,2026-08-23 15:00:00+00:00,583,1903,215.0,211.0,1.367860000707129,2.0071617815558334,0.25766236419478017,0.22131690569751888,0.5210207301077008,A,2026-07-24T22:41:10.561493+00:00
567283,PPL,94,2025,3,2026-08-23 15:00:00+00:00,5575,5527,214.0,238.0,1.4590974737948006,1.710161161221976,0.3263268124311086,0.23924742112068245,0.43442576644820885,A,2026-07-24T22:41:10.583824+00:00
567284,PPL,94,2025,4,2026-08-30 15:00:00+00:00,5531,5533,242.0,762.0,1.6946014383854164,1.4549892570379097,0.43162064671571093,0.24026905279485739,0.3281103004894315,H,2026-07-24T22:41:10.603785+00:00
567285,PPL,94,2025,4,2026-08-30 15:00:00+00:00,7822,5530,4724.0,227.0,1.552014578328973,1.556615072017021,0.3770468852650576,0.24390150133335756,0.37905161340158494,A,2026-07-24T22:41:10.624824+00:00
567286,PPL,94,2025,4,2026-08-30 15:00:00+00:00,5529,9136,225.0,15130.0,1.595689805695172,1.465237248373275,0.40585467755489996,0.24553523951564127,0.3486100829294589,H,2026-07-24T22:41:10.643942+00:00
567287,PPL,94,2025,4,2026-08-30 15:00:00+00:00,712,5575,240.0,214.0,1.6977600853022206,1.4725913876236125,0.42869749092529374,0.23958322994621428,0.331719279128492,H,2026-07-24T22:41:10.664197+00:00
567288,PPL,94,2025,4,2026-08-30 15:00:00+00:00,1903,582,211.0,230.0,2.1459893940958508,1.4103692673015695,0.5407998445355586,0.21213692035757825,0.2470632351068632,H,2026-07-24T22:41:10.683299+00:00
567289,PPL,94,2025,4,2026-08-30 15:00:00+00:00,5527,503,238.0,212.0,1.4656735272901436,1.7915612773485072,0.3137597564163169,0.23429775756348417,0.45194248602019893,A,2026-07-24T22:41:10.703563+00:00
567290,PPL,94,2025,4,2026-08-30 15:00:00+00:00,6618,583,4716.0,215.0,1.6331023998319332,1.5402261827819232,0.39964195358689364,0.24076220054869601,0.3595958458644104,H,2026-07-24T22:41:10.722714+00:00
567291,PPL,94,2025,4,2026-08-30 15:00:00+00:00,496,498,226.0,228.0,1.318283457835406,2.1075616704837508,0.232910392412419,0.21391590630794988,0.5531737012796311,A,2026-07-24T22:41:10.744368+00:00
567292,PPL,94,2025,4,2026-08-30 15:00:00+00:00,5613,5543,217.0,224.0,1.7086923198928277,1.5097358355411699,0.42359696570481314,0.23788802732484862,0.3385150069703382,H,2026-07-24T22:41:10.765347+00:00
567296,PPL,94,2025,5,2026-09-06 15:00:00+00:00,7822,5613,4724.0,217.0,1.490269740454384,1.7160456527713428,0.3326295181452407,0.23804859652882768,0.4293218853259316,A,2026-07-24T22:41:10.786399+00:00
567297,PPL,94,2025,5,2026-09-06 15:00:00+00:00,9136,5531,15130.0,242.0,1.413265482379308,1.6712925535818135,0.3222853231658932,0.24284774254270192,0.434866934291405,A,2026-07-24T22:41:10.809033+00:00
567298,PPL,94,2025,5,2026-09-06 15:00:00+00:00,498,5529,228.0,225.0,2.2194699778464617,1.3168295310619615,0.5761157678171112,0.20585800748397487,0.21802622469891383,H,2026-07-24T22:41:10.828415+00:00
567299,PPL,94,2025,5,2026-09-06 15:00:00+00:00,503,583,212.0,215.0,1.933363808897364,1.4224491027411774,0.49305682582682725,0.22608746977190486,0.28085570440126795,H,2026-07-24T22:41:10.848205+00:00
567300,PPL,94,2025,5,2026-09-06 15:00:00+00:00,5530,496,227.0,226.0,1.7107773652263274,1.435755612621847,0.4394754315793951,0.2398308450735738,0.320693723347031,H,2026-07-24T22:41:10.867767+00:00
567301,PPL,94,2025,5,2026-09-06 15:00:00+00:00,5533,5527,762.0,238.0,1.5305384505166957,1.6137016261127208,0.3609423695148577,0.24208976771977503,0.39696786276536733,A,2026-07-24T22:41:10.887644+00:00
567293,PPL,94,2025,5,2026-09-06 15:00:00+00:00,5575,1903,214.0,211.0,1.2710419320804605,2.155072910127679,0.21677612083921252,0.20975221053996726,0.5734716686208201,A,2026-07-24T22:41:10.907066+00:00
567294,PPL,94,2025,5,2026-09-06 15:00:00+00:00,5543,6618,224.0,4716.0,1.6931969774565474,1.4927282952717331,0.4234605520838087,0.23924245290126736,0.3372969950149239,H,2026-07-24T22:41:10.927244+00:00
567295,PPL,94,2025,5,2026-09-06 15:00:00+00:00,582,712,230.0,240.0,1.6803604238699148,1.5452269712477695,0.4097671409538127,0.23823598311913818,0.3519968759270492,H,2026-07-24T22:41:10.946894+00:00
567302,PPL,94,2025,6,2026-09-13 15:00:00+00:00,583,5575,215.0,214.0,1.7584821798593973,1.4834164450902747,0.440607004031215,0.2358290058363971,0.32356399013238796,H,2026-07-24T22:41:10.966872+00:00
567303,PPL,94,2025,6,2026-09-13 15:00:00+00:00,496,9136,226.0,15130.0,1.6345100066455478,1.4994595733853338,0.4081929385433522,0.24218658567954315,0.34962047577710476,H,2026-07-24T22:41:10.986285+00:00
567304,PPL,94,2025,6,2026-09-13 15:00:00+00:00,1903,5533,211.0,762.0,2.136660734325632,1.3525321716100556,0.5515604327725988,0.21222978427730974,0.23620978295009137,H,2026-07-24T22:41:11.006200+00:00
567305,PPL,94,2025,6,2026-09-13 15:00:00+00:00,5531,498,242.0,228.0,1.4144880082099902,1.9735435230617238,0.27291646251046603,0.2235180383474289,0.503565499142105,A,2026-07-24T22:41:11.027424+00:00
567306,PPL,94,2025,6,2026-09-13 15:00:00+00:00,5529,7822,225.0,4724.0,1.5087863388158482,1.6425668814057601,0.3503529083758597,0.24143115047133645,0.4082159411528039,A,2026-07-24T22:41:11.048585+00:00
567307,PPL,94,2025,6,2026-09-13 15:00:00+00:00,6618,503,4716.0,212.0,1.4330257138610045,1.8112949723678384,0.3028951415150522,0.23371634481741546,0.4633885136675323,A,2026-07-24T22:41:11.067831+00:00
567308,PPL,94,2025,6,2026-09-13 15:00:00+00:00,5613,582,217.0,230.0,1.8516340895880883,1.4724843473886098,0.4641581712196464,0.23059085199075757,0.30525097678959595,H,2026-07-24T22:41:11.087749+00:00
567309,PPL,94,2025,6,2026-09-13 15:00:00+00:00,5527,5543,238.0,224.0,1.563399773107495,1.6363352042676973,0.3644757833826243,0.23972663401198088,0.3957975826053949,A,2026-07-24T22:41:11.106591+00:00
567310,PPL,94,2025,6,2026-09-13 15:00:00+00:00,712,5530,240.0,227.0,1.4679007339999226,1.613037962937633,0.34602157649293014,0.24448252230116904,0.4094959012059007,A,2026-07-24T22:41:11.126433+00:00
567311,PPL,94,2025,7,2026-09-20 15:00:00+00:00,5529,5531,225.0,242.0,1.4744414543889057,1.6706440172671695,0.33703106330841354,0.24105856918639817,0.42191036750518845,A,2026-07-24T22:41:11.145094+00:00
567312,PPL,94,2025,7,2026-09-20 15:00:00+00:00,5533,5575,762.0,214.0,1.7059091594112024,1.4831180898229779,0.4284289432714204,0.2388193642882869,0.33275169244029285,H,2026-07-24T22:41:11.164841+00:00
567313,PPL,94,2025,7,2026-09-20 15:00:00+00:00,498,712,228.0,240.0,2.207824821954384,1.3478548201949236,0.5669498471342863,0.20720052005479542,0.22584963281091816,H,2026-07-24T22:41:11.183583+00:00
567314,PPL,94,2025,7,2026-09-20 15:00:00+00:00,5530,5613,227.0,217.0,1.4822987907458431,1.6505969644102796,0.34255423015519126,0.2419150238236558,0.4155307460211529,A,2026-07-24T22:41:11.203347+00:00
567315,PPL,94,2025,7,2026-09-20 15:00:00+00:00,5543,583,224.0,215.0,1.7401202686999357,1.5041089545178095,0.4320654177034768,0.23633256036528832,0.33160202193123495,H,2026-07-24T22:41:11.222236+00:00
567316,PPL,94,2025,7,2026-09-20 15:00:00+00:00,503,1903,212.0,211.0,1.627593974093391,1.8344562984295785,0.34324361625701333,0.2282941813229358,0.42846220242005084,A,2026-07-24T22:41:11.242138+00:00
567317,PPL,94,2025,7,2026-09-20 15:00:00+00:00,9136,5527,15130.0,238.0,1.4507074844120826,1.6651340969954131,0.33236127733029597,0.24211020440392003,0.42552851826578386,A,2026-07-24T22:41:11.262553+00:00
567318,PPL,94,2025,7,2026-09-20 15:00:00+00:00,7822,496,4724.0,226.0,1.7299159225165266,1.5181034370012285,0.4268218932666495,0.23650222749668773,0.3366758792366627,H,2026-07-24T22:41:11.283714+00:00
567319,PPL,94,2025,7,2026-09-20 15:00:00+00:00,582,6618,230.0,4716.0,1.632899731323805,1.6075078900359938,0.38634422197177215,0.23814879623241314,0.37550698179581476,H,2026-07-24T22:41:11.303405+00:00
567320,PPL,94,2025,8,2026-10-11 15:00:00+00:00,1903,5543,211.0,224.0,2.0026646548035942,1.4961287258281426,0.49235542946071015,0.22127131263405947,0.28637325790523044,H,2026-07-24T22:41:11.322543+00:00
567321,PPL,94,2025,8,2026-10-11 15:00:00+00:00,6618,5530,4716.0,227.0,1.5270769126086312,1.6022629899751917,0.362280093666935,0.2427913058029816,0.39492860053008355,A,2026-07-24T22:41:11.342027+00:00
567322,PPL,94,2025,8,2026-10-11 15:00:00+00:00,5527,582,238.0,230.0,1.6987042801866699,1.6095517881040098,0.40124501743172725,0.2351525394173238,0.36360244315094903,H,2026-07-24T22:41:11.361258+00:00
567323,PPL,94,2025,8,2026-10-11 15:00:00+00:00,5575,503,214.0,212.0,1.3329947893771326,2.006268892543089,0.25015881092461967,0.22129542755766618,0.5285457615177142,A,2026-07-24T22:41:11.380669+00:00
567324,PPL,94,2025,8,2026-10-11 15:00:00+00:00,712,9136,240.0,15130.0,1.6360984335869824,1.4909297061058258,0.4103092955691214,0.2424047710583589,0.34728593337251956,H,2026-07-24T22:41:11.400630+00:00
567325,PPL,94,2025,8,2026-10-11 15:00:00+00:00,5531,7822,242.0,4724.0,1.6588274569138615,1.574796516580546,0.3988275225549903,0.23823868357509173,0.36293379386991786,H,2026-07-24T22:41:11.420697+00:00
567326,PPL,94,2025,8,2026-10-11 15:00:00+00:00,5613,498,217.0,228.0,1.5381593942292444,1.9147318714828379,0.3096377779705041,0.2259221409401239,0.46444008108937207,A,2026-07-24T22:41:11.439700+00:00
567327,PPL,94,2025,8,2026-10-11 15:00:00+00:00,583,5533,215.0,762.0,1.641309036432887,1.568786035571194,0.3959037935864325,0.23928666842017018,0.36480953799339727,H,2026-07-24T22:41:11.459009+00:00
567328,PPL,94,2025,8,2026-10-11 15:00:00+00:00,496,5529,226.0,225.0,1.6243195957304681,1.5827855250311946,0.38914809383318527,0.23952226138080834,0.3713296447860065,H,2026-07-24T22:41:11.479285+00:00
567329,PPL,94,2025,9,2026-10-25 16:00:00+00:00,5543,5575,224.0,214.0,1.8852594106475145,1.4346691880048568,0.47975684045029066,0.2290473588528391,0.2911958006968703,H,2026-07-24T22:41:11.498806+00:00
567330,PPL,94,2025,9,2026-10-25 16:00:00+00:00,496,5531,226.0,242.0,1.5167221566350977,1.7319688389651144,0.3359881324774043,0.23643069132935685,0.42758117619323904,A,2026-07-24T22:41:11.517774+00:00
567331,PPL,94,2025,9,2026-10-25 16:00:00+00:00,5530,1903,227.0,211.0,1.4109208809426936,1.9381794360203333,0.27753603365367197,0.22585174152617263,0.4966122248201554,A,2026-07-24T22:41:11.538507+00:00
567332,PPL,94,2025,9,2026-10-25 16:00:00+00:00,498,5527,228.0,238.0,2.1359647520281726,1.4533338505136375,0.5294636866400515,0.21305800385642165,0.25747830950352685,H,2026-07-24T22:41:11.557833+00:00
567333,PPL,94,2025,9,2026-10-25 16:00:00+00:00,7822,712,4724.0,240.0,1.7055194294666252,1.5415459588424512,0.4163809274798951,0.23708125436597746,0.3465378181541275,H,2026-07-24T22:41:11.577565+00:00
567334,PPL,94,2025,9,2026-10-25 16:00:00+00:00,5529,5613,225.0,217.0,1.396688812808612,1.832022806448208,0.29110889477030766,0.232951789914818,0.47593931531487427,A,2026-07-24T22:41:11.596851+00:00
567335,PPL,94,2025,9,2026-10-25 16:00:00+00:00,5533,503,762.0,212.0,1.3980657478166472,1.8926793906159252,0.28173506968163037,0.22894208371295444,0.4893228466054151,A,2026-07-24T22:41:11.617106+00:00
567336,PPL,94,2025,9,2026-10-25 16:00:00+00:00,582,583,230.0,215.0,1.685350586955569,1.6407374402067818,0.3920875636876874,0.23461428007792912,0.3732981562343834,H,2026-07-24T22:41:11.635931+00:00
567337,PPL,94,2025,9,2026-10-25 16:00:00+00:00,9136,6618,15130.0,4716.0,1.4735561237375103,1.6619355516291836,0.3383988620953734,0.24157419905776747,0.42002693884685904,A,2026-07-24T22:41:11.655691+00:00
567338,PPL,94,2025,10,2026-11-01 16:00:00+00:00,503,582,212.0,230.0,1.966194708681846,1.5026230131087577,0.48311662274092815,0.2233920915875413,0.2934912856715304,H,2026-07-24T22:41:11.674329+00:00
567339,PPL,94,2025,10,2026-11-01 16:00:00+00:00,5613,5531,217.0,242.0,1.7582664213297254,1.5410546287033895,0.4286734349271307,0.23435967183551898,0.3369668932373505,H,2026-07-24T22:41:11.694022+00:00
567340,PPL,94,2025,10,2026-11-01 16:00:00+00:00,5575,5530,214.0,227.0,1.4182443964738989,1.7665910157634737,0.30695821152396774,0.23679335767954482,0.45624843079648747,A,2026-07-24T22:41:11.712734+00:00
567341,PPL,94,2025,10,2026-11-01 16:00:00+00:00,712,5529,240.0,225.0,1.6235849292845612,1.5671015007953877,0.39205624344267215,0.24018048731404532,0.3677632692432827,H,2026-07-24T22:41:11.732410+00:00
567342,PPL,94,2025,10,2026-11-01 16:00:00+00:00,1903,7822,211.0,4724.0,2.0943209143828896,1.4699037600744431,0.5173072093260406,0.21572903942288216,0.26696375125107735,H,2026-07-24T22:41:11.751053+00:00
567343,PPL,94,2025,10,2026-11-01 16:00:00+00:00,583,9136,215.0,15130.0,1.6969977168024692,1.5083492935598286,0.4211456086200093,0.23855967120616006,0.34029472017383067,H,2026-07-24T22:41:11.771061+00:00
567344,PPL,94,2025,10,2026-11-01 16:00:00+00:00,6618,498,4716.0,228.0,1.3745192501671777,2.0903913712155933,0.24721248112747068,0.21562276064693098,0.5371647582255982,A,2026-07-24T22:41:11.792776+00:00
567345,PPL,94,2025,10,2026-11-01 16:00:00+00:00,5527,496,238.0,226.0,1.746034707091031,1.5589239735593128,0.42223652907830445,0.23449170736742056,0.343271763554275,H,2026-07-24T22:41:11.814569+00:00
567346,PPL,94,2025,10,2026-11-01 16:00:00+00:00,5533,5543,762.0,224.0,1.4890051973401843,1.7210697889155997,0.3314401496531461,0.2378031603802054,0.4307566899666484,A,2026-07-24T22:41:11.834387+00:00
567347,PPL,94,2025,11,2026-11-08 16:00:00+00:00,7822,6618,4724.0,4716.0,1.6573274837205871,1.6036738118977254,0.39279926291577205,0.2372257871195952,0.3699749499646328,H,2026-07-24T22:41:11.855613+00:00
567348,PPL,94,2025,11,2026-11-08 16:00:00+00:00,582,5575,230.0,214.0,1.8179252963294588,1.5448378743592917,0.4414854605994815,0.2310993842652616,0.3274151551352569,H,2026-07-24T22:41:11.875675+00:00
567349,PPL,94,2025,11,2026-11-08 16:00:00+00:00,5543,503,224.0,212.0,1.5375028706687153,1.8069706255826807,0.32763231332290127,0.23185518626554813,0.4405125004115506,A,2026-07-24T22:41:11.895093+00:00
567350,PPL,94,2025,11,2026-11-08 16:00:00+00:00,498,583,228.0,215.0,2.2144269222755897,1.4307791498179008,0.55018308972401,0.20783997252243594,0.24197693775355414,H,2026-07-24T22:41:11.915107+00:00
567351,PPL,94,2025,11,2026-11-08 16:00:00+00:00,5530,5533,227.0,762.0,1.6811929879083718,1.4832798319543539,0.42258042970904786,0.24019484672894195,0.33722472356201016,H,2026-07-24T22:41:11.934541+00:00
567352,PPL,94,2025,11,2026-11-08 16:00:00+00:00,5529,5527,225.0,238.0,1.5244271453818117,1.7005190837149646,0.34343612807791757,0.23787591045545003,0.4186879614666325,A,2026-07-24T22:41:11.954428+00:00
567353,PPL,94,2025,11,2026-11-08 16:00:00+00:00,5531,712,242.0,240.0,1.734612377706554,1.5180292216659976,0.4279258809819528,0.23625158220946763,0.33582253680857965,H,2026-07-24T22:41:11.973899+00:00
567354,PPL,94,2025,11,2026-11-08 16:00:00+00:00,496,5613,226.0,217.0,1.4305192781591904,1.87509860441813,0.29188634714348644,0.22973967734794332,0.4783739755085704,A,2026-07-24T22:41:11.993814+00:00
567355,PPL,94,2025,11,2026-11-08 16:00:00+00:00,9136,1903,15130.0,211.0,1.27278483013917,2.1436879745880777,0.21859624754954915,0.2106322966086838,0.5707714558417669,A,2026-07-24T22:41:12.014925+00:00
567356,PPL,94,2025,12,2026-11-29 16:00:00+00:00,5543,9136,224.0,15130.0,1.8139842224914775,1.4463476469017218,0.4611636788958316,0.23331607428406784,0.3055202468201007,H,2026-07-24T22:41:12.035960+00:00
567357,PPL,94,2025,12,2026-11-29 16:00:00+00:00,583,5530,215.0,227.0,1.539861023598084,1.6887278141254118,0.3492028976333639,0.23799192127027757,0.4128051810963586,A,2026-07-24T22:41:12.054945+00:00
567358,PPL,94,2025,12,2026-11-29 16:00:00+00:00,503,498,212.0,228.0,1.6328151434048743,1.954223884851767,0.3239798831534286,0.22234202208858325,0.45367809475798837,A,2026-07-24T22:41:12.075878+00:00
567359,PPL,94,2025,12,2026-11-29 16:00:00+00:00,6618,5613,4716.0,217.0,1.4789823910094515,1.8125738603537302,0.31326644629484357,0.2327892033539334,0.4539443503512231,A,2026-07-24T22:41:12.094434+00:00
567360,PPL,94,2025,12,2026-11-29 16:00:00+00:00,1903,5531,211.0,242.0,2.055079537120127,1.5141851678201912,0.4996837553485242,0.21805485860617616,0.28226138604529954,H,2026-07-24T22:41:12.114405+00:00
567361,PPL,94,2025,12,2026-11-29 16:00:00+00:00,5575,5529,214.0,225.0,1.561756421991862,1.6942126505941177,0.35332276583247585,0.23699419331841476,0.40968304084910945,A,2026-07-24T22:41:12.133305+00:00
567362,PPL,94,2025,12,2026-11-29 16:00:00+00:00,712,496,240.0,226.0,1.6547265833932667,1.627815246288231,0.38750255495483343,0.23640577413340352,0.37609167091176293,H,2026-07-24T22:41:12.153508+00:00
567363,PPL,94,2025,12,2026-11-29 16:00:00+00:00,5533,582,762.0,230.0,1.6176696517965097,1.692858015567316,0.3665666005153748,0.23512867733570075,0.39830472214892454,A,2026-07-24T22:41:12.172377+00:00
567364,PPL,94,2025,12,2026-11-29 16:00:00+00:00,5527,7822,238.0,4724.0,1.653303778718994,1.6634956180698364,0.38033066729142684,0.23503981285456704,0.3846295198540063,A,2026-07-24T22:41:12.192255+00:00
567365,PPL,94,2025,13,2026-12-06 16:00:00+00:00,498,5575,228.0,214.0,2.396747246013678,1.3590139918091877,0.6006994613034273,0.19443980993345633,0.2048607287631165,H,2026-07-24T22:41:12.211161+00:00
567366,PPL,94,2025,13,2026-12-06 16:00:00+00:00,9136,5533,15130.0,762.0,1.5200130191288899,1.6534215875720033,0.35101292984225485,0.2404723710492791,0.408514699108466,A,2026-07-24T22:41:12.230897+00:00
567367,PPL,94,2025,13,2026-12-06 16:00:00+00:00,7822,583,4724.0,215.0,1.7081203260164106,1.629798778438507,0.39944797349010125,0.23402541951019307,0.3665266069997057,H,2026-07-24T22:41:12.249607+00:00
567368,PPL,94,2025,13,2026-12-06 16:00:00+00:00,5530,503,227.0,212.0,1.4820708621601166,1.8124416523859948,0.31399824230277706,0.23273599267662926,0.4532657650205937,A,2026-07-24T22:41:12.269453+00:00
567369,PPL,94,2025,13,2026-12-06 16:00:00+00:00,5529,1903,225.0,211.0,1.3314511210314388,2.1613812607187906,0.22851551389484953,0.21022965109395186,0.5612548350111985,A,2026-07-24T22:41:12.288581+00:00
567370,PPL,94,2025,13,2026-12-06 16:00:00+00:00,582,5543,230.0,224.0,1.5818239912289274,1.777672461261341,0.3428937675122803,0.2322572630786852,0.42484896940903444,A,2026-07-24T22:41:12.309125+00:00
567371,PPL,94,2025,13,2026-12-06 16:00:00+00:00,496,6618,226.0,4716.0,1.579304820706198,1.714861749812858,0.3536246125819852,0.23541263795474504,0.41096274946326966,A,2026-07-24T22:41:12.331675+00:00
567372,PPL,94,2025,13,2026-12-06 16:00:00+00:00,5613,712,217.0,240.0,1.8872445586272266,1.4731263880809715,0.47199737972877975,0.22844225150178482,0.29956036876943565,H,2026-07-24T22:41:12.354291+00:00
567373,PPL,94,2025,13,2026-12-06 16:00:00+00:00,5531,5527,242.0,238.0,1.6760741770058019,1.6302865382241472,0.39197115323734877,0.23540026017774376,0.3726285865849074,H,2026-07-24T22:41:12.374440+00:00
567374,PPL,94,2025,14,2026-12-13 16:00:00+00:00,5575,496,214.0,226.0,1.5871272238526486,1.744992773610988,0.3499598994879639,0.2337101337054021,0.416329966806634,A,2026-07-24T22:41:12.393877+00:00
567375,PPL,94,2025,14,2026-12-13 16:00:00+00:00,5527,712,238.0,240.0,1.723860923261689,1.5897516418186812,0.41095617675041096,0.23464473259632024,0.3543990906532688,H,2026-07-24T22:41:12.413809+00:00
567376,PPL,94,2025,14,2026-12-13 16:00:00+00:00,5533,498,762.0,228.0,1.3410241339721605,2.1845974628336298,0.2274594245313632,0.20872471523681677,0.5638158602318201,A,2026-07-24T22:41:12.433396+00:00
567377,PPL,94,2025,14,2026-12-13 16:00:00+00:00,6618,5529,4716.0,225.0,1.694097931250054,1.569989069337285,0.40801095880195615,0.23672430943794778,0.35526473176009615,H,2026-07-24T22:41:12.453326+00:00
567378,PPL,94,2025,14,2026-12-13 16:00:00+00:00,5543,7822,224.0,4724.0,1.71482770460264,1.6213146481780436,0.4026469430520778,0.23401997886341558,0.3633330780845065,H,2026-07-24T22:41:12.473205+00:00
567379,PPL,94,2025,14,2026-12-13 16:00:00+00:00,583,5531,215.0,242.0,1.5745587387123354,1.7422376626039155,0.3475620008036922,0.23422259076027818,0.41821540843602967,A,2026-07-24T22:41:12.493160+00:00
567380,PPL,94,2025,14,2026-12-13 16:00:00+00:00,582,5530,230.0,227.0,1.5780877335216978,1.7142729882849523,0.35344999646040587,0.2354804211910493,0.4110695823485446,A,2026-07-24T22:41:12.512944+00:00
567381,PPL,94,2025,14,2026-12-13 16:00:00+00:00,1903,5613,211.0,217.0,1.9372907715883225,1.6388102387498418,0.4488117424868573,0.2230753957330369,0.3281128617801057,H,2026-07-24T22:41:12.533015+00:00
567382,PPL,94,2025,14,2026-12-13 16:00:00+00:00,503,9136,212.0,15130.0,2.027308465375704,1.391384125950427,0.5201700677995892,0.21997580587034812,0.25985412633006266,H,2026-07-24T22:41:12.553956+00:00
567383,PPL,94,2025,15,2026-12-20 16:00:00+00:00,496,1903,226.0,211.0,1.3636458215127703,2.212407115892798,0.22848942588343465,0.2071211537787915,0.564389420337774,A,2026-07-24T22:41:12.575520+00:00
567384,PPL,94,2025,15,2026-12-20 16:00:00+00:00,5613,5527,217.0,238.0,1.8181786587940698,1.5685047155471463,0.43670900389040795,0.23054031340508596,0.3327506827045062,H,2026-07-24T22:41:12.595026+00:00
567385,PPL,94,2025,15,2026-12-20 16:00:00+00:00,498,582,228.0,230.0,2.2456364662146258,1.4985676099154805,0.5418735604146036,0.20653131824863952,0.251595121336757,H,2026-07-24T22:41:12.615371+00:00
567386,PPL,94,2025,15,2026-12-20 16:00:00+00:00,9136,5575,15130.0,214.0,1.6423227769352058,1.603875201323246,0.3892561122782368,0.23788191375692092,0.3728619739648423,H,2026-07-24T22:41:12.635930+00:00
567387,PPL,94,2025,15,2026-12-20 16:00:00+00:00,5531,503,242.0,212.0,1.519689770328244,1.8715730067537064,0.31263283935892566,0.2286430764166414,0.45872408422443306,A,2026-07-24T22:41:12.656250+00:00
567388,PPL,94,2025,15,2026-12-20 16:00:00+00:00,7822,5533,4724.0,762.0,1.7097709639702867,1.5954670920638228,0.40657596953653935,0.23512357580110435,0.3583004546623563,H,2026-07-24T22:41:12.675415+00:00
567389,PPL,94,2025,15,2026-12-20 16:00:00+00:00,5530,5543,227.0,224.0,1.5809270152064314,1.655357213490401,0.3650226327770586,0.2381733210189025,0.39680404620403875,A,2026-07-24T22:41:12.695638+00:00
567390,PPL,94,2025,15,2026-12-20 16:00:00+00:00,5529,583,225.0,215.0,1.588983916515809,1.7028943903739624,0.35806356769621484,0.2356641939128129,0.4062722383909722,A,2026-07-24T22:41:12.714872+00:00
567391,PPL,94,2025,15,2026-12-20 16:00:00+00:00,712,6618,240.0,4716.0,1.576320702252986,1.6905360217661896,0.3573970431183209,0.2366810217539465,0.40592193512773256,A,2026-07-24T22:41:12.735173+00:00
567392,PPL,94,2025,16,2026-12-27 16:00:00+00:00,5543,496,224.0,226.0,1.82679069426726,1.5588718858972617,0.44061089609770443,0.23031261365104988,0.32907649025124563,H,2026-07-24T22:41:12.754342+00:00
567393,PPL,94,2025,16,2026-12-27 16:00:00+00:00,6618,5531,4716.0,242.0,1.5817256773228392,1.7178852148542525,0.3536334282666996,0.23518875678049828,0.4111778149528022,A,2026-07-24T22:41:12.774948+00:00
567394,PPL,94,2025,16,2026-12-27 16:00:00+00:00,503,5529,212.0,225.0,2.008800773297948,1.4560511382407961,0.5022086982893038,0.22109925033698125,0.27669205137371505,H,2026-07-24T22:41:12.794422+00:00
567395,PPL,94,2025,16,2026-12-27 16:00:00+00:00,5530,9136,227.0,15130.0,1.7482666614209548,1.4506973518476955,0.4450982594706097,0.23720869389087954,0.3176930466385106,H,2026-07-24T22:41:12.815131+00:00
567396,PPL,94,2025,16,2026-12-27 16:00:00+00:00,583,5527,215.0,238.0,1.6164224109506173,1.7358101436005293,0.35835593470977545,0.2332297203211368,0.40841434496908763,A,2026-07-24T22:41:12.835044+00:00
567397,PPL,94,2025,16,2026-12-27 16:00:00+00:00,1903,498,211.0,228.0,1.8149583284978474,1.93857599223077,0.36599503214452317,0.21918052884037276,0.41482443901510413,A,2026-07-24T22:41:12.855317+00:00
567398,PPL,94,2025,16,2026-12-27 16:00:00+00:00,5533,712,762.0,240.0,1.6298630908070701,1.6365924426719916,0.38002695123166186,0.23708554590052858,0.3828875028678097,A,2026-07-24T22:41:12.875900+00:00
567399,PPL,94,2025,16,2026-12-27 16:00:00+00:00,5575,5613,214.0,217.0,1.3756336245153777,2.007689148500053,0.25928625820406276,0.22128950046441936,0.5194242413315178,A,2026-07-24T22:41:12.895610+00:00
567400,PPL,94,2025,16,2026-12-27 16:00:00+00:00,582,7822,230.0,4724.0,1.6537379423429768,1.746306247981912,0.36495562779653545,0.23154911408140041,0.4034952581220642,A,2026-07-24T22:41:12.915924+00:00
567401,PPL,94,2025,17,2027-01-10 12:00:00+00:00,5613,503,217.0,212.0,1.6504556703194806,1.807922456310407,0.3530661869513816,0.2289208425350854,0.4180129705135329,A,2026-07-24T22:41:12.936186+00:00
567402,PPL,94,2025,17,2027-01-10 12:00:00+00:00,9136,582,15130.0,230.0,1.54188854470431,1.7768991166222927,0.33387444842907915,0.23335516892235467,0.4327703826485661,A,2026-07-24T22:41:12.956902+00:00
567403,PPL,94,2025,17,2027-01-10 12:00:00+00:00,5531,5543,242.0,224.0,1.6234059556064548,1.7163826033361305,0.3635270893609386,0.23387914979111793,0.40259376084794346,A,2026-07-24T22:41:12.976401+00:00
567404,PPL,94,2025,17,2027-01-10 12:00:00+00:00,5529,5533,225.0,762.0,1.5927397976792044,1.6739515697159695,0.364303706539927,0.23688026460375816,0.398816028856315,A,2026-07-24T22:41:12.996408+00:00
567405,PPL,94,2025,17,2027-01-10 12:00:00+00:00,496,583,226.0,215.0,1.6299131275950824,1.7501548707450634,0.3588255742004102,0.23214622064342036,0.40902820515616944,A,2026-07-24T22:41:13.016847+00:00
567406,PPL,94,2025,17,2027-01-10 12:00:00+00:00,712,1903,240.0,211.0,1.3629748470953642,2.190010495201679,0.23127914766067903,0.20865468671547333,0.5600661656238476,A,2026-07-24T22:41:13.037665+00:00
567407,PPL,94,2025,17,2027-01-10 12:00:00+00:00,7822,5575,4724.0,214.0,1.850436436782392,1.554169843010177,0.4468772183231676,0.22915778539492687,0.3239649962819055,H,2026-07-24T22:41:13.057145+00:00
567408,PPL,94,2025,17,2027-01-10 12:00:00+00:00,5527,6618,238.0,4716.0,1.6798877999118649,1.667920484704058,0.38560738079751283,0.23380901696379652,0.3805836022386905,H,2026-07-24T22:41:13.078418+00:00
567409,PPL,94,2025,17,2027-01-10 12:00:00+00:00,498,5530,228.0,227.0,2.0784277590166336,1.507269271869368,0.5060455628621076,0.21668476830757177,0.2772696688303206,H,2026-07-24T22:41:13.097881+00:00
567410,PPL,94,2025,18,2027-01-17 12:00:00+00:00,5531,582,242.0,230.0,1.756486258443094,1.6667226110944948,0.4032769386915614,0.23068785937735528,0.3660352019310834,H,2026-07-24T22:41:13.119180+00:00
567411,PPL,94,2025,18,2027-01-17 12:00:00+00:00,498,9136,228.0,15130.0,2.3088892804306465,1.3757515842224641,0.5805621981447291,0.20074835414702305,0.21868944770824797,H,2026-07-24T22:41:13.138342+00:00
567412,PPL,94,2025,18,2027-01-17 12:00:00+00:00,5613,583,217.0,215.0,1.8900657974811268,1.5571795425256056,0.45507047005278095,0.22696864099204006,0.31796088895517904,H,2026-07-24T22:41:13.158651+00:00
567413,PPL,94,2025,18,2027-01-17 12:00:00+00:00,496,5533,226.0,762.0,1.6291510593385803,1.70589483828234,0.36679069230629996,0.23414594909465042,0.39906335859904973,A,2026-07-24T22:41:13.177719+00:00
567414,PPL,94,2025,18,2027-01-17 12:00:00+00:00,6618,5575,4716.0,214.0,1.807522620576488,1.5659490840161006,0.43482448561865333,0.23115280612455352,0.33402270825679303,H,2026-07-24T22:41:13.197941+00:00
567415,PPL,94,2025,18,2027-01-17 12:00:00+00:00,5529,5530,225.0,227.0,1.4816204481102166,1.7563977784874547,0.32350821715264805,0.23599221435998607,0.4404995684873657,A,2026-07-24T22:41:13.217025+00:00
567416,PPL,94,2025,18,2027-01-17 12:00:00+00:00,7822,503,4724.0,212.0,1.5071144387277655,1.9501484039772958,0.29702665545757084,0.22429175082684444,0.47868159371558483,A,2026-07-24T22:41:13.237392+00:00
567417,PPL,94,2025,18,2027-01-17 12:00:00+00:00,5527,1903,238.0,211.0,1.4480007965793686,2.14221673135473,0.2554763705557479,0.21263253839996918,0.531891091044283,A,2026-07-24T22:41:13.256569+00:00
567418,PPL,94,2025,18,2027-01-17 12:00:00+00:00,712,5543,240.0,224.0,1.5118033874952537,1.8142259896072144,0.3205105353127204,0.2320240912246196,0.44746537346266,A,2026-07-24T22:41:13.276822+00:00
567419,PPL,94,2025,19,2027-01-24 12:00:00+00:00,9136,7822,15130.0,4724.0,1.490106864588483,1.7976243205709688,0.31836617117833377,0.2334292950762155,0.44820453374545083,A,2026-07-24T22:41:13.295950+00:00
567420,PPL,94,2025,19,2027-01-24 12:00:00+00:00,583,712,215.0,240.0,1.6920536817575984,1.6721266593079396,0.3875914534999708,0.23316131070492271,0.3792472357951065,H,2026-07-24T22:41:13.316526+00:00
567421,PPL,94,2025,19,2027-01-24 12:00:00+00:00,582,5529,230.0,225.0,1.743270719944478,1.658048264649794,0.4019693470687775,0.2315373864179381,0.3664932665132845,H,2026-07-24T22:41:13.336688+00:00
567422,PPL,94,2025,19,2027-01-24 12:00:00+00:00,503,496,212.0,226.0,2.0474834143191685,1.5121745909932978,0.4985051266749086,0.21851317157424383,0.2829817017508475,H,2026-07-24T22:41:13.358993+00:00
567423,PPL,94,2025,19,2027-01-24 12:00:00+00:00,1903,6618,211.0,4716.0,2.1467041295586515,1.5119754645350525,0.5191660848154621,0.2125934596331343,0.26824045555140363,H,2026-07-24T22:41:13.379712+00:00
567424,PPL,94,2025,19,2027-01-24 12:00:00+00:00,5530,5527,227.0,238.0,1.655613002560949,1.640707581506155,0.38522313640393796,0.23586057166109053,0.37891629193497167,H,2026-07-24T22:41:13.399738+00:00
567425,PPL,94,2025,19,2027-01-24 12:00:00+00:00,5575,5531,214.0,242.0,1.470909363409678,1.9023392108623174,0.29662008556457625,0.22755793343694733,0.47582198099847656,A,2026-07-24T22:41:13.420304+00:00
567426,PPL,94,2025,19,2027-01-24 12:00:00+00:00,5533,5613,762.0,217.0,1.4469243915718217,1.9101031703554336,0.2899929633036084,0.2273510360875672,0.4826560006088244,A,2026-07-24T22:41:13.439827+00:00
567427,PPL,94,2025,19,2027-01-24 12:00:00+00:00,5543,498,224.0,228.0,1.4829676124901312,2.1213149653899213,0.2658129729160277,0.21407651799677713,0.5201105090871951,A,2026-07-24T22:41:13.459791+00:00
567428,PPL,94,2025,20,2027-01-31 12:00:00+00:00,6618,5533,4716.0,762.0,1.6821611043593487,1.642123024248223,0.39108506478669985,0.23469733888564243,0.3742175963276577,H,2026-07-24T22:41:13.479589+00:00
567429,PPL,94,2025,20,2027-01-31 12:00:00+00:00,5529,5543,225.0,224.0,1.4914976746120034,1.84498310080051,0.3106828669162733,0.23066057407202878,0.45865655901169794,A,2026-07-24T22:41:13.499584+00:00
567430,PPL,94,2025,20,2027-01-31 12:00:00+00:00,1903,583,211.0,215.0,2.203375156457533,1.517023976638745,0.5295671167496947,0.20921493648053344,0.26121794676977206,H,2026-07-24T22:41:13.519170+00:00
567431,PPL,94,2025,20,2027-01-31 12:00:00+00:00,5613,9136,217.0,15130.0,1.9478957062866968,1.447104393847581,0.49093725925078047,0.22497832688335298,0.28408441386586647,H,2026-07-24T22:41:13.539042+00:00
567432,PPL,94,2025,20,2027-01-31 12:00:00+00:00,712,503,240.0,212.0,1.4255107876652815,2.0212843520705737,0.26816391971437303,0.22037693561009286,0.511459144675534,A,2026-07-24T22:41:13.559271+00:00
567433,PPL,94,2025,20,2027-01-31 12:00:00+00:00,5531,5530,242.0,227.0,1.6242135191116325,1.6694471797070403,0.3724697257871399,0.23591452110119943,0.39161575311166075,A,2026-07-24T22:41:13.580792+00:00
567434,PPL,94,2025,20,2027-01-31 12:00:00+00:00,5527,5575,238.0,214.0,1.8596562695370022,1.5756346302852273,0.4445451611164656,0.2282282701474578,0.32722656873607653,H,2026-07-24T22:41:13.600331+00:00
567435,PPL,94,2025,20,2027-01-31 12:00:00+00:00,496,582,226.0,230.0,1.645615979855507,1.8101599304907092,0.3515797643860777,0.22895365130914339,0.4194665843047791,A,2026-07-24T22:41:13.621582+00:00
567436,PPL,94,2025,20,2027-01-31 12:00:00+00:00,7822,498,4724.0,228.0,1.4351937567620596,2.203181575805628,0.244399723637887,0.20861418698630144,0.5469860893758117,A,2026-07-24T22:41:13.640683+00:00
567437,PPL,94,2025,21,2027-02-07 12:00:00+00:00,5575,712,214.0,240.0,1.5714641798222375,1.7947505642543617,0.3375131543652441,0.23167113484171617,0.43081571079303965,A,2026-07-24T22:41:13.662770+00:00
567438,PPL,94,2025,21,2027-02-07 12:00:00+00:00,5530,7822,227.0,4724.0,1.662242745781304,1.6540866316026204,0.38419036871963697,0.2350597126349941,0.380749918645369,H,2026-07-24T22:41:13.681322+00:00
567439,PPL,94,2025,21,2027-02-07 12:00:00+00:00,582,1903,230.0,211.0,1.446314395034755,2.2398855304181633,0.24174285627601425,0.20637035391610722,0.5518867898078785,A,2026-07-24T22:41:13.701100+00:00
567440,PPL,94,2025,21,2027-02-07 12:00:00+00:00,498,496,228.0,226.0,2.3219259016526963,1.476293188531005,0.5614377532673602,0.20157564658246802,0.23698660015017176,H,2026-07-24T22:41:13.719761+00:00
567441,PPL,94,2025,21,2027-02-07 12:00:00+00:00,503,5527,212.0,238.0,1.9305322650803638,1.6004706817383951,0.45509231807586625,0.22408515524863523,0.32082252667549827,H,2026-07-24T22:41:13.739492+00:00
567442,PPL,94,2025,21,2027-02-07 12:00:00+00:00,9136,5529,15130.0,225.0,1.5660854097212435,1.6923278872927987,0.3546796051659572,0.23694162844262037,0.40837876639142234,A,2026-07-24T22:41:13.758274+00:00
567443,PPL,94,2025,21,2027-02-07 12:00:00+00:00,5543,5613,224.0,217.0,1.5914057011194136,1.823585086677514,0.33699644983921545,0.22971706638666312,0.4332864837741214,A,2026-07-24T22:41:13.778660+00:00
567444,PPL,94,2025,21,2027-02-07 12:00:00+00:00,5533,5531,762.0,242.0,1.542948123066857,1.7947307073286365,0.3310004918641227,0.23238235324238296,0.43661715489349423,A,2026-07-24T22:41:13.797860+00:00
567445,PPL,94,2025,21,2027-02-07 12:00:00+00:00,583,6618,215.0,4716.0,1.6442531215559453,1.7396843855679254,0.3640112120823106,0.23214943395788135,0.4038393539598082,A,2026-07-24T22:41:13.818242+00:00
567446,PPL,94,2025,22,2027-02-14 12:00:00+00:00,712,582,240.0,230.0,1.6425026836154237,1.78444389725518,0.3554788908840123,0.23021133078070355,0.4143097783352841,A,2026-07-24T22:41:13.837172+00:00
567447,PPL,94,2025,22,2027-02-14 12:00:00+00:00,5529,498,225.0,228.0,1.3356372014173563,2.3027644108860823,0.21149161039206257,0.2003514022029417,0.5881569874049957,A,2026-07-24T22:41:13.857905+00:00
567448,PPL,94,2025,22,2027-02-14 12:00:00+00:00,583,503,215.0,212.0,1.4762155857182415,2.0362771880020887,0.27691979839321307,0.21932189431121274,0.5037583072955741,A,2026-07-24T22:41:13.877735+00:00
567449,PPL,94,2025,22,2027-02-14 12:00:00+00:00,5613,7822,217.0,4724.0,1.8412226230830735,1.622166045843155,0.431051867081087,0.228103704911414,0.34084442800749903,H,2026-07-24T22:41:13.897773+00:00
567450,PPL,94,2025,22,2027-02-14 12:00:00+00:00,5527,5533,238.0,762.0,1.730581503379966,1.652294439080987,0.4002035646014259,0.2322746816343546,0.3675217537642194,H,2026-07-24T22:41:13.917803+00:00
567451,PPL,94,2025,22,2027-02-14 12:00:00+00:00,1903,5575,211.0,214.0,2.3778799847240553,1.4285707383564215,0.5822107688788785,0.19722838754290162,0.22056084357822,H,2026-07-24T22:41:13.937632+00:00
567452,PPL,94,2025,22,2027-02-14 12:00:00+00:00,6618,5543,4716.0,224.0,1.5728085694400873,1.8020663553385168,0.33653687332464144,0.23126385925775061,0.43219926741760806,A,2026-07-24T22:41:13.957101+00:00
567453,PPL,94,2025,22,2027-02-14 12:00:00+00:00,5531,9136,242.0,15130.0,1.8057254674510823,1.5298299800629203,0.44180854848332834,0.2320982332023708,0.3260932183143008,H,2026-07-24T22:41:13.976365+00:00
567454,PPL,94,2025,22,2027-02-14 12:00:00+00:00,496,5530,226.0,227.0,1.521924216621064,1.813125846467017,0.32301311520154175,0.23186796857186273,0.4451189162265954,A,2026-07-24T22:41:13.995778+00:00
567455,PPL,94,2025,23,2027-02-21 12:00:00+00:00,5543,5527,224.0,238.0,1.7375788656004403,1.6927031360742777,0.39400583554983715,0.23059078216594237,0.37540338228422054,H,2026-07-24T22:41:14.015904+00:00
567456,PPL,94,2025,23,2027-02-21 12:00:00+00:00,5575,583,214.0,215.0,1.564874599363922,1.8656591813230297,0.3237902409263521,0.22813124682453687,0.4480785122491109,A,2026-07-24T22:41:14.035742+00:00
567457,PPL,94,2025,23,2027-02-21 12:00:00+00:00,582,5613,230.0,217.0,1.5348379286900842,1.9646404964474782,0.3008237977031031,0.2231525350549819,0.4760236672419149,A,2026-07-24T22:41:14.055212+00:00
567458,PPL,94,2025,23,2027-02-21 12:00:00+00:00,5533,1903,762.0,211.0,1.375334275615617,2.234530855606199,0.2280083933476441,0.20578257756940657,0.5662090290829495,A,2026-07-24T22:41:14.074645+00:00
567459,PPL,94,2025,23,2027-02-21 12:00:00+00:00,503,6618,212.0,4716.0,1.952726525781195,1.5770246342196659,0.46470782985956666,0.2232782969884612,0.3120138731519721,H,2026-07-24T22:41:14.093616+00:00
567460,PPL,94,2025,23,2027-02-21 12:00:00+00:00,498,5531,228.0,242.0,2.1379458212356592,1.5816422610039034,0.5027975823605608,0.21309501477288184,0.2841074028665574,H,2026-07-24T22:41:14.114549+00:00
567461,PPL,94,2025,23,2027-02-21 12:00:00+00:00,5530,712,227.0,240.0,1.7331926482675297,1.5807720122093456,0.41489303826263585,0.23447751006473236,0.35062945167263176,H,2026-07-24T22:41:14.133201+00:00
567462,PPL,94,2025,23,2027-02-21 12:00:00+00:00,9136,496,15130.0,226.0,1.5915287402306852,1.7430498907743457,0.3513232143130247,0.23367024815828577,0.41500653752868943,A,2026-07-24T22:41:14.153263+00:00
567463,PPL,94,2025,23,2027-02-21 12:00:00+00:00,7822,5529,4724.0,225.0,1.7617803908967122,1.6329693764801096,0.4110659788002144,0.23152450235513033,0.3574095188446551,H,2026-07-24T22:41:14.171978+00:00
567464,PPL,94,2025,24,2027-02-28 12:00:00+00:00,496,7822,226.0,4724.0,1.5947985831875213,1.8470588866795015,0.3336913677082524,0.22845788283140683,0.43785074946034086,A,2026-07-24T22:41:14.191820+00:00
567465,PPL,94,2025,24,2027-02-28 12:00:00+00:00,5575,5533,214.0,762.0,1.5641438519659654,1.8183967178736442,0.3317229859346491,0.2306314465742192,0.43764556749113165,A,2026-07-24T22:41:14.210573+00:00
567466,PPL,94,2025,24,2027-02-28 12:00:00+00:00,6618,582,4716.0,230.0,1.7040581388191045,1.7573677461255486,0.37429723718790125,0.22941111738950493,0.3962916454225938,A,2026-07-24T22:41:14.230292+00:00
567467,PPL,94,2025,24,2027-02-28 12:00:00+00:00,583,5543,215.0,224.0,1.5746682634905733,1.859271253119192,0.3270751777098325,0.22826841702108822,0.4446564052690793,A,2026-07-24T22:41:14.249196+00:00
567468,PPL,94,2025,24,2027-02-28 12:00:00+00:00,1903,503,211.0,212.0,1.9369076107467902,1.7992354644621251,0.41743774250572746,0.21963633880627875,0.3629259186879938,H,2026-07-24T22:41:14.269040+00:00
567469,PPL,94,2025,24,2027-02-28 12:00:00+00:00,5531,5529,242.0,225.0,1.7892891406760199,1.6011587361485613,0.4236032718340257,0.23115771077449412,0.3452390173914801,H,2026-07-24T22:41:14.289269+00:00
567470,PPL,94,2025,24,2027-02-28 12:00:00+00:00,5613,5530,217.0,227.0,1.7668582107757196,1.6199209022192833,0.41479147411390765,0.23168715748629037,0.3535213683998019,H,2026-07-24T22:41:14.309294+00:00
567471,PPL,94,2025,24,2027-02-28 12:00:00+00:00,712,498,240.0,228.0,1.3614819882942002,2.3035544632882354,0.21651836430254276,0.20083120819026204,0.5826504275071953,A,2026-07-24T22:41:14.327863+00:00
567472,PPL,94,2025,24,2027-02-28 12:00:00+00:00,5527,9136,238.0,15130.0,1.7868063357372987,1.5817306378784293,0.4269413481405728,0.23180422758533614,0.34125442427409114,H,2026-07-24T22:41:14.347928+00:00
567473,PPL,94,2025,25,2027-03-07 12:00:00+00:00,5533,583,762.0,215.0,1.6416688059813083,1.7601786236807024,0.3596783002194055,0.23132653488229996,0.4089951648982945,A,2026-07-24T22:41:14.367461+00:00
567474,PPL,94,2025,25,2027-03-07 12:00:00+00:00,503,5575,212.0,214.0,2.1594231293751855,1.483579183737357,0.5277849910032019,0.21172690651909373,0.26048810247770426,H,2026-07-24T22:41:14.387727+00:00
567475,PPL,94,2025,25,2027-03-07 12:00:00+00:00,7822,5531,4724.0,242.0,1.6447892530434676,1.7869833317921882,0.3555389757706401,0.23002942785873567,0.4144315963706243,A,2026-07-24T22:41:14.408697+00:00
567476,PPL,94,2025,25,2027-03-07 12:00:00+00:00,5530,6618,227.0,4716.0,1.6841963730450071,1.644530982997518,0.3910887901933758,0.23452150328214952,0.3743897065244747,H,2026-07-24T22:41:14.429508+00:00
567477,PPL,94,2025,25,2027-03-07 12:00:00+00:00,498,5613,228.0,217.0,2.0152952200799854,1.71199904219556,0.4509132720308359,0.21812934445069412,0.33095738351847,H,2026-07-24T22:41:14.449301+00:00
567478,PPL,94,2025,25,2027-03-07 12:00:00+00:00,9136,712,15130.0,240.0,1.5624063452360253,1.7474327624967314,0.34382548191281787,0.23432022158686525,0.42185429650031697,A,2026-07-24T22:41:14.468619+00:00
567479,PPL,94,2025,25,2027-03-07 12:00:00+00:00,5543,1903,224.0,211.0,1.5124245918264556,2.1329434024546257,0.27032856533550415,0.21341879833208877,0.5162526363324069,A,2026-07-24T22:41:14.488244+00:00
567480,PPL,94,2025,25,2027-03-07 12:00:00+00:00,5529,496,225.0,226.0,1.6606893237864018,1.7423726955734913,0.3672588425154168,0.2314877392787715,0.40125341820581173,A,2026-07-24T22:41:14.507246+00:00
567481,PPL,94,2025,25,2027-03-07 12:00:00+00:00,582,5527,230.0,238.0,1.6756555362639445,1.8233642302038582,0.35595594835147276,0.22752965466052524,0.41651439698800197,A,2026-07-24T22:41:14.526812+00:00
567482,PPL,94,2025,26,2027-03-14 12:00:00+00:00,5575,5543,214.0,224.0,1.4626860225996159,1.9960201464018898,0.2800881062405646,0.2218689455005776,0.49804294825885786,A,2026-07-24T22:41:14.547212+00:00
567483,PPL,94,2025,26,2027-03-14 12:00:00+00:00,1903,5530,211.0,227.0,2.0592178445233347,1.5780965400124791,0.48720895265782566,0.21747121429121372,0.29531983305096043,H,2026-07-24T22:41:14.567832+00:00
567484,PPL,94,2025,26,2027-03-14 12:00:00+00:00,712,7822,240.0,4724.0,1.5917842820324335,1.8208045345601496,0.33756682483169853,0.22984707277175062,0.43258610239655093,A,2026-07-24T22:41:14.588108+00:00
567485,PPL,94,2025,26,2027-03-14 12:00:00+00:00,5527,498,238.0,228.0,1.4484766512909757,2.2629597145334146,0.23912077754090025,0.20492136033437808,0.5559578621247216,A,2026-07-24T22:41:14.608897+00:00
567486,PPL,94,2025,26,2027-03-14 12:00:00+00:00,503,5533,212.0,762.0,2.006105841234729,1.5489963269652098,0.4819956960003633,0.22066287192743816,0.29734143207219843,H,2026-07-24T22:41:14.627916+00:00
567487,PPL,94,2025,26,2027-03-14 12:00:00+00:00,6618,9136,4716.0,15130.0,1.746765924435444,1.5990901970896967,0.4143506356328043,0.23326144579564617,0.35238791857154944,H,2026-07-24T22:41:14.650314+00:00
567488,PPL,94,2025,26,2027-03-14 12:00:00+00:00,5613,5529,217.0,225.0,1.9412721754595101,1.5405138469233102,0.46976244789702915,0.22440340088640023,0.30583415121657076,H,2026-07-24T22:41:14.669270+00:00
567489,PPL,94,2025,26,2027-03-14 12:00:00+00:00,5531,496,242.0,226.0,1.818472067135601,1.64906940056349,0.4206422050669679,0.22847959506375265,0.3508781998692794,H,2026-07-24T22:41:14.689568+00:00
567490,PPL,94,2025,26,2027-03-14 12:00:00+00:00,583,582,215.0,230.0,1.7060778513802126,1.813115348926157,0.3645721703121699,0.22708797192580157,0.4083398577620287,A,2026-07-24T22:41:14.708872+00:00
567491,PPL,94,2025,27,2027-03-21 12:00:00+00:00,5529,712,225.0,240.0,1.630262504009385,1.74675381683764,0.35952515744736013,0.23228876363337372,0.408186078919266,A,2026-07-24T22:41:14.729186+00:00
567492,PPL,94,2025,27,2027-03-21 12:00:00+00:00,5543,5533,224.0,762.0,1.80281727396321,1.631184365581086,0.4206737755238029,0.22969051066160825,0.3496357138145887,H,2026-07-24T22:41:14.748331+00:00
567493,PPL,94,2025,27,2027-03-21 12:00:00+00:00,9136,583,15130.0,215.0,1.5558559295789014,1.816421126855576,0.3301817290121195,0.2309277857963126,0.4388904851915678,A,2026-07-24T22:41:14.768641+00:00
567494,PPL,94,2025,27,2027-03-21 12:00:00+00:00,7822,1903,4724.0,211.0,1.4657610849308638,2.2248334122044833,0.24773525532394491,0.2075258628625646,0.5447388818134906,A,2026-07-24T22:41:14.787953+00:00
567495,PPL,94,2025,27,2027-03-21 12:00:00+00:00,582,503,230.0,212.0,1.51931132871743,2.0940835054948654,0.2775000256469106,0.21573124245279227,0.5067687319002971,A,2026-07-24T22:41:14.808337+00:00
567496,PPL,94,2025,27,2027-03-21 12:00:00+00:00,5530,5575,227.0,214.0,1.8617609559801895,1.5469613784414515,0.45088834954761875,0.22869037527815894,0.32042127517422214,H,2026-07-24T22:41:14.827311+00:00
567497,PPL,94,2025,27,2027-03-21 12:00:00+00:00,498,6618,228.0,4716.0,2.2205684302744197,1.5527498572432648,0.5254989941322917,0.20837095782499465,0.2661300480427137,H,2026-07-24T22:41:14.849307+00:00
567498,PPL,94,2025,27,2027-03-21 12:00:00+00:00,496,5527,226.0,238.0,1.599853774065902,1.8717903055753484,0.3305789799570175,0.22709940897509664,0.44232161106788576,A,2026-07-24T22:41:14.868512+00:00
567499,PPL,94,2025,27,2027-03-21 12:00:00+00:00,5531,5613,242.0,217.0,1.5729482056429442,1.888797486106904,0.32169368640811435,0.22675155857383017,0.4515547550180556,A,2026-07-24T22:41:14.889180+00:00
567500,PPL,94,2025,28,2027-04-04 12:00:00+00:00,712,5531,240.0,242.0,1.5599444757823704,1.8679775502018259,0.32229099951876106,0.2281045642264835,0.4496044362547554,A,2026-07-24T22:41:14.909248+00:00
567501,PPL,94,2025,28,2027-04-04 12:00:00+00:00,5533,5530,762.0,227.0,1.5306880554204825,1.8157187620967372,0.3245697055081779,0.23153366329066397,0.4438966312011582,A,2026-07-24T22:41:14.929207+00:00
567502,PPL,94,2025,28,2027-04-04 12:00:00+00:00,6618,7822,4716.0,4724.0,1.653750216766425,1.800863617799458,0.3550684303643245,0.22914545847936052,0.41578611115631514,A,2026-07-24T22:41:14.949213+00:00
567503,PPL,94,2025,28,2027-04-04 12:00:00+00:00,583,498,215.0,228.0,1.4158733846233524,2.3509127685779627,0.22140020323598086,0.1987293565333506,0.5798704402306686,A,2026-07-24T22:41:14.969571+00:00
567504,PPL,94,2025,28,2027-04-04 12:00:00+00:00,5527,5529,238.0,225.0,1.7781892561466106,1.676935538059306,0.40618204903252353,0.22943969174814832,0.36437825921932815,H,2026-07-24T22:41:14.990322+00:00
567505,PPL,94,2025,28,2027-04-04 12:00:00+00:00,5613,496,217.0,226.0,1.9758440333550533,1.5933449096482273,0.46635262756724966,0.22182249833408557,0.31182487409866483,H,2026-07-24T22:41:15.010026+00:00
567506,PPL,94,2025,28,2027-04-04 12:00:00+00:00,5575,582,214.0,230.0,1.5867290260703517,1.9547585896090223,0.3138112392438393,0.22303139862584617,0.4631573621303145,A,2026-07-24T22:41:15.030300+00:00
567507,PPL,94,2025,28,2027-04-04 12:00:00+00:00,503,5543,212.0,224.0,1.877781212043279,1.7068883596096378,0.4224095404611712,0.22434075424855443,0.35324970529027444,H,2026-07-24T22:41:15.049841+00:00
567508,PPL,94,2025,28,2027-04-04 12:00:00+00:00,1903,9136,211.0,15130.0,2.294118142270587,1.452514469434397,0.5611551011008281,0.20299057871002385,0.23585432018914806,H,2026-07-24T22:41:15.070010+00:00
567509,PPL,94,2025,29,2027-04-11 12:00:00+00:00,498,503,228.0,212.0,1.9976278628346273,1.83222414311168,0.4240158925059628,0.216561780203594,0.3594223272904431,H,2026-07-24T22:41:15.089528+00:00
567510,PPL,94,2025,29,2027-04-11 12:00:00+00:00,5531,1903,242.0,211.0,1.4927776463367082,2.2000171645913875,0.25669361741770336,0.2092786941160582,0.5340276884662385,A,2026-07-24T22:41:15.109383+00:00
567511,PPL,94,2025,29,2027-04-11 12:00:00+00:00,5529,5575,225.0,214.0,1.7484693700350906,1.701983417962428,0.3946880925292497,0.22983510019191616,0.3754768072788341,H,2026-07-24T22:41:15.128783+00:00
567512,PPL,94,2025,29,2027-04-11 12:00:00+00:00,5530,583,227.0,215.0,1.7383294201174764,1.6785063968405676,0.39689742314705584,0.2310528431430181,0.3720497337099261,H,2026-07-24T22:41:15.150086+00:00
567513,PPL,94,2025,29,2027-04-11 12:00:00+00:00,496,712,226.0,240.0,1.6723447779506804,1.7954496345416973,0.36021993401210206,0.22884034749144017,0.41093971849645766,A,2026-07-24T22:41:15.169420+00:00
567514,PPL,94,2025,29,2027-04-11 12:00:00+00:00,5613,6618,217.0,4716.0,1.8763695224581438,1.640608697775923,0.4351495287402657,0.22598732564425522,0.3388631456154791,H,2026-07-24T22:41:15.189374+00:00
567515,PPL,94,2025,29,2027-04-11 12:00:00+00:00,7822,5527,4724.0,238.0,1.6958570503226982,1.8034244381355016,0.36404409610628935,0.22779661881053523,0.40815928508317534,A,2026-07-24T22:41:15.208011+00:00
567516,PPL,94,2025,29,2027-04-11 12:00:00+00:00,9136,5543,15130.0,224.0,1.454274704878714,1.943251829932493,0.2864033516229254,0.22521219227619596,0.4883844561008785,A,2026-07-24T22:41:15.227884+00:00
567517,PPL,94,2025,29,2027-04-11 12:00:00+00:00,582,5533,230.0,762.0,1.7410001138479718,1.7645020963154763,0.3812483183732096,0.22787005493785012,0.39088162668894016,A,2026-07-24T22:41:15.246598+00:00
567518,PPL,94,2025,30,2027-04-18 12:00:00+00:00,1903,5529,211.0,225.0,2.273116304376955,1.5201229543244172,0.5427153985835764,0.2050601411820006,0.25222446023442285,H,2026-07-24T22:41:15.266270+00:00
567519,PPL,94,2025,30,2027-04-18 12:00:00+00:00,503,5530,212.0,227.0,1.8760197145354498,1.6531357127232822,0.4325815612382809,0.22571823776567512,0.34170020099604403,H,2026-07-24T22:41:15.284907+00:00
567520,PPL,94,2025,30,2027-04-18 12:00:00+00:00,5575,498,214.0,228.0,1.3155347447443666,2.524768962317803,0.18251364639793144,0.18449534195535536,0.6329910116467132,A,2026-07-24T22:41:15.304933+00:00
567521,PPL,94,2025,30,2027-04-18 12:00:00+00:00,583,7822,215.0,4724.0,1.6557085942786072,1.8580293030988309,0.3453979717042763,0.22649274206703,0.4281092862286938,A,2026-07-24T22:41:15.323644+00:00
567522,PPL,94,2025,30,2027-04-18 12:00:00+00:00,5527,5531,238.0,242.0,1.66007832086959,1.8352202984240287,0.3503762850542442,0.22742406325153788,0.42219965169421797,A,2026-07-24T22:41:15.343611+00:00
567523,PPL,94,2025,30,2027-04-18 12:00:00+00:00,5543,582,224.0,230.0,1.8263305133196464,1.7456385615142822,0.40368701271936264,0.2253686969683264,0.37094429031231096,H,2026-07-24T22:41:15.362280+00:00
567524,PPL,94,2025,30,2027-04-18 12:00:00+00:00,6618,496,4716.0,226.0,1.7616118812278008,1.7312972421711432,0.3920673539133533,0.22831434391730338,0.3796183021693433,H,2026-07-24T22:41:15.382673+00:00
567525,PPL,94,2025,30,2027-04-18 12:00:00+00:00,5533,9136,762.0,15130.0,1.7014335862850825,1.6635108181719402,0.39138774659665654,0.2331017917598631,0.3755104616434803,H,2026-07-24T22:41:15.402418+00:00
567526,PPL,94,2025,30,2027-04-18 12:00:00+00:00,712,5613,240.0,217.0,1.4712057069474425,2.022663736027042,0.2778902907663847,0.2201790052410027,0.5019307039926125,A,2026-07-24T22:41:15.421848+00:00
567527,PPL,94,2025,31,2027-04-25 12:00:00+00:00,7822,5543,4724.0,224.0,1.63556139925479,1.8748382031549866,0.33800683789582336,0.22617392775388934,0.4358192343502873,A,2026-07-24T22:41:15.442506+00:00
567528,PPL,94,2025,31,2027-04-25 12:00:00+00:00,496,5575,226.0,214.0,1.7911203540386091,1.7419203240537862,0.3966223283224601,0.22683808984624845,0.3765395818312916,H,2026-07-24T22:41:15.462010+00:00
567529,PPL,94,2025,31,2027-04-25 12:00:00+00:00,5529,6618,225.0,4716.0,1.5910740659122744,1.8409453283734285,0.3339093444475218,0.2288511742734671,0.437239481279011,A,2026-07-24T22:41:15.483665+00:00
567530,PPL,94,2025,31,2027-04-25 12:00:00+00:00,9136,503,15130.0,212.0,1.3713722243646167,2.1654315360656073,0.23628020090030244,0.2104495672769933,0.5532702318227043,A,2026-07-24T22:41:15.504120+00:00
567531,PPL,94,2025,31,2027-04-25 12:00:00+00:00,498,5533,228.0,762.0,2.2880525238972003,1.5382343979251647,0.5418217617642032,0.2043343566445367,0.25384388159126026,H,2026-07-24T22:41:15.524875+00:00
567532,PPL,94,2025,31,2027-04-25 12:00:00+00:00,5613,1903,217.0,211.0,1.618888619551945,2.1159972820043924,0.2952295330953324,0.21414767526654674,0.49062279163812084,A,2026-07-24T22:41:15.544556+00:00
567533,PPL,94,2025,31,2027-04-25 12:00:00+00:00,5530,582,227.0,230.0,1.752590899707182,1.728569431970075,0.39056596959121154,0.22875025790639933,0.3806837725023893,H,2026-07-24T22:41:15.567135+00:00
567534,PPL,94,2025,31,2027-04-25 12:00:00+00:00,712,5527,240.0,238.0,1.6037015293340235,1.8690748074411392,0.3319022998370381,0.227154629623857,0.440943070539105,A,2026-07-24T22:41:15.586761+00:00
567535,PPL,94,2025,31,2027-04-25 12:00:00+00:00,5531,583,242.0,215.0,1.7826680359484084,1.733150581605933,0.39640744130437083,0.227449389849141,0.37614316884648824,H,2026-07-24T22:41:15.606468+00:00
567536,PPL,94,2025,32,2027-05-02 12:00:00+00:00,5533,7822,762.0,4724.0,1.6085946311943675,1.8656396738412642,0.3335838007778219,0.2272205201446794,0.4391956790774987,A,2026-07-24T22:41:15.625493+00:00
567537,PPL,94,2025,32,2027-05-02 12:00:00+00:00,5543,5530,224.0,227.0,1.6886520702302001,1.7484959139565366,0.372464674882466,0.23029051754642593,0.397244807571108,A,2026-07-24T22:41:15.646731+00:00
567538,PPL,94,2025,32,2027-05-02 12:00:00+00:00,582,498,230.0,228.0,1.4550710326943996,2.4074519113987343,0.22207442518949097,0.1958668177166305,0.5820587570938786,A,2026-07-24T22:41:15.665779+00:00
567539,PPL,94,2025,32,2027-05-02 12:00:00+00:00,503,5531,212.0,242.0,1.9185329808974751,1.7054851608892616,0.4315369117598339,0.22260034381002014,0.34586274443014586,H,2026-07-24T22:41:15.685647+00:00
567540,PPL,94,2025,32,2027-05-02 12:00:00+00:00,583,5529,215.0,225.0,1.7404087308023544,1.749098680564027,0.38398450075853746,0.2284604467505718,0.3875550524908906,A,2026-07-24T22:41:15.704391+00:00
567541,PPL,94,2025,32,2027-05-02 12:00:00+00:00,6618,712,4716.0,240.0,1.729281580041907,1.7356497348823812,0.38400740353748586,0.22935895275453277,0.38663364370798137,A,2026-07-24T22:41:15.724201+00:00
567542,PPL,94,2025,32,2027-05-02 12:00:00+00:00,5527,5613,238.0,217.0,1.5654646138689623,1.9871231583259266,0.30393308062272545,0.22155443334421426,0.47451248603306007,A,2026-07-24T22:41:15.742973+00:00
567543,PPL,94,2025,32,2027-05-02 12:00:00+00:00,5575,9136,214.0,15130.0,1.6310773150752316,1.793515370214747,0.35126954129116006,0.23012567230749734,0.4186047864013426,A,2026-07-24T22:41:15.763060+00:00
567544,PPL,94,2025,32,2027-05-02 12:00:00+00:00,1903,496,211.0,226.0,2.3104053592341387,1.5655347574866427,0.5404515924239758,0.20327101496420139,0.2562773926118228,H,2026-07-24T22:41:15.781902+00:00
567552,PPL,94,2025,33,2027-05-09 12:00:00+00:00,498,1903,228.0,211.0,1.9284526866540752,2.045419250832842,0.3712526464790168,0.21272812930224066,0.41601922421874243,A,2026-07-24T22:41:15.802095+00:00
567553,PPL,94,2025,33,2027-05-09 12:00:00+00:00,9136,5530,15130.0,227.0,1.4570734744098603,1.8980651147968468,0.29419718609062817,0.22798600250128,0.47781681140809174,A,2026-07-24T22:41:15.821125+00:00
567545,PPL,94,2025,33,2027-05-09 12:00:00+00:00,496,5543,226.0,224.0,1.5541418742421977,1.9882370457796996,0.3012874694680946,0.22161511382451235,0.4770974167073931,A,2026-07-24T22:41:15.841171+00:00
567546,PPL,94,2025,33,2027-05-09 12:00:00+00:00,5527,583,238.0,215.0,1.763997004725833,1.792169888248395,0.3812354671593785,0.22606814342069295,0.39269638941992846,A,2026-07-24T22:41:15.859817+00:00
567547,PPL,94,2025,33,2027-05-09 12:00:00+00:00,5531,6618,242.0,4716.0,1.74454968844135,1.7496929585251852,0.3847989797960501,0.22829025367967384,0.3869107665242761,A,2026-07-24T22:41:15.880011+00:00
567548,PPL,94,2025,33,2027-05-09 12:00:00+00:00,5613,5575,217.0,214.0,2.080772472956118,1.556506920437538,0.49620127969756145,0.216389559472979,0.28740916082945955,H,2026-07-24T22:41:15.901173+00:00
567549,PPL,94,2025,33,2027-05-09 12:00:00+00:00,7822,582,4724.0,230.0,1.7722105742096026,1.828285730852887,0.3764310635581888,0.22447721842306945,0.3990917180187417,A,2026-07-24T22:41:15.921323+00:00
567550,PPL,94,2025,33,2027-05-09 12:00:00+00:00,712,5533,240.0,762.0,1.6590106728834544,1.785590092755207,0.35899929998987856,0.22966941828618317,0.41133128172393824,A,2026-07-24T22:41:15.940515+00:00
567551,PPL,94,2025,33,2027-05-09 12:00:00+00:00,5529,503,225.0,212.0,1.4306717502928379,2.164585647488113,0.24873773027173335,0.211076438614389,0.5401858311138776,A,2026-07-24T22:41:15.959385+00:00
567554,PPL,94,2025,34,2027-05-16 12:00:00+00:00,5575,7822,214.0,4724.0,1.5421875172402328,2.0119046474480027,0.2949539545767087,0.22039307792165586,0.48465296750163545,A,2026-07-24T22:41:15.978701+00:00
567555,PPL,94,2025,34,2027-05-16 12:00:00+00:00,5533,5529,762.0,225.0,1.690813460695539,1.756251182991071,0.3715212654428358,0.2299021954671101,0.3985765390900542,A,2026-07-24T22:41:15.997728+00:00
567556,PPL,94,2025,34,2027-05-16 12:00:00+00:00,1903,712,211.0,240.0,2.2677243672891003,1.5694587765371655,0.5313327636227128,0.2057450839860596,0.26292215239122757,H,2026-07-24T22:41:16.017062+00:00
567557,PPL,94,2025,34,2027-05-16 12:00:00+00:00,582,9136,230.0,15130.0,1.8053352399786187,1.710828035729219,0.40570075029507163,0.22726342095416036,0.367035828750768,H,2026-07-24T22:41:16.037520+00:00
567558,PPL,94,2025,34,2027-05-16 12:00:00+00:00,503,5613,212.0,217.0,1.8087555183756427,1.8463646549143393,0.38111749070187223,0.2226875374288427,0.3961949718692851,A,2026-07-24T22:41:16.058040+00:00
567559,PPL,94,2025,34,2027-05-16 12:00:00+00:00,6618,5527,4716.0,238.0,1.6661456429494852,1.8485911008564002,0.3493715750364467,0.22666200453789287,0.4239664204256604,A,2026-07-24T22:41:16.077864+00:00
567560,PPL,94,2025,34,2027-05-16 12:00:00+00:00,5543,5531,224.0,242.0,1.7268091159567902,1.8039543667318034,0.3708394796423883,0.22682463523848656,0.4023358851191251,A,2026-07-24T22:41:16.097768+00:00
567561,PPL,94,2025,34,2027-05-16 12:00:00+00:00,5530,498,227.0,228.0,1.454248155352584,2.2406151838076207,0.24325956784081904,0.20641182112053938,0.5503286110386416,A,2026-07-24T22:41:16.117363+00:00
567562,PPL,94,2025,34,2027-05-16 12:00:00+00:00,583,496,215.0,226.0,1.7687727059745946,1.8015712975695914,0.38055907493244745,0.22556732819881772,0.393873596868735,A,2026-07-24T22:41:16.138813+00:00
561761,ELC,40,2025,1,2026-08-14 19:00:00+00:00,76,59,39.0,67.0,1.5628766664676348,1.5651793574257042,0.37798581155425065,0.24302804490776955,0.3789861435379798,A,2026-07-24T22:41:16.158413+00:00
561762,ELC,40,2025,1,2026-08-15 11:30:00+00:00,60,1081,68.0,59.0,1.6410374698705879,1.5136162390481733,0.40687429926923474,0.2413386490069935,0.35178705172377184,H,2026-07-24T22:41:16.179861+00:00
561763,ELC,40,2025,1,2026-08-15 14:00:00+00:00,68,74,71.0,60.0,1.5966040866477553,1.621596570564196,0.3751059438831392,0.23908429060067063,0.3858097655161902,A,2026-07-24T22:41:16.198971+00:00
561764,ELC,40,2025,1,2026-08-15 14:00:00+00:00,387,384,56.0,58.0,1.5733057934499113,1.5301081394992184,0.38737984238919343,0.2440786132281581,0.3685415443826483,H,2026-07-24T22:41:16.219221+00:00
561765,ELC,40,2025,1,2026-08-15 14:00:00+00:00,343,1126,70.0,1379.0,1.6595796703134267,1.5525001149359132,0.40343643427285475,0.23901256324451087,0.3575510024826344,H,2026-07-24T22:41:16.238302+00:00
561766,ELC,40,2025,1,2026-08-15 14:00:00+00:00,70,72,75.0,76.0,1.5257571900474096,1.5649393414741717,0.3691046722545408,0.2446685228013845,0.3862268049440747,A,2026-07-24T22:41:16.258644+00:00
561767,ELC,40,2025,1,2026-08-15 14:00:00+00:00,348,342,1335.0,69.0,1.614614949103108,1.5180731907222158,0.39968394452783235,0.24252586513026006,0.35779019034190757,H,2026-07-24T22:41:16.277782+00:00
561768,ELC,40,2025,1,2026-08-15 14:00:00+00:00,325,69,1355.0,72.0,1.6057455804577143,1.5848773252095576,0.38435396789779064,0.24026832172102275,0.3753777103811865,H,2026-07-24T22:41:16.297829+00:00
561769,ELC,40,2025,1,2026-08-15 16:30:00+00:00,356,332,62.0,54.0,1.7838164993973964,1.387110525458839,0.4669442122941086,0.23626476970946925,0.296791017996422,H,2026-07-24T22:41:16.316483+00:00
561770,ELC,40,2025,1,2026-08-16 12:30:00+00:00,346,340,38.0,41.0,1.5318319579911819,1.707220827279707,0.34395805762579446,0.23729621473726753,0.418745727636938,A,2026-07-24T22:41:16.336985+00:00
561771,ELC,40,2025,1,2026-08-16 15:00:00+00:00,328,563,44.0,48.0,1.8324033448599493,1.3342802709513724,0.4897011194220406,0.23365842169841103,0.2766404588795484,H,2026-07-24T22:41:16.356117+00:00
561772,ELC,40,2025,1,2026-08-17 19:00:00+00:00,715,404,43.0,1837.0,1.5161611008664992,1.6526049583835232,0.35024968631709796,0.24064916985151705,0.40910114383138485,A,2026-07-24T22:41:16.376269+00:00
561773,ELC,40,2025,2,2026-08-22 11:30:00+00:00,332,387,54.0,56.0,1.5463684703069802,1.5943859769637703,0.3683972639610736,0.24238959173924818,0.38921314429967824,A,2026-07-24T22:41:16.397192+00:00
561781,ELC,40,2025,2,2026-08-22 11:30:00+00:00,1126,325,1379.0,1355.0,1.6941146522265897,1.5370206803024926,0.41463753562762423,0.23780928031274925,0.34755318405962654,H,2026-07-24T22:41:16.417748+00:00
561784,ELC,40,2025,2,2026-08-22 11:30:00+00:00,384,68,58.0,71.0,1.607405706183696,1.57067436441415,0.3875239998156073,0.2407822397979312,0.3716937603864616,H,2026-07-24T22:41:16.437145+00:00
561774,ELC,40,2025,2,2026-08-22 14:00:00+00:00,72,356,76.0,62.0,1.4462300342912788,1.6429719779795482,0.3352962859183843,0.2435366009434029,0.42116711313821265,A,2026-07-24T22:41:16.456106+00:00
561775,ELC,40,2025,2,2026-08-22 14:00:00+00:00,563,348,48.0,1335.0,1.6162433447935116,1.5536790842050403,0.3929692703113318,0.24105704879417794,0.36597368089449034,H,2026-07-24T22:41:16.475466+00:00
561777,ELC,40,2025,2,2026-08-22 14:00:00+00:00,342,715,69.0,43.0,1.6624915329210068,1.4775372111667306,0.41933762535623664,0.24141505693360255,0.33924731771016076,H,2026-07-24T22:41:16.496852+00:00
561778,ELC,40,2025,2,2026-08-22 14:00:00+00:00,1081,76,59.0,39.0,1.5579251406814096,1.5625954593598925,0.3773016934246821,0.24336530864993883,0.37933299792537895,A,2026-07-24T22:41:16.516302+00:00
561779,ELC,40,2025,2,2026-08-22 14:00:00+00:00,404,346,1837.0,38.0,1.6421935328461557,1.5365628815074561,0.40252693013075613,0.24044840920137744,0.3570246606678663,H,2026-07-24T22:41:16.535224+00:00
561780,ELC,40,2025,2,2026-08-22 14:00:00+00:00,59,343,67.0,70.0,1.588019683868749,1.5565878641864686,0.385678898321282,0.2422604583277755,0.3720606433509425,H,2026-07-24T22:41:16.554746+00:00
561782,ELC,40,2025,2,2026-08-22 14:00:00+00:00,340,70,41.0,75.0,1.8196549613689086,1.4697584289333985,0.45749738380063937,0.23254707639622857,0.30995553980313206,H,2026-07-24T22:41:16.575202+00:00
561783,ELC,40,2025,2,2026-08-22 14:00:00+00:00,69,60,72.0,68.0,1.5733307186996035,1.6018215090595387,0.37339460679556213,0.24092609507744686,0.385679298126991,A,2026-07-24T22:41:16.595145+00:00
561776,ELC,40,2025,2,2026-08-23 11:00:00+00:00,74,328,60.0,44.0,1.4020255312651753,1.685587656236811,0.31706876005924467,0.24226590698655998,0.44066533295419524,A,2026-07-24T22:41:16.614684+00:00
561796,ELC,40,2025,3,2026-08-28 19:00:00+00:00,404,332,1837.0,54.0,1.6742160651823375,1.5159999865079516,0.4142347306776545,0.239526649045152,0.34623862027719343,H,2026-07-24T22:41:16.634159+00:00
561789,ELC,40,2025,3,2026-08-29 11:30:00+00:00,76,70,39.0,75.0,1.6589059055000472,1.5010042393648537,0.41367427537795914,0.24083693073203474,0.3454887938900061,H,2026-07-24T22:41:16.653270+00:00
561791,ELC,40,2025,3,2026-08-29 11:30:00+00:00,342,72,69.0,76.0,1.5640195862707216,1.543359777921147,0.38252968046125696,0.2439450879593611,0.3735252315793819,H,2026-07-24T22:41:16.674110+00:00
561794,ELC,40,2025,3,2026-08-29 11:30:00+00:00,343,74,70.0,60.0,1.597079644915103,1.5871340003775583,0.38186351105514943,0.24055535669610303,0.3775811322487474,H,2026-07-24T22:41:16.692760+00:00
561785,ELC,40,2025,3,2026-08-29 14:00:00+00:00,68,328,71.0,44.0,1.4170457826152012,1.7957786766182804,0.3017774420887125,0.23497210167455526,0.46325045623673206,A,2026-07-24T22:41:16.712512+00:00
561786,ELC,40,2025,3,2026-08-29 14:00:00+00:00,60,1126,68.0,1379.0,1.626639488143494,1.5867915235523815,0.38891051621887696,0.23925723415113612,0.3718322496299869,H,2026-07-24T22:41:16.731273+00:00
561787,ELC,40,2025,3,2026-08-29 14:00:00+00:00,387,325,56.0,1355.0,1.6795329916061947,1.542324810623441,0.4101573424895998,0.2383754319941395,0.3514672255162608,H,2026-07-24T22:41:16.751030+00:00
561788,ELC,40,2025,3,2026-08-29 14:00:00+00:00,340,384,41.0,58.0,1.7418518311918314,1.5205685539134135,0.4290805976526021,0.23579135341987728,0.3351280489275206,H,2026-07-24T22:41:16.769783+00:00
561790,ELC,40,2025,3,2026-08-29 14:00:00+00:00,348,1081,1335.0,59.0,1.6365994458498474,1.526773205893109,0.40316723653214354,0.24108827439612035,0.3557444890717361,H,2026-07-24T22:41:16.789541+00:00
561792,ELC,40,2025,3,2026-08-29 14:00:00+00:00,59,69,67.0,72.0,1.6536818194304865,1.4883500480385594,0.4150228584245071,0.24154360219767343,0.3434335393778195,H,2026-07-24T22:41:16.808703+00:00
561793,ELC,40,2025,3,2026-08-29 14:00:00+00:00,715,356,43.0,62.0,1.385425318648952,1.74941125740863,0.30214642847777756,0.23855331182633646,0.459300259695886,A,2026-07-24T22:41:16.828570+00:00
561795,ELC,40,2025,3,2026-08-29 14:00:00+00:00,346,563,38.0,48.0,1.5835532862385382,1.5764210377717256,0.38073503287924887,0.24161268499210645,0.37765228212864466,H,2026-07-24T22:41:16.847433+00:00
561798,ELC,40,2025,4,2026-09-01 18:45:00+00:00,1081,387,59.0,56.0,1.5578963168023443,1.5737554736831423,0.37512744912056445,0.2428595859242581,0.3820129649551773,A,2026-07-24T22:41:16.867180+00:00
561799,ELC,40,2025,4,2026-09-01 18:45:00+00:00,563,76,48.0,39.0,1.6187987557598755,1.564895258058489,0.3913591251514981,0.24049085852131777,0.3681500163271843,H,2026-07-24T22:41:16.887428+00:00
561800,ELC,40,2025,4,2026-09-01 18:45:00+00:00,1126,59,1379.0,67.0,1.5764217824118254,1.5805744624689455,0.37822986640401085,0.2417445195412275,0.38002561405476154,A,2026-07-24T22:41:16.907741+00:00
561801,ELC,40,2025,4,2026-09-01 18:45:00+00:00,356,60,62.0,68.0,1.7353908452637654,1.4627978267762947,0.43955600682775453,0.23767625583006685,0.32276773734217873,H,2026-07-24T22:41:16.927122+00:00
561802,ELC,40,2025,4,2026-09-01 18:45:00+00:00,325,342,1355.0,69.0,1.5824306791413123,1.5905611584276032,0.37772485748054907,0.24104328325378907,0.38123185926566205,A,2026-07-24T22:41:16.946053+00:00
561803,ELC,40,2025,4,2026-09-01 18:45:00+00:00,332,340,54.0,41.0,1.50790699738805,1.749402705267654,0.3308499622036831,0.23572023193144828,0.43342980586486857,A,2026-07-24T22:41:16.965406+00:00
561804,ELC,40,2025,4,2026-09-01 18:45:00+00:00,72,346,76.0,38.0,1.6073177568943326,1.5356122321008017,0.3944335143709615,0.242203670774377,0.3633628148546615,H,2026-07-24T22:41:16.984310+00:00
561797,ELC,40,2025,4,2026-09-01 19:00:00+00:00,70,68,75.0,71.0,1.558447514858377,1.6600878245009263,0.35885667230789436,0.2387741024484006,0.4023692252437051,A,2026-07-24T22:41:17.003674+00:00
561806,ELC,40,2025,4,2026-09-02 18:45:00+00:00,384,404,58.0,1837.0,1.5885001759981394,1.5400666364477813,0.38905299782573044,0.24293084371169965,0.3680161584625699,H,2026-07-24T22:41:17.022609+00:00
561807,ELC,40,2025,4,2026-09-02 18:45:00+00:00,69,715,72.0,43.0,1.676178334298746,1.5147053744177208,0.4149598958229578,0.23946602565320368,0.3455740785238386,H,2026-07-24T22:41:17.042311+00:00
561808,ELC,40,2025,4,2026-09-02 18:45:00+00:00,74,348,60.0,1335.0,1.6546826532605037,1.50145147652311,0.4125823934487386,0.24104696658690905,0.3463706399643525,H,2026-07-24T22:41:17.062046+00:00
561805,ELC,40,2025,4,2026-09-02 19:00:00+00:00,328,343,44.0,70.0,1.8009829931287118,1.3956556387734151,0.4690562283910873,0.23499839097173955,0.2959453806371731,H,2026-07-24T22:41:17.083096+00:00
561813,ELC,40,2025,5,2026-09-05 11:30:00+00:00,1081,59,59.0,67.0,1.5133489181284745,1.5912200949908621,0.36108053451561783,0.2438914244787403,0.395028041005642,A,2026-07-24T22:41:17.102315+00:00
561815,ELC,40,2025,5,2026-09-05 11:30:00+00:00,70,348,75.0,1335.0,1.535809470317375,1.5987121461977616,0.3650459144185327,0.24261424127200307,0.39233984430946417,A,2026-07-24T22:41:17.122353+00:00
561820,ELC,40,2025,5,2026-09-05 11:30:00+00:00,1126,340,1379.0,41.0,1.5815212078857321,1.7120796382137657,0.3546469889701009,0.23547463770047006,0.40987837332942906,A,2026-07-24T22:41:17.141516+00:00
561809,ELC,40,2025,5,2026-09-05 14:00:00+00:00,69,343,72.0,70.0,1.5477509292882805,1.6492652301814101,0.3583525982718854,0.23968954344178062,0.401957858286334,A,2026-07-24T22:41:17.163093+00:00
561810,ELC,40,2025,5,2026-09-05 14:00:00+00:00,356,68,62.0,71.0,1.7652795770360028,1.5034610809399704,0.4380101445480068,0.23495364302809219,0.32703621242390096,H,2026-07-24T22:41:17.182723+00:00
561812,ELC,40,2025,5,2026-09-05 14:00:00+00:00,325,715,1355.0,43.0,1.6805481610239346,1.5512697425235142,0.40859739630266867,0.2380219653900281,0.3533806383073031,H,2026-07-24T22:41:17.203474+00:00
561814,ELC,40,2025,5,2026-09-05 14:00:00+00:00,74,346,60.0,38.0,1.6757569646649564,1.4877758150972862,0.420370560572849,0.2403549350479767,0.3392745043791741,H,2026-07-24T22:41:17.222705+00:00
561816,ELC,40,2025,5,2026-09-05 14:00:00+00:00,563,342,48.0,69.0,1.6221846245269207,1.534901592271488,0.39811509935745804,0.24150223192557732,0.3603826687169648,H,2026-07-24T22:41:17.242949+00:00
561817,ELC,40,2025,5,2026-09-05 14:00:00+00:00,328,387,44.0,56.0,1.8339636257732557,1.3522008128559546,0.48610038544412487,0.23336420155590246,0.2805354129999726,H,2026-07-24T22:41:17.262088+00:00
561818,ELC,40,2025,5,2026-09-05 14:00:00+00:00,384,60,58.0,68.0,1.5860588423726911,1.5449024016760788,0.3875125449434242,0.24284463253901326,0.36964282251756275,H,2026-07-24T22:41:17.282305+00:00
561811,ELC,40,2025,5,2026-09-05 19:00:00+00:00,72,404,76.0,1837.0,1.5913432556969533,1.5770270374574666,0.382469600218021,0.24124042640051047,0.37628997338146863,H,2026-07-24T22:41:17.301503+00:00
561819,ELC,40,2025,5,2026-09-06 11:00:00+00:00,332,76,54.0,39.0,1.5543711964324116,1.6075833029253608,0.36778553474463593,0.24143884085347747,0.3907756244018866,A,2026-07-24T22:41:17.321650+00:00
561821,ELC,40,2025,6,2026-09-08 18:45:00+00:00,59,356,67.0,62.0,1.483787025552526,1.6169630493061362,0.34912204031309607,0.24368934511573942,0.40718861457116423,A,2026-07-24T22:41:17.340748+00:00
561822,ELC,40,2025,6,2026-09-08 18:45:00+00:00,340,72,41.0,76.0,1.7781656452445993,1.5328504209563996,0.43490992568547093,0.2335167602923267,0.3315733140222024,H,2026-07-24T22:41:17.360968+00:00
561823,ELC,40,2025,6,2026-09-08 18:45:00+00:00,346,1081,38.0,59.0,1.60414581648054,1.548403368689621,0.3911378674349386,0.24184313971258783,0.3670189928524734,H,2026-07-24T22:41:17.379904+00:00
561824,ELC,40,2025,6,2026-09-08 18:45:00+00:00,715,70,43.0,75.0,1.558284286128395,1.5875950598458894,0.3725474849206214,0.2422082415533505,0.3852442735260281,A,2026-07-24T22:41:17.401760+00:00
561825,ELC,40,2025,6,2026-09-08 18:45:00+00:00,343,384,70.0,58.0,1.6338449632836096,1.53585665357125,0.4006917544810433,0.24088939813990667,0.35841884737905005,H,2026-07-24T22:41:17.421456+00:00
561828,ELC,40,2025,6,2026-09-08 18:45:00+00:00,387,1126,56.0,1379.0,1.6139535932500435,1.5930194124632455,0.3847070967045342,0.23956735849064692,0.37572554480481885,H,2026-07-24T22:41:17.441975+00:00
561830,ELC,40,2025,6,2026-09-08 18:45:00+00:00,404,328,1837.0,44.0,1.3826090422327508,1.7736823246451145,0.2974197095254966,0.23701061291826106,0.4655696775562423,A,2026-07-24T22:41:17.461360+00:00
561827,ELC,40,2025,6,2026-09-08 19:00:00+00:00,60,563,68.0,48.0,1.6314347990647542,1.5737536490564976,0.3925983717843514,0.23955486922381855,0.36784675899183,H,2026-07-24T22:41:17.480232+00:00
561826,ELC,40,2025,6,2026-09-09 18:45:00+00:00,76,325,39.0,1355.0,1.6920568061279808,1.556105954364178,0.4103134317965585,0.23728850431292114,0.3523980638905203,H,2026-07-24T22:41:17.499734+00:00
561829,ELC,40,2025,6,2026-09-09 18:45:00+00:00,342,74,69.0,60.0,1.5075419685892906,1.6131029767614515,0.35555132233008885,0.24300525746141263,0.4014434202084985,A,2026-07-24T22:41:17.518932+00:00
561832,ELC,40,2025,6,2026-09-09 18:45:00+00:00,68,332,71.0,54.0,1.7239947910777398,1.5556972181080515,0.4178080929091537,0.2357036443405155,0.34648826275033096,H,2026-07-24T22:41:17.538328+00:00
561831,ELC,40,2025,6,2026-09-09 19:00:00+00:00,348,69,1335.0,72.0,1.6527001487230946,1.552257736862371,0.40186712983568906,0.239357267383182,0.3587756027811288,H,2026-07-24T22:41:17.557202+00:00
561842,ELC,40,2025,7,2026-09-11 19:00:00+00:00,563,404,48.0,1837.0,1.6249841355091108,1.5940098971276497,0.3871117091853609,0.23904046732108417,0.37384782349355483,H,2026-07-24T22:41:17.578241+00:00
561835,ELC,40,2025,7,2026-09-12 11:30:00+00:00,342,332,69.0,54.0,1.6201341504170783,1.5264819447566984,0.3993123403437758,0.24192643314158271,0.35876122651464165,H,2026-07-24T22:41:17.597232+00:00
561837,ELC,40,2025,7,2026-09-12 11:30:00+00:00,60,715,68.0,43.0,1.7329594283366374,1.5024163390791114,0.43075335582726565,0.23677333655345253,0.332473307619282,H,2026-07-24T22:41:17.617305+00:00
561839,ELC,40,2025,7,2026-09-12 11:30:00+00:00,74,69,60.0,72.0,1.6897313434490417,1.4896856386218944,0.42327219938416066,0.2395257711134386,0.3372020295024006,H,2026-07-24T22:41:17.636647+00:00
561833,ELC,40,2025,7,2026-09-12 14:00:00+00:00,340,387,41.0,56.0,1.7790051376190816,1.5525760336871224,0.43107147285231373,0.23296910871244902,0.3359594184352374,H,2026-07-24T22:41:17.658387+00:00
561834,ELC,40,2025,7,2026-09-12 14:00:00+00:00,1081,1126,59.0,1379.0,1.5650544296215578,1.6052754513791185,0.3707669568216684,0.2411108886809447,0.388122154497387,A,2026-07-24T22:41:17.677895+00:00
561836,ELC,40,2025,7,2026-09-12 14:00:00+00:00,59,384,67.0,58.0,1.5937778522475956,1.5061369073420956,0.39709107881219186,0.24405042736425386,0.3588584938235543,H,2026-07-24T22:41:17.698892+00:00
561838,ELC,40,2025,7,2026-09-12 14:00:00+00:00,348,325,1335.0,1355.0,1.6916616389903876,1.5592279583024102,0.409595539932961,0.23720405858387988,0.3532004014831592,H,2026-07-24T22:41:17.717807+00:00
561840,ELC,40,2025,7,2026-09-12 14:00:00+00:00,346,70,38.0,75.0,1.6259846992299898,1.5263361606416832,0.40073391415888343,0.24163886037199006,0.3576272254691265,H,2026-07-24T22:41:17.737542+00:00
561841,ELC,40,2025,7,2026-09-12 14:00:00+00:00,72,328,76.0,44.0,1.3516511807508254,1.7656552306769278,0.29147175316452517,0.23807944394141076,0.4704488028940641,A,2026-07-24T22:41:17.756252+00:00
561843,ELC,40,2025,7,2026-09-12 14:00:00+00:00,343,68,70.0,71.0,1.6954583352649024,1.61886805481497,0.3986702002127644,0.23497035366150262,0.36635944612573296,H,2026-07-24T22:41:17.775994+00:00
561844,ELC,40,2025,7,2026-09-13 11:00:00+00:00,356,76,62.0,39.0,1.7401536147381602,1.4531526060219675,0.4426918322153482,0.2376339268958151,0.3196742408888368,H,2026-07-24T22:41:17.794748+00:00
561845,ELC,40,2025,8,2026-09-18 19:00:00+00:00,387,346,56.0,38.0,1.6372850692772867,1.5616654098783236,0.39636505206959444,0.23974793137748607,0.3638870165529193,H,2026-07-24T22:41:17.814877+00:00
561847,ELC,40,2025,8,2026-09-19 11:30:00+00:00,70,356,75.0,62.0,1.4057171468093972,1.7172995997919729,0.31243138965642825,0.24017514148975663,0.44739346885381526,A,2026-07-24T22:41:17.833738+00:00
561849,ELC,40,2025,8,2026-09-19 11:30:00+00:00,384,563,58.0,48.0,1.5929197969324171,1.5362485123977838,0.3908676055219434,0.2428764787690297,0.36625591570902705,H,2026-07-24T22:41:17.853545+00:00
561852,ELC,40,2025,8,2026-09-19 11:30:00+00:00,715,348,43.0,1335.0,1.524395443982737,1.6636252233077604,0.3501676552747317,0.2397948847223367,0.41003746000293156,A,2026-07-24T22:41:17.872108+00:00
561846,ELC,40,2025,8,2026-09-19 14:00:00+00:00,404,340,1837.0,41.0,1.5836655953510221,1.7260393197164792,0.3525963782661511,0.2347338010115452,0.41266982072230374,A,2026-07-24T22:41:17.892232+00:00
561848,ELC,40,2025,8,2026-09-19 14:00:00+00:00,328,342,44.0,69.0,1.8455592281896536,1.333449728608047,0.49288618612426943,0.23273526475629697,0.2743785491194337,H,2026-07-24T22:41:17.911098+00:00
561850,ELC,40,2025,8,2026-09-19 14:00:00+00:00,68,60,71.0,68.0,1.6747350827077547,1.6336189130359766,0.3910160260378034,0.23533202408636045,0.3736519498758362,H,2026-07-24T22:41:17.931476+00:00
561853,ELC,40,2025,8,2026-09-19 14:00:00+00:00,69,1081,72.0,59.0,1.6019607470281592,1.5682516058410068,0.3867074321169045,0.24113102031183245,0.372161547571263,H,2026-07-24T22:41:17.952118+00:00
561854,ELC,40,2025,8,2026-09-19 14:00:00+00:00,325,59,1355.0,67.0,1.5363448977536416,1.6592124916765698,0.35380775213592486,0.2396044371004638,0.4065878107636113,A,2026-07-24T22:41:17.972399+00:00
561855,ELC,40,2025,8,2026-09-19 14:00:00+00:00,332,343,54.0,70.0,1.5283074663527916,1.6772689324514285,0.3485840636205284,0.23896011200595768,0.41245582437351386,A,2026-07-24T22:41:17.992355+00:00
561856,ELC,40,2025,8,2026-09-19 14:00:00+00:00,1126,72,1379.0,76.0,1.6305407907173268,1.5673589297114172,0.393648145572628,0.23984604808875035,0.3665058063386217,H,2026-07-24T22:41:18.011770+00:00
561851,ELC,40,2025,8,2026-09-20 11:00:00+00:00,76,74,39.0,60.0,1.5604930096399101,1.629754660373866,0.3650306267785439,0.2401497383163918,0.39481963490506433,A,2026-07-24T22:41:18.031935+00:00
561857,ELC,40,2025,9,2026-10-10 14:00:00+00:00,74,332,60.0,54.0,1.7185621343712205,1.4938405996269544,0.4291715881176264,0.23780794792021778,0.3330204639621559,H,2026-07-24T22:41:18.051588+00:00
561858,ELC,40,2025,9,2026-10-10 14:00:00+00:00,356,1126,62.0,1379.0,1.7503396102380988,1.4983276899242008,0.4356262196851114,0.23591702716281934,0.32845675315206935,H,2026-07-24T22:41:18.071662+00:00
561859,ELC,40,2025,9,2026-10-10 14:00:00+00:00,340,325,41.0,1355.0,1.8705386248467972,1.5590921970518066,0.4503487271438609,0.22798401586639117,0.32166725698974796,H,2026-07-24T22:41:18.091325+00:00
561860,ELC,40,2025,9,2026-10-10 14:00:00+00:00,72,68,76.0,71.0,1.6255383923622548,1.6543036811079952,0.3756425000412564,0.23651296059291935,0.38784453936582425,A,2026-07-24T22:41:18.111288+00:00
561861,ELC,40,2025,9,2026-10-10 14:00:00+00:00,346,328,38.0,44.0,1.3555909129127712,1.8265166501832593,0.28250696477953935,0.23384038864738835,0.4836526465730723,A,2026-07-24T22:41:18.130739+00:00
561862,ELC,40,2025,9,2026-10-10 14:00:00+00:00,563,69,48.0,72.0,1.6637855831129678,1.5788787624061118,0.39918012535176917,0.23785639065854808,0.3629634839896826,H,2026-07-24T22:41:18.151512+00:00
561863,ELC,40,2025,9,2026-10-10 14:00:00+00:00,348,387,1335.0,56.0,1.6276478904617382,1.6066681852149223,0.38527624274589684,0.23841022485773475,0.3763135323963684,H,2026-07-24T22:41:18.172273+00:00
561864,ELC,40,2025,9,2026-10-10 14:00:00+00:00,342,404,69.0,1837.0,1.5831629165146224,1.6185860276127362,0.37251235740608646,0.23976545907128194,0.3877221835226315,A,2026-07-24T22:41:18.194091+00:00
561865,ELC,40,2025,9,2026-10-10 14:00:00+00:00,59,715,67.0,43.0,1.7382515263011658,1.4755896486759548,0.4375479940885087,0.23718543356758168,0.3252665723439095,H,2026-07-24T22:41:18.213219+00:00
561866,ELC,40,2025,9,2026-10-10 14:00:00+00:00,60,70,68.0,75.0,1.6813032497423885,1.54036741210045,0.41096612934713034,0.2383517627663809,0.3506821078864885,H,2026-07-24T22:41:18.233488+00:00
561867,ELC,40,2025,9,2026-10-10 14:00:00+00:00,1081,384,59.0,58.0,1.5420256820390528,1.5917365213653905,0.3678655806963122,0.24269511650530098,0.3894393027983868,A,2026-07-24T22:41:18.252799+00:00
561868,ELC,40,2025,9,2026-10-10 14:00:00+00:00,343,76,70.0,39.0,1.6782553256462238,1.5838954615820167,0.40156324995012377,0.2369981260795241,0.36143862397035226,H,2026-07-24T22:41:18.273302+00:00
561869,ELC,40,2025,10,2026-10-13 18:45:00+00:00,76,60,39.0,68.0,1.6328965039839902,1.6301735527592394,0.3819659014249876,0.23722629441670262,0.3808078041583098,H,2026-07-24T22:41:18.292374+00:00
561870,ELC,40,2025,10,2026-10-13 18:45:00+00:00,404,74,1837.0,60.0,1.5733277841160842,1.6503428098543076,0.364179615507453,0.23869137689582867,0.3971290075967184,A,2026-07-24T22:41:18.312631+00:00
561871,ELC,40,2025,10,2026-10-13 18:45:00+00:00,384,72,58.0,76.0,1.596177103224477,1.5448497221413247,0.3899411825920181,0.24236712568413135,0.36769169172385047,H,2026-07-24T22:41:18.331729+00:00
561872,ELC,40,2025,10,2026-10-13 18:45:00+00:00,715,346,43.0,38.0,1.5505562988090786,1.6702183785283278,0.355119841460636,0.23855815457233567,0.40632200396702833,A,2026-07-24T22:41:18.352138+00:00
561873,ELC,40,2025,10,2026-10-13 18:45:00+00:00,328,348,44.0,1335.0,1.8532529676495846,1.3813456902869354,0.4840984175720981,0.23173243618759462,0.2841691462403073,H,2026-07-24T22:41:18.372524+00:00
561874,ELC,40,2025,10,2026-10-13 18:45:00+00:00,387,59,56.0,67.0,1.5740676017636683,1.620172357662609,0.3700602497805249,0.2400605554709237,0.3898791947485515,A,2026-07-24T22:41:18.394074+00:00
561875,ELC,40,2025,10,2026-10-13 18:45:00+00:00,332,1081,54.0,59.0,1.585115735262063,1.6047949174432778,0.375616874194975,0.2403004986770195,0.38408262712800545,A,2026-07-24T22:41:18.414749+00:00
561876,ELC,40,2025,10,2026-10-13 18:45:00+00:00,70,343,75.0,70.0,1.5170810380906403,1.6955214747382323,0.3426158214884575,0.23836829945464208,0.41901587905690063,A,2026-07-24T22:41:18.434148+00:00
561877,ELC,40,2025,10,2026-10-14 18:45:00+00:00,325,356,1355.0,62.0,1.4556814825406084,1.7756021002139268,0.31416112398412016,0.2354600685489991,0.45037880746688075,A,2026-07-24T22:41:18.454089+00:00
561878,ELC,40,2025,10,2026-10-14 18:45:00+00:00,1126,563,1379.0,48.0,1.6437766301828272,1.606411717920819,0.38910217971151906,0.23771829432495045,0.37317952596353043,H,2026-07-24T22:41:18.473611+00:00
561879,ELC,40,2025,10,2026-10-14 18:45:00+00:00,68,340,71.0,41.0,1.6350864733961756,1.7857943007211003,0.3535586943533844,0.23036664800331874,0.41607465764329693,A,2026-07-24T22:41:18.493684+00:00
561880,ELC,40,2025,10,2026-10-14 18:45:00+00:00,69,342,72.0,69.0,1.5931711488073235,1.5970401530656637,0.3790183034787373,0.2402990480698732,0.3806826484513895,A,2026-07-24T22:41:18.513187+00:00
561881,ELC,40,2025,11,2026-10-17 14:00:00+00:00,68,325,71.0,1355.0,1.7576561740741792,1.619507235717796,0.4127843036910968,0.23212639437170454,0.3550893019371986,H,2026-07-24T22:41:18.533270+00:00
561882,ELC,40,2025,11,2026-10-17 14:00:00+00:00,340,60,41.0,68.0,1.7949862774015868,1.6066056558660329,0.42380101108977103,0.23073376082346883,0.3454652280867601,H,2026-07-24T22:41:18.552813+00:00
561883,ELC,40,2025,11,2026-10-17 14:00:00+00:00,328,76,44.0,39.0,1.8537582028684565,1.3858841449648522,0.4832232636649476,0.23164825766641134,0.28512847866864094,H,2026-07-24T22:41:18.574365+00:00
561884,ELC,40,2025,11,2026-10-17 14:00:00+00:00,384,1126,58.0,1379.0,1.6007315121901402,1.5855836846860918,0.38302982335299574,0.24046049236145758,0.3765096842855467,H,2026-07-24T22:41:18.594165+00:00
561885,ELC,40,2025,11,2026-10-17 14:00:00+00:00,387,356,56.0,62.0,1.4848647333592693,1.7112044370491244,0.3322197346982402,0.23847226562077198,0.42930799968098793,A,2026-07-24T22:41:18.614160+00:00
561886,ELC,40,2025,11,2026-10-17 14:00:00+00:00,332,69,54.0,72.0,1.5982724636921968,1.6242620220721944,0.37498868702882576,0.23889933166480032,0.3861119813063739,A,2026-07-24T22:41:18.633648+00:00
561887,ELC,40,2025,11,2026-10-17 14:00:00+00:00,343,715,70.0,43.0,1.786015287409982,1.5146202603733812,0.4404577511591294,0.23353259504641266,0.3260096537944579,H,2026-07-24T22:41:18.655013+00:00
561888,ELC,40,2025,11,2026-10-17 14:00:00+00:00,342,70,69.0,75.0,1.6222254161679583,1.5408096659706778,0.3969457365072957,0.24127281805828826,0.361781445434416,H,2026-07-24T22:41:18.676527+00:00
561889,ELC,40,2025,11,2026-10-17 14:00:00+00:00,346,348,38.0,1335.0,1.5985004135272627,1.6232426609319148,0.37523724603997843,0.23893471710799016,0.3858280368520315,A,2026-07-24T22:41:18.698613+00:00
561890,ELC,40,2025,11,2026-10-17 14:00:00+00:00,72,563,76.0,48.0,1.6039804797410646,1.5973823520220356,0.3815070785840794,0.239819219873649,0.3786737015422717,H,2026-07-24T22:41:18.718418+00:00
561891,ELC,40,2025,11,2026-10-17 14:00:00+00:00,74,59,60.0,67.0,1.6166246697574385,1.5595172754434554,0.3919052907809835,0.24080692599930761,0.3672877832197089,H,2026-07-24T22:41:18.739017+00:00
561892,ELC,40,2025,11,2026-10-17 14:00:00+00:00,404,1081,1837.0,59.0,1.660114549188173,1.5699525398427223,0.4000884679240931,0.23835549253775393,0.361556039538153,H,2026-07-24T22:41:18.758191+00:00
561893,ELC,40,2025,12,2026-10-24 14:00:00+00:00,715,332,43.0,54.0,1.582223786262046,1.6524399462807697,0.3658750340126346,0.23825964328381516,0.3958653227035501,A,2026-07-24T22:41:18.778768+00:00
561894,ELC,40,2025,12,2026-10-24 14:00:00+00:00,60,343,68.0,70.0,1.6129673657282126,1.6755986492022417,0.36870263465840963,0.2360657977387872,0.39523156760280315,A,2026-07-24T22:41:18.798058+00:00
561895,ELC,40,2025,12,2026-10-24 14:00:00+00:00,356,342,62.0,69.0,1.7571958665652032,1.4580929148189754,0.44561395390658387,0.23650423659731346,0.31788180949610273,H,2026-07-24T22:41:18.818323+00:00
561896,ELC,40,2025,12,2026-10-24 14:00:00+00:00,69,72,72.0,76.0,1.5914140452702543,1.6262009616469202,0.373004562689802,0.23909124092290684,0.3879041963872911,A,2026-07-24T22:41:18.837337+00:00
561897,ELC,40,2025,12,2026-10-24 14:00:00+00:00,70,387,75.0,56.0,1.5472516362135011,1.6504565947797194,0.35801230687453045,0.23964929633053247,0.40233839679493716,A,2026-07-24T22:41:18.857598+00:00
561898,ELC,40,2025,12,2026-10-24 14:00:00+00:00,1081,74,59.0,60.0,1.5148843148668658,1.6695416779639347,0.34683054713189315,0.23980899003029324,0.41336046283781375,A,2026-07-24T22:41:18.876638+00:00
561899,ELC,40,2025,12,2026-10-24 14:00:00+00:00,1126,328,1379.0,44.0,1.3976840423479528,1.8250512273084925,0.29247164161737504,0.23339462250380863,0.4741337358788164,A,2026-07-24T22:41:18.897693+00:00
561900,ELC,40,2025,12,2026-10-24 14:00:00+00:00,563,340,48.0,41.0,1.588906918402214,1.7637683066547916,0.34699317887923065,0.23274391477765802,0.42026290634311136,A,2026-07-24T22:41:18.918123+00:00
561901,ELC,40,2025,12,2026-10-24 14:00:00+00:00,348,68,1335.0,71.0,1.6620103309860061,1.6833280614623467,0.378575267854226,0.2338971779349082,0.3875275542108657,A,2026-07-24T22:41:18.939234+00:00
561902,ELC,40,2025,12,2026-10-24 14:00:00+00:00,59,404,67.0,1837.0,1.6433868958806406,1.5822880301881284,0.39373010159523614,0.23867374192272017,0.3675961564820436,H,2026-07-24T22:41:18.959321+00:00
561903,ELC,40,2025,12,2026-10-24 14:00:00+00:00,76,346,39.0,38.0,1.657809252143562,1.5994446747254063,0.39373870926541366,0.23736487407566118,0.3688964166589252,H,2026-07-24T22:41:18.978814+00:00
561904,ELC,40,2025,12,2026-10-24 14:00:00+00:00,325,384,1355.0,58.0,1.5654382026139957,1.6596460450137136,0.3605830175891235,0.2385422935490091,0.4008746888618673,A,2026-07-24T22:41:18.998863+00:00
561905,ELC,40,2025,13,2026-10-31 15:00:00+00:00,76,715,39.0,43.0,1.74213077384461,1.5477257499954011,0.42360583133240526,0.23501396345347803,0.34138020521411677,H,2026-07-24T22:41:19.018311+00:00
561906,ELC,40,2025,13,2026-10-31 15:00:00+00:00,563,74,48.0,60.0,1.5730082914844106,1.6687823507385506,0.360655927705443,0.23783356721835067,0.4015105050762063,A,2026-07-24T22:41:19.038460+00:00
561907,ELC,40,2025,13,2026-10-31 15:00:00+00:00,72,59,76.0,67.0,1.556334091406026,1.627366862686342,0.3644969150708299,0.24042425753067742,0.39507882739849265,A,2026-07-24T22:41:19.057961+00:00
561908,ELC,40,2025,13,2026-10-31 15:00:00+00:00,70,1081,75.0,59.0,1.5714166026335201,1.615955363885938,0.37023643335523715,0.2403605939301721,0.3894029727145908,A,2026-07-24T22:41:19.078414+00:00
561909,ELC,40,2025,13,2026-10-31 15:00:00+00:00,60,387,68.0,56.0,1.64384089322657,1.627337835387242,0.3850627835318488,0.2368844558000843,0.37805276066806687,H,2026-07-24T22:41:19.097889+00:00
561910,ELC,40,2025,13,2026-10-31 15:00:00+00:00,68,346,71.0,38.0,1.7112224089656267,1.6336827775695806,0.3994020579019997,0.23375388417718845,0.3668440579208117,H,2026-07-24T22:41:19.117745+00:00
561911,ELC,40,2025,13,2026-10-31 15:00:00+00:00,343,348,70.0,1335.0,1.6863572120390504,1.6027976181222787,0.3997174701072528,0.2359514533281183,0.364331076564629,H,2026-07-24T22:41:19.137249+00:00
561912,ELC,40,2025,13,2026-10-31 15:00:00+00:00,328,325,44.0,1355.0,1.939550540988136,1.3811636507640903,0.5034007283425488,0.22591748075043835,0.2706817909070127,H,2026-07-24T22:41:19.158454+00:00
561913,ELC,40,2025,13,2026-10-31 15:00:00+00:00,384,342,58.0,69.0,1.6069990995355397,1.5429683560225997,0.3928948442748645,0.241925666194673,0.3651794895304626,H,2026-07-24T22:41:19.178034+00:00
561914,ELC,40,2025,13,2026-10-31 15:00:00+00:00,340,69,41.0,72.0,1.8363004686841218,1.5748454790102278,0.43949057039221706,0.2294570733385463,0.3310523562692367,H,2026-07-24T22:41:19.199972+00:00
561915,ELC,40,2025,13,2026-10-31 15:00:00+00:00,1126,332,1379.0,54.0,1.6988466893360943,1.576946930064795,0.407726547389628,0.23626150128379653,0.3560119513265755,H,2026-07-24T22:41:19.219972+00:00
561916,ELC,40,2025,13,2026-10-31 15:00:00+00:00,356,404,62.0,1837.0,1.760536212017359,1.5149178457247192,0.4345520281259249,0.23492715910133583,0.3305208127727394,H,2026-07-24T22:41:19.242211+00:00
561920,ELC,40,2025,14,2026-11-03 19:45:00+00:00,69,328,72.0,44.0,1.3574591171801955,1.865340469510183,0.2767890150218344,0.23114400544354163,0.4920669795346241,A,2026-07-24T22:41:19.261321+00:00
561921,ELC,40,2025,14,2026-11-03 19:45:00+00:00,342,68,69.0,71.0,1.6136901397416312,1.6870455270190021,0.36672913032155635,0.23553030887489543,0.3977405608035482,A,2026-07-24T22:41:19.281557+00:00
561922,ELC,40,2025,14,2026-11-03 19:45:00+00:00,59,70,67.0,75.0,1.685098902848043,1.509283792001948,0.4181628008796721,0.23916790704740507,0.34266929207292285,H,2026-07-24T22:41:19.301011+00:00
561923,ELC,40,2025,14,2026-11-03 19:45:00+00:00,74,340,60.0,41.0,1.6263575118366445,1.7032576906778432,0.36663722595570786,0.23436020119954018,0.39900257284475205,A,2026-07-24T22:41:19.321441+00:00
561924,ELC,40,2025,14,2026-11-03 19:45:00+00:00,346,1126,38.0,1379.0,1.6037749442041522,1.6654300831684798,0.36847288277520945,0.23686032612039828,0.3946667911043923,A,2026-07-24T22:41:19.340598+00:00
561917,ELC,40,2025,14,2026-11-03 19:45:00+00:00,332,384,54.0,58.0,1.5414545891591966,1.6469821265061249,0.3572897101241384,0.24003179983383668,0.4026784900420249,A,2026-07-24T22:41:19.360767+00:00
561918,ELC,40,2025,14,2026-11-03 19:45:00+00:00,325,72,1355.0,76.0,1.5979847757411312,1.6731300525561097,0.365679784170241,0.23672692366353906,0.39759329216621997,A,2026-07-24T22:41:19.379987+00:00
561919,ELC,40,2025,14,2026-11-03 19:45:00+00:00,1081,356,59.0,62.0,1.4439441112862137,1.7386292185549368,0.3177753199318368,0.237947297543655,0.44427738252450816,A,2026-07-24T22:41:19.400837+00:00
561925,ELC,40,2025,14,2026-11-04 19:45:00+00:00,715,563,43.0,48.0,1.5398490217446676,1.7125082618565632,0.34487515795221957,0.23677532305746005,0.41834951899032047,A,2026-07-24T22:41:19.421243+00:00
561926,ELC,40,2025,14,2026-11-04 19:45:00+00:00,387,76,56.0,39.0,1.6324485871967547,1.6262939567483776,0.3826075638350109,0.23740425113192842,0.37998818503306075,H,2026-07-24T22:41:19.442365+00:00
561927,ELC,40,2025,14,2026-11-04 19:45:00+00:00,404,343,1837.0,70.0,1.614487172756549,1.683902235242343,0.3675008083032513,0.23564152627139165,0.39685766542535705,A,2026-07-24T22:41:19.462402+00:00
561928,ELC,40,2025,14,2026-11-04 19:45:00+00:00,348,60,1335.0,68.0,1.6389552025165408,1.652755461321511,0.37905410791804517,0.23604839803715297,0.3848974940448019,A,2026-07-24T22:41:19.482075+00:00
561929,ELC,40,2025,15,2026-11-07 15:00:00+00:00,69,1126,72.0,1379.0,1.5992994926774433,1.6796247616733817,0.3647726816198526,0.23638345282790213,0.3988438655522454,A,2026-07-24T22:41:19.502128+00:00
561930,ELC,40,2025,15,2026-11-07 15:00:00+00:00,715,328,43.0,44.0,1.307917449161234,1.937687899252181,0.25457422705921956,0.226205472500699,0.5192203004400816,A,2026-07-24T22:41:19.521667+00:00
561931,ELC,40,2025,15,2026-11-07 15:00:00+00:00,348,356,1335.0,62.0,1.49769718782041,1.737484903904407,0.33057110569313203,0.23665029190176293,0.43277860240510496,A,2026-07-24T22:41:19.541817+00:00
561932,ELC,40,2025,15,2026-11-07 15:00:00+00:00,342,60,69.0,68.0,1.5889071090948068,1.6488952997409168,0.36811048439090366,0.23816850043020715,0.393721015178889,A,2026-07-24T22:41:19.561270+00:00
561933,ELC,40,2025,15,2026-11-07 15:00:00+00:00,404,76,1837.0,39.0,1.6474288952470617,1.6297024386263375,0.38544182580933817,0.2366390874873672,0.3779190867032946,H,2026-07-24T22:41:19.582791+00:00
561934,ELC,40,2025,15,2026-11-07 15:00:00+00:00,346,343,38.0,70.0,1.5734224550055738,1.70350845876799,0.354336251177013,0.23615389415688948,0.4095098546660977,A,2026-07-24T22:41:19.602205+00:00
561935,ELC,40,2025,15,2026-11-07 15:00:00+00:00,59,563,67.0,48.0,1.6470682640378203,1.5758066481089736,0.39587088350091865,0.23875090218433515,0.36537821431474643,H,2026-07-24T22:41:19.622135+00:00
561936,ELC,40,2025,15,2026-11-07 15:00:00+00:00,74,384,60.0,58.0,1.6425876256811154,1.5467051394481532,0.40059139359688156,0.24005501285222122,0.3593535935508973,H,2026-07-24T22:41:19.641558+00:00
561937,ELC,40,2025,15,2026-11-07 15:00:00+00:00,1081,340,59.0,41.0,1.5367796338360402,1.7874913956637153,0.33084769999176045,0.23291930051762977,0.43623299949060973,A,2026-07-24T22:41:19.661470+00:00
561938,ELC,40,2025,15,2026-11-07 15:00:00+00:00,325,70,1355.0,75.0,1.6421965962119456,1.6247741068105335,0.38517438854667385,0.23705661263766986,0.37776899881565645,H,2026-07-24T22:41:19.680898+00:00
561939,ELC,40,2025,15,2026-11-07 15:00:00+00:00,387,68,56.0,71.0,1.6595991321294905,1.6938169317321912,0.3760445369035245,0.2335594307725852,0.3903960323238901,A,2026-07-24T22:41:19.702183+00:00
561940,ELC,40,2025,15,2026-11-07 15:00:00+00:00,332,72,54.0,76.0,1.571418098780844,1.6538435341429103,0.3630738355568042,0.23859809316885744,0.3983280712743383,A,2026-07-24T22:41:19.721289+00:00
561941,ELC,40,2025,16,2026-11-21 15:00:00+00:00,356,346,62.0,38.0,1.7874078384368781,1.4978189619715019,0.44426059324666894,0.23384281238728463,0.3218965943660465,H,2026-07-24T22:41:19.742408+00:00
561942,ELC,40,2025,16,2026-11-21 15:00:00+00:00,72,74,76.0,60.0,1.5489951379715885,1.6784390498864121,0.3532353170104505,0.23820422550285672,0.4085604574866926,A,2026-07-24T22:41:19.762030+00:00
561943,ELC,40,2025,16,2026-11-21 15:00:00+00:00,343,387,70.0,56.0,1.6892045210421336,1.6265208617765352,0.3957346083915256,0.23497101008811497,0.3692943815203593,H,2026-07-24T22:41:19.781918+00:00
561944,ELC,40,2025,16,2026-11-21 15:00:00+00:00,340,342,41.0,69.0,1.8109484433946075,1.5841622816281058,0.4319074696522984,0.23052993831559646,0.337562592032105,H,2026-07-24T22:41:19.801122+00:00
561945,ELC,40,2025,16,2026-11-21 15:00:00+00:00,60,325,68.0,1355.0,1.7257517086534426,1.627207830202215,0.4039945561209432,0.23333184597160983,0.362673597907447,H,2026-07-24T22:41:19.821903+00:00
561946,ELC,40,2025,16,2026-11-21 15:00:00+00:00,70,332,75.0,54.0,1.6078483061923503,1.6292505238659187,0.37628389592746886,0.23829296717323095,0.3854231368993002,A,2026-07-24T22:41:19.841108+00:00
561947,ELC,40,2025,16,2026-11-21 15:00:00+00:00,328,59,44.0,67.0,1.8082806184278883,1.4294268089850808,0.4634679333807306,0.23396708837564573,0.3025649782436236,H,2026-07-24T22:41:19.861185+00:00
561948,ELC,40,2025,16,2026-11-21 15:00:00+00:00,68,715,71.0,43.0,1.8034986345583066,1.5943425781145373,0.4281777520660043,0.230643131036685,0.3411791168973106,H,2026-07-24T22:41:19.880421+00:00
561949,ELC,40,2025,16,2026-11-21 15:00:00+00:00,1126,404,1379.0,1837.0,1.6576126550465402,1.6649508576468521,0.3810482503077562,0.234811027654906,0.38414072203733773,A,2026-07-24T22:41:19.902002+00:00
561950,ELC,40,2025,16,2026-11-21 15:00:00+00:00,384,69,58.0,72.0,1.6434831523467444,1.5736869080974536,0.3954470766790857,0.23899834710543605,0.3655545762154783,H,2026-07-24T22:41:19.921281+00:00
561951,ELC,40,2025,16,2026-11-21 15:00:00+00:00,563,1081,48.0,59.0,1.6656309142032109,1.604213998479615,0.3946276127646093,0.23683491659322692,0.3685374706421639,H,2026-07-24T22:41:19.941952+00:00
561952,ELC,40,2025,16,2026-11-21 15:00:00+00:00,76,348,39.0,1335.0,1.647332564184908,1.644867891175483,0.38250478602302695,0.23603396236632426,0.38146125161064853,H,2026-07-24T22:41:19.961645+00:00
561953,ELC,40,2025,17,2026-11-24 19:45:00+00:00,715,1081,43.0,59.0,1.5629829934547588,1.6921040922742625,0.35399640909695784,0.23705670694382788,0.40894688395921436,A,2026-07-24T22:41:19.980690+00:00
561954,ELC,40,2025,17,2026-11-24 19:45:00+00:00,343,72,70.0,76.0,1.6908310159213515,1.6127016519374378,0.39880907669883603,0.2353963958063665,0.36579452749479746,H,2026-07-24T22:41:20.000142+00:00
561955,ELC,40,2025,17,2026-11-24 19:45:00+00:00,325,563,1355.0,48.0,1.6095658801763548,1.7105042154792396,0.3614234740786235,0.23461501205164728,0.4039615138697292,A,2026-07-24T22:41:20.019166+00:00
561956,ELC,40,2025,17,2026-11-24 19:45:00+00:00,356,340,62.0,41.0,1.714812817876975,1.657062154617649,0.3956864468174199,0.23277862095286617,0.3715349322297139,H,2026-07-24T22:41:20.039399+00:00
561957,ELC,40,2025,17,2026-11-24 19:45:00+00:00,76,342,39.0,69.0,1.649739996679688,1.6142733325950895,0.38896571416086484,0.23714997739173216,0.3738843084474029,H,2026-07-24T22:41:20.059469+00:00
561958,ELC,40,2025,17,2026-11-24 19:45:00+00:00,348,1126,1335.0,1379.0,1.6467006654261815,1.6737100142166006,0.37686849353479607,0.2348772256037121,0.3882542808614919,A,2026-07-24T22:41:20.079387+00:00
561959,ELC,40,2025,17,2026-11-24 19:45:00+00:00,387,404,56.0,1837.0,1.6420410436384962,1.6667276908262985,0.3771137992996215,0.2353470513532887,0.3875391493470898,A,2026-07-24T22:41:20.098893+00:00
561960,ELC,40,2025,17,2026-11-24 19:45:00+00:00,68,69,71.0,72.0,1.7316307918868812,1.653163422952044,0.40027366157905037,0.23220016776992825,0.3675261706510212,H,2026-07-24T22:41:20.118837+00:00
561961,ELC,40,2025,17,2026-11-25 19:45:00+00:00,346,59,38.0,67.0,1.5599987113642926,1.6804496378844513,0.35544498415668824,0.23772847883316334,0.4068265370101483,A,2026-07-24T22:41:20.138212+00:00
561962,ELC,40,2025,17,2026-11-25 19:45:00+00:00,70,384,75.0,58.0,1.5294419035892206,1.6626612986066165,0.3515386668970445,0.2396705161414705,0.4087908169614849,A,2026-07-24T22:41:20.158138+00:00
561963,ELC,40,2025,17,2026-11-25 19:45:00+00:00,60,74,68.0,60.0,1.5893856147086367,1.6975900038997993,0.35913464243098947,0.23590014277591623,0.4049652147930943,A,2026-07-24T22:41:20.177471+00:00
561964,ELC,40,2025,17,2026-11-25 19:45:00+00:00,328,332,44.0,54.0,1.9270989824647193,1.3787430831259058,0.5011863717498092,0.2267725933779446,0.2720410348722463,H,2026-07-24T22:41:20.198359+00:00
561965,ELC,40,2025,18,2026-11-28 15:00:00+00:00,404,325,1837.0,1355.0,1.7258807720000522,1.6310367473723602,0.4032743129536267,0.2331979211372471,0.36352776590912617,H,2026-07-24T22:41:20.217082+00:00
561966,ELC,40,2025,18,2026-11-28 15:00:00+00:00,69,356,72.0,62.0,1.4660861608580078,1.784871439250114,0.3149944502055845,0.23468586123413218,0.4503196885602833,A,2026-07-24T22:41:20.237230+00:00
561967,ELC,40,2025,18,2026-11-28 15:00:00+00:00,384,328,58.0,44.0,1.3713969227964307,1.810709460905453,0.2887185665790567,0.2347162073833069,0.47656522603763646,A,2026-07-24T22:41:20.259852+00:00
561968,ELC,40,2025,18,2026-11-28 15:00:00+00:00,340,343,41.0,70.0,1.7758744574955387,1.682782092599494,0.40453141092550005,0.22935319503943358,0.3661153940350662,H,2026-07-24T22:41:20.280778+00:00
561969,ELC,40,2025,18,2026-11-28 15:00:00+00:00,59,348,67.0,1335.0,1.6531309294368377,1.595115185671312,0.3934943216862259,0.2377397913750249,0.3687658869387491,H,2026-07-24T22:41:20.300651+00:00
561970,ELC,40,2025,18,2026-11-28 15:00:00+00:00,332,60,54.0,68.0,1.580467387821545,1.7148342157502712,0.3538990789174896,0.23537636763520817,0.41072455344730224,A,2026-07-24T22:41:20.321111+00:00
561971,ELC,40,2025,18,2026-11-28 15:00:00+00:00,342,346,69.0,38.0,1.6164969978831853,1.627906621751875,0.37856796151146266,0.23799738313657454,0.38343465535196275,A,2026-07-24T22:41:20.340388+00:00
561972,ELC,40,2025,18,2026-11-28 15:00:00+00:00,1126,76,1379.0,39.0,1.6570589880725133,1.6515697401801852,0.38347429292992685,0.23536966257339254,0.3811560444966807,H,2026-07-24T22:41:20.360724+00:00
561973,ELC,40,2025,18,2026-11-28 15:00:00+00:00,1081,68,59.0,71.0,1.614945778846302,1.724917467981794,0.3600110919994693,0.23377654728527997,0.4062123607152506,A,2026-07-24T22:41:20.379855+00:00
561974,ELC,40,2025,18,2026-11-28 15:00:00+00:00,563,70,48.0,75.0,1.689438566668167,1.5844142125125655,0.40406026005960954,0.2364545712487354,0.3594851686916551,H,2026-07-24T22:41:20.400264+00:00
561975,ELC,40,2025,18,2026-11-28 15:00:00+00:00,74,387,60.0,56.0,1.679970785205676,1.5860388938665198,0.4015385456788583,0.2368417811004683,0.3616196732206733,H,2026-07-24T22:41:20.419421+00:00
561976,ELC,40,2025,18,2026-11-28 15:00:00+00:00,72,715,76.0,43.0,1.7171868584620946,1.5610120831381677,0.41516332489274044,0.23588076586502293,0.34895590924223663,H,2026-07-24T22:41:20.439961+00:00
561977,ELC,40,2025,19,2026-12-05 15:00:00+00:00,387,72,56.0,76.0,1.6398188829226727,1.641357020818912,0.3814323465041089,0.23648295408547035,0.3820846994104209,A,2026-07-24T22:41:20.460329+00:00
561978,ELC,40,2025,19,2026-12-05 15:00:00+00:00,715,1126,43.0,1379.0,1.548245515966089,1.7706055024000682,0.33644396790020764,0.23352078360217315,0.4300352484976191,A,2026-07-24T22:41:20.481100+00:00
561979,ELC,40,2025,19,2026-12-05 15:00:00+00:00,356,563,62.0,48.0,1.772088184962992,1.5281088425717415,0.4344919699478045,0.233963238278814,0.33154479177338164,H,2026-07-24T22:41:20.500671+00:00
561980,ELC,40,2025,19,2026-12-05 15:00:00+00:00,68,404,71.0,1837.0,1.7049732086658804,1.7099132236602317,0.38336066352712517,0.23122595487983286,0.385413381593042,A,2026-07-24T22:41:20.519686+00:00
561981,ELC,40,2025,19,2026-12-05 15:00:00+00:00,348,332,1335.0,54.0,1.701222371854648,1.613374465966178,0.40107522951043584,0.23490543742731124,0.3640193330622529,H,2026-07-24T22:41:20.540587+00:00
561982,ELC,40,2025,19,2026-12-05 15:00:00+00:00,76,340,39.0,41.0,1.6033053074949817,1.812439855146133,0.3416365499094884,0.22997244210458176,0.42839100798593005,A,2026-07-24T22:41:20.559655+00:00
561983,ELC,40,2025,19,2026-12-05 15:00:00+00:00,60,59,68.0,67.0,1.6070124832579178,1.6771843318914723,0.36702213875683204,0.2362138385660078,0.3967640226771601,A,2026-07-24T22:41:20.579678+00:00
561984,ELC,40,2025,19,2026-12-05 15:00:00+00:00,346,384,38.0,58.0,1.581387184795394,1.655208084571916,0.3651585703919304,0.23816303483092813,0.39667839477714145,A,2026-07-24T22:41:20.598563+00:00
561985,ELC,40,2025,19,2026-12-05 15:00:00+00:00,325,74,1355.0,60.0,1.5467052147133007,1.7710015135016368,0.3360197452397412,0.23354066345474406,0.4304395913055146,A,2026-07-24T22:41:20.618145+00:00
561986,ELC,40,2025,19,2026-12-05 15:00:00+00:00,70,69,75.0,72.0,1.594594488480378,1.6670287367572312,0.366031421054663,0.23712925486547887,0.39683932407985817,A,2026-07-24T22:41:20.637961+00:00
561987,ELC,40,2025,19,2026-12-05 15:00:00+00:00,328,1081,44.0,59.0,1.8951683708240479,1.3933748006813942,0.49089935572281324,0.22881769936846608,0.28028294490872063,H,2026-07-24T22:41:20.657419+00:00
561988,ELC,40,2025,19,2026-12-05 15:00:00+00:00,343,342,70.0,69.0,1.6998605402509173,1.6038273872968494,0.40263790596635834,0.23529858979013787,0.36206350424350375,H,2026-07-24T22:41:20.676404+00:00
561989,ELC,40,2025,20,2026-12-08 19:45:00+00:00,563,343,48.0,70.0,1.619502331912699,1.71963216076314,0.36203032388066014,0.2338649798267156,0.4041046962926241,A,2026-07-24T22:41:20.697729+00:00
561990,ELC,40,2025,20,2026-12-08 19:45:00+00:00,59,68,67.0,71.0,1.6823303776028236,1.670459721075977,0.38568291944492894,0.23361356801980412,0.38070351253526696,H,2026-07-24T22:41:20.717845+00:00
561991,ELC,40,2025,20,2026-12-08 19:45:00+00:00,74,715,60.0,43.0,1.7927974561336228,1.5182633666876977,0.44125341445090766,0.23307279598415287,0.32567378956493964,H,2026-07-24T22:41:20.738962+00:00
561992,ELC,40,2025,20,2026-12-08 19:45:00+00:00,404,348,1837.0,1335.0,1.6588227469935963,1.6594313936530278,0.382379339690693,0.23498465379446987,0.38263600651483737,A,2026-07-24T22:41:20.758303+00:00
561993,ELC,40,2025,20,2026-12-08 19:45:00+00:00,384,356,58.0,62.0,1.4767740153967395,1.717251776656716,0.3292419424726434,0.23835602909866627,0.43240202842869047,A,2026-07-24T22:41:20.778224+00:00
561994,ELC,40,2025,20,2026-12-08 19:45:00+00:00,72,60,76.0,68.0,1.6188188561010823,1.6725987185086233,0.3706244814087374,0.235980491208141,0.3933950273831215,A,2026-07-24T22:41:20.797877+00:00
561995,ELC,40,2025,20,2026-12-08 19:45:00+00:00,69,76,72.0,39.0,1.6090932359173666,1.687884025207428,0.3655073947673354,0.23565764075615644,0.39883496447650807,A,2026-07-24T22:41:20.817439+00:00
561996,ELC,40,2025,20,2026-12-08 19:45:00+00:00,332,346,54.0,38.0,1.604358053868969,1.6818405083029995,0.36553529030808896,0.23610044581418144,0.39836426387772955,A,2026-07-24T22:41:20.835749+00:00
561997,ELC,40,2025,20,2026-12-09 19:45:00+00:00,340,328,41.0,44.0,1.5414460394112615,1.8481437130760456,0.32148050409369405,0.22953903303073458,0.4489804628755713,A,2026-07-24T22:41:20.855491+00:00
561998,ELC,40,2025,20,2026-12-09 19:45:00+00:00,1081,325,59.0,1355.0,1.6617289025621196,1.6504033585199636,0.3847771909999773,0.23522608629156389,0.3799967227084586,H,2026-07-24T22:41:20.873321+00:00
561999,ELC,40,2025,20,2026-12-09 19:45:00+00:00,1126,70,1379.0,75.0,1.7024697941118574,1.5957445346674266,0.4048355666850112,0.2354551712331461,0.3597092620818429,H,2026-07-24T22:41:20.892872+00:00
562000,ELC,40,2025,20,2026-12-09 19:45:00+00:00,342,387,69.0,56.0,1.5965934115518379,1.660132821135849,0.3677928583650104,0.23736779410048084,0.3948393475345088,A,2026-07-24T22:41:20.910691+00:00
562001,ELC,40,2025,21,2026-12-12 15:00:00+00:00,348,72,1335.0,76.0,1.6492876997351111,1.6522994306973908,0.38153637391591066,0.23565394040926205,0.38280968567482715,A,2026-07-24T22:41:20.930553+00:00
562002,ELC,40,2025,21,2026-12-12 15:00:00+00:00,563,387,48.0,56.0,1.649410709248067,1.6667636361734226,0.3788104669150096,0.2350590621118239,0.3861304709731664,A,2026-07-24T22:41:20.950129+00:00
562003,ELC,40,2025,21,2026-12-12 15:00:00+00:00,1081,343,59.0,70.0,1.5630663979793729,1.7318632104185194,0.3467764311256842,0.2350841102840643,0.4181394585902514,A,2026-07-24T22:41:20.970574+00:00
562004,ELC,40,2025,21,2026-12-12 15:00:00+00:00,69,346,72.0,38.0,1.6307286621592196,1.6718429426088348,0.3735282298514007,0.23556479043472897,0.39090697971387034,A,2026-07-24T22:41:20.989763+00:00
562005,ELC,40,2025,21,2026-12-12 15:00:00+00:00,70,74,75.0,60.0,1.503388535373522,1.7470322449765057,0.3302158420942779,0.23596963498301732,0.4338145229227045,A,2026-07-24T22:41:21.008028+00:00
562006,ELC,40,2025,21,2026-12-12 15:00:00+00:00,60,404,68.0,1837.0,1.6644676912071352,1.68885335134607,0.3780960908225782,0.23357971781594417,0.38832419136147767,A,2026-07-24T22:41:21.027450+00:00
562007,ELC,40,2025,21,2026-12-12 15:00:00+00:00,1126,68,1379.0,71.0,1.6884990935383792,1.7319951173976782,0.3754903435556363,0.23096200876705997,0.39354764767730366,A,2026-07-24T22:41:21.045952+00:00
562008,ELC,40,2025,21,2026-12-12 15:00:00+00:00,59,342,67.0,69.0,1.6592119094210462,1.5758211248337912,0.39871485188639433,0.23818290594466318,0.36310224216894244,H,2026-07-24T22:41:21.065644+00:00
562009,ELC,40,2025,21,2026-12-12 15:00:00+00:00,325,332,1355.0,54.0,1.6637821239551809,1.6800556994900122,0.37960131808546316,0.23396173077420418,0.3864369511403327,A,2026-07-24T22:41:21.083535+00:00
562010,ELC,40,2025,21,2026-12-12 15:00:00+00:00,356,328,62.0,44.0,1.5053535902388424,1.7327939916773576,0.3331886647759593,0.23670188983434803,0.4301094453896928,A,2026-07-24T22:41:21.102319+00:00
562011,ELC,40,2025,21,2026-12-12 15:00:00+00:00,76,384,39.0,58.0,1.6203581095656425,1.6487816232746642,0.37548532012885916,0.2369522960358568,0.38756238383528413,A,2026-07-24T22:41:21.120546+00:00
562012,ELC,40,2025,21,2026-12-12 15:00:00+00:00,715,340,43.0,41.0,1.5051407778150638,1.9137039661152981,0.3024470267039369,0.22644534958786608,0.4711076237081969,A,2026-07-24T22:41:21.139374+00:00
562013,ELC,40,2025,22,2026-12-19 15:00:00+00:00,343,325,70.0,1355.0,1.7759909402823948,1.633357157606036,0.4142045021932382,0.23086604433654934,0.35492945347021243,H,2026-07-24T22:41:21.157207+00:00
562014,ELC,40,2025,22,2026-12-19 15:00:00+00:00,387,715,56.0,43.0,1.7506963291956517,1.5913788409501268,0.416785552566587,0.2333062947081191,0.34990815272529385,H,2026-07-24T22:41:21.176092+00:00
562015,ELC,40,2025,22,2026-12-19 15:00:00+00:00,68,76,71.0,39.0,1.706849318334466,1.7034341983990555,0.38500970673045093,0.23140065758148112,0.38358963568806786,H,2026-07-24T22:41:21.193997+00:00
562016,ELC,40,2025,22,2026-12-19 15:00:00+00:00,384,348,58.0,1335.0,1.6218796731817684,1.6230531350209982,0.38076016050471817,0.23797918600726609,0.3812606534880156,A,2026-07-24T22:41:21.214566+00:00
562017,ELC,40,2025,22,2026-12-19 15:00:00+00:00,328,70,44.0,75.0,1.9251209474644857,1.3821192439405616,0.5000099068048862,0.22688858052761315,0.27310151266750066,H,2026-07-24T22:41:21.232047+00:00
562018,ELC,40,2025,22,2026-12-19 15:00:00+00:00,342,1126,69.0,1379.0,1.6036069410741707,1.6924017757990826,0.36339508406258747,0.23564737767579144,0.400957538261621,A,2026-07-24T22:41:21.251199+00:00
562019,ELC,40,2025,22,2026-12-19 15:00:00+00:00,404,69,1837.0,72.0,1.6943448877534089,1.6474978620522833,0.3928489409894203,0.23398460364409518,0.37316645536648435,H,2026-07-24T22:41:21.268727+00:00
562020,ELC,40,2025,22,2026-12-19 15:00:00+00:00,340,59,41.0,67.0,1.7616817186034106,1.6628560518940336,0.4052001747531761,0.23059036181763914,0.36420946342918464,H,2026-07-24T22:41:21.287733+00:00
562021,ELC,40,2025,22,2026-12-19 15:00:00+00:00,74,356,60.0,62.0,1.543495501344258,1.707755911822235,0.3465873272078281,0.23690571389697443,0.4165069588951974,A,2026-07-24T22:41:21.305256+00:00
562022,ELC,40,2025,22,2026-12-19 15:00:00+00:00,332,563,54.0,48.0,1.5896104548991432,1.7126212842823347,0.3564217280104136,0.23518359463360727,0.40839467735597923,A,2026-07-24T22:41:21.324836+00:00
562023,ELC,40,2025,22,2026-12-19 15:00:00+00:00,72,1081,76.0,59.0,1.6425110413872164,1.6203954223635066,0.3860937085880592,0.23721863820178782,0.376687653210153,H,2026-07-24T22:41:21.343309+00:00
562024,ELC,40,2025,22,2026-12-19 15:00:00+00:00,346,60,38.0,68.0,1.617863804004792,1.7120622895948843,0.3630492214851779,0.23426196308449235,0.4026888154303299,A,2026-07-24T22:41:21.363267+00:00
562025,ELC,40,2025,23,2026-12-26 15:00:00+00:00,60,328,68.0,44.0,1.4154994133422238,1.8996496554960063,0.2845765699447495,0.22832676201773452,0.4870966680375159,A,2026-07-24T22:41:21.380830+00:00
562026,ELC,40,2025,23,2026-12-26 15:00:00+00:00,356,343,62.0,70.0,1.743098789204015,1.6024732100514483,0.41284020790324294,0.2333310795873669,0.3538287125093902,H,2026-07-24T22:41:21.400196+00:00
562027,ELC,40,2025,23,2026-12-26 15:00:00+00:00,325,346,1355.0,38.0,1.638727223247028,1.7240891804029481,0.36561994485956745,0.23301722381703294,0.4013628313233996,A,2026-07-24T22:41:21.417781+00:00
562028,ELC,40,2025,23,2026-12-26 15:00:00+00:00,59,332,67.0,54.0,1.71350369242074,1.5775526161531066,0.41099863497312533,0.23553494328140226,0.35346642174547244,H,2026-07-24T22:41:21.437558+00:00
562029,ELC,40,2025,23,2026-12-26 15:00:00+00:00,563,68,48.0,71.0,1.6842463994796328,1.746378159012141,0.37186038787824066,0.23052661086378634,0.397613001257973,A,2026-07-24T22:41:21.456505+00:00
562030,ELC,40,2025,23,2026-12-26 15:00:00+00:00,76,72,39.0,76.0,1.6553558944303504,1.6659979539786804,0.3803284191016603,0.2348575519880976,0.3848140289102421,A,2026-07-24T22:41:21.474336+00:00
562031,ELC,40,2025,23,2026-12-26 15:00:00+00:00,69,387,72.0,56.0,1.6115678825341624,1.7078885019967558,0.36236840127454273,0.23466600314518218,0.402965595580275,A,2026-07-24T22:41:21.493076+00:00
562032,ELC,40,2025,23,2026-12-26 15:00:00+00:00,70,404,75.0,1837.0,1.5733817675435193,1.7350572695270197,0.3485855584118034,0.23461262269519856,0.4168018188929979,A,2026-07-24T22:41:21.511058+00:00
562033,ELC,40,2025,23,2026-12-26 15:00:00+00:00,715,384,43.0,58.0,1.5232931370165745,1.7481263640615639,0.33464949640502256,0.2353795071693859,0.4299709964255916,A,2026-07-24T22:41:21.529914+00:00
562034,ELC,40,2025,23,2026-12-26 15:00:00+00:00,1126,74,1379.0,60.0,1.5997019734515274,1.7274081645256052,0.3560469420580329,0.23415755332441707,0.4097955046175501,A,2026-07-24T22:41:21.547807+00:00
562035,ELC,40,2025,23,2026-12-26 15:00:00+00:00,1081,342,59.0,69.0,1.6006805245713338,1.6513263034298495,0.37040864237834376,0.23760760108789508,0.3919837565337611,A,2026-07-24T22:41:21.566725+00:00
562036,ELC,40,2025,23,2026-12-26 15:00:00+00:00,348,340,1335.0,41.0,1.608908120526077,1.8364499543466122,0.33870028494142673,0.22865631964554722,0.43264339541302615,A,2026-07-24T22:41:21.585668+00:00
562037,ELC,40,2025,24,2026-12-29 19:45:00+00:00,74,1081,60.0,59.0,1.7147400785662281,1.5759694850427013,0.4116003787203842,0.23552609255001158,0.3528735287296042,H,2026-07-24T22:41:21.604440+00:00
562038,ELC,40,2025,24,2026-12-29 19:45:00+00:00,342,356,69.0,62.0,1.46678920430212,1.7866173133385284,0.3148595980677526,0.2345675931716529,0.4505728087605945,A,2026-07-24T22:41:21.622227+00:00
562039,ELC,40,2025,24,2026-12-29 19:45:00+00:00,72,69,76.0,72.0,1.6583285960553134,1.6464763913086027,0.38474405172167103,0.23552031114010633,0.3797356371382227,H,2026-07-24T22:41:21.641051+00:00
562040,ELC,40,2025,24,2026-12-29 19:45:00+00:00,346,76,38.0,39.0,1.6218041278758795,1.6991811643354766,0.36634492849619577,0.23470101791212844,0.39895405359167596,A,2026-07-24T22:41:21.659145+00:00
562041,ELC,40,2025,24,2026-12-29 19:45:00+00:00,340,563,41.0,48.0,1.82486864048406,1.6565412032716358,0.42059565722004916,0.2279867867119066,0.3514175560680441,H,2026-07-24T22:41:21.679866+00:00
562042,ELC,40,2025,24,2026-12-29 19:45:00+00:00,68,348,71.0,1335.0,1.711286765635057,1.7124138383093497,0.38431914087950286,0.2308940111998739,0.38478684792062323,A,2026-07-24T22:41:21.697461+00:00
562043,ELC,40,2025,24,2026-12-29 19:45:00+00:00,328,1126,44.0,1379.0,1.8823732654327003,1.4695476245011128,0.471670096088274,0.2287851778249174,0.2995447260868087,H,2026-07-24T22:41:21.718750+00:00
562044,ELC,40,2025,24,2026-12-29 19:45:00+00:00,404,59,1837.0,67.0,1.6127953023220967,1.698899683590699,0.3643162799585906,0.23503037910733926,0.40065334093407,A,2026-07-24T22:41:21.736372+00:00
562045,ELC,40,2025,24,2026-12-29 19:45:00+00:00,332,715,54.0,43.0,1.690707328646081,1.6413059403880714,0.3932104153146762,0.2343659574769091,0.37242362720841476,H,2026-07-24T22:41:21.755838+00:00
562046,ELC,40,2025,24,2026-12-29 19:45:00+00:00,343,60,70.0,68.0,1.705473847077864,1.6864979675905956,0.3879117265164677,0.2320889346859223,0.37999933879760983,H,2026-07-24T22:41:21.773662+00:00
562047,ELC,40,2025,24,2026-12-29 19:45:00+00:00,387,70,56.0,75.0,1.692278089809969,1.6139105768143034,0.39890654569343004,0.23528850299238294,0.3658049513141871,H,2026-07-24T22:41:21.793590+00:00
562048,ELC,40,2025,24,2026-12-29 19:45:00+00:00,384,325,58.0,1355.0,1.6944641863588625,1.6152811599848205,0.3991428067018234,0.23514198199428674,0.3657152113038899,H,2026-07-24T22:41:21.812374+00:00
562049,ELC,40,2025,25,2027-01-01 12:00:00+00:00,343,1081,70.0,59.0,1.727593317231872,1.6257627426306533,0.4046990369310559,0.2332974388023623,0.3620035242665817,H,2026-07-24T22:41:21.831600+00:00
562050,ELC,40,2025,25,2027-01-01 12:00:00+00:00,340,715,41.0,43.0,1.9383886982400984,1.5803601031268302,0.46090909236247307,0.2239957381011172,0.3150951695364098,H,2026-07-24T22:41:21.849339+00:00
562051,ELC,40,2025,25,2027-01-01 12:00:00+00:00,346,69,38.0,72.0,1.6545953707531562,1.6769579100464593,0.378074301569686,0.23444050572639363,0.3874851927039203,A,2026-07-24T22:41:21.869297+00:00
562052,ELC,40,2025,25,2027-01-01 12:00:00+00:00,328,356,44.0,62.0,1.7183957650407786,1.5439042806686474,0.41889476088989874,0.23634844417064824,0.34475679493945305,H,2026-07-24T22:41:21.887632+00:00
562053,ELC,40,2025,25,2027-01-01 12:00:00+00:00,342,59,69.0,67.0,1.5569299637117668,1.6981715377219244,0.351470465648063,0.23695790142073864,0.4115716329311984,A,2026-07-24T22:41:21.908041+00:00
562054,ELC,40,2025,25,2027-01-01 12:00:00+00:00,332,325,54.0,1355.0,1.6605808184280908,1.7061170487710957,0.3739626200539464,0.23301545255727582,0.3930219273887778,A,2026-07-24T22:41:21.927470+00:00
562055,ELC,40,2025,25,2027-01-01 12:00:00+00:00,74,70,60.0,75.0,1.737729721996915,1.5524318331316824,0.42163818496464683,0.23510360215333523,0.3432582128820181,H,2026-07-24T22:41:21.947539+00:00
562056,ELC,40,2025,25,2027-01-01 12:00:00+00:00,68,1126,71.0,1379.0,1.7118292769437442,1.7414036232138315,0.3790073746524237,0.22976759844726602,0.39122502690031025,A,2026-07-24T22:41:21.966394+00:00
562057,ELC,40,2025,25,2027-01-01 12:00:00+00:00,72,348,76.0,1335.0,1.6280667438314431,1.6721163526783747,0.3728600058668089,0.23565380881618556,0.39148618531700546,A,2026-07-24T22:41:21.984396+00:00
562058,ELC,40,2025,25,2027-01-01 12:00:00+00:00,404,60,1837.0,68.0,1.6654611143084765,1.7086525082182893,0.3746042845822292,0.23273385222041126,0.3926618631973596,A,2026-07-24T22:41:22.003244+00:00
562059,ELC,40,2025,25,2027-01-01 12:00:00+00:00,384,76,58.0,39.0,1.6253341897885436,1.6374606025892895,0.378804422936682,0.23723348097987493,0.3839620960834431,A,2026-07-24T22:41:22.021042+00:00
562060,ELC,40,2025,25,2027-01-01 12:00:00+00:00,387,563,56.0,48.0,1.6536998782131855,1.6840363523341975,0.37653109273875435,0.2341835217114612,0.3892853855497844,A,2026-07-24T22:41:22.039750+00:00
562061,ELC,40,2025,26,2027-01-16 12:00:00+00:00,70,342,75.0,69.0,1.5793923834719579,1.6984406868296231,0.356655485730966,0.2361987729551156,0.4071457413139184,A,2026-07-24T22:41:22.057836+00:00
562062,ELC,40,2025,26,2027-01-16 12:00:00+00:00,348,346,1335.0,38.0,1.6851793605249943,1.6840497546244835,0.38374815658806066,0.23297633923385566,0.38327550417808354,H,2026-07-24T22:41:22.077861+00:00
562063,ELC,40,2025,26,2027-01-16 12:00:00+00:00,76,328,39.0,44.0,1.414772975497057,1.9236730628187493,0.2806467169398423,0.22677244139176383,0.49258084166839394,A,2026-07-24T22:41:22.095478+00:00
562064,ELC,40,2025,26,2027-01-16 12:00:00+00:00,1081,404,59.0,1837.0,1.608258496079642,1.7305139722817418,0.3574489053132994,0.23373701970748337,0.4088140749792173,A,2026-07-24T22:41:22.114050+00:00
562065,ELC,40,2025,26,2027-01-16 12:00:00+00:00,715,343,43.0,70.0,1.5308300347541974,1.853898796473248,0.3181074805757158,0.2294303668743939,0.4524621525498903,A,2026-07-24T22:41:22.131699+00:00
562066,ELC,40,2025,26,2027-01-16 12:00:00+00:00,1126,384,1379.0,58.0,1.6400740734014267,1.6822935482780794,0.3737199778488006,0.23476846609510343,0.3915115560560957,A,2026-07-24T22:41:22.152320+00:00
562067,ELC,40,2025,26,2027-01-16 12:00:00+00:00,325,68,1355.0,71.0,1.651244346542302,1.837517228807089,0.3479991855107822,0.22754971272678148,0.42445110176243617,A,2026-07-24T22:41:22.170309+00:00
562068,ELC,40,2025,26,2027-01-16 12:00:00+00:00,69,332,72.0,54.0,1.6723073116584688,1.6785545552789085,0.38184328253830874,0.23369210925563091,0.38446460820606043,A,2026-07-24T22:41:22.192162+00:00
562069,ELC,40,2025,26,2027-01-16 12:00:00+00:00,356,387,62.0,56.0,1.7815866145179469,1.5695644730041252,0.4282121360720432,0.2323907096673371,0.3393971542606198,H,2026-07-24T22:41:22.211653+00:00
562070,ELC,40,2025,26,2027-01-16 12:00:00+00:00,563,72,48.0,76.0,1.6617380745208057,1.6848897992316094,0.37821769212585166,0.23384409905148493,0.3879382088226634,A,2026-07-24T22:41:22.231238+00:00
562071,ELC,40,2025,26,2027-01-16 12:00:00+00:00,60,340,68.0,41.0,1.6248536836127903,1.8599757157362453,0.3381890723136744,0.22713380191879098,0.4346771257675346,A,2026-07-24T22:41:22.249452+00:00
562072,ELC,40,2025,26,2027-01-16 12:00:00+00:00,59,74,67.0,60.0,1.6019299029127794,1.6913556238466139,0.3632003894565735,0.23575414995933822,0.40104546058408835,A,2026-07-24T22:41:22.268955+00:00
562073,ELC,40,2025,27,2027-01-23 12:00:00+00:00,404,356,1837.0,62.0,1.52782753654616,1.8175753274389708,0.32359859772315136,0.2314944881179171,0.4449069141589316,A,2026-07-24T22:41:22.287044+00:00
562074,ELC,40,2025,27,2027-01-23 12:00:00+00:00,1081,70,59.0,75.0,1.6479593326858828,1.6471967775894854,0.38220422387939734,0.23591426836881768,0.3818815077517849,H,2026-07-24T22:41:22.306589+00:00
562075,ELC,40,2025,27,2027-01-23 12:00:00+00:00,715,76,43.0,39.0,1.5633535882493592,1.798685878409384,0.33497374409722486,0.23167362115366377,0.43335263474911123,A,2026-07-24T22:41:22.324451+00:00
562076,ELC,40,2025,27,2027-01-23 12:00:00+00:00,69,340,72.0,41.0,1.5770875622252036,1.8945804786201355,0.3216455381253835,0.22637030591874452,0.45198415595587205,A,2026-07-24T22:41:22.343941+00:00
562077,ELC,40,2025,27,2027-01-23 12:00:00+00:00,387,60,56.0,68.0,1.6587115702395392,1.7311321022940014,0.36888298110210127,0.23203232917775407,0.3990846897201445,A,2026-07-24T22:41:22.361759+00:00
562078,ELC,40,2025,27,2027-01-23 12:00:00+00:00,342,384,69.0,58.0,1.5822151506330235,1.685171282883708,0.3597630115444302,0.23673222559880794,0.4035047628567618,A,2026-07-24T22:41:22.381971+00:00
562079,ELC,40,2025,27,2027-01-23 12:00:00+00:00,325,328,1355.0,44.0,1.3827079752577762,2.004164508391051,0.26135197637038077,0.22153363782909852,0.5171143858005208,A,2026-07-24T22:41:22.400369+00:00
562080,ELC,40,2025,27,2027-01-23 12:00:00+00:00,348,343,1335.0,70.0,1.6340838550536945,1.771513930870581,0.35590178392668675,0.2310484824150528,0.4130497336582606,A,2026-07-24T22:41:22.421026+00:00
562081,ELC,40,2025,27,2027-01-23 12:00:00+00:00,332,1126,54.0,1379.0,1.599618587546234,1.7751421792873534,0.34740747601602845,0.23188553016840263,0.4207069938155689,A,2026-07-24T22:41:22.440418+00:00
562082,ELC,40,2025,27,2027-01-23 12:00:00+00:00,346,68,38.0,71.0,1.6561712316999821,1.793679880242354,0.35690218013300967,0.22939591401262524,0.41370190585436506,A,2026-07-24T22:41:22.458700+00:00
562083,ELC,40,2025,27,2027-01-23 12:00:00+00:00,74,563,60.0,48.0,1.7048206187002204,1.6390293237281492,0.39689360405039364,0.2338439550045022,0.36926244094510396,H,2026-07-24T22:41:22.477839+00:00
562084,ELC,40,2025,27,2027-01-23 12:00:00+00:00,59,72,67.0,76.0,1.6682979730042542,1.6363096370082733,0.38900751175579973,0.23550233696566908,0.3754901512785311,H,2026-07-24T22:41:22.495947+00:00
562085,ELC,40,2025,28,2027-01-26 12:00:00+00:00,60,348,68.0,1335.0,1.6777152336767314,1.7128383154681508,0.3766167061110082,0.23211859114425903,0.39126470274473285,A,2026-07-24T22:41:22.514968+00:00
562086,ELC,40,2025,28,2027-01-26 12:00:00+00:00,68,342,71.0,69.0,1.7224086993600953,1.7058610163040329,0.3880736995728315,0.23071466701140847,0.3812116334157601,H,2026-07-24T22:41:22.532930+00:00
562087,ELC,40,2025,28,2027-01-26 12:00:00+00:00,1126,346,1379.0,38.0,1.6984089671839253,1.6918630905658034,0.38528355001817394,0.23216307580808582,0.3825533741737401,H,2026-07-24T22:41:22.551898+00:00
562088,ELC,40,2025,28,2027-01-26 12:00:00+00:00,356,1081,62.0,59.0,1.8106261062621822,1.5395777713246412,0.44091450817577654,0.2316106610595906,0.32747483076463285,H,2026-07-24T22:41:22.569826+00:00
562089,ELC,40,2025,28,2027-01-26 12:00:00+00:00,340,74,41.0,60.0,1.7594212336234658,1.7328675490688206,0.3912815381862163,0.22834259171604557,0.38037587009773816,H,2026-07-24T22:41:22.591036+00:00
562090,ELC,40,2025,28,2027-01-26 12:00:00+00:00,384,332,58.0,54.0,1.6844805462244221,1.6148776135251437,0.3969151172562538,0.23560165207519954,0.3674832306685467,H,2026-07-24T22:41:22.608879+00:00
562091,ELC,40,2025,28,2027-01-26 12:00:00+00:00,70,59,75.0,67.0,1.5309566667294594,1.7634509175667727,0.3337190703160274,0.23435370441877157,0.4319272252652012,A,2026-07-24T22:41:22.627728+00:00
562092,ELC,40,2025,28,2027-01-26 12:00:00+00:00,328,69,44.0,72.0,1.929952819421126,1.4520278898305183,0.4859455757873032,0.2260612675366771,0.2879931566760196,H,2026-07-24T22:41:22.645593+00:00
562093,ELC,40,2025,28,2027-01-27 12:00:00+00:00,76,387,39.0,56.0,1.6656809673618298,1.7167036280758012,0.37315104288561995,0.23239363421914164,0.3944553228952386,A,2026-07-24T22:41:22.666210+00:00
562094,ELC,40,2025,28,2027-01-27 12:00:00+00:00,72,325,76.0,1355.0,1.7064518970445806,1.6802484999374894,0.389326350475547,0.23228198210480328,0.3783916674196497,H,2026-07-24T22:41:22.683559+00:00
562095,ELC,40,2025,28,2027-01-27 12:00:00+00:00,563,715,48.0,43.0,1.7730504906973656,1.6305569658228212,0.4140922040755681,0.2310839513478381,0.35482384457659377,H,2026-07-24T22:41:22.702574+00:00
562096,ELC,40,2025,28,2027-01-27 12:00:00+00:00,343,404,70.0,1837.0,1.719157723360059,1.713870798005609,0.38582387652767763,0.23054309563590583,0.38363302783641645,H,2026-07-24T22:41:22.720149+00:00
562097,ELC,40,2025,29,2027-01-30 12:00:00+00:00,328,715,44.0,43.0,2.0132631717916447,1.4067142417766931,0.5138232811204376,0.22091932993109997,0.26525738894846235,H,2026-07-24T22:41:22.739501+00:00
562098,ELC,40,2025,29,2027-01-30 12:00:00+00:00,72,332,76.0,54.0,1.687842754236352,1.6546904521605192,0.38996938730151365,0.23398904118933797,0.3760415715091483,H,2026-07-24T22:41:22.757065+00:00
562099,ELC,40,2025,29,2027-01-30 12:00:00+00:00,340,1081,41.0,59.0,1.8568678981375786,1.6485376435994945,0.42927255903406,0.2267214949847742,0.3440059459811659,H,2026-07-24T22:41:22.776140+00:00
562100,ELC,40,2025,29,2027-01-30 12:00:00+00:00,384,74,58.0,60.0,1.569428369314559,1.7136795347391844,0.35154894687231236,0.23578775036957395,0.4126633027581138,A,2026-07-24T22:41:22.793623+00:00
562101,ELC,40,2025,29,2027-01-30 12:00:00+00:00,76,404,39.0,1837.0,1.6731735614132985,1.739680420375458,0.37059034136367297,0.23117964829272103,0.398230010343606,A,2026-07-24T22:41:22.813154+00:00
562102,ELC,40,2025,29,2027-01-30 12:00:00+00:00,1126,69,1379.0,72.0,1.7115619051198134,1.6910475240077971,0.38842962154934013,0.23168082978895807,0.37988954866170194,H,2026-07-24T22:41:22.830954+00:00
562103,ELC,40,2025,29,2027-01-30 12:00:00+00:00,70,325,75.0,1355.0,1.6499725022862364,1.729765604358326,0.3671425928047959,0.23238866850976558,0.4004687386854386,A,2026-07-24T22:41:22.850407+00:00
562104,ELC,40,2025,29,2027-01-30 12:00:00+00:00,60,342,68.0,69.0,1.6804443831449662,1.6817661284075096,0.38309849708388405,0.2332493654228424,0.38365213749327354,A,2026-07-24T22:41:22.868049+00:00
562105,ELC,40,2025,29,2027-01-30 12:00:00+00:00,563,59,48.0,67.0,1.617036511410236,1.7324936329757719,0.359103114419564,0.23336181803342224,0.40753506754701363,A,2026-07-24T22:41:22.887569+00:00
562106,ELC,40,2025,29,2027-01-30 12:00:00+00:00,343,346,70.0,38.0,1.738951806898042,1.675914582586168,0.397536996068681,0.23111616493573817,0.3713468389955808,H,2026-07-24T22:41:22.907360+00:00
562107,ELC,40,2025,29,2027-01-30 12:00:00+00:00,356,348,62.0,1335.0,1.7913946880855984,1.5800631706703647,0.42831745273931837,0.23161836374578323,0.34006418351489826,H,2026-07-24T22:41:22.925950+00:00
562108,ELC,40,2025,29,2027-01-30 12:00:00+00:00,68,387,71.0,56.0,1.7179318215748414,1.74919758741692,0.3789290510962985,0.22925251854860249,0.39181843035509895,A,2026-07-24T22:41:22.945590+00:00
562109,ELC,40,2025,30,2027-02-06 12:00:00+00:00,74,72,60.0,76.0,1.7047119164760816,1.6378865602020896,0.39709072167567844,0.23388924398116787,0.3690200343431537,H,2026-07-24T22:41:22.964168+00:00
562110,ELC,40,2025,30,2027-02-06 12:00:00+00:00,342,340,69.0,41.0,1.5723091657032207,1.876546296172959,0.3236147392915535,0.2274101907338274,0.4489750699746191,A,2026-07-24T22:41:22.984201+00:00
562111,ELC,40,2025,30,2027-02-06 12:00:00+00:00,346,356,38.0,62.0,1.4924396468517,1.8514427432382314,0.30981965976027,0.23026772082291397,0.45991261941681594,A,2026-07-24T22:41:23.002465+00:00
562112,ELC,40,2025,30,2027-02-06 12:00:00+00:00,1081,563,59.0,48.0,1.6141545192164788,1.7307568078075466,0.3587593027586055,0.23353498381265658,0.4077057134287378,A,2026-07-24T22:41:23.021607+00:00
562113,ELC,40,2025,30,2027-02-06 12:00:00+00:00,325,60,1355.0,68.0,1.6315979911875629,1.8148787385261593,0.3475893412993289,0.2291157994341125,0.42329485926655863,A,2026-07-24T22:41:23.039781+00:00
562114,ELC,40,2025,30,2027-02-06 12:00:00+00:00,69,384,72.0,58.0,1.596135867704176,1.7306995576365578,0.3546252097968031,0.2341161911910176,0.41125859901217904,A,2026-07-24T22:41:23.059203+00:00
562115,ELC,40,2025,30,2027-02-06 12:00:00+00:00,348,76,1335.0,39.0,1.6712649025234083,1.7261930917326138,0.372656856832711,0.23180409893533827,0.39553904423195074,A,2026-07-24T22:41:23.077513+00:00
562116,ELC,40,2025,30,2027-02-06 12:00:00+00:00,404,1126,1837.0,1379.0,1.6788269506843334,1.7473559292606116,0.3704538754743402,0.23066986562002498,0.39887625890563466,A,2026-07-24T22:41:23.096765+00:00
562117,ELC,40,2025,30,2027-02-06 12:00:00+00:00,59,328,67.0,44.0,1.423783095518656,1.8813121447339258,0.2893623278747408,0.2294225186109775,0.4812151535142816,A,2026-07-24T22:41:23.114943+00:00
562118,ELC,40,2025,30,2027-02-06 12:00:00+00:00,715,68,43.0,71.0,1.5929633575561561,1.8864872280482696,0.32654433328462945,0.22649053057458388,0.44696513614078676,A,2026-07-24T22:41:23.135989+00:00
562119,ELC,40,2025,30,2027-02-06 12:00:00+00:00,332,70,54.0,75.0,1.6438991459893948,1.6937904255223013,0.3724427093214086,0.23413995674101215,0.39341733393757916,A,2026-07-24T22:41:23.154226+00:00
562120,ELC,40,2025,30,2027-02-06 12:00:00+00:00,387,343,56.0,70.0,1.631700451264015,1.782522765471575,0.3533791412803007,0.23061533017673733,0.41600552854296197,A,2026-07-24T22:41:23.175018+00:00
562121,ELC,40,2025,31,2027-02-13 12:00:00+00:00,387,340,56.0,41.0,1.6180633132424187,1.8877978330324126,0.3319017371662662,0.22591867930972845,0.44217958352400527,A,2026-07-24T22:41:23.192499+00:00
562122,ELC,40,2025,31,2027-02-13 12:00:00+00:00,69,74,72.0,60.0,1.5657704523177207,1.8077397328496712,0.3339442300622565,0.23114591728678519,0.4349098526509583,A,2026-07-24T22:41:23.214792+00:00
562123,ELC,40,2025,31,2027-02-13 12:00:00+00:00,1126,1081,1379.0,59.0,1.70364570078765,1.689031945635057,0.387013426581032,0.23206603459549016,0.380920538823478,H,2026-07-24T22:41:23.232597+00:00
562124,ELC,40,2025,31,2027-02-13 12:00:00+00:00,332,342,54.0,69.0,1.6081685995488009,1.7346420563597973,0.35667467920083107,0.23354816085769153,0.40977715994147734,A,2026-07-24T22:41:23.251865+00:00
562125,ELC,40,2025,31,2027-02-13 12:00:00+00:00,68,343,71.0,70.0,1.692905585288105,1.8245422192085126,0.3595889117532351,0.22699289099471612,0.4134181972520488,A,2026-07-24T22:41:23.269356+00:00
562126,ELC,40,2025,31,2027-02-13 12:00:00+00:00,715,60,43.0,68.0,1.5695337051814169,1.847312512103726,0.32796269120154836,0.22900133058513464,0.4430359782133171,A,2026-07-24T22:41:23.288415+00:00
562127,ELC,40,2025,31,2027-02-13 12:00:00+00:00,76,356,39.0,62.0,1.529150772512214,1.8442318964581863,0.31935993821703085,0.22999792345115683,0.4506421383318124,A,2026-07-24T22:41:23.305902+00:00
562128,ELC,40,2025,31,2027-02-13 12:00:00+00:00,70,346,75.0,38.0,1.606448781454423,1.7448908930219424,0.35441562846273456,0.23312340686230318,0.4124609646749623,A,2026-07-24T22:41:23.324979+00:00
562129,ELC,40,2025,31,2027-02-13 12:00:00+00:00,404,563,1837.0,48.0,1.682674765257207,1.7295606739635923,0.37462293129881374,0.23126538654752504,0.3941116821536611,A,2026-07-24T22:41:23.342428+00:00
562130,ELC,40,2025,31,2027-02-13 12:00:00+00:00,328,72,44.0,76.0,1.896169583090351,1.4756436262000163,0.47344900894021597,0.22787107116119054,0.29867991989859344,H,2026-07-24T22:41:23.361968+00:00
562131,ELC,40,2025,31,2027-02-13 12:00:00+00:00,325,348,1355.0,1335.0,1.6353307241476605,1.7959194572729131,0.3518012244489993,0.22989434914727647,0.4183044264037243,A,2026-07-24T22:41:23.381482+00:00
562132,ELC,40,2025,31,2027-02-13 12:00:00+00:00,384,59,58.0,67.0,1.5881895076083632,1.697425165977125,0.3588872800598496,0.23594872624027377,0.40516399369987666,A,2026-07-24T22:41:23.401565+00:00
562133,ELC,40,2025,32,2027-02-16 12:00:00+00:00,59,387,67.0,56.0,1.6760012535037583,1.67798988063918,0.3827977615843367,0.23357045261881604,0.3836317857968471,A,2026-07-24T22:41:23.420438+00:00
562134,ELC,40,2025,32,2027-02-16 12:00:00+00:00,356,325,62.0,1355.0,1.874411219867542,1.5790410882210026,0.4471278377255815,0.22739009006762115,0.32548207220679726,H,2026-07-24T22:41:23.438321+00:00
562135,ELC,40,2025,32,2027-02-16 12:00:00+00:00,563,1126,48.0,1379.0,1.675791557973917,1.7584504719816343,0.3677263714835449,0.23030880487104144,0.4019648236454135,A,2026-07-24T22:41:23.458635+00:00
562136,ELC,40,2025,32,2027-02-16 12:00:00+00:00,348,328,1335.0,44.0,1.4225917220455715,1.9611940137044417,0.276591703024552,0.2242858187776967,0.4991224781977513,A,2026-07-24T22:41:23.477413+00:00
562137,ELC,40,2025,32,2027-02-16 12:00:00+00:00,1081,332,59.0,54.0,1.6658668643538772,1.6918491068460804,0.3778520619068151,0.2334054682220156,0.38874246987116945,A,2026-07-24T22:41:23.496476+00:00
562138,ELC,40,2025,32,2027-02-16 12:00:00+00:00,346,715,38.0,43.0,1.7406398405499208,1.6665951839195046,0.399717306906744,0.23136274098713833,0.36891995210611767,H,2026-07-24T22:41:23.515566+00:00
562139,ELC,40,2025,32,2027-02-16 12:00:00+00:00,74,404,60.0,1837.0,1.7143157640169673,1.6844786432414405,0.39030751297339483,0.23181305918212267,0.3778794278444825,H,2026-07-24T22:41:23.534404+00:00
562140,ELC,40,2025,32,2027-02-16 12:00:00+00:00,342,69,69.0,72.0,1.6544889068413982,1.7043279891550425,0.3729021682524512,0.23331058861571646,0.39378724313183255,A,2026-07-24T22:41:23.552182+00:00
562141,ELC,40,2025,32,2027-02-17 12:00:00+00:00,60,76,68.0,39.0,1.6844371081313727,1.7377390155145938,0.37350300448354595,0.23087217009602612,0.395624825420428,A,2026-07-24T22:41:23.571725+00:00
562142,ELC,40,2025,32,2027-02-17 12:00:00+00:00,72,384,76.0,58.0,1.6099548819831786,1.7029461884349961,0.3629097941162856,0.234946040725555,0.4021441651581593,A,2026-07-24T22:41:23.590114+00:00
562143,ELC,40,2025,32,2027-02-17 12:00:00+00:00,340,68,41.0,71.0,1.8711382721762428,1.7761682317836929,0.40767686482003257,0.22275361809819894,0.3695695170817685,H,2026-07-24T22:41:23.608808+00:00
562144,ELC,40,2025,32,2027-02-17 12:00:00+00:00,343,70,70.0,75.0,1.7667443860106866,1.6453848009869445,0.4097522332368769,0.2309184581798126,0.3593293085833105,H,2026-07-24T22:41:23.626482+00:00
562145,ELC,40,2025,33,2027-02-20 12:00:00+00:00,340,404,41.0,1837.0,1.8458872667610557,1.7326098164666974,0.4104661296514285,0.2249784336656243,0.3645554366829473,H,2026-07-24T22:41:23.647022+00:00
562146,ELC,40,2025,33,2027-02-20 12:00:00+00:00,348,715,1335.0,43.0,1.7811184902732338,1.6575745504043258,0.4106072348119165,0.2299094308010556,0.3594833343870279,H,2026-07-24T22:41:23.664598+00:00
562147,ELC,40,2025,33,2027-02-20 12:00:00+00:00,72,1126,76.0,1379.0,1.6444290703425402,1.7503376371159873,0.3620998516624303,0.2316754839368876,0.4062246644006821,A,2026-07-24T22:41:23.683675+00:00
562148,ELC,40,2025,33,2027-02-20 12:00:00+00:00,356,70,62.0,75.0,1.843366484822207,1.5373710171230384,0.44874946500734303,0.22988157565437384,0.3213689593382831,H,2026-07-24T22:41:23.701119+00:00
562149,ELC,40,2025,33,2027-02-20 12:00:00+00:00,1081,69,59.0,72.0,1.6487421844396628,1.7205670717812145,0.3685634165383853,0.23282599717543612,0.3986105862861786,A,2026-07-24T22:41:23.720193+00:00
562150,ELC,40,2025,33,2027-02-20 12:00:00+00:00,342,328,69.0,44.0,1.379683928551584,1.9580309888166036,0.26755347290840253,0.22466975345753443,0.507776773634063,A,2026-07-24T22:41:23.740006+00:00
562151,ELC,40,2025,33,2027-02-20 12:00:00+00:00,343,332,70.0,54.0,1.778304173239265,1.668436538059368,0.40785762820109006,0.2296992637297048,0.3624431080692052,H,2026-07-24T22:41:23.759905+00:00
562152,ELC,40,2025,33,2027-02-20 12:00:00+00:00,346,387,38.0,56.0,1.635930527781227,1.756397192668447,0.3590608558793743,0.23167547539383473,0.40926366872679104,A,2026-07-24T22:41:23.777935+00:00
562153,ELC,40,2025,33,2027-02-20 12:00:00+00:00,59,325,67.0,1355.0,1.753439536234652,1.6605175472672509,0.40379261931502375,0.23102006081183524,0.3651873198731411,H,2026-07-24T22:41:23.797542+00:00
562154,ELC,40,2025,33,2027-02-20 12:00:00+00:00,563,384,48.0,58.0,1.642992271563226,1.718172034135222,0.36769125957544385,0.23312829545435876,0.39918044497019733,A,2026-07-24T22:41:23.816161+00:00
562155,ELC,40,2025,33,2027-02-20 12:00:00+00:00,60,68,68.0,71.0,1.7125476528793218,1.8102476296637744,0.36652904525165453,0.2270111349065739,0.40645981984177154,A,2026-07-24T22:41:23.835661+00:00
562156,ELC,40,2025,33,2027-02-20 12:00:00+00:00,74,76,60.0,39.0,1.7126894883285493,1.6678758597802332,0.39311834551208824,0.23248061913977,0.3744010353481416,H,2026-07-24T22:41:23.853450+00:00
562157,ELC,40,2025,34,2027-02-27 12:00:00+00:00,69,563,72.0,48.0,1.6377206588027509,1.7726536816626404,0.35652119748028593,0.23088722255683386,0.4125915799628802,A,2026-07-24T22:41:23.873481+00:00
562158,ELC,40,2025,34,2027-02-27 12:00:00+00:00,325,340,1355.0,41.0,1.591633748773538,1.9793370947647868,0.310886270796216,0.22165979980081066,0.46745392940297326,A,2026-07-24T22:41:23.892733+00:00
562159,ELC,40,2025,34,2027-02-27 12:00:00+00:00,70,60,75.0,68.0,1.5903739475652843,1.8057119883219288,0.33988954258113774,0.23063550030146984,0.4294749571173924,A,2026-07-24T22:41:23.911272+00:00
562160,ELC,40,2025,34,2027-02-27 12:00:00+00:00,68,72,71.0,76.0,1.7283494024179333,1.7608224352130568,0.3791055526760036,0.2284460684890907,0.39244837883490574,A,2026-07-24T22:41:23.930477+00:00
562161,ELC,40,2025,34,2027-02-27 12:00:00+00:00,404,342,1837.0,69.0,1.6878132791560863,1.707507168258583,0.3799162263141571,0.23195995571631156,0.3881238179695313,A,2026-07-24T22:41:23.948776+00:00
562162,ELC,40,2025,34,2027-02-27 12:00:00+00:00,76,343,39.0,70.0,1.6471582493800878,1.8093460574210412,0.35207134237565524,0.22894808629186103,0.41898057133248384,A,2026-07-24T22:41:23.968116+00:00
562163,ELC,40,2025,34,2027-02-27 12:00:00+00:00,387,348,56.0,1335.0,1.6720661882391363,1.7426609520706584,0.3697885912048328,0.2310931606056401,0.39911824818952707,A,2026-07-24T22:41:23.987218+00:00
562164,ELC,40,2025,34,2027-02-27 12:00:00+00:00,332,74,54.0,60.0,1.546093460093185,1.8385139792939498,0.32417035104097525,0.22996552460435865,0.44586412435466616,A,2026-07-24T22:41:24.006898+00:00
562165,ELC,40,2025,34,2027-02-27 12:00:00+00:00,1126,356,1379.0,62.0,1.541138095315735,1.8579093934484026,0.3197588006860873,0.229012299281119,0.4512289000327937,A,2026-07-24T22:41:24.025557+00:00
562166,ELC,40,2025,34,2027-02-27 12:00:00+00:00,328,346,44.0,38.0,1.929296349923008,1.48490342922668,0.4788050883591749,0.22576925240576046,0.2954256592350647,H,2026-07-24T22:41:24.044700+00:00
562167,ELC,40,2025,34,2027-02-27 12:00:00+00:00,715,59,43.0,67.0,1.5251746110515263,1.855610748270227,0.3165407711568334,0.2294417495640227,0.45401747927914393,A,2026-07-24T22:41:24.063258+00:00
562168,ELC,40,2025,34,2027-02-27 12:00:00+00:00,384,1081,58.0,59.0,1.6642168581967773,1.654381761562875,0.38458958196099935,0.23496807060717181,0.38044234743182875,H,2026-07-24T22:41:24.083034+00:00
562176,ELC,40,2025,35,2027-03-02 12:00:00+00:00,343,59,70.0,67.0,1.673750271537162,1.7452413723989224,0.3696942639193157,0.230928720930675,0.39937701515000934,A,2026-07-24T22:41:24.101415+00:00
562169,ELC,40,2025,35,2027-03-02 12:00:00+00:00,68,384,71.0,58.0,1.697664162123343,1.7608178666977858,0.3722227768599848,0.2294880873434843,0.3982891357965309,A,2026-07-24T22:41:24.122329+00:00
562170,ELC,40,2025,35,2027-03-02 12:00:00+00:00,328,74,44.0,60.0,1.8294609735716716,1.5475956849364594,0.44352045481299923,0.2304201057251316,0.32605943946186916,H,2026-07-24T22:41:24.139862+00:00
562171,ELC,40,2025,35,2027-03-02 12:00:00+00:00,346,404,38.0,1837.0,1.6456412098614779,1.7875639632109699,0.35562702153410586,0.22997825529010202,0.414394723175792,A,2026-07-24T22:41:24.158901+00:00
562172,ELC,40,2025,35,2027-03-02 12:00:00+00:00,348,563,1335.0,48.0,1.6813992941438018,1.7511216148575237,0.37034134448810513,0.23042783893332203,0.3992308165785729,A,2026-07-24T22:41:24.176387+00:00
562173,ELC,40,2025,35,2027-03-02 12:00:00+00:00,60,69,68.0,72.0,1.722172151024616,1.7258579595287824,0.3842459524348927,0.22998418594768133,0.3857698616174261,A,2026-07-24T22:41:24.195659+00:00
562174,ELC,40,2025,35,2027-03-02 12:00:00+00:00,387,332,56.0,54.0,1.7242933156499096,1.6972798358520633,0.3901297181726055,0.23095380079569836,0.3789164810316962,H,2026-07-24T22:41:24.213057+00:00
562175,ELC,40,2025,35,2027-03-02 12:00:00+00:00,715,342,43.0,69.0,1.5776077784971145,1.8013901620163837,0.33774753035867994,0.23117736785704202,0.43107510178427805,A,2026-07-24T22:41:24.232156+00:00
562177,ELC,40,2025,35,2027-03-03 12:00:00+00:00,325,1126,1355.0,1379.0,1.6409858405739817,1.8435885924455986,0.34464206351599586,0.22752814492492449,0.4278297915590799,A,2026-07-24T22:41:24.249976+00:00
562178,ELC,40,2025,35,2027-03-03 12:00:00+00:00,76,1081,39.0,59.0,1.701470645566773,1.7097490608045072,0.3825973045227037,0.23136356571611627,0.38603912976118004,A,2026-07-24T22:41:24.269064+00:00
562179,ELC,40,2025,35,2027-03-03 12:00:00+00:00,356,72,62.0,76.0,1.7990327717220982,1.5974089727151364,0.4265549134803807,0.23078285787496516,0.3426622286446542,H,2026-07-24T22:41:24.286616+00:00
562180,ELC,40,2025,35,2027-03-03 12:00:00+00:00,70,340,75.0,41.0,1.546071240388438,1.948879720114961,0.30582931989070267,0.22390572143844736,0.4702649586708499,A,2026-07-24T22:41:24.305672+00:00
562181,ELC,40,2025,36,2027-03-06 12:00:00+00:00,342,348,69.0,1335.0,1.6293992045321115,1.7471965349941792,0.35924733380438684,0.2322962527010834,0.40845641349452977,A,2026-07-24T22:41:24.323263+00:00
562182,ELC,40,2025,36,2027-03-06 12:00:00+00:00,59,76,67.0,39.0,1.6857386936626684,1.695027531990399,0.3817963512414415,0.23252747774193086,0.38567617101662754,A,2026-07-24T22:41:24.342988+00:00
562183,ELC,40,2025,36,2027-03-06 12:00:00+00:00,340,346,41.0,38.0,1.871405126768229,1.7056584152039966,0.42125546278740006,0.2246457351501188,0.3540988020624812,H,2026-07-24T22:41:24.362006+00:00
562184,ELC,40,2025,36,2027-03-06 12:00:00+00:00,404,715,1837.0,43.0,1.7938434907086651,1.6684948922654257,0.41133040579651947,0.2290247375541392,0.3596448566493413,H,2026-07-24T22:41:24.381802+00:00
562185,ELC,40,2025,36,2027-03-06 12:00:00+00:00,72,70,76.0,75.0,1.6899879987424362,1.6701538601702866,0.38749581187112664,0.23331882310573235,0.3791853650231409,H,2026-07-24T22:41:24.400845+00:00
562186,ELC,40,2025,36,2027-03-06 12:00:00+00:00,1081,60,59.0,68.0,1.6210312278664074,1.785743897225587,0.3503833071946815,0.2307728679418395,0.418843824863479,A,2026-07-24T22:41:24.418724+00:00
562187,ELC,40,2025,36,2027-03-06 12:00:00+00:00,1126,343,1379.0,70.0,1.6577231373869101,1.8149597959259363,0.35344301612700985,0.22840107391542255,0.4181559099575677,A,2026-07-24T22:41:24.437398+00:00
562188,ELC,40,2025,36,2027-03-06 12:00:00+00:00,384,387,58.0,56.0,1.6432956457030066,1.7042949725952152,0.3703405028804478,0.23371446610114022,0.3959450310184119,A,2026-07-24T22:41:24.455261+00:00
562189,ELC,40,2025,36,2027-03-06 12:00:00+00:00,69,325,72.0,1355.0,1.7088468658030163,1.7595773597253246,0.3749650818202987,0.22916132859141228,0.39587358958828917,A,2026-07-24T22:41:24.474026+00:00
562190,ELC,40,2025,36,2027-03-06 12:00:00+00:00,74,68,60.0,71.0,1.7452162175787214,1.74911877809089,0.38505522185739527,0.2282872167960699,0.3866575613465349,A,2026-07-24T22:41:24.492213+00:00
562191,ELC,40,2025,36,2027-03-06 12:00:00+00:00,332,356,54.0,62.0,1.472671176778589,1.9109977855434914,0.2956232472935759,0.22701167923538693,0.477365073471037,A,2026-07-24T22:41:24.511919+00:00
562192,ELC,40,2025,36,2027-03-06 12:00:00+00:00,563,328,48.0,44.0,1.4283605887133182,1.9794445912705567,0.27507954725109596,0.22307843949174702,0.5018420132571572,A,2026-07-24T22:41:24.530435+00:00
562193,ELC,40,2025,37,2027-03-13 12:00:00+00:00,346,342,38.0,69.0,1.6486009629005793,1.7392686627272087,0.36507879349346317,0.23202374808514145,0.40289745842139557,A,2026-07-24T22:41:24.550978+00:00
562194,ELC,40,2025,37,2027-03-13 12:00:00+00:00,328,384,44.0,58.0,1.872007956405961,1.4982717719078764,0.46329722992254696,0.2289733003513924,0.30772946972606074,H,2026-07-24T22:41:24.568752+00:00
562195,ELC,40,2025,37,2027-03-13 12:00:00+00:00,325,404,1355.0,1837.0,1.6468018201958885,1.8515552891913838,0.34454655227910197,0.22701167602497235,0.42844177169592573,A,2026-07-24T22:41:24.590429+00:00
562196,ELC,40,2025,37,2027-03-13 12:00:00+00:00,343,340,70.0,41.0,1.6816871587622713,1.8993560032818613,0.3439630086337958,0.22399174915052716,0.4320452422156771,A,2026-07-24T22:41:24.608304+00:00
562197,ELC,40,2025,37,2027-03-13 12:00:00+00:00,356,69,62.0,72.0,1.8415963227673187,1.598859500327486,0.4358130381260959,0.22863891914515205,0.3355480427287521,H,2026-07-24T22:41:24.628943+00:00
562198,ELC,40,2025,37,2027-03-13 12:00:00+00:00,387,74,56.0,60.0,1.6087444883043993,1.8090137927823442,0.34346951027816236,0.22999854502634698,0.42653194469549066,A,2026-07-24T22:41:24.647201+00:00
562199,ELC,40,2025,37,2027-03-13 12:00:00+00:00,348,59,1335.0,67.0,1.630368094067588,1.7807615311907148,0.35339344994978567,0.23073526953269652,0.41587128051751787,A,2026-07-24T22:41:24.666534+00:00
562200,ELC,40,2025,37,2027-03-13 12:00:00+00:00,70,563,75.0,48.0,1.5972881652853552,1.7956653727710963,0.34322974481557716,0.2309511821543971,0.42581907303002586,A,2026-07-24T22:41:24.684032+00:00
562201,ELC,40,2025,37,2027-03-13 12:00:00+00:00,68,1081,71.0,59.0,1.7573976891773835,1.7495844158039762,0.38768592246104233,0.22783011097854186,0.38448396656041595,H,2026-07-24T22:41:24.703124+00:00
562202,ELC,40,2025,37,2027-03-13 12:00:00+00:00,715,72,43.0,76.0,1.5762542556627652,1.8357432632735895,0.3314665140416265,0.22945403891106592,0.4390794470473075,A,2026-07-24T22:41:24.720678+00:00
562203,ELC,40,2025,37,2027-03-13 12:00:00+00:00,60,332,68.0,54.0,1.7454410618276404,1.7126841726795088,0.3919705042688007,0.22958134560106777,0.3784481501301317,H,2026-07-24T22:41:24.739729+00:00
562204,ELC,40,2025,37,2027-03-13 12:00:00+00:00,76,1126,39.0,1379.0,1.6851096322683687,1.7882143839576967,0.36439341010700566,0.22876201383301745,0.406844576059977,A,2026-07-24T22:41:24.758543+00:00
562205,ELC,40,2025,38,2027-03-16 12:00:00+00:00,1081,328,59.0,44.0,1.3805266202281103,2.001176522496001,0.2613138321714506,0.2217362229104153,0.5169499449181343,A,2026-07-24T22:41:24.777838+00:00
562206,ELC,40,2025,38,2027-03-16 12:00:00+00:00,72,387,76.0,56.0,1.6485965015721817,1.75280183268968,0.36259736391905,0.23143318967749738,0.4059694464034528,A,2026-07-24T22:41:24.797135+00:00
562207,ELC,40,2025,38,2027-03-16 12:00:00+00:00,69,70,72.0,75.0,1.6826818136623,1.7192919872313448,0.376539585699779,0.23167916022570853,0.3917812540745125,A,2026-07-24T22:41:24.815975+00:00
562208,ELC,40,2025,38,2027-03-16 12:00:00+00:00,74,325,60.0,1355.0,1.7954460601907278,1.6723050581487329,0.4109466521943459,0.2288416861344468,0.3602116616712074,H,2026-07-24T22:41:24.833293+00:00
562209,ELC,40,2025,38,2027-03-16 12:00:00+00:00,404,68,1837.0,71.0,1.7186520919459156,1.8335136673173469,0.36369247864662757,0.2258808150526763,0.410426706300696,A,2026-07-24T22:41:24.853243+00:00
562210,ELC,40,2025,38,2027-03-16 12:00:00+00:00,1126,715,1379.0,43.0,1.8002868825663247,1.6795684421408965,0.4106153437423103,0.22841696680131635,0.36096768945637325,H,2026-07-24T22:41:24.871903+00:00
562211,ELC,40,2025,38,2027-03-16 12:00:00+00:00,342,343,69.0,70.0,1.6002043857637565,1.82141481514191,0.3393625987209026,0.2296093036720146,0.43102809760708277,A,2026-07-24T22:41:24.889987+00:00
562212,ELC,40,2025,38,2027-03-16 12:00:00+00:00,340,76,41.0,39.0,1.8517211222004535,1.7366321808336267,0.4109732655986308,0.22462973678283035,0.3643969976185389,H,2026-07-24T22:41:24.908893+00:00
562213,ELC,40,2025,38,2027-03-17 12:00:00+00:00,563,356,48.0,62.0,1.5385236433194676,1.877966551296217,0.3158032469436527,0.22795848335831762,0.45623826969802966,A,2026-07-24T22:41:24.926716+00:00
562214,ELC,40,2025,38,2027-03-17 12:00:00+00:00,384,346,58.0,38.0,1.6713781053587005,1.6940128419066736,0.3787064237938913,0.23311090009521654,0.38818267611089213,A,2026-07-24T22:41:24.945409+00:00
562215,ELC,40,2025,38,2027-03-17 12:00:00+00:00,59,60,67.0,68.0,1.688954870362157,1.730160042252761,0.3759353098359216,0.23101943004044528,0.39304526012363306,A,2026-07-24T22:41:24.963459+00:00
562216,ELC,40,2025,38,2027-03-17 12:00:00+00:00,332,348,54.0,1335.0,1.6174257890135006,1.806088155081678,0.3459485851200908,0.22990979555634566,0.42414161932356337,A,2026-07-24T22:41:24.982371+00:00
562217,ELC,40,2025,39,2027-03-20 12:00:00+00:00,72,76,76.0,39.0,1.6534249715095877,1.7555160904215066,0.36319813733440964,0.23115950765108642,0.4056423550145041,A,2026-07-24T22:41:25.000255+00:00
562218,ELC,40,2025,39,2027-03-20 12:00:00+00:00,384,715,58.0,43.0,1.7549551784451665,1.635101893892191,0.40909919460400324,0.23176629747446023,0.35913450792153656,H,2026-07-24T22:41:25.018963+00:00
562219,ELC,40,2025,39,2027-03-20 12:00:00+00:00,404,70,1837.0,75.0,1.7352971963555155,1.6960894179546973,0.3928439104471124,0.23056264529928894,0.37659344425359875,H,2026-07-24T22:41:25.037891+00:00
562220,ELC,40,2025,39,2027-03-20 12:00:00+00:00,387,69,56.0,72.0,1.7114524933352828,1.7409375541654797,0.3790093708578171,0.22979894255728062,0.39119168658490233,A,2026-07-24T22:41:25.057970+00:00
562221,ELC,40,2025,39,2027-03-20 12:00:00+00:00,346,325,38.0,1355.0,1.7199007607010297,1.7637957675782299,0.37666425929414926,0.22862122971755308,0.3947145109882977,A,2026-07-24T22:41:25.076151+00:00
562222,ELC,40,2025,39,2027-03-20 12:00:00+00:00,340,348,41.0,1335.0,1.8541846145511494,1.7391848632569888,0.411023359274146,0.22445900215466033,0.36451763857119357,H,2026-07-24T22:41:25.096836+00:00
562223,ELC,40,2025,39,2027-03-20 12:00:00+00:00,332,59,54.0,67.0,1.5668065803050464,1.8288668531905259,0.3305165111433842,0.23002453244429447,0.43945895641232124,A,2026-07-24T22:41:25.114256+00:00
562224,ELC,40,2025,39,2027-03-20 12:00:00+00:00,328,60,44.0,68.0,1.9126420300282798,1.542978079672475,0.4629811182734483,0.22596583735540704,0.31105304437114467,H,2026-07-24T22:41:25.133304+00:00
562225,ELC,40,2025,39,2027-03-20 12:00:00+00:00,343,356,70.0,62.0,1.5833111837314178,1.8596215763392947,0.32895549229388754,0.22806911900274657,0.44297538870336595,A,2026-07-24T22:41:25.150791+00:00
562226,ELC,40,2025,39,2027-03-20 12:00:00+00:00,74,1126,60.0,1379.0,1.7230191515212154,1.7208721580943545,0.3853749829620343,0.23013826970725984,0.384486747330706,H,2026-07-24T22:41:25.169899+00:00
562227,ELC,40,2025,39,2027-03-20 12:00:00+00:00,68,563,71.0,48.0,1.7409042198530564,1.8002126461803178,0.3746486075891927,0.22652394697087397,0.3988274454399332,A,2026-07-24T22:41:25.187632+00:00
562228,ELC,40,2025,39,2027-03-20 12:00:00+00:00,342,1081,69.0,59.0,1.6529226210046546,1.7211355883329613,0.3694136860441512,0.23265659045604542,0.3979297234998034,A,2026-07-24T22:41:25.207503+00:00
562229,ELC,40,2025,40,2027-04-03 12:00:00+00:00,70,328,75.0,44.0,1.361459511841359,2.0549349662903063,0.2494037045128214,0.21799205384038076,0.5326042416467979,A,2026-07-24T22:41:25.225444+00:00
562230,ELC,40,2025,40,2027-04-03 12:00:00+00:00,325,343,1355.0,70.0,1.61888869793557,1.9175756715246055,0.32704503555270237,0.22441857336689403,0.44853639108040355,A,2026-07-24T22:41:25.245097+00:00
562231,ELC,40,2025,40,2027-04-03 12:00:00+00:00,715,387,43.0,56.0,1.5825492757781432,1.879196051872375,0.3254558236768456,0.22707171462771714,0.44747246169543736,A,2026-07-24T22:41:25.263050+00:00
562232,ELC,40,2025,40,2027-04-03 12:00:00+00:00,60,346,68.0,38.0,1.721588139520983,1.765142808026879,0.37679302489867933,0.22851177837893233,0.3946951967223883,A,2026-07-24T22:41:25.282633+00:00
562233,ELC,40,2025,40,2027-04-03 12:00:00+00:00,348,384,1335.0,58.0,1.656544315796274,1.7660296892745264,0.3619879212301359,0.23060214985020422,0.4074099289196599,A,2026-07-24T22:41:25.300401+00:00
562234,ELC,40,2025,40,2027-04-03 12:00:00+00:00,563,332,48.0,54.0,1.7438414194134446,1.731846767553731,0.38798842929463423,0.2289617536450396,0.38304981706032615,H,2026-07-24T22:41:25.320457+00:00
562235,ELC,40,2025,40,2027-04-03 12:00:00+00:00,1126,342,1379.0,69.0,1.7025623315725065,1.7453332079555273,0.3761889802733179,0.22993906558637947,0.39387195414030274,A,2026-07-24T22:41:25.339980+00:00
562236,ELC,40,2025,40,2027-04-03 12:00:00+00:00,76,68,39.0,71.0,1.7190887398794705,1.8569929948832224,0.35960004865568684,0.2249000023548287,0.4154999489894845,A,2026-07-24T22:41:25.358200+00:00
562237,ELC,40,2025,40,2027-04-03 12:00:00+00:00,356,74,62.0,60.0,1.7408178232639873,1.6898930401765648,0.3952747891778719,0.2305586012517251,0.3741666095704031,H,2026-07-24T22:41:25.377444+00:00
562238,ELC,40,2025,40,2027-04-03 12:00:00+00:00,59,340,67.0,41.0,1.6461954220076211,1.8821142674930063,0.3391113020811494,0.22558895018638483,0.4352997477324659,A,2026-07-24T22:41:25.395630+00:00
562239,ELC,40,2025,40,2027-04-03 12:00:00+00:00,69,404,72.0,1837.0,1.65054320334117,1.8342368749614708,0.34842030119877593,0.22771861198178006,0.42386108681944384,A,2026-07-24T22:41:25.414817+00:00
562240,ELC,40,2025,40,2027-04-03 12:00:00+00:00,1081,72,59.0,76.0,1.6279791600094033,1.7745704044528225,0.35396468155434274,0.23109069773340324,0.414944620712254,A,2026-07-24T22:41:25.433003+00:00
562241,ELC,40,2025,41,2027-04-06 12:00:00+00:00,1126,387,1379.0,56.0,1.6977906771488709,1.7886058995707383,0.3671636683463128,0.2283515550263778,0.40448477662730936,A,2026-07-24T22:41:25.452142+00:00
562242,ELC,40,2025,41,2027-04-06 12:00:00+00:00,384,343,58.0,70.0,1.6250291578338802,1.7962487260576312,0.3494143021140204,0.23016783991754208,0.42041785796843745,A,2026-07-24T22:41:25.470282+00:00
562243,ELC,40,2025,41,2027-04-06 12:00:00+00:00,563,60,48.0,68.0,1.691640035918949,1.8113074819791068,0.36168152648150237,0.22759093437516117,0.4107275391433365,A,2026-07-24T22:41:25.489262+00:00
562244,ELC,40,2025,41,2027-04-06 12:00:00+00:00,69,348,72.0,1335.0,1.6494769079971232,1.8132268485888035,0.35190152196356844,0.2287073942253193,0.41939108381111223,A,2026-07-24T22:41:25.507196+00:00
562245,ELC,40,2025,41,2027-04-06 12:00:00+00:00,70,715,75.0,43.0,1.7036987170079516,1.7353813650935352,0.3782968038036499,0.2302898678120734,0.3914133283842768,A,2026-07-24T22:41:25.526188+00:00
562246,ELC,40,2025,41,2027-04-06 12:00:00+00:00,325,76,1355.0,39.0,1.6519898693870592,1.8558615701339778,0.34494959139159276,0.22668410397936564,0.4283663046290415,A,2026-07-24T22:41:25.544928+00:00
562247,ELC,40,2025,41,2027-04-06 12:00:00+00:00,72,340,76.0,41.0,1.6110329198775228,1.936359013930456,0.3221773925603344,0.2236081335627685,0.45421447387689706,A,2026-07-24T22:41:25.566323+00:00
562248,ELC,40,2025,41,2027-04-06 12:00:00+00:00,328,404,44.0,1837.0,1.9234136752006878,1.5568288966695052,0.46248028591179385,0.22516176424574524,0.3123579498424609,H,2026-07-24T22:41:25.584347+00:00
562249,ELC,40,2025,41,2027-04-07 12:00:00+00:00,1081,346,59.0,38.0,1.6529134042887192,1.7748704442968803,0.3595611114804866,0.23032669256792762,0.41011219595158593,A,2026-07-24T22:41:25.607439+00:00
562250,ELC,40,2025,41,2027-04-07 12:00:00+00:00,74,342,60.0,69.0,1.7311841041674618,1.6785639250198237,0.39526822959063396,0.23134361585819826,0.37338815455116775,H,2026-07-24T22:41:25.625998+00:00
562251,ELC,40,2025,41,2027-04-07 12:00:00+00:00,332,68,54.0,71.0,1.6496189418294023,1.9042748539646073,0.3360682491869398,0.22446174536765254,0.43947000544540754,A,2026-07-24T22:41:25.645567+00:00
562252,ELC,40,2025,41,2027-04-07 12:00:00+00:00,356,59,62.0,67.0,1.7580829385491759,1.6636743373233527,0.4042288681595619,0.23071853231316344,0.3650525995272746,H,2026-07-24T22:41:25.663414+00:00
562253,ELC,40,2025,42,2027-04-10 12:00:00+00:00,404,72,1837.0,76.0,1.6971040342255521,1.7733431371104127,0.3697963094204951,0.2289986709963461,0.4012050195831588,A,2026-07-24T22:41:25.683003+00:00
562254,ELC,40,2025,42,2027-04-10 12:00:00+00:00,76,332,39.0,54.0,1.7470895072080503,1.741858033171446,0.3868338223252743,0.2284820625560545,0.38468411511867134,H,2026-07-24T22:41:25.700797+00:00
562255,ELC,40,2025,42,2027-04-10 12:00:00+00:00,346,74,38.0,60.0,1.5894603730349386,1.8593079610080099,0.330388185160438,0.2279542100229328,0.4416576048166291,A,2026-07-24T22:41:25.720250+00:00
562256,ELC,40,2025,42,2027-04-10 12:00:00+00:00,59,1081,67.0,59.0,1.7183452978427105,1.689682018061709,0.3902294599515526,0.23146354161637517,0.37830699843207205,H,2026-07-24T22:41:25.738017+00:00
562257,ELC,40,2025,42,2027-04-10 12:00:00+00:00,60,384,68.0,58.0,1.6682303058548007,1.773502112294639,0.36326929362181715,0.22991222212148213,0.40681848425670086,A,2026-07-24T22:41:25.758858+00:00
562258,ELC,40,2025,42,2027-04-10 12:00:00+00:00,68,356,71.0,62.0,1.594172428078603,1.9412924322539347,0.31765608422757796,0.22362835927688854,0.4587155564955333,A,2026-07-24T22:41:25.776821+00:00
562259,ELC,40,2025,42,2027-04-10 12:00:00+00:00,343,69,70.0,72.0,1.776307246730882,1.7440878623564504,0.3929264763081428,0.22732399069270542,0.3797495329991518,H,2026-07-24T22:41:25.797129+00:00
562260,ELC,40,2025,42,2027-04-10 12:00:00+00:00,715,325,43.0,1355.0,1.6565608230507045,1.8629897685710266,0.34472209563625517,0.2262429622054241,0.4290349421583208,A,2026-07-24T22:41:25.816381+00:00
562261,ELC,40,2025,42,2027-04-10 12:00:00+00:00,340,1126,41.0,1379.0,1.8617658305102482,1.788589098293251,0.4033038089366009,0.22274551565823905,0.37395067540516,H,2026-07-24T22:41:25.836497+00:00
562262,ELC,40,2025,42,2027-04-10 12:00:00+00:00,348,70,1335.0,75.0,1.7354029302926666,1.7214270583137787,0.3880586909428762,0.22965329464743864,0.382288014409685,H,2026-07-24T22:41:25.858231+00:00
562263,ELC,40,2025,42,2027-04-10 12:00:00+00:00,387,328,56.0,44.0,1.4318574133431141,2.021236062556371,0.2695520286897074,0.22037161840059738,0.510076352909695,A,2026-07-24T22:41:25.876428+00:00
562264,ELC,40,2025,42,2027-04-10 12:00:00+00:00,342,563,69.0,48.0,1.6421347530004913,1.7861589504867237,0.355087334352721,0.2301445104102611,0.41476815523701793,A,2026-07-24T22:41:25.895545+00:00
562265,ELC,40,2025,43,2027-04-17 12:00:00+00:00,1081,348,59.0,1335.0,1.6364157758442406,1.8053685112650237,0.35036155949301556,0.22942783177732545,0.4202106087296589,A,2026-07-24T22:41:25.914032+00:00
562266,ELC,40,2025,43,2027-04-17 12:00:00+00:00,325,387,1355.0,56.0,1.6522304801282097,1.8701008517465512,0.3425250361601763,0.22601585290880485,0.43145911093101885,A,2026-07-24T22:41:25.932911+00:00
562267,ELC,40,2025,43,2027-04-17 12:00:00+00:00,332,404,54.0,1837.0,1.6297675738083819,1.8654743599802608,0.33833390679612013,0.22675542286474779,0.43491067033913217,A,2026-07-24T22:41:25.950735+00:00
562268,ELC,40,2025,43,2027-04-17 12:00:00+00:00,70,76,75.0,39.0,1.6069452851279258,1.8352037397935699,0.3384759209724298,0.2287647892594421,0.4327592897681281,A,2026-07-24T22:41:25.969535+00:00
562269,ELC,40,2025,43,2027-04-17 12:00:00+00:00,1126,60,1379.0,68.0,1.7046196159117417,1.8240892957467996,0.3622736044935739,0.22667559762094844,0.41105079788547766,A,2026-07-24T22:41:25.987488+00:00
562270,ELC,40,2025,43,2027-04-17 12:00:00+00:00,74,343,60.0,70.0,1.698740178465961,1.7865200634996294,0.3677559935102484,0.2284074652952833,0.40383654119446843,A,2026-07-24T22:41:26.006731+00:00
562271,ELC,40,2025,43,2027-04-17 12:00:00+00:00,69,59,72.0,67.0,1.600440260975075,1.845119661021809,0.33529355310108766,0.2284264051010806,0.43628004179783186,A,2026-07-24T22:41:26.025054+00:00
562272,ELC,40,2025,43,2027-04-17 12:00:00+00:00,563,346,48.0,38.0,1.717545505307362,1.7772771287135056,0.37365318214287563,0.22817347026251522,0.39817334759460904,A,2026-07-24T22:41:26.044378+00:00
562273,ELC,40,2025,43,2027-04-17 12:00:00+00:00,328,68,44.0,71.0,1.955373863326609,1.6095367175137287,0.4586374514596436,0.22265798176296428,0.31870456677739206,H,2026-07-24T22:41:26.063000+00:00
562274,ELC,40,2025,43,2027-04-17 12:00:00+00:00,384,340,58.0,41.0,1.6127683657993035,1.9070286581589428,0.32746932001637447,0.2250633632910194,0.44746731669260614,A,2026-07-24T22:41:26.084254+00:00
562275,ELC,40,2025,43,2027-04-17 12:00:00+00:00,72,342,76.0,69.0,1.665113523256767,1.7474289420853313,0.3673330838508058,0.23112552947689272,0.4015413866723014,A,2026-07-24T22:41:26.102727+00:00
562276,ELC,40,2025,43,2027-04-17 12:00:00+00:00,356,715,62.0,43.0,1.9332760404044822,1.5783660902984293,0.4602043344078077,0.22429868772876313,0.3154969778634291,H,2026-07-24T22:41:26.123395+00:00
562277,ELC,40,2025,44,2027-04-20 12:00:00+00:00,60,356,68.0,62.0,1.557328862313085,1.9208326119895973,0.3128932066351659,0.22529507349834105,0.46181171986649305,A,2026-07-24T22:41:26.141472+00:00
562278,ELC,40,2025,44,2027-04-20 12:00:00+00:00,68,70,71.0,75.0,1.79392771371735,1.7610194765918097,0.3936432213202288,0.22610314584271923,0.38025363283705194,H,2026-07-24T22:41:26.161032+00:00
562279,ELC,40,2025,44,2027-04-20 12:00:00+00:00,343,328,70.0,44.0,1.4824844377369568,2.011275253530847,0.2820761252170287,0.2208290777418283,0.49709479704114307,A,2026-07-24T22:41:26.178782+00:00
562280,ELC,40,2025,44,2027-04-20 12:00:00+00:00,342,325,69.0,1355.0,1.7145119823783743,1.7762388681416343,0.37316568630967994,0.22831415462014967,0.39852015907017035,A,2026-07-24T22:41:26.198394+00:00
562281,ELC,40,2025,44,2027-04-20 12:00:00+00:00,76,563,39.0,48.0,1.6997311343485055,1.803903120353954,0.36482215846473054,0.22765972679312943,0.4075181147421399,A,2026-07-24T22:41:26.217587+00:00
562282,ELC,40,2025,44,2027-04-20 12:00:00+00:00,404,384,1837.0,58.0,1.669380018819092,1.7809531008842658,0.36217502396100343,0.22955603877606323,0.4082689372629335,A,2026-07-24T22:41:26.237165+00:00
562283,ELC,40,2025,44,2027-04-20 12:00:00+00:00,340,332,41.0,54.0,1.9233024920736634,1.7231459406202487,0.42912240432494314,0.22199531578177345,0.34888227989328346,H,2026-07-24T22:41:26.256448+00:00
562284,ELC,40,2025,44,2027-04-20 12:00:00+00:00,348,74,1335.0,60.0,1.6283224105936451,1.8560252379715738,0.33964734156220117,0.22724391320050197,0.4331087452372968,A,2026-07-24T22:41:26.276242+00:00
562285,ELC,40,2025,44,2027-04-21 12:00:00+00:00,387,1081,56.0,59.0,1.7098306881201983,1.7581165280170807,0.3754560046077037,0.22918544730987844,0.39535854808241794,A,2026-07-24T22:41:26.294380+00:00
562286,ELC,40,2025,44,2027-04-21 12:00:00+00:00,59,1126,67.0,1379.0,1.7021660367535443,1.7682819953720248,0.37186119278025875,0.22903801964372464,0.39910078757601664,A,2026-07-24T22:41:26.314519+00:00
562287,ELC,40,2025,44,2027-04-21 12:00:00+00:00,715,69,43.0,72.0,1.6230036334363975,1.8703616838596469,0.335985219053045,0.22667049315753407,0.43734428778942097,A,2026-07-24T22:41:26.334268+00:00
562288,ELC,40,2025,44,2027-04-21 12:00:00+00:00,346,72,38.0,76.0,1.6566519523683718,1.8030488752231857,0.355329576472958,0.22896462216156976,0.41570580136547214,A,2026-07-24T22:41:26.352450+00:00
562289,ELC,40,2025,45,2027-04-24 12:00:00+00:00,346,332,38.0,54.0,1.7123301975821021,1.7712745482665997,0.37358986349085316,0.2285825022030057,0.3978276343061412,A,2026-07-24T22:41:26.371628+00:00
562290,ELC,40,2025,45,2027-04-24 12:00:00+00:00,343,563,70.0,48.0,1.7489746489545732,1.7847452010880978,0.37927771776763786,0.22684443674515484,0.39387784548720745,A,2026-07-24T22:41:26.389843+00:00
562291,ELC,40,2025,45,2027-04-24 12:00:00+00:00,70,1126,75.0,1379.0,1.6096900576246285,1.8694501732475877,0.33317454252777934,0.22700703540070608,0.43981842207151456,A,2026-07-24T22:41:26.408988+00:00
562292,ELC,40,2025,45,2027-04-24 12:00:00+00:00,328,340,44.0,41.0,1.8709596621732218,1.6965922585181674,0.42292317096450677,0.2248956012448497,0.3521812277906436,H,2026-07-24T22:41:26.427148+00:00
562293,ELC,40,2025,45,2027-04-24 12:00:00+00:00,60,72,68.0,76.0,1.704293271337356,1.7920593534334663,0.36798926609068033,0.22800647120858578,0.40400426270073403,A,2026-07-24T22:41:26.445988+00:00
562294,ELC,40,2025,45,2027-04-24 12:00:00+00:00,356,384,62.0,58.0,1.7849059576008472,1.6459115367456125,0.4137437960219925,0.2300899672797405,0.356166236698267,H,2026-07-24T22:41:26.463772+00:00
562295,ELC,40,2025,45,2027-04-24 12:00:00+00:00,76,69,39.0,72.0,1.7326529856683455,1.7823256728692567,0.3760953398577817,0.22747898241679343,0.3964256777254249,A,2026-07-24T22:41:26.482479+00:00
562296,ELC,40,2025,45,2027-04-24 12:00:00+00:00,387,342,56.0,69.0,1.6927167378597658,1.7663350337672563,0.3700953966906471,0.2294277856834816,0.40047681762587134,A,2026-07-24T22:41:26.500241+00:00
562297,ELC,40,2025,45,2027-04-24 12:00:00+00:00,348,404,1335.0,1837.0,1.7008338427755698,1.8320238508467392,0.36001253619973217,0.22645108774716236,0.4135363760531056,A,2026-07-24T22:41:26.519182+00:00
562298,ELC,40,2025,45,2027-04-24 12:00:00+00:00,68,59,71.0,67.0,1.6963330054521122,1.8578263365949885,0.35443468959547936,0.22547180790407045,0.4200935025004501,A,2026-07-24T22:41:26.537035+00:00
562299,ELC,40,2025,45,2027-04-24 12:00:00+00:00,715,74,43.0,60.0,1.5288736349089942,1.9556032815365831,0.30095730776531526,0.2237348578121954,0.4753078344224893,A,2026-07-24T22:41:26.559052+00:00
562300,ELC,40,2025,45,2027-04-24 12:00:00+00:00,325,1081,1355.0,59.0,1.678072570052212,1.8308254949649767,0.355166566737762,0.22713600857706276,0.4176974246851753,A,2026-07-24T22:41:26.576577+00:00
562301,ELC,40,2025,46,2027-05-01 12:00:00+00:00,69,68,72.0,71.0,1.6837059805349288,1.9165079678357728,0.3414566725177937,0.22316845382013992,0.4353748736620661,A,2026-07-24T22:41:26.596618+00:00
562302,ELC,40,2025,46,2027-05-01 12:00:00+00:00,563,325,48.0,1355.0,1.77433045996382,1.7923198253380035,0.38348890937615443,0.22571524428743484,0.3907958463364107,A,2026-07-24T22:41:26.613966+00:00
562303,ELC,40,2025,46,2027-05-01 12:00:00+00:00,74,60,60.0,68.0,1.7368333564916993,1.764990540607859,0.3802281957047488,0.22799590956817517,0.3917758947270761,A,2026-07-24T22:41:26.633976+00:00
562304,ELC,40,2025,46,2027-05-01 12:00:00+00:00,340,356,41.0,62.0,1.7060218115271746,1.9008621086559963,0.34903374445253516,0.22336269338122897,0.42760356216623596,A,2026-07-24T22:41:26.651748+00:00
562305,ELC,40,2025,46,2027-05-01 12:00:00+00:00,332,328,54.0,44.0,1.3861420208301292,2.098953253025886,0.24848849590878716,0.2151145886039836,0.5363969154872295,A,2026-07-24T22:41:26.671744+00:00
562306,ELC,40,2025,46,2027-05-01 12:00:00+00:00,384,70,58.0,75.0,1.7074789271022295,1.6908127386590435,0.3875465739052549,0.23184951854328031,0.38060390755146467,H,2026-07-24T22:41:26.689391+00:00
562307,ELC,40,2025,46,2027-05-01 12:00:00+00:00,404,387,1837.0,56.0,1.7038966698107583,1.8152796898893984,0.3636968199956861,0.22706317808626214,0.40924000191805177,A,2026-07-24T22:41:26.708499+00:00
562308,ELC,40,2025,46,2027-05-01 12:00:00+00:00,59,346,67.0,38.0,1.72680766902801,1.7333614831990014,0.38388050582086014,0.22953424529383765,0.38658524888530243,A,2026-07-24T22:41:26.726026+00:00
562309,ELC,40,2025,46,2027-05-01 12:00:00+00:00,1126,348,1379.0,1335.0,1.7109765569093645,1.8127856054726799,0.365721034384708,0.2269549307387524,0.4073240348765395,A,2026-07-24T22:41:26.745192+00:00
562310,ELC,40,2025,46,2027-05-01 12:00:00+00:00,1081,715,59.0,43.0,1.743027293133257,1.7352098926247241,0.38717328289352804,0.22887090582368433,0.38395581128278766,H,2026-07-24T22:41:26.762829+00:00
562311,ELC,40,2025,46,2027-05-01 12:00:00+00:00,342,76,69.0,39.0,1.647344172126181,1.8098962915609242,0.35201515249437315,0.2289178731683649,0.4190669743372621,A,2026-07-24T22:41:26.782377+00:00
562312,ELC,40,2025,46,2027-05-01 12:00:00+00:00,72,343,76.0,70.0,1.635280609251707,1.8645081865915825,0.3397283513543952,0.22667508375623083,0.43359656488937387,A,2026-07-24T22:41:26.801619+00:00
