league_id,league_name,season,team_id,name,code,founded,venue_name,venue_city
39,Premier League,2022,33,Manchester United,MUN,1878,Old Trafford,Manchester
39,Premier League,2022,34,Newcastle,NEW,1892,St. James' Park,Newcastle upon Tyne
39,Premier League,2022,35,Bournemouth,BOU,1899,Vitality Stadium,"Bournemouth, Dorset"
39,Premier League,2022,36,Fulham,FUL,1879,Craven Cottage,London
39,Premier League,2022,39,Wolves,WOL,1877,Molineux Stadium,"Wolverhampton, West Midlands"
39,Premier League,2022,40,Liverpool,LIV,1892,Anfield,Liverpool
39,Premier League,2022,41,Southampton,SOU,1885,St. Mary's Stadium,"Southampton, Hampshire"
39,Premier League,2022,42,Arsenal,ARS,1886,Emirates Stadium,London
39,Premier League,2022,45,Everton,EVE,1878,Hill Dickinson Stadium,"Liverpool, Merseyside"
39,Premier League,2022,46,Leicester,LEI,1884,King Power Stadium,"Leicester, Leicestershire"
39,Premier League,2022,47,Tottenham,TOT,1882,Tottenham Hotspur Stadium,London
39,Premier League,2022,48,West Ham,WES,1895,London Stadium,London
39,Premier League,2022,49,Chelsea,CHE,1905,Stamford Bridge,London
39,Premier League,2022,50,Manchester City,MCI,1880,Etihad Stadium,Manchester
39,Premier League,2022,51,Brighton,BRI,1901,American Express Stadium,"Falmer, East Sussex"
39,Premier League,2022,52,Crystal Palace,CRY,1861,Selhurst Park,London
39,Premier League,2022,55,Brentford,BRE,1889,Gtech Community Stadium,"Brentford, Middlesex"
39,Premier League,2022,63,Leeds,LEE,1919,Elland Road,"Leeds, West Yorkshire"
39,Premier League,2022,65,Nottingham Forest,NOT,1865,The City Ground,"Nottingham, Nottinghamshire"
39,Premier League,2022,66,Aston Villa,AST,1874,Villa Park,Birmingham
39,Premier League,2023,33,Manchester United,MUN,1878,Old Trafford,Manchester
39,Premier League,2023,34,Newcastle,NEW,1892,St. James' Park,Newcastle upon Tyne
39,Premier League,2023,35,Bournemouth,BOU,1899,Vitality Stadium,"Bournemouth, Dorset"
39,Premier League,2023,36,Fulham,FUL,1879,Craven Cottage,London
39,Premier League,2023,39,Wolves,WOL,1877,Molineux Stadium,"Wolverhampton, West Midlands"
39,Premier League,2023,40,Liverpool,LIV,1892,Anfield,Liverpool
39,Premier League,2023,42,Arsenal,ARS,1886,Emirates Stadium,London
39,Premier League,2023,44,Burnley,BUR,1882,Turf Moor,Burnley
39,Premier League,2023,45,Everton,EVE,1878,Hill Dickinson Stadium,"Liverpool, Merseyside"
39,Premier League,2023,47,Tottenham,TOT,1882,Tottenham Hotspur Stadium,London
39,Premier League,2023,48,West Ham,WES,1895,London Stadium,London
39,Premier League,2023,49,Chelsea,CHE,1905,Stamford Bridge,London
39,Premier League,2023,50,Manchester City,MCI,1880,Etihad Stadium,Manchester
39,Premier League,2023,51,Brighton,BRI,1901,American Express Stadium,"Falmer, East Sussex"
39,Premier League,2023,52,Crystal Palace,CRY,1861,Selhurst Park,London
39,Premier League,2023,55,Brentford,BRE,1889,Gtech Community Stadium,"Brentford, Middlesex"
39,Premier League,2023,62,Sheffield Utd,SHE,1889,Bramall Lane,Sheffield
39,Premier League,2023,65,Nottingham Forest,NOT,1865,The City Ground,"Nottingham, Nottinghamshire"
39,Premier League,2023,66,Aston Villa,AST,1874,Villa Park,Birmingham
39,Premier League,2023,1359,Luton,LUT,1885,Kenilworth Road,"Luton, Bedfordshire"
39,Premier League,2024,33,Manchester United,MUN,1878,Old Trafford,Manchester
39,Premier League,2024,34,Newcastle,NEW,1892,St. James' Park,Newcastle upon Tyne
39,Premier League,2024,35,Bournemouth,BOU,1899,Vitality Stadium,"Bournemouth, Dorset"
39,Premier League,2024,36,Fulham,FUL,1879,Craven Cottage,London
39,Premier League,2024,39,Wolves,WOL,1877,Molineux Stadium,"Wolverhampton, West Midlands"
39,Premier League,2024,40,Liverpool,LIV,1892,Anfield,Liverpool
39,Premier League,2024,41,Southampton,SOU,1885,St. Mary's Stadium,"Southampton, Hampshire"
39,Premier League,2024,42,Arsenal,ARS,1886,Emirates Stadium,London
39,Premier League,2024,45,Everton,EVE,1878,Hill Dickinson Stadium,"Liverpool, Merseyside"
39,Premier League,2024,46,Leicester,LEI,1884,King Power Stadium,"Leicester, Leicestershire"
39,Premier League,2024,47,Tottenham,TOT,1882,Tottenham Hotspur Stadium,London
39,Premier League,2024,48,West Ham,WES,1895,London Stadium,London
39,Premier League,2024,49,Chelsea,CHE,1905,Stamford Bridge,London
39,Premier League,2024,50,Manchester City,MCI,1880,Etihad Stadium,Manchester
39,Premier League,2024,51,Brighton,BRI,1901,American Express Stadium,"Falmer, East Sussex"
39,Premier League,2024,52,Crystal Palace,CRY,1861,Selhurst Park,London
39,Premier League,2024,55,Brentford,BRE,1889,Gtech Community Stadium,"Brentford, Middlesex"
39,Premier League,2024,57,Ipswich,IPS,1878,Portman Road,"Ipswich, Suffolk"
39,Premier League,2024,65,Nottingham Forest,NOT,1865,The City Ground,"Nottingham, Nottinghamshire"
39,Premier League,2024,66,Aston Villa,AST,1874,Villa Park,Birmingham
140,La Liga,2022,529,Barcelona,BAR,1899,Camp Nou,Barcelona
140,La Liga,2022,530,Atletico Madrid,ATM,1903,Estádio Cívitas Metropolitano,Madrid
140,La Liga,2022,531,Athletic Club,BIL,1898,San Mamés Barria,Bilbao
140,La Liga,2022,532,Valencia,VAL,1919,Estadio de Mestalla,Valencia
140,La Liga,2022,533,Villarreal,VIL,1923,Estadio de la Cerámica,Villarreal
140,La Liga,2022,536,Sevilla,SEV,1890,Estadio Ramón Sánchez Pizjuán,Sevilla
140,La Liga,2022,538,Celta Vigo,CEL,1923,Estadio Abanca-Balaídos,Vigo
140,La Liga,2022,540,Espanyol,ESP,1900,Stage Front Stadium,Cornella de Llobregat
140,La Liga,2022,541,Real Madrid,REA,1902,Estadio Santiago Bernabéu,Madrid
140,La Liga,2022,543,Real Betis,BET,1907,Estadio La Cartuja de Sevilla,Sevilla
140,La Liga,2022,546,Getafe,GET,1983,Estadio Coliseum,Getafe
140,La Liga,2022,547,Girona,GIR,1930,Estadi Municipal de Montilivi,Girona
140,La Liga,2022,548,Real Sociedad,RSO,1909,Reale Arena,Donostia-San Sebastián
140,La Liga,2022,720,Valladolid,VAL,1928,Estadio Municipal José Zorrilla,Valladolid
140,La Liga,2022,723,Almeria,ALM,1989,Power Horse Stadium – Estadio de los Juegos Mediterráneos,Almería
140,La Liga,2022,724,Cadiz,CAD,1910,Estadio Nuevo Mirandilla,Cádiz
140,La Liga,2022,727,Osasuna,OSA,1920,Estadio El Sadar,Iruñea
140,La Liga,2022,728,Rayo Vallecano,RAY,1924,Estadio de Vallecas,Madrid
140,La Liga,2022,797,Elche,ELC,1923,Estadio Manuel Martínez Valero,Elche
140,La Liga,2022,798,Mallorca,MAL,1916,Estadi Mallorca Son Moix,Palma de Mallorca
140,La Liga,2023,529,Barcelona,BAR,1899,Camp Nou,Barcelona
140,La Liga,2023,530,Atletico Madrid,ATM,1903,Estádio Cívitas Metropolitano,Madrid
140,La Liga,2023,531,Athletic Club,BIL,1898,San Mamés Barria,Bilbao
140,La Liga,2023,532,Valencia,VAL,1919,Estadio de Mestalla,Valencia
140,La Liga,2023,533,Villarreal,VIL,1923,Estadio de la Cerámica,Villarreal
140,La Liga,2023,534,Las Palmas,PAL,1949,Estadio de Gran Canaria,Las Palmas de Gran Canaria
140,La Liga,2023,536,Sevilla,SEV,1890,Estadio Ramón Sánchez Pizjuán,Sevilla
140,La Liga,2023,538,Celta Vigo,CEL,1923,Estadio Abanca-Balaídos,Vigo
140,La Liga,2023,541,Real Madrid,REA,1902,Estadio Santiago Bernabéu,Madrid
140,La Liga,2023,542,Alaves,ALA,1921,Estadio de Mendizorroza,Vitoria-Gasteiz
140,La Liga,2023,543,Real Betis,BET,1907,Estadio La Cartuja de Sevilla,Sevilla
140,La Liga,2023,546,Getafe,GET,1983,Estadio Coliseum,Getafe
140,La Liga,2023,547,Girona,GIR,1930,Estadi Municipal de Montilivi,Girona
140,La Liga,2023,548,Real Sociedad,RSO,1909,Reale Arena,Donostia-San Sebastián
140,La Liga,2023,715,Granada CF,GRA,1931,Estadio Nuevo Los Cármenes,Granada
140,La Liga,2023,723,Almeria,ALM,1989,Power Horse Stadium – Estadio de los Juegos Mediterráneos,Almería
140,La Liga,2023,724,Cadiz,CAD,1910,Estadio Nuevo Mirandilla,Cádiz
140,La Liga,2023,727,Osasuna,OSA,1920,Estadio El Sadar,Iruñea
140,La Liga,2023,728,Rayo Vallecano,RAY,1924,Estadio de Vallecas,Madrid
140,La Liga,2023,798,Mallorca,MAL,1916,Estadi Mallorca Son Moix,Palma de Mallorca
140,La Liga,2024,529,Barcelona,BAR,1899,Camp Nou,Barcelona
140,La Liga,2024,530,Atletico Madrid,ATM,1903,Estádio Cívitas Metropolitano,Madrid
140,La Liga,2024,531,Athletic Club,BIL,1898,San Mamés Barria,Bilbao
140,La Liga,2024,532,Valencia,VAL,1919,Estadio de Mestalla,Valencia
140,La Liga,2024,533,Villarreal,VIL,1923,Estadio de la Cerámica,Villarreal
140,La Liga,2024,534,Las Palmas,PAL,1949,Estadio de Gran Canaria,Las Palmas de Gran Canaria
140,La Liga,2024,536,Sevilla,SEV,1890,Estadio Ramón Sánchez Pizjuán,Sevilla
140,La Liga,2024,537,Leganes,LEG,1928,Estadio Municipal de Butarque,Leganés
140,La Liga,2024,538,Celta Vigo,CEL,1923,Estadio Abanca-Balaídos,Vigo
140,La Liga,2024,540,Espanyol,ESP,1900,Stage Front Stadium,Cornella de Llobregat
140,La Liga,2024,541,Real Madrid,REA,1902,Estadio Santiago Bernabéu,Madrid
140,La Liga,2024,542,Alaves,ALA,1921,Estadio de Mendizorroza,Vitoria-Gasteiz
140,La Liga,2024,543,Real Betis,BET,1907,Estadio La Cartuja de Sevilla,Sevilla
140,La Liga,2024,546,Getafe,GET,1983,Estadio Coliseum,Getafe
140,La Liga,2024,547,Girona,GIR,1930,Estadi Municipal de Montilivi,Girona
140,La Liga,2024,548,Real Sociedad,RSO,1909,Reale Arena,Donostia-San Sebastián
140,La Liga,2024,720,Valladolid,VAL,1928,Estadio Municipal José Zorrilla,Valladolid
140,La Liga,2024,727,Osasuna,OSA,1920,Estadio El Sadar,Iruñea
140,La Liga,2024,728,Rayo Vallecano,RAY,1924,Estadio de Vallecas,Madrid
140,La Liga,2024,798,Mallorca,MAL,1916,Estadi Mallorca Son Moix,Palma de Mallorca
135,Serie A,2022,487,Lazio,LAZ,1900,Stadio Olimpico,Roma
135,Serie A,2022,488,Sassuolo,SAS,1922,MAPEI Stadium - Città del Tricolore,Reggio Emilia
135,Serie A,2022,489,AC Milan,MIL,1899,Stadio Giuseppe Meazza,Milano
135,Serie A,2022,492,Napoli,NAP,1904,Stadio Diego Armando Maradona,Napoli
135,Serie A,2022,494,Udinese,UDI,1896,Bluenergy Stadium,Udine
135,Serie A,2022,496,Juventus,JUV,1897,Allianz Stadium,Torino
135,Serie A,2022,497,AS Roma,ROM,1927,Stadio Olimpico,Roma
135,Serie A,2022,498,Sampdoria,SAM,1946,Stadio Comunale Luigi Ferraris,Genova
135,Serie A,2022,499,Atalanta,ATA,1907,Gewiss Stadium,Bergamo
135,Serie A,2022,500,Bologna,BOL,1909,Stadio Renato Dall'Ara,Bologna
135,Serie A,2022,502,Fiorentina,FIO,1926,Stadio Artemio Franchi,Firenze
135,Serie A,2022,503,Torino,TOR,1906,Stadio Olimpico Grande Torino,Torino
135,Serie A,2022,504,Hellas Verona,VER,1903,Stadio Marc'Antonio Bentegodi,Verona
135,Serie A,2022,505,Inter,INT,1908,Stadio Giuseppe Meazza,Milano
135,Serie A,2022,511,Empoli,EMP,1920,Stadio Carlo Castellani – Computer Gross Arena,Empoli
135,Serie A,2022,514,Salernitana,SAL,2011,Stadio Arechi,Salerno
135,Serie A,2022,515,Spezia,SPE,1906,Stadio Alberto Picco,La Spezia
135,Serie A,2022,520,Cremonese,CRE,1903,Stadio Giovanni Zini,Cremona
135,Serie A,2022,867,Lecce,LEC,1908,Stadio Comunale Via del Mare,Lecce
135,Serie A,2022,1579,Monza,MON,1912,U-Power Stadium,Monza
135,Serie A,2023,487,Lazio,LAZ,1900,Stadio Olimpico,Roma
135,Serie A,2023,488,Sassuolo,SAS,1922,MAPEI Stadium - Città del Tricolore,Reggio Emilia
135,Serie A,2023,489,AC Milan,MIL,1899,Stadio Giuseppe Meazza,Milano
135,Serie A,2023,490,Cagliari,CAG,1920,Unipol Domus,Cagliari
135,Serie A,2023,492,Napoli,NAP,1904,Stadio Diego Armando Maradona,Napoli
135,Serie A,2023,494,Udinese,UDI,1896,Bluenergy Stadium,Udine
135,Serie A,2023,495,Genoa,GEN,1893,Stadio Comunale Luigi Ferraris,Genova
135,Serie A,2023,496,Juventus,JUV,1897,Allianz Stadium,Torino
135,Serie A,2023,497,AS Roma,ROM,1927,Stadio Olimpico,Roma
135,Serie A,2023,499,Atalanta,ATA,1907,Gewiss Stadium,Bergamo
135,Serie A,2023,500,Bologna,BOL,1909,Stadio Renato Dall'Ara,Bologna
135,Serie A,2023,502,Fiorentina,FIO,1926,Stadio Artemio Franchi,Firenze
135,Serie A,2023,503,Torino,TOR,1906,Stadio Olimpico Grande Torino,Torino
135,Serie A,2023,504,Hellas Verona,VER,1903,Stadio Marc'Antonio Bentegodi,Verona
135,Serie A,2023,505,Inter,INT,1908,Stadio Giuseppe Meazza,Milano
135,Serie A,2023,511,Empoli,EMP,1920,Stadio Carlo Castellani – Computer Gross Arena,Empoli
135,Serie A,2023,512,Frosinone,FRO,1928,Stadio Benito Stirpe,Frosinone
135,Serie A,2023,514,Salernitana,SAL,2011,Stadio Arechi,Salerno
135,Serie A,2023,867,Lecce,LEC,1908,Stadio Comunale Via del Mare,Lecce
135,Serie A,2023,1579,Monza,MON,1912,U-Power Stadium,Monza
135,Serie A,2024,487,Lazio,LAZ,1900,Stadio Olimpico,Roma
135,Serie A,2024,489,AC Milan,MIL,1899,Stadio Giuseppe Meazza,Milano
135,Serie A,2024,490,Cagliari,CAG,1920,Unipol Domus,Cagliari
135,Serie A,2024,492,Napoli,NAP,1904,Stadio Diego Armando Maradona,Napoli
135,Serie A,2024,494,Udinese,UDI,1896,Bluenergy Stadium,Udine
135,Serie A,2024,495,Genoa,GEN,1893,Stadio Comunale Luigi Ferraris,Genova
135,Serie A,2024,496,Juventus,JUV,1897,Allianz Stadium,Torino
135,Serie A,2024,497,AS Roma,ROM,1927,Stadio Olimpico,Roma
135,Serie A,2024,499,Atalanta,ATA,1907,Gewiss Stadium,Bergamo
135,Serie A,2024,500,Bologna,BOL,1909,Stadio Renato Dall'Ara,Bologna
135,Serie A,2024,502,Fiorentina,FIO,1926,Stadio Artemio Franchi,Firenze
135,Serie A,2024,503,Torino,TOR,1906,Stadio Olimpico Grande Torino,Torino
135,Serie A,2024,504,Hellas Verona,VER,1903,Stadio Marc'Antonio Bentegodi,Verona
135,Serie A,2024,505,Inter,INT,1908,Stadio Giuseppe Meazza,Milano
135,Serie A,2024,511,Empoli,EMP,1920,Stadio Carlo Castellani – Computer Gross Arena,Empoli
135,Serie A,2024,517,Venezia,VEN,1907,Stadio Pierluigi Penzo,Venezia
135,Serie A,2024,523,Parma,PAR,1913,Stadio Ennio Tardini,Parma
135,Serie A,2024,867,Lecce,LEC,1908,Stadio Comunale Via del Mare,Lecce
135,Serie A,2024,895,Como,COM,1907,Stadio Giuseppe Sinigaglia,Como
135,Serie A,2024,1579,Monza,MON,1912,U-Power Stadium,Monza
78,Bundesliga,2022,157,Bayern München,BAY,1900,Allianz Arena,München
78,Bundesliga,2022,159,Hertha BSC,HER,1892,Olympiastadion Berlin,Berlin
78,Bundesliga,2022,160,SC Freiburg,FRE,1904,Europa-Park Stadion,Freiburg im Breisgau
78,Bundesliga,2022,161,VfL Wolfsburg,WOL,1945,Volkswagen Arena,Wolfsburg
78,Bundesliga,2022,162,Werder Bremen,WER,1899,Weserstadion,Bremen
78,Bundesliga,2022,163,Borussia Mönchengladbach,MOE,1900,BORUSSIA-PARK,Mönchengladbach
78,Bundesliga,2022,164,FSV Mainz 05,MAI,1905,MEWA ARENA,Mainz
78,Bundesliga,2022,165,Borussia Dortmund,DOR,1909,SIGNAL IDUNA PARK,Dortmund
78,Bundesliga,2022,167,1899 Hoffenheim,HOF,1899,PreZero Arena,Sinsheim
78,Bundesliga,2022,168,Bayer Leverkusen,BAY,1904,BayArena,Leverkusen
78,Bundesliga,2022,169,Eintracht Frankfurt,EIN,1899,Deutsche Bank Park,Frankfurt am Main
78,Bundesliga,2022,170,FC Augsburg,AUG,1907,WWK Arena,Augsburg
78,Bundesliga,2022,172,VfB Stuttgart,STU,1893,MHPArena,Stuttgart
78,Bundesliga,2022,173,RB Leipzig,LEI,2009,Red Bull Arena,Leipzig
78,Bundesliga,2022,174,FC Schalke 04,SCH,1904,Arena AufSchalke,Gelsenkirchen
78,Bundesliga,2022,175,Hamburger SV,HAM,1887,Volksparkstadion,Hamburg
78,Bundesliga,2022,176,VfL Bochum,BOC,1848,Vonovia Ruhrstadion,Bochum
78,Bundesliga,2022,182,Union Berlin,UNI,1966,Stadion An der Alten Försterei,Berlin
78,Bundesliga,2022,192,1. FC Köln,KOL,1948,RheinEnergieSTADION,Köln
78,Bundesliga,2023,157,Bayern München,BAY,1900,Allianz Arena,München
78,Bundesliga,2023,158,Fortuna Düsseldorf,DUS,1895,Düsseldorf Arena,Düsseldorf
78,Bundesliga,2023,160,SC Freiburg,FRE,1904,Europa-Park Stadion,Freiburg im Breisgau
78,Bundesliga,2023,161,VfL Wolfsburg,WOL,1945,Volkswagen Arena,Wolfsburg
78,Bundesliga,2023,162,Werder Bremen,WER,1899,Weserstadion,Bremen
78,Bundesliga,2023,163,Borussia Mönchengladbach,MOE,1900,BORUSSIA-PARK,Mönchengladbach
78,Bundesliga,2023,164,FSV Mainz 05,MAI,1905,MEWA ARENA,Mainz
78,Bundesliga,2023,165,Borussia Dortmund,DOR,1909,SIGNAL IDUNA PARK,Dortmund
78,Bundesliga,2023,167,1899 Hoffenheim,HOF,1899,PreZero Arena,Sinsheim
78,Bundesliga,2023,168,Bayer Leverkusen,BAY,1904,BayArena,Leverkusen
78,Bundesliga,2023,169,Eintracht Frankfurt,EIN,1899,Deutsche Bank Park,Frankfurt am Main
78,Bundesliga,2023,170,FC Augsburg,AUG,1907,WWK Arena,Augsburg
78,Bundesliga,2023,172,VfB Stuttgart,STU,1893,MHPArena,Stuttgart
78,Bundesliga,2023,173,RB Leipzig,LEI,2009,Red Bull Arena,Leipzig
78,Bundesliga,2023,176,VfL Bochum,BOC,1848,Vonovia Ruhrstadion,Bochum
78,Bundesliga,2023,180,1. FC Heidenheim,HEI,1946,Voith-Arena,Heidenheim an der Brenz
78,Bundesliga,2023,181,SV Darmstadt 98,DAR,1898,Merck-Stadion am Böllenfalltor,Darmstadt
78,Bundesliga,2023,182,Union Berlin,UNI,1966,Stadion An der Alten Försterei,Berlin
78,Bundesliga,2023,192,1. FC Köln,KOL,1948,RheinEnergieSTADION,Köln
78,Bundesliga,2024,157,Bayern München,BAY,1900,Allianz Arena,München
78,Bundesliga,2024,160,SC Freiburg,FRE,1904,Europa-Park Stadion,Freiburg im Breisgau
78,Bundesliga,2024,161,VfL Wolfsburg,WOL,1945,Volkswagen Arena,Wolfsburg
78,Bundesliga,2024,162,Werder Bremen,WER,1899,Weserstadion,Bremen
78,Bundesliga,2024,163,Borussia Mönchengladbach,MOE,1900,BORUSSIA-PARK,Mönchengladbach
78,Bundesliga,2024,164,FSV Mainz 05,MAI,1905,MEWA ARENA,Mainz
78,Bundesliga,2024,165,Borussia Dortmund,DOR,1909,SIGNAL IDUNA PARK,Dortmund
78,Bundesliga,2024,167,1899 Hoffenheim,HOF,1899,PreZero Arena,Sinsheim
78,Bundesliga,2024,168,Bayer Leverkusen,BAY,1904,BayArena,Leverkusen
78,Bundesliga,2024,169,Eintracht Frankfurt,EIN,1899,Deutsche Bank Park,Frankfurt am Main
78,Bundesliga,2024,170,FC Augsburg,AUG,1907,WWK Arena,Augsburg
78,Bundesliga,2024,172,VfB Stuttgart,STU,1893,MHPArena,Stuttgart
78,Bundesliga,2024,173,RB Leipzig,LEI,2009,Red Bull Arena,Leipzig
78,Bundesliga,2024,176,VfL Bochum,BOC,1848,Vonovia Ruhrstadion,Bochum
78,Bundesliga,2024,180,1. FC Heidenheim,HEI,1946,Voith-Arena,Heidenheim an der Brenz
78,Bundesliga,2024,182,Union Berlin,UNI,1966,Stadion An der Alten Försterei,Berlin
78,Bundesliga,2024,186,FC St. Pauli,PAU,1910,Millerntor-Stadion,Hamburg
78,Bundesliga,2024,191,Holstein Kiel,HOL,1900,Holstein-Stadion,Kiel
78,Bundesliga,2024,1660,SV Elversberg,ELV,1907,URSAPHARM-Arena an der Kaiserlinde,Spiesen-Elversberg
61,Ligue 1,2022,77,Angers,ANG,1919,Stade Raymond-Kopa,Angers
61,Ligue 1,2022,79,Lille,LIL,1944,Decathlon Arena - Stade Pierre-Mauroy,Villeneuve d&apos;Ascq
61,Ligue 1,2022,80,Lyon,LYO,1950,Groupama Stadium,Décines-Charpieu
61,Ligue 1,2022,81,Marseille,MAR,1899,Stade Orange Vélodrome,Marseille
61,Ligue 1,2022,82,Montpellier,MON,1974,Stade de la Mosson-Mondial 98,Montpellier
61,Ligue 1,2022,83,Nantes,NAN,1943,Stade de la Beaujoire - Louis Fonteneau,Nantes
61,Ligue 1,2022,84,Nice,NIC,1904,Allianz Riviera,Nice
61,Ligue 1,2022,85,Paris Saint Germain,PSG,1970,Parc des Princes,Paris
61,Ligue 1,2022,91,Monaco,MON,1919,Stade Louis-II,Monaco
61,Ligue 1,2022,93,Reims,REI,1909,Stade Auguste-Delaune,Reims
61,Ligue 1,2022,94,Rennes,REN,1901,Roazhon Park,Rennes
61,Ligue 1,2022,95,Strasbourg,STR,1906,Stade de la Meinau,Strasbourg
61,Ligue 1,2022,96,Toulouse,TOU,1937,Stadium de Toulouse,Toulouse
61,Ligue 1,2022,97,Lorient,LOR,1926,Stade du Moustoir - Yves Allainmat,Lorient
61,Ligue 1,2022,98,Ajaccio,AJA,1910,Stade Michel-Moretti,Ajaccio
61,Ligue 1,2022,99,Clermont Foot,CLE,1990,Stade Gabriel-Montpied,Clermont-Ferrand
61,Ligue 1,2022,106,Stade Brestois 29,BRE,1950,Stade Francis-Le Blé,Brest
61,Ligue 1,2022,108,Auxerre,AUX,1905,Stade de l'Abbé Deschamps,Auxerre
61,Ligue 1,2022,110,Estac Troyes,TRO,1986,Stade de l'Aube,Troyes
61,Ligue 1,2022,116,Lens,LEN,1906,Stade Bollaert-Delelis,Lens
61,Ligue 1,2023,79,Lille,LIL,1944,Decathlon Arena - Stade Pierre-Mauroy,Villeneuve d&apos;Ascq
61,Ligue 1,2023,80,Lyon,LYO,1950,Groupama Stadium,Décines-Charpieu
61,Ligue 1,2023,81,Marseille,MAR,1899,Stade Orange Vélodrome,Marseille
61,Ligue 1,2023,82,Montpellier,MON,1974,Stade de la Mosson-Mondial 98,Montpellier
61,Ligue 1,2023,83,Nantes,NAN,1943,Stade de la Beaujoire - Louis Fonteneau,Nantes
61,Ligue 1,2023,84,Nice,NIC,1904,Allianz Riviera,Nice
61,Ligue 1,2023,85,Paris Saint Germain,PSG,1970,Parc des Princes,Paris
61,Ligue 1,2023,91,Monaco,MON,1919,Stade Louis-II,Monaco
61,Ligue 1,2023,93,Reims,REI,1909,Stade Auguste-Delaune,Reims
61,Ligue 1,2023,94,Rennes,REN,1901,Roazhon Park,Rennes
61,Ligue 1,2023,95,Strasbourg,STR,1906,Stade de la Meinau,Strasbourg
61,Ligue 1,2023,96,Toulouse,TOU,1937,Stadium de Toulouse,Toulouse
61,Ligue 1,2023,97,Lorient,LOR,1926,Stade du Moustoir - Yves Allainmat,Lorient
61,Ligue 1,2023,99,Clermont Foot,CLE,1990,Stade Gabriel-Montpied,Clermont-Ferrand
61,Ligue 1,2023,106,Stade Brestois 29,BRE,1950,Stade Francis-Le Blé,Brest
61,Ligue 1,2023,111,Le Havre,HAV,1872,Stade Océane,Le Havre
61,Ligue 1,2023,112,Metz,MET,1932,Stade Saint-Symphorien,Longeville-lès-Metz
61,Ligue 1,2023,116,Lens,LEN,1906,Stade Bollaert-Delelis,Lens
61,Ligue 1,2023,1063,Saint Etienne,ETI,1920,Stade Geoffroy-Guichard,Saint-Ètienne
1,FIFA World Cup,2022,1,Belgium,BEL,1895,King Baudouin Stadium,Brussels
1,FIFA World Cup,2022,2,France,FRA,1919,Groupama Stadium,Saint-Denis
1,FIFA World Cup,2022,3,Croatia,CRO,1912,Stadion Maksimir,Zagreb
1,FIFA World Cup,2022,6,Brazil,BRA,1914,Maracanã,Rio de Janeiro
1,FIFA World Cup,2022,7,Uruguay,URU,1900,Estadio Centenario,Montevideo
1,FIFA World Cup,2022,9,Spain,ESP,1913,Bernabéu,Madrid
1,FIFA World Cup,2022,10,England,ENG,1863,Wembley Stadium,London
1,FIFA World Cup,2022,12,Japan,JPN,1921,Saitama Stadium 2002,Saitama
1,FIFA World Cup,2022,13,Senegal,SEN,1960,Stade Me Abdoulaye Wade,Diamniadio
1,FIFA World Cup,2022,14,Serbia,SER,1919,Stadion Rajko Mitić,Beograd
1,FIFA World Cup,2022,15,Switzerland,SUI,1895,St. Jakob-Park,Basel
1,FIFA World Cup,2022,16,Mexico,MEX,1927,Estadio Banorte,Mexico City
1,FIFA World Cup,2022,17,South Korea,KOR,1933,Seoul World Cup Stadium,Seoul
1,FIFA World Cup,2022,20,Australia,AUS,1961,Accor Stadium,Sydney
1,FIFA World Cup,2022,21,Denmark,DEN,1889,Nature Energy Park,Odense
1,FIFA World Cup,2022,22,Iran,IRN,1920,Azadi Stadium,Tehran
1,FIFA World Cup,2022,23,Saudi Arabia,KSA,1956,King Fahd Sports City Stadium,Riyadh
1,FIFA World Cup,2022,24,Poland,POL,1919,Stadion Śląski,Chorzów
1,FIFA World Cup,2022,25,Germany,GER,1900,Signal Iduna Park,Dortmund
1,FIFA World Cup,2022,26,Argentina,ARG,1893,Estadio Mâs Monumental,Buenos Aires
1,FIFA World Cup,2022,27,Portugal,POR,1914,Estádio da Luz,Lisbon
1,FIFA World Cup,2022,28,Tunisia,TUN,1957,Stade Olympique Hammadi Agrebi,Radès
1,FIFA World Cup,2022,29,Costa Rica,COS,1921,Snapdragon Stadium,"San Diego, California"
1,FIFA World Cup,2022,31,Morocco,MAR,1955,Stade Mohammed V,Casablanca
1,FIFA World Cup,2022,767,Wales,WAL,1876,Swansea.com Stadium,Swansea
1,FIFA World Cup,2022,1118,Netherlands,NED,1889,Johan Cruijff ArenA,Amsterdam
1,FIFA World Cup,2022,1504,Ghana,GHA,1957,Baba Yara Stadium,Kumasi
1,FIFA World Cup,2022,1530,Cameroon,CAM,1959,Stade Omnisports de Bafoussam,Bafoussam
1,FIFA World Cup,2022,1569,Qatar,QAT,1960,Khalifa International Stadium,Doha
1,FIFA World Cup,2022,2382,Ecuador,ECU,1925,Estadio Rodrigo Paz Delgado,Quito
1,FIFA World Cup,2022,2384,USA,USA,1913,AT&T Stadium,Arlington
1,FIFA World Cup,2022,5529,Canada,CAN,1912,BMO Field,Toronto
2,UEFA Champions League,2022,40,Liverpool,LIV,1892,Anfield,Liverpool
2,UEFA Champions League,2022,47,Tottenham,TOT,1882,Tottenham Hotspur Stadium,London
2,UEFA Champions League,2022,49,Chelsea,CHE,1905,Stamford Bridge,London
2,UEFA Champions League,2022,50,Manchester City,MCI,1880,Etihad Stadium,Manchester
2,UEFA Champions League,2022,81,Marseille,MAR,1899,Stade Orange Vélodrome,Marseille
2,UEFA Champions League,2022,85,Paris Saint Germain,PSG,1970,Parc des Princes,Paris
2,UEFA Champions League,2022,91,Monaco,MON,1919,Stade Louis-II,Monaco
2,UEFA Champions League,2022,157,Bayern München,BAY,1900,Allianz Arena,München
2,UEFA Champions League,2022,165,Borussia Dortmund,DOR,1909,SIGNAL IDUNA PARK,Dortmund
2,UEFA Champions League,2022,168,Bayer Leverkusen,BAY,1904,BayArena,Leverkusen
2,UEFA Champions League,2022,169,Eintracht Frankfurt,EIN,1899,Deutsche Bank Park,Frankfurt am Main
2,UEFA Champions League,2022,173,RB Leipzig,LEI,2009,Red Bull Arena,Leipzig
2,UEFA Champions League,2022,194,Ajax,AJA,1900,Johan Cruijff Arena,Amsterdam
2,UEFA Champions League,2022,197,PSV Eindhoven,PSV,1913,Philips Stadion,Eindhoven
2,UEFA Champions League,2022,211,Benfica,BEN,1904,Estádio do Sport Lisboa e Benfica (da Luz),Lisboa
2,UEFA Champions League,2022,212,FC Porto,POR,1893,Estádio Do Dragão,Porto
2,UEFA Champions League,2022,228,Sporting CP,SPO,1906,Estádio José Alvalade,Lisboa
2,UEFA Champions League,2022,247,Celtic,CEL,1888,Celtic Park,Glasgow
2,UEFA Champions League,2022,257,Rangers,RAN,1873,Ibrox Stadium,Glasgow
2,UEFA Champions League,2022,278,Vikingur Reykjavik,VIK,1908,Víkingsvöllur,Reykjavík
2,UEFA Champions League,2022,327,Bodo/Glimt,BOD,1916,Aspmyra Stadion,Bodø
2,UEFA Champions League,2022,347,Lech Poznan,LEC,1922,Enea Stadion,Poznań
2,UEFA Champions League,2022,354,The New Saints,TNS,1959,Park Hall Stadium,"Oswestry / Croesoswallt, Shropshire"
2,UEFA Champions League,2022,375,Malmo FF,MAL,1910,Eleda Stadion,Malmö
2,UEFA Champions League,2022,392,Shakhter Soligorsk,SOL,1963,Stadyen Budaŭnik (Stroitel'),Soligorsk
2,UEFA Champions League,2022,397,FC Midtjylland,MID,1999,MCH Arena,Herning
2,UEFA Champions League,2022,400,FC Copenhagen,COP,1992,Parken,København
2,UEFA Champions League,2022,489,AC Milan,MIL,1899,Stadio Giuseppe Meazza,Milano
2,UEFA Champions League,2022,492,Napoli,NAP,1904,Stadio Diego Armando Maradona,Napoli
2,UEFA Champions League,2022,496,Juventus,JUV,1897,Allianz Stadium,Torino
2,UEFA Champions League,2022,505,Inter,INT,1908,Stadio Giuseppe Meazza,Milano
2,UEFA Champions League,2022,529,Barcelona,BAR,1899,Camp Nou,Barcelona
2,UEFA Champions League,2022,530,Atletico Madrid,ATM,1903,Estádio Cívitas Metropolitano,Madrid
2,UEFA Champions League,2022,536,Sevilla,SEV,1890,Estadio Ramón Sánchez Pizjuán,Sevilla
2,UEFA Champions League,2022,541,Real Madrid,REA,1902,Estadio Santiago Bernabéu,Madrid
2,UEFA Champions League,2022,550,Shakhtar Donetsk,SHA,1936,Arena Lviv,Lviv
2,UEFA Champions League,2022,552,Maribor,MAR,1960,Ljudski vrt,Maribor
2,UEFA Champions League,2022,553,Olympiakos Piraeus,OLY,1925,Stadio Georgios Karaiskáki,Piraeus
2,UEFA Champions League,2022,556,Qarabag,KAR,1950,Tofiq Bəhramov adına Respublika stadionu,Baku
2,UEFA Champions League,2022,566,Ludogorets,LUD,1945,Huvepharma Arena,Razgrad
2,UEFA Champions League,2022,567,Plzen,PLZ,1911,Doosan Aréna,Plzeň
2,UEFA Champions League,2022,568,Sheriff Tiraspol,SHE,1997,Bolshaya Sportivnaya Arena,Tiraspol
2,UEFA Champions League,2022,569,Club Brugge KV,CLU,1891,Jan Breydelstadion,Brugge
2,UEFA Champions League,2022,571,Red Bull Salzburg,SAL,1933,Red Bull Arena,Wals-Siezenheim
2,UEFA Champions League,2022,572,Dynamo Kyiv,DIN,1927,Stadion Dynamo im. Valeriy Lobanovskyi,Kyiv
2,UEFA Champions League,2022,578,F91 Dudelange,,1991,Stade Jos Nosbaum,Dudelange
2,UEFA Champions League,2022,583,Linfield,LIN,1886,Windsor Park,Belfast
2,UEFA Champions League,2022,586,FK Zalgiris Vilnius,ZAL,1947,S. Dariaus ir S. Girėno stadionas,Kaunas
2,UEFA Champions League,2022,588,Zrinjski,ZRI,1905,Stadion Bijeli Brijeg,Mostar
2,UEFA Champions League,2022,598,FK Crvena Zvezda,CRV,1945,Stadion Rajko Mitić,Beograd
2,UEFA Champions League,2022,602,Apollon Limassol,APO,1954,Alphamega Stadium,Kolossi
2,UEFA Champions League,2022,611,Fenerbahçe,FEN,1907,Chobani Stadyumu Fenerbahçe Şükrü Saracoğlu Spor Kompleksi,İstanbul
2,UEFA Champions League,2022,614,AEK Larnaca,LAR,1994,AEK Arena - George Karapatakis,Lárnaka (Larnaca)
2,UEFA Champions League,2022,620,Dinamo Zagreb,ZAG,1911,Stadion Maksimir,Zagreb
2,UEFA Champions League,2022,637,Sturm Graz,STU,1909,Merkur Arena,Graz
2,UEFA Champions League,2022,649,HJK Helsinki,HJK,1907,Bolt Arena,Helsinki
2,UEFA Champions League,2022,651,Ferencvarosi TC,FER,1899,Groupama Aréna,Budapest
2,UEFA Champions League,2022,652,Shamrock Rovers,SHA,1899,Tallaght Stadium,Dublin
2,UEFA Champions League,2022,656,Slovan Bratislava,SLO,1919,Štadión Tehelné pole,Bratislava
2,UEFA Champions League,2022,667,Lincoln Red Imps FC,LIN,0,Europa Point Stadium,Gibraltar
2,UEFA Champions League,2022,673,Sutjeska,SUT,1927,Stadion Kraj Bistrice,Nikšić
2,UEFA Champions League,2022,694,Tirana,TIR,1920,Stadiumi Selman Stërmasi,Tirana
2,UEFA Champions League,2022,701,KI Klaksvik,,1905,Injector Arena,"Klaksvík, Borðoy"
2,UEFA Champions League,2022,705,Dinamo Batumi,DIN,1923,Chele Arena,Kobuleti
2,UEFA Champions League,2022,709,Pyunik Yerevan,PYU,1992,Vazgen Sargsyan anvan Hanrapetakan Marzadasht,Yerevan
2,UEFA Champions League,2022,783,FC Zurich,ZUR,1896,Stadion Letzigrund,Zürich
2,UEFA Champions League,2022,998,Trabzonspor,TRA,1967,Papara Park,Trabzon
2,UEFA Champions League,2022,1393,Union St. Gilloise,GIL,1897,Stade Joseph Mariën,Brussels
2,UEFA Champions League,2022,2246,CFR 1907 Cluj,CLU,1907,Stadionul Dr. Constantin Rădulescu,Cluj-Napoca
2,UEFA Champions League,2022,2249,La Fiorita,FIO,1967,Stadio Igor Crescentini,Montegiardino
2,UEFA Champions League,2022,2259,FK Tobol Kostanay,TOB,1967,Ortalyq stadıon,Kostanay
2,UEFA Champions League,2022,2265,Shkupi 1927,SHK,2014,Stadion Čair,Skopje
2,UEFA Champions League,2022,2273,FC Levadia Tallinn,LEV,1998,A. Le Coq Arena,Tallinn
2,UEFA Champions League,2022,3342,Inter Club d'Escaldes,,,Centre d'Entrenament de la FAF 1,Santa Coloma
2,UEFA Champions League,2022,3884,Hibernians,HIB,1922,Tony Bezzina Stadium,Paola
2,UEFA Champions League,2022,4160,Rīgas FS,,2005,LNK Sporta Parks (dabīgais),Rīga (Riga)
2,UEFA Champions League,2022,4195,Maccabi Haifa,MAC,1913,Sammy Ofer Stadium,Haifa
2,UEFA Champions League,2022,12733,Ballkani,,,Stadiumi i qytetit Suharekë,Suva Reka
2,UEFA Champions League,2023,33,Manchester United,MUN,1878,Old Trafford,Manchester
2,UEFA Champions League,2023,34,Newcastle,NEW,1892,St. James' Park,Newcastle upon Tyne
2,UEFA Champions League,2023,42,Arsenal,ARS,1886,Emirates Stadium,London
2,UEFA Champions League,2023,50,Manchester City,MCI,1880,Etihad Stadium,Manchester
2,UEFA Champions League,2023,81,Marseille,MAR,1899,Stade Orange Vélodrome,Marseille
2,UEFA Champions League,2023,85,Paris Saint Germain,PSG,1970,Parc des Princes,Paris
2,UEFA Champions League,2023,116,Lens,LEN,1906,Stade Bollaert-Delelis,Lens
2,UEFA Champions League,2023,157,Bayern München,BAY,1900,Allianz Arena,München
2,UEFA Champions League,2023,165,Borussia Dortmund,DOR,1909,SIGNAL IDUNA PARK,Dortmund
2,UEFA Champions League,2023,173,RB Leipzig,LEI,2009,Red Bull Arena,Leipzig
2,UEFA Champions League,2023,182,Union Berlin,UNI,1966,Stadion An der Alten Försterei,Berlin
2,UEFA Champions League,2023,197,PSV Eindhoven,PSV,1913,Philips Stadion,Eindhoven
2,UEFA Champions League,2023,209,Feyenoord,FEY,1908,Stadion Feijenoord,Rotterdam
2,UEFA Champions League,2023,211,Benfica,BEN,1904,Estádio do Sport Lisboa e Benfica (da Luz),Lisboa
2,UEFA Champions League,2023,212,FC Porto,POR,1893,Estádio Do Dragão,Porto
2,UEFA Champions League,2023,217,SC Braga,BRA,1921,Estádio Municipal de Braga,Braga
2,UEFA Champions League,2023,247,Celtic,CEL,1888,Celtic Park,Glasgow
2,UEFA Champions League,2023,257,Rangers,RAN,1873,Ibrox Stadium,Glasgow
2,UEFA Champions League,2023,276,Breidablik,BRE,1950,Kópavogsvöllur,Kópavogur
2,UEFA Champions League,2023,329,Molde,MOL,1911,Aker Stadion,Molde
2,UEFA Champions League,2023,354,The New Saints,TNS,1959,Park Hall Stadium,"Oswestry / Croesoswallt, Shropshire"
2,UEFA Champions League,2023,367,BK Hacken,HAC,1940,Bravida Arena,Göteborg
2,UEFA Champions League,2023,388,Bate Borisov,BAT,1973,Borisov Arena,Borisov
2,UEFA Champions League,2023,400,FC Copenhagen,COP,1992,Parken,København
2,UEFA Champions League,2023,487,Lazio,LAZ,1900,Stadio Olimpico,Roma
2,UEFA Champions League,2023,489,AC Milan,MIL,1899,Stadio Giuseppe Meazza,Milano
2,UEFA Champions League,2023,492,Napoli,NAP,1904,Stadio Diego Armando Maradona,Napoli
2,UEFA Champions League,2023,505,Inter,INT,1908,Stadio Giuseppe Meazza,Milano
2,UEFA Champions League,2023,529,Barcelona,BAR,1899,Camp Nou,Barcelona
2,UEFA Champions League,2023,530,Atletico Madrid,ATM,1903,Estádio Cívitas Metropolitano,Madrid
2,UEFA Champions League,2023,536,Sevilla,SEV,1890,Estadio Ramón Sánchez Pizjuán,Sevilla
2,UEFA Champions League,2023,541,Real Madrid,REA,1902,Estadio Santiago Bernabéu,Madrid
2,UEFA Champions League,2023,548,Real Sociedad,RSO,1909,Reale Arena,Donostia-San Sebastián
2,UEFA Champions League,2023,550,Shakhtar Donetsk,SHA,1936,Arena Lviv,Lviv
2,UEFA Champions League,2023,556,Qarabag,KAR,1950,Tofiq Bəhramov adına Respublika stadionu,Baku
2,UEFA Champions League,2023,562,FC Astana,AST,2009,Sportivnyy Kompleks Kaznu,Almaty
2,UEFA Champions League,2023,565,BSC Young Boys,YOU,1898,Stadion Wankdorf,Bern
2,UEFA Champions League,2023,566,Ludogorets,LUD,1945,Huvepharma Arena,Razgrad
2,UEFA Champions League,2023,568,Sheriff Tiraspol,SHE,1997,Bolshaya Sportivnaya Arena,Tiraspol
2,UEFA Champions League,2023,571,Red Bull Salzburg,SAL,1933,Red Bull Arena,Wals-Siezenheim
2,UEFA Champions League,2023,575,AEK Athens FC,AEK,1924,OPAP Arena,Athens
2,UEFA Champions League,2023,579,Buducnost Podgorica,BUD,1925,Stadion Pod Goricom,Podgorica
2,UEFA Champions League,2023,586,FK Zalgiris Vilnius,ZAL,1947,S. Dariaus ir S. Girėno stadionas,Kaunas
2,UEFA Champions League,2023,588,Zrinjski,ZRI,1905,Stadion Bijeli Brijeg,Mostar
2,UEFA Champions League,2023,598,FK Crvena Zvezda,CRV,1945,Stadion Rajko Mitić,Beograd
2,UEFA Champions League,2023,617,Panathinaikos,PAN,1908,Stadio Apóstolos Nikolaidis,Athína (Athens)
2,UEFA Champions League,2023,620,Dinamo Zagreb,ZAG,1911,Stadion Maksimir,Zagreb
2,UEFA Champions League,2023,628,Sparta Praha,SPA,1893,epet ARENA,Praha
2,UEFA Champions League,2023,637,Sturm Graz,STU,1909,Merkur Arena,Graz
2,UEFA Champions League,2023,645,Galatasaray,GAL,1905,RAMS Park,İstanbul
2,UEFA Champions League,2023,649,HJK Helsinki,HJK,1907,Bolt Arena,Helsinki
2,UEFA Champions League,2023,651,Ferencvarosi TC,FER,1899,Groupama Aréna,Budapest
2,UEFA Champions League,2023,652,Shamrock Rovers,SHA,1899,Tallaght Stadium,Dublin
2,UEFA Champions League,2023,656,Slovan Bratislava,SLO,1919,Štadión Tehelné pole,Bratislava
2,UEFA Champions League,2023,667,Lincoln Red Imps FC,LIN,0,Europa Point Stadium,Gibraltar
2,UEFA Champions League,2023,677,Olimpija Ljubljana,LJU,1911,Stadion Stožice,Ljubljana
2,UEFA Champions League,2023,687,Flora Tallinn,FLO,1990,A. Le Coq Arena,Tallinn
2,UEFA Champions League,2023,700,Tre Penne,,1956,Stadio Fonte Dell'Ovo,Città di San Marino
2,UEFA Champions League,2023,701,KI Klaksvik,,1905,Injector Arena,"Klaksvík, Borðoy"
2,UEFA Champions League,2023,708,Partizani,PAR,1946,Arena e Demave,Tirana
2,UEFA Champions League,2023,740,Antwerp,ANT,1880,Bosuilstadion,Deurne
2,UEFA Champions League,2023,742,Genk,GEN,1988,Cegeka Arena,Genk
2,UEFA Champions League,2023,2184,Servette FC,SER,1890,Stade de Genève,Lancy
2,UEFA Champions League,2023,2262,Dinamo Tbilisi,DIN,1925,Boris Paichadze Dinamo Arena,Tbilisi
2,UEFA Champions League,2023,2276,FC Urartu,BAN,1992,Urartu Stadium,Yerevan
2,UEFA Champions League,2023,2596,Farul Constanta,,2016,Stadionul Central,Ovidiu
2,UEFA Champions League,2023,2646,TSC Backa Topola,,1913,TSC Arena,Bačka Topola
2,UEFA Champions League,2023,3345,Atlètic Club d'Escaldes,,,Camp de Futbol d'Aixovall,Sant Julià de Lòria
2,UEFA Champions League,2023,3408,Aris,ARI,1930,Alphamega Stadium,Kolossi
2,UEFA Champions League,2023,3491,Raków Częstochowa,RAK,1921,Miejski Stadion Piłkarski Raków,Częstochowa
2,UEFA Champions League,2023,3623,Dnipro-1,,2017,Dnipro Arena,Dnipro
2,UEFA Champions League,2023,4153,Valmiera / BSS,VAL,,Vidzemes Olimpiskais centrs,Valmiera
2,UEFA Champions League,2023,4195,Maccabi Haifa,MAC,1913,Sammy Ofer Stadium,Haifa
2,UEFA Champions League,2023,4346,Struga,,2015,Gradska Plaža Stadium,Struga
2,UEFA Champions League,2023,4626,Hamrun Spartans,HAM,1907,Victor Tedesco Stadium,Ħamrun (Hamrun)
2,UEFA Champions League,2023,5354,Larne,LAR,1889,Inver Park,Larne
2,UEFA Champions League,2023,11907,Swift Hesperange,,1916,Stade Alphonse Theis,Hesperange
2,UEFA Champions League,2023,12733,Ballkani,,,Stadiumi i qytetit Suharekë,Suva Reka
2,UEFA Champions League,2024,40,Liverpool,LIV,1892,Anfield,Liverpool
2,UEFA Champions League,2024,42,Arsenal,ARS,1886,Emirates Stadium,London
2,UEFA Champions League,2024,50,Manchester City,MCI,1880,Etihad Stadium,Manchester
2,UEFA Champions League,2024,66,Aston Villa,AST,1874,Villa Park,Birmingham
2,UEFA Champions League,2024,79,Lille,LIL,1944,Decathlon Arena - Stade Pierre-Mauroy,Villeneuve d&apos;Ascq
2,UEFA Champions League,2024,85,Paris Saint Germain,PSG,1970,Parc des Princes,Paris
2,UEFA Champions League,2024,91,Monaco,MON,1919,Stade Louis-II,Monaco
2,UEFA Champions League,2024,106,Stade Brestois 29,BRE,1950,Stade Francis-Le Blé,Brest
2,UEFA Champions League,2024,157,Bayern München,BAY,1900,Allianz Arena,München
2,UEFA Champions League,2024,165,Borussia Dortmund,DOR,1909,SIGNAL IDUNA PARK,Dortmund
2,UEFA Champions League,2024,168,Bayer Leverkusen,BAY,1904,BayArena,Leverkusen
2,UEFA Champions League,2024,172,VfB Stuttgart,STU,1893,MHPArena,Stuttgart
2,UEFA Champions League,2024,173,RB Leipzig,LEI,2009,Red Bull Arena,Leipzig
2,UEFA Champions League,2024,197,PSV Eindhoven,PSV,1913,Philips Stadion,Eindhoven
2,UEFA Champions League,2024,209,Feyenoord,FEY,1908,Stadion Feijenoord,Rotterdam
2,UEFA Champions League,2024,211,Benfica,BEN,1904,Estádio do Sport Lisboa e Benfica (da Luz),Lisboa
2,UEFA Champions League,2024,228,Sporting CP,SPO,1906,Estádio José Alvalade,Lisboa
2,UEFA Champions League,2024,247,Celtic,CEL,1888,Celtic Park,Glasgow
2,UEFA Champions League,2024,257,Rangers,RAN,1873,Ibrox Stadium,Glasgow
2,UEFA Champions League,2024,278,Vikingur Reykjavik,VIK,1908,Víkingsvöllur,Reykjavík
2,UEFA Champions League,2024,327,Bodo/Glimt,BOD,1916,Aspmyra Stadion,Bodø
2,UEFA Champions League,2024,336,Jagiellonia,JAG,1927,Stadion Miejski,Białystok
2,UEFA Champions League,2024,354,The New Saints,TNS,1959,Park Hall Stadium,"Oswestry / Croesoswallt, Shropshire"
2,UEFA Champions League,2024,375,Malmo FF,MAL,1910,Eleda Stadion,Malmö
2,UEFA Champions League,2024,394,Dinamo Minsk,MIN,1927,Stadyen Dynama,Minsk
2,UEFA Champions League,2024,397,FC Midtjylland,MID,1999,MCH Arena,Herning
2,UEFA Champions League,2024,415,Twente,TWE,1965,De Grolsch Veste,Enschede
2,UEFA Champions League,2024,489,AC Milan,MIL,1899,Stadio Giuseppe Meazza,Milano
2,UEFA Champions League,2024,496,Juventus,JUV,1897,Allianz Stadium,Torino
2,UEFA Champions League,2024,499,Atalanta,ATA,1907,Gewiss Stadium,Bergamo
2,UEFA Champions League,2024,500,Bologna,BOL,1909,Stadio Renato Dall'Ara,Bologna
2,UEFA Champions League,2024,505,Inter,INT,1908,Stadio Giuseppe Meazza,Milano
2,UEFA Champions League,2024,529,Barcelona,BAR,1899,Camp Nou,Barcelona
2,UEFA Champions League,2024,530,Atletico Madrid,ATM,1903,Estádio Cívitas Metropolitano,Madrid
2,UEFA Champions League,2024,541,Real Madrid,REA,1902,Estadio Santiago Bernabéu,Madrid
2,UEFA Champions League,2024,547,Girona,GIR,1930,Estadi Municipal de Montilivi,Girona
2,UEFA Champions League,2024,550,Shakhtar Donetsk,SHA,1936,Arena Lviv,Lviv
2,UEFA Champions League,2024,556,Qarabag,KAR,1950,Tofiq Bəhramov adına Respublika stadionu,Baku
2,UEFA Champions League,2024,559,FCSB,STE,1947,Arena Naţională,Bucureşti
2,UEFA Champions League,2024,560,Slavia Praha,SLA,1892,Fortuna Arena,Praha
2,UEFA Champions League,2024,565,BSC Young Boys,YOU,1898,Stadion Wankdorf,Bern
2,UEFA Champions League,2024,566,Ludogorets,LUD,1945,Huvepharma Arena,Razgrad
2,UEFA Champions League,2024,569,Club Brugge KV,CLU,1891,Jan Breydelstadion,Brugge
2,UEFA Champions League,2024,571,Red Bull Salzburg,SAL,1933,Red Bull Arena,Wals-Siezenheim
2,UEFA Champions League,2024,572,Dynamo Kyiv,DIN,1927,Stadion Dynamo im. Valeriy Lobanovskyi,Kyiv
2,UEFA Champions League,2024,573,FK Partizan,PAR,1945,Stadion Partizana,Beograd
2,UEFA Champions League,2024,598,FK Crvena Zvezda,CRV,1945,Stadion Rajko Mitić,Beograd
2,UEFA Champions League,2024,604,Maccabi Tel Aviv,MAC,1906,Bloomfield Stadium,Tel-Aviv-Yāfā (Tel-Aviv)
2,UEFA Champions League,2024,606,FC Lugano,LUG,1908,Stadio di Cornaredo,Lugano
2,UEFA Champions League,2024,611,Fenerbahçe,FEN,1907,Chobani Stadyumu Fenerbahçe Şükrü Saracoğlu Spor Kompleksi,İstanbul
2,UEFA Champions League,2024,619,PAOK,PAO,1926,Stadio Toumbas,Thessaloníki
2,UEFA Champions League,2024,620,Dinamo Zagreb,ZAG,1911,Stadion Maksimir,Zagreb
2,UEFA Champions League,2024,628,Sparta Praha,SPA,1893,epet ARENA,Praha
2,UEFA Champions League,2024,637,Sturm Graz,STU,1909,Merkur Arena,Graz
2,UEFA Champions League,2024,645,Galatasaray,GAL,1905,RAMS Park,İstanbul
2,UEFA Champions League,2024,649,HJK Helsinki,HJK,1907,Bolt Arena,Helsinki
2,UEFA Champions League,2024,651,Ferencvarosi TC,FER,1899,Groupama Aréna,Budapest
2,UEFA Champions League,2024,652,Shamrock Rovers,SHA,1899,Tallaght Stadium,Dublin
2,UEFA Champions League,2024,656,Slovan Bratislava,SLO,1919,Štadión Tehelné pole,Bratislava
2,UEFA Champions League,2024,667,Lincoln Red Imps FC,LIN,0,Europa Point Stadium,Gibraltar
2,UEFA Champions League,2024,684,FC Differdange 03,,2003,Stade Parc des Sports,Differdange
2,UEFA Champions League,2024,687,Flora Tallinn,FLO,1990,A. Le Coq Arena,Tallinn
2,UEFA Champions League,2024,692,Ordabasy,ORD,1998,Stadion Qajimuqan Muñaytpasov,Shymkent
2,UEFA Champions League,2024,701,KI Klaksvik,,1905,Injector Arena,"Klaksvík, Borðoy"
2,UEFA Champions League,2024,703,UE Santa Coloma,,1995,Centre d'Entrenament de la FAF 1,Santa Coloma
2,UEFA Champions League,2024,705,Dinamo Batumi,DIN,1923,Chele Arena,Kobuleti
2,UEFA Champions League,2024,709,Pyunik Yerevan,PYU,1992,Vazgen Sargsyan anvan Hanrapetakan Marzadasht,Yerevan
2,UEFA Champions League,2024,1393,Union St. Gilloise,GIL,1897,Stade Joseph Mariën,Brussels
2,UEFA Champions League,2024,2247,Apoel Nicosia,APO,1926,Neo GSP,Levkosía
2,UEFA Champions League,2024,2271,Petrocub,,,Stadionul Orăşenesc,Hînceşti
2,UEFA Champions League,2024,3327,Egnatia Rrogozhinë,,1964,Arena Egnatia,Rrogozhinë
2,UEFA Champions League,2024,3364,Borac Banja Luka,BOR,1926,Gradski Stadion,Banja Luka
2,UEFA Champions League,2024,3745,Dečić,DEC,1926,Stadion Tuško Polje,Tuzi
2,UEFA Champions League,2024,3874,Panevėžys,,2015,Žemynos progimnazijos stadionas,Panevėžys
2,UEFA Champions League,2024,4160,Rīgas FS,,2005,LNK Sporta Parks (dabīgais),Rīga (Riga)
2,UEFA Champions League,2024,4346,Struga,,2015,Gradska Plaža Stadium,Struga
2,UEFA Champions League,2024,4360,Celje,CEL,1919,Stadion Z'dežele,Celje
2,UEFA Champions League,2024,4626,Hamrun Spartans,HAM,1907,Victor Tedesco Stadium,Ħamrun (Hamrun)
2,UEFA Champions League,2024,5308,Virtus,,,Campo Sportivo di Acquaviva,Acquaviva
2,UEFA Champions League,2024,5354,Larne,LAR,1889,Inver Park,Larne
2,UEFA Champions League,2024,12733,Ballkani,,,Stadiumi i qytetit Suharekë,Suva Reka
3,UEFA Europa League,2022,33,Manchester United,MUN,1878,Old Trafford,Manchester
3,UEFA Europa League,2022,42,Arsenal,ARS,1886,Emirates Stadium,London
3,UEFA Europa League,2022,83,Nantes,NAN,1943,Stade de la Beaujoire - Louis Fonteneau,Nantes
3,UEFA Europa League,2022,91,Monaco,MON,1919,Stade Louis-II,Monaco
3,UEFA Europa League,2022,94,Rennes,REN,1901,Roazhon Park,Rennes
3,UEFA Europa League,2022,160,SC Freiburg,FRE,1904,Europa-Park Stadion,Freiburg im Breisgau
3,UEFA Europa League,2022,168,Bayer Leverkusen,BAY,1904,BayArena,Leverkusen
3,UEFA Europa League,2022,182,Union Berlin,UNI,1966,Stadion An der Alten Försterei,Berlin
3,UEFA Europa League,2022,194,Ajax,AJA,1900,Johan Cruijff Arena,Amsterdam
3,UEFA Europa League,2022,197,PSV Eindhoven,PSV,1913,Philips Stadion,Eindhoven
3,UEFA Europa League,2022,209,Feyenoord,FEY,1908,Stadion Feijenoord,Rotterdam
3,UEFA Europa League,2022,217,SC Braga,BRA,1921,Estádio Municipal de Braga,Braga
3,UEFA Europa League,2022,228,Sporting CP,SPO,1906,Estádio José Alvalade,Lisboa
3,UEFA Europa League,2022,254,Heart Of Midlothian,HEA,1874,Tynecastle Park,Edinburgh
3,UEFA Europa League,2022,327,Bodo/Glimt,BOD,1916,Aspmyra Stadion,Bodø
3,UEFA Europa League,2022,375,Malmo FF,MAL,1910,Eleda Stadion,Malmö
3,UEFA Europa League,2022,397,FC Midtjylland,MID,1999,MCH Arena,Herning
3,UEFA Europa League,2022,487,Lazio,LAZ,1900,Stadio Olimpico,Roma
3,UEFA Europa League,2022,496,Juventus,JUV,1897,Allianz Stadium,Torino
3,UEFA Europa League,2022,497,AS Roma,ROM,1927,Stadio Olimpico,Roma
3,UEFA Europa League,2022,529,Barcelona,BAR,1899,Camp Nou,Barcelona
3,UEFA Europa League,2022,536,Sevilla,SEV,1890,Estadio Ramón Sánchez Pizjuán,Sevilla
3,UEFA Europa League,2022,543,Real Betis,BET,1907,Estadio La Cartuja de Sevilla,Sevilla
3,UEFA Europa League,2022,548,Real Sociedad,RSO,1909,Reale Arena,Donostia-San Sebastián
3,UEFA Europa League,2022,550,Shakhtar Donetsk,SHA,1936,Arena Lviv,Lviv
3,UEFA Europa League,2022,552,Maribor,MAR,1960,Ljudski vrt,Maribor
3,UEFA Europa League,2022,553,Olympiakos Piraeus,OLY,1925,Stadio Georgios Karaiskáki,Piraeus
3,UEFA Europa League,2022,556,Qarabag,KAR,1950,Tofiq Bəhramov adına Respublika stadionu,Baku
3,UEFA Europa League,2022,566,Ludogorets,LUD,1945,Huvepharma Arena,Razgrad
3,UEFA Europa League,2022,568,Sheriff Tiraspol,SHE,1997,Bolshaya Sportivnaya Arena,Tiraspol
3,UEFA Europa League,2022,571,Red Bull Salzburg,SAL,1933,Red Bull Arena,Wals-Siezenheim
3,UEFA Europa League,2022,572,Dynamo Kyiv,DIN,1927,Stadion Dynamo im. Valeriy Lobanovskyi,Kyiv
3,UEFA Europa League,2022,573,FK Partizan,PAR,1945,Stadion Partizana,Beograd
3,UEFA Europa League,2022,578,F91 Dudelange,,1991,Stade Jos Nosbaum,Dudelange
3,UEFA Europa League,2022,583,Linfield,LIN,1886,Windsor Park,Belfast
3,UEFA Europa League,2022,586,FK Zalgiris Vilnius,ZAL,1947,S. Dariaus ir S. Girėno stadionas,Kaunas
3,UEFA Europa League,2022,598,FK Crvena Zvezda,CRV,1945,Stadion Rajko Mitić,Beograd
3,UEFA Europa League,2022,601,Austria Vienna,AUT,1911,Generali Arena,Wien
3,UEFA Europa League,2022,602,Apollon Limassol,APO,1954,Alphamega Stadium,Kolossi
3,UEFA Europa League,2022,611,Fenerbahçe,FEN,1907,Chobani Stadyumu Fenerbahçe Şükrü Saracoğlu Spor Kompleksi,İstanbul
3,UEFA Europa League,2022,614,AEK Larnaca,LAR,1994,AEK Arena - George Karapatakis,Lárnaka (Larnaca)
3,UEFA Europa League,2022,631,Gent,GEN,1900,Planet Group Arena,Gent
3,UEFA Europa League,2022,637,Sturm Graz,STU,1909,Merkur Arena,Graz
3,UEFA Europa League,2022,649,HJK Helsinki,HJK,1907,Bolt Arena,Helsinki
3,UEFA Europa League,2022,651,Ferencvarosi TC,FER,1899,Groupama Aréna,Budapest
3,UEFA Europa League,2022,652,Shamrock Rovers,SHA,1899,Tallaght Stadium,Dublin
3,UEFA Europa League,2022,656,Slovan Bratislava,SLO,1919,Štadión Tehelné pole,Bratislava
3,UEFA Europa League,2022,709,Pyunik Yerevan,PYU,1992,Vazgen Sargsyan anvan Hanrapetakan Marzadasht,Yerevan
3,UEFA Europa League,2022,783,FC Zurich,ZUR,1896,Stadion Letzigrund,Zürich
3,UEFA Europa League,2022,998,Trabzonspor,TRA,1967,Papara Park,Trabzon
3,UEFA Europa League,2022,1002,Sivasspor,SIV,1967,BG Group 4 Eylül Stadyumu,Sivas
3,UEFA Europa League,2022,1393,Union St. Gilloise,GIL,1897,Stade Joseph Mariën,Brussels
3,UEFA Europa League,2022,2073,Silkeborg,SIL,1917,JYSK park,Silkeborg
3,UEFA Europa League,2022,2265,Shkupi 1927,SHK,2014,Stadion Čair,Skopje
3,UEFA Europa League,2022,3402,Omonia Nicosia,OMO,1948,Neo GSP,Levkosía
3,UEFA Europa League,2022,3623,Dnipro-1,,2017,Dnipro Arena,Dnipro
3,UEFA Europa League,2022,3719,Slovácko,SLO,1927,Městský fotbalový stadion Miroslava Valenty,Uherské Hradiště
3,UEFA Europa League,2023,40,Liverpool,LIV,1892,Anfield,Liverpool
3,UEFA Europa League,2023,48,West Ham,WES,1895,London Stadium,London
3,UEFA Europa League,2023,51,Brighton,BRI,1901,American Express Stadium,"Falmer, East Sussex"
3,UEFA Europa League,2023,81,Marseille,MAR,1899,Stade Orange Vélodrome,Marseille
3,UEFA Europa League,2023,94,Rennes,REN,1901,Roazhon Park,Rennes
3,UEFA Europa League,2023,96,Toulouse,TOU,1937,Stadium de Toulouse,Toulouse
3,UEFA Europa League,2023,116,Lens,LEN,1906,Stade Bollaert-Delelis,Lens
3,UEFA Europa League,2023,160,SC Freiburg,FRE,1904,Europa-Park Stadion,Freiburg im Breisgau
3,UEFA Europa League,2023,168,Bayer Leverkusen,BAY,1904,BayArena,Leverkusen
3,UEFA Europa League,2023,194,Ajax,AJA,1900,Johan Cruijff Arena,Amsterdam
3,UEFA Europa League,2023,209,Feyenoord,FEY,1908,Stadion Feijenoord,Rotterdam
3,UEFA Europa League,2023,211,Benfica,BEN,1904,Estádio do Sport Lisboa e Benfica (da Luz),Lisboa
3,UEFA Europa League,2023,217,SC Braga,BRA,1921,Estádio Municipal de Braga,Braga
3,UEFA Europa League,2023,228,Sporting CP,SPO,1906,Estádio José Alvalade,Lisboa
3,UEFA Europa League,2023,252,Aberdeen,ABE,1903,Pittodrie Stadium,Aberdeen
3,UEFA Europa League,2023,257,Rangers,RAN,1873,Ibrox Stadium,Glasgow
3,UEFA Europa League,2023,276,Breidablik,BRE,1950,Kópavogsvöllur,Kópavogur
3,UEFA Europa League,2023,329,Molde,MOL,1911,Aker Stadion,Molde
3,UEFA Europa League,2023,367,BK Hacken,HAC,1940,Bravida Arena,Göteborg
3,UEFA Europa League,2023,388,Bate Borisov,BAT,1973,Borisov Arena,Borisov
3,UEFA Europa League,2023,489,AC Milan,MIL,1899,Stadio Giuseppe Meazza,Milano
3,UEFA Europa League,2023,497,AS Roma,ROM,1927,Stadio Olimpico,Roma
3,UEFA Europa League,2023,499,Atalanta,ATA,1907,Gewiss Stadium,Bergamo
3,UEFA Europa League,2023,533,Villarreal,VIL,1923,Estadio de la Cerámica,Villarreal
3,UEFA Europa League,2023,543,Real Betis,BET,1907,Estadio La Cartuja de Sevilla,Sevilla
3,UEFA Europa League,2023,550,Shakhtar Donetsk,SHA,1936,Arena Lviv,Lviv
3,UEFA Europa League,2023,553,Olympiakos Piraeus,OLY,1925,Stadio Georgios Karaiskáki,Piraeus
3,UEFA Europa League,2023,556,Qarabag,KAR,1950,Tofiq Bəhramov adına Respublika stadionu,Baku
3,UEFA Europa League,2023,560,Slavia Praha,SLA,1892,Fortuna Arena,Praha
3,UEFA Europa League,2023,562,FC Astana,AST,2009,Sportivnyy Kompleks Kaznu,Almaty
3,UEFA Europa League,2023,565,BSC Young Boys,YOU,1898,Stadion Wankdorf,Bern
3,UEFA Europa League,2023,566,Ludogorets,LUD,1945,Huvepharma Arena,Razgrad
3,UEFA Europa League,2023,568,Sheriff Tiraspol,SHE,1997,Bolshaya Sportivnaya Arena,Tiraspol
3,UEFA Europa League,2023,575,AEK Athens FC,AEK,1924,OPAP Arena,Athens
3,UEFA Europa League,2023,586,FK Zalgiris Vilnius,ZAL,1947,S. Dariaus ir S. Girėno stadionas,Kaunas
3,UEFA Europa League,2023,588,Zrinjski,ZRI,1905,Stadion Bijeli Brijeg,Mostar
3,UEFA Europa League,2023,599,Zorya Luhansk,ZOR,1923,Stadion Dynamo im. Valeriy Lobanovskyi,Kyiv
3,UEFA Europa League,2023,606,FC Lugano,LUG,1908,Stadio di Cornaredo,Lugano
3,UEFA Europa League,2023,617,Panathinaikos,PAN,1908,Stadio Apóstolos Nikolaidis,Athína (Athens)
3,UEFA Europa League,2023,620,Dinamo Zagreb,ZAG,1911,Stadion Maksimir,Zagreb
3,UEFA Europa League,2023,628,Sparta Praha,SPA,1893,epet ARENA,Praha
3,UEFA Europa League,2023,637,Sturm Graz,STU,1909,Merkur Arena,Graz
3,UEFA Europa League,2023,645,Galatasaray,GAL,1905,RAMS Park,İstanbul
3,UEFA Europa League,2023,649,HJK Helsinki,HJK,1907,Bolt Arena,Helsinki
3,UEFA Europa League,2023,656,Slovan Bratislava,SLO,1919,Štadión Tehelné pole,Bratislava
3,UEFA Europa League,2023,677,Olimpija Ljubljana,LJU,1911,Stadion Stožice,Ljubljana
3,UEFA Europa League,2023,701,KI Klaksvik,,1905,Injector Arena,"Klaksvík, Borðoy"
3,UEFA Europa League,2023,742,Genk,GEN,1988,Cegeka Arena,Genk
3,UEFA Europa League,2023,1026,Lask Linz,LAS,1908,Raiffeisen Arena,Linz
3,UEFA Europa League,2023,1393,Union St. Gilloise,GIL,1897,Stade Joseph Mariën,Brussels
3,UEFA Europa League,2023,2184,Servette FC,SER,1890,Stade de Genève,Lancy
3,UEFA Europa League,2023,2646,TSC Backa Topola,,1913,TSC Arena,Bačka Topola
3,UEFA Europa League,2023,2656,Cukaricki,CUK,1926,Stadion na Banovom brdu,Beograd
3,UEFA Europa League,2023,3408,Aris,ARI,1930,Alphamega Stadium,Kolossi
3,UEFA Europa League,2023,3491,Raków Częstochowa,RAK,1921,Miejski Stadion Piłkarski Raków,Częstochowa
3,UEFA Europa League,2023,3623,Dnipro-1,,2017,Dnipro Arena,Dnipro
3,UEFA Europa League,2023,4195,Maccabi Haifa,MAC,1913,Sammy Ofer Stadium,Haifa
3,UEFA Europa League,2024,33,Manchester United,MUN,1878,Old Trafford,Manchester
3,UEFA Europa League,2024,47,Tottenham,TOT,1882,Tottenham Hotspur Stadium,London
3,UEFA Europa League,2024,80,Lyon,LYO,1950,Groupama Stadium,Décines-Charpieu
3,UEFA Europa League,2024,84,Nice,NIC,1904,Allianz Riviera,Nice
3,UEFA Europa League,2024,167,1899 Hoffenheim,HOF,1899,PreZero Arena,Sinsheim
3,UEFA Europa League,2024,169,Eintracht Frankfurt,EIN,1899,Deutsche Bank Park,Frankfurt am Main
3,UEFA Europa League,2024,194,Ajax,AJA,1900,Johan Cruijff Arena,Amsterdam
3,UEFA Europa League,2024,201,AZ Alkmaar,ALK,1967,AFAS Stadion,Alkmaar
3,UEFA Europa League,2024,212,FC Porto,POR,1893,Estádio Do Dragão,Porto
3,UEFA Europa League,2024,217,SC Braga,BRA,1921,Estádio Municipal de Braga,Braga
3,UEFA Europa League,2024,250,Kilmarnock,KIL,1869,The BBSP Stadium Rugby Park,Kilmarnock
3,UEFA Europa League,2024,254,Heart Of Midlothian,HEA,1874,Tynecastle Park,Edinburgh
3,UEFA Europa League,2024,257,Rangers,RAN,1873,Ibrox Stadium,Glasgow
3,UEFA Europa League,2024,327,Bodo/Glimt,BOD,1916,Aspmyra Stadion,Bodø
3,UEFA Europa League,2024,329,Molde,MOL,1911,Aker Stadion,Molde
3,UEFA Europa League,2024,336,Jagiellonia,JAG,1927,Stadion Miejski,Białystok
3,UEFA Europa League,2024,338,Wisla Krakow,WIS,1906,Stadion Miejski im. Henryka Reymana,Kraków
3,UEFA Europa League,2024,354,The New Saints,TNS,1959,Park Hall Stadium,"Oswestry / Croesoswallt, Shropshire"
3,UEFA Europa League,2024,372,IF Elfsborg,ELF,1904,Borås Arena,Borås
3,UEFA Europa League,2024,375,Malmo FF,MAL,1910,Eleda Stadion,Malmö
3,UEFA Europa League,2024,394,Dinamo Minsk,MIN,1927,Stadyen Dynama,Minsk
3,UEFA Europa League,2024,397,FC Midtjylland,MID,1999,MCH Arena,Herning
3,UEFA Europa League,2024,415,Twente,TWE,1965,De Grolsch Veste,Enschede
3,UEFA Europa League,2024,487,Lazio,LAZ,1900,Stadio Olimpico,Roma
3,UEFA Europa League,2024,497,AS Roma,ROM,1927,Stadio Olimpico,Roma
3,UEFA Europa League,2024,531,Athletic Club,BIL,1898,San Mamés Barria,Bilbao
3,UEFA Europa League,2024,548,Real Sociedad,RSO,1909,Reale Arena,Donostia-San Sebastián
3,UEFA Europa League,2024,549,Beşiktaş,BES,1903,Tüpraş Stadyumu,İstanbul
3,UEFA Europa League,2024,552,Maribor,MAR,1960,Ljudski vrt,Maribor
3,UEFA Europa League,2024,553,Olympiakos Piraeus,OLY,1925,Stadio Georgios Karaiskáki,Piraeus
3,UEFA Europa League,2024,554,Anderlecht,AND,1908,Lotto Park,Bruxelles (Brussel)
3,UEFA Europa League,2024,556,Qarabag,KAR,1950,Tofiq Bəhramov adına Respublika stadionu,Baku
3,UEFA Europa League,2024,559,FCSB,STE,1947,Arena Naţională,Bucureşti
3,UEFA Europa League,2024,560,Slavia Praha,SLA,1892,Fortuna Arena,Praha
3,UEFA Europa League,2024,561,HNK Rijeka,RIJ,1946,Stadion HNK Rijeka,Rijeka
3,UEFA Europa League,2024,566,Ludogorets,LUD,1945,Huvepharma Arena,Razgrad
3,UEFA Europa League,2024,567,Plzen,PLZ,1911,Doosan Aréna,Plzeň
3,UEFA Europa League,2024,568,Sheriff Tiraspol,SHE,1997,Bolshaya Sportivnaya Arena,Tiraspol
3,UEFA Europa League,2024,572,Dynamo Kyiv,DIN,1927,Stadion Dynamo im. Valeriy Lobanovskyi,Kyiv
3,UEFA Europa League,2024,573,FK Partizan,PAR,1945,Stadion Partizana,Beograd
3,UEFA Europa League,2024,604,Maccabi Tel Aviv,MAC,1906,Bloomfield Stadium,Tel-Aviv-Yāfā (Tel-Aviv)
3,UEFA Europa League,2024,606,FC Lugano,LUG,1908,Stadio di Cornaredo,Lugano
3,UEFA Europa League,2024,611,Fenerbahçe,FEN,1907,Chobani Stadyumu Fenerbahçe Şükrü Saracoğlu Spor Kompleksi,İstanbul
3,UEFA Europa League,2024,617,Panathinaikos,PAN,1908,Stadio Apóstolos Nikolaidis,Athína (Athens)
3,UEFA Europa League,2024,619,PAOK,PAO,1926,Stadio Toumbas,Thessaloníki
3,UEFA Europa League,2024,634,Botev Plovdiv,BOT,,Stadion Hristo Botev,Plovdiv
3,UEFA Europa League,2024,645,Galatasaray,GAL,1905,RAMS Park,İstanbul
3,UEFA Europa League,2024,648,Zira,,,Zirə qəsəbə stadionu,Zirya
3,UEFA Europa League,2024,651,Ferencvarosi TC,FER,1899,Groupama Aréna,Budapest
3,UEFA Europa League,2024,652,Shamrock Rovers,SHA,1899,Tallaght Stadium,Dublin
3,UEFA Europa League,2024,667,Lincoln Red Imps FC,LIN,0,Europa Point Stadium,Gibraltar
3,UEFA Europa League,2024,701,KI Klaksvik,,1905,Injector Arena,"Klaksvík, Borðoy"
3,UEFA Europa League,2024,702,Vojvodina,VOJ,1914,Stadion Karađorđe,Novi Sad
3,UEFA Europa League,2024,703,UE Santa Coloma,,1995,Centre d'Entrenament de la FAF 1,Santa Coloma
3,UEFA Europa League,2024,741,Cercle Brugge,CER,1899,Jan Breydelstadion,Brugge
3,UEFA Europa League,2024,781,Rapid Vienna,RAP,1899,Allianz Stadion,Wien
3,UEFA Europa League,2024,998,Trabzonspor,TRA,1967,Papara Park,Trabzon
3,UEFA Europa League,2024,1026,Lask Linz,LAS,1908,Raiffeisen Arena,Linz
3,UEFA Europa League,2024,1393,Union St. Gilloise,GIL,1897,Stade Joseph Mariën,Brussels
3,UEFA Europa League,2024,2073,Silkeborg,SIL,1917,JYSK park,Silkeborg
3,UEFA Europa League,2024,2184,Servette FC,SER,1890,Stade de Genève,Lancy
3,UEFA Europa League,2024,2247,Apoel Nicosia,APO,1926,Neo GSP,Levkosía
3,UEFA Europa League,2024,2259,FK Tobol Kostanay,TOB,1967,Ortalyq stadıon,Kostanay
3,UEFA Europa League,2024,2271,Petrocub,,,Stadionul Orăşenesc,Hînceşti
3,UEFA Europa League,2024,2390,Paks,PAK,1952,Paksi FC Stadion,Paks
3,UEFA Europa League,2024,2646,TSC Backa Topola,,1913,TSC Arena,Bačka Topola
3,UEFA Europa League,2024,3364,Borac Banja Luka,BOR,1926,Gradski Stadion,Banja Luka
3,UEFA Europa League,2024,3403,Pafos,PAP,2014,Stadio Stelios Kyriakides,Paphos
3,UEFA Europa League,2024,3549,Ružomberok,RUZ,1906,Futbalový štadión MFK Ružomberok,Ružomberok
3,UEFA Europa League,2024,3874,Panevėžys,,2015,Žemynos progimnazijos stadionas,Panevėžys
3,UEFA Europa League,2024,4160,Rīgas FS,,2005,LNK Sporta Parks (dabīgais),Rīga (Riga)
3,UEFA Europa League,2024,4360,Celje,CEL,1919,Stadion Z'dežele,Celje
3,UEFA Europa League,2024,4495,Maccabi Petah Tikva,MAC,1912,HaMoshava Stadium,Petach-Tikva
3,UEFA Europa League,2024,6489,Kryvbas KR,,2001,Stadion Hirnyk,Kryvyi Rih
3,UEFA Europa League,2024,14395,Llapi,,1932,Stadiumi Zahir Pajaziti,"Besiana, Podujevo"
3,UEFA Europa League,2024,20034,Corvinul Hunedoara,,1921,Stadionul Michael Klein,Hunedoara
4,UEFA European Championship,2024,1,Belgium,BEL,1895,King Baudouin Stadium,Brussels
4,UEFA European Championship,2024,2,France,FRA,1919,Groupama Stadium,Saint-Denis
4,UEFA European Championship,2024,3,Croatia,CRO,1912,Stadion Maksimir,Zagreb
4,UEFA European Championship,2024,9,Spain,ESP,1913,Bernabéu,Madrid
4,UEFA European Championship,2024,10,England,ENG,1863,Wembley Stadium,London
4,UEFA European Championship,2024,14,Serbia,SER,1919,Stadion Rajko Mitić,Beograd
4,UEFA European Championship,2024,15,Switzerland,SUI,1895,St. Jakob-Park,Basel
4,UEFA European Championship,2024,21,Denmark,DEN,1889,Nature Energy Park,Odense
4,UEFA European Championship,2024,24,Poland,POL,1919,Stadion Śląski,Chorzów
4,UEFA European Championship,2024,25,Germany,GER,1900,Signal Iduna Park,Dortmund
4,UEFA European Championship,2024,27,Portugal,POR,1914,Estádio da Luz,Lisbon
4,UEFA European Championship,2024,768,Italy,ITA,1898,Stadio Olimpico,Roma
4,UEFA European Championship,2024,769,Hungary,HUN,,Puskás Aréna,Budapest
4,UEFA European Championship,2024,770,Czechia,CZE,1901,Fortuna Arena,Prague
4,UEFA European Championship,2024,772,Ukraine,UKR,1991,Estadio Enrique Roca de Murcia,Murcia
4,UEFA European Championship,2024,773,Slovakia,SLO,1993,Košická futbalová aréna,Košice
4,UEFA European Championship,2024,774,Romania,ROM,1909,TBC (Romania),TBC
4,UEFA European Championship,2024,775,Austria,AUT,1904,Ernst-Happel-Stadion,Vienna
4,UEFA European Championship,2024,777,Türkiye,TUR,1923,Atatürk Olympic Stadium,Istanbul
4,UEFA European Championship,2024,778,Albania,ALB,1930,Arena Kombëtare,Tiranë (Tirana)
4,UEFA European Championship,2024,1091,Slovenia,SLO,1920,Stadion Z'dežele,Celje
4,UEFA European Championship,2024,1104,Georgia,GEO,1990,Ramaz Shengelias Sakhelobis Stadioni,Kutaisi
4,UEFA European Championship,2024,1108,Scotland,SCO,1873,Hampden Park,Glasgow
4,UEFA European Championship,2024,1118,Netherlands,NED,1889,Johan Cruijff ArenA,Amsterdam
5,UEFA Nations League,2022,1,Belgium,BEL,1895,King Baudouin Stadium,Brussels
5,UEFA Nations League,2022,2,France,FRA,1919,Groupama Stadium,Saint-Denis
5,UEFA Nations League,2022,3,Croatia,CRO,1912,Stadion Maksimir,Zagreb
5,UEFA Nations League,2022,4,Russia,RUS,1912,Stadion Luzhniki,Moskva
5,UEFA Nations League,2022,5,Sweden,SWE,1904,Strawberry Arena,Solna
5,UEFA Nations League,2022,9,Spain,ESP,1913,Bernabéu,Madrid
5,UEFA Nations League,2022,10,England,ENG,1863,Wembley Stadium,London
5,UEFA Nations League,2022,14,Serbia,SER,1919,Stadion Rajko Mitić,Beograd
5,UEFA Nations League,2022,15,Switzerland,SUI,1895,St. Jakob-Park,Basel
5,UEFA Nations League,2022,18,Iceland,ICE,1947,Laugardalsvöllur,Murcia
5,UEFA Nations League,2022,21,Denmark,DEN,1889,Nature Energy Park,Odense
5,UEFA Nations League,2022,24,Poland,POL,1919,Stadion Śląski,Chorzów
5,UEFA Nations League,2022,25,Germany,GER,1900,Signal Iduna Park,Dortmund
5,UEFA Nations League,2022,27,Portugal,POR,1914,Estádio da Luz,Lisbon
5,UEFA Nations League,2022,767,Wales,WAL,1876,Swansea.com Stadium,Swansea
5,UEFA Nations League,2022,768,Italy,ITA,1898,Stadio Olimpico,Roma
5,UEFA Nations League,2022,769,Hungary,HUN,,Puskás Aréna,Budapest
5,UEFA Nations League,2022,770,Czechia,CZE,1901,Fortuna Arena,Prague
5,UEFA Nations League,2022,771,Northern Ireland,,1880,Windsor Park,Belfast
5,UEFA Nations League,2022,772,Ukraine,UKR,1991,Estadio Enrique Roca de Murcia,Murcia
5,UEFA Nations League,2022,773,Slovakia,SLO,1993,Košická futbalová aréna,Košice
5,UEFA Nations League,2022,774,Romania,ROM,1909,TBC (Romania),TBC
5,UEFA Nations League,2022,775,Austria,AUT,1904,Ernst-Happel-Stadion,Vienna
5,UEFA Nations League,2022,776,Rep. Of Ireland,IRE,1921,Aviva Stadium,Dublin
5,UEFA Nations League,2022,777,Türkiye,TUR,1923,Atatürk Olympic Stadium,Istanbul
5,UEFA Nations League,2022,778,Albania,ALB,1930,Arena Kombëtare,Tiranë (Tirana)
5,UEFA Nations League,2022,1090,Norway,NOR,1902,Ullevaal Stadion,Oslo
5,UEFA Nations League,2022,1091,Slovenia,SLO,1920,Stadion Z'dežele,Celje
5,UEFA Nations League,2022,1092,Latvia,LAT,1921,Stadions Skonto,Rīga (Riga)
5,UEFA Nations League,2022,1093,Gibraltar,,1895,Europa Point Stadium,Gibraltar
5,UEFA Nations League,2022,1094,Armenia,ARM,1992,Vazgen Sargsyan anvan Hanrapetakan Marzadasht,Yerevan
5,UEFA Nations League,2022,1095,Kazakhstan,KAZ,1914,TBC (Turkey),TBC
5,UEFA Nations League,2022,1096,Azerbaijan,,1992,Bank Respublika Arena,Masazyr (Masazir)
5,UEFA Nations League,2022,1097,Lithuania,LIT,1922,Marijampolės futbolo arenos stadionas,Marijampolė
5,UEFA Nations League,2022,1098,Faroe Islands,FAR,1979,Tórsvøllur,"Tórshavn, Streymoy"
5,UEFA Nations League,2022,1099,Finland,FIN,1907,Helsingin olympiastadion,Helsinki (Helsingfors)
5,UEFA Nations League,2022,1100,Belarus,,1989,Natsional'nyy Futbol'nyy Stadion,Minsk
5,UEFA Nations League,2022,1101,Estonia,EST,1921,A. Le Coq Arena,Tallinn
5,UEFA Nations League,2022,1102,Luxembourg,,1908,Stade de Luxembourg,Lëtzebuerg (Luxembourg)
5,UEFA Nations League,2022,1103,Bulgaria,BUL,1923,Stadion Hristo Botev,Plovdiv
5,UEFA Nations League,2022,1104,Georgia,GEO,1990,Ramaz Shengelias Sakhelobis Stadioni,Kutaisi
5,UEFA Nations League,2022,1105,FYR Macedonia,MAC,1948,Telekom Arena,Skopje
5,UEFA Nations League,2022,1106,Cyprus,,1934,TBC (Cyprus),TBC
5,UEFA Nations League,2022,1107,Liechtenstein,,1934,Rheinpark Stadion,Vaduz
5,UEFA Nations League,2022,1108,Scotland,SCO,1873,Hampden Park,Glasgow
5,UEFA Nations League,2022,1109,Montenegro,MON,1931,TBC (Montenegro),TBC
5,UEFA Nations League,2022,1110,Andorra,AND,1994,Estadi Nacional,Andorra la Vella
5,UEFA Nations League,2022,1111,Kosovo,SOV,1946,Stadiumi Fadil Vokrri,Prishtinë (Pristina)
5,UEFA Nations League,2022,1112,Malta,MAL,1900,Ta'Qali National Stadium,Ta&apos;Qali
5,UEFA Nations League,2022,1113,Bosnia & Herzegovina,BIH,1992,Bilino Polje,Zenica
5,UEFA Nations League,2022,1114,Moldova,MOL,1990,Stadionul Zimbru,Chişinău
5,UEFA Nations League,2022,1115,San Marino,,1931,Stadio Olimpico di Serravalle,Serravalle
5,UEFA Nations League,2022,1116,Israel,,1928,Bozsik Aréna,Budapest
5,UEFA Nations League,2022,1117,Greece,GRE,1926,Pankritio Stadio,Iraklio (Heraklion)
5,UEFA Nations League,2022,1118,Netherlands,NED,1889,Johan Cruijff ArenA,Amsterdam
5,UEFA Nations League,2024,1,Belgium,BEL,1895,King Baudouin Stadium,Brussels
5,UEFA Nations League,2024,2,France,FRA,1919,Groupama Stadium,Saint-Denis
5,UEFA Nations League,2024,3,Croatia,CRO,1912,Stadion Maksimir,Zagreb
5,UEFA Nations League,2024,5,Sweden,SWE,1904,Strawberry Arena,Solna
5,UEFA Nations League,2024,9,Spain,ESP,1913,Bernabéu,Madrid
5,UEFA Nations League,2024,10,England,ENG,1863,Wembley Stadium,London
5,UEFA Nations League,2024,14,Serbia,SER,1919,Stadion Rajko Mitić,Beograd
5,UEFA Nations League,2024,15,Switzerland,SUI,1895,St. Jakob-Park,Basel
5,UEFA Nations League,2024,18,Iceland,ICE,1947,Laugardalsvöllur,Murcia
5,UEFA Nations League,2024,21,Denmark,DEN,1889,Nature Energy Park,Odense
5,UEFA Nations League,2024,24,Poland,POL,1919,Stadion Śląski,Chorzów
5,UEFA Nations League,2024,25,Germany,GER,1900,Signal Iduna Park,Dortmund
5,UEFA Nations League,2024,27,Portugal,POR,1914,Estádio da Luz,Lisbon
5,UEFA Nations League,2024,767,Wales,WAL,1876,Swansea.com Stadium,Swansea
5,UEFA Nations League,2024,768,Italy,ITA,1898,Stadio Olimpico,Roma
5,UEFA Nations League,2024,769,Hungary,HUN,,Puskás Aréna,Budapest
5,UEFA Nations League,2024,770,Czechia,CZE,1901,Fortuna Arena,Prague
5,UEFA Nations League,2024,771,Northern Ireland,,1880,Windsor Park,Belfast
5,UEFA Nations League,2024,772,Ukraine,UKR,1991,Estadio Enrique Roca de Murcia,Murcia
5,UEFA Nations League,2024,773,Slovakia,SLO,1993,Košická futbalová aréna,Košice
5,UEFA Nations League,2024,774,Romania,ROM,1909,TBC (Romania),TBC
5,UEFA Nations League,2024,775,Austria,AUT,1904,Ernst-Happel-Stadion,Vienna
5,UEFA Nations League,2024,776,Rep. Of Ireland,IRE,1921,Aviva Stadium,Dublin
5,UEFA Nations League,2024,777,Türkiye,TUR,1923,Atatürk Olympic Stadium,Istanbul
5,UEFA Nations League,2024,778,Albania,ALB,1930,Arena Kombëtare,Tiranë (Tirana)
5,UEFA Nations League,2024,1090,Norway,NOR,1902,Ullevaal Stadion,Oslo
5,UEFA Nations League,2024,1091,Slovenia,SLO,1920,Stadion Z'dežele,Celje
5,UEFA Nations League,2024,1092,Latvia,LAT,1921,Stadions Skonto,Rīga (Riga)
5,UEFA Nations League,2024,1093,Gibraltar,,1895,Europa Point Stadium,Gibraltar
5,UEFA Nations League,2024,1094,Armenia,ARM,1992,Vazgen Sargsyan anvan Hanrapetakan Marzadasht,Yerevan
5,UEFA Nations League,2024,1095,Kazakhstan,KAZ,1914,TBC (Turkey),TBC
5,UEFA Nations League,2024,1096,Azerbaijan,,1992,Bank Respublika Arena,Masazyr (Masazir)
5,UEFA Nations League,2024,1097,Lithuania,LIT,1922,Marijampolės futbolo arenos stadionas,Marijampolė
5,UEFA Nations League,2024,1098,Faroe Islands,FAR,1979,Tórsvøllur,"Tórshavn, Streymoy"
5,UEFA Nations League,2024,1099,Finland,FIN,1907,Helsingin olympiastadion,Helsinki (Helsingfors)
5,UEFA Nations League,2024,1100,Belarus,,1989,Natsional'nyy Futbol'nyy Stadion,Minsk
5,UEFA Nations League,2024,1101,Estonia,EST,1921,A. Le Coq Arena,Tallinn
5,UEFA Nations League,2024,1102,Luxembourg,,1908,Stade de Luxembourg,Lëtzebuerg (Luxembourg)
5,UEFA Nations League,2024,1103,Bulgaria,BUL,1923,Stadion Hristo Botev,Plovdiv
5,UEFA Nations League,2024,1104,Georgia,GEO,1990,Ramaz Shengelias Sakhelobis Stadioni,Kutaisi
5,UEFA Nations League,2024,1105,FYR Macedonia,MAC,1948,Telekom Arena,Skopje
5,UEFA Nations League,2024,1106,Cyprus,,1934,TBC (Cyprus),TBC
5,UEFA Nations League,2024,1107,Liechtenstein,,1934,Rheinpark Stadion,Vaduz
5,UEFA Nations League,2024,1108,Scotland,SCO,1873,Hampden Park,Glasgow
5,UEFA Nations League,2024,1109,Montenegro,MON,1931,TBC (Montenegro),TBC
5,UEFA Nations League,2024,1110,Andorra,AND,1994,Estadi Nacional,Andorra la Vella
5,UEFA Nations League,2024,1111,Kosovo,SOV,1946,Stadiumi Fadil Vokrri,Prishtinë (Pristina)
5,UEFA Nations League,2024,1112,Malta,MAL,1900,Ta'Qali National Stadium,Ta&apos;Qali
5,UEFA Nations League,2024,1113,Bosnia & Herzegovina,BIH,1992,Bilino Polje,Zenica
5,UEFA Nations League,2024,1114,Moldova,MOL,1990,Stadionul Zimbru,Chişinău
5,UEFA Nations League,2024,1115,San Marino,,1931,Stadio Olimpico di Serravalle,Serravalle
5,UEFA Nations League,2024,1116,Israel,,1928,Bozsik Aréna,Budapest
5,UEFA Nations League,2024,1117,Greece,GRE,1926,Pankritio Stadio,Iraklio (Heraklion)
5,UEFA Nations League,2024,1118,Netherlands,NED,1889,Johan Cruijff ArenA,Amsterdam
15,FIFA Club World Cup,2022,127,Flamengo,FLA,1895,Estadio Jornalista Mário Filho (Maracanã),"Rio de Janeiro, Rio de Janeiro"
15,FIFA Club World Cup,2022,541,Real Madrid,REA,1902,Estadio Santiago Bernabéu,Madrid
15,FIFA Club World Cup,2022,968,Wydad AC,WYD,1937,Stade Mohamed V,Casablanca
15,FIFA Club World Cup,2022,1577,Al Ahly,AHL,1907,WE Al-Ahly Stadium,Cairo
15,FIFA Club World Cup,2022,1595,Seattle Sounders,SEA,2007,Lumen Field,"Seattle, Washington"
15,FIFA Club World Cup,2022,2537,Auckland City,AUC,2004,Kiwitea Street,Auckland
15,FIFA Club World Cup,2022,2932,Al-Hilal Saudi FC,HIL,1957,Kingdom Arena,Riyadh
15,FIFA Club World Cup,2023,50,Manchester City,MCI,1880,Etihad Stadium,Manchester
15,FIFA Club World Cup,2023,124,Fluminense,FLU,1902,Estadio Jornalista Mário Filho (Maracanã),"Rio de Janeiro, Rio de Janeiro"
15,FIFA Club World Cup,2023,287,Urawa,URA,1950,Saitama Stadium 2002,Saitama
15,FIFA Club World Cup,2023,1577,Al Ahly,AHL,1907,WE Al-Ahly Stadium,Cairo
15,FIFA Club World Cup,2023,2289,Leon,CLU,1944,Estadio León (Nou Camp),León de los Aldamas
15,FIFA Club World Cup,2023,2537,Auckland City,AUC,2004,Kiwitea Street,Auckland
15,FIFA Club World Cup,2023,2938,Al-Ittihad FC,ITT,1927,King Abdullah Sports City,Jeddah
531,UEFA Super Cup,2022,169,Eintracht Frankfurt,EIN,1899,Deutsche Bank Park,Frankfurt am Main
531,UEFA Super Cup,2022,541,Real Madrid,REA,1902,Estadio Santiago Bernabéu,Madrid
531,UEFA Super Cup,2023,50,Manchester City,MCI,1880,Etihad Stadium,Manchester
531,UEFA Super Cup,2023,536,Sevilla,SEV,1890,Estadio Ramón Sánchez Pizjuán,Sevilla
531,UEFA Super Cup,2024,499,Atalanta,ATA,1907,Gewiss Stadium,Bergamo
531,UEFA Super Cup,2024,541,Real Madrid,REA,1902,Estadio Santiago Bernabéu,Madrid
848,UEFA Europa Conference League,2022,48,West Ham,WES,1895,London Stadium,London
848,UEFA Europa Conference League,2022,84,Nice,NIC,1904,Allianz Riviera,Nice
848,UEFA Europa Conference League,2022,192,1. FC Köln,KOL,1948,RheinEnergieSTADION,Köln
848,UEFA Europa Conference League,2022,201,AZ Alkmaar,ALK,1967,AFAS Stadion,Alkmaar
848,UEFA Europa Conference League,2022,217,SC Braga,BRA,1921,Estádio Municipal de Braga,Braga
848,UEFA Europa Conference League,2022,224,Guimaraes,GUI,1922,Estádio Dom Afonso Henriques,Guimarães
848,UEFA Europa Conference League,2022,254,Heart Of Midlothian,HEA,1874,Tynecastle Park,Edinburgh
848,UEFA Europa Conference League,2022,256,Motherwell,MOT,1886,Fir Park,Motherwell
848,UEFA Europa Conference League,2022,271,KR Reykjavik,REY,1899,KR-völlur,Reykjavík
848,UEFA Europa Conference League,2022,276,Breidablik,BRE,1950,Kópavogsvöllur,Kópavogur
848,UEFA Europa Conference League,2022,278,Vikingur Reykjavik,VIK,1908,Víkingsvöllur,Reykjavík
848,UEFA Europa Conference League,2022,321,Lillestrom,LIL,1917,Åråsen Stadion,Kjeller
848,UEFA Europa Conference League,2022,327,Bodo/Glimt,BOD,1916,Aspmyra Stadion,Bodø
848,UEFA Europa Conference League,2022,329,Molde,MOL,1911,Aker Stadion,Molde
848,UEFA Europa Conference League,2022,343,Lechia Gdansk,LEC,1945,Polsat Plus Arena Gdańsk,Gdańsk
848,UEFA Europa Conference League,2022,347,Lech Poznan,LEC,1922,Enea Stadion,Poznań
848,UEFA Europa Conference League,2022,348,Pogon Szczecin,POG,1948,Stadion Miejski im. Floriana Krygiera,Szczecin
848,UEFA Europa Conference League,2022,352,Bala Town,BAL,1880,Maes Tegid,"Bala, Gwynedd"
848,UEFA Europa Conference League,2022,354,The New Saints,TNS,1959,Park Hall Stadium,"Oswestry / Croesoswallt, Shropshire"
848,UEFA Europa Conference League,2022,358,Newtown AFC,NEW,1875,G.F. Grigg Latham Park,"Ydrenewydd / Newtown, Powys"
848,UEFA Europa Conference League,2022,364,Djurgardens IF,DJU,1891,Tele2 Arena,Stockholm
848,UEFA Europa Conference League,2022,372,IF Elfsborg,ELF,1904,Borås Arena,Borås
848,UEFA Europa Conference League,2022,377,AIK Stockholm,AIK,1891,Friends Arena,Solna
848,UEFA Europa Conference League,2022,388,Bate Borisov,BAT,1973,Borisov Arena,Borisov
848,UEFA Europa Conference League,2022,389,FC Gomel,GOM,1959,Stadyen Central'ny,Gomel
848,UEFA Europa Conference League,2022,392,Shakhter Soligorsk,SOL,1963,Stadyen Budaŭnik (Stroitel'),Soligorsk
848,UEFA Europa Conference League,2022,394,Dinamo Minsk,MIN,1927,Stadyen Dynama,Minsk
848,UEFA Europa Conference League,2022,407,Brondby,BRO,1964,Brøndby Stadion,Brøndby
848,UEFA Europa Conference League,2022,415,Twente,TWE,1965,De Grolsch Veste,Enschede
848,UEFA Europa Conference League,2022,487,Lazio,LAZ,1900,Stadio Olimpico,Roma
848,UEFA Europa Conference League,2022,502,Fiorentina,FIO,1926,Stadio Artemio Franchi,Firenze
848,UEFA Europa Conference League,2022,533,Villarreal,VIL,1923,Estadio de la Cerámica,Villarreal
848,UEFA Europa Conference League,2022,551,FC Basel 1893,BAS,1893,St. Jakob-Park,Basel
848,UEFA Europa Conference League,2022,552,Maribor,MAR,1960,Ljudski vrt,Maribor
848,UEFA Europa Conference League,2022,554,Anderlecht,AND,1908,Lotto Park,Bruxelles (Brussel)
848,UEFA Europa Conference League,2022,556,Qarabag,KAR,1950,Tofiq Bəhramov adına Respublika stadionu,Baku
848,UEFA Europa Conference League,2022,559,FCSB,STE,1947,Arena Naţională,Bucureşti
848,UEFA Europa Conference League,2022,560,Slavia Praha,SLA,1892,Fortuna Arena,Praha
848,UEFA Europa Conference League,2022,561,HNK Rijeka,RIJ,1946,Stadion HNK Rijeka,Rijeka
848,UEFA Europa Conference League,2022,562,FC Astana,AST,2009,Sportivnyy Kompleks Kaznu,Almaty
848,UEFA Europa Conference League,2022,563,Hapoel Beer Sheva,HAP,1949,Yaakov Turner Toto Stadium,Be&apos;er Sheva
848,UEFA Europa Conference League,2022,564,Başakşehir,IST,1990,Başakşehir Fatih Terim Stadyumu,İstanbul
848,UEFA Europa Conference League,2022,565,BSC Young Boys,YOU,1898,Stadion Wankdorf,Bern
848,UEFA Europa Conference League,2022,566,Ludogorets,LUD,1945,Huvepharma Arena,Razgrad
848,UEFA Europa Conference League,2022,568,Sheriff Tiraspol,SHE,1997,Bolshaya Sportivnaya Arena,Tiraspol
848,UEFA Europa Conference League,2022,573,FK Partizan,PAR,1945,Stadion Partizana,Beograd
848,UEFA Europa Conference League,2022,578,F91 Dudelange,,1991,Stade Jos Nosbaum,Dudelange
848,UEFA Europa Conference League,2022,579,Buducnost Podgorica,BUD,1925,Stadion Pod Goricom,Podgorica
848,UEFA Europa Conference League,2022,580,Vikingur Gota,,2008,Sarpugerði,"Norðragøta, Eysturoy"
848,UEFA Europa Conference League,2022,582,Alashkert,ALA,1990,Stadion Nairi,Yerevan
848,UEFA Europa Conference League,2022,583,Linfield,LIN,1886,Windsor Park,Belfast
848,UEFA Europa Conference League,2022,586,FK Zalgiris Vilnius,ZAL,1947,S. Dariaus ir S. Girėno stadionas,Kaunas
848,UEFA Europa Conference League,2022,588,Zrinjski,ZRI,1905,Stadion Bijeli Brijeg,Mostar
848,UEFA Europa Conference League,2022,599,Zorya Luhansk,ZOR,1923,Stadion Dynamo im. Valeriy Lobanovskyi,Kyiv
848,UEFA Europa Conference League,2022,601,Austria Vienna,AUT,1911,Generali Arena,Wien
848,UEFA Europa Conference League,2022,602,Apollon Limassol,APO,1954,Alphamega Stadium,Kolossi
848,UEFA Europa Conference League,2022,604,Maccabi Tel Aviv,MAC,1906,Bloomfield Stadium,Tel-Aviv-Yāfā (Tel-Aviv)
848,UEFA Europa Conference League,2022,606,FC Lugano,LUG,1908,Stadio di Cornaredo,Lugano
848,UEFA Europa Conference League,2022,607,Konyaspor,KON,1922,Medaş Konya Büyükşehir Stadyumu,Konya
848,UEFA Europa Conference League,2022,608,HNK Hajduk Split,HAJ,1911,Stadion Poljud,Split
848,UEFA Europa Conference League,2022,609,Shkendija,SKE,1979,Ecolog Arena,Tetovo
848,UEFA Europa Conference League,2022,610,Fehérvár FC,VID,1941,MOL Aréna Sóstó,Székesfehérvár
848,UEFA Europa Conference League,2022,612,Suduva Marijampole,SUD,1930,Marijampolės futbolo arenos maniežas,Marijampolė
848,UEFA Europa Conference League,2022,614,AEK Larnaca,LAR,1994,AEK Arena - George Karapatakis,Lárnaka (Larnaca)
848,UEFA Europa Conference League,2022,616,NK Osijek,OSI,1947,Opus Arena,Osijek
848,UEFA Europa Conference League,2022,617,Panathinaikos,PAN,1908,Stadio Apóstolos Nikolaidis,Athína (Athens)
848,UEFA Europa Conference League,2022,619,PAOK,PAO,1926,Stadio Toumbas,Thessaloníki
848,UEFA Europa Conference League,2022,626,Fola Esch,,1906,Stade Émile Mayrisch,Esch-sur-Alzette
848,UEFA Europa Conference League,2022,627,Qabala,GAB,2005,Şəhər stadionu,Qəbələ
848,UEFA Europa Conference League,2022,628,Sparta Praha,SPA,1893,epet ARENA,Praha
848,UEFA Europa Conference League,2022,631,Gent,GEN,1900,Planet Group Arena,Gent
848,UEFA Europa Conference League,2022,632,Universitatea Craiova,UNI,2013,Complex Sportiv Craiova,Craiova
848,UEFA Europa Conference League,2022,634,Botev Plovdiv,BOT,,Stadion Hristo Botev,Plovdiv
848,UEFA Europa Conference League,2022,646,Levski Sofia,LEV,1914,Stadion Georgi Asparuhov,Sofia
848,UEFA Europa Conference League,2022,648,Zira,,,Zirə qəsəbə stadionu,Zirya
848,UEFA Europa Conference League,2022,652,Shamrock Rovers,SHA,1899,Tallaght Stadium,Dublin
848,UEFA Europa Conference League,2022,656,Slovan Bratislava,SLO,1919,Štadión Tehelné pole,Bratislava
848,UEFA Europa Conference League,2022,660,FC Vaduz,VAD,1932,Rheinpark Stadion,Vaduz
848,UEFA Europa Conference League,2022,661,FK Liepaja,,2014,Stadions Daugava,Liepāja
848,UEFA Europa Conference League,2022,664,Kairat Almaty,KAI,1952,Ortalyq stadıon,Almaty
848,UEFA Europa Conference League,2022,667,Lincoln Red Imps FC,LIN,0,Europa Point Stadium,Gibraltar
848,UEFA Europa Conference League,2022,670,Derry City,DER,1928,The Ryan McBride Brandywell Stadium,Derry (Londonderry)
848,UEFA Europa Conference League,2022,673,Sutjeska,SUT,1927,Stadion Kraj Bistrice,Nikšić
848,UEFA Europa Conference League,2022,677,Olimpija Ljubljana,LJU,1911,Stadion Stožice,Ljubljana
848,UEFA Europa Conference League,2022,678,B36 Torshavn,,1936,Gundadalur,"Tórshavn, Streymoy"
848,UEFA Europa Conference League,2022,684,FC Differdange 03,,2003,Stade Parc des Sports,Differdange
848,UEFA Europa Conference League,2022,687,Flora Tallinn,FLO,1990,A. Le Coq Arena,Tallinn
848,UEFA Europa Conference League,2022,689,SJK,SJK,,OmaSP Stadion,Seinäjoki
848,UEFA Europa Conference League,2022,691,Milsami Orhei,MIL,2005,Complexul Sportiv Raional,Orhei
848,UEFA Europa Conference League,2022,694,Tirana,TIR,1920,Stadiumi Selman Stërmasi,Tirana
848,UEFA Europa Conference League,2022,697,Crusaders FC,CRU,1898,Seaview,Belfast
848,UEFA Europa Conference League,2022,698,St Joseph S Fc,,,Victoria Stadium,Gibraltar
848,UEFA Europa Conference League,2022,700,Tre Penne,,1956,Stadio Fonte Dell'Ovo,Città di San Marino
848,UEFA Europa Conference League,2022,701,KI Klaksvik,,1905,Injector Arena,"Klaksvík, Borðoy"
848,UEFA Europa Conference League,2022,703,UE Santa Coloma,,1995,Centre d'Entrenament de la FAF 1,Santa Coloma
848,UEFA Europa Conference League,2022,705,Dinamo Batumi,DIN,1923,Chele Arena,Kobuleti
848,UEFA Europa Conference League,2022,708,Partizani,PAR,1946,Arena e Demave,Tirana
848,UEFA Europa Conference League,2022,709,Pyunik Yerevan,PYU,1992,Vazgen Sargsyan anvan Hanrapetakan Marzadasht,Yerevan
848,UEFA Europa Conference League,2022,740,Antwerp,ANT,1880,Bosuilstadion,Deurne
848,UEFA Europa Conference League,2022,759,Viking,VIK,1899,Lyse Arena,Stavanger
848,UEFA Europa Conference League,2022,762,GIL Vicente,VIC,1924,Estádio Cidade de Barcelos,Barcelos
848,UEFA Europa Conference League,2022,781,Rapid Vienna,RAP,1899,Allianz Stadion,Wien
848,UEFA Europa Conference League,2022,853,CSKA Sofia,CSK,1948,Stadion Bâlgarska Armija,Sofia
848,UEFA Europa Conference League,2022,998,Trabzonspor,TRA,1967,Papara Park,Trabzon
848,UEFA Europa Conference League,2022,1002,Sivasspor,SIV,1967,BG Group 4 Eylül Stadyumu,Sivas
848,UEFA Europa Conference League,2022,1025,Wolfsberger AC,WOL,1931,Lavanttal Arena,Wolfsberg
848,UEFA Europa Conference League,2022,1120,Spartak Trnava,TRN,1923,CITY ARENA – Štadión Antona Malatinského,Trnava
848,UEFA Europa Conference League,2022,1121,Vorskla Poltava,VOR,1955,Stadion Vorskla im. Oleksiya Butovskoho,Poltava
848,UEFA Europa Conference League,2022,1123,Aris Thessalonikis,ARI,1914,Stadio Harilaou Kleánthis Vikelídis,Thessaloníki
848,UEFA Europa Conference League,2022,1164,Inter Turku,INT,1990,Veritas Stadion,Åbo
848,UEFA Europa Conference League,2022,1165,KuPS,KUP,1923,Väre Areena,Kuopio
848,UEFA Europa Conference League,2022,1386,Dundee Utd,DUN,1909,Tannadice Park,Dundee
848,UEFA Europa Conference League,2022,2030,Racing FC Union Luxembourg,,,Stade Achille Hammerel,Luxembourg
848,UEFA Europa Conference League,2022,2070,Viborg,VIB,1896,Energi Viborg Arena,Viborg
848,UEFA Europa Conference League,2022,2073,Silkeborg,SIL,1917,JYSK park,Silkeborg
848,UEFA Europa Conference League,2022,2246,CFR 1907 Cluj,CLU,1907,Stadionul Dr. Constantin Rădulescu,Cluj-Napoca
848,UEFA Europa Conference League,2022,2247,Apoel Nicosia,APO,1926,Neo GSP,Levkosía
848,UEFA Europa Conference League,2022,2249,La Fiorita,FIO,1967,Stadio Igor Crescentini,Montegiardino
848,UEFA Europa Conference League,2022,2254,Radnicki NIS,RAD,1923,Gradski Stadion Čair,Niš
848,UEFA Europa Conference League,2022,2256,Laci,LAC,1965,Stadiumi Laçi,Laç
848,UEFA Europa Conference League,2022,2257,Dunajska Streda,STR,1904,MOL Aréna,Dunajská Streda
848,UEFA Europa Conference League,2022,2259,FK Tobol Kostanay,TOB,1967,Ortalyq stadıon,Kostanay
848,UEFA Europa Conference League,2022,2260,Tre Fiori,,1949,Campo Sportivo di Fiorentino Federico Crescentini,Fiorentino
848,UEFA Europa Conference League,2022,2262,Dinamo Tbilisi,DIN,1925,Boris Paichadze Dinamo Arena,Tbilisi
848,UEFA Europa Conference League,2022,2264,Gzira United,GIZ,1947,MFA Centenary Stadium,Ta&apos;Qali
848,UEFA Europa Conference League,2022,2265,Shkupi 1927,SHK,2014,Stadion Čair,Skopje
848,UEFA Europa Conference League,2022,2266,Cliftonville FC,CLI,1879,Solitude,Belfast
848,UEFA Europa Conference League,2022,2270,Neftchi Baku,NEF,1937,Neftçi Arena,Baku
848,UEFA Europa Conference League,2022,2271,Petrocub,,,Stadionul Orăşenesc,Hînceşti
848,UEFA Europa Conference League,2022,2273,FC Levadia Tallinn,LEV,1998,A. Le Coq Arena,Tallinn
848,UEFA Europa Conference League,2022,2391,Puskas Academy,PUS,2007,Puskás Akadémia Pancho Aréna,Felcsút
848,UEFA Europa Conference League,2022,2394,Kisvarda FC,KIS,2003,Várkerti Stadion,Kisvárda
848,UEFA Europa Conference League,2022,2585,Sepsi OSK Sfantu Gheorghe,,,Arena Sepsi OSK,Sfântu Gheorghe
848,UEFA Europa Conference League,2022,2656,Cukaricki,CUK,1926,Stadion na Banovom brdu,Beograd
848,UEFA Europa Conference League,2022,3339,Vllaznia Shkodër,VLL,1919,Stadiumi Loro Boriçi,Shkodër
848,UEFA Europa Conference League,2022,3342,Inter Club d'Escaldes,,,Centre d'Entrenament de la FAF 1,Santa Coloma
848,UEFA Europa Conference League,2022,3345,Atlètic Club d'Escaldes,,,Camp de Futbol d'Aixovall,Sant Julià de Lòria
848,UEFA Europa Conference League,2022,3361,Tuzla City,,1955,Stadion Tušanj,Tuzla
848,UEFA Europa Conference League,2022,3364,Borac Banja Luka,BOR,1926,Gradski Stadion,Banja Luka
848,UEFA Europa Conference League,2022,3381,Velež,VEL,1922,Stadion Rođeni,Mostar
848,UEFA Europa Conference League,2022,3408,Aris,ARI,1930,Alphamega Stadium,Kolossi
848,UEFA Europa Conference League,2022,3491,Raków Częstochowa,RAK,1921,Miejski Stadion Piłkarski Raków,Częstochowa
848,UEFA Europa Conference League,2022,3499,Dila,DIL,,Stadioni Tengiz Burjanadze,Gori
848,UEFA Europa Conference League,2022,3502,Saburtalo,,1999,Mikheil Meskhis sakhelobis Stadioni,Tbilisi
848,UEFA Europa Conference League,2022,3528,Paide,PAI,1990,Paide linnastaadion,Paide
848,UEFA Europa Conference League,2022,3549,Ružomberok,RUZ,1906,Futbalový štadión MFK Ružomberok,Ružomberok
848,UEFA Europa Conference League,2022,3623,Dnipro-1,,2017,Dnipro Arena,Dnipro
848,UEFA Europa Conference League,2022,3682,Ararat,ARA,1935,Vazgen Sargsyan anvan Hanrapetakan Marzadasht,Yerevan
848,UEFA Europa Conference League,2022,3683,Ararat-Armenia,,2017,Yerevan Football Academy,Yerevan
848,UEFA Europa Conference League,2022,3719,Slovácko,SLO,1927,Městský fotbalový stadion Miroslava Valenty,Uherské Hradiště
848,UEFA Europa Conference League,2022,3738,Iskra,,1919,Stadion Braća Velašević,Danilovgrad
848,UEFA Europa Conference League,2022,3745,Dečić,DEC,1926,Stadion Tuško Polje,Tuzi
848,UEFA Europa Conference League,2022,3842,Sligo Rovers,SLI,1928,The Showgrounds,Sligo
848,UEFA Europa Conference League,2022,3843,St Patrick's Athl.,PAT,1929,Richmond Park,Dublin
848,UEFA Europa Conference League,2022,3872,Kauno Žalgiris,SPY,2005,S. Dariaus ir S. Girėno stadionas,Kaunas
848,UEFA Europa Conference League,2022,3874,Panevėžys,,2015,Žemynos progimnazijos stadionas,Panevėžys
848,UEFA Europa Conference League,2022,3884,Hibernians,HIB,1922,Tony Bezzina Stadium,Paola
848,UEFA Europa Conference League,2022,4133,HB Torshavn,,1904,Gundadalur,"Tórshavn, Streymoy"
848,UEFA Europa Conference League,2022,4153,Valmiera / BSS,VAL,,Vidzemes Olimpiskais centrs,Valmiera
848,UEFA Europa Conference League,2022,4160,Rīgas FS,,2005,LNK Sporta Parks (dabīgais),Rīga (Riga)
848,UEFA Europa Conference League,2022,4194,Akademija Pandev,,2010,Stadion Blagoj Istatov,Strumica
848,UEFA Europa Conference League,2022,4196,Makedonija GjP,MAK,1982,Stadion Gorče Petrov,Skopje
848,UEFA Europa Conference League,2022,4197,Mura,,2012,Mestni Štadion Fazanerija,Murska Sobota
848,UEFA Europa Conference League,2022,4374,Koper,KOP,1920,ŠRC Bonifika,Koper
848,UEFA Europa Conference League,2022,4505,Maccabi Netanya,MAC,1934,Netanya Stadium,Netanya
848,UEFA Europa Conference League,2022,4554,Kyzyl-Zhar,,1968,Stadion Karasay,Petropavlosvk
848,UEFA Europa Conference League,2022,4625,Floriana,FLO,1894,Independence Ground,Floriana
848,UEFA Europa Conference League,2022,4626,Hamrun Spartans,HAM,1907,Victor Tedesco Stadium,Ħamrun (Hamrun)
848,UEFA Europa Conference League,2022,4632,Sfîntul Gheorghe,SFI,2003,Stadionul Sătesc,Suruceni
848,UEFA Europa Conference League,2022,5354,Larne,LAR,1889,Inver Park,Larne
848,UEFA Europa Conference League,2022,10124,Riga,,2015,Stadions Skonto,Riga
848,UEFA Europa Conference League,2022,10125,Europa,,,Victoria Stadium,Gibraltar
848,UEFA Europa Conference League,2022,12733,Ballkani,,,Stadiumi i qytetit Suharekë,Suva Reka
848,UEFA Europa Conference League,2022,12772,Gjilani,,1995,Stadiumi me bar sintetik Gjilan,Gnjilane
848,UEFA Europa Conference League,2022,14281,Drita,,1947,Stadiumi me bar sintetik Gjilan,Gjilan (Gnjilane)
848,UEFA Europa Conference League,2022,14395,Llapi,,1932,Stadiumi Zahir Pajaziti,"Besiana, Podujevo"
848,UEFA Europa Conference League,2022,16135,Magpies,,,Victoria Stadium,Gibraltar
848,UEFA Europa Conference League,2023,66,Aston Villa,AST,1874,Villa Park,Birmingham
848,UEFA Europa Conference League,2023,79,Lille,LIL,1944,Decathlon Arena - Stade Pierre-Mauroy,Villeneuve d&apos;Ascq
848,UEFA Europa Conference League,2023,169,Eintracht Frankfurt,EIN,1899,Deutsche Bank Park,Frankfurt am Main
848,UEFA Europa Conference League,2023,194,Ajax,AJA,1900,Johan Cruijff Arena,Amsterdam
848,UEFA Europa Conference League,2023,201,AZ Alkmaar,ALK,1967,AFAS Stadion,Alkmaar
848,UEFA Europa Conference League,2023,224,Guimaraes,GUI,1922,Estádio Dom Afonso Henriques,Guimarães
848,UEFA Europa Conference League,2023,240,Arouca,ARO,1951,Estádio Municipal de Arouca,Arouca
848,UEFA Europa Conference League,2023,249,Hibernian,HIB,1875,Easter Road Stadium,Edinburgh
848,UEFA Europa Conference League,2023,252,Aberdeen,ABE,1903,Pittodrie Stadium,Aberdeen
848,UEFA Europa Conference League,2023,254,Heart Of Midlothian,HEA,1874,Tynecastle Park,Edinburgh
848,UEFA Europa Conference League,2023,272,KA Akureyri,AKU,1928,Akureyrarvöllur,Akureyri
848,UEFA Europa Conference League,2023,276,Breidablik,BRE,1950,Kópavogsvöllur,Kópavogur
848,UEFA Europa Conference League,2023,278,Vikingur Reykjavik,VIK,1908,Víkingsvöllur,Reykjavík
848,UEFA Europa Conference League,2023,319,Brann,BRA,1908,Brann Stadion,Bergen
848,UEFA Europa Conference League,2023,327,Bodo/Glimt,BOD,1916,Aspmyra Stadion,Bodø
848,UEFA Europa Conference League,2023,329,Molde,MOL,1911,Aker Stadion,Molde
848,UEFA Europa Conference League,2023,331,Rosenborg,ROS,1917,Lerkendal Stadion,Trondheim
848,UEFA Europa Conference League,2023,339,Legia Warszawa,LEG,1916,Stadion Miejski Legii Warszawa im. Marszałka Józefa Piłsudskiego,Warszawa
848,UEFA Europa Conference League,2023,347,Lech Poznan,LEC,1922,Enea Stadion,Poznań
848,UEFA Europa Conference League,2023,348,Pogon Szczecin,POG,1948,Stadion Miejski im. Floriana Krygiera,Szczecin
848,UEFA Europa Conference League,2023,354,The New Saints,TNS,1959,Park Hall Stadium,"Oswestry / Croesoswallt, Shropshire"
848,UEFA Europa Conference League,2023,357,GAP Connah S Quay FC,CON,1946,Essity Stadium,"Y Fflint / Flint, Flintshire"
848,UEFA Europa Conference League,2023,363,Hammarby FF,HAM,1897,Tele2 Arena,Stockholm
848,UEFA Europa Conference League,2023,364,Djurgardens IF,DJU,1891,Tele2 Arena,Stockholm
848,UEFA Europa Conference League,2023,374,Kalmar FF,KAL,1910,Guldfågeln Arena,Kalmar
848,UEFA Europa Conference League,2023,385,Torpedo Zhodino,ZHO,1961,Stadyen Tarpeda,Zhodino
848,UEFA Europa Conference League,2023,387,Neman,NEM,1964,Stadion Neman,Grodno
848,UEFA Europa Conference League,2023,388,Bate Borisov,BAT,1973,Borisov Arena,Borisov
848,UEFA Europa Conference League,2023,394,Dinamo Minsk,MIN,1927,Stadyen Dynama,Minsk
848,UEFA Europa Conference League,2023,397,FC Midtjylland,MID,1999,MCH Arena,Herning
848,UEFA Europa Conference League,2023,398,FC Nordsjaelland,NOR,2003,Right to Dream Park,Farum
848,UEFA Europa Conference League,2023,406,Aarhus,AAR,1902,Ceres Park & Arena,Århus
848,UEFA Europa Conference League,2023,415,Twente,TWE,1965,De Grolsch Veste,Enschede
848,UEFA Europa Conference League,2023,502,Fiorentina,FIO,1926,Stadio Artemio Franchi,Firenze
848,UEFA Europa Conference League,2023,543,Real Betis,BET,1907,Estadio La Cartuja de Sevilla,Sevilla
848,UEFA Europa Conference League,2023,549,Beşiktaş,BES,1903,Tüpraş Stadyumu,İstanbul
848,UEFA Europa Conference League,2023,551,FC Basel 1893,BAS,1893,St. Jakob-Park,Basel
848,UEFA Europa Conference League,2023,552,Maribor,MAR,1960,Ljudski vrt,Maribor
848,UEFA Europa Conference League,2023,553,Olympiakos Piraeus,OLY,1925,Stadio Georgios Karaiskáki,Piraeus
848,UEFA Europa Conference League,2023,559,FCSB,STE,1947,Arena Naţională,Bucureşti
848,UEFA Europa Conference League,2023,561,HNK Rijeka,RIJ,1946,Stadion HNK Rijeka,Rijeka
848,UEFA Europa Conference League,2023,562,FC Astana,AST,2009,Sportivnyy Kompleks Kaznu,Almaty
848,UEFA Europa Conference League,2023,563,Hapoel Beer Sheva,HAP,1949,Yaakov Turner Toto Stadium,Be&apos;er Sheva
848,UEFA Europa Conference League,2023,566,Ludogorets,LUD,1945,Huvepharma Arena,Razgrad
848,UEFA Europa Conference League,2023,567,Plzen,PLZ,1911,Doosan Aréna,Plzeň
848,UEFA Europa Conference League,2023,569,Club Brugge KV,CLU,1891,Jan Breydelstadion,Brugge
848,UEFA Europa Conference League,2023,572,Dynamo Kyiv,DIN,1927,Stadion Dynamo im. Valeriy Lobanovskyi,Kyiv
848,UEFA Europa Conference League,2023,573,FK Partizan,PAR,1945,Stadion Partizana,Beograd
848,UEFA Europa Conference League,2023,578,F91 Dudelange,,1991,Stade Jos Nosbaum,Dudelange
848,UEFA Europa Conference League,2023,579,Buducnost Podgorica,BUD,1925,Stadion Pod Goricom,Podgorica
848,UEFA Europa Conference League,2023,580,Vikingur Gota,,2008,Sarpugerði,"Norðragøta, Eysturoy"
848,UEFA Europa Conference League,2023,582,Alashkert,ALA,1990,Stadion Nairi,Yerevan
848,UEFA Europa Conference League,2023,583,Linfield,LIN,1886,Windsor Park,Belfast
848,UEFA Europa Conference League,2023,584,Dundalk,DUN,1903,Oriel Park,Dundalk
848,UEFA Europa Conference League,2023,586,FK Zalgiris Vilnius,ZAL,1947,S. Dariaus ir S. Girėno stadionas,Kaunas
848,UEFA Europa Conference League,2023,588,Zrinjski,ZRI,1905,Stadion Bijeli Brijeg,Mostar
848,UEFA Europa Conference League,2023,591,FC Santa Coloma,SAN,1986,Centre d'Entrenament de la FAF 1,Santa Coloma
848,UEFA Europa Conference League,2023,599,Zorya Luhansk,ZOR,1923,Stadion Dynamo im. Valeriy Lobanovskyi,Kyiv
848,UEFA Europa Conference League,2023,601,Austria Vienna,AUT,1911,Generali Arena,Wien
848,UEFA Europa Conference League,2023,604,Maccabi Tel Aviv,MAC,1906,Bloomfield Stadium,Tel-Aviv-Yāfā (Tel-Aviv)
848,UEFA Europa Conference League,2023,606,FC Lugano,LUG,1908,Stadio di Cornaredo,Lugano
848,UEFA Europa Conference League,2023,608,HNK Hajduk Split,HAJ,1911,Stadion Poljud,Split
848,UEFA Europa Conference League,2023,609,Shkendija,SKE,1979,Ecolog Arena,Tetovo
848,UEFA Europa Conference League,2023,611,Fenerbahçe,FEN,1907,Chobani Stadyumu Fenerbahçe Şükrü Saracoğlu Spor Kompleksi,İstanbul
848,UEFA Europa Conference League,2023,614,AEK Larnaca,LAR,1994,AEK Arena - George Karapatakis,Lárnaka (Larnaca)
848,UEFA Europa Conference League,2023,615,NK Domzale,DOM,1921,Športni Park,Domžale
848,UEFA Europa Conference League,2023,616,NK Osijek,OSI,1947,Opus Arena,Osijek
848,UEFA Europa Conference League,2023,619,PAOK,PAO,1926,Stadio Toumbas,Thessaloníki
848,UEFA Europa Conference League,2023,620,Dinamo Zagreb,ZAG,1911,Stadion Maksimir,Zagreb
848,UEFA Europa Conference League,2023,627,Qabala,GAB,2005,Şəhər stadionu,Qəbələ
848,UEFA Europa Conference League,2023,631,Gent,GEN,1900,Planet Group Arena,Gent
848,UEFA Europa Conference League,2023,637,Sturm Graz,STU,1909,Merkur Arena,Graz
848,UEFA Europa Conference League,2023,644,FC Luzern,LUZ,1901,swissporarena,Luzern
848,UEFA Europa Conference League,2023,646,Levski Sofia,LEV,1914,Stadion Georgi Asparuhov,Sofia
848,UEFA Europa Conference League,2023,649,HJK Helsinki,HJK,1907,Bolt Arena,Helsinki
848,UEFA Europa Conference League,2023,651,Ferencvarosi TC,FER,1899,Groupama Aréna,Budapest
848,UEFA Europa Conference League,2023,652,Shamrock Rovers,SHA,1899,Tallaght Stadium,Dublin
848,UEFA Europa Conference League,2023,654,Zeljeznicar Sarajevo,ZEL,1921,Stadion Grbavica,Sarajevo
848,UEFA Europa Conference League,2023,656,Slovan Bratislava,SLO,1919,Štadión Tehelné pole,Bratislava
848,UEFA Europa Conference League,2023,657,Beitar Jerusalem,BEI,1936,Teddi Malcha Stadium,Jerusalem
848,UEFA Europa Conference League,2023,658,Progres Niederkorn,,1919,Stade Jos Haupert,Niedercorn
848,UEFA Europa Conference League,2023,660,FC Vaduz,VAD,1932,Rheinpark Stadion,Vaduz
848,UEFA Europa Conference League,2023,667,Lincoln Red Imps FC,LIN,0,Europa Point Stadium,Gibraltar
848,UEFA Europa Conference League,2023,670,Derry City,DER,1928,The Ryan McBride Brandywell Stadium,Derry (Londonderry)
848,UEFA Europa Conference League,2023,673,Sutjeska,SUT,1927,Stadion Kraj Bistrice,Nikšić
848,UEFA Europa Conference League,2023,677,Olimpija Ljubljana,LJU,1911,Stadion Stožice,Ljubljana
848,UEFA Europa Conference League,2023,678,B36 Torshavn,,1936,Gundadalur,"Tórshavn, Streymoy"
848,UEFA Europa Conference League,2023,679,FK Sarajevo,SAR,1946,Olimpijski Stadion Asim Ferhatović Hase,Sarajevo
848,UEFA Europa Conference League,2023,684,FC Differdange 03,,2003,Stade Parc des Sports,Differdange
848,UEFA Europa Conference League,2023,685,Torpedo Kutaisi,TOR,1946,Ramaz Shengelias Sakhelobis Stadioni,Kutaisi
848,UEFA Europa Conference League,2023,687,Flora Tallinn,FLO,1990,A. Le Coq Arena,Tallinn
848,UEFA Europa Conference League,2023,691,Milsami Orhei,MIL,2005,Complexul Sportiv Raional,Orhei
848,UEFA Europa Conference League,2023,692,Ordabasy,ORD,1998,Stadion Qajimuqan Muñaytpasov,Shymkent
848,UEFA Europa Conference League,2023,694,Tirana,TIR,1920,Stadiumi Selman Stërmasi,Tirana
848,UEFA Europa Conference League,2023,696,Balzan FC,BAL,,Victor Tedesco Stadium,Hamrun
848,UEFA Europa Conference League,2023,697,Crusaders FC,CRU,1898,Seaview,Belfast
848,UEFA Europa Conference League,2023,700,Tre Penne,,1956,Stadio Fonte Dell'Ovo,Città di San Marino
848,UEFA Europa Conference League,2023,701,KI Klaksvik,,1905,Injector Arena,"Klaksvík, Borðoy"
848,UEFA Europa Conference League,2023,702,Vojvodina,VOJ,1914,Stadion Karađorđe,Novi Sad
848,UEFA Europa Conference League,2023,705,Dinamo Batumi,DIN,1923,Chele Arena,Kobuleti
848,UEFA Europa Conference League,2023,708,Partizani,PAR,1946,Arena e Demave,Tirana
848,UEFA Europa Conference League,2023,709,Pyunik Yerevan,PYU,1992,Vazgen Sargsyan anvan Hanrapetakan Marzadasht,Yerevan
848,UEFA Europa Conference League,2023,727,Osasuna,OSA,1920,Estadio El Sadar,Iruñea
848,UEFA Europa Conference League,2023,742,Genk,GEN,1988,Cegeka Arena,Genk
848,UEFA Europa Conference League,2023,781,Rapid Vienna,RAP,1899,Allianz Stadion,Wien
848,UEFA Europa Conference League,2023,853,CSKA Sofia,CSK,1948,Stadion Bâlgarska Armija,Sofia
848,UEFA Europa Conference League,2023,1120,Spartak Trnava,TRN,1923,CITY ARENA – Štadión Antona Malatinského,Trnava
848,UEFA Europa Conference League,2023,1121,Vorskla Poltava,VOR,1955,Stadion Vorskla im. Oleksiya Butovskoho,Poltava
848,UEFA Europa Conference League,2023,1123,Aris Thessalonikis,ARI,1914,Stadio Harilaou Kleánthis Vikelídis,Thessaloníki
848,UEFA Europa Conference League,2023,1165,KuPS,KUP,1923,Väre Areena,Kuopio
848,UEFA Europa Conference League,2023,1169,Honka,HON,1957,Tapiolan Urheilupuisto,Esbo
848,UEFA Europa Conference League,2023,1393,Union St. Gilloise,GIL,1897,Stade Joseph Mariën,Brussels
848,UEFA Europa Conference League,2023,1426,CSKA 1948,,2016,Stadion Vitosha,Bistrica
848,UEFA Europa Conference League,2023,2080,Haka,HAK,1934,Tehtaan kenttä,Valkeakoski
848,UEFA Europa Conference League,2023,2184,Servette FC,SER,1890,Stade de Genève,Lancy
848,UEFA Europa Conference League,2023,2191,Penybont,PEN,2013,SDM Glass Stadium,"Bridgend, Bridgend County Borough"
848,UEFA Europa Conference League,2023,2194,Haverfordwest County AFC,HAV,1899,New Bridge Meadow Stadium,"Hwlffordd / Haverfordwest, Pembrokeshie"
848,UEFA Europa Conference League,2023,2246,CFR 1907 Cluj,CLU,1907,Stadionul Dr. Constantin Rădulescu,Cluj-Napoca
848,UEFA Europa Conference League,2023,2247,Apoel Nicosia,APO,1926,Neo GSP,Levkosía
848,UEFA Europa Conference League,2023,2249,La Fiorita,FIO,1967,Stadio Igor Crescentini,Montegiardino
848,UEFA Europa Conference League,2023,2257,Dunajska Streda,STR,1904,MOL Aréna,Dunajská Streda
848,UEFA Europa Conference League,2023,2259,FK Tobol Kostanay,TOB,1967,Ortalyq stadıon,Kostanay
848,UEFA Europa Conference League,2023,2262,Dinamo Tbilisi,DIN,1925,Boris Paichadze Dinamo Arena,Tbilisi
848,UEFA Europa Conference League,2023,2264,Gzira United,GIZ,1947,MFA Centenary Stadium,Ta&apos;Qali
848,UEFA Europa Conference League,2023,2265,Shkupi 1927,SHK,2014,Stadion Čair,Skopje
848,UEFA Europa Conference League,2023,2270,Neftchi Baku,NEF,1937,Neftçi Arena,Baku
848,UEFA Europa Conference League,2023,2271,Petrocub,,,Stadionul Orăşenesc,Hînceşti
848,UEFA Europa Conference League,2023,2273,FC Levadia Tallinn,LEV,1998,A. Le Coq Arena,Tallinn
848,UEFA Europa Conference League,2023,2274,Trans Narva,TRA,1979,Kalevi Staadion,Narva
848,UEFA Europa Conference League,2023,2276,FC Urartu,BAN,1992,Urartu Stadium,Yerevan
848,UEFA Europa Conference League,2023,2277,Birkirkara,BIR,1950,Infetti Ground,Birkirkara
848,UEFA Europa Conference League,2023,2392,Debreceni VSC,DEB,1902,Nagyerdei Stadion,Debrecen
848,UEFA Europa Conference League,2023,2414,Zalaegerszegi TE,ZAL,1920,ZTE-Aréna,Zalaegerszeg
848,UEFA Europa Conference League,2023,2585,Sepsi OSK Sfantu Gheorghe,,,Arena Sepsi OSK,Sfântu Gheorghe
848,UEFA Europa Conference League,2023,2596,Farul Constanta,,2016,Stadionul Central,Ovidiu
848,UEFA Europa Conference League,2023,2656,Cukaricki,CUK,1926,Stadion na Banovom brdu,Beograd
848,UEFA Europa Conference League,2023,3327,Egnatia Rrogozhinë,,1964,Arena Egnatia,Rrogozhinë
848,UEFA Europa Conference League,2023,3339,Vllaznia Shkodër,VLL,1919,Stadiumi Loro Boriçi,Shkodër
848,UEFA Europa Conference League,2023,3342,Inter Club d'Escaldes,,,Centre d'Entrenament de la FAF 1,Santa Coloma
848,UEFA Europa Conference League,2023,3345,Atlètic Club d'Escaldes,,,Camp de Futbol d'Aixovall,Sant Julià de Lòria
848,UEFA Europa Conference League,2023,3364,Borac Banja Luka,BOR,1926,Gradski Stadion,Banja Luka
848,UEFA Europa Conference League,2023,3402,Omonia Nicosia,OMO,1948,Neo GSP,Levkosía
848,UEFA Europa Conference League,2023,3499,Dila,DIL,,Stadioni Tengiz Burjanadze,Gori
848,UEFA Europa Conference League,2023,3528,Paide,PAI,1990,Paide linnastaadion,Paide
848,UEFA Europa Conference League,2023,3554,Žilina,ZIL,1908,Štadión Pod Dubňom,Žilina
848,UEFA Europa Conference League,2023,3563,Adana Demirspor,ADA,1941,Yeni Adana Stadyumu,Adana
848,UEFA Europa Conference League,2023,3623,Dnipro-1,,2017,Dnipro Arena,Dnipro
848,UEFA Europa Conference League,2023,3683,Ararat-Armenia,,2017,Yerevan Football Academy,Yerevan
848,UEFA Europa Conference League,2023,3714,Bohemians 1905,BOH,1905,Stadion Ďolíček,Praha
848,UEFA Europa Conference League,2023,3742,Arsenal Tivat,TIV,1914,Stadion u Parku,Tivat
848,UEFA Europa Conference League,2023,3843,St Patrick's Athl.,PAT,1929,Richmond Park,Dublin
848,UEFA Europa Conference League,2023,3861,Hegelmann Litauen,HEG,2009,LFF Kauno treniruočių centras,Kaunas
848,UEFA Europa Conference League,2023,3872,Kauno Žalgiris,SPY,2005,S. Dariaus ir S. Girėno stadionas,Kaunas
848,UEFA Europa Conference League,2023,3874,Panevėžys,,2015,Žemynos progimnazijos stadionas,Panevėžys
848,UEFA Europa Conference League,2023,4133,HB Torshavn,,1904,Gundadalur,"Tórshavn, Streymoy"
848,UEFA Europa Conference League,2023,4135,Auda,AUD,,Mežaparks Sports Village,Riga
848,UEFA Europa Conference League,2023,4153,Valmiera / BSS,VAL,,Vidzemes Olimpiskais centrs,Valmiera
848,UEFA Europa Conference League,2023,4160,Rīgas FS,,2005,LNK Sporta Parks (dabīgais),Rīga (Riga)
848,UEFA Europa Conference League,2023,4195,Maccabi Haifa,MAC,1913,Sammy Ofer Stadium,Haifa
848,UEFA Europa Conference League,2023,4196,Makedonija GjP,MAK,1982,Stadion Gorče Petrov,Skopje
848,UEFA Europa Conference League,2023,4346,Struga,,2015,Gradska Plaža Stadium,Struga
848,UEFA Europa Conference League,2023,4360,Celje,CEL,1919,Stadion Z'dežele,Celje
848,UEFA Europa Conference League,2023,4563,Aktobe,AKT,1967,Ortalyq stadıon,Aqtöbe (Aktobe)
848,UEFA Europa Conference League,2023,4626,Hamrun Spartans,HAM,1907,Victor Tedesco Stadium,Ħamrun (Hamrun)
848,UEFA Europa Conference League,2023,4633,Zimbru,ZIM,1947,Stadionul Zimbru,Chişinău
848,UEFA Europa Conference League,2023,5111,Kecskeméti TE,KEC,1911,Széktói Stadion,Kecskemét
848,UEFA Europa Conference League,2023,5298,Cosmos,,,Stadio Olimpico di Serravalle,Serravalle
848,UEFA Europa Conference League,2023,5352,Glentoran,GLE,1882,BetMcLean Oval,Belfast
848,UEFA Europa Conference League,2023,5354,Larne,LAR,1889,Inver Park,Larne
848,UEFA Europa Conference League,2023,10124,Riga,,2015,Stadions Skonto,Riga
848,UEFA Europa Conference League,2023,10125,Europa,,,Victoria Stadium,Gibraltar
848,UEFA Europa Conference League,2023,11907,Swift Hesperange,,1916,Stade Alphonse Theis,Hesperange
848,UEFA Europa Conference League,2023,12733,Ballkani,,,Stadiumi i qytetit Suharekë,Suva Reka
848,UEFA Europa Conference League,2023,12772,Gjilani,,1995,Stadiumi me bar sintetik Gjilan,Gnjilane
848,UEFA Europa Conference League,2023,13976,Sabah FA,,0,Bank Respublika Arena,Masazyr (Masazir)
848,UEFA Europa Conference League,2023,14281,Drita,,1947,Stadiumi me bar sintetik Gjilan,Gjilan (Gnjilane)
848,UEFA Europa Conference League,2023,14393,Dukagjini,,1958,Stadiumi 18 Qershori,Klinë
848,UEFA Europa Conference League,2023,16135,Magpies,,,Victoria Stadium,Gibraltar
848,UEFA Europa Conference League,2024,49,Chelsea,CHE,1905,Stamford Bridge,London
848,UEFA Europa Conference League,2024,116,Lens,LEN,1906,Stade Bollaert-Delelis,Lens
848,UEFA Europa Conference League,2024,180,1. FC Heidenheim,HEI,1946,Voith-Arena,Heidenheim an der Brenz
848,UEFA Europa Conference League,2024,224,Guimaraes,GUI,1922,Estádio Dom Afonso Henriques,Guimarães
848,UEFA Europa Conference League,2024,250,Kilmarnock,KIL,1869,The BBSP Stadium Rugby Park,Kilmarnock
848,UEFA Europa Conference League,2024,251,ST Mirren,MIR,1877,The SMISA Stadium,Paisley
848,UEFA Europa Conference League,2024,254,Heart Of Midlothian,HEA,1874,Tynecastle Park,Edinburgh
848,UEFA Europa Conference League,2024,274,Valur Reykjavik,VAL,1911,Origovöllurinn,Reykjavík
848,UEFA Europa Conference League,2024,275,Stjarnan,STJ,1960,Samsung völlurinn,Garðabær
848,UEFA Europa Conference League,2024,276,Breidablik,BRE,1950,Kópavogsvöllur,Kópavogur
848,UEFA Europa Conference League,2024,278,Vikingur Reykjavik,VIK,1908,Víkingsvöllur,Reykjavík
848,UEFA Europa Conference League,2024,319,Brann,BRA,1908,Brann Stadion,Bergen
848,UEFA Europa Conference League,2024,325,Tromso,TRO,1920,Romssa Arena,Tromsø
848,UEFA Europa Conference League,2024,329,Molde,MOL,1911,Aker Stadion,Molde
848,UEFA Europa Conference League,2024,336,Jagiellonia,JAG,1927,Stadion Miejski,Białystok
848,UEFA Europa Conference League,2024,337,Slask Wroclaw,SLA,1947,Tarczyński Arena,Wrocław
848,UEFA Europa Conference League,2024,338,Wisla Krakow,WIS,1906,Stadion Miejski im. Henryka Reymana,Kraków
848,UEFA Europa Conference League,2024,339,Legia Warszawa,LEG,1916,Stadion Miejski Legii Warszawa im. Marszałka Józefa Piłsudskiego,Warszawa
848,UEFA Europa Conference League,2024,352,Bala Town,BAL,1880,Maes Tegid,"Bala, Gwynedd"
848,UEFA Europa Conference League,2024,354,The New Saints,TNS,1959,Park Hall Stadium,"Oswestry / Croesoswallt, Shropshire"
848,UEFA Europa Conference League,2024,356,Caernarfon Town,,1876,The Oval,"Caernarfon, Gwynedd"
848,UEFA Europa Conference League,2024,357,GAP Connah S Quay FC,CON,1946,Essity Stadium,"Y Fflint / Flint, Flintshire"
848,UEFA Europa Conference League,2024,364,Djurgardens IF,DJU,1891,Tele2 Arena,Stockholm
848,UEFA Europa Conference League,2024,367,BK Hacken,HAC,1940,Bravida Arena,Göteborg
848,UEFA Europa Conference League,2024,385,Torpedo Zhodino,ZHO,1961,Stadyen Tarpeda,Zhodino
848,UEFA Europa Conference League,2024,387,Neman,NEM,1964,Stadion Neman,Grodno
848,UEFA Europa Conference League,2024,391,FC Isloch Minsk R.,,2007,Stadyen Haradski,Molodechno
848,UEFA Europa Conference League,2024,394,Dinamo Minsk,MIN,1927,Stadyen Dynama,Minsk
848,UEFA Europa Conference League,2024,400,FC Copenhagen,COP,1992,Parken,København
848,UEFA Europa Conference League,2024,407,Brondby,BRO,1964,Brøndby Stadion,Brøndby
848,UEFA Europa Conference League,2024,410,GO Ahead Eagles,EAG,1971,De Adelaarshorst,Deventer
848,UEFA Europa Conference League,2024,502,Fiorentina,FIO,1926,Stadio Artemio Franchi,Firenze
848,UEFA Europa Conference League,2024,543,Real Betis,BET,1907,Estadio La Cartuja de Sevilla,Sevilla
848,UEFA Europa Conference League,2024,552,Maribor,MAR,1960,Ljudski vrt,Maribor
848,UEFA Europa Conference League,2024,561,HNK Rijeka,RIJ,1946,Stadion HNK Rijeka,Rijeka
848,UEFA Europa Conference League,2024,562,FC Astana,AST,2009,Sportivnyy Kompleks Kaznu,Almaty
848,UEFA Europa Conference League,2024,563,Hapoel Beer Sheva,HAP,1949,Yaakov Turner Toto Stadium,Be&apos;er Sheva
848,UEFA Europa Conference League,2024,564,Başakşehir,IST,1990,Başakşehir Fatih Terim Stadyumu,İstanbul
848,UEFA Europa Conference League,2024,568,Sheriff Tiraspol,SHE,1997,Bolshaya Sportivnaya Arena,Tiraspol
848,UEFA Europa Conference League,2024,573,FK Partizan,PAR,1945,Stadion Partizana,Beograd
848,UEFA Europa Conference League,2024,575,AEK Athens FC,AEK,1924,OPAP Arena,Athens
848,UEFA Europa Conference League,2024,578,F91 Dudelange,,1991,Stade Jos Nosbaum,Dudelange
848,UEFA Europa Conference League,2024,579,Buducnost Podgorica,BUD,1925,Stadion Pod Goricom,Podgorica
848,UEFA Europa Conference League,2024,580,Vikingur Gota,,2008,Sarpugerði,"Norðragøta, Eysturoy"
848,UEFA Europa Conference League,2024,583,Linfield,LIN,1886,Windsor Park,Belfast
848,UEFA Europa Conference League,2024,586,FK Zalgiris Vilnius,ZAL,1947,S. Dariaus ir S. Girėno stadionas,Kaunas
848,UEFA Europa Conference League,2024,588,Zrinjski,ZRI,1905,Stadion Bijeli Brijeg,Mostar
848,UEFA Europa Conference League,2024,601,Austria Vienna,AUT,1911,Generali Arena,Wien
848,UEFA Europa Conference League,2024,606,FC Lugano,LUG,1908,Stadio di Cornaredo,Lugano
848,UEFA Europa Conference League,2024,608,HNK Hajduk Split,HAJ,1911,Stadion Poljud,Split
848,UEFA Europa Conference League,2024,609,Shkendija,SKE,1979,Ecolog Arena,Tetovo
848,UEFA Europa Conference League,2024,610,Fehérvár FC,VID,1941,MOL Aréna Sóstó,Székesfehérvár
848,UEFA Europa Conference League,2024,614,AEK Larnaca,LAR,1994,AEK Arena - George Karapatakis,Lárnaka (Larnaca)
848,UEFA Europa Conference League,2024,616,NK Osijek,OSI,1947,Opus Arena,Osijek
848,UEFA Europa Conference League,2024,617,Panathinaikos,PAN,1908,Stadio Apóstolos Nikolaidis,Athína (Athens)
848,UEFA Europa Conference League,2024,631,Gent,GEN,1900,Planet Group Arena,Gent
848,UEFA Europa Conference League,2024,632,Universitatea Craiova,UNI,2013,Complex Sportiv Craiova,Craiova
848,UEFA Europa Conference League,2024,634,Botev Plovdiv,BOT,,Stadion Hristo Botev,Plovdiv
848,UEFA Europa Conference League,2024,640,Mlada Boleslav,MLA,1902,Lokotrans Aréna,Mladá Boleslav
848,UEFA Europa Conference League,2024,648,Zira,,,Zirə qəsəbə stadionu,Zirya
848,UEFA Europa Conference League,2024,649,HJK Helsinki,HJK,1907,Bolt Arena,Helsinki
848,UEFA Europa Conference League,2024,650,VPS,VAA,1924,Lemonsoft Stadion,Vaasa
848,UEFA Europa Conference League,2024,652,Shamrock Rovers,SHA,1899,Tallaght Stadium,Dublin
848,UEFA Europa Conference League,2024,658,Progres Niederkorn,,1919,Stade Jos Haupert,Niedercorn
848,UEFA Europa Conference League,2024,660,FC Vaduz,VAD,1932,Rheinpark Stadion,Vaduz
848,UEFA Europa Conference League,2024,661,FK Liepaja,,2014,Stadions Daugava,Liepāja
848,UEFA Europa Conference League,2024,667,Lincoln Red Imps FC,LIN,0,Europa Point Stadium,Gibraltar
848,UEFA Europa Conference League,2024,670,Derry City,DER,1928,The Ryan McBride Brandywell Stadium,Derry (Londonderry)
848,UEFA Europa Conference League,2024,677,Olimpija Ljubljana,LJU,1911,Stadion Stožice,Ljubljana
848,UEFA Europa Conference League,2024,678,B36 Torshavn,,1936,Gundadalur,"Tórshavn, Streymoy"
848,UEFA Europa Conference League,2024,679,FK Sarajevo,SAR,1946,Olimpijski Stadion Asim Ferhatović Hase,Sarajevo
848,UEFA Europa Conference League,2024,684,FC Differdange 03,,2003,Stade Parc des Sports,Differdange
848,UEFA Europa Conference League,2024,685,Torpedo Kutaisi,TOR,1946,Ramaz Shengelias Sakhelobis Stadioni,Kutaisi
848,UEFA Europa Conference League,2024,687,Flora Tallinn,FLO,1990,A. Le Coq Arena,Tallinn
848,UEFA Europa Conference League,2024,691,Milsami Orhei,MIL,2005,Complexul Sportiv Raional,Orhei
848,UEFA Europa Conference League,2024,692,Ordabasy,ORD,1998,Stadion Qajimuqan Muñaytpasov,Shymkent
848,UEFA Europa Conference League,2024,694,Tirana,TIR,1920,Stadiumi Selman Stërmasi,Tirana
848,UEFA Europa Conference League,2024,697,Crusaders FC,CRU,1898,Seaview,Belfast
848,UEFA Europa Conference League,2024,698,St Joseph S Fc,,,Victoria Stadium,Gibraltar
848,UEFA Europa Conference League,2024,700,Tre Penne,,1956,Stadio Fonte Dell'Ovo,Città di San Marino
848,UEFA Europa Conference League,2024,701,KI Klaksvik,,1905,Injector Arena,"Klaksvík, Borðoy"
848,UEFA Europa Conference League,2024,702,Vojvodina,VOJ,1914,Stadion Karađorđe,Novi Sad
848,UEFA Europa Conference League,2024,703,UE Santa Coloma,,1995,Centre d'Entrenament de la FAF 1,Santa Coloma
848,UEFA Europa Conference League,2024,705,Dinamo Batumi,DIN,1923,Chele Arena,Kobuleti
848,UEFA Europa Conference League,2024,708,Partizani,PAR,1946,Arena e Demave,Tirana
848,UEFA Europa Conference League,2024,709,Pyunik Yerevan,PYU,1992,Vazgen Sargsyan anvan Hanrapetakan Marzadasht,Yerevan
848,UEFA Europa Conference League,2024,741,Cercle Brugge,CER,1899,Jan Breydelstadion,Brugge
848,UEFA Europa Conference League,2024,781,Rapid Vienna,RAP,1899,Allianz Stadion,Wien
848,UEFA Europa Conference League,2024,783,FC Zurich,ZUR,1896,Stadion Letzigrund,Zürich
848,UEFA Europa Conference League,2024,851,Cherno More Varna,CHE,1945,Stadion Ticha,Varna
848,UEFA Europa Conference League,2024,998,Trabzonspor,TRA,1967,Papara Park,Trabzon
848,UEFA Europa Conference League,2024,1011,FC ST. Gallen,GAL,1879,kybunpark,St. Gallen
848,UEFA Europa Conference League,2024,1026,Lask Linz,LAS,1908,Raiffeisen Arena,Linz
848,UEFA Europa Conference League,2024,1120,Spartak Trnava,TRN,1923,CITY ARENA – Štadión Antona Malatinského,Trnava
848,UEFA Europa Conference League,2024,1163,Ilves,ILV,1931,Ratinan Stadion,Tampere (Tammerfors)
848,UEFA Europa Conference League,2024,1165,KuPS,KUP,1923,Väre Areena,Kuopio
848,UEFA Europa Conference League,2024,1426,CSKA 1948,,2016,Stadion Vitosha,Bistrica
848,UEFA Europa Conference League,2024,2036,UNA Strassen,,1922,Complexe Sportif Jean Wirtz,Strossen
848,UEFA Europa Conference League,2024,2073,Silkeborg,SIL,1917,JYSK park,Silkeborg
848,UEFA Europa Conference League,2024,2184,Servette FC,SER,1890,Stade de Genève,Lancy
848,UEFA Europa Conference League,2024,2246,CFR 1907 Cluj,CLU,1907,Stadionul Dr. Constantin Rădulescu,Cluj-Napoca
848,UEFA Europa Conference League,2024,2247,Apoel Nicosia,APO,1926,Neo GSP,Levkosía
848,UEFA Europa Conference League,2024,2249,La Fiorita,FIO,1967,Stadio Igor Crescentini,Montegiardino
848,UEFA Europa Conference League,2024,2257,Dunajska Streda,STR,1904,MOL Aréna,Dunajská Streda
848,UEFA Europa Conference League,2024,2259,FK Tobol Kostanay,TOB,1967,Ortalyq stadıon,Kostanay
848,UEFA Europa Conference League,2024,2262,Dinamo Tbilisi,DIN,1925,Boris Paichadze Dinamo Arena,Tbilisi
848,UEFA Europa Conference League,2024,2266,Cliftonville FC,CLI,1879,Solitude,Belfast
848,UEFA Europa Conference League,2024,2271,Petrocub,,,Stadionul Orăşenesc,Hînceşti
848,UEFA Europa Conference League,2024,2273,FC Levadia Tallinn,LEV,1998,A. Le Coq Arena,Tallinn
848,UEFA Europa Conference League,2024,2276,FC Urartu,BAN,1992,Urartu Stadium,Yerevan
848,UEFA Europa Conference League,2024,2390,Paks,PAK,1952,Paksi FC Stadion,Paks
848,UEFA Europa Conference League,2024,2391,Puskas Academy,PUS,2007,Puskás Akadémia Pancho Aréna,Felcsút
848,UEFA Europa Conference League,2024,2644,Radnicki 1923,RAD,1923,Stadion Čika Dača,Kragujevac
848,UEFA Europa Conference League,2024,2646,TSC Backa Topola,,1913,TSC Arena,Bačka Topola
848,UEFA Europa Conference League,2024,3327,Egnatia Rrogozhinë,,1964,Arena Egnatia,Rrogozhinë
848,UEFA Europa Conference League,2024,3339,Vllaznia Shkodër,VLL,1919,Stadiumi Loro Boriçi,Shkodër
848,UEFA Europa Conference League,2024,3342,Inter Club d'Escaldes,,,Centre d'Entrenament de la FAF 1,Santa Coloma
848,UEFA Europa Conference League,2024,3345,Atlètic Club d'Escaldes,,,Camp de Futbol d'Aixovall,Sant Julià de Lòria
848,UEFA Europa Conference League,2024,3364,Borac Banja Luka,BOR,1926,Gradski Stadion,Banja Luka
848,UEFA Europa Conference League,2024,3381,Velež,VEL,1922,Stadion Rođeni,Mostar
848,UEFA Europa Conference League,2024,3402,Omonia Nicosia,OMO,1948,Neo GSP,Levkosía
848,UEFA Europa Conference League,2024,3403,Pafos,PAP,2014,Stadio Stelios Kyriakides,Paphos
848,UEFA Europa Conference League,2024,3502,Saburtalo,,1999,Mikheil Meskhis sakhelobis Stadioni,Tbilisi
848,UEFA Europa Conference League,2024,3528,Paide,PAI,1990,Paide linnastaadion,Paide
848,UEFA Europa Conference League,2024,3529,Tallinna Kalev,TAL,1911,Kalevi Keskstaadioni kunstmuru,Tallinn
848,UEFA Europa Conference League,2024,3549,Ružomberok,RUZ,1906,Futbalový štadión MFK Ružomberok,Ružomberok
848,UEFA Europa Conference League,2024,3623,Dnipro-1,,2017,Dnipro Arena,Dnipro
848,UEFA Europa Conference League,2024,3683,Ararat-Armenia,,2017,Yerevan Football Academy,Yerevan
848,UEFA Europa Conference League,2024,3684,FC Noah,,2017,Armaviri Hakob Tonoyani Stadium,Armavir
848,UEFA Europa Conference League,2024,3713,Baník Ostrava,OST,1922,Městský stadion - Vítkovice Aréna,Ostrava
848,UEFA Europa Conference League,2024,3740,Mornar,MOR,1923,Stadion SRC Topolica,Bar
848,UEFA Europa Conference League,2024,3745,Dečić,DEC,1926,Stadion Tuško Polje,Tuzi
848,UEFA Europa Conference League,2024,3843,St Patrick's Athl.,PAT,1929,Richmond Park,Dublin
848,UEFA Europa Conference League,2024,3854,Shelbourne,SHE,1895,Tolka Park,Dublin
848,UEFA Europa Conference League,2024,3870,Šiauliai,SIA,2007,Šiaulių Gytarių stadionas,Šiauliai
848,UEFA Europa Conference League,2024,3874,Panevėžys,,2015,Žemynos progimnazijos stadionas,Panevėžys
848,UEFA Europa Conference League,2024,4133,HB Torshavn,,1904,Gundadalur,"Tórshavn, Streymoy"
848,UEFA Europa Conference League,2024,4135,Auda,AUD,,Mežaparks Sports Village,Riga
848,UEFA Europa Conference League,2024,4195,Maccabi Haifa,MAC,1913,Sammy Ofer Stadium,Haifa
848,UEFA Europa Conference League,2024,4346,Struga,,2015,Gradska Plaža Stadium,Struga
848,UEFA Europa Conference League,2024,4348,Tikveš,,1930,Gradski Stadion,Kavadarci
848,UEFA Europa Conference League,2024,4359,Bravo,,2006,Športni Park Šiška,Ljubljana
848,UEFA Europa Conference League,2024,4360,Celje,CEL,1919,Stadion Z'dežele,Celje
848,UEFA Europa Conference League,2024,4495,Maccabi Petah Tikva,MAC,1912,HaMoshava Stadium,Petach-Tikva
848,UEFA Europa Conference League,2024,4563,Aktobe,AKT,1967,Ortalyq stadıon,Aqtöbe (Aktobe)
848,UEFA Europa Conference League,2024,4625,Floriana,FLO,1894,Independence Ground,Floriana
848,UEFA Europa Conference League,2024,4626,Hamrun Spartans,HAM,1907,Victor Tedesco Stadium,Ħamrun (Hamrun)
848,UEFA Europa Conference League,2024,4628,Sliema Wanderers,SLI,1909,Tony Bezzina Stadium,Paola
848,UEFA Europa Conference League,2024,4633,Zimbru,ZIM,1947,Stadionul Zimbru,Chişinău
848,UEFA Europa Conference League,2024,5308,Virtus,,,Campo Sportivo di Acquaviva,Acquaviva
848,UEFA Europa Conference League,2024,5354,Larne,LAR,1889,Inver Park,Larne
848,UEFA Europa Conference League,2024,5503,Sumqayıt,SUM,2010,Kapital Bank Arena,Sumqayıt
848,UEFA Europa Conference League,2024,6489,Kryvbas KR,,2001,Stadion Hirnyk,Kryvyi Rih
848,UEFA Europa Conference League,2024,6496,Polessya,,,Tsentralnyi Stadion,Zhytomyr
848,UEFA Europa Conference League,2024,10124,Riga,,2015,Stadions Skonto,Riga
848,UEFA Europa Conference League,2024,12733,Ballkani,,,Stadiumi i qytetit Suharekë,Suva Reka
848,UEFA Europa Conference League,2024,13976,Sabah FA,,0,Bank Respublika Arena,Masazyr (Masazir)
848,UEFA Europa Conference League,2024,14281,Drita,,1947,Stadiumi me bar sintetik Gjilan,Gjilan (Gnjilane)
848,UEFA Europa Conference League,2024,14395,Llapi,,1932,Stadiumi Zahir Pajaziti,"Besiana, Podujevo"
848,UEFA Europa Conference League,2024,14507,Marsaxlokk,,1949,Marsaxlokk Ground,Marsaxlokk
848,UEFA Europa Conference League,2024,15576,Malisheva,,,Stadiumi Liman Gegaj,Malishevë
848,UEFA Europa Conference League,2024,16135,Magpies,,,Victoria Stadium,Gibraltar
848,UEFA Europa Conference League,2024,18878,TransINVEST Vilnius,,2022,Širvintų stadionas,Širvintos
848,UEFA Europa Conference League,2024,20034,Corvinul Hunedoara,,1921,Stadionul Michael Klein,Hunedoara
40,Championship,2022,37,Huddersfield,HUD,1908,John Smith's Stadium,"Huddersfield, West Yorkshire"
40,Championship,2022,38,Watford,WAT,1881,Vicarage Road,Watford
40,Championship,2022,43,Cardiff,CAR,1889,Cardiff City Stadium,Caerdydd
40,Championship,2022,44,Burnley,BUR,1882,Turf Moor,Burnley
40,Championship,2022,53,Reading,REA,1871,Select Car Leasing Stadium,"Reading, Berkshire"
40,Championship,2022,54,Birmingham,BIR,1875,St Andrew's Stadium,Birmingham
40,Championship,2022,56,Bristol City,BRI,1894,Ashton Gate Stadium,Bristol
40,Championship,2022,58,Millwall,MIL,1885,The Den,London
40,Championship,2022,59,Preston,PRE,1863,Deepdale,Preston
40,Championship,2022,60,West Brom,WES,1878,The Hawthorns,West Bromwich
40,Championship,2022,61,Wigan,WIG,1932,DW Stadium,Wigan
40,Championship,2022,62,Sheffield Utd,SHE,1889,Bramall Lane,Sheffield
40,Championship,2022,64,Hull City,HUL,1904,The MKM Stadium,Hull
40,Championship,2022,67,Blackburn,BLA,1875,Ewood Park,"Blackburn, Lancashire"
40,Championship,2022,70,Middlesbrough,MID,1876,Riverside Stadium,Middlesbrough
40,Championship,2022,71,Norwich,NOR,1902,Carrow Road,"Norwich, Norfolk"
40,Championship,2022,72,QPR,QPR,1885,MATRADE Loftus Road,London
40,Championship,2022,73,Rotherham,ROT,1870,AESSEAL New York Stadium,"Rotherham, South Yorkshire"
40,Championship,2022,75,Stoke City,STO,1868,bet365 Stadium,"Stoke-on-Trent, Staffordshire"
40,Championship,2022,76,Swansea,SWA,1912,Swansea.com Stadium,Swansea
40,Championship,2022,746,Sunderland,SUN,1879,Stadium of Light,Sunderland
40,Championship,2022,1346,Coventry,COV,1883,The Coventry Building Society Arena,"Coventry, West Midlands"
40,Championship,2022,1356,Blackpool,BLA,1887,Bloomfield Road,"Blackpool, Lancashire"
40,Championship,2022,1359,Luton,LUT,1885,Kenilworth Road,"Luton, Bedfordshire"
40,Championship,2023,37,Huddersfield,HUD,1908,John Smith's Stadium,"Huddersfield, West Yorkshire"
40,Championship,2023,38,Watford,WAT,1881,Vicarage Road,Watford
40,Championship,2023,41,Southampton,SOU,1885,St. Mary's Stadium,"Southampton, Hampshire"
40,Championship,2023,43,Cardiff,CAR,1889,Cardiff City Stadium,Caerdydd
40,Championship,2023,46,Leicester,LEI,1884,King Power Stadium,"Leicester, Leicestershire"
40,Championship,2023,54,Birmingham,BIR,1875,St Andrew's Stadium,Birmingham
40,Championship,2023,56,Bristol City,BRI,1894,Ashton Gate Stadium,Bristol
40,Championship,2023,57,Ipswich,IPS,1878,Portman Road,"Ipswich, Suffolk"
40,Championship,2023,58,Millwall,MIL,1885,The Den,London
40,Championship,2023,59,Preston,PRE,1863,Deepdale,Preston
40,Championship,2023,60,West Brom,WES,1878,The Hawthorns,West Bromwich
40,Championship,2023,63,Leeds,LEE,1919,Elland Road,"Leeds, West Yorkshire"
40,Championship,2023,64,Hull City,HUL,1904,The MKM Stadium,Hull
40,Championship,2023,67,Blackburn,BLA,1875,Ewood Park,"Blackburn, Lancashire"
40,Championship,2023,70,Middlesbrough,MID,1876,Riverside Stadium,Middlesbrough
40,Championship,2023,71,Norwich,NOR,1902,Carrow Road,"Norwich, Norfolk"
40,Championship,2023,72,QPR,QPR,1885,MATRADE Loftus Road,London
40,Championship,2023,73,Rotherham,ROT,1870,AESSEAL New York Stadium,"Rotherham, South Yorkshire"
40,Championship,2023,74,Sheffield Wednesday,SHE,1867,Hillsborough,Sheffield
40,Championship,2023,75,Stoke City,STO,1868,bet365 Stadium,"Stoke-on-Trent, Staffordshire"
40,Championship,2023,76,Swansea,SWA,1912,Swansea.com Stadium,Swansea
40,Championship,2023,746,Sunderland,SUN,1879,Stadium of Light,Sunderland
40,Championship,2023,1346,Coventry,COV,1883,The Coventry Building Society Arena,"Coventry, West Midlands"
40,Championship,2023,1357,Plymouth,PLY,1886,Home Park,Plymouth
40,Championship,2024,38,Watford,WAT,1881,Vicarage Road,Watford
40,Championship,2024,43,Cardiff,CAR,1889,Cardiff City Stadium,Caerdydd
40,Championship,2024,44,Burnley,BUR,1882,Turf Moor,Burnley
40,Championship,2024,56,Bristol City,BRI,1894,Ashton Gate Stadium,Bristol
40,Championship,2024,58,Millwall,MIL,1885,The Den,London
40,Championship,2024,59,Preston,PRE,1863,Deepdale,Preston
40,Championship,2024,60,West Brom,WES,1878,The Hawthorns,West Bromwich
40,Championship,2024,62,Sheffield Utd,SHE,1889,Bramall Lane,Sheffield
40,Championship,2024,63,Leeds,LEE,1919,Elland Road,"Leeds, West Yorkshire"
40,Championship,2024,64,Hull City,HUL,1904,The MKM Stadium,Hull
40,Championship,2024,67,Blackburn,BLA,1875,Ewood Park,"Blackburn, Lancashire"
40,Championship,2024,69,Derby,DER,1884,Pride Park Stadium,Derby
40,Championship,2024,70,Middlesbrough,MID,1876,Riverside Stadium,Middlesbrough
40,Championship,2024,71,Norwich,NOR,1902,Carrow Road,"Norwich, Norfolk"
40,Championship,2024,72,QPR,QPR,1885,MATRADE Loftus Road,London
40,Championship,2024,74,Sheffield Wednesday,SHE,1867,Hillsborough,Sheffield
40,Championship,2024,75,Stoke City,STO,1868,bet365 Stadium,"Stoke-on-Trent, Staffordshire"
40,Championship,2024,76,Swansea,SWA,1912,Swansea.com Stadium,Swansea
40,Championship,2024,746,Sunderland,SUN,1879,Stadium of Light,Sunderland
40,Championship,2024,1338,Oxford United,OXF,1893,The Kassam Stadium,"Oxford, Oxfordshire"
40,Championship,2024,1346,Coventry,COV,1883,The Coventry Building Society Arena,"Coventry, West Midlands"
40,Championship,2024,1355,Portsmouth,POR,1898,Fratton Park,Portsmouth
40,Championship,2024,1357,Plymouth,PLY,1886,Home Park,Plymouth
40,Championship,2024,1359,Luton,LUT,1885,Kenilworth Road,"Luton, Bedfordshire"
41,League One,2022,57,Ipswich,IPS,1878,Portman Road,"Ipswich, Suffolk"
41,League One,2022,68,Bolton,BOL,1874,Toughsheet Community Stadium,Bolton
41,League One,2022,69,Derby,DER,1884,Pride Park Stadium,Derby
41,League One,2022,74,Sheffield Wednesday,SHE,1867,Hillsborough,Sheffield
41,League One,2022,747,Barnsley,BAR,1887,Oakwell,"Barnsley, South Yorkshire"
41,League One,2022,748,Burton Albion,BUR,1950,Pirelli Stadium,"Burton-upon-Trent, Staffordshire"
41,League One,2022,1334,Bristol Rovers,BRI,1883,Memorial Stadium,"Bristol, Gloucestershire"
41,League One,2022,1335,Charlton,CHA,1905,The Valley,London
41,League One,2022,1336,Fleetwood Town,FLE,1908,Highbury Stadium,"Fleetwood, Lancashire"
41,League One,2022,1338,Oxford United,OXF,1893,The Kassam Stadium,"Oxford, Oxfordshire"
41,League One,2022,1348,Milton Keynes Dons,MIL,2004,Stadium mk,"Milton Keynes, Buckinghamshire"
41,League One,2022,1350,Peterborough,PET,1934,Weston Homes Stadium,Peterborough
41,League One,2022,1351,Port Vale,POR,1876,Vale Park,"Stoke-on-Trent, Staffordshire"
41,League One,2022,1352,Shrewsbury,SHR,1886,The Croud Meadow,"Shrewsbury, Shropshire"
41,League One,2022,1355,Portsmouth,POR,1898,Fratton Park,Portsmouth
41,League One,2022,1357,Plymouth,PLY,1886,Home Park,Plymouth
41,League One,2022,1358,Wycombe,WYC,1887,Adams Park,"High Wycombe, Buckinghamshire"
41,League One,2022,1360,Accrington ST,ACC,1891,Wham Stadium,"Accrington, Lancashire"
41,League One,2022,1364,Exeter City,EXE,1904,St James Park,"Exeter, Devon"
41,League One,2022,1370,Cambridge United,CAM,1912,Abbey Stadium,"Cambridge, Cambridgeshire"
41,League One,2022,1372,Cheltenham,CHE,1887,Completely-Suzuki Stadium,"Cheltenham, Gloucestershire"
41,League One,2022,1375,Morecambe,MOR,1920,Mazuma Stadium,"Morecambe, Lancashire"
41,League One,2022,1378,Forest Green,FOR,1890,The Bolt New Lawn,"Nailsworth, Gloucestershire"
41,League One,2022,1379,Lincoln,LNC,1884,LNER Stadium,"Lincoln, Lincolnshire"
41,League One,2023,53,Reading,REA,1871,Select Car Leasing Stadium,"Reading, Berkshire"
41,League One,2023,61,Wigan,WIG,1932,DW Stadium,Wigan
41,League One,2023,68,Bolton,BOL,1874,Toughsheet Community Stadium,Bolton
41,League One,2023,69,Derby,DER,1884,Pride Park Stadium,Derby
41,League One,2023,747,Barnsley,BAR,1887,Oakwell,"Barnsley, South Yorkshire"
41,League One,2023,748,Burton Albion,BUR,1950,Pirelli Stadium,"Burton-upon-Trent, Staffordshire"
41,League One,2023,1334,Bristol Rovers,BRI,1883,Memorial Stadium,"Bristol, Gloucestershire"
41,League One,2023,1335,Charlton,CHA,1905,The Valley,London
41,League One,2023,1336,Fleetwood Town,FLE,1908,Highbury Stadium,"Fleetwood, Lancashire"
41,League One,2023,1337,Northampton,NOR,1897,Sixfields Stadium,"Northampton, East Midlands"
41,League One,2023,1338,Oxford United,OXF,1893,The Kassam Stadium,"Oxford, Oxfordshire"
41,League One,2023,1350,Peterborough,PET,1934,Weston Homes Stadium,Peterborough
41,League One,2023,1351,Port Vale,POR,1876,Vale Park,"Stoke-on-Trent, Staffordshire"
41,League One,2023,1352,Shrewsbury,SHR,1886,The Croud Meadow,"Shrewsbury, Shropshire"
41,League One,2023,1355,Portsmouth,POR,1898,Fratton Park,Portsmouth
41,League One,2023,1356,Blackpool,BLA,1887,Bloomfield Road,"Blackpool, Lancashire"
41,League One,2023,1358,Wycombe,WYC,1887,Adams Park,"High Wycombe, Buckinghamshire"
41,League One,2023,1364,Exeter City,EXE,1904,St James Park,"Exeter, Devon"
41,League One,2023,1368,Stevenage,STE,1976,The Lamex Stadium,"Stevenage, Hertfordshire"
41,League One,2023,1370,Cambridge United,CAM,1912,Abbey Stadium,"Cambridge, Cambridgeshire"
41,League One,2023,1371,Carlisle,CAR,1903,Brunton Park,"Carlisle, Cumbria"
41,League One,2023,1372,Cheltenham,CHE,1887,Completely-Suzuki Stadium,"Cheltenham, Gloucestershire"
41,League One,2023,1373,Leyton Orient,LEY,1881,Brisbane Road,London
41,League One,2023,1379,Lincoln,LNC,1884,LNER Stadium,"Lincoln, Lincolnshire"
41,League One,2024,37,Huddersfield,HUD,1908,John Smith's Stadium,"Huddersfield, West Yorkshire"
41,League One,2024,53,Reading,REA,1871,Select Car Leasing Stadium,"Reading, Berkshire"
41,League One,2024,54,Birmingham,BIR,1875,St Andrew's Stadium,Birmingham
41,League One,2024,61,Wigan,WIG,1932,DW Stadium,Wigan
41,League One,2024,68,Bolton,BOL,1874,Toughsheet Community Stadium,Bolton
41,League One,2024,73,Rotherham,ROT,1870,AESSEAL New York Stadium,"Rotherham, South Yorkshire"
41,League One,2024,747,Barnsley,BAR,1887,Oakwell,"Barnsley, South Yorkshire"
41,League One,2024,748,Burton Albion,BUR,1950,Pirelli Stadium,"Burton-upon-Trent, Staffordshire"
41,League One,2024,1334,Bristol Rovers,BRI,1883,Memorial Stadium,"Bristol, Gloucestershire"
41,League One,2024,1335,Charlton,CHA,1905,The Valley,London
41,League One,2024,1337,Northampton,NOR,1897,Sixfields Stadium,"Northampton, East Midlands"
41,League One,2024,1350,Peterborough,PET,1934,Weston Homes Stadium,Peterborough
41,League One,2024,1352,Shrewsbury,SHR,1886,The Croud Meadow,"Shrewsbury, Shropshire"
41,League One,2024,1356,Blackpool,BLA,1887,Bloomfield Road,"Blackpool, Lancashire"
41,League One,2024,1358,Wycombe,WYC,1887,Adams Park,"High Wycombe, Buckinghamshire"
41,League One,2024,1362,Crawley Town,CRA,1896,Broadfield Stadium,"Crawley, West Sussex"
41,League One,2024,1364,Exeter City,EXE,1904,St James Park,"Exeter, Devon"
41,League One,2024,1368,Stevenage,STE,1976,The Lamex Stadium,"Stevenage, Hertfordshire"
41,League One,2024,1370,Cambridge United,CAM,1912,Abbey Stadium,"Cambridge, Cambridgeshire"
41,League One,2024,1373,Leyton Orient,LEY,1881,Brisbane Road,London
41,League One,2024,1374,Mansfield Town,MAN,1897,One Call Stadium,"Mansfield, Nottinghamshire"
41,League One,2024,1379,Lincoln,LNC,1884,LNER Stadium,"Lincoln, Lincolnshire"
41,League One,2024,1837,Wrexham,WRE,1872,STōK Cae Ras,Wrecsam
41,League One,2024,4686,Stockport County,STO,1883,Edgeley Park,"Stockport, Greater Manchester"
42,League Two,2022,1333,AFC Wimbledon,WIM,2002,The Cherry Red Records Stadium,London
42,League Two,2022,1337,Northampton,NOR,1897,Sixfields Stadium,"Northampton, East Midlands"
42,League Two,2022,1339,Rochdale,ROC,1907,Crown Oil Arena,"Rochdale, Greater Manchester"
42,League Two,2022,1342,Walsall,WAL,1888,Poundland Bescot Stadium,"Walsall, West Midlands"
42,League Two,2022,1343,Bradford,BRA,1903,University of Bradford Stadium,"Bradford, West Yorkshire"
42,League Two,2022,1347,Gillingham,GIL,1893,Priestfield Stadium,"Gillingham, Kent"
42,League Two,2022,1353,Swindon Town,SWI,1879,The County Ground,"Swindon, Wiltshire"
42,League Two,2022,1354,Doncaster,DON,1879,Eco-Power Stadium,"Doncaster, South Yorkshire"
42,League Two,2022,1361,Colchester,COL,1937,JobServe Community Stadium,"Colchester, Essex"
42,League Two,2022,1362,Crawley Town,CRA,1896,Broadfield Stadium,"Crawley, West Sussex"
42,League Two,2022,1363,Crewe,CRE,1877,Mornflake Stadium,"Crewe, Cheshire"
42,League Two,2022,1365,Grimsby,GRI,1878,Blundell Park,"Cleethorpes, North East Lincolnshire"
42,League Two,2022,1366,Hartlepool,HAR,1908,The Suit Direct Stadium,"Hartlepool, County Durham"
42,League Two,2022,1367,Newport County,NEW,1989,Rodney Parade,Casnewydd
42,League Two,2022,1368,Stevenage,STE,1976,The Lamex Stadium,"Stevenage, Hertfordshire"
42,League Two,2022,1371,Carlisle,CAR,1903,Brunton Park,"Carlisle, Cumbria"
42,League Two,2022,1373,Leyton Orient,LEY,1881,Brisbane Road,London
42,League Two,2022,1374,Mansfield Town,MAN,1897,One Call Stadium,"Mansfield, Nottinghamshire"
42,League Two,2022,1381,Tranmere,TRA,1884,Prenton Park,"Birkenhead, Merseyside"
42,League Two,2022,1819,Barrow,BAR,1901,SO Legal Stadium,"Barrow-in-Furness, Cumbria"
42,League Two,2022,1835,Sutton Utd,SUT,1898,VBS Community Stadium,"Sutton, Surrey"
42,League Two,2022,1842,Harrogate Town,HAR,1914,EnviroVent Stadium,"Harrogate, North Yorkshire"
42,League Two,2022,1844,Salford City,,,The Peninsula Stadium,"Salford, Greater Manchester"
42,League Two,2022,4686,Stockport County,STO,1883,Edgeley Park,"Stockport, Greater Manchester"
42,League Two,2023,1333,AFC Wimbledon,WIM,2002,The Cherry Red Records Stadium,London
42,League Two,2023,1342,Walsall,WAL,1888,Poundland Bescot Stadium,"Walsall, West Midlands"
42,League Two,2023,1343,Bradford,BRA,1903,University of Bradford Stadium,"Bradford, West Yorkshire"
42,League Two,2023,1347,Gillingham,GIL,1893,Priestfield Stadium,"Gillingham, Kent"
42,League Two,2023,1348,Milton Keynes Dons,MIL,2004,Stadium mk,"Milton Keynes, Buckinghamshire"
42,League Two,2023,1353,Swindon Town,SWI,1879,The County Ground,"Swindon, Wiltshire"
42,League Two,2023,1354,Doncaster,DON,1879,Eco-Power Stadium,"Doncaster, South Yorkshire"
42,League Two,2023,1360,Accrington ST,ACC,1891,Wham Stadium,"Accrington, Lancashire"
42,League Two,2023,1361,Colchester,COL,1937,JobServe Community Stadium,"Colchester, Essex"
42,League Two,2023,1362,Crawley Town,CRA,1896,Broadfield Stadium,"Crawley, West Sussex"
42,League Two,2023,1363,Crewe,CRE,1877,Mornflake Stadium,"Crewe, Cheshire"
42,League Two,2023,1365,Grimsby,GRI,1878,Blundell Park,"Cleethorpes, North East Lincolnshire"
42,League Two,2023,1367,Newport County,NEW,1989,Rodney Parade,Casnewydd
42,League Two,2023,1374,Mansfield Town,MAN,1897,One Call Stadium,"Mansfield, Nottinghamshire"
42,League Two,2023,1375,Morecambe,MOR,1920,Mazuma Stadium,"Morecambe, Lancashire"
42,League Two,2023,1376,Notts County,NOT,1862,Meadow Lane,"Nottingham, Nottinghamshire"
42,League Two,2023,1378,Forest Green,FOR,1890,The Bolt New Lawn,"Nailsworth, Gloucestershire"
42,League Two,2023,1381,Tranmere,TRA,1884,Prenton Park,"Birkenhead, Merseyside"
42,League Two,2023,1819,Barrow,BAR,1901,SO Legal Stadium,"Barrow-in-Furness, Cumbria"
42,League Two,2023,1835,Sutton Utd,SUT,1898,VBS Community Stadium,"Sutton, Surrey"
42,League Two,2023,1837,Wrexham,WRE,1872,STōK Cae Ras,Wrecsam
42,League Two,2023,1842,Harrogate Town,HAR,1914,EnviroVent Stadium,"Harrogate, North Yorkshire"
42,League Two,2023,1844,Salford City,,,The Peninsula Stadium,"Salford, Greater Manchester"
42,League Two,2023,4686,Stockport County,STO,1883,Edgeley Park,"Stockport, Greater Manchester"
42,League Two,2024,1333,AFC Wimbledon,WIM,2002,The Cherry Red Records Stadium,London
42,League Two,2024,1336,Fleetwood Town,FLE,1908,Highbury Stadium,"Fleetwood, Lancashire"
42,League Two,2024,1342,Walsall,WAL,1888,Poundland Bescot Stadium,"Walsall, West Midlands"
42,League Two,2024,1343,Bradford,BRA,1903,University of Bradford Stadium,"Bradford, West Yorkshire"
42,League Two,2024,1345,Chesterfield,CHE,1867,SMH Group Stadium,"Chesterfield, Derbyshire"
42,League Two,2024,1347,Gillingham,GIL,1893,Priestfield Stadium,"Gillingham, Kent"
42,League Two,2024,1348,Milton Keynes Dons,MIL,2004,Stadium mk,"Milton Keynes, Buckinghamshire"
42,League Two,2024,1351,Port Vale,POR,1876,Vale Park,"Stoke-on-Trent, Staffordshire"
42,League Two,2024,1353,Swindon Town,SWI,1879,The County Ground,"Swindon, Wiltshire"
42,League Two,2024,1354,Doncaster,DON,1879,Eco-Power Stadium,"Doncaster, South Yorkshire"
42,League Two,2024,1360,Accrington ST,ACC,1891,Wham Stadium,"Accrington, Lancashire"
42,League Two,2024,1361,Colchester,COL,1937,JobServe Community Stadium,"Colchester, Essex"
42,League Two,2024,1363,Crewe,CRE,1877,Mornflake Stadium,"Crewe, Cheshire"
42,League Two,2024,1365,Grimsby,GRI,1878,Blundell Park,"Cleethorpes, North East Lincolnshire"
42,League Two,2024,1367,Newport County,NEW,1989,Rodney Parade,Casnewydd
42,League Two,2024,1371,Carlisle,CAR,1903,Brunton Park,"Carlisle, Cumbria"
42,League Two,2024,1372,Cheltenham,CHE,1887,Completely-Suzuki Stadium,"Cheltenham, Gloucestershire"
42,League Two,2024,1375,Morecambe,MOR,1920,Mazuma Stadium,"Morecambe, Lancashire"
42,League Two,2024,1376,Notts County,NOT,1862,Meadow Lane,"Nottingham, Nottinghamshire"
42,League Two,2024,1381,Tranmere,TRA,1884,Prenton Park,"Birkenhead, Merseyside"
42,League Two,2024,1819,Barrow,BAR,1901,SO Legal Stadium,"Barrow-in-Furness, Cumbria"
42,League Two,2024,1832,Bromley,BRO,1892,RELOC8 EM Community Stadium,London
42,League Two,2024,1842,Harrogate Town,HAR,1914,EnviroVent Stadium,"Harrogate, North Yorkshire"
42,League Two,2024,1844,Salford City,,,The Peninsula Stadium,"Salford, Greater Manchester"
45,FA Cup,2022,33,Manchester United,MUN,1878,Old Trafford,Manchester
45,FA Cup,2022,34,Newcastle,NEW,1892,St. James' Park,Newcastle upon Tyne
45,FA Cup,2022,35,Bournemouth,BOU,1899,Vitality Stadium,"Bournemouth, Dorset"
45,FA Cup,2022,36,Fulham,FUL,1879,Craven Cottage,London
45,FA Cup,2022,37,Huddersfield,HUD,1908,John Smith's Stadium,"Huddersfield, West Yorkshire"
45,FA Cup,2022,38,Watford,WAT,1881,Vicarage Road,Watford
45,FA Cup,2022,39,Wolves,WOL,1877,Molineux Stadium,"Wolverhampton, West Midlands"
45,FA Cup,2022,40,Liverpool,LIV,1892,Anfield,Liverpool
45,FA Cup,2022,41,Southampton,SOU,1885,St. Mary's Stadium,"Southampton, Hampshire"
45,FA Cup,2022,42,Arsenal,ARS,1886,Emirates Stadium,London
45,FA Cup,2022,43,Cardiff,CAR,1889,Cardiff City Stadium,Caerdydd
45,FA Cup,2022,44,Burnley,BUR,1882,Turf Moor,Burnley
45,FA Cup,2022,45,Everton,EVE,1878,Hill Dickinson Stadium,"Liverpool, Merseyside"
45,FA Cup,2022,46,Leicester,LEI,1884,King Power Stadium,"Leicester, Leicestershire"
45,FA Cup,2022,47,Tottenham,TOT,1882,Tottenham Hotspur Stadium,London
45,FA Cup,2022,48,West Ham,WES,1895,London Stadium,London
45,FA Cup,2022,49,Chelsea,CHE,1905,Stamford Bridge,London
45,FA Cup,2022,50,Manchester City,MCI,1880,Etihad Stadium,Manchester
45,FA Cup,2022,51,Brighton,BRI,1901,American Express Stadium,"Falmer, East Sussex"
45,FA Cup,2022,52,Crystal Palace,CRY,1861,Selhurst Park,London
45,FA Cup,2022,53,Reading,REA,1871,Select Car Leasing Stadium,"Reading, Berkshire"
45,FA Cup,2022,54,Birmingham,BIR,1875,St Andrew's Stadium,Birmingham
45,FA Cup,2022,55,Brentford,BRE,1889,Gtech Community Stadium,"Brentford, Middlesex"
45,FA Cup,2022,56,Bristol City,BRI,1894,Ashton Gate Stadium,Bristol
45,FA Cup,2022,57,Ipswich,IPS,1878,Portman Road,"Ipswich, Suffolk"
45,FA Cup,2022,58,Millwall,MIL,1885,The Den,London
45,FA Cup,2022,59,Preston,PRE,1863,Deepdale,Preston
45,FA Cup,2022,60,West Brom,WES,1878,The Hawthorns,West Bromwich
45,FA Cup,2022,61,Wigan,WIG,1932,DW Stadium,Wigan
45,FA Cup,2022,62,Sheffield Utd,SHE,1889,Bramall Lane,Sheffield
45,FA Cup,2022,63,Leeds,LEE,1919,Elland Road,"Leeds, West Yorkshire"
45,FA Cup,2022,64,Hull City,HUL,1904,The MKM Stadium,Hull
45,FA Cup,2022,65,Nottingham Forest,NOT,1865,The City Ground,"Nottingham, Nottinghamshire"
45,FA Cup,2022,66,Aston Villa,AST,1874,Villa Park,Birmingham
45,FA Cup,2022,67,Blackburn,BLA,1875,Ewood Park,"Blackburn, Lancashire"
45,FA Cup,2022,68,Bolton,BOL,1874,Toughsheet Community Stadium,Bolton
45,FA Cup,2022,69,Derby,DER,1884,Pride Park Stadium,Derby
45,FA Cup,2022,70,Middlesbrough,MID,1876,Riverside Stadium,Middlesbrough
45,FA Cup,2022,71,Norwich,NOR,1902,Carrow Road,"Norwich, Norfolk"
45,FA Cup,2022,72,QPR,QPR,1885,MATRADE Loftus Road,London
45,FA Cup,2022,73,Rotherham,ROT,1870,AESSEAL New York Stadium,"Rotherham, South Yorkshire"
45,FA Cup,2022,74,Sheffield Wednesday,SHE,1867,Hillsborough,Sheffield
45,FA Cup,2022,75,Stoke City,STO,1868,bet365 Stadium,"Stoke-on-Trent, Staffordshire"
45,FA Cup,2022,76,Swansea,SWA,1912,Swansea.com Stadium,Swansea
45,FA Cup,2022,746,Sunderland,SUN,1879,Stadium of Light,Sunderland
45,FA Cup,2022,747,Barnsley,BAR,1887,Oakwell,"Barnsley, South Yorkshire"
45,FA Cup,2022,748,Burton Albion,BUR,1950,Pirelli Stadium,"Burton-upon-Trent, Staffordshire"
45,FA Cup,2022,1333,AFC Wimbledon,WIM,2002,The Cherry Red Records Stadium,London
45,FA Cup,2022,1334,Bristol Rovers,BRI,1883,Memorial Stadium,"Bristol, Gloucestershire"
45,FA Cup,2022,1335,Charlton,CHA,1905,The Valley,London
45,FA Cup,2022,1336,Fleetwood Town,FLE,1908,Highbury Stadium,"Fleetwood, Lancashire"
45,FA Cup,2022,1337,Northampton,NOR,1897,Sixfields Stadium,"Northampton, East Midlands"
45,FA Cup,2022,1338,Oxford United,OXF,1893,The Kassam Stadium,"Oxford, Oxfordshire"
45,FA Cup,2022,1339,Rochdale,ROC,1907,Crown Oil Arena,"Rochdale, Greater Manchester"
45,FA Cup,2022,1340,Scunthorpe,SCU,1899,Attis Arena,Scunthorpe
45,FA Cup,2022,1341,Southend,SOU,1906,Roots Hall,"Southend-on-Sea, Essex"
45,FA Cup,2022,1342,Walsall,WAL,1888,Poundland Bescot Stadium,"Walsall, West Midlands"
45,FA Cup,2022,1343,Bradford,BRA,1903,University of Bradford Stadium,"Bradford, West Yorkshire"
45,FA Cup,2022,1345,Chesterfield,CHE,1867,SMH Group Stadium,"Chesterfield, Derbyshire"
45,FA Cup,2022,1346,Coventry,COV,1883,The Coventry Building Society Arena,"Coventry, West Midlands"
45,FA Cup,2022,1347,Gillingham,GIL,1893,Priestfield Stadium,"Gillingham, Kent"
45,FA Cup,2022,1348,Milton Keynes Dons,MIL,2004,Stadium mk,"Milton Keynes, Buckinghamshire"
45,FA Cup,2022,1349,Oldham,OLD,1895,Boundary Park,"Oldham, Greater Manchester"
45,FA Cup,2022,1350,Peterborough,PET,1934,Weston Homes Stadium,Peterborough
45,FA Cup,2022,1351,Port Vale,POR,1876,Vale Park,"Stoke-on-Trent, Staffordshire"
45,FA Cup,2022,1352,Shrewsbury,SHR,1886,The Croud Meadow,"Shrewsbury, Shropshire"
45,FA Cup,2022,1353,Swindon Town,SWI,1879,The County Ground,"Swindon, Wiltshire"
45,FA Cup,2022,1354,Doncaster,DON,1879,Eco-Power Stadium,"Doncaster, South Yorkshire"
45,FA Cup,2022,1355,Portsmouth,POR,1898,Fratton Park,Portsmouth
45,FA Cup,2022,1356,Blackpool,BLA,1887,Bloomfield Road,"Blackpool, Lancashire"
45,FA Cup,2022,1357,Plymouth,PLY,1886,Home Park,Plymouth
45,FA Cup,2022,1358,Wycombe,WYC,1887,Adams Park,"High Wycombe, Buckinghamshire"
45,FA Cup,2022,1359,Luton,LUT,1885,Kenilworth Road,"Luton, Bedfordshire"
45,FA Cup,2022,1360,Accrington ST,ACC,1891,Wham Stadium,"Accrington, Lancashire"
45,FA Cup,2022,1361,Colchester,COL,1937,JobServe Community Stadium,"Colchester, Essex"
45,FA Cup,2022,1362,Crawley Town,CRA,1896,Broadfield Stadium,"Crawley, West Sussex"
45,FA Cup,2022,1363,Crewe,CRE,1877,Mornflake Stadium,"Crewe, Cheshire"
45,FA Cup,2022,1364,Exeter City,EXE,1904,St James Park,"Exeter, Devon"
45,FA Cup,2022,1365,Grimsby,GRI,1878,Blundell Park,"Cleethorpes, North East Lincolnshire"
45,FA Cup,2022,1366,Hartlepool,HAR,1908,The Suit Direct Stadium,"Hartlepool, County Durham"
45,FA Cup,2022,1367,Newport County,NEW,1989,Rodney Parade,Casnewydd
45,FA Cup,2022,1368,Stevenage,STE,1976,The Lamex Stadium,"Stevenage, Hertfordshire"
45,FA Cup,2022,1369,Barnet,BAR,1888,The Hive Stadium,London
45,FA Cup,2022,1370,Cambridge United,CAM,1912,Abbey Stadium,"Cambridge, Cambridgeshire"
45,FA Cup,2022,1371,Carlisle,CAR,1903,Brunton Park,"Carlisle, Cumbria"
45,FA Cup,2022,1372,Cheltenham,CHE,1887,Completely-Suzuki Stadium,"Cheltenham, Gloucestershire"
45,FA Cup,2022,1373,Leyton Orient,LEY,1881,Brisbane Road,London
45,FA Cup,2022,1374,Mansfield Town,MAN,1897,One Call Stadium,"Mansfield, Nottinghamshire"
45,FA Cup,2022,1375,Morecambe,MOR,1920,Mazuma Stadium,"Morecambe, Lancashire"
45,FA Cup,2022,1376,Notts County,NOT,1862,Meadow Lane,"Nottingham, Nottinghamshire"
45,FA Cup,2022,1377,Yeovil Town,YEO,1895,Huish Park Stadium,"Yeovil, Somerset"
45,FA Cup,2022,1378,Forest Green,FOR,1890,The Bolt New Lawn,"Nailsworth, Gloucestershire"
45,FA Cup,2022,1379,Lincoln,LNC,1884,LNER Stadium,"Lincoln, Lincolnshire"
45,FA Cup,2022,1380,Macclesfield,MAC,2020,The Leasing.com Stadium,"Macclesfield, Cheshire"
45,FA Cup,2022,1381,Tranmere,TRA,1884,Prenton Park,"Birkenhead, Merseyside"
45,FA Cup,2022,1818,Aldershot Town,ALD,1992,Electrical Services Stadium,"Aldershot, Hampshire"
45,FA Cup,2022,1819,Barrow,BAR,1901,SO Legal Stadium,"Barrow-in-Furness, Cumbria"
45,FA Cup,2022,1820,Chester,CHE,2010,Deva Stadium,"Chester, Cheshire"
45,FA Cup,2022,1821,Dagenham & Redbridge,DAG,1992,Chigwell Construction Stadium,"Dagenham, Essex"
45,FA Cup,2022,1822,Eastleigh,EAS,1949,Silverlake Stadium,"Eastleigh, Hampshire"
45,FA Cup,2022,1823,Gateshead,GAT,1889,Gateshead International Stadium,"Gateshead, Tyne and Wear"
45,FA Cup,2022,1824,Guiseley AFC,GUI,1909,Nethermoor Park,"Guiseley, West Yorkshire"
45,FA Cup,2022,1825,Maidstone Utd,MAI,1992,Gallagher Stadium,"Maidstone, Kent"
45,FA Cup,2022,1826,Southport,SOU,1881,The BIG HELP Stadium,"Southport, Merseyside"
45,FA Cup,2022,1827,Torquay,TOR,1899,Plainmoor Ground,"Torquay, Devon"
45,FA Cup,2022,1828,York,YOR,1922,LNER Community Stadium,"York, North Yorkshire"
45,FA Cup,2022,1829,Dover,DOV,1983,The Perrys Crabble Stadium,"Dover, Kent"
45,FA Cup,2022,1830,Boreham Wood,BOR,1948,Meadow Park,"Borehamwood, Hertfordshire"
45,FA Cup,2022,1831,Braintree,BRA,1898,Cressing Road Stadium,"Braintree, Essex"
45,FA Cup,2022,1832,Bromley,BRO,1892,RELOC8 EM Community Stadium,London
45,FA Cup,2022,1834,Solihull Moors,SOL,2007,ARMCO Arena,"Solihull, West Midlands"
45,FA Cup,2022,1835,Sutton Utd,SUT,1898,VBS Community Stadium,"Sutton, Surrey"
45,FA Cup,2022,1836,Woking,WOK,1889,The Laithwaite Community Stadium,"Woking, Surrey"
45,FA Cup,2022,1837,Wrexham,WRE,1872,STōK Cae Ras,Wrecsam
45,FA Cup,2022,1838,Maidenhead,MAI,1870,York Road Stadium,"Maidenhead, Berkshire"
45,FA Cup,2022,1839,AFC Fylde,FYL,1988,Mill Farm Stadium,Wesham
45,FA Cup,2022,1840,Ebbsfleet United,EBB,1946,Kuflink Stadium,"Northfleet, Kent"
45,FA Cup,2022,1841,FC Halifax Town,HAL,2008,The Shay Stadium,"Halifax, West Yorkshire"
45,FA Cup,2022,1842,Harrogate Town,HAR,1914,EnviroVent Stadium,"Harrogate, North Yorkshire"
45,FA Cup,2022,1843,Havant & Wville,HAV,1998,Westleigh Park,"Havant, Hampshire"
45,FA Cup,2022,1844,Salford City,,,The Peninsula Stadium,"Salford, Greater Manchester"
45,FA Cup,2022,4677,Alfreton Town,ALF,1959,The Impact Arena,"Alfreton, Derbyshire"
45,FA Cup,2022,4678,Billericay Town,BIL,1880,AGP Arena,"Billericay, Essex"
45,FA Cup,2022,4679,Chorley,CHO,1883,Victory Park,"Chorley, Lancashire"
45,FA Cup,2022,4680,Hampton & Richmond,HAM,1921,Beveree Stadium,"Hampton, Middlesex"
45,FA Cup,2022,4681,Haringey Borough,,1973,Coles Park,London
45,FA Cup,2022,4682,Hitchin Town,HIT,,Top Field,"Hitchin, Hertfordshire"
45,FA Cup,2022,4683,Metropolitan Police,MET,1919,Imber Court,"East Molesey, Surrey"
45,FA Cup,2022,4684,Oxford City,OXF,1882,RAW Charging Stadium,"Oxford, Oxfordshire"
45,FA Cup,2022,4685,Slough Town,,,Arbour Park,"Slough, Buckinghamshire"
45,FA Cup,2022,4686,Stockport County,STO,1883,Edgeley Park,"Stockport, Greater Manchester"
45,FA Cup,2022,4687,Weston-super-Mare,WES,1887,The Optima Stadium,"Weston-super-Mare, Somerset"
45,FA Cup,2022,4688,AFC Telford United,TEL,2004,New Bucks Head Ground,"Telford, Shropshire"
45,FA Cup,2022,4689,Chelmsford City,CHE,1938,Melbourne Stadium,"Chelmsford, Essex"
45,FA Cup,2022,4690,Dartford,DAR,1888,Princes Park,"Dartford, Kent"
45,FA Cup,2022,4691,Gainsborough Trinity,GAI,1873,Kal Group Stadium,"Gainsborough, Lincolnshire"
45,FA Cup,2022,4692,Hereford,,2015,Edgar Street Athletic Ground,"Hereford, Herefordshire"
45,FA Cup,2022,4693,Heybridge Swifts,HEY,,First Call Community Stadium,"Maldon, Essex"
45,FA Cup,2022,4694,Hyde United,HYD,1919,Project Solar UK Stadium,"Hyde, Cheshire"
45,FA Cup,2022,4695,Kidderminster Harriers,KID,1886,Aggborough Stadium,"Kidderminster, Worcestershire"
45,FA Cup,2022,4696,Leatherhead,,1907,Fetcham Grove,"Leatherhead, Surrey"
45,FA Cup,2022,4697,Nantwich Town,NAN,1884,Optimum Pay Stadium,"Nantwich, Cheshire"
45,FA Cup,2022,4699,Truro City,TRU,1889,Truro Sports Hub,"Truro, Cornwall"
45,FA Cup,2022,4700,Altrincham,ALT,1903,The J. Davidson Stadium,"Altrincham, Cheshire"
45,FA Cup,2022,4701,Brackley Town,BRA,,St. James Park,"Brackley, Northamptonshire"
45,FA Cup,2022,4702,Chesham United,CHE,1917,The Meadow,"Chesham, Buckinghamshire"
45,FA Cup,2022,4703,Curzon Ashton,CUR,1963,Tameside Stadium,"Ashton-under-Lyne, Lancashire"
45,FA Cup,2022,4704,Eastbourne Borough,EAS,1964,ReachTV Stadium,"Eastbourne, East Sussex"
45,FA Cup,2022,4705,Harrow Borough,HAR,1933,Earlsmead Stadium,"South Harrow, Middlesex"
45,FA Cup,2022,4706,Merstham,,1892,Moatside Stadium,"Merstham, Surrey"
45,FA Cup,2022,4707,Spennymoor Town,,1931,The Brewery Field,"Spennymoor, County Durham"
45,FA Cup,2022,4708,St Albans City,ALB,1908,Clarence Park,"St. Albans, Hertfordshire"
45,FA Cup,2022,4709,Stamford,STA,,The Zeeco Stadium,"Stamford, Lincolnshire"
45,FA Cup,2022,4710,Stourbridge,STO,1876,War Memorial Athletic Ground,"Stourbridge, West Midlands"
45,FA Cup,2022,4711,Taunton Town,,,Cygnet Health Care Stadium,"Taunton, Somerset"
45,FA Cup,2022,4712,Westfields,,1966,Allpay Park,"Hereford, Herefordshire"
45,FA Cup,2022,4713,Whitehawk,WHI,1945,The Enclosed Ground,"Brighton, East Sussex"
45,FA Cup,2022,7205,AFC Sudbury,SUD,1999,MEL Group Stadium,"Sudbury, Suffolk"
45,FA Cup,2022,7206,Ashford United,,,The Homelands,"Ashford, Kent"
45,FA Cup,2022,7207,Aveley,,1927,Parkside Stadium,"Aveley, Essex"
45,FA Cup,2022,7208,Aylesbury United,,1897,The Meadow,"Chesham, Buckinghamshire"
45,FA Cup,2022,7209,Barking,,1880,Mayesbrook Park,"Dagenham, Essex"
45,FA Cup,2022,7210,Barnstaple Town,,,Mill Road,"Barnstaple, Devon"
45,FA Cup,2022,7211,Basildon United,,,The Ho Ho Stadium,"Basildon, Essex"
45,FA Cup,2022,7212,Bedfont Sports,,1962,Bedfont Sports Recreation Ground,"Bedfont, Greater London"
45,FA Cup,2022,7213,Bedworth United,,1895,The Oval,"Bedworth, Warwickshire"
45,FA Cup,2022,7214,Berkhamsted,,2009,Broadwater,"Berkhamsted, Hertfordshire"
45,FA Cup,2022,7215,Bideford,BID,1946,The Sports Ground,"Bideford, Devon"
45,FA Cup,2022,7216,Brentwood Town,,1954,The Brentwood Centre Arena,"Brentwood, Essex"
45,FA Cup,2022,7217,Burgess Hill Town,,1882,Home Call Carpets Community Stadium,"Burgess Hill, West Sussex"
45,FA Cup,2022,7218,Cambridge City,CAM,1908,FWD-IP Community Stadium,"Sawston, Cambridgeshire"
45,FA Cup,2022,7219,Chipstead,,1906,High Road,"Chipstead, Surrey"
45,FA Cup,2022,7220,Cinderford Town,,,The Causeway,"Cinderford, Gloucestershire"
45,FA Cup,2022,7221,Corby Town,COR,1948,Steel Park,"Corby, Northamptonshire"
45,FA Cup,2022,7222,Didcot Town,,1907,Christchurch Homes Loop Meadow,"Didcot, Oxfordshire"
45,FA Cup,2022,7224,East Grinstead Town,,1890,The Vistavis Community Stadium,"East Grinstead, West Sussex"
45,FA Cup,2022,7225,FC Romania,,2006,The Stadium Cheshunt,"Cheshunt, Hertfordshire"
45,FA Cup,2022,7226,Frome Town,FRO,,AlderSmith Stadium,"Frome, Somerset"
45,FA Cup,2022,7227,Glossop North End,,,The Asgard Engineering Stadium,"Glossop, Derbyshire"
45,FA Cup,2022,7228,Grays Athletic,GRA,1890,Parkside Stadium,"Aveley, Essex"
45,FA Cup,2022,7229,Great Wakering Rovers,,1919,Burroughs Park,"Great Wakering, Essex"
45,FA Cup,2022,7231,Hastings United,HAS,1894,The Pilot Field,"Hastings, Sussex"
45,FA Cup,2022,7232,Herne Bay,,1886,Winch's Field,"Herne Bay, Kent"
45,FA Cup,2022,7233,Highworth Town,,1894,Save On Tyres Stadium,"Highworth, Wiltshire"
45,FA Cup,2022,7234,Histon,HIS,1904,Glassworld Stadium,"Impington, Cambridgeshire"
45,FA Cup,2022,7235,Hythe Town,HYT,,Reachfields Stadium,"Hythe, Kent"
45,FA Cup,2022,7236,Ilkeston Town,ILK,2017,New Manor Ground,"Ilkeston, Derbyshire"
45,FA Cup,2022,7237,Kendal Town,,1919,The Westmoreland Flooring Stadium,"Kendal, Cumbria"
45,FA Cup,2022,7238,Larkhall Athletic,,,The Plain Ham Ground,"Bath, Somerset"
45,FA Cup,2022,7239,Leek Town,LEE,,F. Ball Community Stadium,"Leek, Staffordshire"
45,FA Cup,2022,7240,Market Drayton Town,,,Greenfields Sports Ground,"Market Drayton, Shropshire"
45,FA Cup,2022,7241,Melksham Town,,,Oakfield Stadium,"Melksham, Wiltshire"
45,FA Cup,2022,7242,Newcastle Town,,,Red Industries Lyme Valley Stadium,"Newcastle-under-Lyme, Staffordshire"
45,FA Cup,2022,7243,Northwood,,,Skyline Roofing Stadium,London
45,FA Cup,2022,7244,Paulton Rovers,,,Athletic Field,"Paulton, Somerset"
45,FA Cup,2022,7245,Phoenix Sports,,,Phoenix Sports FC Ground,"Bexleyheath, Kent"
45,FA Cup,2022,7246,Pickering Town,,,Mill Lane,"Pickering, North Yorkshire"
45,FA Cup,2022,7247,Pontefract Collieries,,,The Hunters Stadium,"Pontefract, West Yorkshire"
45,FA Cup,2022,7248,Romford,,1876,The Brentwood Centre Arena,"Brentwood, Essex"
45,FA Cup,2022,7249,Sevenoaks Town,,,The Bourne Stadium,"Sevenoaks, Kent"
45,FA Cup,2022,7250,Sittingbourne,,,Woodstock Park,"Sittingbourne, Kent"
45,FA Cup,2022,7251,South Park,,1897,King George's Field,"Reigate, Surrey"
45,FA Cup,2022,7252,Stocksbridge Park Steels,STO,1986,Bracken Moor,"Stocksbridge, South Yorkshire"
45,FA Cup,2022,7253,Sutton Coldfield Town,,,Central Ground,"Sutton Coldfield, West Midlands"
45,FA Cup,2022,7254,Thatcham Town,,,Waterside Park,"Thatcham, Berkshire"
45,FA Cup,2022,7255,Tilbury,,1900,Chadfields,"Tilbury, Essex"
45,FA Cup,2022,7256,Tooting & Mitcham United,,1932,Tooting & Mitcham Community Sports Club,"Morden, Surrey"
45,FA Cup,2022,7257,Uxbridge,,,Honeycroft,London
45,FA Cup,2022,7258,VCD Athletic,,1916,The Oakwood,"Crayford, Kent"
45,FA Cup,2022,7259,Waltham Abbey,,1944,Capershotts,"Waltham Abbey, Essex"
45,FA Cup,2022,7260,Wantage Town,,1892,Alfredian Park,"Wantage, Oxfordshire"
45,FA Cup,2022,7261,Westfield (Surrey),,1953,Woking Park,"Woking, Surrey"
45,FA Cup,2022,7263,Willand Rovers,,1946,The Stan Robinson Stadium,"Willand, Devon"
45,FA Cup,2022,7264,Witham Town,,,Simarco Stadium,"Witham, Essex"
45,FA Cup,2022,7265,Workington,WOR,1921,Borough Park,"Workington, Cumbria"
45,FA Cup,2022,7266,Worksop Town,,1861,Windsor Foodservice Stadium,"Worksop, Nottinghamshire"
45,FA Cup,2022,7267,Yaxley,,1962,Leading Drove,"Yaxley, Cambridgeshire"
45,FA Cup,2022,7610,AFC Dunstable,,,Creasey Park Community Football Centre,"Dunstable, Bedfordshire"
45,FA Cup,2022,7611,AFC Kempston Rovers,,1884,Hillgrounds Leisure,"Kempston, Bedfordshire"
45,FA Cup,2022,7612,AFC Totton,AFC,,Snows Stadium,"Totton, Hampshire"
45,FA Cup,2022,7613,Ashford Town (Middlesex),,1965,The Robert Parker Stadium,"Stanwell, Surrey"
45,FA Cup,2022,7614,Barton Rovers,,1982,Sharpenhoe Road,"Barton-Le-Clay, Bedfordshire"
45,FA Cup,2022,7615,Basingstoke Town,BAS,1896,Charters Community Stadium,"Winchester, Hampshire"
45,FA Cup,2022,7616,Bedford Town,BED,1908,The New Eyrie,"Cardington, Bedfordshire"
45,FA Cup,2022,7617,Belper Town,,1883,Raygar Stadium,"Belper, Derbyshire"
45,FA Cup,2022,7618,Biggleswade,,2016,The New Eyrie,"Cardington, Bedfordshire"
45,FA Cup,2022,7619,Bracknell Town,,,The SB Stadium,"Sandhurst, Berkshire"
45,FA Cup,2022,7620,Brighouse Town,,,The Yorkshire Payments Stadium,"Brighouse, West Yorkshire"
45,FA Cup,2022,7621,Bristol Manor Farm,,1960,The Creek,Bristol
45,FA Cup,2022,7622,Bury Town,BUR,1872,Atalian Servest Stadium,"Bury St Edmunds, Suffolk"
45,FA Cup,2022,7623,Canvey Island,CAN,1926,The Steves Taxis Stadium,"Canvey Island, Essex"
45,FA Cup,2022,7624,Carlton Town,,,Bill Stokeld Stadium,"Nottingham, East Midlands"
45,FA Cup,2022,7625,Chalfont St Peter,,1926,Mill Meadow,"Chalfont St Peter, Buckinghamshire"
45,FA Cup,2022,7626,Chasetown,,1954,The Scholars Ground,"Burntwood, Staffordshire"
45,FA Cup,2022,7627,Chertsey Town,,1890,Alwyns Lane Football Ground,"Chertsey, Surrey"
45,FA Cup,2022,7628,Chichester City,,1873,Oaklands Park,"Chichester, West Sussex"
45,FA Cup,2022,7629,Cirencester Town,,1889,The Corinium Stadium,"Cirencester, Gloucestershire"
45,FA Cup,2022,7630,City of Liverpool,,,DCBL Stadium,"Widnes, Cheshire"
45,FA Cup,2022,7631,Cleethorpes Town,,,The myenergi Stadium,"Grimsby, Lincolnshire"
45,FA Cup,2022,7632,Clitheroe,,1877,The Loom Loft Stadium,"Clitheroe, Lancashire"
45,FA Cup,2022,7633,Coggeshall Town,,,West Street,"Coggeshall, Essex"
45,FA Cup,2022,7634,Coleshill Town,,1894,Pack Meadow,"Coleshill, Warwickshire"
45,FA Cup,2022,7635,Colne,,1996,Haffners Stadium,"Colne, Lancashire"
45,FA Cup,2022,7636,Cray Valley PM,CRA,1919,The Artic Stadium,London
45,FA Cup,2022,7637,Daventry Town,DAV,,Communications Park,"Daventry, Northamptonshire"
45,FA Cup,2022,7638,Dereham Town,,1884,Aldiss Park,"Dereham, Norfolk"
45,FA Cup,2022,7639,Dunston UTS,,1975,UTS Stadium,"Gateshead, Tyne and Wear"
45,FA Cup,2022,7640,Evesham United,,,The Spiers & Hartwell Jubilee Stadium,"Evesham, Worcestershire"
45,FA Cup,2022,7641,Faversham Town,,1884,Salters Lane,"Faversham, Kent"
45,FA Cup,2022,7642,Felixstowe & Walton Utd,,2000,AGL Arena,"Felixstowe, Suffolk"
45,FA Cup,2022,7643,Frickley Athletic,FRI,1910,Westfield Lane Stadium,"South Elmsall, West Yorkshire"
45,FA Cup,2022,7644,Halesowen Town,,1873,The Grove,"Halesowen, West Midlands"
45,FA Cup,2022,7645,Hanwell Town,,1920,The Powerday Stadium,London
45,FA Cup,2022,7646,Harlow Town,,1879,McCulloch's Stadium,"Harlow, Essex"
45,FA Cup,2022,7647,Haywards Heath Town,,,Hanbury Park,Haywards Heath
45,FA Cup,2022,7648,Hertford Town,,1908,Hertingfordbury Park,"Hertford, Hertfordshire"
45,FA Cup,2022,7649,Hullbridge Sports,,,Lower Road,Hullbridge
45,FA Cup,2022,7650,Kidlington,,1908,Yarnton Road,"Kidlington, Oxfordshire"
45,FA Cup,2022,7651,Kidsgrove Athletic,KID,,Autonet Insurance Stadium,"Kidsgrove, Staffordshire"
45,FA Cup,2022,7652,Lincoln United,,,Sun Hat Villas & Resorts Stadium,"Lincoln, Lincolnshire"
45,FA Cup,2022,7653,Loughborough Dynamo,,1955,Nanpantan Sports Ground,"Loughborough, Leicestershire"
45,FA Cup,2022,7654,Maldon & Tiptree,,,Drewitt-Barlow Stadium,"Maldon, Essex"
45,FA Cup,2022,7655,Mangotsfield United,MAN,1951,Cossham Street Stadium,"Mangotsfield, South Gloucestershire"
45,FA Cup,2022,7656,Marine,MAR,1894,The Marine Travel Arena,"Crosby, Merseyside"
45,FA Cup,2022,7657,Marlow,,,Alfred Davis Memorial Ground,"Marlow, Buckinghamshire"
45,FA Cup,2022,7658,Marske United,MAR,1956,GER Stadium,"Marske-by-the-Sea, Redcar and Cleveland"
45,FA Cup,2022,7659,Moneyfields,,1987,The John Jenkins Stadium,"Portsmouth, Hampshire"
45,FA Cup,2022,7660,Mossley,MOS,1903,Seel Park,"Mossley, Greater Manchester"
45,FA Cup,2022,7661,North Leigh,,,Eynsham Hall Park,"North Leigh, Oxfordshire"
45,FA Cup,2022,7662,Ossett United,,2018,Ingfield Stadium,"Ossett, West Yorkshire"
45,FA Cup,2022,7663,Prescot Cables,,1884,The Auto Safety Centre Stadium,"Prescot, Merseyside"
45,FA Cup,2022,7664,Ramsbottom United,RAM,1966,The Harry Williams Riverside Stadium,"Ramsbottom, Greater Manchester"
45,FA Cup,2022,7665,Ramsgate,,1886,WW Martin Community Stadium,"Ramsgate, Kent"
45,FA Cup,2022,7666,Runcorn Linnets,,2006,Runcorn Linnets' APEC Taxi's Stadium,"Runcorn, Cheshire"
45,FA Cup,2022,7667,Sheffield,SHE,1857,Home of Football Stadium,"Dronfield, North East Derbyshire"
45,FA Cup,2022,7668,Sholing,,,Mackoy Stadium,"Southampton, Hampshire"
45,FA Cup,2022,7669,Slimbridge,,,Thornhill Park,"Cambridge, Gloucestershire"
45,FA Cup,2022,7670,Soham Town Rangers,SOH,,Julius Martin Lane,"Soham, Cambridgeshire"
45,FA Cup,2022,7671,Spalding United,,,Sir Halley Stewart Field,"Spalding, Lincolnshire"
45,FA Cup,2022,7672,St Neots Town,NEO,1879,Rowley Park Stadium,"St Neots, Cambridgeshire"
45,FA Cup,2022,7674,Tadcaster Albion,,1892,Young Guns Arena,"Tadcaster, North Yorkshire"
45,FA Cup,2022,7675,Thame United,,,ASM Stadium,"Thame, Oxfordshire"
45,FA Cup,2022,7676,Three Bridges,,1901,Jubilee Field,"Crawley, West Sussex"
45,FA Cup,2022,7677,Trafford,TRA,1990,Pennybridge Lane,"Flixton, Greater Manchester"
45,FA Cup,2022,7678,Ware,,1892,Wodson Park,"Ware, Hertfordshire"
45,FA Cup,2022,7679,Welwyn Garden City,,,Herns Way,"Welwyn Garden City, Hertfordshire"
45,FA Cup,2022,7680,Whitstable Town,WHI,1886,The Belmont Ground,"Whitstable, Kent"
45,FA Cup,2022,7681,Widnes,,,Select Security Stadium,"Widnes, Cheshire"
45,FA Cup,2022,7682,Winchester City,,1884,Charters Community Stadium,"Winchester, Hampshire"
45,FA Cup,2022,7683,Wisbech Town,,,Fountain Fresh Park,"Wisbech, Cambridgeshire"
45,FA Cup,2022,7690,AFC Hornchurch,HOR,2005,Hornchurch Stadium,London
45,FA Cup,2022,7691,AFC Rushden & Diamonds,,2011,Hayden Road,"Rushden, Northamptonshire"
45,FA Cup,2022,7692,Alvechurch,,,Lye Meadow,"Alvechurch, Worcestershire"
45,FA Cup,2022,7693,Ashton United,,1878,Hurst Cross,"Ashton-under-Lyne, Greater Manchester"
45,FA Cup,2022,7694,Atherton Collieries,,,The Skuna Stadium,"Atherton, Greater Manchester"
45,FA Cup,2022,7695,Bamber Bridge,,1974,Sir Tom Finney Stadium,"Preston, Lancashire"
45,FA Cup,2022,7696,Banbury United,BAN,1931,Banbury Plant Hire Community Stadium,"Banbury, Oxfordshire"
45,FA Cup,2022,7697,Barwell,BRW,,Kirkby Road,"Barwell, Leicestershire"
45,FA Cup,2022,7698,Basford United,,,Greenwich Avenue,"Nottingham, Nottinghamshire"
45,FA Cup,2022,7699,Beaconsfield Town,,1994,Holloways Park,"Beaconsfield, Buckinghamshire"
45,FA Cup,2022,7700,Biggleswade Town,BIG,,The Carlsberg Stadium,"Biggleswade, Bedfordshire"
45,FA Cup,2022,7701,Bishop's Stortford,BIS,1874,The RDA Stadium,"Bishop&apos;s Stortford, Hertfordshire"
45,FA Cup,2022,7702,Blackfield & Langley,,1935,Gang Warily Community & Recreation Centre,"Blackfield, Hampshire"
45,FA Cup,2022,7703,Bognor Regis Town,BOG,1883,MKM Arena,"Bognor Regis, West Sussex"
45,FA Cup,2022,7704,Brightlingsea Regent,,2005,North Road,"Brightlingsea, Essex"
45,FA Cup,2022,7705,Bromsgrove Sporting,,,The Victoria Ground,"Bromsgrove, Worcestershire"
45,FA Cup,2022,7706,Buxton,BUX,1877,The Silverlands,"Buxton, Derbyshire"
45,FA Cup,2022,7707,Carshalton Athletic,CAR,0,War Memorial Sports Ground,"Carshalton, Surrey"
45,FA Cup,2022,7708,Cheshunt,,1946,The Stadium Cheshunt,"Cheshunt, Hertfordshire"
45,FA Cup,2022,7709,Coalville Town,COA,1926,Owen Street Sports Ground,"Coalville, Leicestershire"
45,FA Cup,2022,7710,Corinthian-Casuals,,1882,King George's Field,London
45,FA Cup,2022,7711,Cray Wanderers,,1860,Flamingo Park,London
45,FA Cup,2022,7712,Dorchester Town,DOR,1880,Clayson Stadium,"Dorchester, Dorset"
45,FA Cup,2022,7713,East Thurrock United,EAS,1969,Rookery Hill,"Corringham, Essex"
45,FA Cup,2022,7714,Enfield Town,ENF,2001,Dave Bryant Stadium,London
45,FA Cup,2022,7715,Farnborough,FAR,,Saunders Transport Community Stadium,"Farnborough, Hampshire"
45,FA Cup,2022,7716,Folkestone Invicta,FOL,1936,The Alcaline Stadium,"Folkestone, Kent"
45,FA Cup,2022,7717,Gosport Borough,GOS,1944,Privett Park,"Gosport, Hampshire"
45,FA Cup,2022,7718,Grantham Town,GRA,,South Kesteven Stadium,"Grantham, Lincolnshire"
45,FA Cup,2022,7719,Hartley Wintney,HAR,,The Memorial Playing Fields,"Hartley Wintney, Hampshire"
45,FA Cup,2022,7720,Hayes & Yeading United,HAY,2007,The SKYex Community Stadium,London
45,FA Cup,2022,7721,Hednesford Town,HED,1880,Keys Park,"Hednesford, Staffordshire"
45,FA Cup,2022,7722,Hendon,HEN,1908,Silver Jubilee Park,London
45,FA Cup,2022,7723,Horsham,,,The Camping World Community Stadium,"Horsham, West Sussex"
45,FA Cup,2022,7724,Kings Langley,,1886,The Orbital Fasteners Stadium,"Kings Langley, Hertfordshire"
45,FA Cup,2022,7725,Kingstonian,KIN,1885,Tooting & Mitcham Community Sports Club,"Morden, Surrey"
45,FA Cup,2022,7726,Lancaster City,,1905,Giant Axe Stadium,"Lancaster, Lancashire"
45,FA Cup,2022,7727,Leiston,LEI,,Victory Road,"Leiston, Suffolk"
45,FA Cup,2022,7728,Lewes,LEW,1885,The Dripping Pan,"Lewes, East Sussex"
45,FA Cup,2022,7729,Lowestoft Town,LOW,1887,Crown Meadow,"Lowestoft, Suffolk"
45,FA Cup,2022,7730,Margate,MAR,1896,Hartsdown Park,"Margate, Kent"
45,FA Cup,2022,7731,Matlock Town,MAT,1878,The Proctor Cars Stadium,"Matlock, Derbyshire"
45,FA Cup,2022,7732,Merthyr Town,MER,1909,Penydarren Park,Merthyr Tydfil
45,FA Cup,2022,7733,Mickleover Sports,,1948,Don Amott Leisure Group Arena,"Derby, Derbyshire"
45,FA Cup,2022,7734,Morpeth Town,,,Craik Park,"Morpeth, Northumberland"
45,FA Cup,2022,7735,Needham Market,,1919,Ecologic Stadium at Bloomfields,"Needham Market, Suffolk"
45,FA Cup,2022,7737,Peterborough Sports,,1919,Lincoln Road,Peterborough
45,FA Cup,2022,7738,Poole Town,POO,,Tatnam Ground,"Poole, Dorset"
45,FA Cup,2022,7739,Potters Bar Town,,1960,The Lantern Stadium,"Potters Bar, Hertfordshire"
45,FA Cup,2022,7740,Radcliffe,,1949,Neuven Stadium,"Radcliffe, Greater Manchester"
45,FA Cup,2022,7741,Redditch United,RED,1891,The Valley Stadium,"Redditch, Worcestershire"
45,FA Cup,2022,7742,Royston Town,,1872,Garden Walk,"Royston, Hertfordshire"
45,FA Cup,2022,7743,Rushall Olympic,RUS,,Dales Lane,"Walsall, West Midlands"
45,FA Cup,2022,7744,Salisbury,,2014,The Raymond McEnhill Stadium,"Salisbury, Wiltshire"
45,FA Cup,2022,7745,Scarborough Athletic,SCA,2007,Flamingo Land Stadium,"Scarborough, North Yorkshire"
45,FA Cup,2022,7746,South Shields,,,1st Cloud Arena,"South Shields, Tyne and Wear"
45,FA Cup,2022,7747,St Ives Town,IVE,1887,Westwood Road,"St Ives, Cambridgeshire"
45,FA Cup,2022,7748,Stafford Rangers,STA,1876,The Stan Robinson Stadium,"Stafford, Staffordshire"
45,FA Cup,2022,7749,Stalybridge Celtic,STA,1909,Bower Fold,"Stalybridge, Greater Manchester"
45,FA Cup,2022,7750,Stratford Town,,1941,The Arden Garages Stadium,"Stratford-upon-Avon, Warwickshire"
45,FA Cup,2022,7751,Swindon Supermarine,,1992,The Webbs Wood Stadium,"Swindon, Wiltshire"
45,FA Cup,2022,7752,Tamworth,TAM,1933,The Lamb Ground,"Tamworth, Staffordshire"
45,FA Cup,2022,7753,Tiverton Town,TIV,1913,Ladysmead,"Tiverton, Devon"
45,FA Cup,2022,7754,United of Manchester,UNI,2005,Broadhurst Park,Manchester
45,FA Cup,2022,7756,Warrington Town,,1949,Cal.Delivery Stadium,"Latchford, Warrington"
45,FA Cup,2022,7757,Whitby Town,WHI,1880,Towbar Express Stadium at the Turnbull Ground,"Whitby, North Yorkshire"
45,FA Cup,2022,7758,Wimborne Town,,,The Cuthbury Stadium,"Wimborne Minster, Dorset"
45,FA Cup,2022,7759,Wingate & Finchley,WIN,0,The Maurice Rebak Stadium,London
45,FA Cup,2022,7760,Witton Albion,WIT,1887,U-Lock It Stadium,"Northwich, Cheshire"
45,FA Cup,2022,7761,Worthing,,1886,Sussex Transport Community Stadium,"Worthing, West Sussex"
45,FA Cup,2022,7762,Yate Town,,,The Jelf Stadium,"Yate, South Gloucestershire"
45,FA Cup,2022,7764,Bowers & Pitsea,,1946,Len Salmon Stadium,"Basildon, Essex"
45,FA Cup,2022,8146,Boston United,BOS,1933,The Jakemans Community Stadium,"Boston, Lincolnshire"
45,FA Cup,2022,8147,Chippenham Town,CHI,1873,Hardenhuish Park,"Chippenham, Wiltshire"
45,FA Cup,2022,8149,Dulwich Hamlet,DUL,1893,Champion Hill Stadium,London
45,FA Cup,2022,8650,Blyth Spartans,BLY,1899,Croft Park,"Blyth, Northumberland"
45,FA Cup,2022,8651,Bradford (Park Avenue),BRA,1907,Horsfall Stadium,"Bradford, West Yorkshire"
45,FA Cup,2022,8653,Gloucester City,GLO,1883,New Meadow Park,"Gloucester, Gloucestershire"
45,FA Cup,2022,8654,Kettering Town,,1872,Latimer Park,"Kettering, Northamptonshire"
45,FA Cup,2022,8655,King's Lynn Town,KIN,2010,The Walks,"King&apos;s Lynn, Norfolk"
45,FA Cup,2022,8656,Leamington,LEA,1891,Your Co-op Community Stadium,"Royal Leamington Spa, Warwickshire"
45,FA Cup,2022,8657,Bath City,BAT,1889,Twerton Park Stadium,"Bath, Somerset"
45,FA Cup,2022,8658,Concord 
,CON,1967,The Aspect Arena,"Canvey Island, Essex"
45,FA Cup,2022,8659,Dorking Wanderers,,,Meadowbank Stadium,"Dorking, Surrey"
45,FA Cup,2022,8660,Hemel Hempstead Town,HEM,1885,Focus Community Arena,"Hemel Hempstead, Hertfordshire"
45,FA Cup,2022,8661,Hungerford Town,HUN,1886,Bulpit Lane,"Hungerford, Berkshire"
45,FA Cup,2022,8662,Tonbridge Angels,TON,1947,Longmead Stadium,"Tonbridge, Kent"
45,FA Cup,2022,8663,Wealdstone,WEA,1899,Grosvenor Vale,"Ruislip, Middlesex"
45,FA Cup,2022,8664,Welling United,WEL,1963,Acclaim Handling Community Stadium,"Welling, Kent"
45,FA Cup,2022,8665,Weymouth,WEY,1890,Bob Lucas Stadium,"Weymouth, Dorset"
45,FA Cup,2022,8666,1874 Northwich,,,Townfield Lane,"Northwich, Cheshire"
45,FA Cup,2022,8667,AFC Croydon Athletic,,2012,The Mayfield Stadium,London
45,FA Cup,2022,8669,AFC Liverpool,,,Berry Street Garage Stadium,"Bootle, Merseyside"
45,FA Cup,2022,8670,AFC Mansfield,,2012,Forest Town Stadium,"Mansfield, Nottinghamshire"
45,FA Cup,2022,8671,AFC Portchester,,,The OnSite Group Stadium,"Portchester, Hampshire"
45,FA Cup,2022,8672,AFC Stoneham,,,Stoneham Lane Football Complex,"Eastleigh, Hampshire"
45,FA Cup,2022,8673,AFC Wulfrunians,,,Prestige Midlands Arena,"Wolverhampton, West Midlands"
45,FA Cup,2022,8674,Abbey Hey,,,The Abbey Stadium,"Gorton, Greater Manchester"
45,FA Cup,2022,8675,Abbey Rangers,,,Addlestone Moor,"Addlestone, Surrey"
45,FA Cup,2022,8677,Albion Sports,,,Horsfall Stadium,"Bradford, West Yorkshire"
45,FA Cup,2022,8678,Alresford Town,,1898,Arlesbury Park,"Winchester, Hampshire"
45,FA Cup,2022,8680,Andover New Street,,,DH PROPERTY SERVICES STADIUM,"Andover, Hampshire"
45,FA Cup,2022,8681,Anstey Nomads,,,Cropston Road,"Leicester, Leicestershire"
45,FA Cup,2022,8682,Ardley United,,1945,The Playing Fields,"Ardley, Oxfordshire"
45,FA Cup,2022,8683,Arlesey Town,ARL,1891,Armadillo Stadium,"Arlesey, Bedfordshire"
45,FA Cup,2022,8685,Ascot United,,,Ascot Racecourse,"Ascot, Berkshire"
45,FA Cup,2022,8686,Ashington AFC,,,The dwmedia Stadium,"Ashington, Northumberland"
45,FA Cup,2022,8687,Ashton Athletic,ASH,,Brocstedes Park,"Ashton-in-Makerfield, Wigan, Greater Manchester"
45,FA Cup,2022,8689,Atherstone Town,,,Gam Civils Stadium,"Atherstone, Warwickshire"
45,FA Cup,2022,8690,Avro,,1936,Vestacare Stadium,"Oldham, Greater Manchester"
45,FA Cup,2022,8691,Aylesbury Vale Dynamos,,1930,The Greenfleets Stadium,"Aylesbury, Buckinghamshire"
45,FA Cup,2022,8692,Badshot Lea,,,Westfield Lane Stadium,Wrecclesham
45,FA Cup,2022,8693,Baffins Milton Rovers,,,PMC Stadium,"Portsmouth, Hampshire"
45,FA Cup,2022,8694,Baldock Town,,,Armadillo Stadium,"Arlesey, Bedfordshire"
45,FA Cup,2022,8695,Balham,,,The Mayfield Stadium,London
45,FA Cup,2022,8696,Banstead Athletic,,1944,Merland Rise,"Tadworth, Surrey"
45,FA Cup,2022,8698,Barnoldswick Town,,,Silentnight Stadium,"Barnoldswick, Lancashire"
45,FA Cup,2022,8699,Barton Town Old Boys,,1995,Easy Buy Stadium,"Barton-upon-Humber, Lincolnshire"
45,FA Cup,2022,8700,Bashley,BAS,1947,The Veho Community Stadium,"Bashley, Hampshire"
45,FA Cup,2022,8701,Bearsted,,,Otham Sports Ground,"Otham, Kent"
45,FA Cup,2022,8702,Beckenham Town,,1971,Eden Park Avenue,"Beckenham, Kent"
45,FA Cup,2022,8703,Bemerton Heath Harleq.,,1989,Westwood Recreation Ground,"Salisbury, Wiltshire"
45,FA Cup,2022,8704,Bexhill United,,2002,Priory Lane,"Eastbourne, East Sussex"
45,FA Cup,2022,8705,Biggleswade United,,1959,Verdant Stadium,"Biggleswade, Bedfordshire"
45,FA Cup,2022,8707,Binfield,,1892,The Iconic Stadium,Binfield
45,FA Cup,2022,8708,Bishop Auckland,,,Heritage Park,"Bishop Auckland, County Durham"
45,FA Cup,2022,8709,Bishop's Cleeve,,1905,Kayte Lane,"Bishop&apos;s Cleeve, Gloucestershire"
45,FA Cup,2022,8710,Bitton,,1892,The Recreation Ground,"Bitton, South Gloucestershire"
45,FA Cup,2022,8711,Boldmere St. Michaels,,1883,The Amber Arena and Community Stadium,"Sutton Coldfield, West Midlands"
45,FA Cup,2022,8712,Bootle,,1953,Berry Street Garage Stadium,"Bootle, Merseyside"
45,FA Cup,2022,8713,Bottesford Town,,1974,Barrett Steel Stadium,Scunthorpe
45,FA Cup,2022,8714,Bournemouth FC,,1875,Victoria Park,"Bournemouth, Dorset"
45,FA Cup,2022,8716,Bradford Town,,,Bradford on Avon Sports and Social Club,"Bradford on Avon, Wiltshire"
45,FA Cup,2022,8717,Brantham Athletic,,1887,Brantham Leisure Centre,"Brantham, Suffolk"
45,FA Cup,2022,8718,Bridgwater Town,,1898,Fairfax Park,"Bridgwater, Somerset"
45,FA Cup,2022,8719,Bridlington Town,,1918,The Neil Hudgell Law Stadium,"Bridlington, East Yorkshire"
45,FA Cup,2022,8722,Brimscombe & Thrupp,,,Brimscombe & Thrupp FC Ground,"Stroud, Gloucestershire"
45,FA Cup,2022,8724,Broadbridge Heath,,1919,The BodyMould Mattresses Stadium,"Horsham, West Sussex"
45,FA Cup,2022,8725,Broadfields United,,1993,Rayners Lane,London
45,FA Cup,2022,8726,Brockenhurst,,1898,Meadens Skoda Arena,"Brockenhurst, Hampshire"
45,FA Cup,2022,8727,Buckland Athletic,,1977,Homers Heath,"Newton Abbot, Devon"
45,FA Cup,2022,8728,Bugbrooke St Michaels,,,Birds Close,"Bugbrooke, Northamptonshire"
45,FA Cup,2022,8729,Burnham,BUR,,The 1878 Stadium,"Burnham, Buckinghamshie"
45,FA Cup,2022,8730,Burscough,,1946,The Community Ground,"Burscough, Lancashire"
45,FA Cup,2022,8732,Cadbury Heath,,1894,Springfield,"Cadbury Heath, Bristol"
45,FA Cup,2022,8733,Camberley Town,,,Krooner Park,"Camberley, Surrey"
45,FA Cup,2022,8735,Canterbury City,CAN,,Salters Lane,"Faversham, Kent"
45,FA Cup,2022,8736,Charnock Richard,,1933,Mossie Park,Charnock Richard
45,FA Cup,2022,8737,Chatham Town,CHA,1894,Bauvill Stadium,"Chatham, Kent"
45,FA Cup,2022,8740,Chipping Sodbury Town,,,The Ridings,"Chipping Sodbury, Bristol"
45,FA Cup,2022,8741,Christchurch,,,Hurn Bridge Sports Ground,"Christchurch, Dorset"
45,FA Cup,2022,8742,Clacton,,1892,The Rush Green Bowl,"Clacton-on-Sea, Essex"
45,FA Cup,2022,8744,Clapton,,,Terence MacMillan Stadium,London
45,FA Cup,2022,8745,Clevedon Town,CLE,,Everyone Active Stadium,"Clevedon, Somerset"
45,FA Cup,2022,8746,Cobham,,1892,The Reg Madgwick Stadium,"Cobham, Surrey"
45,FA Cup,2022,8747,Cockfosters,,,Cockfosters Sport Ground,London
45,FA Cup,2022,8749,Colliers Wood United,,,Wibbandune Sports Ground,London
45,FA Cup,2022,8750,Colney Heath,,1907,The Recreation Ground,"Colney Heath, Hertfordshire"
45,FA Cup,2022,8751,Congleton Town,,,The Cleric Stadium,"Congleton, Cheshire"
45,FA Cup,2022,8752,Consett,,,Belle Vue Park,"Consett, County Durham"
45,FA Cup,2022,8753,Corinthian,,1972,Corinthian Sports Club,"Longfield, Kent"
45,FA Cup,2022,8754,Coventry Sphinx,,,Sphinx Drive,"Coventry, West Midlands"
45,FA Cup,2022,8755,Coventry United,,2013,Butts Park Arena,"Coventry, West Midlands"
45,FA Cup,2022,8756,Cowes Sports,,,The Zilch Waste Stadium,"Cowes, Isle of Wight"
45,FA Cup,2022,8757,Crawley Down Gatwick,,1993,The Haven Sportsfield,"Crawley Down, West Sussex"
45,FA Cup,2022,8758,Crawley Green,,1992,The Brache,"Luton, Bedfordshire"
45,FA Cup,2022,8759,Cribbs,,,The Lawns,Bristol
45,FA Cup,2022,8760,Crowborough Athletic,,,Crowborough Community Stadium,"Crowborough, East Sussex"
45,FA Cup,2022,8762,Deal Town,,1908,The Charles Sports Ground,"Deal, Kent"
45,FA Cup,2022,8763,Deeping Rangers,,1966,Deeping Sports Club,"Market Deeping, Lincolnshire"
45,FA Cup,2022,8764,Desborough Town,,1896,SG Pathway Academy Arena,"Desborough, Northamptonshire"
45,FA Cup,2022,8766,Dunstable Town,DUN,1883,Creasey Park Community Football Centre,"Dunstable, Bedfordshire"
45,FA Cup,2022,8767,Easington Sports,,,Addison Road,"Banbury, Oxfordshire"
45,FA Cup,2022,8769,Eastbourne Town,,1881,The Saffrons Football Ground,"Eastbourne, East Sussex"
45,FA Cup,2022,8770,Eastbourne United,,1896,The Oval,"Eastbourne, East Sussex"
45,FA Cup,2022,8771,Eccleshill United,,,Mitton Group Stadium,"Wrose Bradford, West Yorkshire"
45,FA Cup,2022,8772,Edgware Town,,,Silver Jubilee Park,London
45,FA Cup,2022,8773,Egham Town,EGH,1963,The Runnymede Stadium,"Egham, Surrey"
45,FA Cup,2022,8774,Ely City,,1885,The Unwin Ground,"Ely, Cambridgeshire"
45,FA Cup,2022,8775,Enfield 1893,,2007,Hertingfordbury Park,"Hertford, Hertfordshire"
45,FA Cup,2022,8776,Erith & Belvedere,,1922,Acclaim Handling Community Stadium,"Welling, Kent"
45,FA Cup,2022,8777,Erith Town,,1959,Bayliss Avenue,London
45,FA Cup,2022,8778,Exmouth,,1933,King George V Ground,"Exmouth, Devonshire"
45,FA Cup,2022,8779,Eynesbury Rovers,,,The Alfred Hall Memorial Ground,"Eynesbury, St. Neots"
45,FA Cup,2022,8780,Fairford Town,,,The Acorn Property Stadium,Fairford
45,FA Cup,2022,8781,Fakenham Town,,1884,Clipbush Park,"Fakenham, Norfolk"
45,FA Cup,2022,8782,Fareham Town,,,Cams Alders Stadium,"Fareham, Hampshire"
45,FA Cup,2022,8784,Fisher,,2009,St Pauls’ Sports Ground,London
45,FA Cup,2022,8785,Flackwell Heath,,1907,Wilks Park,"Flackwell Heath, Buckinghamshire"
45,FA Cup,2022,8786,Fleet Town,,1890,Easy As HGV Stadium,"Fleet, Hampshire"
45,FA Cup,2022,8788,Frimley Green,,,The Frimley Green Recreation Ground,"Frimley Green, Camberley"
45,FA Cup,2022,8789,Garforth Town,,,Bannister Prentice Community Stadium,"Garforth, West Yorkshire"
45,FA Cup,2022,8790,Glebe,,1995,Foxbury Avenue,"Chiselhurst, Greater London"
45,FA Cup,2022,8791,Godmanchester Rovers,,,Bearscroft Lane,"Godmanchester, Cambridgeshire"
45,FA Cup,2022,8792,Goole,,,Victoria Pleasure Grounds,"Goole, East Yorkshire"
45,FA Cup,2022,8793,Gorleston,,1887,Emerald Park,"Gorleston-On-Sea, Norfolk"
45,FA Cup,2022,8796,Gresley,,1882,The Moat Ground,"Church Gresley, Derbyshire"
45,FA Cup,2022,8797,Grimsby Borough,,,Bradley Community Stadium,"Grimsby, Lincolnshire"
45,FA Cup,2022,8798,Guildford City,,1921,Guildford Spectrum Athletics Stadium,"Guildford, Surrey"
45,FA Cup,2022,8799,Guisborough Town,,,King George V Ground,"Guisborough, North Yorkshire"
45,FA Cup,2022,8801,Hadleigh United,,1892,Millfield,"Hadleigh, Suffolk"
45,FA Cup,2022,8802,Hadley,,,Hadley Sports Ground,London
45,FA Cup,2022,8804,Hallam,,,Sandygate Road,Sheffield
45,FA Cup,2022,8806,Halstead Town,,,Milbank Stadium,"Halstead, Essex"
45,FA Cup,2022,8807,Hamble Club,,,The Abbey,"Hamble-le-Rice, Hampshire"
45,FA Cup,2022,8808,Hamworthy United,,,The Sunseeker International County Ground,"Poole, Dorset"
45,FA Cup,2022,8809,Handsworth Parramore,,2014,Express Worktops Stadium at Handsworth Junior Sporting Club,"Sheffield, South Yorkshire"
45,FA Cup,2022,8810,Hanley Town,,1966,Runcorn Linnets' APEC Taxi's Stadium,"Runcorn, Cheshire"
45,FA Cup,2022,8811,Hanworth Villa,,1976,Rectory Meadow,"Hanworth, Middlesex"
45,FA Cup,2022,8812,Harborough Town,,,Bowden Park,"Market Harborough, Leicestershire"
45,FA Cup,2022,8813,Harefield United,,1868,Preston Park,London
45,FA Cup,2022,8814,Harpenden Town,,,Rothamsted Park,"Harpenden, Hertfordshire"
45,FA Cup,2022,8817,Hassocks,,1902,The Beacon Ground,"Hassocks, West Sussex"
45,FA Cup,2022,8819,Haverhill Rovers,,1886,The New Croft,"Haverhill, Suffolk"
45,FA Cup,2022,8820,Heanor Town,,,The Town Ground,"Heanor, Derbyshire"
45,FA Cup,2022,8821,Heather St Johns,,,St. John's Park,"Heather, Leicestershire"
45,FA Cup,2022,8822,Hebburn Town,,,The Energy Check Sports Ground,"Hebburn, Tyne and Wear"
45,FA Cup,2022,8826,Hoddesdon Town,,,The Stewart Edwards Stadium,"Hoddesdon, Hertfordshire"
45,FA Cup,2022,8828,Hollands & Blair,,1970,Star Meadow Sports Club,"Gillingham, Kent"
45,FA Cup,2022,8830,Horley Town,,1896,The New Defence,"Horley, Surrey"
45,FA Cup,2022,8831,Horndean,,1887,Five Heads Park,"Horndean, Hampshire"
45,FA Cup,2022,8832,Horsham YMCA,,1898,Gorings Mead,"Horsham, West Sussex"
45,FA Cup,2022,8833,Hythe & Dibden,,,Hythe Garage Stadium,Dibden
45,FA Cup,2022,8834,Ilford,,,Cricklefield Stadium,"Ilford, Essex"
45,FA Cup,2022,8835,Irlam,,1969,The Silver Street Stadium,"Salford, Greater Manchester"
45,FA Cup,2022,8836,K Sports,,,K Sports,"Aylesford, Kent"
45,FA Cup,2022,8837,Keynsham Town,,,The AJN Stadium,"Keynsham, Somerset"
45,FA Cup,2022,8839,Kirkley & Pakefield,,1886,Walmer Road,"Kirkley, Suffolk"
45,FA Cup,2022,8840,Knaphill,,,Redding Way,"Knaphill, Surrey"
45,FA Cup,2022,8841,Knaresborough Town,,,The Hummel Stadium,Knaresborough
45,FA Cup,2022,8842,Lancing,,1941,Culver Road,"Lancing, West Sussex"
45,FA Cup,2022,8844,Leicester Nirvana,,2008,Hamilton Park,"Leicester, Leicestershire"
45,FA Cup,2022,8845,Leicester Road,,2013,The Greene King Stadium (De Montfort Park),"Hinckley, Leicestershire"
45,FA Cup,2022,8846,Leighton Town,,,Freed Veneers Community Stadium,"Leighton Buzzard, Bedfordshire"
45,FA Cup,2022,8847,Leverstock Green,,,The LORDS Builders Merchants Stadium,"Hemel Hempstead, Hertfordshire"
45,FA Cup,2022,8849,Lichfield City,,,Trade Tyre Community Stadium,Lichfield
45,FA Cup,2022,8850,Lingfield,,1893,The New Defence,"Horley, Surrey"
45,FA Cup,2022,8851,Litherland Remyca,,1959,Litherland Sports Park,Liverpool
45,FA Cup,2022,8852,Little Common,,,Little Common Recreation Ground,Bexhill
45,FA Cup,2022,8853,Liversedge,,,Clayborn Stadium,"Cleckheaton, West Yorkshire"
45,FA Cup,2022,8854,London Colney,,1907,Cotlandswick Playing Fields,"London Colney, Hertfordshire"
45,FA Cup,2022,8856,Long Eaton United,,1956,Grange Park,"Long Eaton, Derbyshire"
45,FA Cup,2022,8857,Long Melford,,,Stoneylands,"Long Melford, Sudbury, Suffolk"
45,FA Cup,2022,8858,Longlevens,,,Saw Mills End,Gloucester
45,FA Cup,2022,8859,Longridge Town,,,Inglewhite Road,"Longridge, Lancashire"
45,FA Cup,2022,8860,Lordswood,,1968,Martyn Grove,"Chatham, Kent"
45,FA Cup,2022,8861,Loughborough University,,,Loughborough University Football Stadium,"Loughborough, Leicestershire"
45,FA Cup,2022,8862,Lower Breck,,,Anfield Sports Community Centre,Liverpool
45,FA Cup,2022,8863,Loxwood,,1920,Loxwood Sports Association,"Loxwood, West Sussex"
45,FA Cup,2022,8864,Lutterworth Town,,,Dunley Way,"Lutterworth, Leicestershire"
45,FA Cup,2022,8865,Lydney Town,,,Lydney Recreation Ground,Lydney
45,FA Cup,2022,8866,Lye Town,,1930,The Sports Ground,"Lye, West Midlands"
45,FA Cup,2022,8867,Lymington Town,,,Lymington Sports Ground,"Lymington, Hampshire"
45,FA Cup,2022,8869,Maltby Main,,,Muglet Lane,"Maltby, South Yorkshire"
45,FA Cup,2022,8870,Malvern Town,,,HD Anywhere Stadium,"Malvern, Worcestershire"
45,FA Cup,2022,8871,March Town United,,,GER Sports Ground,"March, Cambridgeshire"
45,FA Cup,2022,8872,Melton Town,,2004,Sign Right Park,"Melton Mowbray, Leicestershire"
45,FA Cup,2022,8873,Mildenhall Town,,,Mildenhall Town Football Club Stadium,"Mildenhall, Suffolk"
45,FA Cup,2022,8875,Mulbarton Wanderers,,,Mulberry Park,"Mulbarton, Norfolk"
45,FA Cup,2022,8876,Newcastle Benfield,,,Sam Smith's Park,"Newcastle upon Tyne, Tyne and Wear"
45,FA Cup,2022,8877,Newhaven,,1887,Trafalgar Ground,Newhaven
45,FA Cup,2022,8878,Newmarket Town,,,Cricket Field Road,"Newmarket, Suffolk"
45,FA Cup,2022,8879,Newport Pagnell Town,,,Willen Road,"Newport Pagnell, Buckinghamshire"
45,FA Cup,2022,8880,Newton Aycliffe,,,Securicorp Stadium,"Newton Aycliffe, County Durham"
45,FA Cup,2022,8881,North Greenford United,,1944,Berkeley Fields,London
45,FA Cup,2022,8882,North Shields,,,Daren Persson Stadium,"North Shields, Tyne and Wear"
45,FA Cup,2022,8883,Northallerton Town,,1895,The Calvert Stadium,"Northallerton, North Yorkshire"
45,FA Cup,2022,8885,Northwich Victoria,NOR,1874,U-Lock It Stadium,"Northwich, Cheshire"
45,FA Cup,2022,8887,Norwich United,,,Plantation Park,Norwich
45,FA Cup,2022,8891,Oxhey Jets,,,The Boundary Stadium,"Watford, Hertfordshire"
45,FA Cup,2022,8892,Padiham,,1878,Ruby Civil Arena,"Padiham, Lancashire"
45,FA Cup,2022,8893,Pagham,,1903,Nyetimber Lane,"Pagham, West Sussex"
45,FA Cup,2022,8894,Peacehaven & Telscombe,,1923,Centenary Park,"Peacehaven, East Sussex"
45,FA Cup,2022,8895,Penistone Church,,1906,Parker Roofing Memorial Ground,"Barnsley, South Yorkshire"
45,FA Cup,2022,8896,Penrith AFC,,,The Frenchfield Stadium,Penrith
45,FA Cup,2022,8898,Pinchbeck United,,,Sir Halley Stewart Field,"Spalding, Lincolnshire"
45,FA Cup,2022,8899,Plymouth Parkway,,1988,Manadon Sports Hub,"Plymouth, Devon"
45,FA Cup,2022,8900,Portland United,,1921,The Camp & Satherley Stadium,"Portland, Dorset"
45,FA Cup,2022,8901,Potton United,,,The Hollow,"Potton, Bedfordshire"
45,FA Cup,2022,8902,Punjab United,,,Elite Venue,"Gravesend, Kent"
45,FA Cup,2022,8903,Quorn,,,Farley Way Stadium,"Quorn, Leicestershire"
45,FA Cup,2022,8904,Racing Club Warwick,,1919,Townsend Meadow,"Warwick, Warwickshire"
45,FA Cup,2022,8905,Radford,,,,
45,FA Cup,2022,8906,Raynes Park Vale,,1995,Prince George's Fields,London
45,FA Cup,2022,8907,Reading City,,,Rivermoor Stadium,"Reading, Berkshire"
45,FA Cup,2022,8908,Redbridge,,,Oakside Stadium,"Ilford, Essex"
45,FA Cup,2022,8909,Redhill,,1894,Kiln Brow,"Redhill, Surrey"
45,FA Cup,2022,8910,Roman Glass St George,,1872,Oaklands Park Stadium,"Almondsbury, South Gloucestershire"
45,FA Cup,2022,8912,Romulus,,,Central Ground,"Sutton Coldfield, West Midlands"
45,FA Cup,2022,8913,Rothwell Corinthians,,,Sergeants Lawn,"Rothwell, Northamptonshire"
45,FA Cup,2022,8914,Royal Wootton,,1882,Gerrard Buxton Sports Ground,"Royal Wootton Bassett, Wiltshire"
45,FA Cup,2022,8915,Rugby Town,,1956,Butlin Road,"Rugby, Warwikshire"
45,FA Cup,2022,8917,Rusthall,,,The Jockey Stadium,Rusthall
45,FA Cup,2022,8918,Rylands,,1911,The Hive Arena,"Warrington, Cheshire"
45,FA Cup,2022,8919,Saffron Walden Town,,,Catons Lane,"Saffron Walden, Essex"
45,FA Cup,2022,8920,Saltash United,,,Kimberley Stadium,"Saltash, Cornwall"
45,FA Cup,2022,8921,Saltdean United,,,Hill Park,"Brighton, East Sussex"
45,FA Cup,2022,8922,Sawbridgeworth Town,,1897,Crofters End Stadium,"Sawbridgeworth, Hertfordshire"
45,FA Cup,2022,8923,Seaham Red Star,,,The Alexandra Steakhouse Stadium,"Seaham, County Durham"
45,FA Cup,2022,8925,Selston,,,Mansfield Road,Selston
45,FA Cup,2022,8926,Shaftesbury Town,,1888,Cockrams Ground,"Shaftesbury, Dorset"
45,FA Cup,2022,8927,Sheerwater,,,Eastwood Leisure Centre,"Woking, Surrey"
45,FA Cup,2022,8928,Sheppey United,,1890,The Total Power Stadium,Sheerness
45,FA Cup,2022,8929,Shepshed Dynamo,,,The Dovecote,"Shepshed, Leicestershire"
45,FA Cup,2022,8930,Shepton Mallet,,,The Playing Fields,"Shepton Mallet, Somerset"
45,FA Cup,2022,8931,Sherwood Colliery,,2008,Debdale Park,"Mansfield Woodhouse, Nottinghamshire"
45,FA Cup,2022,8932,Shildon AFC,,,J Denham Metals Stadium,"Shildon, County Durham"
45,FA Cup,2022,8935,Shrivenham,,,The Recreation Ground,"Shrivenham, Oxfordshire"
45,FA Cup,2022,8936,Silsden,,,The Asda Foundation Stadium,"Silsden, Keighley, West Yorkshire"
45,FA Cup,2022,8937,Skelmersdale United,SKE,1882,JMO Sports Park,"Skelmersdale, Lancashire"
45,FA Cup,2022,8938,Sleaford Town,,1968,Eslaforde Park,"Sleaford, Lincolnshire"
45,FA Cup,2022,8941,Southall,,1871,The Robert Parker Stadium,"Stanwell, Surrey"
45,FA Cup,2022,8942,Southend Manor,,,The Arena Stadium,"Southend-on-Sea, Essex"
45,FA Cup,2022,8943,Spelthorne Sports,,1922,Spelthorne Sports Club,"Ashford, Middlesex"
45,FA Cup,2022,8945,Sporting Khalsa,,1991,Guardian Warehousing Arena,"Willenhall, West Midlands"
45,FA Cup,2022,8946,Squires Gate,,,The Brian Addison Stadium,"Blackpool, Lancashire"
45,FA Cup,2022,8949,Stansted,,,Hargrave Park Stadium,"Stansted Mountfitchet, Essex"
45,FA Cup,2022,8950,Stanway Rovers,,1956,The Hawthorns,"Colchester, Essex"
45,FA Cup,2022,8952,Steyning Town,,1892,Steyning Town Community Football Club,"Steyning, West Sussex"
45,FA Cup,2022,8953,Stockton Town,,,The Map Group UK Stadium,Stockton-on-Tees
45,FA Cup,2022,8954,Stone Old Alleynians,,,Red Industries Lyme Valley Stadium,"Newcastle-under-Lyme, Staffordshire"
45,FA Cup,2022,8955,Stotfold,,,The JSJ Stadium,Stotfold
45,FA Cup,2022,8956,Stourport Swifts,,1882,Walshes Meadow,"Stourport-on-Severn, Worcestershire"
45,FA Cup,2022,8957,Stowmarket Town,,,Greens Meadow Ground,"Stowmarket, Suffolk"
45,FA Cup,2022,8958,Street,,1880,The Tannery Ground,"Street, Somerset"
45,FA Cup,2022,8959,Sunderland RCA,,,Sunderland LGV Park,Sunderland
45,FA Cup,2022,8961,Sutton Athletic,,1898,Lower Road,"Hextable, Kent"
45,FA Cup,2022,8962,Sutton Common Rovers,,1978,VBS Community Stadium,"Sutton, Surrey"
45,FA Cup,2022,8964,Tadley Calleva,,,Barlow's Park,"Tadley, Hampshire"
45,FA Cup,2022,8965,Takeley,,1903,Full Vision Stadium,"Takeley, Essex"
45,FA Cup,2022,8966,Tavistock,,,Langsford Park,"Tavistock, Devon"
45,FA Cup,2022,8967,Thackley,,1930,Meridian Stadium at Dennyfield,"Thackley, West Yorkshire"
45,FA Cup,2022,8969,Thetford Town,,,Mundford Road,"Thetford, Norfolk"
45,FA Cup,2022,8970,Thornaby,,1980,Teesdale Park,"Thornaby-on-Tees, North Yorkshire"
45,FA Cup,2022,8971,Thornbury Town,,1898,Mundy Playing Fields,"Thornbury, South Gloucestershire"
45,FA Cup,2022,8972,Tividale,,1954,The Beeches,"Tividale, West Midlands"
45,FA Cup,2022,8975,Tring Athletic,,1958,The Michael Anthony Stadium,"Tring, Hertfordshire"
45,FA Cup,2022,8976,Tuffley Rovers,,1929,Glevum Park,"Gloucester, Gloucestershire"
45,FA Cup,2022,8977,Tunbridge Wells,,1886,Culverden Stadium,Royal Tunbridge Wells
45,FA Cup,2022,8978,Uckfield Town,,2014,The Oaks,"Uckfield, East Sussex"
45,FA Cup,2022,8979,United Services,,1962,HMS Temeraire Sports Ground,Portsmouth
45,FA Cup,2022,8980,Varndeanians,,1929,Withdean Stadium,"Brighton, East Sussex"
45,FA Cup,2022,8981,Vauxhall Motors,VAU,1963,The vanEupen Arena,"Ellesmere Port, Cheshire"
45,FA Cup,2022,8982,Virginia Water,,,Stag Meadow,"Windsor, Berkshire"
45,FA Cup,2022,8983,Walsall Wood,,,Oak Park,"Walsall Wood, West Midlands"
45,FA Cup,2022,8984,Walsham Le Willows,,1890,Sumner Road,"Walsham-le-Willows, Suffolk"
45,FA Cup,2022,8985,Walthamstow,,1964,Wadham Lodge Stadium,London
45,FA Cup,2022,8986,Walton & Hersham,,1945,The Sports Ground,"Walton-on-Thames, Surrey"
45,FA Cup,2022,8988,Welling Town,,2014,Bauvill Stadium,"Chatham, Kent"
45,FA Cup,2022,8989,Wellingborough Town,,2004,Dog & Duck Ground,"Wellingborough, Northamptonshire"
45,FA Cup,2022,8990,Wellington AFC,,,The Playing Field Wellington,"Wellington, Somerset"
45,FA Cup,2022,8991,Wembley,,1946,Vale Farm Stadium,London
45,FA Cup,2022,8992,West Auckland Town,,1893,The Northern Metal Recycling Stadium,"West Auckland, County Durham"
45,FA Cup,2022,8993,West Didsbury & Chorlton,,,Step Places Stadium,Manchester
45,FA Cup,2022,8994,West Essex,,,Mayesbrook Park,"Dagenham, Essex"
45,FA Cup,2022,8995,Westbury United,,,Meadow Lane,"Westbury, Wiltshire"
45,FA Cup,2022,8996,Whickham,,,The Glebe Ground,"Whickham, Tyne and Wear"
45,FA Cup,2022,8997,Whitchurch Alport,,,KMJ Mortgages Stadium,"Whitchurch, Shropshire"
45,FA Cup,2022,8998,White Ensign,,,Burroughs Park,"Great Wakering, Essex"
45,FA Cup,2022,8999,Whitley Bay,,1950,Hillheads Park,"Whitley Bay, Tyne and Wear"
45,FA Cup,2022,9000,Whitton United,,,King George V Playing Field,"Ipswich, Suffolk"
45,FA Cup,2022,9002,Windsor,,,Stag Meadow,"Windsor, Berkshire"
45,FA Cup,2022,9003,Winsford United,,,Barton Stadium,"Winsford, Cheshire"
45,FA Cup,2022,9005,Winterton Rangers,,,MKM Stadium,"Winterton, Lincolnshire"
45,FA Cup,2022,9006,Wolverhampton Casuals,,,Brinsford Lane,Wolverhampton
45,FA Cup,2022,9009,Woodford Town,,,Ashton Playing Fields,"Woodford Green, Greater London"
45,FA Cup,2022,9010,Worcester City,WOR,1902,Claines Lane,"Worcester, Worcestershire"
45,FA Cup,2022,9011,Wroxham,,1892,Trafford Park,"Wroxham, Norfolk"
45,FA Cup,2022,9012,Yorkshire Amateur,,1918,The Bracken Edge,"Leeds, West Yorkshire"
45,FA Cup,2022,10157,Darlington 1883,,2012,Blackwell Meadows,"Darlington, Durham"
45,FA Cup,2022,10158,Farsley Celtic FC,,2010,The Citadel,"Farsley, West Yorkshire"
45,FA Cup,2022,10159,Nuneaton Town,NUN,2008,Liberty Way,"Nuneaton, Warwickshire"
45,FA Cup,2022,11936,AFC Emley,,2005,The Welfare Ground,"Emley, West Yorkshire"
45,FA Cup,2022,11942,Ashton & Backwell United,,2010,The Lancer Scott Stadium,"Backwell, Somerset"
45,FA Cup,2022,11965,Cogenhoe United,,,Compton Park,"Cogenhoe, Northamptonshire"
45,FA Cup,2022,11968,Crook Town AFC,,,Sir Tom Cowie Millfield Ground,"Crook, County Durham"
45,FA Cup,2022,11977,Folland Sports,,,,
45,FA Cup,2022,11986,Heaton Stannington,,1910,Grounsell Park,Newcastle upon Tyne
45,FA Cup,2022,11989,Hinckley AFC,,2014,Crown Skip Hire Stadium,"Barwell, Leicestershire"
45,FA Cup,2022,11991,Holmesdale,,,Oakley Road,London
45,FA Cup,2022,11993,Holyport,,,Summerleaze Village Ground,"Maidenhead, Berkshire"
45,FA Cup,2022,11996,Ipswich Wanderers,,1980,GBS Stadium,"Ipswich, Suffolk"
45,FA Cup,2022,11998,Littlehampton Town,,1896,The Sportsfield,"Littlehampton, West Sussex"
45,FA Cup,2022,12000,Long Buckby,,1937,Station Road,"Long Buckby, Northamptonshire"
45,FA Cup,2022,12006,New Mills,,1919,Church Lane,"New Mills, Derbyshire"
45,FA Cup,2022,12008,Newport Isle of Wight FC,,,,
45,FA Cup,2022,12021,Risborough Rangers,,1970,Windsor Playing Fields,"Princes Risborough, Buckinghamshire"
45,FA Cup,2022,12026,Sherborne Town,,1894,The GMS Windows Arena,"Sherborne, Dorset"
45,FA Cup,2022,12040,Welton Rovers,,,West Clewes,Midsomer Norton
45,FA Cup,2022,12041,West Allotment Celtic,,,Craik Park,"Morpeth, Northumberland"
45,FA Cup,2022,12044,Wincanton Town,,1890,Wincanton Sports Ground,Wincanton
45,FA Cup,2022,12049,Alton Town,,1991,The Exclusive Networks Stadium,"Alton, Hampshire"
45,FA Cup,2022,12052,Bewdley Town,,,Ribbesford Meadows,"Bewdley, Worcestershire"
45,FA Cup,2022,12057,Corsham Town,,,Southbank,"Corsham, Wiltshire"
45,FA Cup,2022,12065,Ilfracombe Town,,,Marlborough Park,"Ilfracombe, Devonshire"
45,FA Cup,2022,12078,Studley,,1971,The Beehive,"Studley, Warwickshire"
45,FA Cup,2022,12080,Torpoint Athletic,,1887,The Mill,"Torpoint, Cornwall"
45,FA Cup,2022,12104,London Lions,,1995,Rowley Lane,London
45,FA Cup,2022,12116,Tow Law Town,,,Ironworks Road,"Tow Law, County Durham"
45,FA Cup,2022,12149,Shifnal Town FC,,,The Acoustafoam Stadium,"Shifnal, Shropshire"
45,FA Cup,2022,14405,Alfold,,1920,The Recreation Ground Alfold,"Cranleigh, Surrey"
45,FA Cup,2022,14411,Hashtag United,,2016,Parkside Stadium,"Aveley, Essex"
45,FA Cup,2022,14412,Helston Athletic,,1896,Kellaway Park,"Helston, Cornwall"
45,FA Cup,2022,14413,Kennington,,,The Homelands,"Ashford, Kent"
45,FA Cup,2022,14414,Little Oakley,,,Memorial Ground Little Oakley,"Little Oakley, Essex"
45,FA Cup,2022,14416,Millbrook,,1888,Jenkins Park,"Millbrook, Cornwall"
45,FA Cup,2022,14417,New Salamis,,,Coles Park,London
45,FA Cup,2022,14418,Newark Flowserve,,1901,Fruehauf Stadium,Grantham
45,FA Cup,2022,14424,Stansfeld,,,The Artic Stadium,London
45,FA Cup,2022,14429,Highgate United,,1948,The Coppice,"Solihull, West Midlands"
45,FA Cup,2022,16983,Athletic Newham,,,Terence MacMillan Stadium,London
45,FA Cup,2022,16984,Brixham,,,MoreSeaFood Ground,"Brixham, Devonshire"
45,FA Cup,2022,16986,Hereford Lads Club,,,Hereford Lads Club FC County Ground,"Hereford, Herefordshire"
45,FA Cup,2022,16989,Lakenheath,,,The Nest Lakenheath,"Lakenheath, Suffolk"
45,FA Cup,2022,16990,Milton Keynes Irish,,2020,The Irish Centre,"Milton Keynes, Buckinghamshire"
45,FA Cup,2022,16991,Mousehole,,,Interiora Trungle Parc,"Paul, Cornwall"
45,FA Cup,2022,16992,North Ferriby,,,The Dransfield Stadium,"North Ferriby, East Yorkshire"
45,FA Cup,2022,16993,Prestwich Heys,,,Adie Moran Park,"Prestwich, Greater Manchester"
45,FA Cup,2022,16994,Redcar Athletic,,,Green Lane,"Redcar, North Yorkshire"
45,FA Cup,2022,16995,Skegness Town,,,Vertigo Stadium,"Skegness, Lincolnshire"
45,FA Cup,2022,16996,St. Panteleimon,,,Hertingfordbury Park,"Hertford, Hertfordshire"
45,FA Cup,2022,16998,Wythenshawe Town,,1946,Ericstan Park,Manchester
45,FA Cup,2022,17021,Bury AFC,,2019,Gigg Lane,"Bury, Lancashire"
45,FA Cup,2022,17044,Golcar United,,1904,Skye Direct Stadium,"Golcar, West Yorkshire"
45,FA Cup,2022,19265,Roffey,,,Bartholomew Way,"Horsham, West Sussex"
45,FA Cup,2022,19548,Belper United,,,Coronation Park,"Eastwood, Nottinghamshire"
45,FA Cup,2022,19549,Buckhurst Hill,,,Myrak Park,"Buckhurst Hill, Essex"
45,FA Cup,2022,19550,Carlisle City,,,Gillford Park Stadium,"Carlisle, Cumbria"
45,FA Cup,2022,19551,Darlaston Town,,1874,The Paycare Ground,"Darlaston, West Midlands"
45,FA Cup,2022,19552,Falmouth Town,,,Bickland Park,Falmouth
45,FA Cup,2022,19553,Hereford Pegasus,,1955,Old School Lane,"Hereford, Herefordshire"
45,FA Cup,2022,19554,Hilltop,,,The Middlesex Stadium,"Ruislip, Middlesex"
45,FA Cup,2022,19555,Kimberley Miners Welfare,,1926,The Stag Ground,Nottingham
45,FA Cup,2022,19556,Laverstock & Ford,,,The Dell,"Salisbury, Wiltshire"
45,FA Cup,2022,19557,Midhurst & Easebourne,,,The Rotherfield,"Midhurst, West Sussex"
45,FA Cup,2022,19558,Shefford Town & Campton,,,Shefford Sports Club,"Shefford, Bedfordshire"
45,FA Cup,2022,19559,Warminster Town,,,,
45,FA Cup,2022,19560,Worcester Raiders,,2001,DOADC Stadium,"Worcester, Worcestershire"
45,FA Cup,2022,19834,Liskeard Athletic,,,,
45,FA Cup,2022,19835,Sheringham,,1897,Weybourne Road,"Sheringham, Norfolk"
45,FA Cup,2022,25122,Wokingham Town,,1875,Lowther Road,"Wokingham, Berkshire"
45,FA Cup,2023,33,Manchester United,MUN,1878,Old Trafford,Manchester
45,FA Cup,2023,34,Newcastle,NEW,1892,St. James' Park,Newcastle upon Tyne
45,FA Cup,2023,35,Bournemouth,BOU,1899,Vitality Stadium,"Bournemouth, Dorset"
45,FA Cup,2023,36,Fulham,FUL,1879,Craven Cottage,London
45,FA Cup,2023,37,Huddersfield,HUD,1908,John Smith's Stadium,"Huddersfield, West Yorkshire"
45,FA Cup,2023,38,Watford,WAT,1881,Vicarage Road,Watford
45,FA Cup,2023,39,Wolves,WOL,1877,Molineux Stadium,"Wolverhampton, West Midlands"
45,FA Cup,2023,40,Liverpool,LIV,1892,Anfield,Liverpool
45,FA Cup,2023,41,Southampton,SOU,1885,St. Mary's Stadium,"Southampton, Hampshire"
45,FA Cup,2023,42,Arsenal,ARS,1886,Emirates Stadium,London
45,FA Cup,2023,43,Cardiff,CAR,1889,Cardiff City Stadium,Caerdydd
45,FA Cup,2023,44,Burnley,BUR,1882,Turf Moor,Burnley
45,FA Cup,2023,45,Everton,EVE,1878,Hill Dickinson Stadium,"Liverpool, Merseyside"
45,FA Cup,2023,46,Leicester,LEI,1884,King Power Stadium,"Leicester, Leicestershire"
45,FA Cup,2023,47,Tottenham,TOT,1882,Tottenham Hotspur Stadium,London
45,FA Cup,2023,48,West Ham,WES,1895,London Stadium,London
45,FA Cup,2023,49,Chelsea,CHE,1905,Stamford Bridge,London
45,FA Cup,2023,50,Manchester City,MCI,1880,Etihad Stadium,Manchester
45,FA Cup,2023,51,Brighton,BRI,1901,American Express Stadium,"Falmer, East Sussex"
45,FA Cup,2023,52,Crystal Palace,CRY,1861,Selhurst Park,London
45,FA Cup,2023,53,Reading,REA,1871,Select Car Leasing Stadium,"Reading, Berkshire"
45,FA Cup,2023,54,Birmingham,BIR,1875,St Andrew's Stadium,Birmingham
45,FA Cup,2023,55,Brentford,BRE,1889,Gtech Community Stadium,"Brentford, Middlesex"
45,FA Cup,2023,56,Bristol City,BRI,1894,Ashton Gate Stadium,Bristol
45,FA Cup,2023,57,Ipswich,IPS,1878,Portman Road,"Ipswich, Suffolk"
45,FA Cup,2023,58,Millwall,MIL,1885,The Den,London
45,FA Cup,2023,59,Preston,PRE,1863,Deepdale,Preston
45,FA Cup,2023,60,West Brom,WES,1878,The Hawthorns,West Bromwich
45,FA Cup,2023,61,Wigan,WIG,1932,DW Stadium,Wigan
45,FA Cup,2023,62,Sheffield Utd,SHE,1889,Bramall Lane,Sheffield
45,FA Cup,2023,63,Leeds,LEE,1919,Elland Road,"Leeds, West Yorkshire"
45,FA Cup,2023,64,Hull City,HUL,1904,The MKM Stadium,Hull
45,FA Cup,2023,65,Nottingham Forest,NOT,1865,The City Ground,"Nottingham, Nottinghamshire"
45,FA Cup,2023,66,Aston Villa,AST,1874,Villa Park,Birmingham
45,FA Cup,2023,67,Blackburn,BLA,1875,Ewood Park,"Blackburn, Lancashire"
45,FA Cup,2023,68,Bolton,BOL,1874,Toughsheet Community Stadium,Bolton
45,FA Cup,2023,69,Derby,DER,1884,Pride Park Stadium,Derby
45,FA Cup,2023,70,Middlesbrough,MID,1876,Riverside Stadium,Middlesbrough
45,FA Cup,2023,71,Norwich,NOR,1902,Carrow Road,"Norwich, Norfolk"
45,FA Cup,2023,72,QPR,QPR,1885,MATRADE Loftus Road,London
45,FA Cup,2023,73,Rotherham,ROT,1870,AESSEAL New York Stadium,"Rotherham, South Yorkshire"
45,FA Cup,2023,74,Sheffield Wednesday,SHE,1867,Hillsborough,Sheffield
45,FA Cup,2023,75,Stoke City,STO,1868,bet365 Stadium,"Stoke-on-Trent, Staffordshire"
45,FA Cup,2023,76,Swansea,SWA,1912,Swansea.com Stadium,Swansea
45,FA Cup,2023,746,Sunderland,SUN,1879,Stadium of Light,Sunderland
45,FA Cup,2023,747,Barnsley,BAR,1887,Oakwell,"Barnsley, South Yorkshire"
45,FA Cup,2023,748,Burton Albion,BUR,1950,Pirelli Stadium,"Burton-upon-Trent, Staffordshire"
45,FA Cup,2023,1333,AFC Wimbledon,WIM,2002,The Cherry Red Records Stadium,London
45,FA Cup,2023,1334,Bristol Rovers,BRI,1883,Memorial Stadium,"Bristol, Gloucestershire"
45,FA Cup,2023,1335,Charlton,CHA,1905,The Valley,London
45,FA Cup,2023,1336,Fleetwood Town,FLE,1908,Highbury Stadium,"Fleetwood, Lancashire"
45,FA Cup,2023,1337,Northampton,NOR,1897,Sixfields Stadium,"Northampton, East Midlands"
45,FA Cup,2023,1338,Oxford United,OXF,1893,The Kassam Stadium,"Oxford, Oxfordshire"
45,FA Cup,2023,1339,Rochdale,ROC,1907,Crown Oil Arena,"Rochdale, Greater Manchester"
45,FA Cup,2023,1340,Scunthorpe,SCU,1899,Attis Arena,Scunthorpe
45,FA Cup,2023,1341,Southend,SOU,1906,Roots Hall,"Southend-on-Sea, Essex"
45,FA Cup,2023,1342,Walsall,WAL,1888,Poundland Bescot Stadium,"Walsall, West Midlands"
45,FA Cup,2023,1343,Bradford,BRA,1903,University of Bradford Stadium,"Bradford, West Yorkshire"
45,FA Cup,2023,1345,Chesterfield,CHE,1867,SMH Group Stadium,"Chesterfield, Derbyshire"
45,FA Cup,2023,1346,Coventry,COV,1883,The Coventry Building Society Arena,"Coventry, West Midlands"
45,FA Cup,2023,1347,Gillingham,GIL,1893,Priestfield Stadium,"Gillingham, Kent"
45,FA Cup,2023,1348,Milton Keynes Dons,MIL,2004,Stadium mk,"Milton Keynes, Buckinghamshire"
45,FA Cup,2023,1349,Oldham,OLD,1895,Boundary Park,"Oldham, Greater Manchester"
45,FA Cup,2023,1350,Peterborough,PET,1934,Weston Homes Stadium,Peterborough
45,FA Cup,2023,1351,Port Vale,POR,1876,Vale Park,"Stoke-on-Trent, Staffordshire"
45,FA Cup,2023,1352,Shrewsbury,SHR,1886,The Croud Meadow,"Shrewsbury, Shropshire"
45,FA Cup,2023,1353,Swindon Town,SWI,1879,The County Ground,"Swindon, Wiltshire"
45,FA Cup,2023,1354,Doncaster,DON,1879,Eco-Power Stadium,"Doncaster, South Yorkshire"
45,FA Cup,2023,1355,Portsmouth,POR,1898,Fratton Park,Portsmouth
45,FA Cup,2023,1356,Blackpool,BLA,1887,Bloomfield Road,"Blackpool, Lancashire"
45,FA Cup,2023,1357,Plymouth,PLY,1886,Home Park,Plymouth
45,FA Cup,2023,1358,Wycombe,WYC,1887,Adams Park,"High Wycombe, Buckinghamshire"
45,FA Cup,2023,1359,Luton,LUT,1885,Kenilworth Road,"Luton, Bedfordshire"
45,FA Cup,2023,1360,Accrington ST,ACC,1891,Wham Stadium,"Accrington, Lancashire"
45,FA Cup,2023,1361,Colchester,COL,1937,JobServe Community Stadium,"Colchester, Essex"
45,FA Cup,2023,1362,Crawley Town,CRA,1896,Broadfield Stadium,"Crawley, West Sussex"
45,FA Cup,2023,1363,Crewe,CRE,1877,Mornflake Stadium,"Crewe, Cheshire"
45,FA Cup,2023,1364,Exeter City,EXE,1904,St James Park,"Exeter, Devon"
45,FA Cup,2023,1365,Grimsby,GRI,1878,Blundell Park,"Cleethorpes, North East Lincolnshire"
45,FA Cup,2023,1366,Hartlepool,HAR,1908,The Suit Direct Stadium,"Hartlepool, County Durham"
45,FA Cup,2023,1367,Newport County,NEW,1989,Rodney Parade,Casnewydd
45,FA Cup,2023,1368,Stevenage,STE,1976,The Lamex Stadium,"Stevenage, Hertfordshire"
45,FA Cup,2023,1369,Barnet,BAR,1888,The Hive Stadium,London
45,FA Cup,2023,1370,Cambridge United,CAM,1912,Abbey Stadium,"Cambridge, Cambridgeshire"
45,FA Cup,2023,1371,Carlisle,CAR,1903,Brunton Park,"Carlisle, Cumbria"
45,FA Cup,2023,1372,Cheltenham,CHE,1887,Completely-Suzuki Stadium,"Cheltenham, Gloucestershire"
45,FA Cup,2023,1373,Leyton Orient,LEY,1881,Brisbane Road,London
45,FA Cup,2023,1374,Mansfield Town,MAN,1897,One Call Stadium,"Mansfield, Nottinghamshire"
45,FA Cup,2023,1375,Morecambe,MOR,1920,Mazuma Stadium,"Morecambe, Lancashire"
45,FA Cup,2023,1376,Notts County,NOT,1862,Meadow Lane,"Nottingham, Nottinghamshire"
45,FA Cup,2023,1377,Yeovil Town,YEO,1895,Huish Park Stadium,"Yeovil, Somerset"
45,FA Cup,2023,1378,Forest Green,FOR,1890,The Bolt New Lawn,"Nailsworth, Gloucestershire"
45,FA Cup,2023,1379,Lincoln,LNC,1884,LNER Stadium,"Lincoln, Lincolnshire"
45,FA Cup,2023,1380,Macclesfield,MAC,2020,The Leasing.com Stadium,"Macclesfield, Cheshire"
45,FA Cup,2023,1381,Tranmere,TRA,1884,Prenton Park,"Birkenhead, Merseyside"
45,FA Cup,2023,1818,Aldershot Town,ALD,1992,Electrical Services Stadium,"Aldershot, Hampshire"
45,FA Cup,2023,1819,Barrow,BAR,1901,SO Legal Stadium,"Barrow-in-Furness, Cumbria"
45,FA Cup,2023,1820,Chester,CHE,2010,Deva Stadium,"Chester, Cheshire"
45,FA Cup,2023,1821,Dagenham & Redbridge,DAG,1992,Chigwell Construction Stadium,"Dagenham, Essex"
45,FA Cup,2023,1822,Eastleigh,EAS,1949,Silverlake Stadium,"Eastleigh, Hampshire"
45,FA Cup,2023,1823,Gateshead,GAT,1889,Gateshead International Stadium,"Gateshead, Tyne and Wear"
45,FA Cup,2023,1824,Guiseley AFC,GUI,1909,Nethermoor Park,"Guiseley, West Yorkshire"
45,FA Cup,2023,1825,Maidstone Utd,MAI,1992,Gallagher Stadium,"Maidstone, Kent"
45,FA Cup,2023,1826,Southport,SOU,1881,The BIG HELP Stadium,"Southport, Merseyside"
45,FA Cup,2023,1827,Torquay,TOR,1899,Plainmoor Ground,"Torquay, Devon"
45,FA Cup,2023,1828,York,YOR,1922,LNER Community Stadium,"York, North Yorkshire"
45,FA Cup,2023,1829,Dover,DOV,1983,The Perrys Crabble Stadium,"Dover, Kent"
45,FA Cup,2023,1830,Boreham Wood,BOR,1948,Meadow Park,"Borehamwood, Hertfordshire"
45,FA Cup,2023,1831,Braintree,BRA,1898,Cressing Road Stadium,"Braintree, Essex"
45,FA Cup,2023,1832,Bromley,BRO,1892,RELOC8 EM Community Stadium,London
45,FA Cup,2023,1834,Solihull Moors,SOL,2007,ARMCO Arena,"Solihull, West Midlands"
45,FA Cup,2023,1835,Sutton Utd,SUT,1898,VBS Community Stadium,"Sutton, Surrey"
45,FA Cup,2023,1836,Woking,WOK,1889,The Laithwaite Community Stadium,"Woking, Surrey"
45,FA Cup,2023,1837,Wrexham,WRE,1872,STōK Cae Ras,Wrecsam
45,FA Cup,2023,1838,Maidenhead,MAI,1870,York Road Stadium,"Maidenhead, Berkshire"
45,FA Cup,2023,1839,AFC Fylde,FYL,1988,Mill Farm Stadium,Wesham
45,FA Cup,2023,1840,Ebbsfleet United,EBB,1946,Kuflink Stadium,"Northfleet, Kent"
45,FA Cup,2023,1841,FC Halifax Town,HAL,2008,The Shay Stadium,"Halifax, West Yorkshire"
45,FA Cup,2023,1842,Harrogate Town,HAR,1914,EnviroVent Stadium,"Harrogate, North Yorkshire"
45,FA Cup,2023,1843,Havant & Wville,HAV,1998,Westleigh Park,"Havant, Hampshire"
45,FA Cup,2023,1844,Salford City,,,The Peninsula Stadium,"Salford, Greater Manchester"
45,FA Cup,2023,4677,Alfreton Town,ALF,1959,The Impact Arena,"Alfreton, Derbyshire"
45,FA Cup,2023,4678,Billericay Town,BIL,1880,AGP Arena,"Billericay, Essex"
45,FA Cup,2023,4679,Chorley,CHO,1883,Victory Park,"Chorley, Lancashire"
45,FA Cup,2023,4680,Hampton & Richmond,HAM,1921,Beveree Stadium,"Hampton, Middlesex"
45,FA Cup,2023,4681,Haringey Borough,,1973,Coles Park,London
45,FA Cup,2023,4682,Hitchin Town,HIT,,Top Field,"Hitchin, Hertfordshire"
45,FA Cup,2023,4683,Metropolitan Police,MET,1919,Imber Court,"East Molesey, Surrey"
45,FA Cup,2023,4684,Oxford City,OXF,1882,RAW Charging Stadium,"Oxford, Oxfordshire"
45,FA Cup,2023,4685,Slough Town,,,Arbour Park,"Slough, Buckinghamshire"
45,FA Cup,2023,4686,Stockport County,STO,1883,Edgeley Park,"Stockport, Greater Manchester"
45,FA Cup,2023,4687,Weston-super-Mare,WES,1887,The Optima Stadium,"Weston-super-Mare, Somerset"
45,FA Cup,2023,4688,AFC Telford United,TEL,2004,New Bucks Head Ground,"Telford, Shropshire"
45,FA Cup,2023,4689,Chelmsford City,CHE,1938,Melbourne Stadium,"Chelmsford, Essex"
45,FA Cup,2023,4690,Dartford,DAR,1888,Princes Park,"Dartford, Kent"
45,FA Cup,2023,4691,Gainsborough Trinity,GAI,1873,Kal Group Stadium,"Gainsborough, Lincolnshire"
45,FA Cup,2023,4692,Hereford,,2015,Edgar Street Athletic Ground,"Hereford, Herefordshire"
45,FA Cup,2023,4693,Heybridge Swifts,HEY,,First Call Community Stadium,"Maldon, Essex"
45,FA Cup,2023,4694,Hyde United,HYD,1919,Project Solar UK Stadium,"Hyde, Cheshire"
45,FA Cup,2023,4695,Kidderminster Harriers,KID,1886,Aggborough Stadium,"Kidderminster, Worcestershire"
45,FA Cup,2023,4696,Leatherhead,,1907,Fetcham Grove,"Leatherhead, Surrey"
45,FA Cup,2023,4697,Nantwich Town,NAN,1884,Optimum Pay Stadium,"Nantwich, Cheshire"
45,FA Cup,2023,4699,Truro City,TRU,1889,Truro Sports Hub,"Truro, Cornwall"
45,FA Cup,2023,4700,Altrincham,ALT,1903,The J. Davidson Stadium,"Altrincham, Cheshire"
45,FA Cup,2023,4701,Brackley Town,BRA,,St. James Park,"Brackley, Northamptonshire"
45,FA Cup,2023,4702,Chesham United,CHE,1917,The Meadow,"Chesham, Buckinghamshire"
45,FA Cup,2023,4703,Curzon Ashton,CUR,1963,Tameside Stadium,"Ashton-under-Lyne, Lancashire"
45,FA Cup,2023,4704,Eastbourne Borough,EAS,1964,ReachTV Stadium,"Eastbourne, East Sussex"
45,FA Cup,2023,4705,Harrow Borough,HAR,1933,Earlsmead Stadium,"South Harrow, Middlesex"
45,FA Cup,2023,4706,Merstham,,1892,Moatside Stadium,"Merstham, Surrey"
45,FA Cup,2023,4707,Spennymoor Town,,1931,The Brewery Field,"Spennymoor, County Durham"
45,FA Cup,2023,4708,St Albans City,ALB,1908,Clarence Park,"St. Albans, Hertfordshire"
45,FA Cup,2023,4709,Stamford,STA,,The Zeeco Stadium,"Stamford, Lincolnshire"
45,FA Cup,2023,4710,Stourbridge,STO,1876,War Memorial Athletic Ground,"Stourbridge, West Midlands"
45,FA Cup,2023,4711,Taunton Town,,,Cygnet Health Care Stadium,"Taunton, Somerset"
45,FA Cup,2023,4712,Westfields,,1966,Allpay Park,"Hereford, Herefordshire"
45,FA Cup,2023,4713,Whitehawk,WHI,1945,The Enclosed Ground,"Brighton, East Sussex"
45,FA Cup,2023,7205,AFC Sudbury,SUD,1999,MEL Group Stadium,"Sudbury, Suffolk"
45,FA Cup,2023,7206,Ashford United,,,The Homelands,"Ashford, Kent"
45,FA Cup,2023,7207,Aveley,,1927,Parkside Stadium,"Aveley, Essex"
45,FA Cup,2023,7208,Aylesbury United,,1897,The Meadow,"Chesham, Buckinghamshire"
45,FA Cup,2023,7209,Barking,,1880,Mayesbrook Park,"Dagenham, Essex"
45,FA Cup,2023,7210,Barnstaple Town,,,Mill Road,"Barnstaple, Devon"
45,FA Cup,2023,7211,Basildon United,,,The Ho Ho Stadium,"Basildon, Essex"
45,FA Cup,2023,7212,Bedfont Sports,,1962,Bedfont Sports Recreation Ground,"Bedfont, Greater London"
45,FA Cup,2023,7213,Bedworth United,,1895,The Oval,"Bedworth, Warwickshire"
45,FA Cup,2023,7214,Berkhamsted,,2009,Broadwater,"Berkhamsted, Hertfordshire"
45,FA Cup,2023,7215,Bideford,BID,1946,The Sports Ground,"Bideford, Devon"
45,FA Cup,2023,7216,Brentwood Town,,1954,The Brentwood Centre Arena,"Brentwood, Essex"
45,FA Cup,2023,7217,Burgess Hill Town,,1882,Home Call Carpets Community Stadium,"Burgess Hill, West Sussex"
45,FA Cup,2023,7218,Cambridge City,CAM,1908,FWD-IP Community Stadium,"Sawston, Cambridgeshire"
45,FA Cup,2023,7219,Chipstead,,1906,High Road,"Chipstead, Surrey"
45,FA Cup,2023,7220,Cinderford Town,,,The Causeway,"Cinderford, Gloucestershire"
45,FA Cup,2023,7221,Corby Town,COR,1948,Steel Park,"Corby, Northamptonshire"
45,FA Cup,2023,7222,Didcot Town,,1907,Christchurch Homes Loop Meadow,"Didcot, Oxfordshire"
45,FA Cup,2023,7224,East Grinstead Town,,1890,The Vistavis Community Stadium,"East Grinstead, West Sussex"
45,FA Cup,2023,7225,FC Romania,,2006,The Stadium Cheshunt,"Cheshunt, Hertfordshire"
45,FA Cup,2023,7226,Frome Town,FRO,,AlderSmith Stadium,"Frome, Somerset"
45,FA Cup,2023,7227,Glossop North End,,,The Asgard Engineering Stadium,"Glossop, Derbyshire"
45,FA Cup,2023,7228,Grays Athletic,GRA,1890,Parkside Stadium,"Aveley, Essex"
45,FA Cup,2023,7229,Great Wakering Rovers,,1919,Burroughs Park,"Great Wakering, Essex"
45,FA Cup,2023,7231,Hastings United,HAS,1894,The Pilot Field,"Hastings, Sussex"
45,FA Cup,2023,7232,Herne Bay,,1886,Winch's Field,"Herne Bay, Kent"
45,FA Cup,2023,7233,Highworth Town,,1894,Save On Tyres Stadium,"Highworth, Wiltshire"
45,FA Cup,2023,7234,Histon,HIS,1904,Glassworld Stadium,"Impington, Cambridgeshire"
45,FA Cup,2023,7235,Hythe Town,HYT,,Reachfields Stadium,"Hythe, Kent"
45,FA Cup,2023,7236,Ilkeston Town,ILK,2017,New Manor Ground,"Ilkeston, Derbyshire"
45,FA Cup,2023,7237,Kendal Town,,1919,The Westmoreland Flooring Stadium,"Kendal, Cumbria"
45,FA Cup,2023,7238,Larkhall Athletic,,,The Plain Ham Ground,"Bath, Somerset"
45,FA Cup,2023,7239,Leek Town,LEE,,F. Ball Community Stadium,"Leek, Staffordshire"
45,FA Cup,2023,7241,Melksham Town,,,Oakfield Stadium,"Melksham, Wiltshire"
45,FA Cup,2023,7242,Newcastle Town,,,Red Industries Lyme Valley Stadium,"Newcastle-under-Lyme, Staffordshire"
45,FA Cup,2023,7243,Northwood,,,Skyline Roofing Stadium,London
45,FA Cup,2023,7244,Paulton Rovers,,,Athletic Field,"Paulton, Somerset"
45,FA Cup,2023,7245,Phoenix Sports,,,Phoenix Sports FC Ground,"Bexleyheath, Kent"
45,FA Cup,2023,7246,Pickering Town,,,Mill Lane,"Pickering, North Yorkshire"
45,FA Cup,2023,7247,Pontefract Collieries,,,The Hunters Stadium,"Pontefract, West Yorkshire"
45,FA Cup,2023,7248,Romford,,1876,The Brentwood Centre Arena,"Brentwood, Essex"
45,FA Cup,2023,7249,Sevenoaks Town,,,The Bourne Stadium,"Sevenoaks, Kent"
45,FA Cup,2023,7250,Sittingbourne,,,Woodstock Park,"Sittingbourne, Kent"
45,FA Cup,2023,7251,South Park,,1897,King George's Field,"Reigate, Surrey"
45,FA Cup,2023,7252,Stocksbridge Park Steels,STO,1986,Bracken Moor,"Stocksbridge, South Yorkshire"
45,FA Cup,2023,7253,Sutton Coldfield Town,,,Central Ground,"Sutton Coldfield, West Midlands"
45,FA Cup,2023,7254,Thatcham Town,,,Waterside Park,"Thatcham, Berkshire"
45,FA Cup,2023,7255,Tilbury,,1900,Chadfields,"Tilbury, Essex"
45,FA Cup,2023,7256,Tooting & Mitcham United,,1932,Tooting & Mitcham Community Sports Club,"Morden, Surrey"
45,FA Cup,2023,7257,Uxbridge,,,Honeycroft,London
45,FA Cup,2023,7258,VCD Athletic,,1916,The Oakwood,"Crayford, Kent"
45,FA Cup,2023,7259,Waltham Abbey,,1944,Capershotts,"Waltham Abbey, Essex"
45,FA Cup,2023,7260,Wantage Town,,1892,Alfredian Park,"Wantage, Oxfordshire"
45,FA Cup,2023,7261,Westfield (Surrey),,1953,Woking Park,"Woking, Surrey"
45,FA Cup,2023,7263,Willand Rovers,,1946,The Stan Robinson Stadium,"Willand, Devon"
45,FA Cup,2023,7264,Witham Town,,,Simarco Stadium,"Witham, Essex"
45,FA Cup,2023,7265,Workington,WOR,1921,Borough Park,"Workington, Cumbria"
45,FA Cup,2023,7266,Worksop Town,,1861,Windsor Foodservice Stadium,"Worksop, Nottinghamshire"
45,FA Cup,2023,7267,Yaxley,,1962,Leading Drove,"Yaxley, Cambridgeshire"
45,FA Cup,2023,7610,AFC Dunstable,,,Creasey Park Community Football Centre,"Dunstable, Bedfordshire"
45,FA Cup,2023,7611,AFC Kempston Rovers,,1884,Hillgrounds Leisure,"Kempston, Bedfordshire"
45,FA Cup,2023,7612,AFC Totton,AFC,,Snows Stadium,"Totton, Hampshire"
45,FA Cup,2023,7613,Ashford Town (Middlesex),,1965,The Robert Parker Stadium,"Stanwell, Surrey"
45,FA Cup,2023,7614,Barton Rovers,,1982,Sharpenhoe Road,"Barton-Le-Clay, Bedfordshire"
45,FA Cup,2023,7615,Basingstoke Town,BAS,1896,Charters Community Stadium,"Winchester, Hampshire"
45,FA Cup,2023,7616,Bedford Town,BED,1908,The New Eyrie,"Cardington, Bedfordshire"
45,FA Cup,2023,7617,Belper Town,,1883,Raygar Stadium,"Belper, Derbyshire"
45,FA Cup,2023,7618,Biggleswade,,2016,The New Eyrie,"Cardington, Bedfordshire"
45,FA Cup,2023,7619,Bracknell Town,,,The SB Stadium,"Sandhurst, Berkshire"
45,FA Cup,2023,7620,Brighouse Town,,,The Yorkshire Payments Stadium,"Brighouse, West Yorkshire"
45,FA Cup,2023,7621,Bristol Manor Farm,,1960,The Creek,Bristol
45,FA Cup,2023,7622,Bury Town,BUR,1872,Atalian Servest Stadium,"Bury St Edmunds, Suffolk"
45,FA Cup,2023,7623,Canvey Island,CAN,1926,The Steves Taxis Stadium,"Canvey Island, Essex"
45,FA Cup,2023,7624,Carlton Town,,,Bill Stokeld Stadium,"Nottingham, East Midlands"
45,FA Cup,2023,7625,Chalfont St Peter,,1926,Mill Meadow,"Chalfont St Peter, Buckinghamshire"
45,FA Cup,2023,7626,Chasetown,,1954,The Scholars Ground,"Burntwood, Staffordshire"
45,FA Cup,2023,7627,Chertsey Town,,1890,Alwyns Lane Football Ground,"Chertsey, Surrey"
45,FA Cup,2023,7628,Chichester City,,1873,Oaklands Park,"Chichester, West Sussex"
45,FA Cup,2023,7629,Cirencester Town,,1889,The Corinium Stadium,"Cirencester, Gloucestershire"
45,FA Cup,2023,7630,City of Liverpool,,,DCBL Stadium,"Widnes, Cheshire"
45,FA Cup,2023,7631,Cleethorpes Town,,,The myenergi Stadium,"Grimsby, Lincolnshire"
45,FA Cup,2023,7632,Clitheroe,,1877,The Loom Loft Stadium,"Clitheroe, Lancashire"
45,FA Cup,2023,7633,Coggeshall Town,,,West Street,"Coggeshall, Essex"
45,FA Cup,2023,7634,Coleshill Town,,1894,Pack Meadow,"Coleshill, Warwickshire"
45,FA Cup,2023,7635,Colne,,1996,Haffners Stadium,"Colne, Lancashire"
45,FA Cup,2023,7636,Cray Valley PM,CRA,1919,The Artic Stadium,London
45,FA Cup,2023,7637,Daventry Town,DAV,,Communications Park,"Daventry, Northamptonshire"
45,FA Cup,2023,7638,Dereham Town,,1884,Aldiss Park,"Dereham, Norfolk"
45,FA Cup,2023,7639,Dunston UTS,,1975,UTS Stadium,"Gateshead, Tyne and Wear"
45,FA Cup,2023,7640,Evesham United,,,The Spiers & Hartwell Jubilee Stadium,"Evesham, Worcestershire"
45,FA Cup,2023,7641,Faversham Town,,1884,Salters Lane,"Faversham, Kent"
45,FA Cup,2023,7642,Felixstowe & Walton Utd,,2000,AGL Arena,"Felixstowe, Suffolk"
45,FA Cup,2023,7643,Frickley Athletic,FRI,1910,Westfield Lane Stadium,"South Elmsall, West Yorkshire"
45,FA Cup,2023,7644,Halesowen Town,,1873,The Grove,"Halesowen, West Midlands"
45,FA Cup,2023,7645,Hanwell Town,,1920,The Powerday Stadium,London
45,FA Cup,2023,7647,Haywards Heath Town,,,Hanbury Park,Haywards Heath
45,FA Cup,2023,7648,Hertford Town,,1908,Hertingfordbury Park,"Hertford, Hertfordshire"
45,FA Cup,2023,7649,Hullbridge Sports,,,Lower Road,Hullbridge
45,FA Cup,2023,7650,Kidlington,,1908,Yarnton Road,"Kidlington, Oxfordshire"
45,FA Cup,2023,7651,Kidsgrove Athletic,KID,,Autonet Insurance Stadium,"Kidsgrove, Staffordshire"
45,FA Cup,2023,7652,Lincoln United,,,Sun Hat Villas & Resorts Stadium,"Lincoln, Lincolnshire"
45,FA Cup,2023,7653,Loughborough Dynamo,,1955,Nanpantan Sports Ground,"Loughborough, Leicestershire"
45,FA Cup,2023,7654,Maldon & Tiptree,,,Drewitt-Barlow Stadium,"Maldon, Essex"
45,FA Cup,2023,7655,Mangotsfield United,MAN,1951,Cossham Street Stadium,"Mangotsfield, South Gloucestershire"
45,FA Cup,2023,7656,Marine,MAR,1894,The Marine Travel Arena,"Crosby, Merseyside"
45,FA Cup,2023,7657,Marlow,,,Alfred Davis Memorial Ground,"Marlow, Buckinghamshire"
45,FA Cup,2023,7658,Marske United,MAR,1956,GER Stadium,"Marske-by-the-Sea, Redcar and Cleveland"
45,FA Cup,2023,7659,Moneyfields,,1987,The John Jenkins Stadium,"Portsmouth, Hampshire"
45,FA Cup,2023,7660,Mossley,MOS,1903,Seel Park,"Mossley, Greater Manchester"
45,FA Cup,2023,7661,North Leigh,,,Eynsham Hall Park,"North Leigh, Oxfordshire"
45,FA Cup,2023,7662,Ossett United,,2018,Ingfield Stadium,"Ossett, West Yorkshire"
45,FA Cup,2023,7663,Prescot Cables,,1884,The Auto Safety Centre Stadium,"Prescot, Merseyside"
45,FA Cup,2023,7664,Ramsbottom United,RAM,1966,The Harry Williams Riverside Stadium,"Ramsbottom, Greater Manchester"
45,FA Cup,2023,7665,Ramsgate,,1886,WW Martin Community Stadium,"Ramsgate, Kent"
45,FA Cup,2023,7666,Runcorn Linnets,,2006,Runcorn Linnets' APEC Taxi's Stadium,"Runcorn, Cheshire"
45,FA Cup,2023,7667,Sheffield,SHE,1857,Home of Football Stadium,"Dronfield, North East Derbyshire"
45,FA Cup,2023,7668,Sholing,,,Mackoy Stadium,"Southampton, Hampshire"
45,FA Cup,2023,7669,Slimbridge,,,Thornhill Park,"Cambridge, Gloucestershire"
45,FA Cup,2023,7670,Soham Town Rangers,SOH,,Julius Martin Lane,"Soham, Cambridgeshire"
45,FA Cup,2023,7671,Spalding United,,,Sir Halley Stewart Field,"Spalding, Lincolnshire"
45,FA Cup,2023,7672,St Neots Town,NEO,1879,Rowley Park Stadium,"St Neots, Cambridgeshire"
45,FA Cup,2023,7674,Tadcaster Albion,,1892,Young Guns Arena,"Tadcaster, North Yorkshire"
45,FA Cup,2023,7675,Thame United,,,ASM Stadium,"Thame, Oxfordshire"
45,FA Cup,2023,7676,Three Bridges,,1901,Jubilee Field,"Crawley, West Sussex"
45,FA Cup,2023,7677,Trafford,TRA,1990,Pennybridge Lane,"Flixton, Greater Manchester"
45,FA Cup,2023,7678,Ware,,1892,Wodson Park,"Ware, Hertfordshire"
45,FA Cup,2023,7679,Welwyn Garden City,,,Herns Way,"Welwyn Garden City, Hertfordshire"
45,FA Cup,2023,7680,Whitstable Town,WHI,1886,The Belmont Ground,"Whitstable, Kent"
45,FA Cup,2023,7681,Widnes,,,Select Security Stadium,"Widnes, Cheshire"
45,FA Cup,2023,7682,Winchester City,,1884,Charters Community Stadium,"Winchester, Hampshire"
45,FA Cup,2023,7683,Wisbech Town,,,Fountain Fresh Park,"Wisbech, Cambridgeshire"
45,FA Cup,2023,7690,AFC Hornchurch,HOR,2005,Hornchurch Stadium,London
45,FA Cup,2023,7691,AFC Rushden & Diamonds,,2011,Hayden Road,"Rushden, Northamptonshire"
45,FA Cup,2023,7692,Alvechurch,,,Lye Meadow,"Alvechurch, Worcestershire"
45,FA Cup,2023,7693,Ashton United,,1878,Hurst Cross,"Ashton-under-Lyne, Greater Manchester"
45,FA Cup,2023,7694,Atherton Collieries,,,The Skuna Stadium,"Atherton, Greater Manchester"
45,FA Cup,2023,7695,Bamber Bridge,,1974,Sir Tom Finney Stadium,"Preston, Lancashire"
45,FA Cup,2023,7696,Banbury United,BAN,1931,Banbury Plant Hire Community Stadium,"Banbury, Oxfordshire"
45,FA Cup,2023,7697,Barwell,BRW,,Kirkby Road,"Barwell, Leicestershire"
45,FA Cup,2023,7698,Basford United,,,Greenwich Avenue,"Nottingham, Nottinghamshire"
45,FA Cup,2023,7699,Beaconsfield Town,,1994,Holloways Park,"Beaconsfield, Buckinghamshire"
45,FA Cup,2023,7700,Biggleswade Town,BIG,,The Carlsberg Stadium,"Biggleswade, Bedfordshire"
45,FA Cup,2023,7701,Bishop's Stortford,BIS,1874,The RDA Stadium,"Bishop&apos;s Stortford, Hertfordshire"
45,FA Cup,2023,7702,Blackfield & Langley,,1935,Gang Warily Community & Recreation Centre,"Blackfield, Hampshire"
45,FA Cup,2023,7703,Bognor Regis Town,BOG,1883,MKM Arena,"Bognor Regis, West Sussex"
45,FA Cup,2023,7704,Brightlingsea Regent,,2005,North Road,"Brightlingsea, Essex"
45,FA Cup,2023,7705,Bromsgrove Sporting,,,The Victoria Ground,"Bromsgrove, Worcestershire"
45,FA Cup,2023,7706,Buxton,BUX,1877,The Silverlands,"Buxton, Derbyshire"
45,FA Cup,2023,7707,Carshalton Athletic,CAR,0,War Memorial Sports Ground,"Carshalton, Surrey"
45,FA Cup,2023,7708,Cheshunt,,1946,The Stadium Cheshunt,"Cheshunt, Hertfordshire"
45,FA Cup,2023,7709,Coalville Town,COA,1926,Owen Street Sports Ground,"Coalville, Leicestershire"
45,FA Cup,2023,7710,Corinthian-Casuals,,1882,King George's Field,London
45,FA Cup,2023,7711,Cray Wanderers,,1860,Flamingo Park,London
45,FA Cup,2023,7712,Dorchester Town,DOR,1880,Clayson Stadium,"Dorchester, Dorset"
45,FA Cup,2023,7713,East Thurrock United,EAS,1969,Rookery Hill,"Corringham, Essex"
45,FA Cup,2023,7714,Enfield Town,ENF,2001,Dave Bryant Stadium,London
45,FA Cup,2023,7715,Farnborough,FAR,,Saunders Transport Community Stadium,"Farnborough, Hampshire"
45,FA Cup,2023,7716,Folkestone Invicta,FOL,1936,The Alcaline Stadium,"Folkestone, Kent"
45,FA Cup,2023,7717,Gosport Borough,GOS,1944,Privett Park,"Gosport, Hampshire"
45,FA Cup,2023,7718,Grantham Town,GRA,,South Kesteven Stadium,"Grantham, Lincolnshire"
45,FA Cup,2023,7719,Hartley Wintney,HAR,,The Memorial Playing Fields,"Hartley Wintney, Hampshire"
45,FA Cup,2023,7720,Hayes & Yeading United,HAY,2007,The SKYex Community Stadium,London
45,FA Cup,2023,7721,Hednesford Town,HED,1880,Keys Park,"Hednesford, Staffordshire"
45,FA Cup,2023,7722,Hendon,HEN,1908,Silver Jubilee Park,London
45,FA Cup,2023,7723,Horsham,,,The Camping World Community Stadium,"Horsham, West Sussex"
45,FA Cup,2023,7724,Kings Langley,,1886,The Orbital Fasteners Stadium,"Kings Langley, Hertfordshire"
45,FA Cup,2023,7725,Kingstonian,KIN,1885,Tooting & Mitcham Community Sports Club,"Morden, Surrey"
45,FA Cup,2023,7726,Lancaster City,,1905,Giant Axe Stadium,"Lancaster, Lancashire"
45,FA Cup,2023,7727,Leiston,LEI,,Victory Road,"Leiston, Suffolk"
45,FA Cup,2023,7728,Lewes,LEW,1885,The Dripping Pan,"Lewes, East Sussex"
45,FA Cup,2023,7729,Lowestoft Town,LOW,1887,Crown Meadow,"Lowestoft, Suffolk"
45,FA Cup,2023,7730,Margate,MAR,1896,Hartsdown Park,"Margate, Kent"
45,FA Cup,2023,7731,Matlock Town,MAT,1878,The Proctor Cars Stadium,"Matlock, Derbyshire"
45,FA Cup,2023,7732,Merthyr Town,MER,1909,Penydarren Park,Merthyr Tydfil
45,FA Cup,2023,7733,Mickleover Sports,,1948,Don Amott Leisure Group Arena,"Derby, Derbyshire"
45,FA Cup,2023,7734,Morpeth Town,,,Craik Park,"Morpeth, Northumberland"
45,FA Cup,2023,7735,Needham Market,,1919,Ecologic Stadium at Bloomfields,"Needham Market, Suffolk"
45,FA Cup,2023,7737,Peterborough Sports,,1919,Lincoln Road,Peterborough
45,FA Cup,2023,7738,Poole Town,POO,,Tatnam Ground,"Poole, Dorset"
45,FA Cup,2023,7739,Potters Bar Town,,1960,The Lantern Stadium,"Potters Bar, Hertfordshire"
45,FA Cup,2023,7740,Radcliffe,,1949,Neuven Stadium,"Radcliffe, Greater Manchester"
45,FA Cup,2023,7741,Redditch United,RED,1891,The Valley Stadium,"Redditch, Worcestershire"
45,FA Cup,2023,7742,Royston Town,,1872,Garden Walk,"Royston, Hertfordshire"
45,FA Cup,2023,7743,Rushall Olympic,RUS,,Dales Lane,"Walsall, West Midlands"
45,FA Cup,2023,7744,Salisbury,,2014,The Raymond McEnhill Stadium,"Salisbury, Wiltshire"
45,FA Cup,2023,7745,Scarborough Athletic,SCA,2007,Flamingo Land Stadium,"Scarborough, North Yorkshire"
45,FA Cup,2023,7746,South Shields,,,1st Cloud Arena,"South Shields, Tyne and Wear"
45,FA Cup,2023,7747,St Ives Town,IVE,1887,Westwood Road,"St Ives, Cambridgeshire"
45,FA Cup,2023,7748,Stafford Rangers,STA,1876,The Stan Robinson Stadium,"Stafford, Staffordshire"
45,FA Cup,2023,7749,Stalybridge Celtic,STA,1909,Bower Fold,"Stalybridge, Greater Manchester"
45,FA Cup,2023,7750,Stratford Town,,1941,The Arden Garages Stadium,"Stratford-upon-Avon, Warwickshire"
45,FA Cup,2023,7751,Swindon Supermarine,,1992,The Webbs Wood Stadium,"Swindon, Wiltshire"
45,FA Cup,2023,7752,Tamworth,TAM,1933,The Lamb Ground,"Tamworth, Staffordshire"
45,FA Cup,2023,7753,Tiverton Town,TIV,1913,Ladysmead,"Tiverton, Devon"
45,FA Cup,2023,7754,United of Manchester,UNI,2005,Broadhurst Park,Manchester
45,FA Cup,2023,7756,Warrington Town,,1949,Cal.Delivery Stadium,"Latchford, Warrington"
45,FA Cup,2023,7757,Whitby Town,WHI,1880,Towbar Express Stadium at the Turnbull Ground,"Whitby, North Yorkshire"
45,FA Cup,2023,7758,Wimborne Town,,,The Cuthbury Stadium,"Wimborne Minster, Dorset"
45,FA Cup,2023,7759,Wingate & Finchley,WIN,0,The Maurice Rebak Stadium,London
45,FA Cup,2023,7760,Witton Albion,WIT,1887,U-Lock It Stadium,"Northwich, Cheshire"
45,FA Cup,2023,7761,Worthing,,1886,Sussex Transport Community Stadium,"Worthing, West Sussex"
45,FA Cup,2023,7762,Yate Town,,,The Jelf Stadium,"Yate, South Gloucestershire"
45,FA Cup,2023,7764,Bowers & Pitsea,,1946,Len Salmon Stadium,"Basildon, Essex"
45,FA Cup,2023,8146,Boston United,BOS,1933,The Jakemans Community Stadium,"Boston, Lincolnshire"
45,FA Cup,2023,8147,Chippenham Town,CHI,1873,Hardenhuish Park,"Chippenham, Wiltshire"
45,FA Cup,2023,8149,Dulwich Hamlet,DUL,1893,Champion Hill Stadium,London
45,FA Cup,2023,8650,Blyth Spartans,BLY,1899,Croft Park,"Blyth, Northumberland"
45,FA Cup,2023,8651,Bradford (Park Avenue),BRA,1907,Horsfall Stadium,"Bradford, West Yorkshire"
45,FA Cup,2023,8653,Gloucester City,GLO,1883,New Meadow Park,"Gloucester, Gloucestershire"
45,FA Cup,2023,8654,Kettering Town,,1872,Latimer Park,"Kettering, Northamptonshire"
45,FA Cup,2023,8655,King's Lynn Town,KIN,2010,The Walks,"King&apos;s Lynn, Norfolk"
45,FA Cup,2023,8656,Leamington,LEA,1891,Your Co-op Community Stadium,"Royal Leamington Spa, Warwickshire"
45,FA Cup,2023,8657,Bath City,BAT,1889,Twerton Park Stadium,"Bath, Somerset"
45,FA Cup,2023,8658,Concord Rangers,CON,1967,The Aspect Arena,"Canvey Island, Essex"
45,FA Cup,2023,8659,Dorking Wanderers,,,Meadowbank Stadium,"Dorking, Surrey"
45,FA Cup,2023,8660,Hemel Hempstead Town,HEM,1885,Focus Community Arena,"Hemel Hempstead, Hertfordshire"
45,FA Cup,2023,8661,Hungerford Town,HUN,1886,Bulpit Lane,"Hungerford, Berkshire"
45,FA Cup,2023,8662,Tonbridge Angels,TON,1947,Longmead Stadium,"Tonbridge, Kent"
45,FA Cup,2023,8663,Wealdstone,WEA,1899,Grosvenor Vale,"Ruislip, Middlesex"
45,FA Cup,2023,8664,Welling United,WEL,1963,Acclaim Handling Community Stadium,"Welling, Kent"
45,FA Cup,2023,8665,Weymouth,WEY,1890,Bob Lucas Stadium,"Weymouth, Dorset"
45,FA Cup,2023,8666,1874 Northwich,,,Townfield Lane,"Northwich, Cheshire"
45,FA Cup,2023,8667,AFC Croydon Athletic,,2012,The Mayfield Stadium,London
45,FA Cup,2023,8669,AFC Liverpool,,,Berry Street Garage Stadium,"Bootle, Merseyside"
45,FA Cup,2023,8670,AFC Mansfield,,2012,Forest Town Stadium,"Mansfield, Nottinghamshire"
45,FA Cup,2023,8671,AFC Portchester,,,The OnSite Group Stadium,"Portchester, Hampshire"
45,FA Cup,2023,8672,AFC Stoneham,,,Stoneham Lane Football Complex,"Eastleigh, Hampshire"
45,FA Cup,2023,8673,AFC Wulfrunians,,,Prestige Midlands Arena,"Wolverhampton, West Midlands"
45,FA Cup,2023,8675,Abbey Rangers,,,Addlestone Moor,"Addlestone, Surrey"
45,FA Cup,2023,8677,Albion Sports,,,Horsfall Stadium,"Bradford, West Yorkshire"
45,FA Cup,2023,8680,Andover New Street,,,DH PROPERTY SERVICES STADIUM,"Andover, Hampshire"
45,FA Cup,2023,8681,Anstey Nomads,,,Cropston Road,"Leicester, Leicestershire"
45,FA Cup,2023,8682,Ardley United,,1945,The Playing Fields,"Ardley, Oxfordshire"
45,FA Cup,2023,8683,Arlesey Town,ARL,1891,Armadillo Stadium,"Arlesey, Bedfordshire"
45,FA Cup,2023,8685,Ascot United,,,Ascot Racecourse,"Ascot, Berkshire"
45,FA Cup,2023,8686,Ashington AFC,,,The dwmedia Stadium,"Ashington, Northumberland"
45,FA Cup,2023,8689,Atherstone Town,,,Gam Civils Stadium,"Atherstone, Warwickshire"
45,FA Cup,2023,8690,Avro,,1936,Vestacare Stadium,"Oldham, Greater Manchester"
45,FA Cup,2023,8691,Aylesbury Vale Dynamos,,1930,The Greenfleets Stadium,"Aylesbury, Buckinghamshire"
45,FA Cup,2023,8692,Badshot Lea,,,Westfield Lane Stadium,Wrecclesham
45,FA Cup,2023,8693,Baffins Milton Rovers,,,PMC Stadium,"Portsmouth, Hampshire"
45,FA Cup,2023,8694,Baldock Town,,,Armadillo Stadium,"Arlesey, Bedfordshire"
45,FA Cup,2023,8695,Balham,,,The Mayfield Stadium,London
45,FA Cup,2023,8698,Barnoldswick Town,,,Silentnight Stadium,"Barnoldswick, Lancashire"
45,FA Cup,2023,8699,Barton Town Old Boys,,1995,Easy Buy Stadium,"Barton-upon-Humber, Lincolnshire"
45,FA Cup,2023,8700,Bashley,BAS,1947,The Veho Community Stadium,"Bashley, Hampshire"
45,FA Cup,2023,8701,Bearsted,,,Otham Sports Ground,"Otham, Kent"
45,FA Cup,2023,8702,Beckenham Town,,1971,Eden Park Avenue,"Beckenham, Kent"
45,FA Cup,2023,8703,Bemerton Heath Harleq.,,1989,Westwood Recreation Ground,"Salisbury, Wiltshire"
45,FA Cup,2023,8704,Bexhill United,,2002,Priory Lane,"Eastbourne, East Sussex"
45,FA Cup,2023,8705,Biggleswade United,,1959,Verdant Stadium,"Biggleswade, Bedfordshire"
45,FA Cup,2023,8707,Binfield,,1892,The Iconic Stadium,Binfield
45,FA Cup,2023,8708,Bishop Auckland,,,Heritage Park,"Bishop Auckland, County Durham"
45,FA Cup,2023,8709,Bishop's Cleeve,,1905,Kayte Lane,"Bishop&apos;s Cleeve, Gloucestershire"
45,FA Cup,2023,8711,Boldmere St. Michaels,,1883,The Amber Arena and Community Stadium,"Sutton Coldfield, West Midlands"
45,FA Cup,2023,8712,Bootle,,1953,Berry Street Garage Stadium,"Bootle, Merseyside"
45,FA Cup,2023,8713,Bottesford Town,,1974,Barrett Steel Stadium,Scunthorpe
45,FA Cup,2023,8714,Bournemouth FC,,1875,Victoria Park,"Bournemouth, Dorset"
45,FA Cup,2023,8717,Brantham Athletic,,1887,Brantham Leisure Centre,"Brantham, Suffolk"
45,FA Cup,2023,8718,Bridgwater Town,,1898,Fairfax Park,"Bridgwater, Somerset"
45,FA Cup,2023,8719,Bridlington Town,,1918,The Neil Hudgell Law Stadium,"Bridlington, East Yorkshire"
45,FA Cup,2023,8722,Brimscombe & Thrupp,,,Brimscombe & Thrupp FC Ground,"Stroud, Gloucestershire"
45,FA Cup,2023,8723,Brislington,BRI,1956,Brislington Stadium,"Brislington, Bristol"
45,FA Cup,2023,8724,Broadbridge Heath,,1919,The BodyMould Mattresses Stadium,"Horsham, West Sussex"
45,FA Cup,2023,8725,Broadfields United,,1993,Rayners Lane,London
45,FA Cup,2023,8726,Brockenhurst,,1898,Meadens Skoda Arena,"Brockenhurst, Hampshire"
45,FA Cup,2023,8727,Buckland Athletic,,1977,Homers Heath,"Newton Abbot, Devon"
45,FA Cup,2023,8728,Bugbrooke St Michaels,,,Birds Close,"Bugbrooke, Northamptonshire"
45,FA Cup,2023,8729,Burnham,BUR,,The 1878 Stadium,"Burnham, Buckinghamshie"
45,FA Cup,2023,8730,Burscough,,1946,The Community Ground,"Burscough, Lancashire"
45,FA Cup,2023,8733,Camberley Town,,,Krooner Park,"Camberley, Surrey"
45,FA Cup,2023,8734,Campion,,1963,Anytime Couriers Stadium,"Bradford, West Yorkshire"
45,FA Cup,2023,8736,Charnock Richard,,1933,Mossie Park,Charnock Richard
45,FA Cup,2023,8737,Chatham Town,CHA,1894,Bauvill Stadium,"Chatham, Kent"
45,FA Cup,2023,8741,Christchurch,,,Hurn Bridge Sports Ground,"Christchurch, Dorset"
45,FA Cup,2023,8742,Clacton,,1892,The Rush Green Bowl,"Clacton-on-Sea, Essex"
45,FA Cup,2023,8745,Clevedon Town,CLE,,Everyone Active Stadium,"Clevedon, Somerset"
45,FA Cup,2023,8746,Cobham,,1892,The Reg Madgwick Stadium,"Cobham, Surrey"
45,FA Cup,2023,8747,Cockfosters,,,Cockfosters Sport Ground,London
45,FA Cup,2023,8749,Colliers Wood United,,,Wibbandune Sports Ground,London
45,FA Cup,2023,8750,Colney Heath,,1907,The Recreation Ground,"Colney Heath, Hertfordshire"
45,FA Cup,2023,8751,Congleton Town,,,The Cleric Stadium,"Congleton, Cheshire"
45,FA Cup,2023,8752,Consett,,,Belle Vue Park,"Consett, County Durham"
45,FA Cup,2023,8753,Corinthian,,1972,Corinthian Sports Club,"Longfield, Kent"
45,FA Cup,2023,8754,Coventry Sphinx,,,Sphinx Drive,"Coventry, West Midlands"
45,FA Cup,2023,8755,Coventry United,,2013,Butts Park Arena,"Coventry, West Midlands"
45,FA Cup,2023,8756,Cowes Sports,,,The Zilch Waste Stadium,"Cowes, Isle of Wight"
45,FA Cup,2023,8757,Crawley Down Gatwick,,1993,The Haven Sportsfield,"Crawley Down, West Sussex"
45,FA Cup,2023,8758,Crawley Green,,1992,The Brache,"Luton, Bedfordshire"
45,FA Cup,2023,8759,Cribbs,,,The Lawns,Bristol
45,FA Cup,2023,8760,Crowborough Athletic,,,Crowborough Community Stadium,"Crowborough, East Sussex"
45,FA Cup,2023,8762,Deal Town,,1908,The Charles Sports Ground,"Deal, Kent"
45,FA Cup,2023,8763,Deeping Rangers,,1966,Deeping Sports Club,"Market Deeping, Lincolnshire"
45,FA Cup,2023,8764,Desborough Town,,1896,SG Pathway Academy Arena,"Desborough, Northamptonshire"
45,FA Cup,2023,8766,Dunstable Town,DUN,1883,Creasey Park Community Football Centre,"Dunstable, Bedfordshire"
45,FA Cup,2023,8767,Easington Sports,,,Addison Road,"Banbury, Oxfordshire"
45,FA Cup,2023,8769,Eastbourne Town,,1881,The Saffrons Football Ground,"Eastbourne, East Sussex"
45,FA Cup,2023,8770,Eastbourne United,,1896,The Oval,"Eastbourne, East Sussex"
45,FA Cup,2023,8771,Eccleshill United,,,Mitton Group Stadium,"Wrose Bradford, West Yorkshire"
45,FA Cup,2023,8772,Edgware Town,,,Silver Jubilee Park,London
45,FA Cup,2023,8773,Egham Town,EGH,1963,The Runnymede Stadium,"Egham, Surrey"
45,FA Cup,2023,8774,Ely City,,1885,The Unwin Ground,"Ely, Cambridgeshire"
45,FA Cup,2023,8775,Enfield 1893,,2007,Hertingfordbury Park,"Hertford, Hertfordshire"
45,FA Cup,2023,8776,Erith & Belvedere,,1922,Acclaim Handling Community Stadium,"Welling, Kent"
45,FA Cup,2023,8777,Erith Town,,1959,Bayliss Avenue,London
45,FA Cup,2023,8778,Exmouth,,1933,King George V Ground,"Exmouth, Devonshire"
45,FA Cup,2023,8779,Eynesbury Rovers,,,The Alfred Hall Memorial Ground,"Eynesbury, St. Neots"
45,FA Cup,2023,8780,Fairford Town,,,The Acorn Property Stadium,Fairford
45,FA Cup,2023,8781,Fakenham Town,,1884,Clipbush Park,"Fakenham, Norfolk"
45,FA Cup,2023,8782,Fareham Town,,,Cams Alders Stadium,"Fareham, Hampshire"
45,FA Cup,2023,8783,Farnham Town,,1912,The Memorial Ground Farnham,"Farnham, Surrey"
45,FA Cup,2023,8784,Fisher,,2009,St Pauls’ Sports Ground,London
45,FA Cup,2023,8785,Flackwell Heath,,1907,Wilks Park,"Flackwell Heath, Buckinghamshire"
45,FA Cup,2023,8786,Fleet Town,,1890,Easy As HGV Stadium,"Fleet, Hampshire"
45,FA Cup,2023,8789,Garforth Town,,,Bannister Prentice Community Stadium,"Garforth, West Yorkshire"
45,FA Cup,2023,8790,Glebe,,1995,Foxbury Avenue,"Chiselhurst, Greater London"
45,FA Cup,2023,8791,Godmanchester Rovers,,,Bearscroft Lane,"Godmanchester, Cambridgeshire"
45,FA Cup,2023,8792,Goole,,,Victoria Pleasure Grounds,"Goole, East Yorkshire"
45,FA Cup,2023,8793,Gorleston,,1887,Emerald Park,"Gorleston-On-Sea, Norfolk"
45,FA Cup,2023,8796,Gresley,,1882,The Moat Ground,"Church Gresley, Derbyshire"
45,FA Cup,2023,8797,Grimsby Borough,,,Bradley Community Stadium,"Grimsby, Lincolnshire"
45,FA Cup,2023,8798,Guildford City,,1921,Guildford Spectrum Athletics Stadium,"Guildford, Surrey"
45,FA Cup,2023,8799,Guisborough Town,,,King George V Ground,"Guisborough, North Yorkshire"
45,FA Cup,2023,8801,Hadleigh United,,1892,Millfield,"Hadleigh, Suffolk"
45,FA Cup,2023,8802,Hadley,,,Hadley Sports Ground,London
45,FA Cup,2023,8804,Hallam,,,Sandygate Road,Sheffield
45,FA Cup,2023,8806,Halstead Town,,,Milbank Stadium,"Halstead, Essex"
45,FA Cup,2023,8807,Hamble Club,,,The Abbey,"Hamble-le-Rice, Hampshire"
45,FA Cup,2023,8808,Hamworthy United,,,The Sunseeker International County Ground,"Poole, Dorset"
45,FA Cup,2023,8809,Handsworth Parramore,,2014,Express Worktops Stadium at Handsworth Junior Sporting Club,"Sheffield, South Yorkshire"
45,FA Cup,2023,8810,Hanley Town,,1966,Runcorn Linnets' APEC Taxi's Stadium,"Runcorn, Cheshire"
45,FA Cup,2023,8811,Hanworth Villa,,1976,Rectory Meadow,"Hanworth, Middlesex"
45,FA Cup,2023,8812,Harborough Town,,,Bowden Park,"Market Harborough, Leicestershire"
45,FA Cup,2023,8813,Harefield United,,1868,Preston Park,London
45,FA Cup,2023,8814,Harpenden Town,,,Rothamsted Park,"Harpenden, Hertfordshire"
45,FA Cup,2023,8817,Hassocks,,1902,The Beacon Ground,"Hassocks, West Sussex"
45,FA Cup,2023,8820,Heanor Town,,,The Town Ground,"Heanor, Derbyshire"
45,FA Cup,2023,8822,Hebburn Town,,,The Energy Check Sports Ground,"Hebburn, Tyne and Wear"
45,FA Cup,2023,8828,Hollands & Blair,,1970,Star Meadow Sports Club,"Gillingham, Kent"
45,FA Cup,2023,8830,Horley Town,,1896,The New Defence,"Horley, Surrey"
45,FA Cup,2023,8831,Horndean,,1887,Five Heads Park,"Horndean, Hampshire"
45,FA Cup,2023,8832,Horsham YMCA,,1898,Gorings Mead,"Horsham, West Sussex"
45,FA Cup,2023,8833,Hythe & Dibden,,,Hythe Garage Stadium,Dibden
45,FA Cup,2023,8834,Ilford,,,Cricklefield Stadium,"Ilford, Essex"
45,FA Cup,2023,8835,Irlam,,1969,The Silver Street Stadium,"Salford, Greater Manchester"
45,FA Cup,2023,8839,Kirkley & Pakefield,,1886,Walmer Road,"Kirkley, Suffolk"
45,FA Cup,2023,8840,Knaphill,,,Redding Way,"Knaphill, Surrey"
45,FA Cup,2023,8841,Knaresborough Town,,,The Hummel Stadium,Knaresborough
45,FA Cup,2023,8842,Lancing,,1941,Culver Road,"Lancing, West Sussex"
45,FA Cup,2023,8844,Leicester Nirvana,,2008,Hamilton Park,"Leicester, Leicestershire"
45,FA Cup,2023,8845,Leicester Road,,2013,The Greene King Stadium (De Montfort Park),"Hinckley, Leicestershire"
45,FA Cup,2023,8846,Leighton Town,,,Freed Veneers Community Stadium,"Leighton Buzzard, Bedfordshire"
45,FA Cup,2023,8847,Leverstock Green,,,The LORDS Builders Merchants Stadium,"Hemel Hempstead, Hertfordshire"
45,FA Cup,2023,8849,Lichfield City,,,Trade Tyre Community Stadium,Lichfield
45,FA Cup,2023,8850,Lingfield,,1893,The New Defence,"Horley, Surrey"
45,FA Cup,2023,8852,Little Common,,,Little Common Recreation Ground,Bexhill
45,FA Cup,2023,8853,Liversedge,,,Clayborn Stadium,"Cleckheaton, West Yorkshire"
45,FA Cup,2023,8856,Long Eaton United,,1956,Grange Park,"Long Eaton, Derbyshire"
45,FA Cup,2023,8857,Long Melford,,,Stoneylands,"Long Melford, Sudbury, Suffolk"
45,FA Cup,2023,8858,Longlevens,,,Saw Mills End,Gloucester
45,FA Cup,2023,8859,Longridge Town,,,Inglewhite Road,"Longridge, Lancashire"
45,FA Cup,2023,8860,Lordswood,,1968,Martyn Grove,"Chatham, Kent"
45,FA Cup,2023,8861,Loughborough University,,,Loughborough University Football Stadium,"Loughborough, Leicestershire"
45,FA Cup,2023,8862,Lower Breck,,,Anfield Sports Community Centre,Liverpool
45,FA Cup,2023,8863,Loxwood,,1920,Loxwood Sports Association,"Loxwood, West Sussex"
45,FA Cup,2023,8864,Lutterworth Town,,,Dunley Way,"Lutterworth, Leicestershire"
45,FA Cup,2023,8865,Lydney Town,,,Lydney Recreation Ground,Lydney
45,FA Cup,2023,8866,Lye Town,,1930,The Sports Ground,"Lye, West Midlands"
45,FA Cup,2023,8867,Lymington Town,,,Lymington Sports Ground,"Lymington, Hampshire"
45,FA Cup,2023,8869,Maltby Main,,,Muglet Lane,"Maltby, South Yorkshire"
45,FA Cup,2023,8870,Malvern Town,,,HD Anywhere Stadium,"Malvern, Worcestershire"
45,FA Cup,2023,8871,March Town United,,,GER Sports Ground,"March, Cambridgeshire"
45,FA Cup,2023,8872,Melton Town,,2004,Sign Right Park,"Melton Mowbray, Leicestershire"
45,FA Cup,2023,8873,Mildenhall Town,,,Mildenhall Town Football Club Stadium,"Mildenhall, Suffolk"
45,FA Cup,2023,8875,Mulbarton Wanderers,,,Mulberry Park,"Mulbarton, Norfolk"
45,FA Cup,2023,8876,Newcastle Benfield,,,Sam Smith's Park,"Newcastle upon Tyne, Tyne and Wear"
45,FA Cup,2023,8877,Newhaven,,1887,Trafalgar Ground,Newhaven
45,FA Cup,2023,8878,Newmarket Town,,,Cricket Field Road,"Newmarket, Suffolk"
45,FA Cup,2023,8879,Newport Pagnell Town,,,Willen Road,"Newport Pagnell, Buckinghamshire"
45,FA Cup,2023,8880,Newton Aycliffe,,,Securicorp Stadium,"Newton Aycliffe, County Durham"
45,FA Cup,2023,8881,North Greenford United,,1944,Berkeley Fields,London
45,FA Cup,2023,8882,North Shields,,,Daren Persson Stadium,"North Shields, Tyne and Wear"
45,FA Cup,2023,8883,Northallerton Town,,1895,The Calvert Stadium,"Northallerton, North Yorkshire"
45,FA Cup,2023,8885,Northwich Victoria,NOR,1874,U-Lock It Stadium,"Northwich, Cheshire"
45,FA Cup,2023,8887,Norwich United,,,Plantation Park,Norwich
45,FA Cup,2023,8889,Oadby Town,,1937,Riverside Pavilion,"Leicester, Leicestershire"
45,FA Cup,2023,8892,Padiham,,1878,Ruby Civil Arena,"Padiham, Lancashire"
45,FA Cup,2023,8893,Pagham,,1903,Nyetimber Lane,"Pagham, West Sussex"
45,FA Cup,2023,8894,Peacehaven & Telscombe,,1923,Centenary Park,"Peacehaven, East Sussex"
45,FA Cup,2023,8895,Penistone Church,,1906,Parker Roofing Memorial Ground,"Barnsley, South Yorkshire"
45,FA Cup,2023,8896,Penrith AFC,,,The Frenchfield Stadium,Penrith
45,FA Cup,2023,8898,Pinchbeck United,,,Sir Halley Stewart Field,"Spalding, Lincolnshire"
45,FA Cup,2023,8899,Plymouth Parkway,,1988,Manadon Sports Hub,"Plymouth, Devon"
45,FA Cup,2023,8900,Portland United,,1921,The Camp & Satherley Stadium,"Portland, Dorset"
45,FA Cup,2023,8901,Potton United,,,The Hollow,"Potton, Bedfordshire"
45,FA Cup,2023,8902,Punjab United,,,Elite Venue,"Gravesend, Kent"
45,FA Cup,2023,8903,Quorn,,,Farley Way Stadium,"Quorn, Leicestershire"
45,FA Cup,2023,8904,Racing Club Warwick,,1919,Townsend Meadow,"Warwick, Warwickshire"
45,FA Cup,2023,8906,Raynes Park Vale,,1995,Prince George's Fields,London
45,FA Cup,2023,8907,Reading City,,,Rivermoor Stadium,"Reading, Berkshire"
45,FA Cup,2023,8908,Redbridge,,,Oakside Stadium,"Ilford, Essex"
45,FA Cup,2023,8909,Redhill,,1894,Kiln Brow,"Redhill, Surrey"
45,FA Cup,2023,8910,Roman Glass St George,,1872,Oaklands Park Stadium,"Almondsbury, South Gloucestershire"
45,FA Cup,2023,8912,Romulus,,,Central Ground,"Sutton Coldfield, West Midlands"
45,FA Cup,2023,8914,Royal Wootton,,1882,Gerrard Buxton Sports Ground,"Royal Wootton Bassett, Wiltshire"
45,FA Cup,2023,8915,Rugby Town,,1956,Butlin Road,"Rugby, Warwikshire"
45,FA Cup,2023,8917,Rusthall,,,The Jockey Stadium,Rusthall
45,FA Cup,2023,8918,Rylands,,1911,The Hive Arena,"Warrington, Cheshire"
45,FA Cup,2023,8919,Saffron Walden Town,,,Catons Lane,"Saffron Walden, Essex"
45,FA Cup,2023,8920,Saltash United,,,Kimberley Stadium,"Saltash, Cornwall"
45,FA Cup,2023,8921,Saltdean United,,,Hill Park,"Brighton, East Sussex"
45,FA Cup,2023,8922,Sawbridgeworth Town,,1897,Crofters End Stadium,"Sawbridgeworth, Hertfordshire"
45,FA Cup,2023,8923,Seaham Red Star,,,The Alexandra Steakhouse Stadium,"Seaham, County Durham"
45,FA Cup,2023,8926,Shaftesbury Town,,1888,Cockrams Ground,"Shaftesbury, Dorset"
45,FA Cup,2023,8927,Sheerwater,,,Eastwood Leisure Centre,"Woking, Surrey"
45,FA Cup,2023,8928,Sheppey United,,1890,The Total Power Stadium,Sheerness
45,FA Cup,2023,8929,Shepshed Dynamo,,,The Dovecote,"Shepshed, Leicestershire"
45,FA Cup,2023,8930,Shepton Mallet,,,The Playing Fields,"Shepton Mallet, Somerset"
45,FA Cup,2023,8931,Sherwood Colliery,,2008,Debdale Park,"Mansfield Woodhouse, Nottinghamshire"
45,FA Cup,2023,8932,Shildon AFC,,,J Denham Metals Stadium,"Shildon, County Durham"
45,FA Cup,2023,8933,Shoreham,,1892,Middle Road,"Shoreham-by-Sea, West Sussex"
45,FA Cup,2023,8936,Silsden,,,The Asda Foundation Stadium,"Silsden, Keighley, West Yorkshire"
45,FA Cup,2023,8937,Skelmersdale United,SKE,1882,JMO Sports Park,"Skelmersdale, Lancashire"
45,FA Cup,2023,8938,Sleaford Town,,1968,Eslaforde Park,"Sleaford, Lincolnshire"
45,FA Cup,2023,8941,Southall,,1871,The Robert Parker Stadium,"Stanwell, Surrey"
45,FA Cup,2023,8943,Spelthorne Sports,,1922,Spelthorne Sports Club,"Ashford, Middlesex"
45,FA Cup,2023,8944,Sporting Bengal United,,,Mile End Stadium,London
45,FA Cup,2023,8945,Sporting Khalsa,,1991,Guardian Warehousing Arena,"Willenhall, West Midlands"
45,FA Cup,2023,8946,Squires Gate,,,The Brian Addison Stadium,"Blackpool, Lancashire"
45,FA Cup,2023,8949,Stansted,,,Hargrave Park Stadium,"Stansted Mountfitchet, Essex"
45,FA Cup,2023,8950,Stanway Rovers,,1956,The Hawthorns,"Colchester, Essex"
45,FA Cup,2023,8952,Steyning Town,,1892,Steyning Town Community Football Club,"Steyning, West Sussex"
45,FA Cup,2023,8953,Stockton Town,,,The Map Group UK Stadium,Stockton-on-Tees
45,FA Cup,2023,8954,Stone Old Alleynians,,,Red Industries Lyme Valley Stadium,"Newcastle-under-Lyme, Staffordshire"
45,FA Cup,2023,8955,Stotfold,,,The JSJ Stadium,Stotfold
45,FA Cup,2023,8956,Stourport Swifts,,1882,Walshes Meadow,"Stourport-on-Severn, Worcestershire"
45,FA Cup,2023,8957,Stowmarket Town,,,Greens Meadow Ground,"Stowmarket, Suffolk"
45,FA Cup,2023,8958,Street,,1880,The Tannery Ground,"Street, Somerset"
45,FA Cup,2023,8959,Sunderland RCA,,,Sunderland LGV Park,Sunderland
45,FA Cup,2023,8961,Sutton Athletic,,1898,Lower Road,"Hextable, Kent"
45,FA Cup,2023,8962,Sutton Common Rovers,,1978,VBS Community Stadium,"Sutton, Surrey"
45,FA Cup,2023,8964,Tadley Calleva,,,Barlow's Park,"Tadley, Hampshire"
45,FA Cup,2023,8965,Takeley,,1903,Full Vision Stadium,"Takeley, Essex"
45,FA Cup,2023,8966,Tavistock,,,Langsford Park,"Tavistock, Devon"
45,FA Cup,2023,8967,Thackley,,1930,Meridian Stadium at Dennyfield,"Thackley, West Yorkshire"
45,FA Cup,2023,8969,Thetford Town,,,Mundford Road,"Thetford, Norfolk"
45,FA Cup,2023,8971,Thornbury Town,,1898,Mundy Playing Fields,"Thornbury, South Gloucestershire"
45,FA Cup,2023,8972,Tividale,,1954,The Beeches,"Tividale, West Midlands"
45,FA Cup,2023,8975,Tring Athletic,,1958,The Michael Anthony Stadium,"Tring, Hertfordshire"
45,FA Cup,2023,8976,Tuffley Rovers,,1929,Glevum Park,"Gloucester, Gloucestershire"
45,FA Cup,2023,8977,Tunbridge Wells,,1886,Culverden Stadium,Royal Tunbridge Wells
45,FA Cup,2023,8978,Uckfield Town,,2014,The Oaks,"Uckfield, East Sussex"
45,FA Cup,2023,8979,United Services,,1962,HMS Temeraire Sports Ground,Portsmouth
45,FA Cup,2023,8980,Varndeanians,,1929,Withdean Stadium,"Brighton, East Sussex"
45,FA Cup,2023,8981,Vauxhall Motors,VAU,1963,The vanEupen Arena,"Ellesmere Port, Cheshire"
45,FA Cup,2023,8982,Virginia Water,,,Stag Meadow,"Windsor, Berkshire"
45,FA Cup,2023,8983,Walsall Wood,,,Oak Park,"Walsall Wood, West Midlands"
45,FA Cup,2023,8984,Walsham Le Willows,,1890,Sumner Road,"Walsham-le-Willows, Suffolk"
45,FA Cup,2023,8985,Walthamstow,,1964,Wadham Lodge Stadium,London
45,FA Cup,2023,8986,Walton & Hersham,,1945,The Sports Ground,"Walton-on-Thames, Surrey"
45,FA Cup,2023,8988,Welling Town,,2014,Bauvill Stadium,"Chatham, Kent"
45,FA Cup,2023,8989,Wellingborough Town,,2004,Dog & Duck Ground,"Wellingborough, Northamptonshire"
45,FA Cup,2023,8990,Wellington AFC,,,The Playing Field Wellington,"Wellington, Somerset"
45,FA Cup,2023,8991,Wembley,,1946,Vale Farm Stadium,London
45,FA Cup,2023,8992,West Auckland Town,,1893,The Northern Metal Recycling Stadium,"West Auckland, County Durham"
45,FA Cup,2023,8993,West Didsbury & Chorlton,,,Step Places Stadium,Manchester
45,FA Cup,2023,8994,West Essex,,,Mayesbrook Park,"Dagenham, Essex"
45,FA Cup,2023,8995,Westbury United,,,Meadow Lane,"Westbury, Wiltshire"
45,FA Cup,2023,8996,Whickham,,,The Glebe Ground,"Whickham, Tyne and Wear"
45,FA Cup,2023,8997,Whitchurch Alport,,,KMJ Mortgages Stadium,"Whitchurch, Shropshire"
45,FA Cup,2023,8998,White Ensign,,,Burroughs Park,"Great Wakering, Essex"
45,FA Cup,2023,8999,Whitley Bay,,1950,Hillheads Park,"Whitley Bay, Tyne and Wear"
45,FA Cup,2023,9005,Winterton Rangers,,,MKM Stadium,"Winterton, Lincolnshire"
45,FA Cup,2023,9006,Wolverhampton Casuals,,,Brinsford Lane,Wolverhampton
45,FA Cup,2023,9008,Woodbridge Town,,1885,Notcutts Park,"Woodbridge, Suffolk"
45,FA Cup,2023,9009,Woodford Town,,,Ashton Playing Fields,"Woodford Green, Greater London"
45,FA Cup,2023,9010,Worcester City,WOR,1902,Claines Lane,"Worcester, Worcestershire"
45,FA Cup,2023,9011,Wroxham,,1892,Trafford Park,"Wroxham, Norfolk"
45,FA Cup,2023,10157,Darlington 1883,,2012,Blackwell Meadows,"Darlington, Durham"
45,FA Cup,2023,10158,Farsley Celtic FC,,2010,The Citadel,"Farsley, West Yorkshire"
45,FA Cup,2023,10159,Nuneaton Town,NUN,2008,Liberty Way,"Nuneaton, Warwickshire"
45,FA Cup,2023,11936,AFC Emley,,2005,The Welfare Ground,"Emley, West Yorkshire"
45,FA Cup,2023,11960,Chadderton,,,Emplas Commercial North Stadium,"Chadderton, Greater Manchester"
45,FA Cup,2023,11965,Cogenhoe United,,,Compton Park,"Cogenhoe, Northamptonshire"
45,FA Cup,2023,11968,Crook Town AFC,,,Sir Tom Cowie Millfield Ground,"Crook, County Durham"
45,FA Cup,2023,11974,Epsom & Ewell FC,,,High Road,"Chipstead, Surrey"
45,FA Cup,2023,11986,Heaton Stannington,,1910,Grounsell Park,Newcastle upon Tyne
45,FA Cup,2023,11991,Holmesdale,,,Oakley Road,London
45,FA Cup,2023,11993,Holyport,,,Summerleaze Village Ground,"Maidenhead, Berkshire"
45,FA Cup,2023,11996,Ipswich Wanderers,,1980,GBS Stadium,"Ipswich, Suffolk"
45,FA Cup,2023,11998,Littlehampton Town,,1896,The Sportsfield,"Littlehampton, West Sussex"
45,FA Cup,2023,12015,Petersfield Town,,1993,The Southdowns Builders Stadium,"Petersfield, Hampshire"
45,FA Cup,2023,12021,Risborough Rangers,,1970,Windsor Playing Fields,"Princes Risborough, Buckinghamshire"
45,FA Cup,2023,12026,Sherborne Town,,1894,The GMS Windows Arena,"Sherborne, Dorset"
45,FA Cup,2023,12040,Welton Rovers,,,West Clewes,Midsomer Norton
45,FA Cup,2023,12041,West Allotment Celtic,,,Craik Park,"Morpeth, Northumberland"
45,FA Cup,2023,12049,Alton Town,,1991,The Exclusive Networks Stadium,"Alton, Hampshire"
45,FA Cup,2023,12052,Bewdley Town,,,Ribbesford Meadows,"Bewdley, Worcestershire"
45,FA Cup,2023,12057,Corsham Town,,,Southbank,"Corsham, Wiltshire"
45,FA Cup,2023,12061,Dudley Town,,1888,Guardian Warehousing Arena,"Willenhall, West Midlands"
45,FA Cup,2023,12065,Ilfracombe Town,,,Marlborough Park,"Ilfracombe, Devonshire"
45,FA Cup,2023,12078,Studley,,1971,The Beehive,"Studley, Warwickshire"
45,FA Cup,2023,12080,Torpoint Athletic,,1887,The Mill,"Torpoint, Cornwall"
45,FA Cup,2023,12091,Cheadle Town,,1961,The Ground Up Solutions Stadium,"Stockport, Greater Mancheste"
45,FA Cup,2023,12101,Hucknall Town,,1945,RM Stadium,"Hucknall, Nottinghamshire"
45,FA Cup,2023,12104,London Lions,,1995,Rowley Lane,London
45,FA Cup,2023,12106,Oldland Abbotonians,,,Aitchison Playing Field,Oldland Common
45,FA Cup,2023,12110,Sandhurst Town,,,The SB Stadium,"Sandhurst, Berkshire"
45,FA Cup,2023,12112,St Blazey,,,Blaise Park,"St Blazey, Cornwall"
45,FA Cup,2023,12116,Tow Law Town,,,Ironworks Road,"Tow Law, County Durham"
45,FA Cup,2023,12118,Wells City,,,,
45,FA Cup,2023,12126,Birtley Town,,,The Birtley Sports Complex,"Birtley, Tyne and Wear"
45,FA Cup,2023,12147,Rossington Main,,,Kalkut’s Community Stadium,"Doncaster, South Yorkshire"
45,FA Cup,2023,12149,Shifnal Town FC,,,The Acoustafoam Stadium,"Shifnal, Shropshire"
45,FA Cup,2023,14411,Hashtag United,,2016,Parkside Stadium,"Aveley, Essex"
45,FA Cup,2023,14412,Helston Athletic,,1896,Kellaway Park,"Helston, Cornwall"
45,FA Cup,2023,14413,Kennington,,,The Homelands,"Ashford, Kent"
45,FA Cup,2023,14414,Little Oakley,,,Memorial Ground Little Oakley,"Little Oakley, Essex"
45,FA Cup,2023,14416,Millbrook,,1888,Jenkins Park,"Millbrook, Cornwall"
45,FA Cup,2023,14417,New Salamis,,,Coles Park,London
45,FA Cup,2023,14418,Newark Flowserve,,1901,Fruehauf Stadium,Grantham
45,FA Cup,2023,14424,Stansfeld,,,The Artic Stadium,London
45,FA Cup,2023,14428,Wythenshawe Amateurs,,1946,Altrincham Road,"Manchester, Cheshire"
45,FA Cup,2023,14429,Highgate United,,1948,The Coppice,"Solihull, West Midlands"
45,FA Cup,2023,16983,Athletic Newham,,,Terence MacMillan Stadium,London
45,FA Cup,2023,16984,Brixham,,,MoreSeaFood Ground,"Brixham, Devonshire"
45,FA Cup,2023,16985,Eastwood Community,,2014,Coronation Park,"Eastwood, Nottinghamshire"
45,FA Cup,2023,16986,Hereford Lads Club,,,Hereford Lads Club FC County Ground,"Hereford, Herefordshire"
45,FA Cup,2023,16987,Jersey Bulls,,,Springfield Stadium,"St. Helier (Jersey, Channel Islands)"
45,FA Cup,2023,16989,Lakenheath,,,The Nest Lakenheath,"Lakenheath, Suffolk"
45,FA Cup,2023,16990,Milton Keynes Irish,,2020,The Irish Centre,"Milton Keynes, Buckinghamshire"
45,FA Cup,2023,16991,Mousehole,,,Interiora Trungle Parc,"Paul, Cornwall"
45,FA Cup,2023,16992,North Ferriby,,,The Dransfield Stadium,"North Ferriby, East Yorkshire"
45,FA Cup,2023,16993,Prestwich Heys,,,Adie Moran Park,"Prestwich, Greater Manchester"
45,FA Cup,2023,16994,Redcar Athletic,,,Green Lane,"Redcar, North Yorkshire"
45,FA Cup,2023,16995,Skegness Town,,,Vertigo Stadium,"Skegness, Lincolnshire"
45,FA Cup,2023,16996,St. Panteleimon,,,Hertingfordbury Park,"Hertford, Hertfordshire"
45,FA Cup,2023,16997,Uttoxeter Town,,1983,Oldfields Sports Ground,Uttoxeter
45,FA Cup,2023,16998,Wythenshawe Town,,1946,Ericstan Park,Manchester
45,FA Cup,2023,17021,Bury AFC,,2019,Gigg Lane,"Bury, Lancashire"
45,FA Cup,2023,17044,Golcar United,,1904,Skye Direct Stadium,"Golcar, West Yorkshire"
45,FA Cup,2023,19548,Belper United,,,Coronation Park,"Eastwood, Nottinghamshire"
45,FA Cup,2023,19549,Buckhurst Hill,,,Myrak Park,"Buckhurst Hill, Essex"
45,FA Cup,2023,19550,Carlisle City,,,Gillford Park Stadium,"Carlisle, Cumbria"
45,FA Cup,2023,19551,Darlaston Town,,1874,The Paycare Ground,"Darlaston, West Midlands"
45,FA Cup,2023,19552,Falmouth Town,,,Bickland Park,Falmouth
45,FA Cup,2023,19553,Hereford Pegasus,,1955,Old School Lane,"Hereford, Herefordshire"
45,FA Cup,2023,19554,Hilltop,,,The Middlesex Stadium,"Ruislip, Middlesex"
45,FA Cup,2023,19555,Kimberley Miners Welfare,,1926,The Stag Ground,Nottingham
45,FA Cup,2023,19556,Laverstock & Ford,,,The Dell,"Salisbury, Wiltshire"
45,FA Cup,2023,19557,Midhurst & Easebourne,,,The Rotherfield,"Midhurst, West Sussex"
45,FA Cup,2023,19558,Shefford Town & Campton,,,Shefford Sports Club,"Shefford, Bedfordshire"
45,FA Cup,2023,19560,Worcester Raiders,,2001,DOADC Stadium,"Worcester, Worcestershire"
45,FA Cup,2023,19834,Liskeard Athletic,,,,
45,FA Cup,2023,19835,Sheringham,,1897,Weybourne Road,"Sheringham, Norfolk"
45,FA Cup,2023,21700,Ashby Ivanhoe,,1948,The Element Ground,Ashby-de-la-Zouch
45,FA Cup,2023,21701,Aylestone Park,,,Linwood Playing Fields,"Leicester, Leicestershire"
45,FA Cup,2023,21702,Boro Rangers,,,Phoenix Park,Middlesbrough
45,FA Cup,2023,21703,Downham Town,,,Memorial Field,"Downham Market, Norfolk"
45,FA Cup,2023,21704,Frenford,,,The Jack Carter Centre,"Ilford, Greater London"
45,FA Cup,2023,21705,Harleston Town,,,The Recreation Ground,"Harleston, Norfolk"
45,FA Cup,2023,21706,Hartpury University,,,4ED Hartpury Stadium with Vodafone,"Gloucester, Gloucestershire"
45,FA Cup,2023,21707,Heacham,,,Station Road,"King&apos;s Lynn, Norfolk"
45,FA Cup,2023,21708,Lydd Town,,1885,The Lindsey Field,"Lydd, Kent"
45,FA Cup,2023,21709,Nailsea & Tickenham,,2015,Fryth Way,"Nailsea, Somerset"
45,FA Cup,2023,21710,Okehampton Argyle,,,,
45,FA Cup,2023,21711,Pilkington,,,PSD Stadium,Saint Helens
45,FA Cup,2023,21712,Real Bedford,,,McMullen Park,"Cardington, Bedfordshire"
45,FA Cup,2023,21713,Rugby Borough,,2017,Rugby Borough Sports Trust,"Rugby, Warwickshire"
45,FA Cup,2023,21714,Snodland Town,,,Potyn's Sports Field,"Snodland, Kent"
45,FA Cup,2023,21715,Stockport Town,,2014,Life Leisure Stockport Sports Village,"Stockport, Greater Manchester"
45,FA Cup,2023,21716,Wallingford & Crowmarsh,,2022,Wallingford Sports Park,"Wallingford, Oxfordshire"
45,FA Cup,2023,21717,Wendron United,,,,
45,FA Cup,2023,25122,Wokingham Town,,1875,Lowther Road,"Wokingham, Berkshire"
45,FA Cup,2024,33,Manchester United,MUN,1878,Old Trafford,Manchester
45,FA Cup,2024,34,Newcastle,NEW,1892,St. James' Park,Newcastle upon Tyne
45,FA Cup,2024,35,Bournemouth,BOU,1899,Vitality Stadium,"Bournemouth, Dorset"
45,FA Cup,2024,36,Fulham,FUL,1879,Craven Cottage,London
45,FA Cup,2024,37,Huddersfield,HUD,1908,John Smith's Stadium,"Huddersfield, West Yorkshire"
45,FA Cup,2024,38,Watford,WAT,1881,Vicarage Road,Watford
45,FA Cup,2024,39,Wolves,WOL,1877,Molineux Stadium,"Wolverhampton, West Midlands"
45,FA Cup,2024,40,Liverpool,LIV,1892,Anfield,Liverpool
45,FA Cup,2024,41,Southampton,SOU,1885,St. Mary's Stadium,"Southampton, Hampshire"
45,FA Cup,2024,42,Arsenal,ARS,1886,Emirates Stadium,London
45,FA Cup,2024,43,Cardiff,CAR,1889,Cardiff City Stadium,Caerdydd
45,FA Cup,2024,44,Burnley,BUR,1882,Turf Moor,Burnley
45,FA Cup,2024,45,Everton,EVE,1878,Hill Dickinson Stadium,"Liverpool, Merseyside"
45,FA Cup,2024,46,Leicester,LEI,1884,King Power Stadium,"Leicester, Leicestershire"
45,FA Cup,2024,47,Tottenham,TOT,1882,Tottenham Hotspur Stadium,London
45,FA Cup,2024,48,West Ham,WES,1895,London Stadium,London
45,FA Cup,2024,49,Chelsea,CHE,1905,Stamford Bridge,London
45,FA Cup,2024,50,Manchester City,MCI,1880,Etihad Stadium,Manchester
45,FA Cup,2024,51,Brighton,BRI,1901,American Express Stadium,"Falmer, East Sussex"
45,FA Cup,2024,52,Crystal Palace,CRY,1861,Selhurst Park,London
45,FA Cup,2024,53,Reading,REA,1871,Select Car Leasing Stadium,"Reading, Berkshire"
45,FA Cup,2024,54,Birmingham,BIR,1875,St Andrew's Stadium,Birmingham
45,FA Cup,2024,55,Brentford,BRE,1889,Gtech Community Stadium,"Brentford, Middlesex"
45,FA Cup,2024,56,Bristol City,BRI,1894,Ashton Gate Stadium,Bristol
45,FA Cup,2024,57,Ipswich,IPS,1878,Portman Road,"Ipswich, Suffolk"
45,FA Cup,2024,58,Millwall,MIL,1885,The Den,London
45,FA Cup,2024,59,Preston,PRE,1863,Deepdale,Preston
45,FA Cup,2024,60,West Brom,WES,1878,The Hawthorns,West Bromwich
45,FA Cup,2024,61,Wigan,WIG,1932,DW Stadium,Wigan
45,FA Cup,2024,62,Sheffield Utd,SHE,1889,Bramall Lane,Sheffield
45,FA Cup,2024,63,Leeds,LEE,1919,Elland Road,"Leeds, West Yorkshire"
45,FA Cup,2024,64,Hull City,HUL,1904,The MKM Stadium,Hull
45,FA Cup,2024,65,Nottingham Forest,NOT,1865,The City Ground,"Nottingham, Nottinghamshire"
45,FA Cup,2024,66,Aston Villa,AST,1874,Villa Park,Birmingham
45,FA Cup,2024,67,Blackburn,BLA,1875,Ewood Park,"Blackburn, Lancashire"
45,FA Cup,2024,68,Bolton,BOL,1874,Toughsheet Community Stadium,Bolton
45,FA Cup,2024,69,Derby,DER,1884,Pride Park Stadium,Derby
45,FA Cup,2024,70,Middlesbrough,MID,1876,Riverside Stadium,Middlesbrough
45,FA Cup,2024,71,Norwich,NOR,1902,Carrow Road,"Norwich, Norfolk"
45,FA Cup,2024,72,QPR,QPR,1885,MATRADE Loftus Road,London
45,FA Cup,2024,73,Rotherham,ROT,1870,AESSEAL New York Stadium,"Rotherham, South Yorkshire"
45,FA Cup,2024,74,Sheffield Wednesday,SHE,1867,Hillsborough,Sheffield
45,FA Cup,2024,75,Stoke City,STO,1868,bet365 Stadium,"Stoke-on-Trent, Staffordshire"
45,FA Cup,2024,76,Swansea,SWA,1912,Swansea.com Stadium,Swansea
45,FA Cup,2024,746,Sunderland,SUN,1879,Stadium of Light,Sunderland
45,FA Cup,2024,747,Barnsley,BAR,1887,Oakwell,"Barnsley, South Yorkshire"
45,FA Cup,2024,748,Burton Albion,BUR,1950,Pirelli Stadium,"Burton-upon-Trent, Staffordshire"
45,FA Cup,2024,1333,AFC Wimbledon,WIM,2002,The Cherry Red Records Stadium,London
45,FA Cup,2024,1334,Bristol Rovers,BRI,1883,Memorial Stadium,"Bristol, Gloucestershire"
45,FA Cup,2024,1335,Charlton,CHA,1905,The Valley,London
45,FA Cup,2024,1336,Fleetwood Town,FLE,1908,Highbury Stadium,"Fleetwood, Lancashire"
45,FA Cup,2024,1337,Northampton,NOR,1897,Sixfields Stadium,"Northampton, East Midlands"
45,FA Cup,2024,1338,Oxford United,OXF,1893,The Kassam Stadium,"Oxford, Oxfordshire"
45,FA Cup,2024,1339,Rochdale,ROC,1907,Crown Oil Arena,"Rochdale, Greater Manchester"
45,FA Cup,2024,1340,Scunthorpe,SCU,1899,Attis Arena,Scunthorpe
45,FA Cup,2024,1341,Southend,SOU,1906,Roots Hall,"Southend-on-Sea, Essex"
45,FA Cup,2024,1342,Walsall,WAL,1888,Poundland Bescot Stadium,"Walsall, West Midlands"
45,FA Cup,2024,1343,Bradford,BRA,1903,University of Bradford Stadium,"Bradford, West Yorkshire"
45,FA Cup,2024,1344,Bury,BUR,1885,Gigg Lane,"Bury, Lancashire"
45,FA Cup,2024,1345,Chesterfield,CHE,1867,SMH Group Stadium,"Chesterfield, Derbyshire"
45,FA Cup,2024,1346,Coventry,COV,1883,The Coventry Building Society Arena,"Coventry, West Midlands"
45,FA Cup,2024,1347,Gillingham,GIL,1893,Priestfield Stadium,"Gillingham, Kent"
45,FA Cup,2024,1348,Milton Keynes Dons,MIL,2004,Stadium mk,"Milton Keynes, Buckinghamshire"
45,FA Cup,2024,1349,Oldham,OLD,1895,Boundary Park,"Oldham, Greater Manchester"
45,FA Cup,2024,1350,Peterborough,PET,1934,Weston Homes Stadium,Peterborough
45,FA Cup,2024,1351,Port Vale,POR,1876,Vale Park,"Stoke-on-Trent, Staffordshire"
45,FA Cup,2024,1352,Shrewsbury,SHR,1886,The Croud Meadow,"Shrewsbury, Shropshire"
45,FA Cup,2024,1353,Swindon Town,SWI,1879,The County Ground,"Swindon, Wiltshire"
45,FA Cup,2024,1354,Doncaster,DON,1879,Eco-Power Stadium,"Doncaster, South Yorkshire"
45,FA Cup,2024,1355,Portsmouth,POR,1898,Fratton Park,Portsmouth
45,FA Cup,2024,1356,Blackpool,BLA,1887,Bloomfield Road,"Blackpool, Lancashire"
45,FA Cup,2024,1357,Plymouth,PLY,1886,Home Park,Plymouth
45,FA Cup,2024,1358,Wycombe,WYC,1887,Adams Park,"High Wycombe, Buckinghamshire"
45,FA Cup,2024,1359,Luton,LUT,1885,Kenilworth Road,"Luton, Bedfordshire"
45,FA Cup,2024,1360,Accrington ST,ACC,1891,Wham Stadium,"Accrington, Lancashire"
45,FA Cup,2024,1361,Colchester,COL,1937,JobServe Community Stadium,"Colchester, Essex"
45,FA Cup,2024,1362,Crawley Town,CRA,1896,Broadfield Stadium,"Crawley, West Sussex"
45,FA Cup,2024,1363,Crewe,CRE,1877,Mornflake Stadium,"Crewe, Cheshire"
45,FA Cup,2024,1364,Exeter City,EXE,1904,St James Park,"Exeter, Devon"
45,FA Cup,2024,1365,Grimsby,GRI,1878,Blundell Park,"Cleethorpes, North East Lincolnshire"
45,FA Cup,2024,1366,Hartlepool,HAR,1908,The Suit Direct Stadium,"Hartlepool, County Durham"
45,FA Cup,2024,1367,Newport County,NEW,1989,Rodney Parade,Casnewydd
45,FA Cup,2024,1368,Stevenage,STE,1976,The Lamex Stadium,"Stevenage, Hertfordshire"
45,FA Cup,2024,1369,Barnet,BAR,1888,The Hive Stadium,London
45,FA Cup,2024,1370,Cambridge United,CAM,1912,Abbey Stadium,"Cambridge, Cambridgeshire"
45,FA Cup,2024,1371,Carlisle,CAR,1903,Brunton Park,"Carlisle, Cumbria"
45,FA Cup,2024,1372,Cheltenham,CHE,1887,Completely-Suzuki Stadium,"Cheltenham, Gloucestershire"
45,FA Cup,2024,1373,Leyton Orient,LEY,1881,Brisbane Road,London
45,FA Cup,2024,1374,Mansfield Town,MAN,1897,One Call Stadium,"Mansfield, Nottinghamshire"
45,FA Cup,2024,1375,Morecambe,MOR,1920,Mazuma Stadium,"Morecambe, Lancashire"
45,FA Cup,2024,1376,Notts County,NOT,1862,Meadow Lane,"Nottingham, Nottinghamshire"
45,FA Cup,2024,1377,Yeovil Town,YEO,1895,Huish Park Stadium,"Yeovil, Somerset"
45,FA Cup,2024,1378,Forest Green,FOR,1890,The Bolt New Lawn,"Nailsworth, Gloucestershire"
45,FA Cup,2024,1379,Lincoln,LNC,1884,LNER Stadium,"Lincoln, Lincolnshire"
45,FA Cup,2024,1380,Macclesfield,MAC,2020,The Leasing.com Stadium,"Macclesfield, Cheshire"
45,FA Cup,2024,1381,Tranmere,TRA,1884,Prenton Park,"Birkenhead, Merseyside"
45,FA Cup,2024,1818,Aldershot Town,ALD,1992,Electrical Services Stadium,"Aldershot, Hampshire"
45,FA Cup,2024,1819,Barrow,BAR,1901,SO Legal Stadium,"Barrow-in-Furness, Cumbria"
45,FA Cup,2024,1820,Chester,CHE,2010,Deva Stadium,"Chester, Cheshire"
45,FA Cup,2024,1821,Dagenham & Redbridge,DAG,1992,Chigwell Construction Stadium,"Dagenham, Essex"
45,FA Cup,2024,1822,Eastleigh,EAS,1949,Silverlake Stadium,"Eastleigh, Hampshire"
45,FA Cup,2024,1823,Gateshead,GAT,1889,Gateshead International Stadium,"Gateshead, Tyne and Wear"
45,FA Cup,2024,1824,Guiseley AFC,GUI,1909,Nethermoor Park,"Guiseley, West Yorkshire"
45,FA Cup,2024,1825,Maidstone Utd,MAI,1992,Gallagher Stadium,"Maidstone, Kent"
45,FA Cup,2024,1826,Southport,SOU,1881,The BIG HELP Stadium,"Southport, Merseyside"
45,FA Cup,2024,1827,Torquay,TOR,1899,Plainmoor Ground,"Torquay, Devon"
45,FA Cup,2024,1828,York,YOR,1922,LNER Community Stadium,"York, North Yorkshire"
45,FA Cup,2024,1829,Dover,DOV,1983,The Perrys Crabble Stadium,"Dover, Kent"
45,FA Cup,2024,1830,Boreham Wood,BOR,1948,Meadow Park,"Borehamwood, Hertfordshire"
45,FA Cup,2024,1831,Braintree,BRA,1898,Cressing Road Stadium,"Braintree, Essex"
45,FA Cup,2024,1832,Bromley,BRO,1892,RELOC8 EM Community Stadium,London
45,FA Cup,2024,1834,Solihull Moors,SOL,2007,ARMCO Arena,"Solihull, West Midlands"
45,FA Cup,2024,1835,Sutton Utd,SUT,1898,VBS Community Stadium,"Sutton, Surrey"
45,FA Cup,2024,1836,Woking,WOK,1889,The Laithwaite Community Stadium,"Woking, Surrey"
45,FA Cup,2024,1837,Wrexham,WRE,1872,STōK Cae Ras,Wrecsam
45,FA Cup,2024,1838,Maidenhead,MAI,1870,York Road Stadium,"Maidenhead, Berkshire"
45,FA Cup,2024,1839,AFC Fylde,FYL,1988,Mill Farm Stadium,Wesham
45,FA Cup,2024,1840,Ebbsfleet United,EBB,1946,Kuflink Stadium,"Northfleet, Kent"
45,FA Cup,2024,1841,FC Halifax Town,HAL,2008,The Shay Stadium,"Halifax, West Yorkshire"
45,FA Cup,2024,1842,Harrogate Town,HAR,1914,EnviroVent Stadium,"Harrogate, North Yorkshire"
45,FA Cup,2024,1843,Havant & Wville,HAV,1998,Westleigh Park,"Havant, Hampshire"
45,FA Cup,2024,1844,Salford City,,,The Peninsula Stadium,"Salford, Greater Manchester"
45,FA Cup,2024,4677,Alfreton Town,ALF,1959,The Impact Arena,"Alfreton, Derbyshire"
45,FA Cup,2024,4678,Billericay Town,BIL,1880,AGP Arena,"Billericay, Essex"
45,FA Cup,2024,4679,Chorley,CHO,1883,Victory Park,"Chorley, Lancashire"
45,FA Cup,2024,4680,Hampton & Richmond,HAM,1921,Beveree Stadium,"Hampton, Middlesex"
45,FA Cup,2024,4681,Haringey Borough,,1973,Coles Park,London
45,FA Cup,2024,4682,Hitchin Town,HIT,,Top Field,"Hitchin, Hertfordshire"
45,FA Cup,2024,4683,Metropolitan Police,MET,1919,Imber Court,"East Molesey, Surrey"
45,FA Cup,2024,4684,Oxford City,OXF,1882,RAW Charging Stadium,"Oxford, Oxfordshire"
45,FA Cup,2024,4685,Slough Town,,,Arbour Park,"Slough, Buckinghamshire"
45,FA Cup,2024,4686,Stockport County,STO,1883,Edgeley Park,"Stockport, Greater Manchester"
45,FA Cup,2024,4687,Weston-super-Mare,WES,1887,The Optima Stadium,"Weston-super-Mare, Somerset"
45,FA Cup,2024,4688,AFC Telford United,TEL,2004,New Bucks Head Ground,"Telford, Shropshire"
45,FA Cup,2024,4689,Chelmsford City,CHE,1938,Melbourne Stadium,"Chelmsford, Essex"
45,FA Cup,2024,4690,Dartford,DAR,1888,Princes Park,"Dartford, Kent"
45,FA Cup,2024,4691,Gainsborough Trinity,GAI,1873,Kal Group Stadium,"Gainsborough, Lincolnshire"
45,FA Cup,2024,4692,Hereford,,2015,Edgar Street Athletic Ground,"Hereford, Herefordshire"
45,FA Cup,2024,4693,Heybridge Swifts,HEY,,First Call Community Stadium,"Maldon, Essex"
45,FA Cup,2024,4694,Hyde United,HYD,1919,Project Solar UK Stadium,"Hyde, Cheshire"
45,FA Cup,2024,4695,Kidderminster Harriers,KID,1886,Aggborough Stadium,"Kidderminster, Worcestershire"
45,FA Cup,2024,4696,Leatherhead,,1907,Fetcham Grove,"Leatherhead, Surrey"
45,FA Cup,2024,4697,Nantwich Town,NAN,1884,Optimum Pay Stadium,"Nantwich, Cheshire"
45,FA Cup,2024,4699,Truro City,TRU,1889,Truro Sports Hub,"Truro, Cornwall"
45,FA Cup,2024,4700,Altrincham,ALT,1903,The J. Davidson Stadium,"Altrincham, Cheshire"
45,FA Cup,2024,4701,Brackley Town,BRA,,St. James Park,"Brackley, Northamptonshire"
45,FA Cup,2024,4702,Chesham United,CHE,1917,The Meadow,"Chesham, Buckinghamshire"
45,FA Cup,2024,4703,Curzon Ashton,CUR,1963,Tameside Stadium,"Ashton-under-Lyne, Lancashire"
45,FA Cup,2024,4704,Eastbourne Borough,EAS,1964,ReachTV Stadium,"Eastbourne, East Sussex"
45,FA Cup,2024,4705,Harrow Borough,HAR,1933,Earlsmead Stadium,"South Harrow, Middlesex"
45,FA Cup,2024,4706,Merstham,,1892,Moatside Stadium,"Merstham, Surrey"
45,FA Cup,2024,4707,Spennymoor Town,,1931,The Brewery Field,"Spennymoor, County Durham"
45,FA Cup,2024,4708,St Albans City,ALB,1908,Clarence Park,"St. Albans, Hertfordshire"
45,FA Cup,2024,4709,Stamford,STA,,The Zeeco Stadium,"Stamford, Lincolnshire"
45,FA Cup,2024,4710,Stourbridge,STO,1876,War Memorial Athletic Ground,"Stourbridge, West Midlands"
45,FA Cup,2024,4711,Taunton Town,,,Cygnet Health Care Stadium,"Taunton, Somerset"
45,FA Cup,2024,4712,Westfields,,1966,Allpay Park,"Hereford, Herefordshire"
45,FA Cup,2024,4713,Whitehawk,WHI,1945,The Enclosed Ground,"Brighton, East Sussex"
45,FA Cup,2024,7205,AFC Sudbury,SUD,1999,MEL Group Stadium,"Sudbury, Suffolk"
45,FA Cup,2024,7206,Ashford United,,,The Homelands,"Ashford, Kent"
45,FA Cup,2024,7207,Aveley,,1927,Parkside Stadium,"Aveley, Essex"
45,FA Cup,2024,7208,Aylesbury United,,1897,The Meadow,"Chesham, Buckinghamshire"
45,FA Cup,2024,7209,Barking,,1880,Mayesbrook Park,"Dagenham, Essex"
45,FA Cup,2024,7210,Barnstaple Town,,,Mill Road,"Barnstaple, Devon"
45,FA Cup,2024,7211,Basildon United,,,The Ho Ho Stadium,"Basildon, Essex"
45,FA Cup,2024,7212,Bedfont Sports,,1962,Bedfont Sports Recreation Ground,"Bedfont, Greater London"
45,FA Cup,2024,7213,Bedworth United,,1895,The Oval,"Bedworth, Warwickshire"
45,FA Cup,2024,7214,Berkhamsted,,2009,Broadwater,"Berkhamsted, Hertfordshire"
45,FA Cup,2024,7215,Bideford,BID,1946,The Sports Ground,"Bideford, Devon"
45,FA Cup,2024,7216,Brentwood Town,,1954,The Brentwood Centre Arena,"Brentwood, Essex"
45,FA Cup,2024,7217,Burgess Hill Town,,1882,Home Call Carpets Community Stadium,"Burgess Hill, West Sussex"
45,FA Cup,2024,7218,Cambridge City,CAM,1908,FWD-IP Community Stadium,"Sawston, Cambridgeshire"
45,FA Cup,2024,7219,Chipstead,,1906,High Road,"Chipstead, Surrey"
45,FA Cup,2024,7220,Cinderford Town,,,The Causeway,"Cinderford, Gloucestershire"
45,FA Cup,2024,7221,Corby Town,COR,1948,Steel Park,"Corby, Northamptonshire"
45,FA Cup,2024,7222,Didcot Town,,1907,Christchurch Homes Loop Meadow,"Didcot, Oxfordshire"
45,FA Cup,2024,7224,East Grinstead Town,,1890,The Vistavis Community Stadium,"East Grinstead, West Sussex"
45,FA Cup,2024,7225,FC Romania,,2006,The Stadium Cheshunt,"Cheshunt, Hertfordshire"
45,FA Cup,2024,7226,Frome Town,FRO,,AlderSmith Stadium,"Frome, Somerset"
45,FA Cup,2024,7227,Glossop North End,,,The Asgard Engineering Stadium,"Glossop, Derbyshire"
45,FA Cup,2024,7228,Grays Athletic,GRA,1890,Parkside Stadium,"Aveley, Essex"
45,FA Cup,2024,7229,Great Wakering Rovers,,1919,Burroughs Park,"Great Wakering, Essex"
45,FA Cup,2024,7231,Hastings United,HAS,1894,The Pilot Field,"Hastings, Sussex"
45,FA Cup,2024,7232,Herne Bay,,1886,Winch's Field,"Herne Bay, Kent"
45,FA Cup,2024,7233,Highworth Town,,1894,Save On Tyres Stadium,"Highworth, Wiltshire"
45,FA Cup,2024,7234,Histon,HIS,1904,Glassworld Stadium,"Impington, Cambridgeshire"
45,FA Cup,2024,7235,Hythe Town,HYT,,Reachfields Stadium,"Hythe, Kent"
45,FA Cup,2024,7236,Ilkeston Town,ILK,2017,New Manor Ground,"Ilkeston, Derbyshire"
45,FA Cup,2024,7237,Kendal Town,,1919,The Westmoreland Flooring Stadium,"Kendal, Cumbria"
45,FA Cup,2024,7238,Larkhall Athletic,,,The Plain Ham Ground,"Bath, Somerset"
45,FA Cup,2024,7239,Leek Town,LEE,,F. Ball Community Stadium,"Leek, Staffordshire"
45,FA Cup,2024,7241,Melksham Town,,,Oakfield Stadium,"Melksham, Wiltshire"
45,FA Cup,2024,7242,Newcastle Town,,,Red Industries Lyme Valley Stadium,"Newcastle-under-Lyme, Staffordshire"
45,FA Cup,2024,7243,Northwood,,,Skyline Roofing Stadium,London
45,FA Cup,2024,7244,Paulton Rovers,,,Athletic Field,"Paulton, Somerset"
45,FA Cup,2024,7245,Phoenix Sports,,,Phoenix Sports FC Ground,"Bexleyheath, Kent"
45,FA Cup,2024,7246,Pickering Town,,,Mill Lane,"Pickering, North Yorkshire"
45,FA Cup,2024,7247,Pontefract Collieries,,,The Hunters Stadium,"Pontefract, West Yorkshire"
45,FA Cup,2024,7248,Romford,,1876,The Brentwood Centre Arena,"Brentwood, Essex"
45,FA Cup,2024,7249,Sevenoaks Town,,,The Bourne Stadium,"Sevenoaks, Kent"
45,FA Cup,2024,7250,Sittingbourne,,,Woodstock Park,"Sittingbourne, Kent"
45,FA Cup,2024,7251,South Park,,1897,King George's Field,"Reigate, Surrey"
45,FA Cup,2024,7252,Stocksbridge Park Steels,STO,1986,Bracken Moor,"Stocksbridge, South Yorkshire"
45,FA Cup,2024,7253,Sutton Coldfield Town,,,Central Ground,"Sutton Coldfield, West Midlands"
45,FA Cup,2024,7254,Thatcham Town,,,Waterside Park,"Thatcham, Berkshire"
45,FA Cup,2024,7255,Tilbury,,1900,Chadfields,"Tilbury, Essex"
45,FA Cup,2024,7256,Tooting & Mitcham United,,1932,Tooting & Mitcham Community Sports Club,"Morden, Surrey"
45,FA Cup,2024,7257,Uxbridge,,,Honeycroft,London
45,FA Cup,2024,7258,VCD Athletic,,1916,The Oakwood,"Crayford, Kent"
45,FA Cup,2024,7259,Waltham Abbey,,1944,Capershotts,"Waltham Abbey, Essex"
45,FA Cup,2024,7261,Westfield (Surrey),,1953,Woking Park,"Woking, Surrey"
45,FA Cup,2024,7263,Willand Rovers,,1946,The Stan Robinson Stadium,"Willand, Devon"
45,FA Cup,2024,7264,Witham Town,,,Simarco Stadium,"Witham, Essex"
45,FA Cup,2024,7265,Workington,WOR,1921,Borough Park,"Workington, Cumbria"
45,FA Cup,2024,7266,Worksop Town,,1861,Windsor Foodservice Stadium,"Worksop, Nottinghamshire"
45,FA Cup,2024,7267,Yaxley,,1962,Leading Drove,"Yaxley, Cambridgeshire"
45,FA Cup,2024,7610,AFC Dunstable,,,Creasey Park Community Football Centre,"Dunstable, Bedfordshire"
45,FA Cup,2024,7611,AFC Kempston Rovers,,1884,Hillgrounds Leisure,"Kempston, Bedfordshire"
45,FA Cup,2024,7612,AFC Totton,AFC,,Snows Stadium,"Totton, Hampshire"
45,FA Cup,2024,7613,Ashford Town (Middlesex),,1965,The Robert Parker Stadium,"Stanwell, Surrey"
45,FA Cup,2024,7614,Barton Rovers,,1982,Sharpenhoe Road,"Barton-Le-Clay, Bedfordshire"
45,FA Cup,2024,7615,Basingstoke Town,BAS,1896,Charters Community Stadium,"Winchester, Hampshire"
45,FA Cup,2024,7616,Bedford Town,BED,1908,The New Eyrie,"Cardington, Bedfordshire"
45,FA Cup,2024,7617,Belper Town,,1883,Raygar Stadium,"Belper, Derbyshire"
45,FA Cup,2024,7618,Biggleswade,,2016,The New Eyrie,"Cardington, Bedfordshire"
45,FA Cup,2024,7619,Bracknell Town,,,The SB Stadium,"Sandhurst, Berkshire"
45,FA Cup,2024,7620,Brighouse Town,,,The Yorkshire Payments Stadium,"Brighouse, West Yorkshire"
45,FA Cup,2024,7621,Bristol Manor Farm,,1960,The Creek,Bristol
45,FA Cup,2024,7622,Bury Town,BUR,1872,Atalian Servest Stadium,"Bury St Edmunds, Suffolk"
45,FA Cup,2024,7623,Canvey Island,CAN,1926,The Steves Taxis Stadium,"Canvey Island, Essex"
45,FA Cup,2024,7624,Carlton Town,,,Bill Stokeld Stadium,"Nottingham, East Midlands"
45,FA Cup,2024,7626,Chasetown,,1954,The Scholars Ground,"Burntwood, Staffordshire"
45,FA Cup,2024,7627,Chertsey Town,,1890,Alwyns Lane Football Ground,"Chertsey, Surrey"
45,FA Cup,2024,7628,Chichester City,,1873,Oaklands Park,"Chichester, West Sussex"
45,FA Cup,2024,7629,Cirencester Town,,1889,The Corinium Stadium,"Cirencester, Gloucestershire"
45,FA Cup,2024,7630,City of Liverpool,,,DCBL Stadium,"Widnes, Cheshire"
45,FA Cup,2024,7631,Cleethorpes Town,,,The myenergi Stadium,"Grimsby, Lincolnshire"
45,FA Cup,2024,7632,Clitheroe,,1877,The Loom Loft Stadium,"Clitheroe, Lancashire"
45,FA Cup,2024,7634,Coleshill Town,,1894,Pack Meadow,"Coleshill, Warwickshire"
45,FA Cup,2024,7635,Colne,,1996,Haffners Stadium,"Colne, Lancashire"
45,FA Cup,2024,7636,Cray Valley PM,CRA,1919,The Artic Stadium,London
45,FA Cup,2024,7637,Daventry Town,DAV,,Communications Park,"Daventry, Northamptonshire"
45,FA Cup,2024,7638,Dereham Town,,1884,Aldiss Park,"Dereham, Norfolk"
45,FA Cup,2024,7639,Dunston UTS,,1975,UTS Stadium,"Gateshead, Tyne and Wear"
45,FA Cup,2024,7640,Evesham United,,,The Spiers & Hartwell Jubilee Stadium,"Evesham, Worcestershire"
45,FA Cup,2024,7641,Faversham Town,,1884,Salters Lane,"Faversham, Kent"
45,FA Cup,2024,7642,Felixstowe & Walton Utd,,2000,AGL Arena,"Felixstowe, Suffolk"
45,FA Cup,2024,7643,Frickley Athletic,FRI,1910,Westfield Lane Stadium,"South Elmsall, West Yorkshire"
45,FA Cup,2024,7644,Halesowen Town,,1873,The Grove,"Halesowen, West Midlands"
45,FA Cup,2024,7645,Hanwell Town,,1920,The Powerday Stadium,London
45,FA Cup,2024,7647,Haywards Heath Town,,,Hanbury Park,Haywards Heath
45,FA Cup,2024,7648,Hertford Town,,1908,Hertingfordbury Park,"Hertford, Hertfordshire"
45,FA Cup,2024,7649,Hullbridge Sports,,,Lower Road,Hullbridge
45,FA Cup,2024,7650,Kidlington,,1908,Yarnton Road,"Kidlington, Oxfordshire"
45,FA Cup,2024,7651,Kidsgrove Athletic,KID,,Autonet Insurance Stadium,"Kidsgrove, Staffordshire"
45,FA Cup,2024,7652,Lincoln United,,,Sun Hat Villas & Resorts Stadium,"Lincoln, Lincolnshire"
45,FA Cup,2024,7654,Maldon & Tiptree,,,Drewitt-Barlow Stadium,"Maldon, Essex"
45,FA Cup,2024,7655,Mangotsfield United,MAN,1951,Cossham Street Stadium,"Mangotsfield, South Gloucestershire"
45,FA Cup,2024,7656,Marine,MAR,1894,The Marine Travel Arena,"Crosby, Merseyside"
45,FA Cup,2024,7657,Marlow,,,Alfred Davis Memorial Ground,"Marlow, Buckinghamshire"
45,FA Cup,2024,7658,Marske United,MAR,1956,GER Stadium,"Marske-by-the-Sea, Redcar and Cleveland"
45,FA Cup,2024,7659,Moneyfields,,1987,The John Jenkins Stadium,"Portsmouth, Hampshire"
45,FA Cup,2024,7660,Mossley,MOS,1903,Seel Park,"Mossley, Greater Manchester"
45,FA Cup,2024,7661,North Leigh,,,Eynsham Hall Park,"North Leigh, Oxfordshire"
45,FA Cup,2024,7662,Ossett United,,2018,Ingfield Stadium,"Ossett, West Yorkshire"
45,FA Cup,2024,7663,Prescot Cables,,1884,The Auto Safety Centre Stadium,"Prescot, Merseyside"
45,FA Cup,2024,7664,Ramsbottom United,RAM,1966,The Harry Williams Riverside Stadium,"Ramsbottom, Greater Manchester"
45,FA Cup,2024,7665,Ramsgate,,1886,WW Martin Community Stadium,"Ramsgate, Kent"
45,FA Cup,2024,7666,Runcorn Linnets,,2006,Runcorn Linnets' APEC Taxi's Stadium,"Runcorn, Cheshire"
45,FA Cup,2024,7667,Sheffield,SHE,1857,Home of Football Stadium,"Dronfield, North East Derbyshire"
45,FA Cup,2024,7668,Sholing,,,Mackoy Stadium,"Southampton, Hampshire"
45,FA Cup,2024,7669,Slimbridge,,,Thornhill Park,"Cambridge, Gloucestershire"
45,FA Cup,2024,7670,Soham Town Rangers,SOH,,Julius Martin Lane,"Soham, Cambridgeshire"
45,FA Cup,2024,7671,Spalding United,,,Sir Halley Stewart Field,"Spalding, Lincolnshire"
45,FA Cup,2024,7672,St Neots Town,NEO,1879,Rowley Park Stadium,"St Neots, Cambridgeshire"
45,FA Cup,2024,7674,Tadcaster Albion,,1892,Young Guns Arena,"Tadcaster, North Yorkshire"
45,FA Cup,2024,7675,Thame United,,,ASM Stadium,"Thame, Oxfordshire"
45,FA Cup,2024,7676,Three Bridges,,1901,Jubilee Field,"Crawley, West Sussex"
45,FA Cup,2024,7677,Trafford,TRA,1990,Pennybridge Lane,"Flixton, Greater Manchester"
45,FA Cup,2024,7678,Ware,,1892,Wodson Park,"Ware, Hertfordshire"
45,FA Cup,2024,7679,Welwyn Garden City,,,Herns Way,"Welwyn Garden City, Hertfordshire"
45,FA Cup,2024,7680,Whitstable Town,WHI,1886,The Belmont Ground,"Whitstable, Kent"
45,FA Cup,2024,7681,Widnes,,,Select Security Stadium,"Widnes, Cheshire"
45,FA Cup,2024,7682,Winchester City,,1884,Charters Community Stadium,"Winchester, Hampshire"
45,FA Cup,2024,7683,Wisbech Town,,,Fountain Fresh Park,"Wisbech, Cambridgeshire"
45,FA Cup,2024,7690,AFC Hornchurch,HOR,2005,Hornchurch Stadium,London
45,FA Cup,2024,7691,AFC Rushden & Diamonds,,2011,Hayden Road,"Rushden, Northamptonshire"
45,FA Cup,2024,7692,Alvechurch,,,Lye Meadow,"Alvechurch, Worcestershire"
45,FA Cup,2024,7693,Ashton United,,1878,Hurst Cross,"Ashton-under-Lyne, Greater Manchester"
45,FA Cup,2024,7694,Atherton Collieries,,,The Skuna Stadium,"Atherton, Greater Manchester"
45,FA Cup,2024,7695,Bamber Bridge,,1974,Sir Tom Finney Stadium,"Preston, Lancashire"
45,FA Cup,2024,7696,Banbury United,BAN,1931,Banbury Plant Hire Community Stadium,"Banbury, Oxfordshire"
45,FA Cup,2024,7697,Barwell,BRW,,Kirkby Road,"Barwell, Leicestershire"
45,FA Cup,2024,7698,Basford United,,,Greenwich Avenue,"Nottingham, Nottinghamshire"
45,FA Cup,2024,7699,Beaconsfield Town,,1994,Holloways Park,"Beaconsfield, Buckinghamshire"
45,FA Cup,2024,7700,Biggleswade Town,BIG,,The Carlsberg Stadium,"Biggleswade, Bedfordshire"
45,FA Cup,2024,7701,Bishop's Stortford,BIS,1874,The RDA Stadium,"Bishop&apos;s Stortford, Hertfordshire"
45,FA Cup,2024,7702,Blackfield & Langley,,1935,Gang Warily Community & Recreation Centre,"Blackfield, Hampshire"
45,FA Cup,2024,7703,Bognor Regis Town,BOG,1883,MKM Arena,"Bognor Regis, West Sussex"
45,FA Cup,2024,7704,Brightlingsea Regent,,2005,North Road,"Brightlingsea, Essex"
45,FA Cup,2024,7705,Bromsgrove Sporting,,,The Victoria Ground,"Bromsgrove, Worcestershire"
45,FA Cup,2024,7706,Buxton,BUX,1877,The Silverlands,"Buxton, Derbyshire"
45,FA Cup,2024,7707,Carshalton Athletic,CAR,0,War Memorial Sports Ground,"Carshalton, Surrey"
45,FA Cup,2024,7708,Cheshunt,,1946,The Stadium Cheshunt,"Cheshunt, Hertfordshire"
45,FA Cup,2024,7710,Corinthian-Casuals,,1882,King George's Field,London
45,FA Cup,2024,7711,Cray Wanderers,,1860,Flamingo Park,London
45,FA Cup,2024,7712,Dorchester Town,DOR,1880,Clayson Stadium,"Dorchester, Dorset"
45,FA Cup,2024,7714,Enfield Town,ENF,2001,Dave Bryant Stadium,London
45,FA Cup,2024,7715,Farnborough,FAR,,Saunders Transport Community Stadium,"Farnborough, Hampshire"
45,FA Cup,2024,7716,Folkestone Invicta,FOL,1936,The Alcaline Stadium,"Folkestone, Kent"
45,FA Cup,2024,7717,Gosport Borough,GOS,1944,Privett Park,"Gosport, Hampshire"
45,FA Cup,2024,7718,Grantham Town,GRA,,South Kesteven Stadium,"Grantham, Lincolnshire"
45,FA Cup,2024,7719,Hartley Wintney,HAR,,The Memorial Playing Fields,"Hartley Wintney, Hampshire"
45,FA Cup,2024,7720,Hayes & Yeading United,HAY,2007,The SKYex Community Stadium,London
45,FA Cup,2024,7721,Hednesford Town,HED,1880,Keys Park,"Hednesford, Staffordshire"
45,FA Cup,2024,7722,Hendon,HEN,1908,Silver Jubilee Park,London
45,FA Cup,2024,7723,Horsham,,,The Camping World Community Stadium,"Horsham, West Sussex"
45,FA Cup,2024,7724,Kings Langley,,1886,The Orbital Fasteners Stadium,"Kings Langley, Hertfordshire"
45,FA Cup,2024,7725,Kingstonian,KIN,1885,Tooting & Mitcham Community Sports Club,"Morden, Surrey"
45,FA Cup,2024,7726,Lancaster City,,1905,Giant Axe Stadium,"Lancaster, Lancashire"
45,FA Cup,2024,7727,Leiston,LEI,,Victory Road,"Leiston, Suffolk"
45,FA Cup,2024,7728,Lewes,LEW,1885,The Dripping Pan,"Lewes, East Sussex"
45,FA Cup,2024,7729,Lowestoft Town,LOW,1887,Crown Meadow,"Lowestoft, Suffolk"
45,FA Cup,2024,7730,Margate,MAR,1896,Hartsdown Park,"Margate, Kent"
45,FA Cup,2024,7731,Matlock Town,MAT,1878,The Proctor Cars Stadium,"Matlock, Derbyshire"
45,FA Cup,2024,7732,Merthyr Town,MER,1909,Penydarren Park,Merthyr Tydfil
45,FA Cup,2024,7733,Mickleover Sports,,1948,Don Amott Leisure Group Arena,"Derby, Derbyshire"
45,FA Cup,2024,7734,Morpeth Town,,,Craik Park,"Morpeth, Northumberland"
45,FA Cup,2024,7735,Needham Market,,1919,Ecologic Stadium at Bloomfields,"Needham Market, Suffolk"
45,FA Cup,2024,7737,Peterborough Sports,,1919,Lincoln Road,Peterborough
45,FA Cup,2024,7738,Poole Town,POO,,Tatnam Ground,"Poole, Dorset"
45,FA Cup,2024,7739,Potters Bar Town,,1960,The Lantern Stadium,"Potters Bar, Hertfordshire"
45,FA Cup,2024,7740,Radcliffe,,1949,Neuven Stadium,"Radcliffe, Greater Manchester"
45,FA Cup,2024,7741,Redditch United,RED,1891,The Valley Stadium,"Redditch, Worcestershire"
45,FA Cup,2024,7742,Royston Town,,1872,Garden Walk,"Royston, Hertfordshire"
45,FA Cup,2024,7743,Rushall Olympic,RUS,,Dales Lane,"Walsall, West Midlands"
45,FA Cup,2024,7744,Salisbury,,2014,The Raymond McEnhill Stadium,"Salisbury, Wiltshire"
45,FA Cup,2024,7745,Scarborough Athletic,SCA,2007,Flamingo Land Stadium,"Scarborough, North Yorkshire"
45,FA Cup,2024,7746,South Shields,,,1st Cloud Arena,"South Shields, Tyne and Wear"
45,FA Cup,2024,7747,St Ives Town,IVE,1887,Westwood Road,"St Ives, Cambridgeshire"
45,FA Cup,2024,7748,Stafford Rangers,STA,1876,The Stan Robinson Stadium,"Stafford, Staffordshire"
45,FA Cup,2024,7749,Stalybridge Celtic,STA,1909,Bower Fold,"Stalybridge, Greater Manchester"
45,FA Cup,2024,7750,Stratford Town,,1941,The Arden Garages Stadium,"Stratford-upon-Avon, Warwickshire"
45,FA Cup,2024,7751,Swindon Supermarine,,1992,The Webbs Wood Stadium,"Swindon, Wiltshire"
45,FA Cup,2024,7752,Tamworth,TAM,1933,The Lamb Ground,"Tamworth, Staffordshire"
45,FA Cup,2024,7753,Tiverton Town,TIV,1913,Ladysmead,"Tiverton, Devon"
45,FA Cup,2024,7754,United of Manchester,UNI,2005,Broadhurst Park,Manchester
45,FA Cup,2024,7756,Warrington Town,,1949,Cal.Delivery Stadium,"Latchford, Warrington"
45,FA Cup,2024,7757,Whitby Town,WHI,1880,Towbar Express Stadium at the Turnbull Ground,"Whitby, North Yorkshire"
45,FA Cup,2024,7758,Wimborne Town,,,The Cuthbury Stadium,"Wimborne Minster, Dorset"
45,FA Cup,2024,7759,Wingate & Finchley,WIN,0,The Maurice Rebak Stadium,London
45,FA Cup,2024,7760,Witton Albion,WIT,1887,U-Lock It Stadium,"Northwich, Cheshire"
45,FA Cup,2024,7761,Worthing,,1886,Sussex Transport Community Stadium,"Worthing, West Sussex"
45,FA Cup,2024,7762,Yate Town,,,The Jelf Stadium,"Yate, South Gloucestershire"
45,FA Cup,2024,7764,Bowers & Pitsea,,1946,Len Salmon Stadium,"Basildon, Essex"
45,FA Cup,2024,8146,Boston United,BOS,1933,The Jakemans Community Stadium,"Boston, Lincolnshire"
45,FA Cup,2024,8147,Chippenham Town,CHI,1873,Hardenhuish Park,"Chippenham, Wiltshire"
45,FA Cup,2024,8149,Dulwich Hamlet,DUL,1893,Champion Hill Stadium,London
45,FA Cup,2024,8650,Blyth Spartans,BLY,1899,Croft Park,"Blyth, Northumberland"
45,FA Cup,2024,8651,Bradford (Park Avenue),BRA,1907,Horsfall Stadium,"Bradford, West Yorkshire"
45,FA Cup,2024,8653,Gloucester City,GLO,1883,New Meadow Park,"Gloucester, Gloucestershire"
45,FA Cup,2024,8654,Kettering Town,,1872,Latimer Park,"Kettering, Northamptonshire"
45,FA Cup,2024,8655,King's Lynn Town,KIN,2010,The Walks,"King&apos;s Lynn, Norfolk"
45,FA Cup,2024,8656,Leamington,LEA,1891,Your Co-op Community Stadium,"Royal Leamington Spa, Warwickshire"
45,FA Cup,2024,8657,Bath City,BAT,1889,Twerton Park Stadium,"Bath, Somerset"
45,FA Cup,2024,8658,Concord Rangers,CON,1967,The Aspect Arena,"Canvey Island, Essex"
45,FA Cup,2024,8659,Dorking Wanderers,,,Meadowbank Stadium,"Dorking, Surrey"
45,FA Cup,2024,8660,Hemel Hempstead Town,HEM,1885,Focus Community Arena,"Hemel Hempstead, Hertfordshire"
45,FA Cup,2024,8661,Hungerford Town,HUN,1886,Bulpit Lane,"Hungerford, Berkshire"
45,FA Cup,2024,8662,Tonbridge Angels,TON,1947,Longmead Stadium,"Tonbridge, Kent"
45,FA Cup,2024,8663,Wealdstone,WEA,1899,Grosvenor Vale,"Ruislip, Middlesex"
45,FA Cup,2024,8664,Welling United,WEL,1963,Acclaim Handling Community Stadium,"Welling, Kent"
45,FA Cup,2024,8665,Weymouth,WEY,1890,Bob Lucas Stadium,"Weymouth, Dorset"
45,FA Cup,2024,8666,1874 Northwich,,,Townfield Lane,"Northwich, Cheshire"
45,FA Cup,2024,8667,AFC Croydon Athletic,,2012,The Mayfield Stadium,London
45,FA Cup,2024,8669,AFC Liverpool,,,Berry Street Garage Stadium,"Bootle, Merseyside"
45,FA Cup,2024,8670,AFC Mansfield,,2012,Forest Town Stadium,"Mansfield, Nottinghamshire"
45,FA Cup,2024,8671,AFC Portchester,,,The OnSite Group Stadium,"Portchester, Hampshire"
45,FA Cup,2024,8672,AFC Stoneham,,,Stoneham Lane Football Complex,"Eastleigh, Hampshire"
45,FA Cup,2024,8673,AFC Wulfrunians,,,Prestige Midlands Arena,"Wolverhampton, West Midlands"
45,FA Cup,2024,8674,Abbey Hey,,,The Abbey Stadium,"Gorton, Greater Manchester"
45,FA Cup,2024,8675,Abbey Rangers,,,Addlestone Moor,"Addlestone, Surrey"
45,FA Cup,2024,8677,Albion Sports,,,Horsfall Stadium,"Bradford, West Yorkshire"
45,FA Cup,2024,8680,Andover New Street,,,DH PROPERTY SERVICES STADIUM,"Andover, Hampshire"
45,FA Cup,2024,8681,Anstey Nomads,,,Cropston Road,"Leicester, Leicestershire"
45,FA Cup,2024,8682,Ardley United,,1945,The Playing Fields,"Ardley, Oxfordshire"
45,FA Cup,2024,8683,Arlesey Town,ARL,1891,Armadillo Stadium,"Arlesey, Bedfordshire"
45,FA Cup,2024,8685,Ascot United,,,Ascot Racecourse,"Ascot, Berkshire"
45,FA Cup,2024,8686,Ashington AFC,,,The dwmedia Stadium,"Ashington, Northumberland"
45,FA Cup,2024,8689,Atherstone Town,,,Gam Civils Stadium,"Atherstone, Warwickshire"
45,FA Cup,2024,8690,Avro,,1936,Vestacare Stadium,"Oldham, Greater Manchester"
45,FA Cup,2024,8691,Aylesbury Vale Dynamos,,1930,The Greenfleets Stadium,"Aylesbury, Buckinghamshire"
45,FA Cup,2024,8692,Badshot Lea,,,Westfield Lane Stadium,Wrecclesham
45,FA Cup,2024,8693,Baffins Milton Rovers,,,PMC Stadium,"Portsmouth, Hampshire"
45,FA Cup,2024,8694,Baldock Town,,,Armadillo Stadium,"Arlesey, Bedfordshire"
45,FA Cup,2024,8695,Balham,,,The Mayfield Stadium,London
45,FA Cup,2024,8698,Barnoldswick Town,,,Silentnight Stadium,"Barnoldswick, Lancashire"
45,FA Cup,2024,8699,Barton Town Old Boys,,1995,Easy Buy Stadium,"Barton-upon-Humber, Lincolnshire"
45,FA Cup,2024,8700,Bashley,BAS,1947,The Veho Community Stadium,"Bashley, Hampshire"
45,FA Cup,2024,8701,Bearsted,,,Otham Sports Ground,"Otham, Kent"
45,FA Cup,2024,8702,Beckenham Town,,1971,Eden Park Avenue,"Beckenham, Kent"
45,FA Cup,2024,8703,Bemerton Heath Harleq.,,1989,Westwood Recreation Ground,"Salisbury, Wiltshire"
45,FA Cup,2024,8704,Bexhill United,,2002,Priory Lane,"Eastbourne, East Sussex"
45,FA Cup,2024,8705,Biggleswade United,,1959,Verdant Stadium,"Biggleswade, Bedfordshire"
45,FA Cup,2024,8707,Binfield,,1892,The Iconic Stadium,Binfield
45,FA Cup,2024,8708,Bishop Auckland,,,Heritage Park,"Bishop Auckland, County Durham"
45,FA Cup,2024,8709,Bishop's Cleeve,,1905,Kayte Lane,"Bishop&apos;s Cleeve, Gloucestershire"
45,FA Cup,2024,8711,Boldmere St. Michaels,,1883,The Amber Arena and Community Stadium,"Sutton Coldfield, West Midlands"
45,FA Cup,2024,8712,Bootle,,1953,Berry Street Garage Stadium,"Bootle, Merseyside"
45,FA Cup,2024,8713,Bottesford Town,,1974,Barrett Steel Stadium,Scunthorpe
45,FA Cup,2024,8714,Bournemouth FC,,1875,Victoria Park,"Bournemouth, Dorset"
45,FA Cup,2024,8717,Brantham Athletic,,1887,Brantham Leisure Centre,"Brantham, Suffolk"
45,FA Cup,2024,8718,Bridgwater Town,,1898,Fairfax Park,"Bridgwater, Somerset"
45,FA Cup,2024,8719,Bridlington Town,,1918,The Neil Hudgell Law Stadium,"Bridlington, East Yorkshire"
45,FA Cup,2024,8722,Brimscombe & Thrupp,,,Brimscombe & Thrupp FC Ground,"Stroud, Gloucestershire"
45,FA Cup,2024,8723,Brislington,BRI,1956,Brislington Stadium,"Brislington, Bristol"
45,FA Cup,2024,8724,Broadbridge Heath,,1919,The BodyMould Mattresses Stadium,"Horsham, West Sussex"
45,FA Cup,2024,8725,Broadfields United,,1993,Rayners Lane,London
45,FA Cup,2024,8726,Brockenhurst,,1898,Meadens Skoda Arena,"Brockenhurst, Hampshire"
45,FA Cup,2024,8727,Buckland Athletic,,1977,Homers Heath,"Newton Abbot, Devon"
45,FA Cup,2024,8728,Bugbrooke St Michaels,,,Birds Close,"Bugbrooke, Northamptonshire"
45,FA Cup,2024,8729,Burnham,BUR,,The 1878 Stadium,"Burnham, Buckinghamshie"
45,FA Cup,2024,8730,Burscough,,1946,The Community Ground,"Burscough, Lancashire"
45,FA Cup,2024,8733,Camberley Town,,,Krooner Park,"Camberley, Surrey"
45,FA Cup,2024,8734,Campion,,1963,Anytime Couriers Stadium,"Bradford, West Yorkshire"
45,FA Cup,2024,8736,Charnock Richard,,1933,Mossie Park,Charnock Richard
45,FA Cup,2024,8737,Chatham Town,CHA,1894,Bauvill Stadium,"Chatham, Kent"
45,FA Cup,2024,8741,Christchurch,,,Hurn Bridge Sports Ground,"Christchurch, Dorset"
45,FA Cup,2024,8742,Clacton,,1892,The Rush Green Bowl,"Clacton-on-Sea, Essex"
45,FA Cup,2024,8745,Clevedon Town,CLE,,Everyone Active Stadium,"Clevedon, Somerset"
45,FA Cup,2024,8746,Cobham,,1892,The Reg Madgwick Stadium,"Cobham, Surrey"
45,FA Cup,2024,8747,Cockfosters,,,Cockfosters Sport Ground,London
45,FA Cup,2024,8750,Colney Heath,,1907,The Recreation Ground,"Colney Heath, Hertfordshire"
45,FA Cup,2024,8751,Congleton Town,,,The Cleric Stadium,"Congleton, Cheshire"
45,FA Cup,2024,8752,Consett,,,Belle Vue Park,"Consett, County Durham"
45,FA Cup,2024,8753,Corinthian,,1972,Corinthian Sports Club,"Longfield, Kent"
45,FA Cup,2024,8754,Coventry Sphinx,,,Sphinx Drive,"Coventry, West Midlands"
45,FA Cup,2024,8755,Coventry United,,2013,Butts Park Arena,"Coventry, West Midlands"
45,FA Cup,2024,8756,Cowes Sports,,,The Zilch Waste Stadium,"Cowes, Isle of Wight"
45,FA Cup,2024,8757,Crawley Down Gatwick,,1993,The Haven Sportsfield,"Crawley Down, West Sussex"
45,FA Cup,2024,8758,Crawley Green,,1992,The Brache,"Luton, Bedfordshire"
45,FA Cup,2024,8759,Cribbs,,,The Lawns,Bristol
45,FA Cup,2024,8760,Crowborough Athletic,,,Crowborough Community Stadium,"Crowborough, East Sussex"
45,FA Cup,2024,8762,Deal Town,,1908,The Charles Sports Ground,"Deal, Kent"
45,FA Cup,2024,8763,Deeping Rangers,,1966,Deeping Sports Club,"Market Deeping, Lincolnshire"
45,FA Cup,2024,8766,Dunstable Town,DUN,1883,Creasey Park Community Football Centre,"Dunstable, Bedfordshire"
45,FA Cup,2024,8767,Easington Sports,,,Addison Road,"Banbury, Oxfordshire"
45,FA Cup,2024,8769,Eastbourne Town,,1881,The Saffrons Football Ground,"Eastbourne, East Sussex"
45,FA Cup,2024,8770,Eastbourne United,,1896,The Oval,"Eastbourne, East Sussex"
45,FA Cup,2024,8771,Eccleshill United,,,Mitton Group Stadium,"Wrose Bradford, West Yorkshire"
45,FA Cup,2024,8772,Edgware Town,,,Silver Jubilee Park,London
45,FA Cup,2024,8773,Egham Town,EGH,1963,The Runnymede Stadium,"Egham, Surrey"
45,FA Cup,2024,8774,Ely City,,1885,The Unwin Ground,"Ely, Cambridgeshire"
45,FA Cup,2024,8775,Enfield 1893,,2007,Hertingfordbury Park,"Hertford, Hertfordshire"
45,FA Cup,2024,8776,Erith & Belvedere,,1922,Acclaim Handling Community Stadium,"Welling, Kent"
45,FA Cup,2024,8777,Erith Town,,1959,Bayliss Avenue,London
45,FA Cup,2024,8778,Exmouth,,1933,King George V Ground,"Exmouth, Devonshire"
45,FA Cup,2024,8779,Eynesbury Rovers,,,The Alfred Hall Memorial Ground,"Eynesbury, St. Neots"
45,FA Cup,2024,8780,Fairford Town,,,The Acorn Property Stadium,Fairford
45,FA Cup,2024,8781,Fakenham Town,,1884,Clipbush Park,"Fakenham, Norfolk"
45,FA Cup,2024,8782,Fareham Town,,,Cams Alders Stadium,"Fareham, Hampshire"
45,FA Cup,2024,8783,Farnham Town,,1912,The Memorial Ground Farnham,"Farnham, Surrey"
45,FA Cup,2024,8784,Fisher,,2009,St Pauls’ Sports Ground,London
45,FA Cup,2024,8785,Flackwell Heath,,1907,Wilks Park,"Flackwell Heath, Buckinghamshire"
45,FA Cup,2024,8786,Fleet Town,,1890,Easy As HGV Stadium,"Fleet, Hampshire"
45,FA Cup,2024,8789,Garforth Town,,,Bannister Prentice Community Stadium,"Garforth, West Yorkshire"
45,FA Cup,2024,8790,Glebe,,1995,Foxbury Avenue,"Chiselhurst, Greater London"
45,FA Cup,2024,8791,Godmanchester Rovers,,,Bearscroft Lane,"Godmanchester, Cambridgeshire"
45,FA Cup,2024,8792,Goole,,,Victoria Pleasure Grounds,"Goole, East Yorkshire"
45,FA Cup,2024,8793,Gorleston,,1887,Emerald Park,"Gorleston-On-Sea, Norfolk"
45,FA Cup,2024,8794,Great Yarmouth Town,,,Wellesley Recreation Ground,"Great Yarmouth, Norfolk"
45,FA Cup,2024,8796,Gresley,,1882,The Moat Ground,"Church Gresley, Derbyshire"
45,FA Cup,2024,8797,Grimsby Borough,,,Bradley Community Stadium,"Grimsby, Lincolnshire"
45,FA Cup,2024,8798,Guildford City,,1921,Guildford Spectrum Athletics Stadium,"Guildford, Surrey"
45,FA Cup,2024,8799,Guisborough Town,,,King George V Ground,"Guisborough, North Yorkshire"
45,FA Cup,2024,8801,Hadleigh United,,1892,Millfield,"Hadleigh, Suffolk"
45,FA Cup,2024,8802,Hadley,,,Hadley Sports Ground,London
45,FA Cup,2024,8804,Hallam,,,Sandygate Road,Sheffield
45,FA Cup,2024,8806,Halstead Town,,,Milbank Stadium,"Halstead, Essex"
45,FA Cup,2024,8807,Hamble Club,,,The Abbey,"Hamble-le-Rice, Hampshire"
45,FA Cup,2024,8809,Handsworth Parramore,,2014,Express Worktops Stadium at Handsworth Junior Sporting Club,"Sheffield, South Yorkshire"
45,FA Cup,2024,8810,Hanley Town,,1966,Runcorn Linnets' APEC Taxi's Stadium,"Runcorn, Cheshire"
45,FA Cup,2024,8811,Hanworth Villa,,1976,Rectory Meadow,"Hanworth, Middlesex"
45,FA Cup,2024,8812,Harborough Town,,,Bowden Park,"Market Harborough, Leicestershire"
45,FA Cup,2024,8813,Harefield United,,1868,Preston Park,London
45,FA Cup,2024,8814,Harpenden Town,,,Rothamsted Park,"Harpenden, Hertfordshire"
45,FA Cup,2024,8817,Hassocks,,1902,The Beacon Ground,"Hassocks, West Sussex"
45,FA Cup,2024,8820,Heanor Town,,,The Town Ground,"Heanor, Derbyshire"
45,FA Cup,2024,8822,Hebburn Town,,,The Energy Check Sports Ground,"Hebburn, Tyne and Wear"
45,FA Cup,2024,8828,Hollands & Blair,,1970,Star Meadow Sports Club,"Gillingham, Kent"
45,FA Cup,2024,8830,Horley Town,,1896,The New Defence,"Horley, Surrey"
45,FA Cup,2024,8831,Horndean,,1887,Five Heads Park,"Horndean, Hampshire"
45,FA Cup,2024,8832,Horsham YMCA,,1898,Gorings Mead,"Horsham, West Sussex"
45,FA Cup,2024,8833,Hythe & Dibden,,,Hythe Garage Stadium,Dibden
45,FA Cup,2024,8834,Ilford,,,Cricklefield Stadium,"Ilford, Essex"
45,FA Cup,2024,8835,Irlam,,1969,The Silver Street Stadium,"Salford, Greater Manchester"
45,FA Cup,2024,8839,Kirkley & Pakefield,,1886,Walmer Road,"Kirkley, Suffolk"
45,FA Cup,2024,8840,Knaphill,,,Redding Way,"Knaphill, Surrey"
45,FA Cup,2024,8841,Knaresborough Town,,,The Hummel Stadium,Knaresborough
45,FA Cup,2024,8842,Lancing,,1941,Culver Road,"Lancing, West Sussex"
45,FA Cup,2024,8844,Leicester Nirvana,,2008,Hamilton Park,"Leicester, Leicestershire"
45,FA Cup,2024,8845,Leicester Road,,2013,The Greene King Stadium (De Montfort Park),"Hinckley, Leicestershire"
45,FA Cup,2024,8846,Leighton Town,,,Freed Veneers Community Stadium,"Leighton Buzzard, Bedfordshire"
45,FA Cup,2024,8847,Leverstock Green,,,The LORDS Builders Merchants Stadium,"Hemel Hempstead, Hertfordshire"
45,FA Cup,2024,8849,Lichfield City,,,Trade Tyre Community Stadium,Lichfield
45,FA Cup,2024,8850,Lingfield,,1893,The New Defence,"Horley, Surrey"
45,FA Cup,2024,8851,Litherland Remyca,,1959,Litherland Sports Park,Liverpool
45,FA Cup,2024,8852,Little Common,,,Little Common Recreation Ground,Bexhill
45,FA Cup,2024,8853,Liversedge,,,Clayborn Stadium,"Cleckheaton, West Yorkshire"
45,FA Cup,2024,8856,Long Eaton United,,1956,Grange Park,"Long Eaton, Derbyshire"
45,FA Cup,2024,8857,Long Melford,,,Stoneylands,"Long Melford, Sudbury, Suffolk"
45,FA Cup,2024,8858,Longlevens,,,Saw Mills End,Gloucester
45,FA Cup,2024,8859,Longridge Town,,,Inglewhite Road,"Longridge, Lancashire"
45,FA Cup,2024,8860,Lordswood,,1968,Martyn Grove,"Chatham, Kent"
45,FA Cup,2024,8861,Loughborough University,,,Loughborough University Football Stadium,"Loughborough, Leicestershire"
45,FA Cup,2024,8862,Lower Breck,,,Anfield Sports Community Centre,Liverpool
45,FA Cup,2024,8863,Loxwood,,1920,Loxwood Sports Association,"Loxwood, West Sussex"
45,FA Cup,2024,8864,Lutterworth Town,,,Dunley Way,"Lutterworth, Leicestershire"
45,FA Cup,2024,8865,Lydney Town,,,Lydney Recreation Ground,Lydney
45,FA Cup,2024,8866,Lye Town,,1930,The Sports Ground,"Lye, West Midlands"
45,FA Cup,2024,8868,Malmesbury Victoria,,1975,The Flying Monk Ground,"Malmesbury, Wiltshire"
45,FA Cup,2024,8870,Malvern Town,,,HD Anywhere Stadium,"Malvern, Worcestershire"
45,FA Cup,2024,8871,March Town United,,,GER Sports Ground,"March, Cambridgeshire"
45,FA Cup,2024,8872,Melton Town,,2004,Sign Right Park,"Melton Mowbray, Leicestershire"
45,FA Cup,2024,8873,Mildenhall Town,,,Mildenhall Town Football Club Stadium,"Mildenhall, Suffolk"
45,FA Cup,2024,8875,Mulbarton Wanderers,,,Mulberry Park,"Mulbarton, Norfolk"
45,FA Cup,2024,8876,Newcastle Benfield,,,Sam Smith's Park,"Newcastle upon Tyne, Tyne and Wear"
45,FA Cup,2024,8877,Newhaven,,1887,Trafalgar Ground,Newhaven
45,FA Cup,2024,8878,Newmarket Town,,,Cricket Field Road,"Newmarket, Suffolk"
45,FA Cup,2024,8879,Newport Pagnell Town,,,Willen Road,"Newport Pagnell, Buckinghamshire"
45,FA Cup,2024,8880,Newton Aycliffe,,,Securicorp Stadium,"Newton Aycliffe, County Durham"
45,FA Cup,2024,8881,North Greenford United,,1944,Berkeley Fields,London
45,FA Cup,2024,8882,North Shields,,,Daren Persson Stadium,"North Shields, Tyne and Wear"
45,FA Cup,2024,8883,Northallerton Town,,1895,The Calvert Stadium,"Northallerton, North Yorkshire"
45,FA Cup,2024,8884,Northampton ON Chenecks,,,Old Northamptonians Private Sports Ground,"Northampton, Northamptonshire"
45,FA Cup,2024,8885,Northwich Victoria,NOR,1874,U-Lock It Stadium,"Northwich, Cheshire"
45,FA Cup,2024,8889,Oadby Town,,1937,Riverside Pavilion,"Leicester, Leicestershire"
45,FA Cup,2024,8892,Padiham,,1878,Ruby Civil Arena,"Padiham, Lancashire"
45,FA Cup,2024,8893,Pagham,,1903,Nyetimber Lane,"Pagham, West Sussex"
45,FA Cup,2024,8894,Peacehaven & Telscombe,,1923,Centenary Park,"Peacehaven, East Sussex"
45,FA Cup,2024,8895,Penistone Church,,1906,Parker Roofing Memorial Ground,"Barnsley, South Yorkshire"
45,FA Cup,2024,8896,Penrith AFC,,,The Frenchfield Stadium,Penrith
45,FA Cup,2024,8899,Plymouth Parkway,,1988,Manadon Sports Hub,"Plymouth, Devon"
45,FA Cup,2024,8900,Portland United,,1921,The Camp & Satherley Stadium,"Portland, Dorset"
45,FA Cup,2024,8901,Potton United,,,The Hollow,"Potton, Bedfordshire"
45,FA Cup,2024,8902,Punjab United,,,Elite Venue,"Gravesend, Kent"
45,FA Cup,2024,8903,Quorn,,,Farley Way Stadium,"Quorn, Leicestershire"
45,FA Cup,2024,8904,Racing Club Warwick,,1919,Townsend Meadow,"Warwick, Warwickshire"
45,FA Cup,2024,8906,Raynes Park Vale,,1995,Prince George's Fields,London
45,FA Cup,2024,8907,Reading City,,,Rivermoor Stadium,"Reading, Berkshire"
45,FA Cup,2024,8908,Redbridge,,,Oakside Stadium,"Ilford, Essex"
45,FA Cup,2024,8909,Redhill,,1894,Kiln Brow,"Redhill, Surrey"
45,FA Cup,2024,8910,Roman Glass St George,,1872,Oaklands Park Stadium,"Almondsbury, South Gloucestershire"
45,FA Cup,2024,8912,Romulus,,,Central Ground,"Sutton Coldfield, West Midlands"
45,FA Cup,2024,8914,Royal Wootton,,1882,Gerrard Buxton Sports Ground,"Royal Wootton Bassett, Wiltshire"
45,FA Cup,2024,8915,Rugby Town,,1956,Butlin Road,"Rugby, Warwikshire"
45,FA Cup,2024,8917,Rusthall,,,The Jockey Stadium,Rusthall
45,FA Cup,2024,8918,Rylands,,1911,The Hive Arena,"Warrington, Cheshire"
45,FA Cup,2024,8919,Saffron Walden Town,,,Catons Lane,"Saffron Walden, Essex"
45,FA Cup,2024,8920,Saltash United,,,Kimberley Stadium,"Saltash, Cornwall"
45,FA Cup,2024,8921,Saltdean United,,,Hill Park,"Brighton, East Sussex"
45,FA Cup,2024,8922,Sawbridgeworth Town,,1897,Crofters End Stadium,"Sawbridgeworth, Hertfordshire"
45,FA Cup,2024,8923,Seaham Red Star,,,The Alexandra Steakhouse Stadium,"Seaham, County Durham"
45,FA Cup,2024,8926,Shaftesbury Town,,1888,Cockrams Ground,"Shaftesbury, Dorset"
45,FA Cup,2024,8927,Sheerwater,,,Eastwood Leisure Centre,"Woking, Surrey"
45,FA Cup,2024,8928,Sheppey United,,1890,The Total Power Stadium,Sheerness
45,FA Cup,2024,8929,Shepshed Dynamo,,,The Dovecote,"Shepshed, Leicestershire"
45,FA Cup,2024,8930,Shepton Mallet,,,The Playing Fields,"Shepton Mallet, Somerset"
45,FA Cup,2024,8931,Sherwood Colliery,,2008,Debdale Park,"Mansfield Woodhouse, Nottinghamshire"
45,FA Cup,2024,8932,Shildon AFC,,,J Denham Metals Stadium,"Shildon, County Durham"
45,FA Cup,2024,8933,Shoreham,,1892,Middle Road,"Shoreham-by-Sea, West Sussex"
45,FA Cup,2024,8936,Silsden,,,The Asda Foundation Stadium,"Silsden, Keighley, West Yorkshire"
45,FA Cup,2024,8938,Sleaford Town,,1968,Eslaforde Park,"Sleaford, Lincolnshire"
45,FA Cup,2024,8941,Southall,,1871,The Robert Parker Stadium,"Stanwell, Surrey"
45,FA Cup,2024,8943,Spelthorne Sports,,1922,Spelthorne Sports Club,"Ashford, Middlesex"
45,FA Cup,2024,8944,Sporting Bengal United,,,Mile End Stadium,London
45,FA Cup,2024,8945,Sporting Khalsa,,1991,Guardian Warehousing Arena,"Willenhall, West Midlands"
45,FA Cup,2024,8946,Squires Gate,,,The Brian Addison Stadium,"Blackpool, Lancashire"
45,FA Cup,2024,8947,St Austell,,,Poltair Park,"St Austell, Cornwall"
45,FA Cup,2024,8949,Stansted,,,Hargrave Park Stadium,"Stansted Mountfitchet, Essex"
45,FA Cup,2024,8950,Stanway Rovers,,1956,The Hawthorns,"Colchester, Essex"
45,FA Cup,2024,8952,Steyning Town,,1892,Steyning Town Community Football Club,"Steyning, West Sussex"
45,FA Cup,2024,8953,Stockton Town,,,The Map Group UK Stadium,Stockton-on-Tees
45,FA Cup,2024,8954,Stone Old Alleynians,,,Red Industries Lyme Valley Stadium,"Newcastle-under-Lyme, Staffordshire"
45,FA Cup,2024,8955,Stotfold,,,The JSJ Stadium,Stotfold
45,FA Cup,2024,8956,Stourport Swifts,,1882,Walshes Meadow,"Stourport-on-Severn, Worcestershire"
45,FA Cup,2024,8957,Stowmarket Town,,,Greens Meadow Ground,"Stowmarket, Suffolk"
45,FA Cup,2024,8958,Street,,1880,The Tannery Ground,"Street, Somerset"
45,FA Cup,2024,8961,Sutton Athletic,,1898,Lower Road,"Hextable, Kent"
45,FA Cup,2024,8962,Sutton Common Rovers,,1978,VBS Community Stadium,"Sutton, Surrey"
45,FA Cup,2024,8964,Tadley Calleva,,,Barlow's Park,"Tadley, Hampshire"
45,FA Cup,2024,8965,Takeley,,1903,Full Vision Stadium,"Takeley, Essex"
45,FA Cup,2024,8966,Tavistock,,,Langsford Park,"Tavistock, Devon"
45,FA Cup,2024,8967,Thackley,,1930,Meridian Stadium at Dennyfield,"Thackley, West Yorkshire"
45,FA Cup,2024,8969,Thetford Town,,,Mundford Road,"Thetford, Norfolk"
45,FA Cup,2024,8971,Thornbury Town,,1898,Mundy Playing Fields,"Thornbury, South Gloucestershire"
45,FA Cup,2024,8972,Tividale,,1954,The Beeches,"Tividale, West Midlands"
45,FA Cup,2024,8975,Tring Athletic,,1958,The Michael Anthony Stadium,"Tring, Hertfordshire"
45,FA Cup,2024,8976,Tuffley Rovers,,1929,Glevum Park,"Gloucester, Gloucestershire"
45,FA Cup,2024,8977,Tunbridge Wells,,1886,Culverden Stadium,Royal Tunbridge Wells
45,FA Cup,2024,8979,United Services,,1962,HMS Temeraire Sports Ground,Portsmouth
45,FA Cup,2024,8980,Varndeanians,,1929,Withdean Stadium,"Brighton, East Sussex"
45,FA Cup,2024,8981,Vauxhall Motors,VAU,1963,The vanEupen Arena,"Ellesmere Port, Cheshire"
45,FA Cup,2024,8982,Virginia Water,,,Stag Meadow,"Windsor, Berkshire"
45,FA Cup,2024,8983,Walsall Wood,,,Oak Park,"Walsall Wood, West Midlands"
45,FA Cup,2024,8984,Walsham Le Willows,,1890,Sumner Road,"Walsham-le-Willows, Suffolk"
45,FA Cup,2024,8985,Walthamstow,,1964,Wadham Lodge Stadium,London
45,FA Cup,2024,8986,Walton & Hersham,,1945,The Sports Ground,"Walton-on-Thames, Surrey"
45,FA Cup,2024,8989,Wellingborough Town,,2004,Dog & Duck Ground,"Wellingborough, Northamptonshire"
45,FA Cup,2024,8991,Wembley,,1946,Vale Farm Stadium,London
45,FA Cup,2024,8992,West Auckland Town,,1893,The Northern Metal Recycling Stadium,"West Auckland, County Durham"
45,FA Cup,2024,8993,West Didsbury & Chorlton,,,Step Places Stadium,Manchester
45,FA Cup,2024,8994,West Essex,,,Mayesbrook Park,"Dagenham, Essex"
45,FA Cup,2024,8995,Westbury United,,,Meadow Lane,"Westbury, Wiltshire"
45,FA Cup,2024,8996,Whickham,,,The Glebe Ground,"Whickham, Tyne and Wear"
45,FA Cup,2024,8997,Whitchurch Alport,,,KMJ Mortgages Stadium,"Whitchurch, Shropshire"
45,FA Cup,2024,8998,White Ensign,,,Burroughs Park,"Great Wakering, Essex"
45,FA Cup,2024,8999,Whitley Bay,,1950,Hillheads Park,"Whitley Bay, Tyne and Wear"
45,FA Cup,2024,9004,Winslow United,,,Elmfields Gate,"Winslow, Buckinghamshire"
45,FA Cup,2024,9005,Winterton Rangers,,,MKM Stadium,"Winterton, Lincolnshire"
45,FA Cup,2024,9006,Wolverhampton Casuals,,,Brinsford Lane,Wolverhampton
45,FA Cup,2024,9008,Woodbridge Town,,1885,Notcutts Park,"Woodbridge, Suffolk"
45,FA Cup,2024,9009,Woodford Town,,,Ashton Playing Fields,"Woodford Green, Greater London"
45,FA Cup,2024,9010,Worcester City,WOR,1902,Claines Lane,"Worcester, Worcestershire"
45,FA Cup,2024,9011,Wroxham,,1892,Trafford Park,"Wroxham, Norfolk"
45,FA Cup,2024,10157,Darlington 1883,,2012,Blackwell Meadows,"Darlington, Durham"
45,FA Cup,2024,10158,Farsley Celtic FC,,2010,The Citadel,"Farsley, West Yorkshire"
45,FA Cup,2024,11936,AFC Emley,,2005,The Welfare Ground,"Emley, West Yorkshire"
45,FA Cup,2024,11956,Brocton,,1937,Silkmore Lane Sports Ground,"Brocton, Staffordshire"
45,FA Cup,2024,11960,Chadderton,,,Emplas Commercial North Stadium,"Chadderton, Greater Manchester"
45,FA Cup,2024,11968,Crook Town AFC,,,Sir Tom Cowie Millfield Ground,"Crook, County Durham"
45,FA Cup,2024,11974,Epsom & Ewell FC,,,High Road,"Chipstead, Surrey"
45,FA Cup,2024,11983,Harrowby United,,,Fruehauf Stadium,Grantham
45,FA Cup,2024,11986,Heaton Stannington,,1910,Grounsell Park,Newcastle upon Tyne
45,FA Cup,2024,11989,Hinckley AFC,,2014,Crown Skip Hire Stadium,"Barwell, Leicestershire"
45,FA Cup,2024,11991,Holmesdale,,,Oakley Road,London
45,FA Cup,2024,11993,Holyport,,,Summerleaze Village Ground,"Maidenhead, Berkshire"
45,FA Cup,2024,11996,Ipswich Wanderers,,1980,GBS Stadium,"Ipswich, Suffolk"
45,FA Cup,2024,11998,Littlehampton Town,,1896,The Sportsfield,"Littlehampton, West Sussex"
45,FA Cup,2024,12004,Milton United,,,Potash Lane Ground,"Milton Heights, Oxfordshire"
45,FA Cup,2024,12013,Parkgate,,1969,Parkgate Sports & Social Club,"Rotherham, South Yorkshire"
45,FA Cup,2024,12015,Petersfield Town,,1993,The Southdowns Builders Stadium,"Petersfield, Hampshire"
45,FA Cup,2024,12021,Risborough Rangers,,1970,Windsor Playing Fields,"Princes Risborough, Buckinghamshire"
45,FA Cup,2024,12026,Sherborne Town,,1894,The GMS Windows Arena,"Sherborne, Dorset"
45,FA Cup,2024,12027,Shirebrook Town,,1985,Langwith Road Ground,"Shirebrook, Derbyshire"
45,FA Cup,2024,12028,Sileby Rangers,,,O'Riordan Bond Stadium,"Northampton, Northamptonshire"
45,FA Cup,2024,12040,Welton Rovers,,,West Clewes,Midsomer Norton
45,FA Cup,2024,12041,West Allotment Celtic,,,Craik Park,"Morpeth, Northumberland"
45,FA Cup,2024,12044,Wincanton Town,,1890,Wincanton Sports Ground,Wincanton
45,FA Cup,2024,12049,Alton Town,,1991,The Exclusive Networks Stadium,"Alton, Hampshire"
45,FA Cup,2024,12057,Corsham Town,,,Southbank,"Corsham, Wiltshire"
45,FA Cup,2024,12060,Downton,,1905,The Brian Whitehead Sports Ground,"Downton, Wiltshire"
45,FA Cup,2024,12061,Dudley Town,,1888,Guardian Warehousing Arena,"Willenhall, West Midlands"
45,FA Cup,2024,12065,Ilfracombe Town,,,Marlborough Park,"Ilfracombe, Devonshire"
45,FA Cup,2024,12078,Studley,,1971,The Beehive,"Studley, Warwickshire"
45,FA Cup,2024,12080,Torpoint Athletic,,1887,The Mill,"Torpoint, Cornwall"
45,FA Cup,2024,12082,Wellington,,1968,The Playing Field Wellington,"Wellington, Somerset"
45,FA Cup,2024,12091,Cheadle Town,,1961,The Ground Up Solutions Stadium,"Stockport, Greater Mancheste"
45,FA Cup,2024,12101,Hucknall Town,,1945,RM Stadium,"Hucknall, Nottinghamshire"
45,FA Cup,2024,12104,London Lions,,1995,Rowley Lane,London
45,FA Cup,2024,12106,Oldland Abbotonians,,,Aitchison Playing Field,Oldland Common
45,FA Cup,2024,12110,Sandhurst Town,,,The SB Stadium,"Sandhurst, Berkshire"
45,FA Cup,2024,12112,St Blazey,,,Blaise Park,"St Blazey, Cornwall"
45,FA Cup,2024,12116,Tow Law Town,,,Ironworks Road,"Tow Law, County Durham"
45,FA Cup,2024,12126,Birtley Town,,,The Birtley Sports Complex,"Birtley, Tyne and Wear"
45,FA Cup,2024,12147,Rossington Main,,,Kalkut’s Community Stadium,"Doncaster, South Yorkshire"
45,FA Cup,2024,12149,Shifnal Town FC,,,The Acoustafoam Stadium,"Shifnal, Shropshire"
45,FA Cup,2024,14406,Benfleet,,,The Steves Taxis Stadium,"Canvey Island, Essex"
45,FA Cup,2024,14411,Hashtag United,,2016,Parkside Stadium,"Aveley, Essex"
45,FA Cup,2024,14412,Helston Athletic,,1896,Kellaway Park,"Helston, Cornwall"
45,FA Cup,2024,14413,Kennington,,,The Homelands,"Ashford, Kent"
45,FA Cup,2024,14414,Little Oakley,,,Memorial Ground Little Oakley,"Little Oakley, Essex"
45,FA Cup,2024,14418,Newark Flowserve,,1901,Fruehauf Stadium,Grantham
45,FA Cup,2024,14424,Stansfeld,,,The Artic Stadium,London
45,FA Cup,2024,14428,Wythenshawe Amateurs,,1946,Altrincham Road,"Manchester, Cheshire"
45,FA Cup,2024,14429,Highgate United,,1948,The Coppice,"Solihull, West Midlands"
45,FA Cup,2024,14450,OJM Black Country,,2020,Hillcrest Avenue,"Dudley, West Midlands"
45,FA Cup,2024,16983,Athletic Newham,,,Terence MacMillan Stadium,London
45,FA Cup,2024,16984,Brixham,,,MoreSeaFood Ground,"Brixham, Devonshire"
45,FA Cup,2024,16985,Eastwood Community,,2014,Coronation Park,"Eastwood, Nottinghamshire"
45,FA Cup,2024,16989,Lakenheath,,,The Nest Lakenheath,"Lakenheath, Suffolk"
45,FA Cup,2024,16990,Milton Keynes Irish,,2020,The Irish Centre,"Milton Keynes, Buckinghamshire"
45,FA Cup,2024,16991,Mousehole,,,Interiora Trungle Parc,"Paul, Cornwall"
45,FA Cup,2024,16992,North Ferriby,,,The Dransfield Stadium,"North Ferriby, East Yorkshire"
45,FA Cup,2024,16993,Prestwich Heys,,,Adie Moran Park,"Prestwich, Greater Manchester"
45,FA Cup,2024,16994,Redcar Athletic,,,Green Lane,"Redcar, North Yorkshire"
45,FA Cup,2024,16995,Skegness Town,,,Vertigo Stadium,"Skegness, Lincolnshire"
45,FA Cup,2024,16997,Uttoxeter Town,,1983,Oldfields Sports Ground,Uttoxeter
45,FA Cup,2024,16998,Wythenshawe Town,,1946,Ericstan Park,Manchester
45,FA Cup,2024,17044,Golcar United,,1904,Skye Direct Stadium,"Golcar, West Yorkshire"
45,FA Cup,2024,17078,Rayners Lane,,,Rayners Lane,London
45,FA Cup,2024,19265,Roffey,,,Bartholomew Way,"Horsham, West Sussex"
45,FA Cup,2024,19548,Belper United,,,Coronation Park,"Eastwood, Nottinghamshire"
45,FA Cup,2024,19549,Buckhurst Hill,,,Myrak Park,"Buckhurst Hill, Essex"
45,FA Cup,2024,19550,Carlisle City,,,Gillford Park Stadium,"Carlisle, Cumbria"
45,FA Cup,2024,19551,Darlaston Town,,1874,The Paycare Ground,"Darlaston, West Midlands"
45,FA Cup,2024,19552,Falmouth Town,,,Bickland Park,Falmouth
45,FA Cup,2024,19553,Hereford Pegasus,,1955,Old School Lane,"Hereford, Herefordshire"
45,FA Cup,2024,19554,Hilltop,,,The Middlesex Stadium,"Ruislip, Middlesex"
45,FA Cup,2024,19555,Kimberley Miners Welfare,,1926,The Stag Ground,Nottingham
45,FA Cup,2024,19556,Laverstock & Ford,,,The Dell,"Salisbury, Wiltshire"
45,FA Cup,2024,19557,Midhurst & Easebourne,,,The Rotherfield,"Midhurst, West Sussex"
45,FA Cup,2024,19558,Shefford Town & Campton,,,Shefford Sports Club,"Shefford, Bedfordshire"
45,FA Cup,2024,19560,Worcester Raiders,,2001,DOADC Stadium,"Worcester, Worcestershire"
45,FA Cup,2024,19835,Sheringham,,1897,Weybourne Road,"Sheringham, Norfolk"
45,FA Cup,2024,21700,Ashby Ivanhoe,,1948,The Element Ground,Ashby-de-la-Zouch
45,FA Cup,2024,21701,Aylestone Park,,,Linwood Playing Fields,"Leicester, Leicestershire"
45,FA Cup,2024,21702,Boro Rangers,,,Phoenix Park,Middlesbrough
45,FA Cup,2024,21703,Downham Town,,,Memorial Field,"Downham Market, Norfolk"
45,FA Cup,2024,21704,Frenford,,,The Jack Carter Centre,"Ilford, Greater London"
45,FA Cup,2024,21705,Harleston Town,,,The Recreation Ground,"Harleston, Norfolk"
45,FA Cup,2024,21706,Hartpury University,,,4ED Hartpury Stadium with Vodafone,"Gloucester, Gloucestershire"
45,FA Cup,2024,21707,Heacham,,,Station Road,"King&apos;s Lynn, Norfolk"
45,FA Cup,2024,21708,Lydd Town,,1885,The Lindsey Field,"Lydd, Kent"
45,FA Cup,2024,21709,Nailsea & Tickenham,,2015,Fryth Way,"Nailsea, Somerset"
45,FA Cup,2024,21711,Pilkington,,,PSD Stadium,Saint Helens
45,FA Cup,2024,21712,Real Bedford,,,McMullen Park,"Cardington, Bedfordshire"
45,FA Cup,2024,21713,Rugby Borough,,2017,Rugby Borough Sports Trust,"Rugby, Warwickshire"
45,FA Cup,2024,21714,Snodland Town,,,Potyn's Sports Field,"Snodland, Kent"
45,FA Cup,2024,21715,Stockport Town,,2014,Life Leisure Stockport Sports Village,"Stockport, Greater Manchester"
45,FA Cup,2024,21716,Wallingford & Crowmarsh,,2022,Wallingford Sports Park,"Wallingford, Oxfordshire"
45,FA Cup,2024,24331,Amersham Town,,1890,Spratley's Meadow,"Amersham, Buckinghamshire"
45,FA Cup,2024,24332,Berks County,,,Ascot Racecourse,"Ascot, Berkshire"
45,FA Cup,2024,24333,Beverley Town,,,Norwood Recreation Ground,"Beverley, East Yorkshire"
45,FA Cup,2024,24334,Blyth Town,,,Gateway Park,"Blyth, Northumberland"
45,FA Cup,2024,24335,Bourne Town,,,Abbey Lawn,"Bourne, Lincolnshire"
45,FA Cup,2024,24336,British Airways,,,The Orchard,London
45,FA Cup,2024,24337,Cornard United,,,Blackhouse Lane,"Great Cornard, Suffolk"
45,FA Cup,2024,24338,Easington Colliery,,1980,Welfare Park,"Easington, County Durham"
45,FA Cup,2024,24339,Hamworthy Recreation,,1948,The BJM Stadium,"Bournemouth, Dorset"
45,FA Cup,2024,24340,Ivybridge Town,,,Erme Valley,"Ivybridge, Devon"
45,FA Cup,2024,24341,Larkfield & New Hythe,,1961,Larkfield & New Hythe Wanderers Ground,"Larkfield, Kent"
45,FA Cup,2024,24342,Millbrook FC,,,Test Park Sports Ground,"Southampton, Hampshire"
45,FA Cup,2024,24343,Newark Town,,,YMCA Newark and Sherwood Community and Activity Village,"Newark, Nottinghamshire"
45,FA Cup,2024,24344,Newcastle Blue Star,,,Scotswood Ground,"Newcastle, Tyne and Wear"
45,FA Cup,2024,24345,Pershore Town,,1988,Community Stadium,"Pershore, Worcestershire"
45,FA Cup,2024,24346,Portishead Town,,1912,Bristol Road,Bristol
45,FA Cup,2024,24347,South Liverpool,,1935,Jericho Lane Sports Hub,"Liverpool, Merseyside"
45,FA Cup,2024,24348,Sporting Club Inkberrow,,1978,The Inkberrow Recreation Ground,"Inkberrow, Worcestershire"
45,FA Cup,2024,24349,St Helens,,2014,SMS Pro Soccer Park,"Saint Helens, Merseyside"
45,FA Cup,2024,24350,Wick,,2016,Crabtree Park,Wick
45,FA Cup,2024,24351,Wormley Rovers,,,Wormley Playing Fields,"Wormley, Hertfordshire"
45,FA Cup,2024,24354,AFC Whyteleafe,,2021,Church Road,"Whyteleafe, Surrey"
45,FA Cup,2024,24355,Boston Town,,1964,Mortgages For You Stadium,"Boston, Lincolnshire"
45,FA Cup,2024,25122,Wokingham Town,,1875,Lowther Road,"Wokingham, Berkshire"
48,EFL Cup,2022,33,Manchester United,MUN,1878,Old Trafford,Manchester
48,EFL Cup,2022,34,Newcastle,NEW,1892,St. James' Park,Newcastle upon Tyne
48,EFL Cup,2022,35,Bournemouth,BOU,1899,Vitality Stadium,"Bournemouth, Dorset"
48,EFL Cup,2022,36,Fulham,FUL,1879,Craven Cottage,London
48,EFL Cup,2022,37,Huddersfield,HUD,1908,John Smith's Stadium,"Huddersfield, West Yorkshire"
48,EFL Cup,2022,38,Watford,WAT,1881,Vicarage Road,Watford
48,EFL Cup,2022,39,Wolves,WOL,1877,Molineux Stadium,"Wolverhampton, West Midlands"
48,EFL Cup,2022,40,Liverpool,LIV,1892,Anfield,Liverpool
48,EFL Cup,2022,41,Southampton,SOU,1885,St. Mary's Stadium,"Southampton, Hampshire"
48,EFL Cup,2022,42,Arsenal,ARS,1886,Emirates Stadium,London
48,EFL Cup,2022,43,Cardiff,CAR,1889,Cardiff City Stadium,Caerdydd
48,EFL Cup,2022,44,Burnley,BUR,1882,Turf Moor,Burnley
48,EFL Cup,2022,45,Everton,EVE,1878,Hill Dickinson Stadium,"Liverpool, Merseyside"
48,EFL Cup,2022,46,Leicester,LEI,1884,King Power Stadium,"Leicester, Leicestershire"
48,EFL Cup,2022,47,Tottenham,TOT,1882,Tottenham Hotspur Stadium,London
48,EFL Cup,2022,48,West Ham,WES,1895,London Stadium,London
48,EFL Cup,2022,49,Chelsea,CHE,1905,Stamford Bridge,London
48,EFL Cup,2022,50,Manchester City,MCI,1880,Etihad Stadium,Manchester
48,EFL Cup,2022,51,Brighton,BRI,1901,American Express Stadium,"Falmer, East Sussex"
48,EFL Cup,2022,52,Crystal Palace,CRY,1861,Selhurst Park,London
48,EFL Cup,2022,53,Reading,REA,1871,Select Car Leasing Stadium,"Reading, Berkshire"
48,EFL Cup,2022,54,Birmingham,BIR,1875,St Andrew's Stadium,Birmingham
48,EFL Cup,2022,55,Brentford,BRE,1889,Gtech Community Stadium,"Brentford, Middlesex"
48,EFL Cup,2022,56,Bristol City,BRI,1894,Ashton Gate Stadium,Bristol
48,EFL Cup,2022,57,Ipswich,IPS,1878,Portman Road,"Ipswich, Suffolk"
48,EFL Cup,2022,58,Millwall,MIL,1885,The Den,London
48,EFL Cup,2022,59,Preston,PRE,1863,Deepdale,Preston
48,EFL Cup,2022,60,West Brom,WES,1878,The Hawthorns,West Bromwich
48,EFL Cup,2022,61,Wigan,WIG,1932,DW Stadium,Wigan
48,EFL Cup,2022,62,Sheffield Utd,SHE,1889,Bramall Lane,Sheffield
48,EFL Cup,2022,63,Leeds,LEE,1919,Elland Road,"Leeds, West Yorkshire"
48,EFL Cup,2022,64,Hull City,HUL,1904,The MKM Stadium,Hull
48,EFL Cup,2022,65,Nottingham Forest,NOT,1865,The City Ground,"Nottingham, Nottinghamshire"
48,EFL Cup,2022,66,Aston Villa,AST,1874,Villa Park,Birmingham
48,EFL Cup,2022,67,Blackburn,BLA,1875,Ewood Park,"Blackburn, Lancashire"
48,EFL Cup,2022,68,Bolton,BOL,1874,Toughsheet Community Stadium,Bolton
48,EFL Cup,2022,69,Derby,DER,1884,Pride Park Stadium,Derby
48,EFL Cup,2022,70,Middlesbrough,MID,1876,Riverside Stadium,Middlesbrough
48,EFL Cup,2022,71,Norwich,NOR,1902,Carrow Road,"Norwich, Norfolk"
48,EFL Cup,2022,72,QPR,QPR,1885,MATRADE Loftus Road,London
48,EFL Cup,2022,73,Rotherham,ROT,1870,AESSEAL New York Stadium,"Rotherham, South Yorkshire"
48,EFL Cup,2022,74,Sheffield Wednesday,SHE,1867,Hillsborough,Sheffield
48,EFL Cup,2022,75,Stoke City,STO,1868,bet365 Stadium,"Stoke-on-Trent, Staffordshire"
48,EFL Cup,2022,76,Swansea,SWA,1912,Swansea.com Stadium,Swansea
48,EFL Cup,2022,746,Sunderland,SUN,1879,Stadium of Light,Sunderland
48,EFL Cup,2022,747,Barnsley,BAR,1887,Oakwell,"Barnsley, South Yorkshire"
48,EFL Cup,2022,748,Burton Albion,BUR,1950,Pirelli Stadium,"Burton-upon-Trent, Staffordshire"
48,EFL Cup,2022,1333,AFC Wimbledon,WIM,2002,The Cherry Red Records Stadium,London
48,EFL Cup,2022,1334,Bristol Rovers,BRI,1883,Memorial Stadium,"Bristol, Gloucestershire"
48,EFL Cup,2022,1335,Charlton,CHA,1905,The Valley,London
48,EFL Cup,2022,1336,Fleetwood Town,FLE,1908,Highbury Stadium,"Fleetwood, Lancashire"
48,EFL Cup,2022,1337,Northampton,NOR,1897,Sixfields Stadium,"Northampton, East Midlands"
48,EFL Cup,2022,1338,Oxford United,OXF,1893,The Kassam Stadium,"Oxford, Oxfordshire"
48,EFL Cup,2022,1339,Rochdale,ROC,1907,Crown Oil Arena,"Rochdale, Greater Manchester"
48,EFL Cup,2022,1342,Walsall,WAL,1888,Poundland Bescot Stadium,"Walsall, West Midlands"
48,EFL Cup,2022,1343,Bradford,BRA,1903,University of Bradford Stadium,"Bradford, West Yorkshire"
48,EFL Cup,2022,1346,Coventry,COV,1883,The Coventry Building Society Arena,"Coventry, West Midlands"
48,EFL Cup,2022,1347,Gillingham,GIL,1893,Priestfield Stadium,"Gillingham, Kent"
48,EFL Cup,2022,1348,Milton Keynes Dons,MIL,2004,Stadium mk,"Milton Keynes, Buckinghamshire"
48,EFL Cup,2022,1350,Peterborough,PET,1934,Weston Homes Stadium,Peterborough
48,EFL Cup,2022,1351,Port Vale,POR,1876,Vale Park,"Stoke-on-Trent, Staffordshire"
48,EFL Cup,2022,1352,Shrewsbury,SHR,1886,The Croud Meadow,"Shrewsbury, Shropshire"
48,EFL Cup,2022,1353,Swindon Town,SWI,1879,The County Ground,"Swindon, Wiltshire"
48,EFL Cup,2022,1354,Doncaster,DON,1879,Eco-Power Stadium,"Doncaster, South Yorkshire"
48,EFL Cup,2022,1355,Portsmouth,POR,1898,Fratton Park,Portsmouth
48,EFL Cup,2022,1356,Blackpool,BLA,1887,Bloomfield Road,"Blackpool, Lancashire"
48,EFL Cup,2022,1357,Plymouth,PLY,1886,Home Park,Plymouth
48,EFL Cup,2022,1358,Wycombe,WYC,1887,Adams Park,"High Wycombe, Buckinghamshire"
48,EFL Cup,2022,1359,Luton,LUT,1885,Kenilworth Road,"Luton, Bedfordshire"
48,EFL Cup,2022,1360,Accrington ST,ACC,1891,Wham Stadium,"Accrington, Lancashire"
48,EFL Cup,2022,1361,Colchester,COL,1937,JobServe Community Stadium,"Colchester, Essex"
48,EFL Cup,2022,1362,Crawley Town,CRA,1896,Broadfield Stadium,"Crawley, West Sussex"
48,EFL Cup,2022,1363,Crewe,CRE,1877,Mornflake Stadium,"Crewe, Cheshire"
48,EFL Cup,2022,1364,Exeter City,EXE,1904,St James Park,"Exeter, Devon"
48,EFL Cup,2022,1365,Grimsby,GRI,1878,Blundell Park,"Cleethorpes, North East Lincolnshire"
48,EFL Cup,2022,1366,Hartlepool,HAR,1908,The Suit Direct Stadium,"Hartlepool, County Durham"
48,EFL Cup,2022,1367,Newport County,NEW,1989,Rodney Parade,Casnewydd
48,EFL Cup,2022,1368,Stevenage,STE,1976,The Lamex Stadium,"Stevenage, Hertfordshire"
48,EFL Cup,2022,1370,Cambridge United,CAM,1912,Abbey Stadium,"Cambridge, Cambridgeshire"
48,EFL Cup,2022,1371,Carlisle,CAR,1903,Brunton Park,"Carlisle, Cumbria"
48,EFL Cup,2022,1372,Cheltenham,CHE,1887,Completely-Suzuki Stadium,"Cheltenham, Gloucestershire"
48,EFL Cup,2022,1373,Leyton Orient,LEY,1881,Brisbane Road,London
48,EFL Cup,2022,1374,Mansfield Town,MAN,1897,One Call Stadium,"Mansfield, Nottinghamshire"
48,EFL Cup,2022,1375,Morecambe,MOR,1920,Mazuma Stadium,"Morecambe, Lancashire"
48,EFL Cup,2022,1378,Forest Green,FOR,1890,The Bolt New Lawn,"Nailsworth, Gloucestershire"
48,EFL Cup,2022,1379,Lincoln,LNC,1884,LNER Stadium,"Lincoln, Lincolnshire"
48,EFL Cup,2022,1381,Tranmere,TRA,1884,Prenton Park,"Birkenhead, Merseyside"
48,EFL Cup,2022,1819,Barrow,BAR,1901,SO Legal Stadium,"Barrow-in-Furness, Cumbria"
48,EFL Cup,2022,1835,Sutton Utd,SUT,1898,VBS Community Stadium,"Sutton, Surrey"
48,EFL Cup,2022,1842,Harrogate Town,HAR,1914,EnviroVent Stadium,"Harrogate, North Yorkshire"
48,EFL Cup,2022,1844,Salford City,,,The Peninsula Stadium,"Salford, Greater Manchester"
48,EFL Cup,2022,4686,Stockport County,STO,1883,Edgeley Park,"Stockport, Greater Manchester"
48,EFL Cup,2023,33,Manchester United,MUN,1878,Old Trafford,Manchester
48,EFL Cup,2023,34,Newcastle,NEW,1892,St. James' Park,Newcastle upon Tyne
48,EFL Cup,2023,35,Bournemouth,BOU,1899,Vitality Stadium,"Bournemouth, Dorset"
48,EFL Cup,2023,36,Fulham,FUL,1879,Craven Cottage,London
48,EFL Cup,2023,37,Huddersfield,HUD,1908,John Smith's Stadium,"Huddersfield, West Yorkshire"
48,EFL Cup,2023,38,Watford,WAT,1881,Vicarage Road,Watford
48,EFL Cup,2023,39,Wolves,WOL,1877,Molineux Stadium,"Wolverhampton, West Midlands"
48,EFL Cup,2023,40,Liverpool,LIV,1892,Anfield,Liverpool
48,EFL Cup,2023,41,Southampton,SOU,1885,St. Mary's Stadium,"Southampton, Hampshire"
48,EFL Cup,2023,42,Arsenal,ARS,1886,Emirates Stadium,London
48,EFL Cup,2023,43,Cardiff,CAR,1889,Cardiff City Stadium,Caerdydd
48,EFL Cup,2023,44,Burnley,BUR,1882,Turf Moor,Burnley
48,EFL Cup,2023,45,Everton,EVE,1878,Hill Dickinson Stadium,"Liverpool, Merseyside"
48,EFL Cup,2023,46,Leicester,LEI,1884,King Power Stadium,"Leicester, Leicestershire"
48,EFL Cup,2023,47,Tottenham,TOT,1882,Tottenham Hotspur Stadium,London
48,EFL Cup,2023,48,West Ham,WES,1895,London Stadium,London
48,EFL Cup,2023,49,Chelsea,CHE,1905,Stamford Bridge,London
48,EFL Cup,2023,50,Manchester City,MCI,1880,Etihad Stadium,Manchester
48,EFL Cup,2023,51,Brighton,BRI,1901,American Express Stadium,"Falmer, East Sussex"
48,EFL Cup,2023,52,Crystal Palace,CRY,1861,Selhurst Park,London
48,EFL Cup,2023,53,Reading,REA,1871,Select Car Leasing Stadium,"Reading, Berkshire"
48,EFL Cup,2023,54,Birmingham,BIR,1875,St Andrew's Stadium,Birmingham
48,EFL Cup,2023,55,Brentford,BRE,1889,Gtech Community Stadium,"Brentford, Middlesex"
48,EFL Cup,2023,56,Bristol City,BRI,1894,Ashton Gate Stadium,Bristol
48,EFL Cup,2023,57,Ipswich,IPS,1878,Portman Road,"Ipswich, Suffolk"
48,EFL Cup,2023,58,Millwall,MIL,1885,The Den,London
48,EFL Cup,2023,59,Preston,PRE,1863,Deepdale,Preston
48,EFL Cup,2023,60,West Brom,WES,1878,The Hawthorns,West Bromwich
48,EFL Cup,2023,61,Wigan,WIG,1932,DW Stadium,Wigan
48,EFL Cup,2023,62,Sheffield Utd,SHE,1889,Bramall Lane,Sheffield
48,EFL Cup,2023,63,Leeds,LEE,1919,Elland Road,"Leeds, West Yorkshire"
48,EFL Cup,2023,64,Hull City,HUL,1904,The MKM Stadium,Hull
48,EFL Cup,2023,65,Nottingham Forest,NOT,1865,The City Ground,"Nottingham, Nottinghamshire"
48,EFL Cup,2023,66,Aston Villa,AST,1874,Villa Park,Birmingham
48,EFL Cup,2023,67,Blackburn,BLA,1875,Ewood Park,"Blackburn, Lancashire"
48,EFL Cup,2023,68,Bolton,BOL,1874,Toughsheet Community Stadium,Bolton
48,EFL Cup,2023,69,Derby,DER,1884,Pride Park Stadium,Derby
48,EFL Cup,2023,70,Middlesbrough,MID,1876,Riverside Stadium,Middlesbrough
48,EFL Cup,2023,71,Norwich,NOR,1902,Carrow Road,"Norwich, Norfolk"
48,EFL Cup,2023,72,QPR,QPR,1885,MATRADE Loftus Road,London
48,EFL Cup,2023,73,Rotherham,ROT,1870,AESSEAL New York Stadium,"Rotherham, South Yorkshire"
48,EFL Cup,2023,74,Sheffield Wednesday,SHE,1867,Hillsborough,Sheffield
48,EFL Cup,2023,75,Stoke City,STO,1868,bet365 Stadium,"Stoke-on-Trent, Staffordshire"
48,EFL Cup,2023,76,Swansea,SWA,1912,Swansea.com Stadium,Swansea
48,EFL Cup,2023,746,Sunderland,SUN,1879,Stadium of Light,Sunderland
48,EFL Cup,2023,747,Barnsley,BAR,1887,Oakwell,"Barnsley, South Yorkshire"
48,EFL Cup,2023,748,Burton Albion,BUR,1950,Pirelli Stadium,"Burton-upon-Trent, Staffordshire"
48,EFL Cup,2023,1333,AFC Wimbledon,WIM,2002,The Cherry Red Records Stadium,London
48,EFL Cup,2023,1334,Bristol Rovers,BRI,1883,Memorial Stadium,"Bristol, Gloucestershire"
48,EFL Cup,2023,1335,Charlton,CHA,1905,The Valley,London
48,EFL Cup,2023,1336,Fleetwood Town,FLE,1908,Highbury Stadium,"Fleetwood, Lancashire"
48,EFL Cup,2023,1337,Northampton,NOR,1897,Sixfields Stadium,"Northampton, East Midlands"
48,EFL Cup,2023,1338,Oxford United,OXF,1893,The Kassam Stadium,"Oxford, Oxfordshire"
48,EFL Cup,2023,1342,Walsall,WAL,1888,Poundland Bescot Stadium,"Walsall, West Midlands"
48,EFL Cup,2023,1343,Bradford,BRA,1903,University of Bradford Stadium,"Bradford, West Yorkshire"
48,EFL Cup,2023,1346,Coventry,COV,1883,The Coventry Building Society Arena,"Coventry, West Midlands"
48,EFL Cup,2023,1347,Gillingham,GIL,1893,Priestfield Stadium,"Gillingham, Kent"
48,EFL Cup,2023,1348,Milton Keynes Dons,MIL,2004,Stadium mk,"Milton Keynes, Buckinghamshire"
48,EFL Cup,2023,1350,Peterborough,PET,1934,Weston Homes Stadium,Peterborough
48,EFL Cup,2023,1351,Port Vale,POR,1876,Vale Park,"Stoke-on-Trent, Staffordshire"
48,EFL Cup,2023,1352,Shrewsbury,SHR,1886,The Croud Meadow,"Shrewsbury, Shropshire"
48,EFL Cup,2023,1353,Swindon Town,SWI,1879,The County Ground,"Swindon, Wiltshire"
48,EFL Cup,2023,1354,Doncaster,DON,1879,Eco-Power Stadium,"Doncaster, South Yorkshire"
48,EFL Cup,2023,1355,Portsmouth,POR,1898,Fratton Park,Portsmouth
48,EFL Cup,2023,1356,Blackpool,BLA,1887,Bloomfield Road,"Blackpool, Lancashire"
48,EFL Cup,2023,1357,Plymouth,PLY,1886,Home Park,Plymouth
48,EFL Cup,2023,1358,Wycombe,WYC,1887,Adams Park,"High Wycombe, Buckinghamshire"
48,EFL Cup,2023,1359,Luton,LUT,1885,Kenilworth Road,"Luton, Bedfordshire"
48,EFL Cup,2023,1360,Accrington ST,ACC,1891,Wham Stadium,"Accrington, Lancashire"
48,EFL Cup,2023,1361,Colchester,COL,1937,JobServe Community Stadium,"Colchester, Essex"
48,EFL Cup,2023,1362,Crawley Town,CRA,1896,Broadfield Stadium,"Crawley, West Sussex"
48,EFL Cup,2023,1363,Crewe,CRE,1877,Mornflake Stadium,"Crewe, Cheshire"
48,EFL Cup,2023,1364,Exeter City,EXE,1904,St James Park,"Exeter, Devon"
48,EFL Cup,2023,1365,Grimsby,GRI,1878,Blundell Park,"Cleethorpes, North East Lincolnshire"
48,EFL Cup,2023,1367,Newport County,NEW,1989,Rodney Parade,Casnewydd
48,EFL Cup,2023,1368,Stevenage,STE,1976,The Lamex Stadium,"Stevenage, Hertfordshire"
48,EFL Cup,2023,1370,Cambridge United,CAM,1912,Abbey Stadium,"Cambridge, Cambridgeshire"
48,EFL Cup,2023,1371,Carlisle,CAR,1903,Brunton Park,"Carlisle, Cumbria"
48,EFL Cup,2023,1372,Cheltenham,CHE,1887,Completely-Suzuki Stadium,"Cheltenham, Gloucestershire"
48,EFL Cup,2023,1373,Leyton Orient,LEY,1881,Brisbane Road,London
48,EFL Cup,2023,1374,Mansfield Town,MAN,1897,One Call Stadium,"Mansfield, Nottinghamshire"
48,EFL Cup,2023,1375,Morecambe,MOR,1920,Mazuma Stadium,"Morecambe, Lancashire"
48,EFL Cup,2023,1376,Notts County,NOT,1862,Meadow Lane,"Nottingham, Nottinghamshire"
48,EFL Cup,2023,1378,Forest Green,FOR,1890,The Bolt New Lawn,"Nailsworth, Gloucestershire"
48,EFL Cup,2023,1379,Lincoln,LNC,1884,LNER Stadium,"Lincoln, Lincolnshire"
48,EFL Cup,2023,1381,Tranmere,TRA,1884,Prenton Park,"Birkenhead, Merseyside"
48,EFL Cup,2023,1819,Barrow,BAR,1901,SO Legal Stadium,"Barrow-in-Furness, Cumbria"
48,EFL Cup,2023,1835,Sutton Utd,SUT,1898,VBS Community Stadium,"Sutton, Surrey"
48,EFL Cup,2023,1837,Wrexham,WRE,1872,STōK Cae Ras,Wrecsam
48,EFL Cup,2023,1842,Harrogate Town,HAR,1914,EnviroVent Stadium,"Harrogate, North Yorkshire"
48,EFL Cup,2023,1844,Salford City,,,The Peninsula Stadium,"Salford, Greater Manchester"
48,EFL Cup,2023,4686,Stockport County,STO,1883,Edgeley Park,"Stockport, Greater Manchester"
48,EFL Cup,2024,33,Manchester United,MUN,1878,Old Trafford,Manchester
48,EFL Cup,2024,34,Newcastle,NEW,1892,St. James' Park,Newcastle upon Tyne
48,EFL Cup,2024,35,Bournemouth,BOU,1899,Vitality Stadium,"Bournemouth, Dorset"
48,EFL Cup,2024,36,Fulham,FUL,1879,Craven Cottage,London
48,EFL Cup,2024,37,Huddersfield,HUD,1908,John Smith's Stadium,"Huddersfield, West Yorkshire"
48,EFL Cup,2024,38,Watford,WAT,1881,Vicarage Road,Watford
48,EFL Cup,2024,39,Wolves,WOL,1877,Molineux Stadium,"Wolverhampton, West Midlands"
48,EFL Cup,2024,40,Liverpool,LIV,1892,Anfield,Liverpool
48,EFL Cup,2024,41,Southampton,SOU,1885,St. Mary's Stadium,"Southampton, Hampshire"
48,EFL Cup,2024,42,Arsenal,ARS,1886,Emirates Stadium,London
48,EFL Cup,2024,43,Cardiff,CAR,1889,Cardiff City Stadium,Caerdydd
48,EFL Cup,2024,44,Burnley,BUR,1882,Turf Moor,Burnley
48,EFL Cup,2024,45,Everton,EVE,1878,Hill Dickinson Stadium,"Liverpool, Merseyside"
48,EFL Cup,2024,46,Leicester,LEI,1884,King Power Stadium,"Leicester, Leicestershire"
48,EFL Cup,2024,47,Tottenham,TOT,1882,Tottenham Hotspur Stadium,London
48,EFL Cup,2024,48,West Ham,WES,1895,London Stadium,London
48,EFL Cup,2024,49,Chelsea,CHE,1905,Stamford Bridge,London
48,EFL Cup,2024,50,Manchester City,MCI,1880,Etihad Stadium,Manchester
48,EFL Cup,2024,51,Brighton,BRI,1901,American Express Stadium,"Falmer, East Sussex"
48,EFL Cup,2024,52,Crystal Palace,CRY,1861,Selhurst Park,London
48,EFL Cup,2024,53,Reading,REA,1871,Select Car Leasing Stadium,"Reading, Berkshire"
48,EFL Cup,2024,54,Birmingham,BIR,1875,St Andrew's Stadium,Birmingham
48,EFL Cup,2024,55,Brentford,BRE,1889,Gtech Community Stadium,"Brentford, Middlesex"
48,EFL Cup,2024,56,Bristol City,BRI,1894,Ashton Gate Stadium,Bristol
48,EFL Cup,2024,57,Ipswich,IPS,1878,Portman Road,"Ipswich, Suffolk"
48,EFL Cup,2024,58,Millwall,MIL,1885,The Den,London
48,EFL Cup,2024,59,Preston,PRE,1863,Deepdale,Preston
48,EFL Cup,2024,60,West Brom,WES,1878,The Hawthorns,West Bromwich
48,EFL Cup,2024,61,Wigan,WIG,1932,DW Stadium,Wigan
48,EFL Cup,2024,62,Sheffield Utd,SHE,1889,Bramall Lane,Sheffield
48,EFL Cup,2024,63,Leeds,LEE,1919,Elland Road,"Leeds, West Yorkshire"
48,EFL Cup,2024,64,Hull City,HUL,1904,The MKM Stadium,Hull
48,EFL Cup,2024,65,Nottingham Forest,NOT,1865,The City Ground,"Nottingham, Nottinghamshire"
48,EFL Cup,2024,66,Aston Villa,AST,1874,Villa Park,Birmingham
48,EFL Cup,2024,67,Blackburn,BLA,1875,Ewood Park,"Blackburn, Lancashire"
48,EFL Cup,2024,68,Bolton,BOL,1874,Toughsheet Community Stadium,Bolton
48,EFL Cup,2024,69,Derby,DER,1884,Pride Park Stadium,Derby
48,EFL Cup,2024,70,Middlesbrough,MID,1876,Riverside Stadium,Middlesbrough
48,EFL Cup,2024,71,Norwich,NOR,1902,Carrow Road,"Norwich, Norfolk"
48,EFL Cup,2024,72,QPR,QPR,1885,MATRADE Loftus Road,London
48,EFL Cup,2024,73,Rotherham,ROT,1870,AESSEAL New York Stadium,"Rotherham, South Yorkshire"
48,EFL Cup,2024,74,Sheffield Wednesday,SHE,1867,Hillsborough,Sheffield
48,EFL Cup,2024,75,Stoke City,STO,1868,bet365 Stadium,"Stoke-on-Trent, Staffordshire"
48,EFL Cup,2024,76,Swansea,SWA,1912,Swansea.com Stadium,Swansea
48,EFL Cup,2024,746,Sunderland,SUN,1879,Stadium of Light,Sunderland
48,EFL Cup,2024,747,Barnsley,BAR,1887,Oakwell,"Barnsley, South Yorkshire"
48,EFL Cup,2024,748,Burton Albion,BUR,1950,Pirelli Stadium,"Burton-upon-Trent, Staffordshire"
48,EFL Cup,2024,1333,AFC Wimbledon,WIM,2002,The Cherry Red Records Stadium,London
48,EFL Cup,2024,1334,Bristol Rovers,BRI,1883,Memorial Stadium,"Bristol, Gloucestershire"
48,EFL Cup,2024,1335,Charlton,CHA,1905,The Valley,London
48,EFL Cup,2024,1336,Fleetwood Town,FLE,1908,Highbury Stadium,"Fleetwood, Lancashire"
48,EFL Cup,2024,1337,Northampton,NOR,1897,Sixfields Stadium,"Northampton, East Midlands"
48,EFL Cup,2024,1338,Oxford United,OXF,1893,The Kassam Stadium,"Oxford, Oxfordshire"
48,EFL Cup,2024,1342,Walsall,WAL,1888,Poundland Bescot Stadium,"Walsall, West Midlands"
48,EFL Cup,2024,1343,Bradford,BRA,1903,University of Bradford Stadium,"Bradford, West Yorkshire"
48,EFL Cup,2024,1345,Chesterfield,CHE,1867,SMH Group Stadium,"Chesterfield, Derbyshire"
48,EFL Cup,2024,1346,Coventry,COV,1883,The Coventry Building Society Arena,"Coventry, West Midlands"
48,EFL Cup,2024,1347,Gillingham,GIL,1893,Priestfield Stadium,"Gillingham, Kent"
48,EFL Cup,2024,1348,Milton Keynes Dons,MIL,2004,Stadium mk,"Milton Keynes, Buckinghamshire"
48,EFL Cup,2024,1350,Peterborough,PET,1934,Weston Homes Stadium,Peterborough
48,EFL Cup,2024,1351,Port Vale,POR,1876,Vale Park,"Stoke-on-Trent, Staffordshire"
48,EFL Cup,2024,1352,Shrewsbury,SHR,1886,The Croud Meadow,"Shrewsbury, Shropshire"
48,EFL Cup,2024,1353,Swindon Town,SWI,1879,The County Ground,"Swindon, Wiltshire"
48,EFL Cup,2024,1354,Doncaster,DON,1879,Eco-Power Stadium,"Doncaster, South Yorkshire"
48,EFL Cup,2024,1355,Portsmouth,POR,1898,Fratton Park,Portsmouth
48,EFL Cup,2024,1356,Blackpool,BLA,1887,Bloomfield Road,"Blackpool, Lancashire"
48,EFL Cup,2024,1357,Plymouth,PLY,1886,Home Park,Plymouth
48,EFL Cup,2024,1358,Wycombe,WYC,1887,Adams Park,"High Wycombe, Buckinghamshire"
48,EFL Cup,2024,1359,Luton,LUT,1885,Kenilworth Road,"Luton, Bedfordshire"
48,EFL Cup,2024,1360,Accrington ST,ACC,1891,Wham Stadium,"Accrington, Lancashire"
48,EFL Cup,2024,1361,Colchester,COL,1937,JobServe Community Stadium,"Colchester, Essex"
48,EFL Cup,2024,1362,Crawley Town,CRA,1896,Broadfield Stadium,"Crawley, West Sussex"
48,EFL Cup,2024,1363,Crewe,CRE,1877,Mornflake Stadium,"Crewe, Cheshire"
48,EFL Cup,2024,1364,Exeter City,EXE,1904,St James Park,"Exeter, Devon"
48,EFL Cup,2024,1365,Grimsby,GRI,1878,Blundell Park,"Cleethorpes, North East Lincolnshire"
48,EFL Cup,2024,1367,Newport County,NEW,1989,Rodney Parade,Casnewydd
48,EFL Cup,2024,1368,Stevenage,STE,1976,The Lamex Stadium,"Stevenage, Hertfordshire"
48,EFL Cup,2024,1370,Cambridge United,CAM,1912,Abbey Stadium,"Cambridge, Cambridgeshire"
48,EFL Cup,2024,1371,Carlisle,CAR,1903,Brunton Park,"Carlisle, Cumbria"
48,EFL Cup,2024,1372,Cheltenham,CHE,1887,Completely-Suzuki Stadium,"Cheltenham, Gloucestershire"
48,EFL Cup,2024,1373,Leyton Orient,LEY,1881,Brisbane Road,London
48,EFL Cup,2024,1374,Mansfield Town,MAN,1897,One Call Stadium,"Mansfield, Nottinghamshire"
48,EFL Cup,2024,1375,Morecambe,MOR,1920,Mazuma Stadium,"Morecambe, Lancashire"
48,EFL Cup,2024,1376,Notts County,NOT,1862,Meadow Lane,"Nottingham, Nottinghamshire"
48,EFL Cup,2024,1379,Lincoln,LNC,1884,LNER Stadium,"Lincoln, Lincolnshire"
48,EFL Cup,2024,1381,Tranmere,TRA,1884,Prenton Park,"Birkenhead, Merseyside"
48,EFL Cup,2024,1819,Barrow,BAR,1901,SO Legal Stadium,"Barrow-in-Furness, Cumbria"
48,EFL Cup,2024,1832,Bromley,BRO,1892,RELOC8 EM Community Stadium,London
48,EFL Cup,2024,1837,Wrexham,WRE,1872,STōK Cae Ras,Wrecsam
48,EFL Cup,2024,1842,Harrogate Town,HAR,1914,EnviroVent Stadium,"Harrogate, North Yorkshire"
48,EFL Cup,2024,1844,Salford City,,,The Peninsula Stadium,"Salford, Greater Manchester"
48,EFL Cup,2024,4686,Stockport County,STO,1883,Edgeley Park,"Stockport, Greater Manchester"
61,Ligue 1,2024,77,Angers,ANG,1919,Stade Raymond-Kopa,Angers
61,Ligue 1,2024,79,Lille,LIL,1944,Decathlon Arena - Stade Pierre-Mauroy,Villeneuve d&apos;Ascq
61,Ligue 1,2024,80,Lyon,LYO,1950,Groupama Stadium,Décines-Charpieu
61,Ligue 1,2024,81,Marseille,MAR,1899,Stade Orange Vélodrome,Marseille
61,Ligue 1,2024,82,Montpellier,MON,1974,Stade de la Mosson-Mondial 98,Montpellier
61,Ligue 1,2024,83,Nantes,NAN,1943,Stade de la Beaujoire - Louis Fonteneau,Nantes
61,Ligue 1,2024,84,Nice,NIC,1904,Allianz Riviera,Nice
61,Ligue 1,2024,85,Paris Saint Germain,PSG,1970,Parc des Princes,Paris
61,Ligue 1,2024,91,Monaco,MON,1919,Stade Louis-II,Monaco
61,Ligue 1,2024,93,Reims,REI,1909,Stade Auguste-Delaune,Reims
61,Ligue 1,2024,94,Rennes,REN,1901,Roazhon Park,Rennes
61,Ligue 1,2024,95,Strasbourg,STR,1906,Stade de la Meinau,Strasbourg
61,Ligue 1,2024,96,Toulouse,TOU,1937,Stadium de Toulouse,Toulouse
61,Ligue 1,2024,106,Stade Brestois 29,BRE,1950,Stade Francis-Le Blé,Brest
61,Ligue 1,2024,108,Auxerre,AUX,1905,Stade de l'Abbé Deschamps,Auxerre
61,Ligue 1,2024,111,Le Havre,HAV,1872,Stade Océane,Le Havre
61,Ligue 1,2024,112,Metz,MET,1932,Stade Saint-Symphorien,Longeville-lès-Metz
61,Ligue 1,2024,116,Lens,LEN,1906,Stade Bollaert-Delelis,Lens
61,Ligue 1,2024,1063,Saint Etienne,ETI,1920,Stade Geoffroy-Guichard,Saint-Ètienne
62,Ligue 2,2022,78,Bordeaux,BOR,1881,Stade Matmut-Atlantique,Bordeaux
62,Ligue 2,2022,87,Amiens,AMI,1901,Stade Crédit Agricole de la Licorne,Amiens
62,Ligue 2,2022,88,Caen,CAE,1897,Stade Michel d'Ornano,Caen
62,Ligue 2,2022,89,Dijon,DIJ,1936,Stade Gaston-Gérard,Dijon
62,Ligue 2,2022,90,Guingamp,GUI,1912,Stade du Roudourou,Guingamp
62,Ligue 2,2022,92,Nimes,NIM,1937,Stade des Antonins,Nîmes
62,Ligue 2,2022,101,Grenoble,GRE,1917,Stade des Alpes,Grenoble
62,Ligue 2,2022,105,Valenciennes,VAL,1913,Stade du Hainaut,Valenciennes
62,Ligue 2,2022,111,Le Havre,HAV,1872,Stade Océane,Le Havre
62,Ligue 2,2022,112,Metz,MET,1932,Stade Saint-Symphorien,Longeville-lès-Metz
62,Ligue 2,2022,113,Niort,NIO,1925,Stade René Gaillard,Niort
62,Ligue 2,2022,114,Paris FC,PAR,1969,Stade Charléty,Paris
62,Ligue 2,2022,115,Sochaux,SOC,1928,Stade Auguste-Bonal,Montbéliard
62,Ligue 2,2022,431,Quevilly,QUE,1902,Stade Robert Diochon,Le Petit-Quevilly
62,Ligue 2,2022,433,Laval,LAV,1902,Stade Francis Le Basser,Laval
62,Ligue 2,2022,1063,Saint Etienne,ETI,1920,Stade Geoffroy-Guichard,Saint-Ètienne
62,Ligue 2,2022,1297,PAU,PAU,1904,Stade Nouste Camp,Bizanos
62,Ligue 2,2022,1301,Rodez,ROD,1929,Stade Paul Lignon,Rodez
62,Ligue 2,2022,1305,Bastia,BAS,1905,Stade Armand-Césari,Furiani
62,Ligue 2,2022,3012,Annecy,,1927,Parc des Sports,Annecy
62,Ligue 2,2023,77,Angers,ANG,1919,Stade Raymond-Kopa,Angers
62,Ligue 2,2023,78,Bordeaux,BOR,1881,Stade Matmut-Atlantique,Bordeaux
62,Ligue 2,2023,87,Amiens,AMI,1901,Stade Crédit Agricole de la Licorne,Amiens
62,Ligue 2,2023,88,Caen,CAE,1897,Stade Michel d'Ornano,Caen
62,Ligue 2,2023,90,Guingamp,GUI,1912,Stade du Roudourou,Guingamp
62,Ligue 2,2023,98,Ajaccio,AJA,1910,Stade Michel-Moretti,Ajaccio
62,Ligue 2,2023,101,Grenoble,GRE,1917,Stade des Alpes,Grenoble
62,Ligue 2,2023,105,Valenciennes,VAL,1913,Stade du Hainaut,Valenciennes
62,Ligue 2,2023,108,Auxerre,AUX,1905,Stade de l'Abbé Deschamps,Auxerre
62,Ligue 2,2023,110,Estac Troyes,TRO,1986,Stade de l'Aube,Troyes
62,Ligue 2,2023,114,Paris FC,PAR,1969,Stade Charléty,Paris
62,Ligue 2,2023,431,Quevilly,QUE,1902,Stade Robert Diochon,Le Petit-Quevilly
62,Ligue 2,2023,433,Laval,LAV,1902,Stade Francis Le Basser,Laval
62,Ligue 2,2023,1063,Saint Etienne,ETI,1920,Stade Geoffroy-Guichard,Saint-Ètienne
62,Ligue 2,2023,1297,PAU,PAU,1904,Stade Nouste Camp,Bizanos
62,Ligue 2,2023,1300,Concarneau,CON,1911,Stade Francis-Le Blé,Brest
62,Ligue 2,2023,1301,Rodez,ROD,1929,Stade Paul Lignon,Rodez
62,Ligue 2,2023,1304,Dunkerque,DUN,0,Stade Marcel-Tribut,Dunkerque
62,Ligue 2,2023,1305,Bastia,BAS,1905,Stade Armand-Césari,Furiani
62,Ligue 2,2023,3012,Annecy,,1927,Parc des Sports,Annecy
62,Ligue 2,2024,87,Amiens,AMI,1901,Stade Crédit Agricole de la Licorne,Amiens
62,Ligue 2,2024,88,Caen,CAE,1897,Stade Michel d'Ornano,Caen
62,Ligue 2,2024,90,Guingamp,GUI,1912,Stade du Roudourou,Guingamp
62,Ligue 2,2024,97,Lorient,LOR,1926,Stade du Moustoir - Yves Allainmat,Lorient
62,Ligue 2,2024,98,Ajaccio,AJA,1910,Stade Michel-Moretti,Ajaccio
62,Ligue 2,2024,99,Clermont Foot,CLE,1990,Stade Gabriel-Montpied,Clermont-Ferrand
62,Ligue 2,2024,101,Grenoble,GRE,1917,Stade des Alpes,Grenoble
62,Ligue 2,2024,104,RED Star FC 93,STA,1897,Stade de Paris (Stade Bauer),Saint-Ouen
62,Ligue 2,2024,110,Estac Troyes,TRO,1986,Stade de l'Aube,Troyes
62,Ligue 2,2024,112,Metz,MET,1932,Stade Saint-Symphorien,Longeville-lès-Metz
62,Ligue 2,2024,114,Paris FC,PAR,1969,Stade Charléty,Paris
62,Ligue 2,2024,433,Laval,LAV,1902,Stade Francis Le Basser,Laval
62,Ligue 2,2024,1297,PAU,PAU,1904,Stade Nouste Camp,Bizanos
62,Ligue 2,2024,1299,Boulogne,BOU,1898,Stade de la Libération,Boulogne-sur-Mer
62,Ligue 2,2024,1301,Rodez,ROD,1929,Stade Paul Lignon,Rodez
62,Ligue 2,2024,1304,Dunkerque,DUN,0,Stade Marcel-Tribut,Dunkerque
62,Ligue 2,2024,1305,Bastia,BAS,1905,Stade Armand-Césari,Furiani
62,Ligue 2,2024,3012,Annecy,,1927,Parc des Sports,Annecy
62,Ligue 2,2024,3200,Martigues,MAR,1921,Stade Francis Turcan,Martigues
79,2. Bundesliga,2022,158,Fortuna Düsseldorf,DUS,1895,Düsseldorf Arena,Düsseldorf
79,2. Bundesliga,2022,166,Hannover 96,HAN,1896,Heinz von Heiden-Arena,Hannover
79,2. Bundesliga,2022,171,1. FC Nürnberg,NUR,1900,Max-Morlock-Stadion,Nürnberg
79,2. Bundesliga,2022,175,Hamburger SV,HAM,1887,Volksparkstadion,Hamburg
79,2. Bundesliga,2022,177,SSV Jahn Regensburg,REG,2000,Jahnstadion Regensburg,Regensburg
79,2. Bundesliga,2022,178,SpVgg Greuther Fürth,GRE,1903,Sportpark Ronhof Thomas Sommer,Fürth
79,2. Bundesliga,2022,179,1. FC Magdeburg,MAG,1965,MDCC-Arena,Magdeburg
79,2. Bundesliga,2022,180,1. FC Heidenheim,HEI,1946,Voith-Arena,Heidenheim an der Brenz
79,2. Bundesliga,2022,181,SV Darmstadt 98,DAR,1898,Merck-Stadion am Böllenfalltor,Darmstadt
79,2. Bundesliga,2022,185,SC Paderborn 07,PAD,1907,Home Deluxe Arena,Paderborn
79,2. Bundesliga,2022,186,FC St. Pauli,PAU,1910,Millerntor-Stadion,Hamburg
79,2. Bundesliga,2022,188,Arminia Bielefeld,ARM,1905,SchücoArena,Bielefeld
79,2. Bundesliga,2022,189,SV Sandhausen,SAN,1916,GP Stadion am Hardtwald,Sandhausen
79,2. Bundesliga,2022,191,Holstein Kiel,HOL,1900,Holstein-Stadion,Kiel
79,2. Bundesliga,2022,744,Eintracht Braunschweig,BRA,1895,Eintracht-Stadion,Braunschweig
79,2. Bundesliga,2022,745,1. FC Kaiserslautern,KAI,1900,Fritz-Walter-Stadion,Kaiserslautern
79,2. Bundesliga,2022,785,Karlsruher SC,KAR,1898,BBBank Wildpark,Karlsruhe
79,2. Bundesliga,2022,1319,SV Wehen,WEH,1926,BRITA-Arena,Wiesbaden
79,2. Bundesliga,2022,1321,Hansa Rostock,HAN,1965,Ostseestadion,Rostock
79,2. Bundesliga,2023,158,Fortuna Düsseldorf,DUS,1895,Düsseldorf Arena,Düsseldorf
79,2. Bundesliga,2023,159,Hertha BSC,HER,1892,Olympiastadion Berlin,Berlin
79,2. Bundesliga,2023,166,Hannover 96,HAN,1896,Heinz von Heiden-Arena,Hannover
79,2. Bundesliga,2023,171,1. FC Nürnberg,NUR,1900,Max-Morlock-Stadion,Nürnberg
79,2. Bundesliga,2023,174,FC Schalke 04,SCH,1904,Arena AufSchalke,Gelsenkirchen
79,2. Bundesliga,2023,175,Hamburger SV,HAM,1887,Volksparkstadion,Hamburg
79,2. Bundesliga,2023,177,SSV Jahn Regensburg,REG,2000,Jahnstadion Regensburg,Regensburg
79,2. Bundesliga,2023,178,SpVgg Greuther Fürth,GRE,1903,Sportpark Ronhof Thomas Sommer,Fürth
79,2. Bundesliga,2023,179,1. FC Magdeburg,MAG,1965,MDCC-Arena,Magdeburg
79,2. Bundesliga,2023,185,SC Paderborn 07,PAD,1907,Home Deluxe Arena,Paderborn
79,2. Bundesliga,2023,186,FC St. Pauli,PAU,1910,Millerntor-Stadion,Hamburg
79,2. Bundesliga,2023,191,Holstein Kiel,HOL,1900,Holstein-Stadion,Kiel
79,2. Bundesliga,2023,744,Eintracht Braunschweig,BRA,1895,Eintracht-Stadion,Braunschweig
79,2. Bundesliga,2023,745,1. FC Kaiserslautern,KAI,1900,Fritz-Walter-Stadion,Kaiserslautern
79,2. Bundesliga,2023,785,Karlsruher SC,KAR,1898,BBBank Wildpark,Karlsruhe
79,2. Bundesliga,2023,1319,SV Wehen,WEH,1926,BRITA-Arena,Wiesbaden
79,2. Bundesliga,2023,1321,Hansa Rostock,HAN,1965,Ostseestadion,Rostock
79,2. Bundesliga,2023,1324,VfL Osnabrück,OSN,1899,Bremer Brücke,Osnabrück
79,2. Bundesliga,2023,1660,SV Elversberg,ELV,1907,URSAPHARM-Arena an der Kaiserlinde,Spiesen-Elversberg
79,2. Bundesliga,2024,158,Fortuna Düsseldorf,DUS,1895,Düsseldorf Arena,Düsseldorf
79,2. Bundesliga,2024,159,Hertha BSC,HER,1892,Olympiastadion Berlin,Berlin
79,2. Bundesliga,2024,166,Hannover 96,HAN,1896,Heinz von Heiden-Arena,Hannover
79,2. Bundesliga,2024,171,1. FC Nürnberg,NUR,1900,Max-Morlock-Stadion,Nürnberg
79,2. Bundesliga,2024,174,FC Schalke 04,SCH,1904,Arena AufSchalke,Gelsenkirchen
79,2. Bundesliga,2024,175,Hamburger SV,HAM,1887,Volksparkstadion,Hamburg
79,2. Bundesliga,2024,177,SSV Jahn Regensburg,REG,2000,Jahnstadion Regensburg,Regensburg
79,2. Bundesliga,2024,178,SpVgg Greuther Fürth,GRE,1903,Sportpark Ronhof Thomas Sommer,Fürth
79,2. Bundesliga,2024,179,1. FC Magdeburg,MAG,1965,MDCC-Arena,Magdeburg
79,2. Bundesliga,2024,181,SV Darmstadt 98,DAR,1898,Merck-Stadion am Böllenfalltor,Darmstadt
79,2. Bundesliga,2024,185,SC Paderborn 07,PAD,1907,Home Deluxe Arena,Paderborn
79,2. Bundesliga,2024,192,1. FC Köln,KOL,1948,RheinEnergieSTADION,Köln
79,2. Bundesliga,2024,744,Eintracht Braunschweig,BRA,1895,Eintracht-Stadion,Braunschweig
79,2. Bundesliga,2024,745,1. FC Kaiserslautern,KAI,1900,Fritz-Walter-Stadion,Kaiserslautern
79,2. Bundesliga,2024,785,Karlsruher SC,KAR,1898,BBBank Wildpark,Karlsruhe
79,2. Bundesliga,2024,1313,Preußen Münster,PRE,1906,Preußen-Stadion,Münster
79,2. Bundesliga,2024,1639,FC Saarbrücken,SAA,1903,Stadion Ludwigspark,Saarbrücken
79,2. Bundesliga,2024,1652,SSV Ulm 1846,ULM,1846,Donaustadion,Ulm
79,2. Bundesliga,2024,1660,SV Elversberg,ELV,1907,URSAPHARM-Arena an der Kaiserlinde,Spiesen-Elversberg
80,3. Liga,2022,183,Dynamo Dresden,DRE,1953,Rudolf-Harbig-Stadion,Dresden
80,3. Liga,2022,184,FC Ingolstadt 04,ING,2004,Audi-Sportpark,Ingolstadt
80,3. Liga,2022,187,MSV Duisburg,DUI,1902,Schauinsland-Reisen-Arena,Duisburg
80,3. Liga,2022,190,Erzgebirge Aue,ERZ,1945,Erzgebirgsstadion,Aue
80,3. Liga,2022,786,TSV 1860 München,MUN,1860,Städtisches Stadion an der Grünwalder Straße,München
80,3. Liga,2022,1315,FSV Zwickau,ZWI,1912,GGZ Arena,Zwickau
80,3. Liga,2022,1316,Hallescher FC,HAL,1966,Leuna Chemie Stadion,Saale
80,3. Liga,2022,1318,SV Meppen,MEP,1912,Hänsch-Arena,Meppen
80,3. Liga,2022,1319,SV Wehen,WEH,1926,BRITA-Arena,Wiesbaden
80,3. Liga,2022,1324,VfL Osnabrück,OSN,1899,Bremer Brücke,Osnabrück
80,3. Liga,2022,1620,FC Viktoria Köln,KOL,1904,Sportpark Höhenberg,Köln
80,3. Liga,2022,1621,Rot-Weiß Essen,RWE,1907,Stadion an der Hafenstraße,Essen
80,3. Liga,2022,1639,FC Saarbrücken,SAA,1903,Stadion Ludwigspark,Saarbrücken
80,3. Liga,2022,1660,SV Elversberg,ELV,1907,URSAPHARM-Arena an der Kaiserlinde,Spiesen-Elversberg
80,3. Liga,2022,4265,Verl,VER,1924,SPORTCLUB Arena,Verl
80,3. Liga,2022,4268,Waldhof Mannheim,MAN,1907,Carl-Benz-Stadion,Mannheim
80,3. Liga,2022,9325,Bayreuth,SPV,1921,Hans-Walter-Wild-Stadion,Bayreuth
80,3. Liga,2022,9347,VfB Oldenburg,OLD,1897,Marschwegstadion,Oldenburg
80,3. Liga,2022,9363,Freiburg II,FRE,1904,Dreisamstadion,Freiburg im Breisgau
80,3. Liga,2022,9367,Borussia Dortmund II,DOR,1909,Stadion Rote Erde,Dortmund
80,3. Liga,2023,177,SSV Jahn Regensburg,REG,2000,Jahnstadion Regensburg,Regensburg
80,3. Liga,2023,183,Dynamo Dresden,DRE,1953,Rudolf-Harbig-Stadion,Dresden
80,3. Liga,2023,184,FC Ingolstadt 04,ING,2004,Audi-Sportpark,Ingolstadt
80,3. Liga,2023,187,MSV Duisburg,DUI,1902,Schauinsland-Reisen-Arena,Duisburg
80,3. Liga,2023,188,Arminia Bielefeld,ARM,1905,SchücoArena,Bielefeld
80,3. Liga,2023,189,SV Sandhausen,SAN,1916,GP Stadion am Hardtwald,Sandhausen
80,3. Liga,2023,190,Erzgebirge Aue,ERZ,1945,Erzgebirgsstadion,Aue
80,3. Liga,2023,786,TSV 1860 München,MUN,1860,Städtisches Stadion an der Grünwalder Straße,München
80,3. Liga,2023,1313,Preußen Münster,PRE,1906,Preußen-Stadion,Münster
80,3. Liga,2023,1314,SpVgg Unterhaching,UNT,1925,Uhlsport Park,Unterhaching
80,3. Liga,2023,1316,Hallescher FC,HAL,1966,Leuna Chemie Stadion,Saale
80,3. Liga,2023,1620,FC Viktoria Köln,KOL,1904,Sportpark Höhenberg,Köln
80,3. Liga,2023,1621,Rot-Weiß Essen,RWE,1907,Stadion an der Hafenstraße,Essen
80,3. Liga,2023,1625,VfB Lübeck,LUB,1919,Dietmar-Scholze-Stadion an der Lohmühle,Lübeck
80,3. Liga,2023,1639,FC Saarbrücken,SAA,1903,Stadion Ludwigspark,Saarbrücken
80,3. Liga,2023,1652,SSV Ulm 1846,ULM,1846,Donaustadion,Ulm
80,3. Liga,2023,4265,Verl,VER,1924,SPORTCLUB Arena,Verl
80,3. Liga,2023,4268,Waldhof Mannheim,MAN,1907,Carl-Benz-Stadion,Mannheim
80,3. Liga,2023,9363,Freiburg II,FRE,1904,Dreisamstadion,Freiburg im Breisgau
80,3. Liga,2023,9367,Borussia Dortmund II,DOR,1909,Stadion Rote Erde,Dortmund
80,3. Liga,2024,183,Dynamo Dresden,DRE,1953,Rudolf-Harbig-Stadion,Dresden
80,3. Liga,2024,184,FC Ingolstadt 04,ING,2004,Audi-Sportpark,Ingolstadt
80,3. Liga,2024,188,Arminia Bielefeld,ARM,1905,SchücoArena,Bielefeld
80,3. Liga,2024,189,SV Sandhausen,SAN,1916,GP Stadion am Hardtwald,Sandhausen
80,3. Liga,2024,190,Erzgebirge Aue,ERZ,1945,Erzgebirgsstadion,Aue
80,3. Liga,2024,786,TSV 1860 München,MUN,1860,Städtisches Stadion an der Grünwalder Straße,München
80,3. Liga,2024,1314,SpVgg Unterhaching,UNT,1925,Uhlsport Park,Unterhaching
80,3. Liga,2024,1319,SV Wehen,WEH,1926,BRITA-Arena,Wiesbaden
80,3. Liga,2024,1320,Energie Cottbus,ENE,1966,LEAG Energie Stadion,Cottbus
80,3. Liga,2024,1321,Hansa Rostock,HAN,1965,Ostseestadion,Rostock
80,3. Liga,2024,1324,VfL Osnabrück,OSN,1899,Bremer Brücke,Osnabrück
80,3. Liga,2024,1620,FC Viktoria Köln,KOL,1904,Sportpark Höhenberg,Köln
80,3. Liga,2024,1621,Rot-Weiß Essen,RWE,1907,Stadion an der Hafenstraße,Essen
80,3. Liga,2024,1639,FC Saarbrücken,SAA,1903,Stadion Ludwigspark,Saarbrücken
80,3. Liga,2024,4259,Alemannia Aachen,ALE,1900,Neuer Tivoli,Aachen
80,3. Liga,2024,4265,Verl,VER,1924,SPORTCLUB Arena,Verl
80,3. Liga,2024,4268,Waldhof Mannheim,MAN,1907,Carl-Benz-Stadion,Mannheim
80,3. Liga,2024,9341,Hannover 96 II,HAN,1896,96 Das Stadion,Hannover
80,3. Liga,2024,9367,Borussia Dortmund II,DOR,1909,Stadion Rote Erde,Dortmund
80,3. Liga,2024,12867,Stuttgart II,STU,1893,Robert-Schlienz-Stadion,Stuttgart
81,DFB Pokal,2022,157,Bayern München,BAY,1900,Allianz Arena,München
81,DFB Pokal,2022,158,Fortuna Düsseldorf,DUS,1895,Düsseldorf Arena,Düsseldorf
81,DFB Pokal,2022,159,Hertha BSC,HER,1892,Olympiastadion Berlin,Berlin
81,DFB Pokal,2022,160,SC Freiburg,FRE,1904,Europa-Park Stadion,Freiburg im Breisgau
81,DFB Pokal,2022,161,VfL Wolfsburg,WOL,1945,Volkswagen Arena,Wolfsburg
81,DFB Pokal,2022,162,Werder Bremen,WER,1899,Weserstadion,Bremen
81,DFB Pokal,2022,163,Borussia Mönchengladbach,MOE,1900,BORUSSIA-PARK,Mönchengladbach
81,DFB Pokal,2022,164,FSV Mainz 05,MAI,1905,MEWA ARENA,Mainz
81,DFB Pokal,2022,165,Borussia Dortmund,DOR,1909,SIGNAL IDUNA PARK,Dortmund
81,DFB Pokal,2022,166,Hannover 96,HAN,1896,Heinz von Heiden-Arena,Hannover
81,DFB Pokal,2022,167,1899 Hoffenheim,HOF,1899,PreZero Arena,Sinsheim
81,DFB Pokal,2022,168,Bayer Leverkusen,BAY,1904,BayArena,Leverkusen
81,DFB Pokal,2022,169,Eintracht Frankfurt,EIN,1899,Deutsche Bank Park,Frankfurt am Main
81,DFB Pokal,2022,170,FC Augsburg,AUG,1907,WWK Arena,Augsburg
81,DFB Pokal,2022,171,1. FC Nürnberg,NUR,1900,Max-Morlock-Stadion,Nürnberg
81,DFB Pokal,2022,172,VfB Stuttgart,STU,1893,MHPArena,Stuttgart
81,DFB Pokal,2022,173,RB Leipzig,LEI,2009,Red Bull Arena,Leipzig
81,DFB Pokal,2022,174,FC Schalke 04,SCH,1904,Arena AufSchalke,Gelsenkirchen
81,DFB Pokal,2022,175,Hamburger SV,HAM,1887,Volksparkstadion,Hamburg
81,DFB Pokal,2022,176,VfL Bochum,BOC,1848,Vonovia Ruhrstadion,Bochum
81,DFB Pokal,2022,177,SSV Jahn Regensburg,REG,2000,Jahnstadion Regensburg,Regensburg
81,DFB Pokal,2022,178,SpVgg Greuther Fürth,GRE,1903,Sportpark Ronhof Thomas Sommer,Fürth
81,DFB Pokal,2022,179,1. FC Magdeburg,MAG,1965,MDCC-Arena,Magdeburg
81,DFB Pokal,2022,180,1. FC Heidenheim,HEI,1946,Voith-Arena,Heidenheim an der Brenz
81,DFB Pokal,2022,181,SV Darmstadt 98,DAR,1898,Merck-Stadion am Böllenfalltor,Darmstadt
81,DFB Pokal,2022,182,Union Berlin,UNI,1966,Stadion An der Alten Försterei,Berlin
81,DFB Pokal,2022,183,Dynamo Dresden,DRE,1953,Rudolf-Harbig-Stadion,Dresden
81,DFB Pokal,2022,184,FC Ingolstadt 04,ING,2004,Audi-Sportpark,Ingolstadt
81,DFB Pokal,2022,185,SC Paderborn 07,PAD,1907,Home Deluxe Arena,Paderborn
81,DFB Pokal,2022,186,FC St. Pauli,PAU,1910,Millerntor-Stadion,Hamburg
81,DFB Pokal,2022,188,Arminia Bielefeld,ARM,1905,SchücoArena,Bielefeld
81,DFB Pokal,2022,189,SV Sandhausen,SAN,1916,GP Stadion am Hardtwald,Sandhausen
81,DFB Pokal,2022,190,Erzgebirge Aue,ERZ,1945,Erzgebirgsstadion,Aue
81,DFB Pokal,2022,191,Holstein Kiel,HOL,1900,Holstein-Stadion,Kiel
81,DFB Pokal,2022,192,1. FC Köln,KOL,1948,RheinEnergieSTADION,Köln
81,DFB Pokal,2022,744,Eintracht Braunschweig,BRA,1895,Eintracht-Stadion,Braunschweig
81,DFB Pokal,2022,745,1. FC Kaiserslautern,KAI,1900,Fritz-Walter-Stadion,Kaiserslautern
81,DFB Pokal,2022,785,Karlsruher SC,KAR,1898,BBBank Wildpark,Karlsruhe
81,DFB Pokal,2022,786,TSV 1860 München,MUN,1860,Städtisches Stadion an der Grünwalder Straße,München
81,DFB Pokal,2022,1320,Energie Cottbus,ENE,1966,LEAG Energie Stadion,Cottbus
81,DFB Pokal,2022,1321,Hansa Rostock,HAN,1965,Ostseestadion,Rostock
81,DFB Pokal,2022,1325,FC Carl Zeiss Jena,JEN,1903,Ernst-Abbe-Sportfeld,Jena
81,DFB Pokal,2022,1328,Chemnitzer FC,,1966,Stadion Chemnitz,Chemnitz
81,DFB Pokal,2022,1620,FC Viktoria Köln,KOL,1904,Sportpark Höhenberg,Köln
81,DFB Pokal,2022,1625,VfB Lübeck,LUB,1919,Dietmar-Scholze-Stadion an der Lohmühle,Lübeck
81,DFB Pokal,2022,1628,Kickers Offenbach,KIC,1901,Sparda-Bank-Hessen-Stadion,Offenbach
81,DFB Pokal,2022,1630,Bremer SV,BRE,1906,Stadion am Panzenberg,Bremen
81,DFB Pokal,2022,1650,SV Rodinghausen,ROD,,Am Esper Roding Platz 1,Roding
81,DFB Pokal,2022,1660,SV Elversberg,ELV,1907,URSAPHARM-Arena an der Kaiserlinde,Spiesen-Elversberg
81,DFB Pokal,2022,4266,Viktoria Berlin,,2013,Stadion Lichterfelde,Berlin
81,DFB Pokal,2022,4268,Waldhof Mannheim,MAN,1907,Carl-Benz-Stadion,Mannheim
81,DFB Pokal,2022,9325,Bayreuth,SPV,1921,Hans-Walter-Wild-Stadion,Bayreuth
81,DFB Pokal,2022,9330,Illertissen,ILL,1921,Vöhlin-Stadion,Illertissen
81,DFB Pokal,2022,9345,Schwarz-Weiß Rehden,REH,1954,Sportplatz Waldsportstätten,Rehden
81,DFB Pokal,2022,12767,FV Engers 07,,,Stadion am Wasserturm,Neuwied
81,DFB Pokal,2022,12799,Kaan-Marienborn,,2007,Herkules Arena,Siegen
81,DFB Pokal,2022,12820,Neustrelitz,NEU,,Parkstadion,Neustrelitz
81,DFB Pokal,2022,12822,Oberachern,OBE,1928,Waldsportplatz Oberachern,Achern
81,DFB Pokal,2022,12862,Straelen,,,Sportzentrum an der Römerstraße,Straelen am Niederrhein
81,DFB Pokal,2022,12868,Stuttgarter Kickers,STU,1899,GAZİ-Stadion auf der Waldau,Stuttgart
81,DFB Pokal,2022,12878,Teutonia Ottensen,,,Gottfried-Tönsfeld Sportplatz,Hamburg
81,DFB Pokal,2022,14524,Schott Mainz,,1953,Mainz Golden Eagles Stadium,Mainz-Mombach
81,DFB Pokal,2022,14629,BW Lohne,,1894,Heinz-Dettmer-Stadion,Lohne
81,DFB Pokal,2022,17035,Einheit Wernigerode,,,Sportplatz Mannsbergstraße,Wernigerode
81,DFB Pokal,2023,157,Bayern München,BAY,1900,Allianz Arena,München
81,DFB Pokal,2023,158,Fortuna Düsseldorf,DUS,1895,Düsseldorf Arena,Düsseldorf
81,DFB Pokal,2023,159,Hertha BSC,HER,1892,Olympiastadion Berlin,Berlin
81,DFB Pokal,2023,160,SC Freiburg,FRE,1904,Europa-Park Stadion,Freiburg im Breisgau
81,DFB Pokal,2023,161,VfL Wolfsburg,WOL,1945,Volkswagen Arena,Wolfsburg
81,DFB Pokal,2023,162,Werder Bremen,WER,1899,Weserstadion,Bremen
81,DFB Pokal,2023,163,Borussia Mönchengladbach,MOE,1900,BORUSSIA-PARK,Mönchengladbach
81,DFB Pokal,2023,164,FSV Mainz 05,MAI,1905,MEWA ARENA,Mainz
81,DFB Pokal,2023,165,Borussia Dortmund,DOR,1909,SIGNAL IDUNA PARK,Dortmund
81,DFB Pokal,2023,166,Hannover 96,HAN,1896,Heinz von Heiden-Arena,Hannover
81,DFB Pokal,2023,167,1899 Hoffenheim,HOF,1899,PreZero Arena,Sinsheim
81,DFB Pokal,2023,168,Bayer Leverkusen,BAY,1904,BayArena,Leverkusen
81,DFB Pokal,2023,169,Eintracht Frankfurt,EIN,1899,Deutsche Bank Park,Frankfurt am Main
81,DFB Pokal,2023,170,FC Augsburg,AUG,1907,WWK Arena,Augsburg
81,DFB Pokal,2023,171,1. FC Nürnberg,NUR,1900,Max-Morlock-Stadion,Nürnberg
81,DFB Pokal,2023,172,VfB Stuttgart,STU,1893,MHPArena,Stuttgart
81,DFB Pokal,2023,173,RB Leipzig,LEI,2009,Red Bull Arena,Leipzig
81,DFB Pokal,2023,174,FC Schalke 04,SCH,1904,Arena AufSchalke,Gelsenkirchen
81,DFB Pokal,2023,175,Hamburger SV,HAM,1887,Volksparkstadion,Hamburg
81,DFB Pokal,2023,176,VfL Bochum,BOC,1848,Vonovia Ruhrstadion,Bochum
81,DFB Pokal,2023,177,SSV Jahn Regensburg,REG,2000,Jahnstadion Regensburg,Regensburg
81,DFB Pokal,2023,178,SpVgg Greuther Fürth,GRE,1903,Sportpark Ronhof Thomas Sommer,Fürth
81,DFB Pokal,2023,179,1. FC Magdeburg,MAG,1965,MDCC-Arena,Magdeburg
81,DFB Pokal,2023,180,1. FC Heidenheim,HEI,1946,Voith-Arena,Heidenheim an der Brenz
81,DFB Pokal,2023,181,SV Darmstadt 98,DAR,1898,Merck-Stadion am Böllenfalltor,Darmstadt
81,DFB Pokal,2023,182,Union Berlin,UNI,1966,Stadion An der Alten Försterei,Berlin
81,DFB Pokal,2023,185,SC Paderborn 07,PAD,1907,Home Deluxe Arena,Paderborn
81,DFB Pokal,2023,186,FC St. Pauli,PAU,1910,Millerntor-Stadion,Hamburg
81,DFB Pokal,2023,188,Arminia Bielefeld,ARM,1905,SchücoArena,Bielefeld
81,DFB Pokal,2023,189,SV Sandhausen,SAN,1916,GP Stadion am Hardtwald,Sandhausen
81,DFB Pokal,2023,191,Holstein Kiel,HOL,1900,Holstein-Stadion,Kiel
81,DFB Pokal,2023,192,1. FC Köln,KOL,1948,RheinEnergieSTADION,Köln
81,DFB Pokal,2023,744,Eintracht Braunschweig,BRA,1895,Eintracht-Stadion,Braunschweig
81,DFB Pokal,2023,745,1. FC Kaiserslautern,KAI,1900,Fritz-Walter-Stadion,Kaiserslautern
81,DFB Pokal,2023,785,Karlsruher SC,KAR,1898,BBBank Wildpark,Karlsruhe
81,DFB Pokal,2023,1313,Preußen Münster,PRE,1906,Preußen-Stadion,Münster
81,DFB Pokal,2023,1314,SpVgg Unterhaching,UNT,1925,Uhlsport Park,Unterhaching
81,DFB Pokal,2023,1316,Hallescher FC,HAL,1966,Leuna Chemie Stadion,Saale
81,DFB Pokal,2023,1319,SV Wehen,WEH,1926,BRITA-Arena,Wiesbaden
81,DFB Pokal,2023,1320,Energie Cottbus,ENE,1966,LEAG Energie Stadion,Cottbus
81,DFB Pokal,2023,1321,Hansa Rostock,HAN,1965,Ostseestadion,Rostock
81,DFB Pokal,2023,1324,VfL Osnabrück,OSN,1899,Bremer Brücke,Osnabrück
81,DFB Pokal,2023,1325,FC Carl Zeiss Jena,JEN,1903,Ernst-Abbe-Sportfeld,Jena
81,DFB Pokal,2023,1332,FSV Frankfurt,FRA,1899,PSD Bank Arena,Frankfurt am Main
81,DFB Pokal,2023,1620,FC Viktoria Köln,KOL,1904,Sportpark Höhenberg,Köln
81,DFB Pokal,2023,1621,Rot-Weiß Essen,RWE,1907,Stadion an der Hafenstraße,Essen
81,DFB Pokal,2023,1625,VfB Lübeck,LUB,1919,Dietmar-Scholze-Stadion an der Lohmühle,Lübeck
81,DFB Pokal,2023,1626,FC Astoria Walldorf,WAL,1908,Dietmar-Hopp-Sportpark,Walldorf
81,DFB Pokal,2023,1634,FC 08 Homburg,HOM,1908,Waldstadion Homburg,Homburg
81,DFB Pokal,2023,1639,FC Saarbrücken,SAA,1903,Stadion Ludwigspark,Saarbrücken
81,DFB Pokal,2023,1657,TuS RW Koblenz,,1860,Stadion Oberwerth,Koblenz
81,DFB Pokal,2023,1660,SV Elversberg,ELV,1907,URSAPHARM-Arena an der Kaiserlinde,Spiesen-Elversberg
81,DFB Pokal,2023,4260,Atlas Delmenhorst,,,Stadion an der Düsternortstraße,Delmenhorst
81,DFB Pokal,2023,4263,Oberneuland,,1948,Marko Mock Arena,Bremen
81,DFB Pokal,2023,9330,Illertissen,ILL,1921,Vöhlin-Stadion,Illertissen
81,DFB Pokal,2023,9355,Lokomotive Leipzig,LOK,2003,Bruno-Plache-Stadion,Leipzig
81,DFB Pokal,2023,9360,Balingen,BAL,1848,BIZERBA-Arena,Balingen
81,DFB Pokal,2023,12822,Oberachern,OBE,1928,Waldsportplatz Oberachern,Achern
81,DFB Pokal,2023,12878,Teutonia Ottensen,,,Gottfried-Tönsfeld Sportplatz,Hamburg
81,DFB Pokal,2023,14485,FC Gutersloh,GUT,1978,Heidewaldstadion,Gütersloh
81,DFB Pokal,2023,14524,Schott Mainz,,1953,Mainz Golden Eagles Stadium,Mainz-Mombach
81,DFB Pokal,2023,14635,Bersenbrück,,1895,Hasestadion,Bersenbrück
81,DFB Pokal,2023,14722,Makkabi,,1970,Julius-Hirsch-Sportanlage 1,Berlin
81,DFB Pokal,2023,14762,Rostocker FC,,1895,Sportplatz am Damerower Weg,Rostock
81,DFB Pokal,2024,157,Bayern München,BAY,1900,Allianz Arena,München
81,DFB Pokal,2024,158,Fortuna Düsseldorf,DUS,1895,Düsseldorf Arena,Düsseldorf
81,DFB Pokal,2024,159,Hertha BSC,HER,1892,Olympiastadion Berlin,Berlin
81,DFB Pokal,2024,160,SC Freiburg,FRE,1904,Europa-Park Stadion,Freiburg im Breisgau
81,DFB Pokal,2024,161,VfL Wolfsburg,WOL,1945,Volkswagen Arena,Wolfsburg
81,DFB Pokal,2024,162,Werder Bremen,WER,1899,Weserstadion,Bremen
81,DFB Pokal,2024,163,Borussia Mönchengladbach,MOE,1900,BORUSSIA-PARK,Mönchengladbach
81,DFB Pokal,2024,164,FSV Mainz 05,MAI,1905,MEWA ARENA,Mainz
81,DFB Pokal,2024,165,Borussia Dortmund,DOR,1909,SIGNAL IDUNA PARK,Dortmund
81,DFB Pokal,2024,166,Hannover 96,HAN,1896,Heinz von Heiden-Arena,Hannover
81,DFB Pokal,2024,167,1899 Hoffenheim,HOF,1899,PreZero Arena,Sinsheim
81,DFB Pokal,2024,168,Bayer Leverkusen,BAY,1904,BayArena,Leverkusen
81,DFB Pokal,2024,169,Eintracht Frankfurt,EIN,1899,Deutsche Bank Park,Frankfurt am Main
81,DFB Pokal,2024,170,FC Augsburg,AUG,1907,WWK Arena,Augsburg
81,DFB Pokal,2024,171,1. FC Nürnberg,NUR,1900,Max-Morlock-Stadion,Nürnberg
81,DFB Pokal,2024,172,VfB Stuttgart,STU,1893,MHPArena,Stuttgart
81,DFB Pokal,2024,173,RB Leipzig,LEI,2009,Red Bull Arena,Leipzig
81,DFB Pokal,2024,174,FC Schalke 04,SCH,1904,Arena AufSchalke,Gelsenkirchen
81,DFB Pokal,2024,175,Hamburger SV,HAM,1887,Volksparkstadion,Hamburg
81,DFB Pokal,2024,176,VfL Bochum,BOC,1848,Vonovia Ruhrstadion,Bochum
81,DFB Pokal,2024,177,SSV Jahn Regensburg,REG,2000,Jahnstadion Regensburg,Regensburg
81,DFB Pokal,2024,178,SpVgg Greuther Fürth,GRE,1903,Sportpark Ronhof Thomas Sommer,Fürth
81,DFB Pokal,2024,179,1. FC Magdeburg,MAG,1965,MDCC-Arena,Magdeburg
81,DFB Pokal,2024,180,1. FC Heidenheim,HEI,1946,Voith-Arena,Heidenheim an der Brenz
81,DFB Pokal,2024,181,SV Darmstadt 98,DAR,1898,Merck-Stadion am Böllenfalltor,Darmstadt
81,DFB Pokal,2024,182,Union Berlin,UNI,1966,Stadion An der Alten Försterei,Berlin
81,DFB Pokal,2024,183,Dynamo Dresden,DRE,1953,Rudolf-Harbig-Stadion,Dresden
81,DFB Pokal,2024,184,FC Ingolstadt 04,ING,2004,Audi-Sportpark,Ingolstadt
81,DFB Pokal,2024,185,SC Paderborn 07,PAD,1907,Home Deluxe Arena,Paderborn
81,DFB Pokal,2024,186,FC St. Pauli,PAU,1910,Millerntor-Stadion,Hamburg
81,DFB Pokal,2024,188,Arminia Bielefeld,ARM,1905,SchücoArena,Bielefeld
81,DFB Pokal,2024,189,SV Sandhausen,SAN,1916,GP Stadion am Hardtwald,Sandhausen
81,DFB Pokal,2024,190,Erzgebirge Aue,ERZ,1945,Erzgebirgsstadion,Aue
81,DFB Pokal,2024,191,Holstein Kiel,HOL,1900,Holstein-Stadion,Kiel
81,DFB Pokal,2024,192,1. FC Köln,KOL,1948,RheinEnergieSTADION,Köln
81,DFB Pokal,2024,744,Eintracht Braunschweig,BRA,1895,Eintracht-Stadion,Braunschweig
81,DFB Pokal,2024,745,1. FC Kaiserslautern,KAI,1900,Fritz-Walter-Stadion,Kaiserslautern
81,DFB Pokal,2024,784,Würzburger Kickers,WUR,1907,AKON ARENA,Würzburg
81,DFB Pokal,2024,785,Karlsruher SC,KAR,1898,BBBank Wildpark,Karlsruhe
81,DFB Pokal,2024,1313,Preußen Münster,PRE,1906,Preußen-Stadion,Münster
81,DFB Pokal,2024,1316,Hallescher FC,HAL,1966,Leuna Chemie Stadion,Saale
81,DFB Pokal,2024,1318,SV Meppen,MEP,1912,Hänsch-Arena,Meppen
81,DFB Pokal,2024,1319,SV Wehen,WEH,1926,BRITA-Arena,Wiesbaden
81,DFB Pokal,2024,1320,Energie Cottbus,ENE,1966,LEAG Energie Stadion,Cottbus
81,DFB Pokal,2024,1321,Hansa Rostock,HAN,1965,Ostseestadion,Rostock
81,DFB Pokal,2024,1323,Sportfreunde Lotte,LOT,1929,Stadion am Lotter Kreuz,Lotte
81,DFB Pokal,2024,1324,VfL Osnabrück,OSN,1899,Bremer Brücke,Osnabrück
81,DFB Pokal,2024,1325,FC Carl Zeiss Jena,JEN,1903,Ernst-Abbe-Sportfeld,Jena
81,DFB Pokal,2024,1327,VfR Aalen,AAL,1921,CENTUS ARENA,Aalen
81,DFB Pokal,2024,1619,FC 08 Villingen,VIL,1908,MS Technologie Arena,Villingen-Schwenningen
81,DFB Pokal,2024,1621,Rot-Weiß Essen,RWE,1907,Stadion an der Hafenstraße,Essen
81,DFB Pokal,2024,1628,Kickers Offenbach,KIC,1901,Sparda-Bank-Hessen-Stadion,Offenbach
81,DFB Pokal,2024,1630,Bremer SV,BRE,1906,Stadion am Panzenberg,Bremen
81,DFB Pokal,2024,1639,FC Saarbrücken,SAA,1903,Stadion Ludwigspark,Saarbrücken
81,DFB Pokal,2024,1648,TuS Koblenz,KOB,1911,Stadion Oberwerth,Koblenz
81,DFB Pokal,2024,1652,SSV Ulm 1846,ULM,1846,Donaustadion,Ulm
81,DFB Pokal,2024,1660,SV Elversberg,ELV,1907,URSAPHARM-Arena an der Kaiserlinde,Spiesen-Elversberg
81,DFB Pokal,2024,4259,Alemannia Aachen,ALE,1900,Neuer Tivoli,Aachen
81,DFB Pokal,2024,4266,Viktoria Berlin,,2013,Stadion Lichterfelde,Berlin
81,DFB Pokal,2024,12742,Borussia Hildesheim,HIL,1906,Friedrich-Ebert-Stadion,Hildesheim
81,DFB Pokal,2024,12831,Phönix Lübeck,,,Sportplatz an der Travemünder Allee,Lübeck
81,DFB Pokal,2024,12878,Teutonia Ottensen,,,Gottfried-Tönsfeld Sportplatz,Hamburg
81,DFB Pokal,2024,14524,Schott Mainz,,1953,Mainz Golden Eagles Stadium,Mainz-Mombach
81,DFB Pokal,2024,16118,Greifswalder FC,,2004,Volksstadion Greifswald,Greifswald
88,Eredivisie,2022,194,Ajax,AJA,1900,Johan Cruijff Arena,Amsterdam
88,Eredivisie,2022,195,Willem II,WIL,1896,Koning Willem II Stadion,Tilburg
88,Eredivisie,2022,196,Excelsior,EXC,1902,Van Donge & De Roo Stadion,Rotterdam
88,Eredivisie,2022,197,PSV Eindhoven,PSV,1913,Philips Stadion,Eindhoven
88,Eredivisie,2022,200,Vitesse,VIT,1892,GelreDome,Arnhem
88,Eredivisie,2022,201,AZ Alkmaar,ALK,1967,AFAS Stadion,Alkmaar
88,Eredivisie,2022,202,Groningen,GRO,1971,Euroborg,Groningen
88,Eredivisie,2022,203,NAC Breda,BRE,1912,Rat Verlegh Stadion,Breda
88,Eredivisie,2022,204,VVV Venlo,VEN,1954,Covebo Stadion - De Koel -,Venlo
88,Eredivisie,2022,205,Fortuna Sittard,SIT,1968,Fortuna Sittard Stadion,Sittard
88,Eredivisie,2022,207,Utrecht,UTR,1970,Stadion Galgenwaard,Utrecht
88,Eredivisie,2022,208,Emmen,EMM,1985,De Oude Meerdijk,Emmen
88,Eredivisie,2022,209,Feyenoord,FEY,1908,Stadion Feijenoord,Rotterdam
88,Eredivisie,2022,210,Heerenveen,HEE,1920,Abe Lenstra Stadion,Heerenveen
88,Eredivisie,2022,410,GO Ahead Eagles,EAG,1971,De Adelaarshorst,Deventer
88,Eredivisie,2022,412,MVV,MAA,1902,De Geusselt,Maastricht
88,Eredivisie,2022,413,NEC Nijmegen,NIJ,1900,Goffertstadion,Nijmegen
88,Eredivisie,2022,415,Twente,TWE,1965,De Grolsch Veste,Enschede
88,Eredivisie,2022,416,FC Volendam,VOL,1920,Kras Stadion,Volendam
88,Eredivisie,2022,417,Waalwijk,WAA,1940,Mandemakers Stadion,Waalwijk
88,Eredivisie,2022,419,Almere City FC,ALM,1932,Yanmar Stadion,Almere
88,Eredivisie,2022,420,Cambuur,CAM,1964,Cambuur Stadion,Leeuwarden
88,Eredivisie,2022,422,FC Eindhoven,EIN,1909,Jan Louwers Stadion,Eindhoven
88,Eredivisie,2022,426,Sparta Rotterdam,SPA,1888,Sparta-Stadion Het Kasteel,Rotterdam
88,Eredivisie,2023,193,PEC Zwolle,ZWO,1910,MAC³PARK Stadion,Zwolle
88,Eredivisie,2023,194,Ajax,AJA,1900,Johan Cruijff Arena,Amsterdam
88,Eredivisie,2023,196,Excelsior,EXC,1902,Van Donge & De Roo Stadion,Rotterdam
88,Eredivisie,2023,197,PSV Eindhoven,PSV,1913,Philips Stadion,Eindhoven
88,Eredivisie,2023,198,ADO Den Haag,HAA,1905,Bingoal Stadion,‘s-Gravenhage
88,Eredivisie,2023,199,De Graafschap,GRA,1954,Stadion De Vijverberg,Doetinchem
88,Eredivisie,2023,200,Vitesse,VIT,1892,GelreDome,Arnhem
88,Eredivisie,2023,201,AZ Alkmaar,ALK,1967,AFAS Stadion,Alkmaar
88,Eredivisie,2023,203,NAC Breda,BRE,1912,Rat Verlegh Stadion,Breda
88,Eredivisie,2023,205,Fortuna Sittard,SIT,1968,Fortuna Sittard Stadion,Sittard
88,Eredivisie,2023,206,Heracles,HER,1903,Erve Asito,Almelo
88,Eredivisie,2023,207,Utrecht,UTR,1970,Stadion Galgenwaard,Utrecht
88,Eredivisie,2023,208,Emmen,EMM,1985,De Oude Meerdijk,Emmen
88,Eredivisie,2023,209,Feyenoord,FEY,1908,Stadion Feijenoord,Rotterdam
88,Eredivisie,2023,210,Heerenveen,HEE,1920,Abe Lenstra Stadion,Heerenveen
88,Eredivisie,2023,409,Dordrecht,DOR,1990,M-Scores Stadion,Dordrecht
88,Eredivisie,2023,410,GO Ahead Eagles,EAG,1971,De Adelaarshorst,Deventer
88,Eredivisie,2023,413,NEC Nijmegen,NIJ,1900,Goffertstadion,Nijmegen
88,Eredivisie,2023,414,Roda,ROD,1962,Parkstad Limburg Stadion,Kerkrade
88,Eredivisie,2023,415,Twente,TWE,1965,De Grolsch Veste,Enschede
88,Eredivisie,2023,416,FC Volendam,VOL,1920,Kras Stadion,Volendam
88,Eredivisie,2023,417,Waalwijk,WAA,1940,Mandemakers Stadion,Waalwijk
88,Eredivisie,2023,419,Almere City FC,ALM,1932,Yanmar Stadion,Almere
88,Eredivisie,2023,426,Sparta Rotterdam,SPA,1888,Sparta-Stadion Het Kasteel,Rotterdam
88,Eredivisie,2024,193,PEC Zwolle,ZWO,1910,MAC³PARK Stadion,Zwolle
88,Eredivisie,2024,194,Ajax,AJA,1900,Johan Cruijff Arena,Amsterdam
88,Eredivisie,2024,195,Willem II,WIL,1896,Koning Willem II Stadion,Tilburg
88,Eredivisie,2024,197,PSV Eindhoven,PSV,1913,Philips Stadion,Eindhoven
88,Eredivisie,2024,198,ADO Den Haag,HAA,1905,Bingoal Stadion,‘s-Gravenhage
88,Eredivisie,2024,199,De Graafschap,GRA,1954,Stadion De Vijverberg,Doetinchem
88,Eredivisie,2024,201,AZ Alkmaar,ALK,1967,AFAS Stadion,Alkmaar
88,Eredivisie,2024,202,Groningen,GRO,1971,Euroborg,Groningen
88,Eredivisie,2024,203,NAC Breda,BRE,1912,Rat Verlegh Stadion,Breda
88,Eredivisie,2024,205,Fortuna Sittard,SIT,1968,Fortuna Sittard Stadion,Sittard
88,Eredivisie,2024,206,Heracles,HER,1903,Erve Asito,Almelo
88,Eredivisie,2024,207,Utrecht,UTR,1970,Stadion Galgenwaard,Utrecht
88,Eredivisie,2024,209,Feyenoord,FEY,1908,Stadion Feijenoord,Rotterdam
88,Eredivisie,2024,210,Heerenveen,HEE,1920,Abe Lenstra Stadion,Heerenveen
88,Eredivisie,2024,409,Dordrecht,DOR,1990,M-Scores Stadion,Dordrecht
88,Eredivisie,2024,410,GO Ahead Eagles,EAG,1971,De Adelaarshorst,Deventer
88,Eredivisie,2024,413,NEC Nijmegen,NIJ,1900,Goffertstadion,Nijmegen
88,Eredivisie,2024,415,Twente,TWE,1965,De Grolsch Veste,Enschede
88,Eredivisie,2024,417,Waalwijk,WAA,1940,Mandemakers Stadion,Waalwijk
88,Eredivisie,2024,419,Almere City FC,ALM,1932,Yanmar Stadion,Almere
88,Eredivisie,2024,420,Cambuur,CAM,1964,Cambuur Stadion,Leeuwarden
88,Eredivisie,2024,421,Den Bosch,BOS,1964,Stadion De Vliert,&apos;s-Hertogenbosch
88,Eredivisie,2024,426,Sparta Rotterdam,SPA,1888,Sparta-Stadion Het Kasteel,Rotterdam
88,Eredivisie,2024,427,Telstar,STO,1912,711 Stadion,Velsen-Zuid
89,Eerste Divisie,2022,193,PEC Zwolle,ZWO,1910,MAC³PARK Stadion,Zwolle
89,Eerste Divisie,2022,195,Willem II,WIL,1896,Koning Willem II Stadion,Tilburg
89,Eerste Divisie,2022,198,ADO Den Haag,HAA,1905,Bingoal Stadion,‘s-Gravenhage
89,Eerste Divisie,2022,199,De Graafschap,GRA,1954,Stadion De Vijverberg,Doetinchem
89,Eerste Divisie,2022,203,NAC Breda,BRE,1912,Rat Verlegh Stadion,Breda
89,Eerste Divisie,2022,204,VVV Venlo,VEN,1954,Covebo Stadion - De Koel -,Venlo
89,Eerste Divisie,2022,206,Heracles,HER,1903,Erve Asito,Almelo
89,Eerste Divisie,2022,409,Dordrecht,DOR,1990,M-Scores Stadion,Dordrecht
89,Eerste Divisie,2022,411,Jong PSV U21,JON,,PSV Campus De Herdgang,Eindhoven
89,Eerste Divisie,2022,412,MVV,MAA,1902,De Geusselt,Maastricht
89,Eerste Divisie,2022,414,Roda,ROD,1962,Parkstad Limburg Stadion,Kerkrade
89,Eerste Divisie,2022,418,Jong AZ,,,AFAS Trainingscomplex,Wijdewormer
89,Eerste Divisie,2022,419,Almere City FC,ALM,1932,Yanmar Stadion,Almere
89,Eerste Divisie,2022,421,Den Bosch,BOS,1964,Stadion De Vliert,&apos;s-Hertogenbosch
89,Eerste Divisie,2022,422,FC Eindhoven,EIN,1909,Jan Louwers Stadion,Eindhoven
89,Eerste Divisie,2022,423,FC OSS,FCO,1928,Frans Heesen Stadion,Oss
89,Eerste Divisie,2022,424,Helmond Sport,HEL,1967,GS Staalwerken Stadion,Helmond
89,Eerste Divisie,2022,425,Jong Ajax,JON,,Sportpark De Toekomst,Amsterdam-Duivendrecht
89,Eerste Divisie,2022,427,Telstar,STO,1912,711 Stadion,Velsen-Zuid
89,Eerste Divisie,2022,428,Jong Utrecht,,,Sportcomplex Zoudenbalch,Utrecht
89,Eerste Divisie,2023,195,Willem II,WIL,1896,Koning Willem II Stadion,Tilburg
89,Eerste Divisie,2023,198,ADO Den Haag,HAA,1905,Bingoal Stadion,‘s-Gravenhage
89,Eerste Divisie,2023,199,De Graafschap,GRA,1954,Stadion De Vijverberg,Doetinchem
89,Eerste Divisie,2023,202,Groningen,GRO,1971,Euroborg,Groningen
89,Eerste Divisie,2023,203,NAC Breda,BRE,1912,Rat Verlegh Stadion,Breda
89,Eerste Divisie,2023,204,VVV Venlo,VEN,1954,Covebo Stadion - De Koel -,Venlo
89,Eerste Divisie,2023,208,Emmen,EMM,1985,De Oude Meerdijk,Emmen
89,Eerste Divisie,2023,409,Dordrecht,DOR,1990,M-Scores Stadion,Dordrecht
89,Eerste Divisie,2023,411,Jong PSV U21,JON,,PSV Campus De Herdgang,Eindhoven
89,Eerste Divisie,2023,412,MVV,MAA,1902,De Geusselt,Maastricht
89,Eerste Divisie,2023,414,Roda,ROD,1962,Parkstad Limburg Stadion,Kerkrade
89,Eerste Divisie,2023,418,Jong AZ,,,AFAS Trainingscomplex,Wijdewormer
89,Eerste Divisie,2023,420,Cambuur,CAM,1964,Cambuur Stadion,Leeuwarden
89,Eerste Divisie,2023,421,Den Bosch,BOS,1964,Stadion De Vliert,&apos;s-Hertogenbosch
89,Eerste Divisie,2023,422,FC Eindhoven,EIN,1909,Jan Louwers Stadion,Eindhoven
89,Eerste Divisie,2023,423,FC OSS,FCO,1928,Frans Heesen Stadion,Oss
89,Eerste Divisie,2023,424,Helmond Sport,HEL,1967,GS Staalwerken Stadion,Helmond
89,Eerste Divisie,2023,425,Jong Ajax,JON,,Sportpark De Toekomst,Amsterdam-Duivendrecht
89,Eerste Divisie,2023,427,Telstar,STO,1912,711 Stadion,Velsen-Zuid
89,Eerste Divisie,2023,428,Jong Utrecht,,,Sportcomplex Zoudenbalch,Utrecht
89,Eerste Divisie,2024,196,Excelsior,EXC,1902,Van Donge & De Roo Stadion,Rotterdam
89,Eerste Divisie,2024,198,ADO Den Haag,HAA,1905,Bingoal Stadion,‘s-Gravenhage
89,Eerste Divisie,2024,199,De Graafschap,GRA,1954,Stadion De Vijverberg,Doetinchem
89,Eerste Divisie,2024,200,Vitesse,VIT,1892,GelreDome,Arnhem
89,Eerste Divisie,2024,204,VVV Venlo,VEN,1954,Covebo Stadion - De Koel -,Venlo
89,Eerste Divisie,2024,208,Emmen,EMM,1985,De Oude Meerdijk,Emmen
89,Eerste Divisie,2024,409,Dordrecht,DOR,1990,M-Scores Stadion,Dordrecht
89,Eerste Divisie,2024,411,Jong PSV U21,JON,,PSV Campus De Herdgang,Eindhoven
89,Eerste Divisie,2024,412,MVV,MAA,1902,De Geusselt,Maastricht
89,Eerste Divisie,2024,414,Roda,ROD,1962,Parkstad Limburg Stadion,Kerkrade
89,Eerste Divisie,2024,416,FC Volendam,VOL,1920,Kras Stadion,Volendam
89,Eerste Divisie,2024,418,Jong AZ,,,AFAS Trainingscomplex,Wijdewormer
89,Eerste Divisie,2024,420,Cambuur,CAM,1964,Cambuur Stadion,Leeuwarden
89,Eerste Divisie,2024,421,Den Bosch,BOS,1964,Stadion De Vliert,&apos;s-Hertogenbosch
89,Eerste Divisie,2024,422,FC Eindhoven,EIN,1909,Jan Louwers Stadion,Eindhoven
89,Eerste Divisie,2024,423,FC OSS,FCO,1928,Frans Heesen Stadion,Oss
89,Eerste Divisie,2024,424,Helmond Sport,HEL,1967,GS Staalwerken Stadion,Helmond
89,Eerste Divisie,2024,425,Jong Ajax,JON,,Sportpark De Toekomst,Amsterdam-Duivendrecht
89,Eerste Divisie,2024,427,Telstar,STO,1912,711 Stadion,Velsen-Zuid
89,Eerste Divisie,2024,428,Jong Utrecht,,,Sportcomplex Zoudenbalch,Utrecht
94,Primeira Liga,2022,211,Benfica,BEN,1904,Estádio do Sport Lisboa e Benfica (da Luz),Lisboa
94,Primeira Liga,2022,212,FC Porto,POR,1893,Estádio Do Dragão,Porto
94,Primeira Liga,2022,214,Maritimo,MAR,1910,Estádio do Marítimo,Funchal (Ilha da Madeira)
94,Primeira Liga,2022,216,Portimonense,POR,1914,Estádio Municipal de Portimão,Portimão
94,Primeira Liga,2022,217,SC Braga,BRA,1921,Estádio Municipal de Braga,Braga
94,Primeira Liga,2022,222,Boavista,,1903,Estádio do Bessa Século XXI,Porto
94,Primeira Liga,2022,223,Chaves,CHA,1949,Estádio Municipal Eng. Manuel Branco Teixeira,Chaves
94,Primeira Liga,2022,224,Guimaraes,GUI,1922,Estádio Dom Afonso Henriques,Guimarães
94,Primeira Liga,2022,226,Rio Ave,RIO,1939,Estádio do Rio Ave Futebol Clube,Vila do Conde
94,Primeira Liga,2022,227,Santa Clara,SAN,1921,Estádio de São Miguel,"Ponta Delgada, Ilha de São Miguel, Açores"
94,Primeira Liga,2022,228,Sporting CP,SPO,1906,Estádio José Alvalade,Lisboa
94,Primeira Liga,2022,230,Estoril,EST,1939,Estádio António Coimbra da Mota,Estoril
94,Primeira Liga,2022,234,Pacos Ferreira,FER,1950,Estádio da Capital do Móvel,Paços de Ferreira
94,Primeira Liga,2022,240,Arouca,ARO,1951,Estádio Municipal de Arouca,Arouca
94,Primeira Liga,2022,242,Famalicao,FAM,1931,Estádio Municipal 22 de Junho,Vila Nova de Famalicão
94,Primeira Liga,2022,762,GIL Vicente,VIC,1924,Estádio Cidade de Barcelos,Barcelos
94,Primeira Liga,2022,810,Vizela,VIZ,1939,Estádio Do Vizela,Caldas de Vizela
94,Primeira Liga,2022,4716,Casa Pia,CAS,1920,Estádio Nacional,"Jamor, Oeiras"
94,Primeira Liga,2022,15130,Estrela,,0,Campo Municipal dos Prazeres,Amadora
94,Primeira Liga,2023,211,Benfica,BEN,1904,Estádio do Sport Lisboa e Benfica (da Luz),Lisboa
94,Primeira Liga,2023,212,FC Porto,POR,1893,Estádio Do Dragão,Porto
94,Primeira Liga,2023,215,Moreirense,MOR,,Parque Desportivo Comendador Joaquim de Almeida Freitas,Moreira de Cónegos
94,Primeira Liga,2023,216,Portimonense,POR,1914,Estádio Municipal de Portimão,Portimão
94,Primeira Liga,2023,217,SC Braga,BRA,1921,Estádio Municipal de Braga,Braga
94,Primeira Liga,2023,222,Boavista,,1903,Estádio do Bessa Século XXI,Porto
94,Primeira Liga,2023,223,Chaves,CHA,1949,Estádio Municipal Eng. Manuel Branco Teixeira,Chaves
94,Primeira Liga,2023,224,Guimaraes,GUI,1922,Estádio Dom Afonso Henriques,Guimarães
94,Primeira Liga,2023,226,Rio Ave,RIO,1939,Estádio do Rio Ave Futebol Clube,Vila do Conde
94,Primeira Liga,2023,228,Sporting CP,SPO,1906,Estádio José Alvalade,Lisboa
94,Primeira Liga,2023,230,Estoril,EST,1939,Estádio António Coimbra da Mota,Estoril
94,Primeira Liga,2023,231,Farense,FAR,1910,Estádio de São Lúis,Faro
94,Primeira Liga,2023,240,Arouca,ARO,1951,Estádio Municipal de Arouca,Arouca
94,Primeira Liga,2023,242,Famalicao,FAM,1931,Estádio Municipal 22 de Junho,Vila Nova de Famalicão
94,Primeira Liga,2023,762,GIL Vicente,VIC,1924,Estádio Cidade de Barcelos,Barcelos
94,Primeira Liga,2023,810,Vizela,VIZ,1939,Estádio Do Vizela,Caldas de Vizela
94,Primeira Liga,2023,4716,Casa Pia,CAS,1920,Estádio Nacional,"Jamor, Oeiras"
94,Primeira Liga,2023,15130,Estrela,,0,Campo Municipal dos Prazeres,Amadora
94,Primeira Liga,2023,21595,AVS,,,Estádio Clube Desportivo das Aves,Vila das Aves
94,Primeira Liga,2024,211,Benfica,BEN,1904,Estádio do Sport Lisboa e Benfica (da Luz),Lisboa
94,Primeira Liga,2024,212,FC Porto,POR,1893,Estádio Do Dragão,Porto
94,Primeira Liga,2024,215,Moreirense,MOR,,Parque Desportivo Comendador Joaquim de Almeida Freitas,Moreira de Cónegos
94,Primeira Liga,2024,217,SC Braga,BRA,1921,Estádio Municipal de Braga,Braga
94,Primeira Liga,2024,222,Boavista,,1903,Estádio do Bessa Século XXI,Porto
94,Primeira Liga,2024,224,Guimaraes,GUI,1922,Estádio Dom Afonso Henriques,Guimarães
94,Primeira Liga,2024,225,Nacional,NAC,1910,Estádio da Madeira,Ilha da Madeira
94,Primeira Liga,2024,226,Rio Ave,RIO,1939,Estádio do Rio Ave Futebol Clube,Vila do Conde
94,Primeira Liga,2024,227,Santa Clara,SAN,1921,Estádio de São Miguel,"Ponta Delgada, Ilha de São Miguel, Açores"
94,Primeira Liga,2024,228,Sporting CP,SPO,1906,Estádio José Alvalade,Lisboa
94,Primeira Liga,2024,230,Estoril,EST,1939,Estádio António Coimbra da Mota,Estoril
94,Primeira Liga,2024,231,Farense,FAR,1910,Estádio de São Lúis,Faro
94,Primeira Liga,2024,240,Arouca,ARO,1951,Estádio Municipal de Arouca,Arouca
94,Primeira Liga,2024,242,Famalicao,FAM,1931,Estádio Municipal 22 de Junho,Vila Nova de Famalicão
94,Primeira Liga,2024,762,GIL Vicente,VIC,1924,Estádio Cidade de Barcelos,Barcelos
94,Primeira Liga,2024,810,Vizela,VIZ,1939,Estádio Do Vizela,Caldas de Vizela
94,Primeira Liga,2024,4716,Casa Pia,CAS,1920,Estádio Nacional,"Jamor, Oeiras"
94,Primeira Liga,2024,15130,Estrela,,0,Campo Municipal dos Prazeres,Amadora
94,Primeira Liga,2024,21595,AVS,,,Estádio Clube Desportivo das Aves,Vila das Aves
95,Liga Portugal 2,2022,213,Feirense,FEI,1918,Estádio Marcolino de Castro,Santa Maria da Feira
95,Liga Portugal 2,2022,215,Moreirense,MOR,,Parque Desportivo Comendador Joaquim de Almeida Freitas,Moreira de Cónegos
95,Liga Portugal 2,2022,218,Tondela,TON,,Estádio João Cardoso,Tondela
95,Liga Portugal 2,2022,221,Belenenses,BEL,1919,Estádio Nacional,"Jamor, Oeiras"
95,Liga Portugal 2,2022,225,Nacional,NAC,1910,Estádio da Madeira,Ilha da Madeira
95,Liga Portugal 2,2022,229,Benfica B,BEN,,Caixa Futebol Campus,Seixal
95,Liga Portugal 2,2022,231,Farense,FAR,1910,Estádio de São Lúis,Faro
95,Liga Portugal 2,2022,233,Oliveirense,OLI,1922,Estádio Carlos Osório,Oliveira de Azeméis
95,Liga Portugal 2,2022,235,Penafiel,PEN,1951,Estádio Municipal 25 de Abril,Penafiel
95,Liga Portugal 2,2022,236,SC Covilha,COV,1923,Estádio Municipal José Santos Pinto,Covilhã
95,Liga Portugal 2,2022,238,Academico Viseu,ACA,1914,Estádio Municipal do Fontelo,Viseu
95,Liga Portugal 2,2022,243,FC Porto B,POR,,Estádio Dr. Jorge Sampaio,"Pedroso, Vila Nova de Gaia"
95,Liga Portugal 2,2022,244,Leixoes,LEI,1907,Estádio do Mar,Matosinhos
95,Liga Portugal 2,2022,245,Mafra,MAF,1965,Estádio Municipal de Mafra,Mafra
95,Liga Portugal 2,2022,4717,Vilafranquense,,,Estádio Municipal de Rio Maior,Rio Maior
95,Liga Portugal 2,2022,4799,Torreense,TOR,,Campo Manuel Marques,Torres Vedras
95,Liga Portugal 2,2022,4801,Trofense,TRO,1930,Estádio do Clube Desportivo Trofense,Trofa
95,Liga Portugal 2,2022,4814,Vilaverdense,VIL,1953,Campo Cruz Do Reguengo,Vila Verde
95,Liga Portugal 2,2022,15130,Estrela,,0,Campo Municipal dos Prazeres,Amadora
95,Liga Portugal 2,2023,213,Feirense,FEI,1918,Estádio Marcolino de Castro,Santa Maria da Feira
95,Liga Portugal 2,2023,214,Maritimo,MAR,1910,Estádio do Marítimo,Funchal (Ilha da Madeira)
95,Liga Portugal 2,2023,218,Tondela,TON,,Estádio João Cardoso,Tondela
95,Liga Portugal 2,2023,225,Nacional,NAC,1910,Estádio da Madeira,Ilha da Madeira
95,Liga Portugal 2,2023,227,Santa Clara,SAN,1921,Estádio de São Miguel,"Ponta Delgada, Ilha de São Miguel, Açores"
95,Liga Portugal 2,2023,229,Benfica B,BEN,,Caixa Futebol Campus,Seixal
95,Liga Portugal 2,2023,233,Oliveirense,OLI,1922,Estádio Carlos Osório,Oliveira de Azeméis
95,Liga Portugal 2,2023,234,Pacos Ferreira,FER,1950,Estádio da Capital do Móvel,Paços de Ferreira
95,Liga Portugal 2,2023,235,Penafiel,PEN,1951,Estádio Municipal 25 de Abril,Penafiel
95,Liga Portugal 2,2023,238,Academico Viseu,ACA,1914,Estádio Municipal do Fontelo,Viseu
95,Liga Portugal 2,2023,243,FC Porto B,POR,,Estádio Dr. Jorge Sampaio,"Pedroso, Vila Nova de Gaia"
95,Liga Portugal 2,2023,244,Leixoes,LEI,1907,Estádio do Mar,Matosinhos
95,Liga Portugal 2,2023,245,Mafra,MAF,1965,Estádio Municipal de Mafra,Mafra
95,Liga Portugal 2,2023,4662,União de Leiria,LEI,1966,Estádio Dr. Magalhães Pessoa,Leiria
95,Liga Portugal 2,2023,4799,Torreense,TOR,,Campo Manuel Marques,Torres Vedras
95,Liga Portugal 2,2023,4814,Vilaverdense,VIL,1953,Campo Cruz Do Reguengo,Vila Verde
95,Liga Portugal 2,2023,6358,Lusitânia Lourosa,,1924,Estádio do Lusitânia FC,Lourosa
95,Liga Portugal 2,2023,17692,CF Os Belenenses,,2018,Estádio do Restelo,Lisboa
95,Liga Portugal 2,2023,21595,AVS,,,Estádio Clube Desportivo das Aves,Vila das Aves
95,Liga Portugal 2,2024,213,Feirense,FEI,1918,Estádio Marcolino de Castro,Santa Maria da Feira
95,Liga Portugal 2,2024,214,Maritimo,MAR,1910,Estádio do Marítimo,Funchal (Ilha da Madeira)
95,Liga Portugal 2,2024,216,Portimonense,POR,1914,Estádio Municipal de Portimão,Portimão
95,Liga Portugal 2,2024,218,Tondela,TON,,Estádio João Cardoso,Tondela
95,Liga Portugal 2,2024,223,Chaves,CHA,1949,Estádio Municipal Eng. Manuel Branco Teixeira,Chaves
95,Liga Portugal 2,2024,229,Benfica B,BEN,,Caixa Futebol Campus,Seixal
95,Liga Portugal 2,2024,233,Oliveirense,OLI,1922,Estádio Carlos Osório,Oliveira de Azeméis
95,Liga Portugal 2,2024,234,Pacos Ferreira,FER,1950,Estádio da Capital do Móvel,Paços de Ferreira
95,Liga Portugal 2,2024,235,Penafiel,PEN,1951,Estádio Municipal 25 de Abril,Penafiel
95,Liga Portugal 2,2024,238,Academico Viseu,ACA,1914,Estádio Municipal do Fontelo,Viseu
95,Liga Portugal 2,2024,243,FC Porto B,POR,,Estádio Dr. Jorge Sampaio,"Pedroso, Vila Nova de Gaia"
95,Liga Portugal 2,2024,244,Leixoes,LEI,1907,Estádio do Mar,Matosinhos
95,Liga Portugal 2,2024,245,Mafra,MAF,1965,Estádio Municipal de Mafra,Mafra
95,Liga Portugal 2,2024,810,Vizela,VIZ,1939,Estádio Do Vizela,Caldas de Vizela
95,Liga Portugal 2,2024,4662,União de Leiria,LEI,1966,Estádio Dr. Magalhães Pessoa,Leiria
95,Liga Portugal 2,2024,4724,Alverca,,,Complexo Desportivo FC Alverca,Alverca do Ribatejo
95,Liga Portugal 2,2024,4744,Felgueiras 1932,,2006,Estádio Dr. Machado de Matos,Felgueiras
95,Liga Portugal 2,2024,4799,Torreense,TOR,,Campo Manuel Marques,Torres Vedras
95,Liga Portugal 2,2024,17692,CF Os Belenenses,,2018,Estádio do Restelo,Lisboa
141,Segunda División,2022,534,Las Palmas,PAL,1949,Estadio de Gran Canaria,Las Palmas de Gran Canaria
141,Segunda División,2022,535,Malaga,MAL,1948,Estadio La Rosaleda,Málaga
141,Segunda División,2022,537,Leganes,LEG,1928,Estadio Municipal de Butarque,Leganés
141,Segunda División,2022,539,Levante,LEV,1909,Estadio Ciudad de Valencia,Valencia
141,Segunda División,2022,542,Alaves,ALA,1921,Estadio de Mendizorroza,Vitoria-Gasteiz
141,Segunda División,2022,545,Eibar,EIB,1940,Estadio Municipal de Ipurúa,Eibar
141,Segunda División,2022,715,Granada CF,GRA,1931,Estadio Nuevo Los Cármenes,Granada
141,Segunda División,2022,716,Lugo,LUG,1953,Estadio Anxo Carro,Lugo
141,Segunda División,2022,718,Oviedo,OVI,1926,Estadio Nuevo Carlos Tartiere,Oviedo
141,Segunda División,2022,719,Tenerife,TEN,1922,Estadio Heliodoro Rodríguez Lopéz,Santa Cruz de Tenerife (Tenerife)
141,Segunda División,2022,722,Albacete,ALB,1940,Estadio Carlos Belmonte,Albacete
141,Segunda División,2022,726,Huesca,HUE,1922,Estadio El Alcoraz,Huesca
141,Segunda División,2022,731,Sporting Gijon,GIJ,1905,Estadio Municipal El Molinón,Gijón
141,Segunda División,2022,732,Zaragoza,ZAR,1932,Estadio de la Romareda,Zaragoza
141,Segunda División,2022,799,Mirandes,MIR,1927,Estadio Municipal de Anduva,Miranda de Ebro
141,Segunda División,2022,4665,Racing Santander,SAN,1913,Campos de Sport de El Sardinero,Santander
141,Segunda División,2022,4907,Ponferradina,PON,1922,Estadio El Toralín,Ponferrada
141,Segunda División,2022,5262,FC Cartagena,CAR,1995,Estadio Municipal Cartagonova,Cartagena
141,Segunda División,2022,8157,FC Andorra,,,Estadi Nacional,Andorra la Vella
141,Segunda División,2022,9390,Ibiza,,2015,Estadio Can Misses – Power Electronic,Ibiza
141,Segunda División,2022,9580,Burgos,BUR,1922,Estadio Municipal de El Plantío,Burgos
141,Segunda División,2022,9595,Villarreal II,VIL,1923,Estadio de la Cerámica,Villarreal
141,Segunda División,2023,537,Leganes,LEG,1928,Estadio Municipal de Butarque,Leganés
141,Segunda División,2023,539,Levante,LEV,1909,Estadio Ciudad de Valencia,Valencia
141,Segunda División,2023,540,Espanyol,ESP,1900,Stage Front Stadium,Cornella de Llobregat
141,Segunda División,2023,545,Eibar,EIB,1940,Estadio Municipal de Ipurúa,Eibar
141,Segunda División,2023,711,Alcorcon,ALC,1971,Estadio Santo Domingo,Alcorcón
141,Segunda División,2023,718,Oviedo,OVI,1926,Estadio Nuevo Carlos Tartiere,Oviedo
141,Segunda División,2023,719,Tenerife,TEN,1922,Estadio Heliodoro Rodríguez Lopéz,Santa Cruz de Tenerife (Tenerife)
141,Segunda División,2023,720,Valladolid,VAL,1928,Estadio Municipal José Zorrilla,Valladolid
141,Segunda División,2023,722,Albacete,ALB,1940,Estadio Carlos Belmonte,Albacete
141,Segunda División,2023,726,Huesca,HUE,1922,Estadio El Alcoraz,Huesca
141,Segunda División,2023,731,Sporting Gijon,GIJ,1905,Estadio Municipal El Molinón,Gijón
141,Segunda División,2023,732,Zaragoza,ZAR,1932,Estadio de la Romareda,Zaragoza
141,Segunda División,2023,797,Elche,ELC,1923,Estadio Manuel Martínez Valero,Elche
141,Segunda División,2023,799,Mirandes,MIR,1927,Estadio Municipal de Anduva,Miranda de Ebro
141,Segunda División,2023,4665,Racing Santander,SAN,1913,Campos de Sport de El Sardinero,Santander
141,Segunda División,2023,5262,FC Cartagena,CAR,1995,Estadio Municipal Cartagonova,Cartagena
141,Segunda División,2023,8157,FC Andorra,,,Estadi Nacional,Andorra la Vella
141,Segunda División,2023,9380,Amorebieta,AMO,1925,Campo Municipal de Urritxe,Amorebieta-Echano
141,Segunda División,2023,9409,Racing Ferrol,FER,1919,Estadio Municipal de A Malata,Ferrol
141,Segunda División,2023,9580,Burgos,BUR,1922,Estadio Municipal de El Plantío,Burgos
141,Segunda División,2023,9595,Villarreal II,VIL,1923,Estadio de la Cerámica,Villarreal
141,Segunda División,2023,9692,Eldense,,1921,Estadio Municipal Nuevo Pepico Amat,Elda
141,Segunda División,2024,535,Malaga,MAL,1948,Estadio La Rosaleda,Málaga
141,Segunda División,2024,539,Levante,LEV,1909,Estadio Ciudad de Valencia,Valencia
141,Segunda División,2024,544,Deportivo La Coruna,COR,1906,Estadio Abanca-Riazor,La Coruña
141,Segunda División,2024,545,Eibar,EIB,1940,Estadio Municipal de Ipurúa,Eibar
141,Segunda División,2024,713,Cordoba,COR,1954,Estadio Nuevo Arcángel,Córdoba
141,Segunda División,2024,715,Granada CF,GRA,1931,Estadio Nuevo Los Cármenes,Granada
141,Segunda División,2024,718,Oviedo,OVI,1926,Estadio Nuevo Carlos Tartiere,Oviedo
141,Segunda División,2024,719,Tenerife,TEN,1922,Estadio Heliodoro Rodríguez Lopéz,Santa Cruz de Tenerife (Tenerife)
141,Segunda División,2024,722,Albacete,ALB,1940,Estadio Carlos Belmonte,Albacete
141,Segunda División,2024,723,Almeria,ALM,1989,Power Horse Stadium – Estadio de los Juegos Mediterráneos,Almería
141,Segunda División,2024,724,Cadiz,CAD,1910,Estadio Nuevo Mirandilla,Cádiz
141,Segunda División,2024,726,Huesca,HUE,1922,Estadio El Alcoraz,Huesca
141,Segunda División,2024,731,Sporting Gijon,GIJ,1905,Estadio Municipal El Molinón,Gijón
141,Segunda División,2024,732,Zaragoza,ZAR,1932,Estadio de la Romareda,Zaragoza
141,Segunda División,2024,797,Elche,ELC,1923,Estadio Manuel Martínez Valero,Elche
141,Segunda División,2024,799,Mirandes,MIR,1927,Estadio Municipal de Anduva,Miranda de Ebro
141,Segunda División,2024,4665,Racing Santander,SAN,1913,Campos de Sport de El Sardinero,Santander
141,Segunda División,2024,5254,Castellón,,1922,Nou Estadi Castalia,Castellón de la Plana
141,Segunda División,2024,5262,FC Cartagena,CAR,1995,Estadio Municipal Cartagonova,Cartagena
141,Segunda División,2024,9409,Racing Ferrol,FER,1919,Estadio Municipal de A Malata,Ferrol
141,Segunda División,2024,9580,Burgos,BUR,1922,Estadio Municipal de El Plantío,Burgos
141,Segunda División,2024,9692,Eldense,,1921,Estadio Municipal Nuevo Pepico Amat,Elda
143,Copa del Rey,2022,529,Barcelona,BAR,1899,Camp Nou,Barcelona
143,Copa del Rey,2022,530,Atletico Madrid,ATM,1903,Estádio Cívitas Metropolitano,Madrid
143,Copa del Rey,2022,531,Athletic Club,BIL,1898,San Mamés Barria,Bilbao
143,Copa del Rey,2022,532,Valencia,VAL,1919,Estadio de Mestalla,Valencia
143,Copa del Rey,2022,533,Villarreal,VIL,1923,Estadio de la Cerámica,Villarreal
143,Copa del Rey,2022,534,Las Palmas,PAL,1949,Estadio de Gran Canaria,Las Palmas de Gran Canaria
143,Copa del Rey,2022,535,Malaga,MAL,1948,Estadio La Rosaleda,Málaga
143,Copa del Rey,2022,536,Sevilla,SEV,1890,Estadio Ramón Sánchez Pizjuán,Sevilla
143,Copa del Rey,2022,537,Leganes,LEG,1928,Estadio Municipal de Butarque,Leganés
143,Copa del Rey,2022,538,Celta Vigo,CEL,1923,Estadio Abanca-Balaídos,Vigo
143,Copa del Rey,2022,539,Levante,LEV,1909,Estadio Ciudad de Valencia,Valencia
143,Copa del Rey,2022,540,Espanyol,ESP,1900,Stage Front Stadium,Cornella de Llobregat
143,Copa del Rey,2022,541,Real Madrid,REA,1902,Estadio Santiago Bernabéu,Madrid
143,Copa del Rey,2022,542,Alaves,ALA,1921,Estadio de Mendizorroza,Vitoria-Gasteiz
143,Copa del Rey,2022,543,Real Betis,BET,1907,Estadio La Cartuja de Sevilla,Sevilla
143,Copa del Rey,2022,544,Deportivo La Coruna,COR,1906,Estadio Abanca-Riazor,La Coruña
143,Copa del Rey,2022,545,Eibar,EIB,1940,Estadio Municipal de Ipurúa,Eibar
143,Copa del Rey,2022,546,Getafe,GET,1983,Estadio Coliseum,Getafe
143,Copa del Rey,2022,547,Girona,GIR,1930,Estadi Municipal de Montilivi,Girona
143,Copa del Rey,2022,548,Real Sociedad,RSO,1909,Reale Arena,Donostia-San Sebastián
143,Copa del Rey,2022,711,Alcorcon,ALC,1971,Estadio Santo Domingo,Alcorcón
143,Copa del Rey,2022,713,Cordoba,COR,1954,Estadio Nuevo Arcángel,Córdoba
143,Copa del Rey,2022,714,Gimnastic,GIM,1914,Nou Estadi Costa Daurada,Tarragona
143,Copa del Rey,2022,715,Granada CF,GRA,1931,Estadio Nuevo Los Cármenes,Granada
143,Copa del Rey,2022,716,Lugo,LUG,1953,Estadio Anxo Carro,Lugo
143,Copa del Rey,2022,717,Numancia,NUM,1945,Nuevo Estadio Los Pajaritos,Soria
143,Copa del Rey,2022,718,Oviedo,OVI,1926,Estadio Nuevo Carlos Tartiere,Oviedo
143,Copa del Rey,2022,719,Tenerife,TEN,1922,Estadio Heliodoro Rodríguez Lopéz,Santa Cruz de Tenerife (Tenerife)
143,Copa del Rey,2022,720,Valladolid,VAL,1928,Estadio Municipal José Zorrilla,Valladolid
143,Copa del Rey,2022,722,Albacete,ALB,1940,Estadio Carlos Belmonte,Albacete
143,Copa del Rey,2022,723,Almeria,ALM,1989,Power Horse Stadium – Estadio de los Juegos Mediterráneos,Almería
143,Copa del Rey,2022,724,Cadiz,CAD,1910,Estadio Nuevo Mirandilla,Cádiz
143,Copa del Rey,2022,726,Huesca,HUE,1922,Estadio El Alcoraz,Huesca
143,Copa del Rey,2022,727,Osasuna,OSA,1920,Estadio El Sadar,Iruñea
143,Copa del Rey,2022,728,Rayo Vallecano,RAY,1924,Estadio de Vallecas,Madrid
143,Copa del Rey,2022,731,Sporting Gijon,GIJ,1905,Estadio Municipal El Molinón,Gijón
143,Copa del Rey,2022,732,Zaragoza,ZAR,1932,Estadio de la Romareda,Zaragoza
143,Copa del Rey,2022,797,Elche,ELC,1923,Estadio Manuel Martínez Valero,Elche
143,Copa del Rey,2022,798,Mallorca,MAL,1916,Estadi Mallorca Son Moix,Palma de Mallorca
143,Copa del Rey,2022,799,Mirandes,MIR,1927,Estadio Municipal de Anduva,Miranda de Ebro
143,Copa del Rey,2022,861,Rayo Majadahonda,,1976,Miniestadio Cerro del Espino,Majadahonda
143,Copa del Rey,2022,4665,Racing Santander,SAN,1913,Campos de Sport de El Sardinero,Santander
143,Copa del Rey,2022,4666,Hércules,HER,1922,Estadio José Rico Pérez,Alicante
143,Copa del Rey,2022,4906,Fuenlabrada,FUE,,Estadio Fernando Torres,Fuenlabrada
143,Copa del Rey,2022,4907,Ponferradina,PON,1922,Estadio El Toralín,Ponferrada
143,Copa del Rey,2022,5262,FC Cartagena,CAR,1995,Estadio Municipal Cartagonova,Cartagena
143,Copa del Rey,2022,5263,Gernika,,1922,Estadio Urbieta,Gernika-Lumo
143,Copa del Rey,2022,5264,Gimnástica Torrelavega,,1907,Estadio El Malecón,Torrelavega
143,Copa del Rey,2022,5266,Lleida Esportiu,LLE,2011,Camp d'Esports de Lleida,Lleida
143,Copa del Rey,2022,5271,Navalcarnero,,1928,Campo de San Francisco,Reinosa
143,Copa del Rey,2022,5275,Real Murcia,MUR,1908,Estadio Enrique Roca de Murcia,Murcia
143,Copa del Rey,2022,5278,Teruel,,1945,Estadio La Pinila,Teruel
143,Copa del Rey,2022,5280,UD Logroñés,LOG,1967,Estadio Nuevo Municipal Las Gaunas,Logroño
143,Copa del Rey,2022,5283,Yeclano,,2004,Estadio Municipal La Constitución,Yecla
143,Copa del Rey,2022,7524,Melilla CD,,,Estadio La Espiguera,Melilla
143,Copa del Rey,2022,8157,FC Andorra,,,Estadi Nacional,Andorra la Vella
143,Copa del Rey,2022,8160,Intercity,,2018,Ciudad Deportiva Antonio Solana,Alicante
143,Copa del Rey,2022,9380,Amorebieta,AMO,1925,Campo Municipal de Urritxe,Amorebieta-Echano
143,Copa del Rey,2022,9381,Atlético Baleares,BAL,1942,Estadio Balear,"Palma de Mallorca, Illes Balears"
143,Copa del Rey,2022,9384,Cacereño,CAC,1919,Estadio Príncipe Felipe,Cáceres
143,Copa del Rey,2022,9385,Coruxo,COR,1930,Campo do Vao,Vigo
143,Copa del Rey,2022,9388,Guijuelo,GUI,1974,Estadio Municipal Luis Ramos,Guijuelo
143,Copa del Rey,2022,9390,Ibiza,,2015,Estadio Can Misses – Power Electronic,Ibiza
143,Copa del Rey,2022,9393,La Nucía,,1995,Estadi Olímpic Camilo Cano,La Nucia
143,Copa del Rey,2022,9395,Las Rozas,,,Polideportivo Dehesa de Navalcarbón 2,Las Rozas de Madrid
143,Copa del Rey,2022,9396,Lealtad,,1916,Estadio Las Callejas,Villaviciosa
143,Copa del Rey,2022,9398,Linares Deportivo,,2009,Estadio Municipal de Linarejos,Linares
143,Copa del Rey,2022,9403,Olot,,1921,Camp Municipal d'Olot,Olot
143,Copa del Rey,2022,9405,Peña Deportiva,,,Campo Municipal del Santa Eulalia del Río,Ibiza
143,Copa del Rey,2022,9407,Pontevedra,,1941,Estadio Municipal de Pasarón,Pontevedra
143,Copa del Rey,2022,9409,Racing Ferrol,FER,1919,Estadio Municipal de A Malata,Ferrol
143,Copa del Rey,2022,9410,Recreativo Huelva,REC,1889,Estadio Nuevo Colombino,Huelva
143,Copa del Rey,2022,9413,Sestao River,SES,1996,Estadio Las Llanas,Sestao
143,Copa del Rey,2022,9578,Arenas Getxo,,1909,Estadio Municipal de Gobela,Getxo
143,Copa del Rey,2022,9580,Burgos,BUR,1922,Estadio Municipal de El Plantío,Burgos
143,Copa del Rey,2022,9586,Real Unión,REA,1915,Estadio Gal,Irún
143,Copa del Rey,2022,9604,Arenteiro,,,Estadio de Espiñedo,O Carballiño
143,Copa del Rey,2022,9612,Ourense CF,,,Estadio O Couto,Ourense
143,Copa del Rey,2022,9652,Vimenor,,1929,Estadio La Vidriera,Vioño de Piélagos
143,Copa del Rey,2022,9657,Beasain,,1905,Estado Municipal de Loinaz,Beasain
143,Copa del Rey,2022,9675,Manresa,,,Estadio El Congost,Manresa
143,Copa del Rey,2022,9687,Alzira,,1922,Estadio Luis Suñer Picó,Alzira
143,Copa del Rey,2022,9692,Eldense,,1921,Estadio Municipal Nuevo Pepico Amat,Elda
143,Copa del Rey,2022,9699,Saguntino,,1951,Estadio Nou Camp de Morvedre,Sagunt
143,Copa del Rey,2022,9719,Unión Adarve,,,Centro Deportivo Municipal Vicente del Bosque,Madrid
143,Copa del Rey,2022,9721,Almazán,,,Estadio Municipal de la Arboleda,Almazán
143,Copa del Rey,2022,9728,Cristo Atlético,,,Estadio La Nueva Balastera,Palencia
143,Copa del Rey,2022,9746,Huétor Tájar,,1938,Estadio Municipal Miguel Moranto,Huétor Tájar
143,Copa del Rey,2022,9767,San Roque Lepe,,1956,Estadio Municipal Ciudad de Lepe,Lepe
143,Copa del Rey,2022,9769,Utrera,,1946,Estadio San Juan Bosco,Utrera
143,Copa del Rey,2022,9781,Ibiza Islas Pitiusas,,,Estadio Can Misses – Power Electronic,Ibiza
143,Copa del Rey,2022,9784,Manacor,,,Poliesportiu Municipal Na Capellera,Manacor
143,Copa del Rey,2022,9791,Atlético Paso,,,Campo Municipal de El Paso,El Paso
143,Copa del Rey,2022,9827,CD Coria,,1965,Estadio La Isla,Coria
143,Copa del Rey,2022,9829,Diocesano,,,Estadio Manuel Sánchez Delgado,Cáceres
143,Copa del Rey,2022,9847,Cirbonero,,1943,Estadio San Juan,Cintruénigo
143,Copa del Rey,2022,9855,San Juan,,1962,Estadio San Juan,Pamplona
143,Copa del Rey,2022,9860,Alfaro,,1922,Estadio La Molineta,Alfaro
143,Copa del Rey,2022,9862,Arnedo,,1957,Estadio Sendero,Arnedo
143,Copa del Rey,2022,9891,Utebo,,,Estadio Santa Ana,Utebo
143,Copa del Rey,2022,9900,Guadalajara,,1947,Estadio Pedro Escartín,Guadalajara
143,Copa del Rey,2022,9906,Quintanar del Rey,,,Estadio San Marcos,Quintanar del Rey
143,Copa del Rey,2022,10139,AD Ceuta FC,,1956,Estadio Municipal Alfonso Murube,Ceuta
143,Copa del Rey,2022,10140,Mérida AD,,2013,Estadio Romano,Mérida
143,Copa del Rey,2022,15311,Cardassar,,,Camp Municipal D'esports Sant Llorenç des Cardassar,Sant Llorenç des Cardassar
143,Copa del Rey,2022,15324,Racing Rioja,,,Estadio El Salvador,Logroño
143,Copa del Rey,2022,15359,Juventud Torremolinos,,,Campo Municipal El Pozuelo,Torremolinos
143,Copa del Rey,2022,15527,Rincón,,1964,Estadio Francisco Romero,Rincón de la Victoria
143,Copa del Rey,2022,18090,Ceuta 6 de Junio,,2020,,
143,Copa del Rey,2022,18096,Mollerussa,,,Camp Municipal d'Esports,Mollerussa
143,Copa del Rey,2022,20437,Alcora,,,,
143,Copa del Rey,2022,20438,Algar,,,Estadio Sánchez Luengo,El Algar
143,Copa del Rey,2022,20439,Amigó,,,,
143,Copa del Rey,2022,20440,Atlético Lugones,,,Estadio Santa Bárbara,Lugones
143,Copa del Rey,2022,20441,Autol,,,Estadio La Manzanera,Autol
143,Copa del Rey,2022,20442,Barbadás,,1998,Estadio Os Carrís,Barbadás
143,Copa del Rey,2022,20443,Cazalegas,,,Ciudad Deportiva Ebora Formación,Cazalegas
143,Copa del Rey,2022,20444,Dinamo San Juan,,,,
143,Copa del Rey,2022,20445,Fuentes,,,Campo de fútbol San Miguel de Fuentes de Ebro,Fuentes de Ebro
143,Copa del Rey,2022,20446,Los Yébenes SB,,1970,Estadio Eustasio Casallo,Madrid
143,Copa del Rey,2022,20447,Montilla,,1973,Estadio Municipal,Montilla
143,Copa del Rey,2022,20448,Santa Amalia,,1969,Estadio Municipal de Santa Amalia,Santa Amalia
143,Copa del Rey,2022,20449,Turégano,,,,
143,Copa del Rey,2022,20450,Universitario FC,,,,
143,Copa del Rey,2022,20451,Velarde,,,Estadio Municipal de La Maruca,Muriedas
143,Copa del Rey,2023,529,Barcelona,BAR,1899,Camp Nou,Barcelona
143,Copa del Rey,2023,530,Atletico Madrid,ATM,1903,Estádio Cívitas Metropolitano,Madrid
143,Copa del Rey,2023,531,Athletic Club,BIL,1898,San Mamés Barria,Bilbao
143,Copa del Rey,2023,532,Valencia,VAL,1919,Estadio de Mestalla,Valencia
143,Copa del Rey,2023,533,Villarreal,VIL,1923,Estadio de la Cerámica,Villarreal
143,Copa del Rey,2023,534,Las Palmas,PAL,1949,Estadio de Gran Canaria,Las Palmas de Gran Canaria
143,Copa del Rey,2023,535,Malaga,MAL,1948,Estadio La Rosaleda,Málaga
143,Copa del Rey,2023,536,Sevilla,SEV,1890,Estadio Ramón Sánchez Pizjuán,Sevilla
143,Copa del Rey,2023,537,Leganes,LEG,1928,Estadio Municipal de Butarque,Leganés
143,Copa del Rey,2023,538,Celta Vigo,CEL,1923,Estadio Abanca-Balaídos,Vigo
143,Copa del Rey,2023,539,Levante,LEV,1909,Estadio Ciudad de Valencia,Valencia
143,Copa del Rey,2023,540,Espanyol,ESP,1900,Stage Front Stadium,Cornella de Llobregat
143,Copa del Rey,2023,541,Real Madrid,REA,1902,Estadio Santiago Bernabéu,Madrid
143,Copa del Rey,2023,542,Alaves,ALA,1921,Estadio de Mendizorroza,Vitoria-Gasteiz
143,Copa del Rey,2023,543,Real Betis,BET,1907,Estadio La Cartuja de Sevilla,Sevilla
143,Copa del Rey,2023,544,Deportivo La Coruna,COR,1906,Estadio Abanca-Riazor,La Coruña
143,Copa del Rey,2023,545,Eibar,EIB,1940,Estadio Municipal de Ipurúa,Eibar
143,Copa del Rey,2023,546,Getafe,GET,1983,Estadio Coliseum,Getafe
143,Copa del Rey,2023,547,Girona,GIR,1930,Estadi Municipal de Montilivi,Girona
143,Copa del Rey,2023,548,Real Sociedad,RSO,1909,Reale Arena,Donostia-San Sebastián
143,Copa del Rey,2023,593,Europa Fc,,1907,Camp Municipal de Futbol Nou Sardenya,Barcelona
143,Copa del Rey,2023,711,Alcorcon,ALC,1971,Estadio Santo Domingo,Alcorcón
143,Copa del Rey,2023,714,Gimnastic,GIM,1914,Nou Estadi Costa Daurada,Tarragona
143,Copa del Rey,2023,715,Granada CF,GRA,1931,Estadio Nuevo Los Cármenes,Granada
143,Copa del Rey,2023,716,Lugo,LUG,1953,Estadio Anxo Carro,Lugo
143,Copa del Rey,2023,718,Oviedo,OVI,1926,Estadio Nuevo Carlos Tartiere,Oviedo
143,Copa del Rey,2023,719,Tenerife,TEN,1922,Estadio Heliodoro Rodríguez Lopéz,Santa Cruz de Tenerife (Tenerife)
143,Copa del Rey,2023,720,Valladolid,VAL,1928,Estadio Municipal José Zorrilla,Valladolid
143,Copa del Rey,2023,722,Albacete,ALB,1940,Estadio Carlos Belmonte,Albacete
143,Copa del Rey,2023,723,Almeria,ALM,1989,Power Horse Stadium – Estadio de los Juegos Mediterráneos,Almería
143,Copa del Rey,2023,724,Cadiz,CAD,1910,Estadio Nuevo Mirandilla,Cádiz
143,Copa del Rey,2023,726,Huesca,HUE,1922,Estadio El Alcoraz,Huesca
143,Copa del Rey,2023,727,Osasuna,OSA,1920,Estadio El Sadar,Iruñea
143,Copa del Rey,2023,728,Rayo Vallecano,RAY,1924,Estadio de Vallecas,Madrid
143,Copa del Rey,2023,731,Sporting Gijon,GIJ,1905,Estadio Municipal El Molinón,Gijón
143,Copa del Rey,2023,732,Zaragoza,ZAR,1932,Estadio de la Romareda,Zaragoza
143,Copa del Rey,2023,797,Elche,ELC,1923,Estadio Manuel Martínez Valero,Elche
143,Copa del Rey,2023,798,Mallorca,MAL,1916,Estadi Mallorca Son Moix,Palma de Mallorca
143,Copa del Rey,2023,799,Mirandes,MIR,1927,Estadio Municipal de Anduva,Miranda de Ebro
143,Copa del Rey,2023,800,Ucam Murcia,,2009,Estadio BeSoccer La Condomina,Murcia
143,Copa del Rey,2023,4665,Racing Santander,SAN,1913,Campos de Sport de El Sardinero,Santander
143,Copa del Rey,2023,4666,Hércules,HER,1922,Estadio José Rico Pérez,Alicante
143,Copa del Rey,2023,4907,Ponferradina,PON,1922,Estadio El Toralín,Ponferrada
143,Copa del Rey,2023,5250,Badalona,BAD,1903,Estadi Municipal de Badalona,Badalona
143,Copa del Rey,2023,5251,Barakaldo,BAR,1917,Estadio Nuevo Lasesarre,Barakaldo
143,Copa del Rey,2023,5253,CF Talavera,,2011,Estadio El Prado,Talavera de la Reina
143,Copa del Rey,2023,5254,Castellón,,1922,Nou Estadi Castalia,Castellón de la Plana
143,Copa del Rey,2023,5256,Compostela,COM,1962,Estadio Multiusos de San Lázaro,Santiago de Compostela
143,Copa del Rey,2023,5262,FC Cartagena,CAR,1995,Estadio Municipal Cartagonova,Cartagena
143,Copa del Rey,2023,5263,Gernika,,1922,Estadio Urbieta,Gernika-Lumo
143,Copa del Rey,2023,5267,Marbella,,1997,Estadio Municipal Antonio Lorenzo Cuevas,Marbella
143,Copa del Rey,2023,5268,Melilla,MEL,1943,Estadio Álvarez Claro,Melilla
143,Copa del Rey,2023,5269,Mensajero,,1922,Estadio Silvestre Carrillo,Santa Cruz de la Palma (La Palma)
143,Copa del Rey,2023,5271,Navalcarnero,,1928,Campo de San Francisco,Reinosa
143,Copa del Rey,2023,5274,Real Jaén,JAE,1922,Nuevo Estadio La Victoria,Jaén
143,Copa del Rey,2023,5275,Real Murcia,MUR,1908,Estadio Enrique Roca de Murcia,Murcia
143,Copa del Rey,2023,5278,Teruel,,1945,Estadio La Pinila,Teruel
143,Copa del Rey,2023,5279,Tudelano,TUD,1935,Estadio Municipal Ciudad de Tudela,Tudela
143,Copa del Rey,2023,5280,UD Logroñés,LOG,1967,Estadio Nuevo Municipal Las Gaunas,Logroño
143,Copa del Rey,2023,5281,Unionistas de Salamanca,,2013,Campo de Futbol Reina Sofía,Salamanca
143,Copa del Rey,2023,5282,Villanovense,VIL,1992,Estadio Municipal Villanovense,Villanueva de la Serena
143,Copa del Rey,2023,5283,Yeclano,,2004,Estadio Municipal La Constitución,Yecla
143,Copa del Rey,2023,7522,Antoniano,,,Estadio Municipal,Lebrija
143,Copa del Rey,2023,7524,Melilla CD,,,Estadio La Espiguera,Melilla
143,Copa del Rey,2023,8151,Andratx,,,Camp Municipal Sa Plana,Andratx
143,Copa del Rey,2023,8157,FC Andorra,,,Estadi Nacional,Andorra la Vella
143,Copa del Rey,2023,9380,Amorebieta,AMO,1925,Campo Municipal de Urritxe,Amorebieta-Echano
143,Copa del Rey,2023,9384,Cacereño,CAC,1919,Estadio Príncipe Felipe,Cáceres
143,Copa del Rey,2023,9387,Gimnástica Segoviana,,1928,Estadio Municipal de La Albuera,Segovia
143,Copa del Rey,2023,9388,Guijuelo,GUI,1974,Estadio Municipal Luis Ramos,Guijuelo
143,Copa del Rey,2023,9390,Ibiza,,2015,Estadio Can Misses – Power Electronic,Ibiza
143,Copa del Rey,2023,9398,Linares Deportivo,,2009,Estadio Municipal de Linarejos,Linares
143,Copa del Rey,2023,9400,Lorca Deportiva,,2012,Estadio Francisco Artés Carrasco,Lorca
143,Copa del Rey,2023,9404,Orihuela,ORI,1993,Estadio Municipal Los Arcos,Orihuela
143,Copa del Rey,2023,9405,Peña Deportiva,,,Campo Municipal del Santa Eulalia del Río,Ibiza
143,Copa del Rey,2023,9409,Racing Ferrol,FER,1919,Estadio Municipal de A Malata,Ferrol
143,Copa del Rey,2023,9410,Recreativo Huelva,REC,1889,Estadio Nuevo Colombino,Huelva
143,Copa del Rey,2023,9413,Sestao River,SES,1996,Estadio Las Llanas,Sestao
143,Copa del Rey,2023,9416,Tarazona,,1969,Estadio Municipal de Tarazona,Tarazona
143,Copa del Rey,2023,9418,Zamora,,1969,Estadio Ruta de la Plata,Zamora
143,Copa del Rey,2023,9580,Burgos,BUR,1922,Estadio Municipal de El Plantío,Burgos
143,Copa del Rey,2023,9601,Sanluqueño,SAN,,Estadio El Palmar,Sanlúcar de Barrameda
143,Copa del Rey,2023,9604,Arenteiro,,,Estadio de Espiñedo,O Carballiño
143,Copa del Rey,2023,9605,Arosa,,1945,Estadio A Lomba,Vilagarcía de Arousa
143,Copa del Rey,2023,9623,Covadonga,VAD,1979,Estadio Juan Antonio Alvarez Rabanal,Oviedo
143,Copa del Rey,2023,9632,Real Avilés,,1903,Estadio Román Suárez Puerta,Avilés
143,Copa del Rey,2023,9664,Santurtzi,,1952,Estadio San Jorge,Santurtzi
143,Copa del Rey,2023,9675,Manresa,,,Estadio El Congost,Manresa
143,Copa del Rey,2023,9681,Terrassa,,1906,Estadi Olímpic de Terrassa,Terrassa
143,Copa del Rey,2023,9688,Atzeneta,,,Campo De Futbol El Regit,Atzeneta d&apos;Albaida
143,Copa del Rey,2023,9692,Eldense,,1921,Estadio Municipal Nuevo Pepico Amat,Elda
143,Copa del Rey,2023,9722,Arandina,,1987,Estadio El Montecillo,Aranda de Duero
143,Copa del Rey,2023,9723,Atlético Astorga,,,Estadio La Eragudina,Astorga
143,Copa del Rey,2023,9742,Antequera,,1992,Estadio El Maulí,Antequera
143,Copa del Rey,2023,9767,San Roque Lepe,,1956,Estadio Municipal Ciudad de Lepe,Lepe
143,Copa del Rey,2023,9784,Manacor,,,Poliesportiu Municipal Na Capellera,Manacor
143,Copa del Rey,2023,9823,Águilas,,2010,Estadio El Rubial,Águilas
143,Copa del Rey,2023,9826,Azuaga,,,Estadio CD Azuaga,Azuaga
143,Copa del Rey,2023,9833,Llerenense,,,Estadio Fernando Robina,Llerena
143,Copa del Rey,2023,9858,Valle Egüés,,1968,Estadio Sarriguren,Sarriguren
143,Copa del Rey,2023,9868,Náxara,,1966,Estadio La Salera,Nájera
143,Copa del Rey,2023,9870,Pradejón,,,Polideportivo Municipal Pradejón,Pradejón
143,Copa del Rey,2023,9873,Varea,,2009,Estadio Municipal de Varea,Varea
143,Copa del Rey,2023,9879,Barbastro,,1934,Estadio Municipal de Deportes,Barbastro
143,Copa del Rey,2023,9891,Utebo,,,Estadio Santa Ana,Utebo
143,Copa del Rey,2023,9905,Manchego,,2009,Polideportivo Juan Carlos I,Ciudad Real
143,Copa del Rey,2023,15339,Cayón,,1915,Estadio Fernando Astobiza,"Sarón, Santa María de Cayón"
143,Copa del Rey,2023,15524,Buñol,,1921,Beltrán Baguena,Buñol
143,Copa del Rey,2023,17591,Ursaria,,,Estadio Polideportivo la Dehesa,Madrid
143,Copa del Rey,2023,17600,Rotlet Molinar,,,Camp De Futbol Municipal,Palma de Mallorca
143,Copa del Rey,2023,18090,Ceuta 6 de Junio,,2020,,
143,Copa del Rey,2023,20440,Atlético Lugones,,,Estadio Santa Bárbara,Lugones
143,Copa del Rey,2023,20449,Turégano,,,,
143,Copa del Rey,2023,21905,Chiclana,,,,
143,Copa del Rey,2023,22566,Boiro,,1966,Campo Municipal de Barraña,Boiro
143,Copa del Rey,2023,22567,Deportivo Murcia,,,,
143,Copa del Rey,2023,22568,Hernán Cortés,,,Estadio Municipal de Hernán Cortés,Hernán Cortés
143,Copa del Rey,2023,22569,Mijas Las Lagunas,,,Ciudad Deportiva Las Lagunas,Las Lagunas de Mijas
143,Copa del Rey,2023,22570,Monte,,,,
143,Copa del Rey,2023,22571,Quintanar,,,,
143,Copa del Rey,2023,22572,Rubí,,1912,Estadio Can Rosés,Rubí
143,Copa del Rey,2023,22573,Sauzal,,,,
143,Copa del Rey,2023,22574,Tardienta,,,,
143,Copa del Rey,2023,22575,Unión Zona Norte,,,,
143,Copa del Rey,2023,22576,Zirauki,,,,
143,Copa del Rey,2024,529,Barcelona,BAR,1899,Camp Nou,Barcelona
143,Copa del Rey,2024,530,Atletico Madrid,ATM,1903,Estádio Cívitas Metropolitano,Madrid
143,Copa del Rey,2024,531,Athletic Club,BIL,1898,San Mamés Barria,Bilbao
143,Copa del Rey,2024,532,Valencia,VAL,1919,Estadio de Mestalla,Valencia
143,Copa del Rey,2024,533,Villarreal,VIL,1923,Estadio de la Cerámica,Villarreal
143,Copa del Rey,2024,534,Las Palmas,PAL,1949,Estadio de Gran Canaria,Las Palmas de Gran Canaria
143,Copa del Rey,2024,535,Malaga,MAL,1948,Estadio La Rosaleda,Málaga
143,Copa del Rey,2024,536,Sevilla,SEV,1890,Estadio Ramón Sánchez Pizjuán,Sevilla
143,Copa del Rey,2024,537,Leganes,LEG,1928,Estadio Municipal de Butarque,Leganés
143,Copa del Rey,2024,538,Celta Vigo,CEL,1923,Estadio Abanca-Balaídos,Vigo
143,Copa del Rey,2024,539,Levante,LEV,1909,Estadio Ciudad de Valencia,Valencia
143,Copa del Rey,2024,540,Espanyol,ESP,1900,Stage Front Stadium,Cornella de Llobregat
143,Copa del Rey,2024,541,Real Madrid,REA,1902,Estadio Santiago Bernabéu,Madrid
143,Copa del Rey,2024,542,Alaves,ALA,1921,Estadio de Mendizorroza,Vitoria-Gasteiz
143,Copa del Rey,2024,543,Real Betis,BET,1907,Estadio La Cartuja de Sevilla,Sevilla
143,Copa del Rey,2024,544,Deportivo La Coruna,COR,1906,Estadio Abanca-Riazor,La Coruña
143,Copa del Rey,2024,545,Eibar,EIB,1940,Estadio Municipal de Ipurúa,Eibar
143,Copa del Rey,2024,546,Getafe,GET,1983,Estadio Coliseum,Getafe
143,Copa del Rey,2024,547,Girona,GIR,1930,Estadi Municipal de Montilivi,Girona
143,Copa del Rey,2024,548,Real Sociedad,RSO,1909,Reale Arena,Donostia-San Sebastián
143,Copa del Rey,2024,593,Europa Fc,,1907,Camp Municipal de Futbol Nou Sardenya,Barcelona
143,Copa del Rey,2024,711,Alcorcon,ALC,1971,Estadio Santo Domingo,Alcorcón
143,Copa del Rey,2024,713,Cordoba,COR,1954,Estadio Nuevo Arcángel,Córdoba
143,Copa del Rey,2024,714,Gimnastic,GIM,1914,Nou Estadi Costa Daurada,Tarragona
143,Copa del Rey,2024,715,Granada CF,GRA,1931,Estadio Nuevo Los Cármenes,Granada
143,Copa del Rey,2024,717,Numancia,NUM,1945,Nuevo Estadio Los Pajaritos,Soria
143,Copa del Rey,2024,718,Oviedo,OVI,1926,Estadio Nuevo Carlos Tartiere,Oviedo
143,Copa del Rey,2024,719,Tenerife,TEN,1922,Estadio Heliodoro Rodríguez Lopéz,Santa Cruz de Tenerife (Tenerife)
143,Copa del Rey,2024,720,Valladolid,VAL,1928,Estadio Municipal José Zorrilla,Valladolid
143,Copa del Rey,2024,722,Albacete,ALB,1940,Estadio Carlos Belmonte,Albacete
143,Copa del Rey,2024,723,Almeria,ALM,1989,Power Horse Stadium – Estadio de los Juegos Mediterráneos,Almería
143,Copa del Rey,2024,724,Cadiz,CAD,1910,Estadio Nuevo Mirandilla,Cádiz
143,Copa del Rey,2024,725,Cultural Leonesa,CUL,1923,Estadio Municipal Reino de León,León
143,Copa del Rey,2024,726,Huesca,HUE,1922,Estadio El Alcoraz,Huesca
143,Copa del Rey,2024,727,Osasuna,OSA,1920,Estadio El Sadar,Iruñea
143,Copa del Rey,2024,728,Rayo Vallecano,RAY,1924,Estadio de Vallecas,Madrid
143,Copa del Rey,2024,731,Sporting Gijon,GIJ,1905,Estadio Municipal El Molinón,Gijón
143,Copa del Rey,2024,732,Zaragoza,ZAR,1932,Estadio de la Romareda,Zaragoza
143,Copa del Rey,2024,797,Elche,ELC,1923,Estadio Manuel Martínez Valero,Elche
143,Copa del Rey,2024,798,Mallorca,MAL,1916,Estadi Mallorca Son Moix,Palma de Mallorca
143,Copa del Rey,2024,799,Mirandes,MIR,1927,Estadio Municipal de Anduva,Miranda de Ebro
143,Copa del Rey,2024,4665,Racing Santander,SAN,1913,Campos de Sport de El Sardinero,Santander
143,Copa del Rey,2024,4666,Hércules,HER,1922,Estadio José Rico Pérez,Alicante
143,Copa del Rey,2024,4907,Ponferradina,PON,1922,Estadio El Toralín,Ponferrada
143,Copa del Rey,2024,5250,Badalona,BAD,1903,Estadi Municipal de Badalona,Badalona
143,Copa del Rey,2024,5251,Barakaldo,BAR,1917,Estadio Nuevo Lasesarre,Barakaldo
143,Copa del Rey,2024,5254,Castellón,,1922,Nou Estadi Castalia,Castellón de la Plana
143,Copa del Rey,2024,5256,Compostela,COM,1962,Estadio Multiusos de San Lázaro,Santiago de Compostela
143,Copa del Rey,2024,5257,Conquense,CON,1946,Estadio Municipal La Fuensanta,Cuenca
143,Copa del Rey,2024,5259,Don Benito,,1928,Estadio Vicente Sanz,Don Benito
143,Copa del Rey,2024,5262,FC Cartagena,CAR,1995,Estadio Municipal Cartagonova,Cartagena
143,Copa del Rey,2024,5265,Langreo,,1961,Estadio Nuevo Ganzábal,"La Felguera, Langreo"
143,Copa del Rey,2024,5266,Lleida Esportiu,LLE,2011,Camp d'Esports de Lleida,Lleida
143,Copa del Rey,2024,5267,Marbella,,1997,Estadio Municipal Antonio Lorenzo Cuevas,Marbella
143,Copa del Rey,2024,5273,Poblense,,,Estadio Municipal de Sa Pobla,Sa Pobla (Mallorca
143,Copa del Rey,2024,5274,Real Jaén,JAE,1922,Nuevo Estadio La Victoria,Jaén
143,Copa del Rey,2024,5277,Sant Andreu,SAN,1909,Camp Municipal Narcís Sala,Barcelona
143,Copa del Rey,2024,5279,Tudelano,TUD,1935,Estadio Municipal Ciudad de Tudela,Tudela
143,Copa del Rey,2024,5280,UD Logroñés,LOG,1967,Estadio Nuevo Municipal Las Gaunas,Logroño
143,Copa del Rey,2024,5281,Unionistas de Salamanca,,2013,Campo de Futbol Reina Sofía,Salamanca
143,Copa del Rey,2024,5283,Yeclano,,2004,Estadio Municipal La Constitución,Yecla
143,Copa del Rey,2024,7524,Melilla CD,,,Estadio La Espiguera,Melilla
143,Copa del Rey,2024,8157,FC Andorra,,,Estadi Nacional,Andorra la Vella
143,Copa del Rey,2024,9380,Amorebieta,AMO,1925,Campo Municipal de Urritxe,Amorebieta-Echano
143,Copa del Rey,2024,9383,Bergantiños,,,Estadio As Eiroas,Carballo
143,Copa del Rey,2024,9384,Cacereño,CAC,1919,Estadio Príncipe Felipe,Cáceres
143,Copa del Rey,2024,9386,Escobedo,,1917,Estadio Eusebio Arce,Escobedo de Camargo
143,Copa del Rey,2024,9387,Gimnástica Segoviana,,1928,Estadio Municipal de La Albuera,Segovia
143,Copa del Rey,2024,9388,Guijuelo,GUI,1974,Estadio Municipal Luis Ramos,Guijuelo
143,Copa del Rey,2024,9390,Ibiza,,2015,Estadio Can Misses – Power Electronic,Ibiza
143,Copa del Rey,2024,9392,L'Hospitalet,HOS,1957,Estadio Municipal de Hospitalet de Llobregat,L&apos;Hospitalet de Llobregat
143,Copa del Rey,2024,9394,Laredo,,1927,Campo San Lorenzo,Laredo
143,Copa del Rey,2024,9395,Las Rozas,,,Polideportivo Dehesa de Navalcarbón 2,Las Rozas de Madrid
143,Copa del Rey,2024,9403,Olot,,1921,Camp Municipal d'Olot,Olot
143,Copa del Rey,2024,9404,Orihuela,ORI,1993,Estadio Municipal Los Arcos,Orihuela
143,Copa del Rey,2024,9407,Pontevedra,,1941,Estadio Municipal de Pasarón,Pontevedra
143,Copa del Rey,2024,9409,Racing Ferrol,FER,1919,Estadio Municipal de A Malata,Ferrol
143,Copa del Rey,2024,9412,SS Reyes,,1971,Estadio Municipal Nuevo Matapiñonera,San Sebastián de los Reyes
143,Copa del Rey,2024,9418,Zamora,,1969,Estadio Ruta de la Plata,Zamora
143,Copa del Rey,2024,9580,Burgos,BUR,1922,Estadio Municipal de El Plantío,Burgos
143,Copa del Rey,2024,9588,Salamanca UDS,,2013,Estadio El Helmántico,Salamanca
143,Copa del Rey,2024,9589,Ejea,,1927,Estadio de Luchán,Ejea de los Caballeros
143,Copa del Rey,2024,9612,Ourense CF,,,Estadio O Couto,Ourense
143,Copa del Rey,2024,9627,Llanera,,,Campo Municipal de Fútbol Pepe Quimarán,Llanera
143,Copa del Rey,2024,9645,Selaya,,1931,Estadio El Castañal,Selaya
143,Copa del Rey,2024,9657,Beasain,,1905,Estado Municipal de Loinaz,Beasain
143,Copa del Rey,2024,9692,Eldense,,1921,Estadio Municipal Nuevo Pepico Amat,Elda
143,Copa del Rey,2024,9694,Jove Español,,2004,Ciudad Deportiva de San Vicente del Raspeig,San Vicente del Raspeig
143,Copa del Rey,2024,9712,Móstoles,,1996,Estadio Municipal de El Soto,Móstoles
143,Copa del Rey,2024,9736,Real Ávila,,,Estadio Municipal Adolfo Suárez,Ávila
143,Copa del Rey,2024,9756,Ciudad de Lucena,LUC,,Estadio Ciudad de Lucena,Lucena
143,Copa del Rey,2024,9770,Xerez,,1947,Estadio Municipal de Chapín,Jerez de la Frontera
143,Copa del Rey,2024,9781,Ibiza Islas Pitiusas,,,Estadio Can Misses – Power Electronic,Ibiza
143,Copa del Rey,2024,9791,Atlético Paso,,,Campo Municipal de El Paso,El Paso
143,Copa del Rey,2024,9797,Lanzarote,,1970,Campo de fútbol Francisco Bermúdez Hernández,Tías
143,Copa del Rey,2024,9811,Deportiva Minera,,1949,Estadio Municipal Ángel Celdrán,El Llano del Beal
143,Copa del Rey,2024,9823,Águilas,,2010,Estadio El Rubial,Águilas
143,Copa del Rey,2024,9827,CD Coria,,1965,Estadio La Isla,Coria
143,Copa del Rey,2024,9843,Baztán,,1925,Paraje Gilxaurdi,Elizondo
143,Copa del Rey,2024,9849,Cortes,,,Estadio San Francisco Javier,Cortes (Navarra)
143,Copa del Rey,2024,9860,Alfaro,,1922,Estadio La Molineta,Alfaro
143,Copa del Rey,2024,9879,Barbastro,,1934,Estadio Municipal de Deportes,Barbastro
143,Copa del Rey,2024,9886,Cuarte,,,Nuevo Estadio Municipal Cuarte de Huerva,Cuarte de Huerva
143,Copa del Rey,2024,9891,Utebo,,,Estadio Santa Ana,Utebo
143,Copa del Rey,2024,10139,AD Ceuta FC,,1956,Estadio Municipal Alfonso Murube,Ceuta
143,Copa del Rey,2024,15358,Estepona,,,Estadio Municipal Francisco Muñoz Pérez,Estepona
143,Copa del Rey,2024,15359,Juventud Torremolinos,,,Campo Municipal El Pozuelo,Torremolinos
143,Copa del Rey,2024,17562,UD San Pedro,,1973,Estadio Municipal,San Pedro de Alcántara
143,Copa del Rey,2024,18090,Ceuta 6 de Junio,,2020,,
143,Copa del Rey,2024,20259,Aurrerá Vitoria,,1935,Estadio Olaranbe,Vitoria-Gasteiz
143,Copa del Rey,2024,21905,Chiclana,,,,
143,Copa del Rey,2024,24612,Extremadura 1924,,2022,,
143,Copa del Rey,2024,25030,Astur,,,Estadio Hermanos Llana,Oviedo
143,Copa del Rey,2024,25031,Dolorense,,,,
143,Copa del Rey,2024,25032,Gévora,,,Campo De Fútbol Gévora,Gévora
143,Copa del Rey,2024,25033,Manises,,,Campo Vicente Martínez Catalá,Manises
143,Copa del Rey,2024,25034,Ontiñena,,,,
143,Copa del Rey,2024,25035,Parla Escuela,,,,
143,Copa del Rey,2024,25036,Playas Sotavento,,,,
143,Copa del Rey,2024,25037,Promesas EDF,,,,
143,Copa del Rey,2024,25038,San Tirso,,,,
143,Copa del Rey,2024,25039,Sonseca,,,Estadio Martín Juanes,Sonseca
143,Copa del Rey,2024,25040,Sporting Mahón,,,,
143,Copa del Rey,2024,25041,Vic,,,Estadi Municipal de Futbol de Vic,Vic
143,Copa del Rey,2024,25042,Villamuriel,,1976,Municipal Rafael Vázquez Sedano,Palencia
136,Serie B,2022,490,Cagliari,CAG,1920,Unipol Domus,Cagliari
136,Serie B,2022,493,Spal,SPA,1907,Stadio Paolo Mazza,Ferrara
136,Serie B,2022,495,Genoa,GEN,1893,Stadio Comunale Luigi Ferraris,Genova
136,Serie B,2022,506,Benevento,BEN,1929,Stadio Ciro Vigorito,Benevento
136,Serie B,2022,507,Ascoli,ASC,1898,Stadio Cino e Lillo Del Duca,Ascoli Piceno
136,Serie B,2022,508,Bari,BAR,1908,Stadio Comunale San Nicola,Bari
136,Serie B,2022,510,Cittadella,CIT,1973,Stadio Pier Cesare Tombolato,Cittadella
136,Serie B,2022,512,Frosinone,FRO,1928,Stadio Benito Stirpe,Frosinone
136,Serie B,2022,516,Ternana,TER,1925,Stadio Libero Liberati,Terni
136,Serie B,2022,517,Venezia,VEN,1907,Stadio Pierluigi Penzo,Venezia
136,Serie B,2022,518,Brescia,BRE,1911,Stadio Mario Rigamonti,Brescia
136,Serie B,2022,522,Palermo,PAL,1900,Stadio Renzo Barbera,Palermo
136,Serie B,2022,523,Parma,PAR,1913,Stadio Ennio Tardini,Parma
136,Serie B,2022,524,Perugia,PER,1905,Stadio Renato Curi,Perugia
136,Serie B,2022,801,Pisa,PIS,1909,Arena Garibaldi - Stadio Romeo Anconetani,Pisa
136,Serie B,2022,895,Como,COM,1907,Stadio Giuseppe Sinigaglia,Como
136,Serie B,2022,899,Modena,MOD,1912,Stadio Alberto Braglia,Modena
136,Serie B,2022,1578,Sudtirol,SUD,1974,Stadio Marco Druso,Bozen
136,Serie B,2022,1692,Reggina,REG,1914,Stadio Oreste Granillo,Reggio Calabria
136,Serie B,2022,10137,Cosenza,NUO,1914,Stadio San Vito-Luigi Marulla,Cosenza
136,Serie B,2023,498,Sampdoria,SAM,1946,Stadio Comunale Luigi Ferraris,Genova
136,Serie B,2023,507,Ascoli,ASC,1898,Stadio Cino e Lillo Del Duca,Ascoli Piceno
136,Serie B,2023,508,Bari,BAR,1908,Stadio Comunale San Nicola,Bari
136,Serie B,2023,510,Cittadella,CIT,1973,Stadio Pier Cesare Tombolato,Cittadella
136,Serie B,2023,515,Spezia,SPE,1906,Stadio Alberto Picco,La Spezia
136,Serie B,2023,516,Ternana,TER,1925,Stadio Libero Liberati,Terni
136,Serie B,2023,517,Venezia,VEN,1907,Stadio Pierluigi Penzo,Venezia
136,Serie B,2023,518,Brescia,BRE,1911,Stadio Mario Rigamonti,Brescia
136,Serie B,2023,520,Cremonese,CRE,1903,Stadio Giovanni Zini,Cremona
136,Serie B,2023,522,Palermo,PAL,1900,Stadio Renzo Barbera,Palermo
136,Serie B,2023,523,Parma,PAR,1913,Stadio Ennio Tardini,Parma
136,Serie B,2023,801,Pisa,PIS,1909,Arena Garibaldi - Stadio Romeo Anconetani,Pisa
136,Serie B,2023,880,Reggiana,REG,1919,MAPEI Stadium - Città del Tricolore,Reggio Emilia
136,Serie B,2023,884,Feralpisalo,FER,2009,Stadio Leonardo Garilli,Piacenza
136,Serie B,2023,895,Como,COM,1907,Stadio Giuseppe Sinigaglia,Como
136,Serie B,2023,899,Modena,MOD,1912,Stadio Alberto Braglia,Modena
136,Serie B,2023,1578,Sudtirol,SUD,1974,Stadio Marco Druso,Bozen
136,Serie B,2023,1687,Catanzaro,CAT,1929,Stadio Nicola Ceravolo,Catanzaro
136,Serie B,2023,6379,Lecco,LEC,1912,Stadio Rigamonti Ceppi,Lecco
136,Serie B,2023,10137,Cosenza,NUO,1914,Stadio San Vito-Luigi Marulla,Cosenza
136,Serie B,2024,488,Sassuolo,SAS,1922,MAPEI Stadium - Città del Tricolore,Reggio Emilia
136,Serie B,2024,498,Sampdoria,SAM,1946,Stadio Comunale Luigi Ferraris,Genova
136,Serie B,2024,508,Bari,BAR,1908,Stadio Comunale San Nicola,Bari
136,Serie B,2024,509,Cesena,CES,1940,Orogel Stadium-Dino Manuzzi,Cesena
136,Serie B,2024,510,Cittadella,CIT,1973,Stadio Pier Cesare Tombolato,Cittadella
136,Serie B,2024,512,Frosinone,FRO,1928,Stadio Benito Stirpe,Frosinone
136,Serie B,2024,514,Salernitana,SAL,2011,Stadio Arechi,Salerno
136,Serie B,2024,515,Spezia,SPE,1906,Stadio Alberto Picco,La Spezia
136,Serie B,2024,518,Brescia,BRE,1911,Stadio Mario Rigamonti,Brescia
136,Serie B,2024,520,Cremonese,CRE,1903,Stadio Giovanni Zini,Cremona
136,Serie B,2024,522,Palermo,PAL,1900,Stadio Renzo Barbera,Palermo
136,Serie B,2024,801,Pisa,PIS,1909,Arena Garibaldi - Stadio Romeo Anconetani,Pisa
136,Serie B,2024,863,Juve Stabia,JUV,1907,Stadio Comunale Romeo Menti,Castellammare di Stabia
136,Serie B,2024,880,Reggiana,REG,1919,MAPEI Stadium - Città del Tricolore,Reggio Emilia
136,Serie B,2024,899,Modena,MOD,1912,Stadio Alberto Braglia,Modena
136,Serie B,2024,1578,Sudtirol,SUD,1974,Stadio Marco Druso,Bozen
136,Serie B,2024,1581,Carrarese,CAR,,Stadio dei Marmi,Carrara
136,Serie B,2024,1687,Catanzaro,CAT,1929,Stadio Nicola Ceravolo,Catanzaro
136,Serie B,2024,1693,Mantova,MAN,1906,Stadio Danilo Martelli,Mantova
136,Serie B,2024,10137,Cosenza,NUO,1914,Stadio San Vito-Luigi Marulla,Cosenza
137,Coppa Italia,2022,487,Lazio,LAZ,1900,Stadio Olimpico,Roma
137,Coppa Italia,2022,488,Sassuolo,SAS,1922,MAPEI Stadium - Città del Tricolore,Reggio Emilia
137,Coppa Italia,2022,489,AC Milan,MIL,1899,Stadio Giuseppe Meazza,Milano
137,Coppa Italia,2022,490,Cagliari,CAG,1920,Unipol Domus,Cagliari
137,Coppa Italia,2022,492,Napoli,NAP,1904,Stadio Diego Armando Maradona,Napoli
137,Coppa Italia,2022,493,Spal,SPA,1907,Stadio Paolo Mazza,Ferrara
137,Coppa Italia,2022,494,Udinese,UDI,1896,Bluenergy Stadium,Udine
137,Coppa Italia,2022,495,Genoa,GEN,1893,Stadio Comunale Luigi Ferraris,Genova
137,Coppa Italia,2022,496,Juventus,JUV,1897,Allianz Stadium,Torino
137,Coppa Italia,2022,497,AS Roma,ROM,1927,Stadio Olimpico,Roma
137,Coppa Italia,2022,498,Sampdoria,SAM,1946,Stadio Comunale Luigi Ferraris,Genova
137,Coppa Italia,2022,499,Atalanta,ATA,1907,Gewiss Stadium,Bergamo
137,Coppa Italia,2022,500,Bologna,BOL,1909,Stadio Renato Dall'Ara,Bologna
137,Coppa Italia,2022,502,Fiorentina,FIO,1926,Stadio Artemio Franchi,Firenze
137,Coppa Italia,2022,503,Torino,TOR,1906,Stadio Olimpico Grande Torino,Torino
137,Coppa Italia,2022,504,Hellas Verona,VER,1903,Stadio Marc'Antonio Bentegodi,Verona
137,Coppa Italia,2022,505,Inter,INT,1908,Stadio Giuseppe Meazza,Milano
137,Coppa Italia,2022,506,Benevento,BEN,1929,Stadio Ciro Vigorito,Benevento
137,Coppa Italia,2022,507,Ascoli,ASC,1898,Stadio Cino e Lillo Del Duca,Ascoli Piceno
137,Coppa Italia,2022,508,Bari,BAR,1908,Stadio Comunale San Nicola,Bari
137,Coppa Italia,2022,510,Cittadella,CIT,1973,Stadio Pier Cesare Tombolato,Cittadella
137,Coppa Italia,2022,511,Empoli,EMP,1920,Stadio Carlo Castellani – Computer Gross Arena,Empoli
137,Coppa Italia,2022,512,Frosinone,FRO,1928,Stadio Benito Stirpe,Frosinone
137,Coppa Italia,2022,514,Salernitana,SAL,2011,Stadio Arechi,Salerno
137,Coppa Italia,2022,515,Spezia,SPE,1906,Stadio Alberto Picco,La Spezia
137,Coppa Italia,2022,516,Ternana,TER,1925,Stadio Libero Liberati,Terni
137,Coppa Italia,2022,517,Venezia,VEN,1907,Stadio Pierluigi Penzo,Venezia
137,Coppa Italia,2022,518,Brescia,BRE,1911,Stadio Mario Rigamonti,Brescia
137,Coppa Italia,2022,520,Cremonese,CRE,1903,Stadio Giovanni Zini,Cremona
137,Coppa Italia,2022,522,Palermo,PAL,1900,Stadio Renzo Barbera,Palermo
137,Coppa Italia,2022,523,Parma,PAR,1913,Stadio Ennio Tardini,Parma
137,Coppa Italia,2022,524,Perugia,PER,1905,Stadio Renato Curi,Perugia
137,Coppa Italia,2022,801,Pisa,PIS,1909,Arena Garibaldi - Stadio Romeo Anconetani,Pisa
137,Coppa Italia,2022,867,Lecce,LEC,1908,Stadio Comunale Via del Mare,Lecce
137,Coppa Italia,2022,870,Padova,PAD,2014,Stadio Comunale Euganeo,Padova
137,Coppa Italia,2022,880,Reggiana,REG,1919,MAPEI Stadium - Città del Tricolore,Reggio Emilia
137,Coppa Italia,2022,884,Feralpisalo,FER,2009,Stadio Leonardo Garilli,Piacenza
137,Coppa Italia,2022,895,Como,COM,1907,Stadio Giuseppe Sinigaglia,Como
137,Coppa Italia,2022,899,Modena,MOD,1912,Stadio Alberto Braglia,Modena
137,Coppa Italia,2022,1578,Sudtirol,SUD,1974,Stadio Marco Druso,Bozen
137,Coppa Italia,2022,1579,Monza,MON,1912,U-Power Stadium,Monza
137,Coppa Italia,2022,1687,Catanzaro,CAT,1929,Stadio Nicola Ceravolo,Catanzaro
137,Coppa Italia,2022,1692,Reggina,REG,1914,Stadio Oreste Granillo,Reggio Calabria
137,Coppa Italia,2022,10137,Cosenza,NUO,1914,Stadio San Vito-Luigi Marulla,Cosenza
137,Coppa Italia,2023,487,Lazio,LAZ,1900,Stadio Olimpico,Roma
137,Coppa Italia,2023,488,Sassuolo,SAS,1922,MAPEI Stadium - Città del Tricolore,Reggio Emilia
137,Coppa Italia,2023,489,AC Milan,MIL,1899,Stadio Giuseppe Meazza,Milano
137,Coppa Italia,2023,490,Cagliari,CAG,1920,Unipol Domus,Cagliari
137,Coppa Italia,2023,492,Napoli,NAP,1904,Stadio Diego Armando Maradona,Napoli
137,Coppa Italia,2023,494,Udinese,UDI,1896,Bluenergy Stadium,Udine
137,Coppa Italia,2023,495,Genoa,GEN,1893,Stadio Comunale Luigi Ferraris,Genova
137,Coppa Italia,2023,496,Juventus,JUV,1897,Allianz Stadium,Torino
137,Coppa Italia,2023,497,AS Roma,ROM,1927,Stadio Olimpico,Roma
137,Coppa Italia,2023,498,Sampdoria,SAM,1946,Stadio Comunale Luigi Ferraris,Genova
137,Coppa Italia,2023,499,Atalanta,ATA,1907,Gewiss Stadium,Bergamo
137,Coppa Italia,2023,500,Bologna,BOL,1909,Stadio Renato Dall'Ara,Bologna
137,Coppa Italia,2023,501,Crotone,CRO,1923,Stadio Ezio Scida,Crotone
137,Coppa Italia,2023,502,Fiorentina,FIO,1926,Stadio Artemio Franchi,Firenze
137,Coppa Italia,2023,503,Torino,TOR,1906,Stadio Olimpico Grande Torino,Torino
137,Coppa Italia,2023,504,Hellas Verona,VER,1903,Stadio Marc'Antonio Bentegodi,Verona
137,Coppa Italia,2023,505,Inter,INT,1908,Stadio Giuseppe Meazza,Milano
137,Coppa Italia,2023,507,Ascoli,ASC,1898,Stadio Cino e Lillo Del Duca,Ascoli Piceno
137,Coppa Italia,2023,508,Bari,BAR,1908,Stadio Comunale San Nicola,Bari
137,Coppa Italia,2023,509,Cesena,CES,1940,Orogel Stadium-Dino Manuzzi,Cesena
137,Coppa Italia,2023,510,Cittadella,CIT,1973,Stadio Pier Cesare Tombolato,Cittadella
137,Coppa Italia,2023,511,Empoli,EMP,1920,Stadio Carlo Castellani – Computer Gross Arena,Empoli
137,Coppa Italia,2023,512,Frosinone,FRO,1928,Stadio Benito Stirpe,Frosinone
137,Coppa Italia,2023,514,Salernitana,SAL,2011,Stadio Arechi,Salerno
137,Coppa Italia,2023,515,Spezia,SPE,1906,Stadio Alberto Picco,La Spezia
137,Coppa Italia,2023,516,Ternana,TER,1925,Stadio Libero Liberati,Terni
137,Coppa Italia,2023,517,Venezia,VEN,1907,Stadio Pierluigi Penzo,Venezia
137,Coppa Italia,2023,520,Cremonese,CRE,1903,Stadio Giovanni Zini,Cremona
137,Coppa Italia,2023,521,Foggia,FOG,1920,Stadio Comunale Pino Zaccheria,Foggia
137,Coppa Italia,2023,522,Palermo,PAL,1900,Stadio Renzo Barbera,Palermo
137,Coppa Italia,2023,523,Parma,PAR,1913,Stadio Ennio Tardini,Parma
137,Coppa Italia,2023,525,Pescara,PES,1936,Stadio Adriatico-Giovanni Cornacchia,Pescara
137,Coppa Italia,2023,527,Virtus Entella,ENT,1914,Stadio Comunale Chiavari,Chiavari
137,Coppa Italia,2023,801,Pisa,PIS,1909,Arena Garibaldi - Stadio Romeo Anconetani,Pisa
137,Coppa Italia,2023,867,Lecce,LEC,1908,Stadio Comunale Via del Mare,Lecce
137,Coppa Italia,2023,880,Reggiana,REG,1919,MAPEI Stadium - Città del Tricolore,Reggio Emilia
137,Coppa Italia,2023,884,Feralpisalo,FER,2009,Stadio Leonardo Garilli,Piacenza
137,Coppa Italia,2023,895,Como,COM,1907,Stadio Giuseppe Sinigaglia,Como
137,Coppa Italia,2023,899,Modena,MOD,1912,Stadio Alberto Braglia,Modena
137,Coppa Italia,2023,1578,Sudtirol,SUD,1974,Stadio Marco Druso,Bozen
137,Coppa Italia,2023,1579,Monza,MON,1912,U-Power Stadium,Monza
137,Coppa Italia,2023,1584,Vicenza Virtus,VIC,1902,Stadio Romeo Menti,Vicenza
137,Coppa Italia,2023,1687,Catanzaro,CAT,1929,Stadio Nicola Ceravolo,Catanzaro
137,Coppa Italia,2023,10137,Cosenza,NUO,1914,Stadio San Vito-Luigi Marulla,Cosenza
137,Coppa Italia,2024,487,Lazio,LAZ,1900,Stadio Olimpico,Roma
137,Coppa Italia,2024,488,Sassuolo,SAS,1922,MAPEI Stadium - Città del Tricolore,Reggio Emilia
137,Coppa Italia,2024,489,AC Milan,MIL,1899,Stadio Giuseppe Meazza,Milano
137,Coppa Italia,2024,490,Cagliari,CAG,1920,Unipol Domus,Cagliari
137,Coppa Italia,2024,492,Napoli,NAP,1904,Stadio Diego Armando Maradona,Napoli
137,Coppa Italia,2024,494,Udinese,UDI,1896,Bluenergy Stadium,Udine
137,Coppa Italia,2024,495,Genoa,GEN,1893,Stadio Comunale Luigi Ferraris,Genova
137,Coppa Italia,2024,496,Juventus,JUV,1897,Allianz Stadium,Torino
137,Coppa Italia,2024,497,AS Roma,ROM,1927,Stadio Olimpico,Roma
137,Coppa Italia,2024,498,Sampdoria,SAM,1946,Stadio Comunale Luigi Ferraris,Genova
137,Coppa Italia,2024,499,Atalanta,ATA,1907,Gewiss Stadium,Bergamo
137,Coppa Italia,2024,500,Bologna,BOL,1909,Stadio Renato Dall'Ara,Bologna
137,Coppa Italia,2024,502,Fiorentina,FIO,1926,Stadio Artemio Franchi,Firenze
137,Coppa Italia,2024,503,Torino,TOR,1906,Stadio Olimpico Grande Torino,Torino
137,Coppa Italia,2024,504,Hellas Verona,VER,1903,Stadio Marc'Antonio Bentegodi,Verona
137,Coppa Italia,2024,505,Inter,INT,1908,Stadio Giuseppe Meazza,Milano
137,Coppa Italia,2024,508,Bari,BAR,1908,Stadio Comunale San Nicola,Bari
137,Coppa Italia,2024,509,Cesena,CES,1940,Orogel Stadium-Dino Manuzzi,Cesena
137,Coppa Italia,2024,510,Cittadella,CIT,1973,Stadio Pier Cesare Tombolato,Cittadella
137,Coppa Italia,2024,511,Empoli,EMP,1920,Stadio Carlo Castellani – Computer Gross Arena,Empoli
137,Coppa Italia,2024,512,Frosinone,FRO,1928,Stadio Benito Stirpe,Frosinone
137,Coppa Italia,2024,514,Salernitana,SAL,2011,Stadio Arechi,Salerno
137,Coppa Italia,2024,515,Spezia,SPE,1906,Stadio Alberto Picco,La Spezia
137,Coppa Italia,2024,517,Venezia,VEN,1907,Stadio Pierluigi Penzo,Venezia
137,Coppa Italia,2024,518,Brescia,BRE,1911,Stadio Mario Rigamonti,Brescia
137,Coppa Italia,2024,520,Cremonese,CRE,1903,Stadio Giovanni Zini,Cremona
137,Coppa Italia,2024,522,Palermo,PAL,1900,Stadio Renzo Barbera,Palermo
137,Coppa Italia,2024,523,Parma,PAR,1913,Stadio Ennio Tardini,Parma
137,Coppa Italia,2024,528,Avellino,AVE,1912,Stadio Partenio-Adriano Lombardi,Avellino
137,Coppa Italia,2024,801,Pisa,PIS,1909,Arena Garibaldi - Stadio Romeo Anconetani,Pisa
137,Coppa Italia,2024,863,Juve Stabia,JUV,1907,Stadio Comunale Romeo Menti,Castellammare di Stabia
137,Coppa Italia,2024,867,Lecce,LEC,1908,Stadio Comunale Via del Mare,Lecce
137,Coppa Italia,2024,870,Padova,PAD,2014,Stadio Comunale Euganeo,Padova
137,Coppa Italia,2024,880,Reggiana,REG,1919,MAPEI Stadium - Città del Tricolore,Reggio Emilia
137,Coppa Italia,2024,895,Como,COM,1907,Stadio Giuseppe Sinigaglia,Como
137,Coppa Italia,2024,899,Modena,MOD,1912,Stadio Alberto Braglia,Modena
137,Coppa Italia,2024,1578,Sudtirol,SUD,1974,Stadio Marco Druso,Bozen
137,Coppa Italia,2024,1579,Monza,MON,1912,U-Power Stadium,Monza
137,Coppa Italia,2024,1580,Catania,CAT,1908,Stadio Angelo Massimino,Catania
137,Coppa Italia,2024,1581,Carrarese,CAR,,Stadio dei Marmi,Carrara
137,Coppa Italia,2024,1687,Catanzaro,CAT,1929,Stadio Nicola Ceravolo,Catanzaro
137,Coppa Italia,2024,1693,Mantova,MAN,1906,Stadio Danilo Martelli,Mantova
137,Coppa Italia,2024,9534,Torres,,1903,Stadio Vanni Sanna,Sassari
137,Coppa Italia,2024,10137,Cosenza,NUO,1914,Stadio San Vito-Luigi Marulla,Cosenza
203,Süper Lig,2022,549,Beşiktaş,BES,1903,Tüpraş Stadyumu,İstanbul
203,Süper Lig,2022,564,Başakşehir,IST,1990,Başakşehir Fatih Terim Stadyumu,İstanbul
203,Süper Lig,2022,607,Konyaspor,KON,1922,Medaş Konya Büyükşehir Stadyumu,Konya
203,Süper Lig,2022,611,Fenerbahçe,FEN,1907,Chobani Stadyumu Fenerbahçe Şükrü Saracoğlu Spor Kompleksi,İstanbul
203,Süper Lig,2022,645,Galatasaray,GAL,1905,RAMS Park,İstanbul
203,Süper Lig,2022,996,Alanyaspor,ALA,1948,GAIN Park Stadium,Antalya
203,Süper Lig,2022,998,Trabzonspor,TRA,1967,Papara Park,Trabzon
203,Süper Lig,2022,1001,Kayserispor,KAY,1966,RHG Enertürk Enerji Stadyumu,Kayseri
203,Süper Lig,2022,1002,Sivasspor,SIV,1967,BG Group 4 Eylül Stadyumu,Sivas
203,Süper Lig,2022,1004,Kasımpaşa,KAS,1921,Recep Tayyip Erdoğan Stadyumu,İstanbul
203,Süper Lig,2022,1005,Antalyaspor,ANT,1966,Corendon Airlines Park,Antalya
203,Süper Lig,2022,1010,Ankaragücü,ANK,1910,Eryaman Stadyumu,Ankara
203,Süper Lig,2022,3563,Adana Demirspor,ADA,1941,Yeni Adana Stadyumu,Adana
203,Süper Lig,2022,3573,Gaziantep FK,GAZ,1988,Gaziantep Stadyumu,Gaziantep
203,Süper Lig,2022,3574,Giresunspor,GIR,1967,Çotanak Stadyumu,Giresun
203,Süper Lig,2022,3575,Hatayspor,HAT,1967,Mersin Stadyumu,Mersin
203,Süper Lig,2022,3577,Ümraniyespor,UMR,1938,Ümraniye Hekimbaşı Şehir Stadyumu,İstanbul
203,Süper Lig,2022,3578,İstanbulspor,IST,1926,Esenyurt Necmi Kadıoğlu Stadyumu,İstanbul
203,Süper Lig,2022,3589,Fatih Karagümrük,KAR,0,Atatürk Olimpiyat Stadı,İstanbul
203,Süper Lig,2023,549,Beşiktaş,BES,1903,Tüpraş Stadyumu,İstanbul
203,Süper Lig,2023,564,Başakşehir,IST,1990,Başakşehir Fatih Terim Stadyumu,İstanbul
203,Süper Lig,2023,607,Konyaspor,KON,1922,Medaş Konya Büyükşehir Stadyumu,Konya
203,Süper Lig,2023,611,Fenerbahçe,FEN,1907,Chobani Stadyumu Fenerbahçe Şükrü Saracoğlu Spor Kompleksi,İstanbul
203,Süper Lig,2023,645,Galatasaray,GAL,1905,RAMS Park,İstanbul
203,Süper Lig,2023,996,Alanyaspor,ALA,1948,GAIN Park Stadium,Antalya
203,Süper Lig,2023,998,Trabzonspor,TRA,1967,Papara Park,Trabzon
203,Süper Lig,2023,1001,Kayserispor,KAY,1966,RHG Enertürk Enerji Stadyumu,Kayseri
203,Süper Lig,2023,1002,Sivasspor,SIV,1967,BG Group 4 Eylül Stadyumu,Sivas
203,Süper Lig,2023,1004,Kasımpaşa,KAS,1921,Recep Tayyip Erdoğan Stadyumu,İstanbul
203,Süper Lig,2023,1005,Antalyaspor,ANT,1966,Corendon Airlines Park,Antalya
203,Süper Lig,2023,1007,Rizespor,RIZ,1953,Çaykur Didi Stadyumu,Rize
203,Süper Lig,2023,1010,Ankaragücü,ANK,1910,Eryaman Stadyumu,Ankara
203,Süper Lig,2023,3563,Adana Demirspor,ADA,1941,Yeni Adana Stadyumu,Adana
203,Süper Lig,2023,3573,Gaziantep FK,GAZ,1988,Gaziantep Stadyumu,Gaziantep
203,Süper Lig,2023,3575,Hatayspor,HAT,1967,Mersin Stadyumu,Mersin
203,Süper Lig,2023,3578,İstanbulspor,IST,1926,Esenyurt Necmi Kadıoğlu Stadyumu,İstanbul
203,Süper Lig,2023,3589,Fatih Karagümrük,KAR,0,Atatürk Olimpiyat Stadı,İstanbul
203,Süper Lig,2023,3601,Pendikspor,PEN,1950,Siltaş Yapı Pendik Stadyumu,İstanbul
203,Süper Lig,2023,3603,Samsunspor,SAM,1965,Samsun Yeni 19 Mayıs Stadyumu,Samsun
203,Süper Lig,2024,549,Beşiktaş,BES,1903,Tüpraş Stadyumu,İstanbul
203,Süper Lig,2024,564,Başakşehir,IST,1990,Başakşehir Fatih Terim Stadyumu,İstanbul
203,Süper Lig,2024,607,Konyaspor,KON,1922,Medaş Konya Büyükşehir Stadyumu,Konya
203,Süper Lig,2024,611,Fenerbahçe,FEN,1907,Chobani Stadyumu Fenerbahçe Şükrü Saracoğlu Spor Kompleksi,İstanbul
203,Süper Lig,2024,645,Galatasaray,GAL,1905,RAMS Park,İstanbul
203,Süper Lig,2024,994,Göztepe,GOZ,1925,Gürsel Aksel Stadyumu,İzmir
203,Süper Lig,2024,996,Alanyaspor,ALA,1948,GAIN Park Stadium,Antalya
203,Süper Lig,2024,998,Trabzonspor,TRA,1967,Papara Park,Trabzon
203,Süper Lig,2024,1001,Kayserispor,KAY,1966,RHG Enertürk Enerji Stadyumu,Kayseri
203,Süper Lig,2024,1002,Sivasspor,SIV,1967,BG Group 4 Eylül Stadyumu,Sivas
203,Süper Lig,2024,1004,Kasımpaşa,KAS,1921,Recep Tayyip Erdoğan Stadyumu,İstanbul
203,Süper Lig,2024,1005,Antalyaspor,ANT,1966,Corendon Airlines Park,Antalya
203,Süper Lig,2024,1007,Rizespor,RIZ,1953,Çaykur Didi Stadyumu,Rize
203,Süper Lig,2024,3563,Adana Demirspor,ADA,1941,Yeni Adana Stadyumu,Adana
203,Süper Lig,2024,3573,Gaziantep FK,GAZ,1988,Gaziantep Stadyumu,Gaziantep
203,Süper Lig,2024,3575,Hatayspor,HAT,1967,Mersin Stadyumu,Mersin
203,Süper Lig,2024,3583,Bodrum FK,,1931,Bodrum İlçe Stadı,Bodrum
203,Süper Lig,2024,3588,Eyüpspor,EYU,1919,Recep Tayyip Erdoğan Stadyumu,İstanbul
203,Süper Lig,2024,3603,Samsunspor,SAM,1965,Samsun Yeni 19 Mayıs Stadyumu,Samsun
210,HNL,2022,561,HNK Rijeka,RIJ,1946,Stadion HNK Rijeka,Rijeka
210,HNL,2022,608,HNK Hajduk Split,HAJ,1911,Stadion Poljud,Split
210,HNL,2022,616,NK Osijek,OSI,1947,Opus Arena,Osijek
210,HNL,2022,620,Dinamo Zagreb,ZAG,1911,Stadion Maksimir,Zagreb
210,HNL,2022,1016,Istra 1961,IST,1964,Stadion Aldo Drosina,Pula
210,HNL,2022,1017,NK Lokomotiva Zagreb,ZAG,1914,Stadion Maksimir,Zagreb
210,HNL,2022,1018,NK Slaven Belupo,BEL,1912,Gradski Stadion,Koprivnica
210,HNL,2022,1068,HNK Gorica,,2009,ŠRC Velika Gorica,Velika Gorica
210,HNL,2022,1475,Sibenik,,1929,Stadion Šubićevac,Šibenik
210,HNL,2022,1483,NK Varazdin,,1932,Stadion Anđelko Herjavec,Varaždin
210,HNL,2023,561,HNK Rijeka,RIJ,1946,Stadion HNK Rijeka,Rijeka
210,HNL,2023,608,HNK Hajduk Split,HAJ,1911,Stadion Poljud,Split
210,HNL,2023,616,NK Osijek,OSI,1947,Opus Arena,Osijek
210,HNL,2023,620,Dinamo Zagreb,ZAG,1911,Stadion Maksimir,Zagreb
210,HNL,2023,1016,Istra 1961,IST,1964,Stadion Aldo Drosina,Pula
210,HNL,2023,1017,NK Lokomotiva Zagreb,ZAG,1914,Stadion Maksimir,Zagreb
210,HNL,2023,1018,NK Slaven Belupo,BEL,1912,Gradski Stadion,Koprivnica
210,HNL,2023,1019,Rudes,,1957,Igralište NK Rudeš,Zagreb
210,HNL,2023,1068,HNK Gorica,,2009,ŠRC Velika Gorica,Velika Gorica
210,HNL,2023,1483,NK Varazdin,,1932,Stadion Anđelko Herjavec,Varaždin
210,HNL,2024,561,HNK Rijeka,RIJ,1946,Stadion HNK Rijeka,Rijeka
210,HNL,2024,608,HNK Hajduk Split,HAJ,1911,Stadion Poljud,Split
210,HNL,2024,616,NK Osijek,OSI,1947,Opus Arena,Osijek
210,HNL,2024,620,Dinamo Zagreb,ZAG,1911,Stadion Maksimir,Zagreb
210,HNL,2024,1016,Istra 1961,IST,1964,Stadion Aldo Drosina,Pula
210,HNL,2024,1017,NK Lokomotiva Zagreb,ZAG,1914,Stadion Maksimir,Zagreb
210,HNL,2024,1018,NK Slaven Belupo,BEL,1912,Gradski Stadion,Koprivnica
210,HNL,2024,1068,HNK Gorica,,2009,ŠRC Velika Gorica,Velika Gorica
210,HNL,2024,1475,Sibenik,,1929,Stadion Šubićevac,Šibenik
210,HNL,2024,1483,NK Varazdin,,1932,Stadion Anđelko Herjavec,Varaždin
103,Eliteserien,2022,320,Kristiansund BK,KRI,2003,Nordmøre stadion,Kristiansund
103,Eliteserien,2022,321,Lillestrom,LIL,1917,Åråsen Stadion,Kjeller
103,Eliteserien,2022,324,Stromsgodset,STR,1907,Marienlyst Stadion,Drammen
103,Eliteserien,2022,325,Tromso,TRO,1920,Romssa Arena,Tromsø
103,Eliteserien,2022,326,Valerenga,VAL,1913,Intility Arena,Oslo
103,Eliteserien,2022,327,Bodo/Glimt,BOD,1916,Aspmyra Stadion,Bodø
103,Eliteserien,2022,328,Haugesund,HAU,1993,Haugesund Sparebank Arena,Haugesund
103,Eliteserien,2022,329,Molde,MOL,1911,Aker Stadion,Molde
103,Eliteserien,2022,330,ODD Ballklubb,ODD,1894,Skagerak Arena,Skien
103,Eliteserien,2022,331,Rosenborg,ROS,1917,Lerkendal Stadion,Trondheim
103,Eliteserien,2022,332,Sandefjord,SAN,1998,Jotun Arena,Sandefjord
103,Eliteserien,2022,333,Sarpsborg 08 FF,SAR,1928,Sarpsborg Stadion,Sarpsborg
103,Eliteserien,2022,757,Aalesund,AAL,1914,Color Line Stadion,Ålesund
103,Eliteserien,2022,759,Viking,VIK,1899,Lyse Arena,Stavanger
103,Eliteserien,2022,2144,Kongsvinger,ANA,1892,Gjemselund Stadion,Kongsvinger
103,Eliteserien,2022,2151,jerv,JER,1921,J.J. Ugland Stadion,Grimstad
103,Eliteserien,2022,2159,Ham-Kam,HAM,1918,Briskeby Arena,Hamar
103,Eliteserien,2023,319,Brann,BRA,1908,Brann Stadion,Bergen
103,Eliteserien,2023,320,Kristiansund BK,KRI,2003,Nordmøre stadion,Kristiansund
103,Eliteserien,2023,321,Lillestrom,LIL,1917,Åråsen Stadion,Kjeller
103,Eliteserien,2023,323,Stabaek,STA,1912,Nadderud Stadion,Bærum
103,Eliteserien,2023,324,Stromsgodset,STR,1907,Marienlyst Stadion,Drammen
103,Eliteserien,2023,325,Tromso,TRO,1920,Romssa Arena,Tromsø
103,Eliteserien,2023,326,Valerenga,VAL,1913,Intility Arena,Oslo
103,Eliteserien,2023,327,Bodo/Glimt,BOD,1916,Aspmyra Stadion,Bodø
103,Eliteserien,2023,328,Haugesund,HAU,1993,Haugesund Sparebank Arena,Haugesund
103,Eliteserien,2023,329,Molde,MOL,1911,Aker Stadion,Molde
103,Eliteserien,2023,330,ODD Ballklubb,ODD,1894,Skagerak Arena,Skien
103,Eliteserien,2023,331,Rosenborg,ROS,1917,Lerkendal Stadion,Trondheim
103,Eliteserien,2023,332,Sandefjord,SAN,1998,Jotun Arena,Sandefjord
103,Eliteserien,2023,333,Sarpsborg 08 FF,SAR,1928,Sarpsborg Stadion,Sarpsborg
103,Eliteserien,2023,757,Aalesund,AAL,1914,Color Line Stadion,Ålesund
103,Eliteserien,2023,759,Viking,VIK,1899,Lyse Arena,Stavanger
103,Eliteserien,2023,2159,Ham-Kam,HAM,1918,Briskeby Arena,Hamar
103,Eliteserien,2024,319,Brann,BRA,1908,Brann Stadion,Bergen
103,Eliteserien,2024,320,Kristiansund BK,KRI,2003,Nordmøre stadion,Kristiansund
103,Eliteserien,2024,321,Lillestrom,LIL,1917,Åråsen Stadion,Kjeller
103,Eliteserien,2024,324,Stromsgodset,STR,1907,Marienlyst Stadion,Drammen
103,Eliteserien,2024,325,Tromso,TRO,1920,Romssa Arena,Tromsø
103,Eliteserien,2024,327,Bodo/Glimt,BOD,1916,Aspmyra Stadion,Bodø
103,Eliteserien,2024,328,Haugesund,HAU,1993,Haugesund Sparebank Arena,Haugesund
103,Eliteserien,2024,329,Molde,MOL,1911,Aker Stadion,Molde
103,Eliteserien,2024,330,ODD Ballklubb,ODD,1894,Skagerak Arena,Skien
103,Eliteserien,2024,331,Rosenborg,ROS,1917,Lerkendal Stadion,Trondheim
103,Eliteserien,2024,332,Sandefjord,SAN,1998,Jotun Arena,Sandefjord
103,Eliteserien,2024,333,Sarpsborg 08 FF,SAR,1928,Sarpsborg Stadion,Sarpsborg
103,Eliteserien,2024,759,Viking,VIK,1899,Lyse Arena,Stavanger
103,Eliteserien,2024,2143,KFUM Oslo,KFU,1939,KFUM Arena,Oslo
103,Eliteserien,2024,2149,Fredrikstad,FRE,1903,Nye Fredrikstad Stadion,Fredrikstad
103,Eliteserien,2024,2159,Ham-Kam,HAM,1918,Briskeby Arena,Hamar
103,Eliteserien,2024,7012,Moss,MOS,1906,Melløs Stadion,Moss
113,Allsvenskan,2022,363,Hammarby FF,HAM,1897,Tele2 Arena,Stockholm
113,Allsvenskan,2022,364,Djurgardens IF,DJU,1891,Tele2 Arena,Stockholm
113,Allsvenskan,2022,366,IFK Goteborg,GOT,1904,Gamla Ullevi,Göteborg
113,Allsvenskan,2022,367,BK Hacken,HAC,1940,Bravida Arena,Göteborg
113,Allsvenskan,2022,370,Sirius,SIR,1907,Studenternas IP,Uppsala
113,Allsvenskan,2022,372,IF Elfsborg,ELF,1904,Borås Arena,Borås
113,Allsvenskan,2022,373,GIF Sundsvall,SUN,1903,NP3 Arena,Sundsvall
113,Allsvenskan,2022,374,Kalmar FF,KAL,1910,Guldfågeln Arena,Kalmar
113,Allsvenskan,2022,375,Malmo FF,MAL,1910,Eleda Stadion,Malmö
113,Allsvenskan,2022,377,AIK Stockholm,AIK,1891,Friends Arena,Solna
113,Allsvenskan,2022,378,IFK Norrkoping,NOR,1897,PlatinumCars Arena,Norrköping
113,Allsvenskan,2022,811,Helsingborg,HEL,1907,Olympia,Helsingborg
113,Allsvenskan,2022,2163,IFK Varnamo,VAR,1912,Finnvedsvallen,Värnamo
113,Allsvenskan,2022,2171,Varbergs BoIS FC,VAR,1925,Varberg Energi Arena,Varberg
113,Allsvenskan,2022,2172,Degerfors IF,DEG,1907,Stora Valla,Degerfors
113,Allsvenskan,2022,2174,Osters IF,OST,1930,Visma Arena,Växjö
113,Allsvenskan,2022,2240,Mjallby AIF,MJA,1939,Strandvallen,Sölvesborg
113,Allsvenskan,2023,363,Hammarby FF,HAM,1897,Tele2 Arena,Stockholm
113,Allsvenskan,2023,364,Djurgardens IF,DJU,1891,Tele2 Arena,Stockholm
113,Allsvenskan,2023,366,IFK Goteborg,GOT,1904,Gamla Ullevi,Göteborg
113,Allsvenskan,2023,367,BK Hacken,HAC,1940,Bravida Arena,Göteborg
113,Allsvenskan,2023,370,Sirius,SIR,1907,Studenternas IP,Uppsala
113,Allsvenskan,2023,371,IF Brommapojkarna,BRO,1942,Grimsta IP,Stockholm
113,Allsvenskan,2023,372,IF Elfsborg,ELF,1904,Borås Arena,Borås
113,Allsvenskan,2023,374,Kalmar FF,KAL,1910,Guldfågeln Arena,Kalmar
113,Allsvenskan,2023,375,Malmo FF,MAL,1910,Eleda Stadion,Malmö
113,Allsvenskan,2023,377,AIK Stockholm,AIK,1891,Friends Arena,Solna
113,Allsvenskan,2023,378,IFK Norrkoping,NOR,1897,PlatinumCars Arena,Norrköping
113,Allsvenskan,2023,766,Halmstad,HAL,1914,Örjans Vall,Halmstad
113,Allsvenskan,2023,2163,IFK Varnamo,VAR,1912,Finnvedsvallen,Värnamo
113,Allsvenskan,2023,2171,Varbergs BoIS FC,VAR,1925,Varberg Energi Arena,Varberg
113,Allsvenskan,2023,2172,Degerfors IF,DEG,1907,Stora Valla,Degerfors
113,Allsvenskan,2023,2240,Mjallby AIF,MJA,1939,Strandvallen,Sölvesborg
113,Allsvenskan,2023,6706,Utsikten,UTS,1935,Ruddalens IP 1,Västra Frölunda
113,Allsvenskan,2024,363,Hammarby FF,HAM,1897,Tele2 Arena,Stockholm
113,Allsvenskan,2024,364,Djurgardens IF,DJU,1891,Tele2 Arena,Stockholm
113,Allsvenskan,2024,366,IFK Goteborg,GOT,1904,Gamla Ullevi,Göteborg
113,Allsvenskan,2024,367,BK Hacken,HAC,1940,Bravida Arena,Göteborg
113,Allsvenskan,2024,370,Sirius,SIR,1907,Studenternas IP,Uppsala
113,Allsvenskan,2024,371,IF Brommapojkarna,BRO,1942,Grimsta IP,Stockholm
113,Allsvenskan,2024,372,IF Elfsborg,ELF,1904,Borås Arena,Borås
113,Allsvenskan,2024,374,Kalmar FF,KAL,1910,Guldfågeln Arena,Kalmar
113,Allsvenskan,2024,375,Malmo FF,MAL,1910,Eleda Stadion,Malmö
113,Allsvenskan,2024,377,AIK Stockholm,AIK,1891,Friends Arena,Solna
113,Allsvenskan,2024,378,IFK Norrkoping,NOR,1897,PlatinumCars Arena,Norrköping
113,Allsvenskan,2024,766,Halmstad,HAL,1914,Örjans Vall,Halmstad
113,Allsvenskan,2024,2163,IFK Varnamo,VAR,1912,Finnvedsvallen,Värnamo
113,Allsvenskan,2024,2170,Gais,GAI,1894,Gamla Ullevi,Göteborg
113,Allsvenskan,2024,2176,Landskrona BoIS,LAN,1915,Landskrona Idrottsplats,Landskrona
113,Allsvenskan,2024,2240,Mjallby AIF,MJA,1939,Strandvallen,Sölvesborg
113,Allsvenskan,2024,2241,Vasteras SK FK,VAS,1904,Hitachi Energy Arena,Västerås
71,Serie A,2022,119,Internacional,INT,1909,Estádio José Pinheiro Borda,"Porto Alegre, Rio Grande do Sul"
71,Serie A,2022,120,Botafogo,BOT,1904,Estádio Nilton Santos,Rio de Janeiro
71,Serie A,2022,121,Palmeiras,PAL,1914,Allianz Parque,"São Paulo, São Paulo"
71,Serie A,2022,124,Fluminense,FLU,1902,Estadio Jornalista Mário Filho (Maracanã),"Rio de Janeiro, Rio de Janeiro"
71,Serie A,2022,125,America Mineiro,AME,1912,Estádio Raimundo Sampaio,"Belo Horizonte, Minas Gerais"
71,Serie A,2022,126,Sao Paulo,SAO,1930,Estádio Cícero Pompeu de Toledo (Morumbi),"São Paulo, São Paulo"
71,Serie A,2022,127,Flamengo,FLA,1895,Estadio Jornalista Mário Filho (Maracanã),"Rio de Janeiro, Rio de Janeiro"
71,Serie A,2022,128,Santos,SAN,1912,Estádio Urbano Caldeira,"Santos, São Paulo"
71,Serie A,2022,129,Ceara,CEA,1914,Estádio Governador Plácido Aderaldo Castelo,"Fortaleza, Ceará"
71,Serie A,2022,131,Corinthians,COR,1910,Neo Química Arena,"São Paulo, São Paulo"
71,Serie A,2022,134,Atletico Paranaense,ATL,1924,Arena da Baixada,"Curitiba, Paraná"
71,Serie A,2022,144,Atletico Goianiense,ATL,1937,Estádio Antônio Accioly,"Goiânia, Goiás"
71,Serie A,2022,145,Avai,AVA,1923,Estádio Aderbal Ramos da Silva,"Florianópolis, Santa Catarina"
71,Serie A,2022,147,Coritiba,COR,1909,Estádio Major Antônio Couto Pereira,"Curitiba, Paraná"
71,Serie A,2022,151,Goias,GOI,1943,Estádio de Hailé Pinheiro,"Goiânia, Goiás"
71,Serie A,2022,152,Juventude,JUV,1913,Estádio Alfredo Jaconi,"Caxias do Sul, Rio Grande do Sul"
71,Serie A,2022,154,Fortaleza EC,FOR,1918,Estádio Governador Plácido Aderaldo Castelo,"Fortaleza, Ceará"
71,Serie A,2022,794,RB Bragantino,BRA,1928,Estádio Nabi Abi Chedid,"Bragança Paulista, São Paulo"
71,Serie A,2022,1062,Atletico-MG,ATL,1908,Arena MRV,"Belo Horizonte, Minas Gerais"
71,Serie A,2022,1193,Cuiaba,CUI,2001,Arena Pantanal,"Cuiabá, Mato Grosso"
71,Serie A,2023,118,Bahia,BAH,1931,Arena Fonte Nova,"Salvador, Bahia"
71,Serie A,2023,119,Internacional,INT,1909,Estádio José Pinheiro Borda,"Porto Alegre, Rio Grande do Sul"
71,Serie A,2023,120,Botafogo,BOT,1904,Estádio Nilton Santos,Rio de Janeiro
71,Serie A,2023,121,Palmeiras,PAL,1914,Allianz Parque,"São Paulo, São Paulo"
71,Serie A,2023,124,Fluminense,FLU,1902,Estadio Jornalista Mário Filho (Maracanã),"Rio de Janeiro, Rio de Janeiro"
71,Serie A,2023,125,America Mineiro,AME,1912,Estádio Raimundo Sampaio,"Belo Horizonte, Minas Gerais"
71,Serie A,2023,126,Sao Paulo,SAO,1930,Estádio Cícero Pompeu de Toledo (Morumbi),"São Paulo, São Paulo"
71,Serie A,2023,127,Flamengo,FLA,1895,Estadio Jornalista Mário Filho (Maracanã),"Rio de Janeiro, Rio de Janeiro"
71,Serie A,2023,128,Santos,SAN,1912,Estádio Urbano Caldeira,"Santos, São Paulo"
71,Serie A,2023,130,Gremio,GRE,1903,Arena do Grêmio,"Porto Alegre, Rio Grande do Sul"
71,Serie A,2023,131,Corinthians,COR,1910,Neo Química Arena,"São Paulo, São Paulo"
71,Serie A,2023,133,Vasco DA Gama,VAS,1898,Estádio São Januário,"Rio de Janeiro, Rio de Janeiro"
71,Serie A,2023,134,Atletico Paranaense,ATL,1924,Arena da Baixada,"Curitiba, Paraná"
71,Serie A,2023,135,Cruzeiro,CRU,1921,Estádio Governador Magalhães Pinto,"Belo Horizonte, Minas Gerais"
71,Serie A,2023,147,Coritiba,COR,1909,Estádio Major Antônio Couto Pereira,"Curitiba, Paraná"
71,Serie A,2023,151,Goias,GOI,1943,Estádio de Hailé Pinheiro,"Goiânia, Goiás"
71,Serie A,2023,154,Fortaleza EC,FOR,1918,Estádio Governador Plácido Aderaldo Castelo,"Fortaleza, Ceará"
71,Serie A,2023,794,RB Bragantino,BRA,1928,Estádio Nabi Abi Chedid,"Bragança Paulista, São Paulo"
71,Serie A,2023,1062,Atletico-MG,ATL,1908,Arena MRV,"Belo Horizonte, Minas Gerais"
71,Serie A,2023,1193,Cuiaba,CUI,2001,Arena Pantanal,"Cuiabá, Mato Grosso"
71,Serie A,2024,118,Bahia,BAH,1931,Arena Fonte Nova,"Salvador, Bahia"
71,Serie A,2024,119,Internacional,INT,1909,Estádio José Pinheiro Borda,"Porto Alegre, Rio Grande do Sul"
71,Serie A,2024,120,Botafogo,BOT,1904,Estádio Nilton Santos,Rio de Janeiro
71,Serie A,2024,121,Palmeiras,PAL,1914,Allianz Parque,"São Paulo, São Paulo"
71,Serie A,2024,124,Fluminense,FLU,1902,Estadio Jornalista Mário Filho (Maracanã),"Rio de Janeiro, Rio de Janeiro"
71,Serie A,2024,126,Sao Paulo,SAO,1930,Estádio Cícero Pompeu de Toledo (Morumbi),"São Paulo, São Paulo"
71,Serie A,2024,127,Flamengo,FLA,1895,Estadio Jornalista Mário Filho (Maracanã),"Rio de Janeiro, Rio de Janeiro"
71,Serie A,2024,130,Gremio,GRE,1903,Arena do Grêmio,"Porto Alegre, Rio Grande do Sul"
71,Serie A,2024,131,Corinthians,COR,1910,Neo Química Arena,"São Paulo, São Paulo"
71,Serie A,2024,133,Vasco DA Gama,VAS,1898,Estádio São Januário,"Rio de Janeiro, Rio de Janeiro"
71,Serie A,2024,134,Atletico Paranaense,ATL,1924,Arena da Baixada,"Curitiba, Paraná"
71,Serie A,2024,135,Cruzeiro,CRU,1921,Estádio Governador Magalhães Pinto,"Belo Horizonte, Minas Gerais"
71,Serie A,2024,136,Vitoria,VIT,1899,Estádio Manoel Barradas,"Salvador, Bahia"
71,Serie A,2024,140,Criciuma,CRI,1947,Estádio Heriberto Hülse,"Criciúma, Santa Catarina"
71,Serie A,2024,144,Atletico Goianiense,ATL,1937,Estádio Antônio Accioly,"Goiânia, Goiás"
71,Serie A,2024,152,Juventude,JUV,1913,Estádio Alfredo Jaconi,"Caxias do Sul, Rio Grande do Sul"
71,Serie A,2024,154,Fortaleza EC,FOR,1918,Estádio Governador Plácido Aderaldo Castelo,"Fortaleza, Ceará"
71,Serie A,2024,794,RB Bragantino,BRA,1928,Estádio Nabi Abi Chedid,"Bragança Paulista, São Paulo"
71,Serie A,2024,1062,Atletico-MG,ATL,1908,Arena MRV,"Belo Horizonte, Minas Gerais"
71,Serie A,2024,1193,Cuiaba,CUI,2001,Arena Pantanal,"Cuiabá, Mato Grosso"
72,Serie B,2022,118,Bahia,BAH,1931,Arena Fonte Nova,"Salvador, Bahia"
72,Serie B,2022,123,Sport Recife,SPO,1905,Itaipava Arena Pernambuco,"Recife, Pernambuco"
72,Serie B,2022,130,Gremio,GRE,1903,Arena do Grêmio,"Porto Alegre, Rio Grande do Sul"
72,Serie B,2022,132,Chapecoense-sc,CHA,1973,Arena Condá,"Chapecó, Santa Catarina"
72,Serie B,2022,133,Vasco DA Gama,VAS,1898,Estádio São Januário,"Rio de Janeiro, Rio de Janeiro"
72,Serie B,2022,135,Cruzeiro,CRU,1921,Estádio Governador Magalhães Pinto,"Belo Horizonte, Minas Gerais"
72,Serie B,2022,138,Guarani Campinas,GUA,1911,Estádio Brinco de Ouro da Princesa,"Campinas, São Paulo"
72,Serie B,2022,139,Ponte Preta,PON,1900,Estádio Moisés Lucarelli,"Campinas, São Paulo"
72,Serie B,2022,140,Criciuma,CRI,1947,Estádio Heriberto Hülse,"Criciúma, Santa Catarina"
72,Serie B,2022,142,Vila Nova,VIL,1943,Estádio Onésio Brasileiro Alvarenga,"Goiânia, Goiás"
72,Serie B,2022,146,CRB,CRB,1912,Estádio Rei Pelé,"Maceió, Alagoas"
72,Serie B,2022,148,Londrina,LON,1956,Estádio Municipal Jacy Scaff,"Londrina, Paraná"
72,Serie B,2022,150,CSA,CSA,1913,Estádio Rei Pelé,"Maceió, Alagoas"
72,Serie B,2022,155,Sampaio Correa,SAM,1923,Estádio Governador João Castelo,"São Luís, Maranhão"
72,Serie B,2022,755,Nautico Recife,NAU,1901,Estádio Eládio de Barros Carvalho,"Recife, Pernambuco"
72,Serie B,2022,1211,Brusque,BRU,1987,Estádio Augusto Bauer,"Brusque, Santa Catarina"
72,Serie B,2022,1223,Operario-PR,,1912,Estádio Germano Krüger,"Ponta Grossa, Paraná"
72,Serie B,2022,2227,Tombense,TOM,1914,Estádio Antônio Guimarães de Almeida,"Tombos, Minas Gerais"
72,Serie B,2022,7779,Ituano,ITU,1947,Estádio Municipal Dr. Novelli Júnior,"Itu, São Paulo"
72,Serie B,2022,7834,Novorizontino,,1973,Estádio Dr. Jorge Ismael de Biasi,"Novo Horizonte, São Paulo"
72,Serie B,2023,123,Sport Recife,SPO,1905,Itaipava Arena Pernambuco,"Recife, Pernambuco"
72,Serie B,2023,129,Ceara,CEA,1914,Estádio Governador Plácido Aderaldo Castelo,"Fortaleza, Ceará"
72,Serie B,2023,132,Chapecoense-sc,CHA,1973,Arena Condá,"Chapecó, Santa Catarina"
72,Serie B,2023,136,Vitoria,VIT,1899,Estádio Manoel Barradas,"Salvador, Bahia"
72,Serie B,2023,138,Guarani Campinas,GUA,1911,Estádio Brinco de Ouro da Princesa,"Campinas, São Paulo"
72,Serie B,2023,139,Ponte Preta,PON,1900,Estádio Moisés Lucarelli,"Campinas, São Paulo"
72,Serie B,2023,140,Criciuma,CRI,1947,Estádio Heriberto Hülse,"Criciúma, Santa Catarina"
72,Serie B,2023,142,Vila Nova,VIL,1943,Estádio Onésio Brasileiro Alvarenga,"Goiânia, Goiás"
72,Serie B,2023,144,Atletico Goianiense,ATL,1937,Estádio Antônio Accioly,"Goiânia, Goiás"
72,Serie B,2023,145,Avai,AVA,1923,Estádio Aderbal Ramos da Silva,"Florianópolis, Santa Catarina"
72,Serie B,2023,146,CRB,CRB,1912,Estádio Rei Pelé,"Maceió, Alagoas"
72,Serie B,2023,148,Londrina,LON,1956,Estádio Municipal Jacy Scaff,"Londrina, Paraná"
72,Serie B,2023,152,Juventude,JUV,1913,Estádio Alfredo Jaconi,"Caxias do Sul, Rio Grande do Sul"
72,Serie B,2023,155,Sampaio Correa,SAM,1923,Estádio Governador João Castelo,"São Luís, Maranhão"
72,Serie B,2023,754,ABC,ABC,1915,Estádio Maria Lamas Farache,"Natal, Rio Grande do Norte"
72,Serie B,2023,2227,Tombense,TOM,1914,Estádio Antônio Guimarães de Almeida,"Tombos, Minas Gerais"
72,Serie B,2023,2618,Botafogo SP,BOT,1918,Estádio Santa Cruz,"Ribeirão Preto, São Paulo"
72,Serie B,2023,7779,Ituano,ITU,1947,Estádio Municipal Dr. Novelli Júnior,"Itu, São Paulo"
72,Serie B,2023,7834,Novorizontino,,1973,Estádio Dr. Jorge Ismael de Biasi,"Novo Horizonte, São Paulo"
72,Serie B,2023,7848,Mirassol,,1925,Estádio José Maria de Campos Maia,"Mirassol, São Paulo"
72,Serie B,2024,123,Sport Recife,SPO,1905,Itaipava Arena Pernambuco,"Recife, Pernambuco"
72,Serie B,2024,125,America Mineiro,AME,1912,Estádio Raimundo Sampaio,"Belo Horizonte, Minas Gerais"
72,Serie B,2024,128,Santos,SAN,1912,Estádio Urbano Caldeira,"Santos, São Paulo"
72,Serie B,2024,129,Ceara,CEA,1914,Estádio Governador Plácido Aderaldo Castelo,"Fortaleza, Ceará"
72,Serie B,2024,132,Chapecoense-sc,CHA,1973,Arena Condá,"Chapecó, Santa Catarina"
72,Serie B,2024,138,Guarani Campinas,GUA,1911,Estádio Brinco de Ouro da Princesa,"Campinas, São Paulo"
72,Serie B,2024,139,Ponte Preta,PON,1900,Estádio Moisés Lucarelli,"Campinas, São Paulo"
72,Serie B,2024,142,Vila Nova,VIL,1943,Estádio Onésio Brasileiro Alvarenga,"Goiânia, Goiás"
72,Serie B,2024,145,Avai,AVA,1923,Estádio Aderbal Ramos da Silva,"Florianópolis, Santa Catarina"
72,Serie B,2024,146,CRB,CRB,1912,Estádio Rei Pelé,"Maceió, Alagoas"
72,Serie B,2024,147,Coritiba,COR,1909,Estádio Major Antônio Couto Pereira,"Curitiba, Paraná"
72,Serie B,2024,149,Paysandu,PAY,1914,Estádio Leônidas Sodré de Castro,"Belém, Pará"
72,Serie B,2024,151,Goias,GOI,1943,Estádio de Hailé Pinheiro,"Goiânia, Goiás"
72,Serie B,2024,1211,Brusque,BRU,1987,Estádio Augusto Bauer,"Brusque, Santa Catarina"
72,Serie B,2024,1223,Operario-PR,,1912,Estádio Germano Krüger,"Ponta Grossa, Paraná"
72,Serie B,2024,2618,Botafogo SP,BOT,1918,Estádio Santa Cruz,"Ribeirão Preto, São Paulo"
72,Serie B,2024,7779,Ituano,ITU,1947,Estádio Municipal Dr. Novelli Júnior,"Itu, São Paulo"
72,Serie B,2024,7834,Novorizontino,,1973,Estádio Dr. Jorge Ismael de Biasi,"Novo Horizonte, São Paulo"
72,Serie B,2024,7848,Mirassol,,1925,Estádio José Maria de Campos Maia,"Mirassol, São Paulo"
72,Serie B,2024,10862,Amazonas,,2019,Estádio Municipal Carlos Zamith,"Manaus, Amazonas"
73,Copa do Brasil,2022,118,Bahia,BAH,1931,Arena Fonte Nova,"Salvador, Bahia"
73,Copa do Brasil,2022,119,Internacional,INT,1909,Estádio José Pinheiro Borda,"Porto Alegre, Rio Grande do Sul"
73,Copa do Brasil,2022,120,Botafogo,BOT,1904,Estádio Nilton Santos,Rio de Janeiro
73,Copa do Brasil,2022,121,Palmeiras,PAL,1914,Allianz Parque,"São Paulo, São Paulo"
73,Copa do Brasil,2022,122,Parana,PAR,1989,Estádio Durival de Britto e Silva,"Curitiba, Paraná"
73,Copa do Brasil,2022,123,Sport Recife,SPO,1905,Itaipava Arena Pernambuco,"Recife, Pernambuco"
73,Copa do Brasil,2022,124,Fluminense,FLU,1902,Estadio Jornalista Mário Filho (Maracanã),"Rio de Janeiro, Rio de Janeiro"
73,Copa do Brasil,2022,125,America Mineiro,AME,1912,Estádio Raimundo Sampaio,"Belo Horizonte, Minas Gerais"
73,Copa do Brasil,2022,126,Sao Paulo,SAO,1930,Estádio Cícero Pompeu de Toledo (Morumbi),"São Paulo, São Paulo"
73,Copa do Brasil,2022,127,Flamengo,FLA,1895,Estadio Jornalista Mário Filho (Maracanã),"Rio de Janeiro, Rio de Janeiro"
73,Copa do Brasil,2022,128,Santos,SAN,1912,Estádio Urbano Caldeira,"Santos, São Paulo"
73,Copa do Brasil,2022,129,Ceara,CEA,1914,Estádio Governador Plácido Aderaldo Castelo,"Fortaleza, Ceará"
73,Copa do Brasil,2022,130,Gremio,GRE,1903,Arena do Grêmio,"Porto Alegre, Rio Grande do Sul"
73,Copa do Brasil,2022,131,Corinthians,COR,1910,Neo Química Arena,"São Paulo, São Paulo"
73,Copa do Brasil,2022,132,Chapecoense-sc,CHA,1973,Arena Condá,"Chapecó, Santa Catarina"
73,Copa do Brasil,2022,133,Vasco DA Gama,VAS,1898,Estádio São Januário,"Rio de Janeiro, Rio de Janeiro"
73,Copa do Brasil,2022,134,Atletico Paranaense,ATL,1924,Arena da Baixada,"Curitiba, Paraná"
73,Copa do Brasil,2022,135,Cruzeiro,CRU,1921,Estádio Governador Magalhães Pinto,"Belo Horizonte, Minas Gerais"
73,Copa do Brasil,2022,136,Vitoria,VIT,1899,Estádio Manoel Barradas,"Salvador, Bahia"
73,Copa do Brasil,2022,137,Figueirense,FIG,1921,Estádio Orlando Scarpelli,"Florianópolis, Santa Catarina"
73,Copa do Brasil,2022,138,Guarani Campinas,GUA,1911,Estádio Brinco de Ouro da Princesa,"Campinas, São Paulo"
73,Copa do Brasil,2022,139,Ponte Preta,PON,1900,Estádio Moisés Lucarelli,"Campinas, São Paulo"
73,Copa do Brasil,2022,140,Criciuma,CRI,1947,Estádio Heriberto Hülse,"Criciúma, Santa Catarina"
73,Copa do Brasil,2022,141,Brasil DE Pelotas,GEB,1911,Estádio Bento da Silva Freitas,"Pelotas, Rio Grande do Sul"
73,Copa do Brasil,2022,142,Vila Nova,VIL,1943,Estádio Onésio Brasileiro Alvarenga,"Goiânia, Goiás"
73,Copa do Brasil,2022,143,Oeste,OES,1921,Estádio Municipal de Santana do Parnaíba,"Santana de Parnaíba, São Paulo"
73,Copa do Brasil,2022,144,Atletico Goianiense,ATL,1937,Estádio Antônio Accioly,"Goiânia, Goiás"
73,Copa do Brasil,2022,145,Avai,AVA,1923,Estádio Aderbal Ramos da Silva,"Florianópolis, Santa Catarina"
73,Copa do Brasil,2022,146,CRB,CRB,1912,Estádio Rei Pelé,"Maceió, Alagoas"
73,Copa do Brasil,2022,147,Coritiba,COR,1909,Estádio Major Antônio Couto Pereira,"Curitiba, Paraná"
73,Copa do Brasil,2022,148,Londrina,LON,1956,Estádio Municipal Jacy Scaff,"Londrina, Paraná"
73,Copa do Brasil,2022,149,Paysandu,PAY,1914,Estádio Leônidas Sodré de Castro,"Belém, Pará"
73,Copa do Brasil,2022,150,CSA,CSA,1913,Estádio Rei Pelé,"Maceió, Alagoas"
73,Copa do Brasil,2022,151,Goias,GOI,1943,Estádio de Hailé Pinheiro,"Goiânia, Goiás"
73,Copa do Brasil,2022,152,Juventude,JUV,1913,Estádio Alfredo Jaconi,"Caxias do Sul, Rio Grande do Sul"
73,Copa do Brasil,2022,154,Fortaleza EC,FOR,1918,Estádio Governador Plácido Aderaldo Castelo,"Fortaleza, Ceará"
73,Copa do Brasil,2022,155,Sampaio Correa,SAM,1923,Estádio Governador João Castelo,"São Luís, Maranhão"
73,Copa do Brasil,2022,754,ABC,ABC,1915,Estádio Maria Lamas Farache,"Natal, Rio Grande do Norte"
73,Copa do Brasil,2022,755,Nautico Recife,NAU,1901,Estádio Eládio de Barros Carvalho,"Recife, Pernambuco"
73,Copa do Brasil,2022,794,RB Bragantino,BRA,1928,Estádio Nabi Abi Chedid,"Bragança Paulista, São Paulo"
73,Copa do Brasil,2022,1062,Atletico-MG,ATL,1908,Arena MRV,"Belo Horizonte, Minas Gerais"
73,Copa do Brasil,2022,1193,Cuiaba,CUI,2001,Arena Pantanal,"Cuiabá, Mato Grosso"
73,Copa do Brasil,2022,1195,Ferroviario,FER,1933,Estádio Municipal Presidente Getúlio Vargas,"Fortaleza, Ceará"
73,Copa do Brasil,2022,1198,Remo,REM,1905,Estádio Estadual Jornalista Edgar Augusto Proença,"Belém, Pará"
73,Copa do Brasil,2022,1203,Altos,,2013,Estádio Municipal Felipe Raulino,"Altos, Piauí"
73,Copa do Brasil,2022,1205,Salgueiro,SAC,2005,Estádio Cornélio de Barros Muniz,"Salgueiro, Pernambuco"
73,Copa do Brasil,2022,1207,ASA,ASA,1952,Estádio Municipal Coaracy da Mata Fonseca,"Arapiraca, Alagoas"
73,Copa do Brasil,2022,1218,Sao Raimundo,,1963,Estádio Flamarion Vasconcelos,"Boa Vista, Roraima"
73,Copa do Brasil,2022,1223,Operario-PR,,1912,Estádio Germano Krüger,"Ponta Grossa, Paraná"
73,Copa do Brasil,2022,1224,Juazeirense,JUA,2006,Estádio Adauto Moraes,"Juazeiro, Bahia"
73,Copa do Brasil,2022,2208,Brasiliense,BRA,2000,Estádio Elmo Serejo Farias,"Taguatinga, Distrito Federal"
73,Copa do Brasil,2022,2209,Campinense,,1915,Estádio Governador Ernani Sátyro,"Campina Grande, Paraíba"
73,Copa do Brasil,2022,2214,Manaus FC,,2013,Arena da Amazônia,"Manaus, Amazonas"
73,Copa do Brasil,2022,2216,Moto Club,,1937,Estádio Municipal Nhozinho Santos,"São Luís, Maranhão"
73,Copa do Brasil,2022,2220,Rio Branco,RIO,1919,Arena Acreana,"Rio Branco, Acre"
73,Copa do Brasil,2022,2224,Sergipe,SER,1909,Estádio Estadual Lourival Baptista,"Aracaju, Sergipe"
73,Copa do Brasil,2022,2227,Tombense,TOM,1914,Estádio Antônio Guimarães de Almeida,"Tombos, Minas Gerais"
73,Copa do Brasil,2022,2228,Uniao Trabalhadores,URT,1939,Estádio Zama Maciel,"Patos de Minas, Minas Gerais"
73,Copa do Brasil,2022,2618,Botafogo SP,BOT,1918,Estádio Santa Cruz,"Ribeirão Preto, São Paulo"
73,Copa do Brasil,2022,7771,Ceilândia,,1979,Estádio Maria de Lourdes Abadia,"Ceilândia, Distrito Federal"
73,Copa do Brasil,2022,7775,Globo,,,Estádio Manoel Dantas Barretto,"Ceara-Mirim, Rio Grande do Norte"
73,Copa do Brasil,2022,7782,Nova Iguaçu,NOV,1990,Estádio Jânio de Moraes,"Nova Iguaçu, Rio de Janeiro"
73,Copa do Brasil,2022,7788,União Rondonópolis,,1973,Estádio Municipal Engenheiro Luthero Lopes,"Rondonópolis, Mato Grosso"
73,Copa do Brasil,2022,7814,Volta Redonda,VOL,1976,Estádio Municipal General Raulino de Oliveira,"Volta Redonda, Rio de Janeiro"
73,Copa do Brasil,2022,7822,Bahia de Feira,BDF,1937,Estádio Alberto Oliveira,"Feira de Santana, Bahia"
73,Copa do Brasil,2022,7826,Ferroviária,,1950,Estádio Doutor Adhemar de Barros,"Araraquara, São Paulo"
73,Copa do Brasil,2022,7834,Novorizontino,,1973,Estádio Dr. Jorge Ismael de Biasi,"Novo Horizonte, São Paulo"
73,Copa do Brasil,2022,7835,Portuguesa RJ,,1924,Estádio Luso-Brasileiro,"Rio de Janeiro, Rio de Janeiro"
73,Copa do Brasil,2022,7848,Mirassol,,1925,Estádio José Maria de Campos Maia,"Mirassol, São Paulo"
73,Copa do Brasil,2022,7864,Sousa,,1991,Estádio Governador Antônio Mariz,"Sousa, Paraíba"
73,Copa do Brasil,2022,7868,Trem,,1947,Estádio Milton Corrêa,"Macapá, Amapá"
73,Copa do Brasil,2022,7874,Icasa,ICA,1963,Estádio Mauro Sampaio,"Juazeiro do Norte, Ceará"
73,Copa do Brasil,2022,7878,Tocantinópolis,,1989,Estádio João Ribeiro,"Tocantinópolis, Tocantins"
73,Copa do Brasil,2022,9997,Atlético Alagoinhas,,1970,Estádio Antônio de Figueiredo Carneiro,"Alagoinhas, Bahia"
73,Copa do Brasil,2022,9999,CEOV Operário,,2002,Arena Pantanal,"Cuiabá, Mato Grosso"
73,Copa do Brasil,2022,10002,Lagarto,LAG,2009,Estádio Paulo Barreto de Menezes,"Lagarto, Sergipe"
73,Copa do Brasil,2022,10047,Glória,,1956,Estádio Altos da Glória,"Vacaria, Rio Grande do Sul"
73,Copa do Brasil,2022,10478,Humaitá,,2005,Arena Acreana,"Rio Branco, Acre"
73,Copa do Brasil,2022,10673,Cascavel,,2008,Estádio Olímpico Regional Jacy Miguel Scanagatta,"Cascavel, Paraná"
73,Copa do Brasil,2022,10679,Real Noroeste,,2008,Estádio José Olímpio da Rocha,"Águia Branca, Espírito Santo"
73,Copa do Brasil,2022,10864,São Raimundo AM,,1918,Estádio Roberto Simonsen,"Manaus, Amazonas"
73,Copa do Brasil,2022,12939,Azuriz,,2018,Estádio Os Pioneiros,"Pato Branco, Paraná"
73,Copa do Brasil,2022,12946,Porto Velho,,2018,Estádio Aluízio Ferreira de Oliveira,"Porto Velho, Rondônia"
73,Copa do Brasil,2022,13084,Pouso Alegre,,1913,Estádio Municipal Irmão Gino Maria Rossi,"Pouso Alegre, Minas Gerais"
73,Copa do Brasil,2022,13103,Costa Rica ,,1969,Estádio Municipal Laerte Paes Coelho,"Costa Rica, Mato Grosso do Sul"
73,Copa do Brasil,2022,13124,Castanhal,,1924,Estádio Maximino Porpino Filho,"Castanhal, Pará"
73,Copa do Brasil,2022,13127,Grêmio Anápolis,GRE,,Estádio Municipal Jonas Duarte,"Anápolis, Goiás"
73,Copa do Brasil,2022,14000,CFRJ / Maricá,,0,Centro de Treinamento João Saldanha,"Rio de Janeiro, Rio de Janeiro"
73,Copa do Brasil,2022,15611,Tuna Luso,,1903,Estádio Francisco Vasques,"Belém, Pará"
73,Copa do Brasil,2022,15617,Fluminense PI,,1938,Estádio Governador Alberto Tavares Silva,"Teresina, Piauí"
73,Copa do Brasil,2022,18307,Nova Venécia,,,Estádio Municipal Zenor Pedrosa Rocha,"Nova Venécia, Espírito Santo"
73,Copa do Brasil,2022,18317,Tuntum,,,Estádio Rafael Seabra,"Tuntum, Maranhão"
73,Copa do Brasil,2023,118,Bahia,BAH,1931,Arena Fonte Nova,"Salvador, Bahia"
73,Copa do Brasil,2023,119,Internacional,INT,1909,Estádio José Pinheiro Borda,"Porto Alegre, Rio Grande do Sul"
73,Copa do Brasil,2023,120,Botafogo,BOT,1904,Estádio Nilton Santos,Rio de Janeiro
73,Copa do Brasil,2023,121,Palmeiras,PAL,1914,Allianz Parque,"São Paulo, São Paulo"
73,Copa do Brasil,2023,123,Sport Recife,SPO,1905,Itaipava Arena Pernambuco,"Recife, Pernambuco"
73,Copa do Brasil,2023,124,Fluminense,FLU,1902,Estadio Jornalista Mário Filho (Maracanã),"Rio de Janeiro, Rio de Janeiro"
73,Copa do Brasil,2023,125,America Mineiro,AME,1912,Estádio Raimundo Sampaio,"Belo Horizonte, Minas Gerais"
73,Copa do Brasil,2023,126,Sao Paulo,SAO,1930,Estádio Cícero Pompeu de Toledo (Morumbi),"São Paulo, São Paulo"
73,Copa do Brasil,2023,127,Flamengo,FLA,1895,Estadio Jornalista Mário Filho (Maracanã),"Rio de Janeiro, Rio de Janeiro"
73,Copa do Brasil,2023,128,Santos,SAN,1912,Estádio Urbano Caldeira,"Santos, São Paulo"
73,Copa do Brasil,2023,129,Ceara,CEA,1914,Estádio Governador Plácido Aderaldo Castelo,"Fortaleza, Ceará"
73,Copa do Brasil,2023,130,Gremio,GRE,1903,Arena do Grêmio,"Porto Alegre, Rio Grande do Sul"
73,Copa do Brasil,2023,131,Corinthians,COR,1910,Neo Química Arena,"São Paulo, São Paulo"
73,Copa do Brasil,2023,132,Chapecoense-sc,CHA,1973,Arena Condá,"Chapecó, Santa Catarina"
73,Copa do Brasil,2023,133,Vasco DA Gama,VAS,1898,Estádio São Januário,"Rio de Janeiro, Rio de Janeiro"
73,Copa do Brasil,2023,134,Atletico Paranaense,ATL,1924,Arena da Baixada,"Curitiba, Paraná"
73,Copa do Brasil,2023,135,Cruzeiro,CRU,1921,Estádio Governador Magalhães Pinto,"Belo Horizonte, Minas Gerais"
73,Copa do Brasil,2023,136,Vitoria,VIT,1899,Estádio Manoel Barradas,"Salvador, Bahia"
73,Copa do Brasil,2023,139,Ponte Preta,PON,1900,Estádio Moisés Lucarelli,"Campinas, São Paulo"
73,Copa do Brasil,2023,140,Criciuma,CRI,1947,Estádio Heriberto Hülse,"Criciúma, Santa Catarina"
73,Copa do Brasil,2023,141,Brasil DE Pelotas,GEB,1911,Estádio Bento da Silva Freitas,"Pelotas, Rio Grande do Sul"
73,Copa do Brasil,2023,142,Vila Nova,VIL,1943,Estádio Onésio Brasileiro Alvarenga,"Goiânia, Goiás"
73,Copa do Brasil,2023,144,Atletico Goianiense,ATL,1937,Estádio Antônio Accioly,"Goiânia, Goiás"
73,Copa do Brasil,2023,145,Avai,AVA,1923,Estádio Aderbal Ramos da Silva,"Florianópolis, Santa Catarina"
73,Copa do Brasil,2023,146,CRB,CRB,1912,Estádio Rei Pelé,"Maceió, Alagoas"
73,Copa do Brasil,2023,147,Coritiba,COR,1909,Estádio Major Antônio Couto Pereira,"Curitiba, Paraná"
73,Copa do Brasil,2023,148,Londrina,LON,1956,Estádio Municipal Jacy Scaff,"Londrina, Paraná"
73,Copa do Brasil,2023,149,Paysandu,PAY,1914,Estádio Leônidas Sodré de Castro,"Belém, Pará"
73,Copa do Brasil,2023,150,CSA,CSA,1913,Estádio Rei Pelé,"Maceió, Alagoas"
73,Copa do Brasil,2023,151,Goias,GOI,1943,Estádio de Hailé Pinheiro,"Goiânia, Goiás"
73,Copa do Brasil,2023,152,Juventude,JUV,1913,Estádio Alfredo Jaconi,"Caxias do Sul, Rio Grande do Sul"
73,Copa do Brasil,2023,154,Fortaleza EC,FOR,1918,Estádio Governador Plácido Aderaldo Castelo,"Fortaleza, Ceará"
73,Copa do Brasil,2023,155,Sampaio Correa,SAM,1923,Estádio Governador João Castelo,"São Luís, Maranhão"
73,Copa do Brasil,2023,753,Santa Cruz,,1914,Estádio Jóse do Rego Maciel,"Recife, Pernambuco"
73,Copa do Brasil,2023,754,ABC,ABC,1915,Estádio Maria Lamas Farache,"Natal, Rio Grande do Norte"
73,Copa do Brasil,2023,755,Nautico Recife,NAU,1901,Estádio Eládio de Barros Carvalho,"Recife, Pernambuco"
73,Copa do Brasil,2023,794,RB Bragantino,BRA,1928,Estádio Nabi Abi Chedid,"Bragança Paulista, São Paulo"
73,Copa do Brasil,2023,1062,Atletico-MG,ATL,1908,Arena MRV,"Belo Horizonte, Minas Gerais"
73,Copa do Brasil,2023,1193,Cuiaba,CUI,2001,Arena Pantanal,"Cuiabá, Mato Grosso"
73,Copa do Brasil,2023,1195,Ferroviario,FER,1933,Estádio Municipal Presidente Getúlio Vargas,"Fortaleza, Ceará"
73,Copa do Brasil,2023,1197,Botafogo PB,BOT,1931,Estádio José Américo de Almeida Filho,"João Pessoa, Paraíba"
73,Copa do Brasil,2023,1198,Remo,REM,1905,Estádio Estadual Jornalista Edgar Augusto Proença,"Belém, Pará"
73,Copa do Brasil,2023,1207,ASA,ASA,1952,Estádio Municipal Coaracy da Mata Fonseca,"Arapiraca, Alagoas"
73,Copa do Brasil,2023,1211,Brusque,BRU,1987,Estádio Augusto Bauer,"Brusque, Santa Catarina"
73,Copa do Brasil,2023,1218,Sao Raimundo,,1963,Estádio Flamarion Vasconcelos,"Boa Vista, Roraima"
73,Copa do Brasil,2023,1221,Ypiranga-RS,,1924,Estádio Olímpico Colosso da Lagoa,"Erechim, Rio Grande do Sul"
73,Copa do Brasil,2023,1223,Operario-PR,,1912,Estádio Germano Krüger,"Ponta Grossa, Paraná"
73,Copa do Brasil,2023,2208,Brasiliense,BRA,2000,Estádio Elmo Serejo Farias,"Taguatinga, Distrito Federal"
73,Copa do Brasil,2023,2209,Campinense,,1915,Estádio Governador Ernani Sátyro,"Campina Grande, Paraíba"
73,Copa do Brasil,2023,2214,Manaus FC,,2013,Arena da Amazônia,"Manaus, Amazonas"
73,Copa do Brasil,2023,2217,Operario Ferroviario,,1938,Estádio Estadual Jacques da Luz,"Campo Grande, Mato Grosso do Sul"
73,Copa do Brasil,2023,2219,Real Desportivo Ariquemes,,,Estádio Municipal Gentil Valério,"Ariquemes, Rondônia"
73,Copa do Brasil,2023,2224,Sergipe,SER,1909,Estádio Estadual Lourival Baptista,"Aracaju, Sergipe"
73,Copa do Brasil,2023,2227,Tombense,TOM,1914,Estádio Antônio Guimarães de Almeida,"Tombos, Minas Gerais"
73,Copa do Brasil,2023,2233,America-RN,AME,1915,Arena das Dunas,"Natal, Rio Grande do Norte"
73,Copa do Brasil,2023,2618,Botafogo SP,BOT,1918,Estádio Santa Cruz,"Ribeirão Preto, São Paulo"
73,Copa do Brasil,2023,4857,Resende,RES,1909,Estádio do Trabalhador,"Resende, Rio de Janeiro"
73,Copa do Brasil,2023,7769,Caldense,CAL,1925,Estádio Dr. Ronaldo Junqueira,"Poços de Caldas, Minas Gerais"
73,Copa do Brasil,2023,7771,Ceilândia,,1979,Estádio Maria de Lourdes Abadia,"Ceilândia, Distrito Federal"
73,Copa do Brasil,2023,7773,Cordino,,2009,Estádio Municipal Leandro Cláudio da Silva,"Barra do Corda, Maranhão"
73,Copa do Brasil,2023,7779,Ituano,ITU,1947,Estádio Municipal Dr. Novelli Júnior,"Itu, São Paulo"
73,Copa do Brasil,2023,7782,Nova Iguaçu,NOV,1990,Estádio Jânio de Moraes,"Nova Iguaçu, Rio de Janeiro"
73,Copa do Brasil,2023,7784,Parnahyba,PAR,1913,Estádio Municipal Pedro Alelaf,"Parnaíba, Piauí"
73,Copa do Brasil,2023,7788,União Rondonópolis,,1973,Estádio Municipal Engenheiro Luthero Lopes,"Rondonópolis, Mato Grosso"
73,Copa do Brasil,2023,7814,Volta Redonda,VOL,1976,Estádio Municipal General Raulino de Oliveira,"Volta Redonda, Rio de Janeiro"
73,Copa do Brasil,2023,7822,Bahia de Feira,BDF,1937,Estádio Alberto Oliveira,"Feira de Santana, Bahia"
73,Copa do Brasil,2023,7831,Jacuipense,JAC,1965,Estádio Eliel Martins,"Riachão do Jacuípe, Bahia"
73,Copa do Brasil,2023,7833,Maringá,MAR,2010,Estádio Regional Willie Davids,"Maringá, Paraná"
73,Copa do Brasil,2023,7837,Vitória ES,,1912,Estádio Salvador Venâncio da Costa,"Vitória, Espírito Santo"
73,Copa do Brasil,2023,7862,Princesa Solimões,PRI,1971,Estádio Olímpico Municipal Gilberto Mestrinho,"Manacapuru, Amazonas"
73,Copa do Brasil,2023,7865,São Bernardo,BER,2004,Estádio Primeiro de Maio,"São Bernardo do Campo, São Paulo"
73,Copa do Brasil,2023,7868,Trem,,1947,Estádio Milton Corrêa,"Macapá, Amapá"
73,Copa do Brasil,2023,7878,Tocantinópolis,,1989,Estádio João Ribeiro,"Tocantinópolis, Tocantins"
73,Copa do Brasil,2023,7879,Águia de Marabá,AGU,1982,Estádio Municipal Zinho de Oliveira,"Marabá, Pará"
73,Copa do Brasil,2023,9997,Atlético Alagoinhas,,1970,Estádio Antônio de Figueiredo Carneiro,"Alagoinhas, Bahia"
73,Copa do Brasil,2023,10000,Caucaia,,2004,Estádio Municipal Raimundo de Oliveira Filho,"Caucaia, Ceará"
73,Copa do Brasil,2023,10004,São Luiz,SAO,1938,Estádio 19 de Outubro,"Ijuí, Rio Grande do Sul"
73,Copa do Brasil,2023,10035,Marília,,1942,Estádio Municipal Bento de Abreu Sampaio Vidal,"Marília, São Paulo"
73,Copa do Brasil,2023,10478,Humaitá,,2005,Arena Acreana,"Rio Branco, Acre"
73,Copa do Brasil,2023,10677,Marcílio Dias,MAR,1919,Estádio Doutor Hercílio Luz,"Itajaí, Santa Catarina"
73,Copa do Brasil,2023,10679,Real Noroeste,,2008,Estádio José Olímpio da Rocha,"Águia Branca, Espírito Santo"
73,Copa do Brasil,2023,10855,São Francisco,,1967,Arena Acreana,"Rio Branco, Acre"
73,Copa do Brasil,2023,13080,Democrata GV,,1932,Estádio José Mammoud Abbas,"Governador Valadares, Minas Gerais"
73,Copa do Brasil,2023,13098,Retrô,,2016,Itaipava Arena Pernambuco,"Recife, Pernambuco"
73,Copa do Brasil,2023,13130,Nova Mutum EC,,,Estádio Valdir Doilho Wons,"Nova Mutum, Mato Grosso"
73,Copa do Brasil,2023,13975,Athletic Club,,1909,Estádio Joaquim Portugal,"São João Del Rei, Minas Gerais"
73,Copa do Brasil,2023,15505,Iguatu,,2010,Estádio Municipal João Elmo Moreno Cavalcante,"Iguatu, Ceará"
73,Copa do Brasil,2023,15611,Tuna Luso,,1903,Estádio Francisco Vasques,"Belém, Pará"
73,Copa do Brasil,2023,15617,Fluminense PI,,1938,Estádio Governador Alberto Tavares Silva,"Teresina, Piauí"
73,Copa do Brasil,2023,18272,Camboriú,,2003,Estádio Augusto Bauer,"Brusque, Santa Catarina"
73,Copa do Brasil,2023,18299,Falcon,,2021,,
73,Copa do Brasil,2023,18317,Tuntum,,,Estádio Rafael Seabra,"Tuntum, Maranhão"
73,Copa do Brasil,2024,118,Bahia,BAH,1931,Arena Fonte Nova,"Salvador, Bahia"
73,Copa do Brasil,2024,119,Internacional,INT,1909,Estádio José Pinheiro Borda,"Porto Alegre, Rio Grande do Sul"
73,Copa do Brasil,2024,120,Botafogo,BOT,1904,Estádio Nilton Santos,Rio de Janeiro
73,Copa do Brasil,2024,121,Palmeiras,PAL,1914,Allianz Parque,"São Paulo, São Paulo"
73,Copa do Brasil,2024,123,Sport Recife,SPO,1905,Itaipava Arena Pernambuco,"Recife, Pernambuco"
73,Copa do Brasil,2024,124,Fluminense,FLU,1902,Estadio Jornalista Mário Filho (Maracanã),"Rio de Janeiro, Rio de Janeiro"
73,Copa do Brasil,2024,125,America Mineiro,AME,1912,Estádio Raimundo Sampaio,"Belo Horizonte, Minas Gerais"
73,Copa do Brasil,2024,126,Sao Paulo,SAO,1930,Estádio Cícero Pompeu de Toledo (Morumbi),"São Paulo, São Paulo"
73,Copa do Brasil,2024,127,Flamengo,FLA,1895,Estadio Jornalista Mário Filho (Maracanã),"Rio de Janeiro, Rio de Janeiro"
73,Copa do Brasil,2024,129,Ceara,CEA,1914,Estádio Governador Plácido Aderaldo Castelo,"Fortaleza, Ceará"
73,Copa do Brasil,2024,130,Gremio,GRE,1903,Arena do Grêmio,"Porto Alegre, Rio Grande do Sul"
73,Copa do Brasil,2024,131,Corinthians,COR,1910,Neo Química Arena,"São Paulo, São Paulo"
73,Copa do Brasil,2024,133,Vasco DA Gama,VAS,1898,Estádio São Januário,"Rio de Janeiro, Rio de Janeiro"
73,Copa do Brasil,2024,134,Atletico Paranaense,ATL,1924,Arena da Baixada,"Curitiba, Paraná"
73,Copa do Brasil,2024,135,Cruzeiro,CRU,1921,Estádio Governador Magalhães Pinto,"Belo Horizonte, Minas Gerais"
73,Copa do Brasil,2024,136,Vitoria,VIT,1899,Estádio Manoel Barradas,"Salvador, Bahia"
73,Copa do Brasil,2024,140,Criciuma,CRI,1947,Estádio Heriberto Hülse,"Criciúma, Santa Catarina"
73,Copa do Brasil,2024,144,Atletico Goianiense,ATL,1937,Estádio Antônio Accioly,"Goiânia, Goiás"
73,Copa do Brasil,2024,146,CRB,CRB,1912,Estádio Rei Pelé,"Maceió, Alagoas"
73,Copa do Brasil,2024,147,Coritiba,COR,1909,Estádio Major Antônio Couto Pereira,"Curitiba, Paraná"
73,Copa do Brasil,2024,149,Paysandu,PAY,1914,Estádio Leônidas Sodré de Castro,"Belém, Pará"
73,Copa do Brasil,2024,151,Goias,GOI,1943,Estádio de Hailé Pinheiro,"Goiânia, Goiás"
73,Copa do Brasil,2024,152,Juventude,JUV,1913,Estádio Alfredo Jaconi,"Caxias do Sul, Rio Grande do Sul"
73,Copa do Brasil,2024,154,Fortaleza EC,FOR,1918,Estádio Governador Plácido Aderaldo Castelo,"Fortaleza, Ceará"
73,Copa do Brasil,2024,155,Sampaio Correa,SAM,1923,Estádio Governador João Castelo,"São Luís, Maranhão"
73,Copa do Brasil,2024,754,ABC,ABC,1915,Estádio Maria Lamas Farache,"Natal, Rio Grande do Norte"
73,Copa do Brasil,2024,794,RB Bragantino,BRA,1928,Estádio Nabi Abi Chedid,"Bragança Paulista, São Paulo"
73,Copa do Brasil,2024,1062,Atletico-MG,ATL,1908,Arena MRV,"Belo Horizonte, Minas Gerais"
73,Copa do Brasil,2024,1193,Cuiaba,CUI,2001,Arena Pantanal,"Cuiabá, Mato Grosso"
73,Copa do Brasil,2024,1194,Cianorte,CIA,2002,Estádio Municipal Olímpico Albino Turbay,"Cianorte, Paraná"
73,Copa do Brasil,2024,1195,Ferroviario,FER,1933,Estádio Municipal Presidente Getúlio Vargas,"Fortaleza, Ceará"
73,Copa do Brasil,2024,1198,Remo,REM,1905,Estádio Estadual Jornalista Edgar Augusto Proença,"Belém, Pará"
73,Copa do Brasil,2024,1202,Aparecidense,APA,1985,Estádio Annibal Batista de Toledo,"Aparecida de Goiânia, Goiás"
73,Copa do Brasil,2024,1207,ASA,ASA,1952,Estádio Municipal Coaracy da Mata Fonseca,"Arapiraca, Alagoas"
73,Copa do Brasil,2024,1210,Murici Fc,,1974,Estádio José Gomes da Costa,"Murici, Alagoas"
73,Copa do Brasil,2024,1211,Brusque,BRU,1987,Estádio Augusto Bauer,"Brusque, Santa Catarina"
73,Copa do Brasil,2024,1218,Sao Raimundo,,1963,Estádio Flamarion Vasconcelos,"Boa Vista, Roraima"
73,Copa do Brasil,2024,1221,Ypiranga-RS,,1924,Estádio Olímpico Colosso da Lagoa,"Erechim, Rio Grande do Sul"
73,Copa do Brasil,2024,1223,Operario-PR,,1912,Estádio Germano Krüger,"Ponta Grossa, Paraná"
73,Copa do Brasil,2024,2204,AO Itabaiana,,1938,Estádio Etelvino Mendonça,"Itabaiana, Sergipe"
73,Copa do Brasil,2024,2208,Brasiliense,BRA,2000,Estádio Elmo Serejo Farias,"Taguatinga, Distrito Federal"
73,Copa do Brasil,2024,2216,Moto Club,,1937,Estádio Municipal Nhozinho Santos,"São Luís, Maranhão"
73,Copa do Brasil,2024,2217,Operario Ferroviario,,1938,Estádio Estadual Jacques da Luz,"Campo Grande, Mato Grosso do Sul"
73,Copa do Brasil,2024,2220,Rio Branco,RIO,1919,Arena Acreana,"Rio Branco, Acre"
73,Copa do Brasil,2024,2221,River AC,,1946,Estádio Municipal Lindolfo Monteiro,"Teresina, Piauí"
73,Copa do Brasil,2024,2227,Tombense,TOM,1914,Estádio Antônio Guimarães de Almeida,"Tombos, Minas Gerais"
73,Copa do Brasil,2024,2233,America-RN,AME,1915,Arena das Dunas,"Natal, Rio Grande do Norte"
73,Copa do Brasil,2024,2618,Botafogo SP,BOT,1918,Estádio Santa Cruz,"Ribeirão Preto, São Paulo"
73,Copa do Brasil,2024,7770,Caxias,SER,1935,Estádio Francisco Stédile,"Caxias do Sul, Rio Grande do Sul"
73,Copa do Brasil,2024,7772,Confiança,CON,1936,Estádio Estadual Lourival Baptista,"Aracaju, Sergipe"
73,Copa do Brasil,2024,7779,Ituano,ITU,1947,Estádio Municipal Dr. Novelli Júnior,"Itu, São Paulo"
73,Copa do Brasil,2024,7782,Nova Iguaçu,NOV,1990,Estádio Jânio de Moraes,"Nova Iguaçu, Rio de Janeiro"
73,Copa do Brasil,2024,7787,Treze,TRE,1925,Estádio Governador Ernani Sátyro,"Campina Grande, Paraíba"
73,Copa do Brasil,2024,7788,União Rondonópolis,,1973,Estádio Municipal Engenheiro Luthero Lopes,"Rondonópolis, Mato Grosso"
73,Copa do Brasil,2024,7814,Volta Redonda,VOL,1976,Estádio Municipal General Raulino de Oliveira,"Volta Redonda, Rio de Janeiro"
73,Copa do Brasil,2024,7831,Jacuipense,JAC,1965,Estádio Eliel Martins,"Riachão do Jacuípe, Bahia"
73,Copa do Brasil,2024,7832,Maranhão,MAR,1932,Estádio Governador João Castelo,"São Luís, Maranhão"
73,Copa do Brasil,2024,7833,Maringá,MAR,2010,Estádio Regional Willie Davids,"Maringá, Paraná"
73,Copa do Brasil,2024,7835,Portuguesa RJ,,1924,Estádio Luso-Brasileiro,"Rio de Janeiro, Rio de Janeiro"
73,Copa do Brasil,2024,7852,Anápolis,ANA,1946,Estádio Municipal Jonas Duarte,"Anápolis, Goiás"
73,Copa do Brasil,2024,7864,Sousa,,1991,Estádio Governador Antônio Mariz,"Sousa, Paraíba"
73,Copa do Brasil,2024,7865,São Bernardo,BER,2004,Estádio Primeiro de Maio,"São Bernardo do Campo, São Paulo"
73,Copa do Brasil,2024,7868,Trem,,1947,Estádio Milton Corrêa,"Macapá, Amapá"
73,Copa do Brasil,2024,7869,Villa Nova,VIN,1908,Estádio Municipal Castor de Cifuentes,"Nova Lima, Minas Gerais"
73,Copa do Brasil,2024,7878,Tocantinópolis,,1989,Estádio João Ribeiro,"Tocantinópolis, Tocantins"
73,Copa do Brasil,2024,7879,Águia de Marabá,AGU,1982,Estádio Municipal Zinho de Oliveira,"Marabá, Pará"
73,Copa do Brasil,2024,9999,CEOV Operário,,2002,Arena Pantanal,"Cuiabá, Mato Grosso"
73,Copa do Brasil,2024,10004,São Luiz,SAO,1938,Estádio 19 de Outubro,"Ijuí, Rio Grande do Sul"
73,Copa do Brasil,2024,10018,Água Santa,,1981,Estádio Distrital do Jardim Inamar,"São Paulo, São Paulo"
73,Copa do Brasil,2024,10023,Portuguesa Santista,,1917,Estádio Úlrico Mursa,"Santos, São Paulo"
73,Copa do Brasil,2024,10478,Humaitá,,2005,Arena Acreana,"Rio Branco, Acre"
73,Copa do Brasil,2024,10673,Cascavel,,2008,Estádio Olímpico Regional Jacy Miguel Scanagatta,"Cascavel, Paraná"
73,Copa do Brasil,2024,10675,Ji-Paraná,,1991,Estádio Municipal José de Abreu Bianco,"Ji-Paraná, Rondônia"
73,Copa do Brasil,2024,10677,Marcílio Dias,MAR,1919,Estádio Doutor Hercílio Luz,"Itajaí, Santa Catarina"
73,Copa do Brasil,2024,10679,Real Noroeste,,2008,Estádio José Olímpio da Rocha,"Águia Branca, Espírito Santo"
73,Copa do Brasil,2024,10861,Independente AP,,,Estádio Milton Corrêa,"Macapá, Amapá"
73,Copa do Brasil,2024,10862,Amazonas,,2019,Estádio Municipal Carlos Zamith,"Manaus, Amazonas"
73,Copa do Brasil,2024,12299,Petrolina,,1998,Estádio Paulo de Souza Coelho,"Petrolina, Pernambuco"
73,Copa do Brasil,2024,12916,GAS,,1965,Estádio Flamarion Vasconcelos,"Boa Vista, Roraima"
73,Copa do Brasil,2024,12925,Real FC,,1996,Estádio Vasco Viana de Andrade,"Núcleo Bandeirante, Distrito Federal"
73,Copa do Brasil,2024,12946,Porto Velho,,2018,Estádio Aluízio Ferreira de Oliveira,"Porto Velho, Rondônia"
73,Copa do Brasil,2024,13098,Retrô,,2016,Itaipava Arena Pernambuco,"Recife, Pernambuco"
73,Copa do Brasil,2024,13103,Costa Rica ,,1969,Estádio Municipal Laerte Paes Coelho,"Costa Rica, Mato Grosso do Sul"
73,Copa do Brasil,2024,13107,Audax Rio,AUD,2005,Estádio Proletário Guilherme da Silveira Filho,"Rio de Janeiro, Rio de Janeiro"
73,Copa do Brasil,2024,13114,Olaria,OLA,1915,Estádio Mourão Filho,"Rio de Janeiro, Rio de Janeiro"
73,Copa do Brasil,2024,13134,Capital,,2012,Estádio Municipal Nílton Santos,"Palmas, Tocantins"
73,Copa do Brasil,2024,13975,Athletic Club,,1909,Estádio Joaquim Portugal,"São João Del Rei, Minas Gerais"
73,Copa do Brasil,2024,15505,Iguatu,,2010,Estádio Municipal João Elmo Moreno Cavalcante,"Iguatu, Ceará"
73,Copa do Brasil,2024,15617,Fluminense PI,,1938,Estádio Governador Alberto Tavares Silva,"Teresina, Piauí"
73,Copa do Brasil,2024,18307,Nova Venécia,,,Estádio Municipal Zenor Pedrosa Rocha,"Nova Venécia, Espírito Santo"
73,Copa do Brasil,2024,18308,Manauara,,2020,Estádio Municipal Carlos Zamith,"Manaus, Amazonas"
73,Copa do Brasil,2024,18831,Itabuna,,1967,Estádio Luiz Viana Filho,"Itabuna, Bahia"
98,J1 League,2022,279,Consadole Sapporo,SAP,1935,Daiwa House Premist Dome,Sapporo
98,J1 League,2022,280,Jubilo Iwata,IWA,1970,Yamaha Stadium,Iwata
98,J1 League,2022,281,Kashiwa Reysol,KAS,1940,SANKYO FRONTIER Kashiwa Stadium,Kashiwa
98,J1 League,2022,282,Sanfrecce Hiroshima,HIR,1938,Edion Peace Wing Hiroshima,Hiroshima
98,J1 League,2022,283,Shimizu S-pulse,SHI,1991,IAI Stadium Nihondaira,Shizuoka
98,J1 League,2022,284,Shonan Bellmare,SHO,1968,Lemon Gas Stadium Hiratsuka,Hiratsuka
98,J1 League,2022,287,Urawa,URA,1950,Saitama Stadium 2002,Saitama
98,J1 League,2022,288,Nagoya Grampus,NAG,1939,Toyota Stadium,Toyota
98,J1 League,2022,289,Vissel Kobe,KOB,1966,NOEVIR Stadium Kobe,Kobe
98,J1 League,2022,290,Kashima,KAS,1991,Kashima Soccer Stadium,Kashima
98,J1 League,2022,291,Cerezo Osaka,COS,1957,Yodoko Sakura Stadium,Osaka
98,J1 League,2022,292,FC Tokyo,TOK,1935,Ajinomoto Stadium,Chōfu
98,J1 League,2022,293,Gamba Osaka,GOS,1980,Panasonic Stadium Suita,Suita
98,J1 League,2022,294,Kawasaki Frontale,KAW,1955,Uvance Todoroki Stadium by Fujitsu,Kawasaki
98,J1 League,2022,295,Sagan Tosu,TOS,1987,Ekimae Real Estate Stadium,Tosu
98,J1 League,2022,296,Yokohama F. Marinos,YOK,1972,Nissan Stadium,Yokohama
98,J1 League,2022,302,Kyoto Sanga,KYO,1922,Sanga Stadium by Kyocera,Kameoka
98,J1 League,2022,316,Avispa Fukuoka,FUK,1982,Best Denki Stadium,Fukuoka
98,J1 League,2023,279,Consadole Sapporo,SAP,1935,Daiwa House Premist Dome,Sapporo
98,J1 League,2023,281,Kashiwa Reysol,KAS,1940,SANKYO FRONTIER Kashiwa Stadium,Kashiwa
98,J1 League,2023,282,Sanfrecce Hiroshima,HIR,1938,Edion Peace Wing Hiroshima,Hiroshima
98,J1 League,2023,284,Shonan Bellmare,SHO,1968,Lemon Gas Stadium Hiratsuka,Hiratsuka
98,J1 League,2023,287,Urawa,URA,1950,Saitama Stadium 2002,Saitama
98,J1 League,2023,288,Nagoya Grampus,NAG,1939,Toyota Stadium,Toyota
98,J1 League,2023,289,Vissel Kobe,KOB,1966,NOEVIR Stadium Kobe,Kobe
98,J1 League,2023,290,Kashima,KAS,1991,Kashima Soccer Stadium,Kashima
98,J1 League,2023,291,Cerezo Osaka,COS,1957,Yodoko Sakura Stadium,Osaka
98,J1 League,2023,292,FC Tokyo,TOK,1935,Ajinomoto Stadium,Chōfu
98,J1 League,2023,293,Gamba Osaka,GOS,1980,Panasonic Stadium Suita,Suita
98,J1 League,2023,294,Kawasaki Frontale,KAW,1955,Uvance Todoroki Stadium by Fujitsu,Kawasaki
98,J1 League,2023,295,Sagan Tosu,TOS,1987,Ekimae Real Estate Stadium,Tosu
98,J1 League,2023,296,Yokohama F. Marinos,YOK,1972,Nissan Stadium,Yokohama
98,J1 League,2023,302,Kyoto Sanga,KYO,1922,Sanga Stadium by Kyocera,Kameoka
98,J1 League,2023,307,Yokohama FC,YOK,1998,NHK Spring Mitsuzawa Football Stadium,Yokohama
98,J1 League,2023,311,Albirex Niigata,ALB,1955,Denka Big Swan Stadium,Niigata
98,J1 League,2023,316,Avispa Fukuoka,FUK,1982,Best Denki Stadium,Fukuoka
98,J1 League,2024,279,Consadole Sapporo,SAP,1935,Daiwa House Premist Dome,Sapporo
98,J1 League,2024,280,Jubilo Iwata,IWA,1970,Yamaha Stadium,Iwata
98,J1 League,2024,281,Kashiwa Reysol,KAS,1940,SANKYO FRONTIER Kashiwa Stadium,Kashiwa
98,J1 League,2024,282,Sanfrecce Hiroshima,HIR,1938,Edion Peace Wing Hiroshima,Hiroshima
98,J1 League,2024,284,Shonan Bellmare,SHO,1968,Lemon Gas Stadium Hiratsuka,Hiratsuka
98,J1 League,2024,287,Urawa,URA,1950,Saitama Stadium 2002,Saitama
98,J1 League,2024,288,Nagoya Grampus,NAG,1939,Toyota Stadium,Toyota
98,J1 League,2024,289,Vissel Kobe,KOB,1966,NOEVIR Stadium Kobe,Kobe
98,J1 League,2024,290,Kashima,KAS,1991,Kashima Soccer Stadium,Kashima
98,J1 League,2024,291,Cerezo Osaka,COS,1957,Yodoko Sakura Stadium,Osaka
98,J1 League,2024,292,FC Tokyo,TOK,1935,Ajinomoto Stadium,Chōfu
98,J1 League,2024,293,Gamba Osaka,GOS,1980,Panasonic Stadium Suita,Suita
98,J1 League,2024,294,Kawasaki Frontale,KAW,1955,Uvance Todoroki Stadium by Fujitsu,Kawasaki
98,J1 League,2024,295,Sagan Tosu,TOS,1987,Ekimae Real Estate Stadium,Tosu
98,J1 League,2024,296,Yokohama F. Marinos,YOK,1972,Nissan Stadium,Yokohama
98,J1 League,2024,302,Kyoto Sanga,KYO,1922,Sanga Stadium by Kyocera,Kameoka
98,J1 League,2024,303,Machida Zelvia,,1977,Machida Gion Stadium,Tokyo
98,J1 League,2024,306,Tokyo Verdy,VER,1969,Ajinomoto Stadium,Chōfu
98,J1 League,2024,311,Albirex Niigata,ALB,1955,Denka Big Swan Stadium,Niigata
98,J1 League,2024,316,Avispa Fukuoka,FUK,1982,Best Denki Stadium,Fukuoka
307,Saudi Pro League,2022,2926,Al Baten,BAT,,Al-Batin FC Stadium,Hafar Al-Batin
307,Saudi Pro League,2022,2928,Al Khaleej Saihat,,1945,Prince Mohamed bin Fahd Stadium,Dammam
307,Saudi Pro League,2022,2931,Al-Fateh,FAT,1958,Al Fateh Club Stadium,Al-Hasa
307,Saudi Pro League,2022,2932,Al-Hilal Saudi FC,HIL,1957,Kingdom Arena,Riyadh
307,Saudi Pro League,2022,2934,Al-Ettifaq,ETT,1944,Prince Mohamed bin Fahd Stadium,Dammam
307,Saudi Pro League,2022,2935,Al-Raed,RAE,1954,King Abdullah Sport City Stadium,Buraydah (Buraidah)
307,Saudi Pro League,2022,2936,Al Taawon,,1956,Al Taawon Club Stadium,Buraidah
307,Saudi Pro League,2022,2937,Al Wehda Club,WAH,1945,King Abdulaziz Sports City Stadium,Makkah (Mecca)
307,Saudi Pro League,2022,2938,Al-Ittihad FC,ITT,1927,King Abdullah Sports City,Jeddah
307,Saudi Pro League,2022,2939,Al-Nassr,NAS,1955,Al Awal Park at King Saud University,Riyadh
307,Saudi Pro League,2022,2940,Al Shabab,SHA,1947,SHG Arena,Riyadh
307,Saudi Pro League,2022,2942,Al Taee,TAE,1960,Prince Abdul Aziz bin Musa'ed Stadium,Ha&apos;il (Hail)
307,Saudi Pro League,2022,2944,Al-Fayha,,,Al Majma'ah Sports City Stadium,Al Majma&apos;ah
307,Saudi Pro League,2022,2950,Al-Adalah,,1984,Prince Abdullah bin Jalawi Stadium,Al Ahsa
307,Saudi Pro League,2022,2951,Abha,ABH,,Prince Sultan bin Abdulaziz Sports City Stadium,Abha
307,Saudi Pro League,2022,2956,Damac,,1970,Dhamak Club Stadium,Khamis Mushait
307,Saudi Pro League,2023,2928,Al Khaleej Saihat,,1945,Prince Mohamed bin Fahd Stadium,Dammam
307,Saudi Pro League,2023,2929,Al-Ahli Jeddah,AHL,1937,Prince Abdullah al-Faisal Stadium,Jeddah
307,Saudi Pro League,2023,2931,Al-Fateh,FAT,1958,Al Fateh Club Stadium,Al-Hasa
307,Saudi Pro League,2023,2932,Al-Hilal Saudi FC,HIL,1957,Kingdom Arena,Riyadh
307,Saudi Pro League,2023,2934,Al-Ettifaq,ETT,1944,Prince Mohamed bin Fahd Stadium,Dammam
307,Saudi Pro League,2023,2935,Al-Raed,RAE,1954,King Abdullah Sport City Stadium,Buraydah (Buraidah)
307,Saudi Pro League,2023,2936,Al Taawon,,1956,Al Taawon Club Stadium,Buraidah
307,Saudi Pro League,2023,2937,Al Wehda Club,WAH,1945,King Abdulaziz Sports City Stadium,Makkah (Mecca)
307,Saudi Pro League,2023,2938,Al-Ittihad FC,ITT,1927,King Abdullah Sports City,Jeddah
307,Saudi Pro League,2023,2939,Al-Nassr,NAS,1955,Al Awal Park at King Saud University,Riyadh
307,Saudi Pro League,2023,2940,Al Shabab,SHA,1947,SHG Arena,Riyadh
307,Saudi Pro League,2023,2942,Al Taee,TAE,1960,Prince Abdul Aziz bin Musa'ed Stadium,Ha&apos;il (Hail)
307,Saudi Pro League,2023,2944,Al-Fayha,,,Al Majma'ah Sports City Stadium,Al Majma&apos;ah
307,Saudi Pro League,2023,2945,Al-Hazm,HAZ,1965,Ar-Rass Stadium (Al Hazm Club Stadium),Rass
307,Saudi Pro League,2023,2951,Abha,ABH,,Prince Sultan bin Abdulaziz Sports City Stadium,Abha
307,Saudi Pro League,2023,2956,Damac,,1970,Dhamak Club Stadium,Khamis Mushait
307,Saudi Pro League,2023,2977,Al Okhdood,,1976,Prince Hathloul Bin Abdul Aziz Sport City Stadium,Najran
307,Saudi Pro League,2023,10511,Al Riyadh,RIY,1954,Prince Faisal bin Fahd Stadium,Riyadh
307,Saudi Pro League,2024,2928,Al Khaleej Saihat,,1945,Prince Mohamed bin Fahd Stadium,Dammam
307,Saudi Pro League,2024,2929,Al-Ahli Jeddah,AHL,1937,Prince Abdullah al-Faisal Stadium,Jeddah
307,Saudi Pro League,2024,2931,Al-Fateh,FAT,1958,Al Fateh Club Stadium,Al-Hasa
307,Saudi Pro League,2024,2932,Al-Hilal Saudi FC,HIL,1957,Kingdom Arena,Riyadh
307,Saudi Pro League,2024,2933,Al-Qadisiyah FC,,1967,Prince Saud bin Jalawi Stadium,Khobar
307,Saudi Pro League,2024,2934,Al-Ettifaq,ETT,1944,Prince Mohamed bin Fahd Stadium,Dammam
307,Saudi Pro League,2024,2935,Al-Raed,RAE,1954,King Abdullah Sport City Stadium,Buraydah (Buraidah)
307,Saudi Pro League,2024,2936,Al Taawon,,1956,Al Taawon Club Stadium,Buraidah
307,Saudi Pro League,2024,2937,Al Wehda Club,WAH,1945,King Abdulaziz Sports City Stadium,Makkah (Mecca)
307,Saudi Pro League,2024,2938,Al-Ittihad FC,ITT,1927,King Abdullah Sports City,Jeddah
307,Saudi Pro League,2024,2939,Al-Nassr,NAS,1955,Al Awal Park at King Saud University,Riyadh
307,Saudi Pro League,2024,2940,Al Shabab,SHA,1947,SHG Arena,Riyadh
307,Saudi Pro League,2024,2944,Al-Fayha,,,Al Majma'ah Sports City Stadium,Al Majma&apos;ah
307,Saudi Pro League,2024,2956,Damac,,1970,Dhamak Club Stadium,Khamis Mushait
307,Saudi Pro League,2024,2961,Al Orubah,,1975,Al-Jouf University Stadium,Sakākā (Sakakah)
307,Saudi Pro League,2024,2977,Al Okhdood,,1976,Prince Hathloul Bin Abdul Aziz Sport City Stadium,Najran
307,Saudi Pro League,2024,10509,Al Kholood,,1970,Ar-Rass Stadium (Al Hazm Club Stadium),Rass
307,Saudi Pro League,2024,10511,Al Riyadh,RIY,1954,Prince Faisal bin Fahd Stadium,Riyadh
