fixture_id,league_id,season,round,home_attack,home_defense,away_attack,away_defense,home_goals_scored_lastN,home_goals_conceded_lastN,away_goals_scored_lastN,away_goals_conceded_lastN,home_days_since_last_match,away_days_since_last_match,home_goals,away_goals
867946,39,2022,1,1.1,1.3,2.3,1.1,1.0,1.0,1.0,1.0,365.0,365.0,0,2
867947,39,2022,1,1.4,1.4,2.0,1.2,1.0,1.0,1.0,1.0,365.0,365.0,2,2
867951,39,2022,1,1.8,0.9,1.0,1.8,1.0,1.0,1.0,1.0,365.0,365.0,2,0
867948,39,2022,1,1.0,1.9,1.3,1.2,1.0,1.0,1.0,1.0,365.0,365.0,2,0
867952,39,2022,1,1.8,1.7,0.9,1.9,1.0,1.0,1.0,1.0,365.0,365.0,4,1
867949,39,2022,1,1.3,2.1,0.8,1.5,1.0,1.0,1.0,1.0,365.0,365.0,2,1
867953,39,2022,1,0.9,1.5,1.0,1.2,1.0,1.0,1.0,1.0,365.0,365.0,0,1
867954,39,2022,1,1.5,1.1,1.9,1.4,1.0,1.0,1.0,1.0,365.0,365.0,1,2
867950,39,2022,1,1.3,1.8,1.5,1.2,1.0,1.0,1.0,1.0,365.0,365.0,2,2
867955,39,2022,1,1.1,1.4,2.5,0.9,1.0,1.0,1.0,1.0,365.0,365.0,0,2
877947,140,2022,1,1.0,1.1,1.2,1.4,1.0,1.0,1.0,1.0,365.0,365.0,2,1
867957,39,2022,2,1.3,1.2,0.9,1.5,0.0,2.3666666666666667,0.0,0.9466666666666665,6.895833333333333,6.791666666666667,2,1
867965,39,2022,2,0.8,1.5,1.4,1.4,0.8452380952380951,1.4564102564102561,1.6904761904761905,1.0142857142857142,7.0,7.104166666666667,0,0
867964,39,2022,2,0.9,1.9,1.3,2.1,0.9281045751633986,1.6608187134502925,1.4564102564102561,0.8452380952380951,7.0,7.0,2,2
867956,39,2022,2,2.3,1.1,1.3,1.8,0.9498327759197324,0.0,1.8205128205128203,1.0518518518518518,7.791666666666667,6.041666666666667,4,2
867962,39,2022,2,2.5,0.9,1.0,1.9,0.8114285714285714,0.0,2.3666666666666667,0.0,5.9375,7.0,4,0
867959,39,2022,2,1.9,1.4,1.8,0.9,1.3588516746411483,0.6761904761904762,0.8765432098765432,0.0,6.041666666666667,7.0,0,0
877945,140,2022,1,1.1,1.4,1.4,1.8,1.0,1.0,1.0,1.0,365.0,365.0,2,2
881781,135,2022,1,0.6,1.9,1.7,1.3,1.0,1.0,1.0,1.0,365.0,365.0,0,2
881780,135,2022,1,1.7,1.1,1.2,1.3,1.0,1.0,1.0,1.0,365.0,365.0,4,2
867958,39,2022,2,1.5,1.2,1.5,1.1,1.0518518518518518,1.8205128205128203,0.6761904761904762,1.3588516746411483,6.145833333333333,6.145833333333333,4,0
877950,140,2022,1,0.9,1.7,1.6,1.1,1.0,1.0,1.0,1.0,365.0,365.0,0,3
881782,135,2022,1,0.9,1.2,1.9,1.1,1.0,1.0,1.0,1.0,365.0,365.0,1,2
881783,135,2022,1,1.3,1.4,1.1,1.1,1.0,1.0,1.0,1.0,365.0,365.0,1,2
877943,140,2022,1,1.8,0.5,1.2,1.4,1.0,1.0,1.0,1.0,365.0,365.0,0,0
867963,39,2022,2,1.0,1.8,1.1,1.4,0.0,0.8765432098765432,0.0,0.8114285714285714,7.958333333333333,6.895833333333333,1,0
867960,39,2022,2,1.0,1.2,1.8,1.7,0.9466666666666665,0.0,1.6608187134502925,0.9281045751633986,7.958333333333333,8.0625,2,2
877946,140,2022,1,0.8,1.4,1.3,0.9,1.0,1.0,1.0,1.0,365.0,365.0,0,1
881784,135,2022,1,1.4,1.1,0.9,1.8,1.0,1.0,1.0,1.0,365.0,365.0,3,2
881785,135,2022,1,1.6,0.8,1.4,1.3,1.0,1.0,1.0,1.0,365.0,365.0,2,1
877951,140,2022,1,1.1,1.2,1.5,1.4,1.0,1.0,1.0,1.0,365.0,365.0,1,0
881787,135,2022,1,0.8,1.7,1.0,1.3,1.0,1.0,1.0,1.0,365.0,365.0,1,0
881786,135,2022,1,1.3,1.6,1.3,1.0,1.0,1.0,1.0,1.0,365.0,365.0,0,1
877948,140,2022,1,1.3,1.7,2.0,0.9,1.0,1.0,1.0,1.0,365.0,365.0,1,2
877942,140,2022,1,1.2,1.1,1.0,1.1,1.0,1.0,1.0,1.0,365.0,365.0,0,0
881788,135,2022,1,0.9,1.5,2.0,0.7,1.0,1.0,1.0,1.0,365.0,365.0,2,5
877949,140,2022,1,0.9,1.2,1.8,0.9,1.0,1.0,1.0,1.0,365.0,365.0,0,3
881789,135,2022,1,1.5,0.9,1.2,1.6,1.0,1.0,1.0,1.0,365.0,365.0,3,0
867961,39,2022,2,2.0,1.2,1.1,1.3,1.0142857142857142,1.6904761904761905,0.0,0.9498327759197324,9.3125,10.0,1,1
877944,140,2022,1,1.2,1.1,0.8,1.8,1.0,1.0,1.0,1.0,365.0,365.0,3,0
877955,140,2022,2,1.4,1.8,1.2,1.4,1.2806122448979593,1.2676767676767677,0.0,0.0,6.125,5.958333333333333,0,2
877956,140,2022,2,1.2,1.4,0.9,1.7,0.9507575757575758,1.792857142857143,0.0,1.3841911764705883,7.041666666666667,6.125,1,1
867974,39,2022,3,1.8,1.7,0.8,1.5,1.5397173489278753,1.1879738562091502,0.5494047619047618,0.9466666666666665,5.833333333333333,6.895833333333333,1,0
867971,39,2022,3,1.3,1.8,0.9,1.9,1.878438228438228,1.1638969404186794,1.129193899782135,1.481961313540261,7.0,7.0,1,2
867967,39,2022,3,1.1,1.3,1.3,1.2,0.37651515151515147,0.8085451505016722,0.5097435897435896,1.9985185185185184,4.791666666666667,7.104166666666667,3,1
867968,39,2022,3,0.9,1.5,1.0,1.8,0.4601851851851851,1.1250769230769229,0.355,0.5697530864197531,7.104166666666667,6.041666666666667,1,1
867969,39,2022,3,1.4,1.4,1.5,1.2,1.098809523809524,0.6592857142857143,1.8885521885521883,1.1833333333333331,7.0,6.895833333333333,3,2
877960,140,2022,2,1.0,1.1,0.8,1.4,1.792857142857143,0.9507575757575758,0.0,0.6895604395604397,7.854166666666667,6.0,2,0
867966,39,2022,3,1.0,1.9,2.3,1.1,1.5383333333333333,0.41852631578947364,1.0975845410628018,0.6951048951048949,7.104166666666667,7.104166666666667,0,3
881790,135,2022,2,1.1,1.1,1.6,0.8,1.6688311688311686,0.8986013986013984,1.235576923076923,1.1473214285714286,6.90625,6.0,0,0
881791,135,2022,2,1.2,1.3,1.3,1.6,1.9469696969696968,2.3257918552036196,0.0,0.6177884615384615,7.0,5.90625,0,0
877958,140,2022,2,1.0,1.1,1.2,1.1,0.0,0.0,1.7430555555555556,0.0,5.083333333333333,4.916666666666667,1,2
881792,135,2022,2,1.9,1.1,0.8,1.7,1.1271929824561404,1.2979797979797978,1.235576923076923,0.0,7.0,6.0,3,0
881793,135,2022,2,1.2,1.6,0.9,1.2,0.0,1.6062499999999995,1.2979797979797978,1.1271929824561404,5.0,7.0,1,0
877954,140,2022,2,1.1,1.4,2.0,0.9,1.2676767676767677,1.2806122448979593,0.7382352941176471,1.0726495726495726,7.208333333333333,6.0,1,4
867975,39,2022,3,1.1,1.4,1.9,1.4,0.0,0.8824285714285715,0.8832535885167464,0.43952380952380954,7.0,7.958333333333333,0,2
867970,39,2022,3,1.3,2.1,1.0,1.2,1.3490958164642373,1.0753306878306876,1.2000392156862745,0.4601851851851851,7.958333333333333,6.895833333333333,3,0
867973,39,2022,3,1.8,0.9,2.5,0.9,0.5697530864197531,0.0,0.9459548872180451,0.0,8.0625,8.0625,3,3
877952,140,2022,2,1.2,1.1,1.1,1.2,0.0,0.0,0.814935064935065,0.0,6.0,6.916666666666667,1,0
881795,135,2022,2,2.0,0.7,1.3,1.4,2.1416666666666666,4.079365079365079,0.8986013986013984,1.6688311688311686,6.0,7.90625,4,0
881794,135,2022,2,1.0,1.3,1.4,1.1,0.0,1.235576923076923,1.5297619047619047,2.5959595959595956,6.90625,7.0,0,0
877953,140,2022,2,1.8,0.9,1.6,1.1,1.7430555555555556,0.0,1.3841911764705883,0.0,6.0,8.020833333333334,0,2
881796,135,2022,2,1.7,1.3,1.7,1.1,0.7956656346749226,0.0,2.3257918552036196,1.9469696969696968,8.09375,8.09375,1,1
881797,135,2022,2,1.4,1.3,0.9,1.5,1.1473214285714286,1.235576923076923,4.079365079365079,2.1416666666666666,7.09375,6.09375,1,1
877957,140,2022,2,1.3,0.9,1.8,0.5,0.6895604395604397,0.0,0.0,0.0,7.1875,8.041666666666666,1,4
881798,135,2022,2,1.3,1.0,0.9,1.8,0.6177884615384615,0.0,2.5959595959595956,1.5297619047619047,7.90625,8.0,1,0
877961,140,2022,2,0.8,1.8,1.3,1.7,0.0,1.7430555555555556,1.0726495726495726,0.7382352941176471,6.9375,7.916666666666667,1,1
881799,135,2022,2,0.6,1.9,1.5,0.9,0.0,0.7956656346749226,1.6062499999999995,0.0,9.09375,7.0,0,0
867972,39,2022,3,1.5,1.1,2.0,1.2,0.43952380952380954,2.088102073365231,0.8504395604395604,1.4753246753246754,9.104166666666666,7.0,2,1
877959,140,2022,2,1.5,1.4,0.9,1.2,0.0,0.814935064935065,0.0,1.7430555555555556,8.104166666666666,7.104166666666667,3,1
881800,135,2022,3,1.3,1.4,1.2,1.3,0.584090909090909,1.7272402597402596,1.265530303030303,1.511764705882353,5.0,6.0,1,2
877970,140,2022,3,1.5,1.4,1.1,1.4,0.7320833333333333,0.8783189033189034,1.2676767676767677,1.4598979591836736,3.9166666666666665,5.916666666666667,0,1
881801,135,2022,3,1.6,0.8,1.9,1.1,0.8031249999999999,0.7457589285714287,1.1503998968008258,0.8436868686868686,6.09375,6.0,3,1
877963,140,2022,3,1.2,1.1,1.0,1.1,1.7985164141414143,0.3993181818181818,1.792857142857143,0.6179924242424243,6.104166666666667,6.1875,1,0
867984,39,2022,4,0.9,1.9,1.5,1.1,1.347556281771968,1.164489428699955,0.8379126984126986,1.583175438596491,6.895833333333333,4.6875,0,1
867982,39,2022,4,2.5,0.9,1.1,1.3,1.277537343358396,0.9203703703703704,1.3742803030303028,0.8196371880627732,5.9375,7.0,4,2
867981,39,2022,4,2.0,1.2,1.0,1.9,0.778694805194805,1.5111832611832612,0.9999166666666667,0.6132320366132723,4.791666666666667,6.895833333333333,9,0
867980,39,2022,4,1.0,1.2,1.3,1.8,0.7800254901960785,1.254889601139601,1.4221994233836337,1.370113258185722,6.041666666666667,7.0,2,1
867979,39,2022,4,1.9,1.4,1.3,2.1,0.947799043062201,0.2856904761904762,1.8326815114709847,0.6989649470899469,6.041666666666667,6.041666666666667,1,0
867978,39,2022,4,1.5,1.2,0.9,1.5,1.700892255892256,1.6566666666666663,0.6059104938271604,1.062633333333333,7.0,7.0,1,1
877964,140,2022,3,0.8,1.8,1.3,0.9,0.3229779411764706,1.3206997863247865,1.1239835164835166,1.084567901234568,4.895833333333333,5.8125,0,1
881802,135,2022,3,0.9,1.8,1.1,1.1,1.6873737373737372,1.1865460927960927,1.0847402597402596,0.584090909090909,5.0,7.0,1,2
881803,135,2022,3,1.5,0.9,1.3,1.0,1.0440624999999997,0.0,0.5937633547008545,0.0,4.90625,5.0,1,1
867976,39,2022,4,2.3,1.1,1.4,1.4,1.0546198830409357,0.45181818181818173,1.6017261904761904,0.9018690476190476,7.0,7.104166666666667,2,1
877971,140,2022,3,1.2,1.4,1.0,1.1,0.40671296296296294,0.0,0.3993181818181818,0.665530303030303,7.979166666666667,7.0,0,2
881805,135,2022,3,0.8,1.7,1.2,1.6,0.8031249999999999,0.41772445820433435,0.31232638888888886,1.0440624999999997,7.0,7.0,2,2
881804,135,2022,3,1.7,1.1,1.4,1.3,1.7152714932126696,1.5060383244206772,0.9599255952380954,1.187526709401709,6.0,6.0,2,0
877967,140,2022,3,1.3,1.7,1.2,1.4,0.8849358974358974,0.8028308823529413,0.8333110516934047,1.5139682539682542,5.083333333333333,8.0,2,1
867977,39,2022,4,1.3,1.2,1.1,1.4,0.6254161735700196,2.4285824915824916,0.0,0.9472627819548873,7.958333333333333,7.0,0,1
867985,39,2022,4,0.8,1.5,1.8,0.9,0.3571130952380952,0.7994074074074073,1.29070987654321,0.6626666666666666,8.0625,6.895833333333333,1,1
877965,140,2022,3,0.9,1.2,1.6,1.1,0.3486111111111111,1.8650694444444444,1.5097937091503266,0.0,5.8125,6.916666666666667,0,0
867983,39,2022,4,1.0,1.8,1.8,1.7,0.5620833333333333,0.6771296296296296,1.184890350877193,0.7721830065359476,8.0625,8.166666666666666,0,2
881806,135,2022,3,0.9,1.5,1.7,1.3,3.035989010989011,1.60625,0.757690683929074,0.2035067873303167,6.90625,6.90625,0,1
881807,135,2022,3,1.3,1.6,0.6,1.9,0.0,0.40156249999999993,0.0,0.5171826625386997,8.0,5.90625,4,0
877962,140,2022,3,1.8,0.5,0.9,1.7,1.084567901234568,0.6757692307692308,0.3486111111111111,1.115042892156863,6.895833333333333,8.895833333333334,4,0
881808,135,2022,3,1.4,1.1,2.0,0.7,0.9943452380952381,1.6873737373737372,2.0345833333333334,2.6515873015873015,7.09375,7.09375,0,0
881809,135,2022,3,0.9,1.2,1.0,1.3,0.8436868686868686,1.0450018274853803,0.0,0.8031249999999999,8.0,7.09375,1,1
877966,140,2022,3,1.4,1.8,2.0,0.9,0.8323979591836735,1.230702861952862,1.1073529411764707,1.1409090909090909,9.083333333333334,8.0,1,3
877968,140,2022,3,0.8,1.4,1.2,1.1,0.0,1.0757142857142856,0.3050347222222222,0.0,9.104166666666666,8.104166666666666,0,4
877969,140,2022,3,1.1,1.2,1.8,0.9,0.5297077922077923,0.3050347222222222,1.1329861111111112,0.6100694444444443,8.1875,8.104166666666666,0,1
881810,135,2022,4,1.2,1.6,1.7,1.1,0.6439435253267973,1.3813749999999996,1.5219400452488687,0.9789249108734402,2.90625,2.90625,0,0
867988,39,2022,5,1.4,1.4,1.9,1.4,1.3638492965367965,0.894910533126294,0.7406307814992025,0.18569880952380954,3.0833333333333335,3.1875,2,1
867992,39,2022,5,1.1,1.3,1.5,1.2,1.8973226010101008,1.14445647993311,1.3264688552188553,1.5370185185185181,3.1875,3.1875,1,1
881811,135,2022,4,1.9,1.1,0.9,1.8,1.0436480908152737,1.3150157828282827,1.5510858585858585,1.2255478896103895,4.0,3.09375,3,1
881812,135,2022,4,1.3,1.0,1.3,1.4,0.7703478899572647,0.2998333333333333,0.6457833512641203,1.6581228354978355,3.09375,4.09375,3,0
867993,39,2022,5,0.9,1.9,1.0,1.2,0.8759115831517792,0.9313040935672514,1.0592387908496732,1.1342679843304841,3.3020833333333335,3.1979166666666665,2,1
867989,39,2022,5,1.3,2.1,0.9,1.5,1.1912429824561401,0.5788886191172374,0.8540270061728394,0.9116005555555553,3.2083333333333335,3.2083333333333335,1,1
881814,135,2022,4,0.6,1.9,1.6,0.8,0.0,1.0645088116218149,1.2886505681818181,0.7806314614661655,3.0,4.90625,1,1
881815,135,2022,4,1.2,1.3,1.4,1.1,1.3580113636363635,1.248771319178559,0.6463244047619048,1.0967929292929293,5.0,2.90625,1,0
881813,135,2022,4,1.0,1.3,0.9,1.5,0.37479166666666663,0.9064329594017092,1.9733928571428572,1.2204350490196079,2.90625,3.0,1,1
867986,39,2022,5,1.0,1.9,0.8,1.5,0.6499458333333333,1.5757060869565216,0.9224012896825395,0.7036888888888888,4.1875,3.2291666666666665,0,0
867995,39,2022,5,2.5,0.9,1.0,1.8,1.442091580875265,1.6022811447811445,0.36535416666666665,0.7469243827160494,4.1875,3.125,6,0
867987,39,2022,5,2.3,1.1,1.3,1.2,0.9941985761505212,0.6164090909090908,0.4065205128205127,1.955093771043771,4.083333333333333,3.2291666666666665,2,1
867991,39,2022,5,1.1,1.4,1.8,1.7,0.37651515151515147,0.6157208082706768,1.0769688515269658,0.501918954248366,3.2395833333333335,3.1354166666666665,1,1
881817,135,2022,4,2.0,0.7,0.9,1.2,1.3224791666666669,1.723531746031746,0.9327981740481739,1.0540428545321638,3.0,3.0,1,1
881816,135,2022,4,1.5,0.9,0.8,1.7,0.9784739583333331,0.38440170940170926,1.2247656249999999,0.7124522703818369,4.09375,4.0,2,0
867994,39,2022,5,2.0,1.2,1.8,0.9,1.6832568865345179,0.9822691197691198,1.0230354938271606,1.121011111111111,4.208333333333333,3.25,2,1
881818,135,2022,4,1.7,1.3,1.1,1.1,0.668871493573506,0.13227941176470587,1.1593740981240979,0.8339520202020201,4.09375,5.09375,3,1
881819,135,2022,4,1.4,1.3,1.3,1.6,0.6239516369047621,1.1789059357717444,0.72834008097166,0.261015625,5.0,4.09375,1,1
867990,39,2022,5,1.3,1.8,1.5,1.1,1.2430193687891054,1.4427958400429415,0.7190292188805347,1.0290640350877192,5.208333333333333,5.3125,0,1
877979,140,2022,4,1.1,1.4,0.8,1.4,1.1092171717171717,0.9489336734693878,0.0,1.745047619047619,7.041666666666667,4.041666666666667,3,0
868000,39,2022,6,0.9,1.5,2.0,1.2,0.8180805169753085,0.8474121559829058,1.646339198469659,0.8685675204425204,3.6875,2.6875,0,0
877981,140,2022,4,1.0,1.1,1.5,1.4,0.8870568181818181,0.432594696969697,0.4758541666666667,0.85613455988456,6.770833333333333,7.75,1,1
881820,135,2022,5,1.4,1.1,1.5,0.9,0.4201108630952381,1.053635101010101,0.9887531709558821,0.24986111111111103,2.8541666666666665,2.7604166666666665,1,1
868005,39,2022,6,0.8,1.5,0.9,1.9,0.5995608382936507,0.45739777777777774,1.4897128994190267,0.8669266081871344,2.8125,3.8020833333333335,1,0
867997,39,2022,6,1.5,1.2,1.3,2.1,1.1170765507640508,1.3755771885521884,1.029179733468286,0.6392405653891673,3.8125,3.7916666666666665,5,2
868002,39,2022,6,1.8,0.9,1.1,1.3,0.895065663580247,1.2808794444444445,1.609774842171717,0.9987685068283163,2.7916666666666665,3.8125,0,0
868003,39,2022,6,1.0,1.8,1.0,1.9,0.23748020833333333,1.1481675154320987,0.4224647916666667,1.0242089565217392,2.8125,2.8125,2,3
867999,39,2022,6,1.0,1.2,1.1,1.4,0.9500841614207086,1.6576445601851848,0.5105102495543671,0.5974407475981621,3.8020833333333335,2.8020833333333335,2,1
868004,39,2022,6,1.8,1.7,1.4,1.4,0.8972519757147499,0.5920227213309566,1.393644899891775,0.7685339517952491,2.8020833333333335,3.8125,2,1
877976,140,2022,4,2.0,0.9,1.2,1.1,1.0858210784313727,1.0902020202020202,1.5018008207070708,0.2595568181818182,5.760416666666667,7.760416666666667,2,1
881821,135,2022,5,1.7,1.1,1.9,1.1,0.9892610294117647,0.6363011920677362,1.0728888028895769,1.309053188131313,3.9791666666666665,3.8854166666666665,3,2
867996,39,2022,6,1.3,1.2,2.5,0.9,0.6117907808857808,1.630955878714683,1.600026194235589,1.0414827441077439,2.9166666666666665,2.9166666666666665,1,1
877974,140,2022,4,1.3,0.9,1.8,0.9,0.918302960927961,0.7049691358024692,0.9397974537037038,0.3965451388888888,7.041666666666667,4.854166666666667,1,1
881822,135,2022,5,1.6,0.8,2.0,0.7,0.9855669482655501,1.4443896166196741,1.0470072916666668,1.8341845238095238,3.09375,3.0,1,2
877975,140,2022,4,1.2,1.4,1.8,0.5,0.7569708110516935,1.466771672771673,1.279152142338417,0.43925000000000003,6.958333333333333,6.0625,0,3
881823,135,2022,5,0.9,1.8,1.2,1.6,1.4624987373737373,1.1911236721064022,0.4185632914624183,0.8978937499999997,4.65625,4.75,0,0
877973,140,2022,4,1.0,1.1,1.2,1.4,1.165357142857143,0.7344602272727273,0.26436342592592593,0.6275,8.666666666666666,7.770833333333333,2,1
881824,135,2022,5,0.8,1.7,1.4,1.3,0.79609765625,0.8158390737874097,0.6063498139880954,1.0324131186066634,3.7604166666666665,2.7604166666666665,2,2
867998,39,2022,6,1.9,1.4,1.3,1.8,0.6682521132376396,0.6278470833333333,0.8079625897129185,1.1218913701019861,4.770833333333333,2.75,5,2
877972,140,2022,4,1.2,1.1,1.4,1.8,1.2441059027777779,0.0,0.889669784580499,1.165998526936027,5.84375,6.760416666666667,0,1
868001,39,2022,6,1.5,1.1,2.3,1.1,0.6514430663464217,0.6688916228070175,1.0063740020340708,0.7482183566433565,2.8541666666666665,3.875,3,1
881825,135,2022,5,0.9,1.5,0.6,1.9,1.6671070665445664,1.0931161151960784,0.9369791666666667,0.8398748065015481,3.9791666666666665,3.9791666666666665,2,1
877977,140,2022,4,1.6,1.1,0.8,1.8,0.9813659109477123,0.0,0.2099356617647059,1.0461685363247863,7.041666666666667,8.041666666666666,4,0
881826,135,2022,5,1.2,1.3,1.3,1.0,1.2234270833333332,0.8117013574660634,1.2420722823183759,0.19489166666666663,4.09375,5.0,4,0
877978,140,2022,4,1.1,1.2,0.9,1.2,0.344310064935065,0.40162905092592593,0.22659722222222223,1.212295138888889,5.958333333333333,7.145833333333333,5,1
881828,135,2022,5,1.3,1.6,1.0,1.3,0.7395453129866085,0.37044140625,0.5434479166666666,0.9735831330128203,3.90625,5.0,2,2
881827,135,2022,5,1.3,1.4,1.7,1.3,0.41975917832167825,1.8191259969197469,1.1562905349939017,0.40049210715754824,5.90625,3.90625,0,2
881829,135,2022,5,1.1,1.1,0.9,1.2,1.068103653291153,1.2635928773024359,1.3202077020202019,0.8725236887792398,4.0,5.0,1,0
877980,140,2022,4,0.9,1.7,1.3,1.7,0.22659722222222223,1.2989608864379087,1.057900641025641,0.7371587009803923,8.0625,8.958333333333334,1,0
877988,140,2022,5,1.5,1.4,0.9,1.7,0.5755173295454545,0.870237463924964,0.43437969771241836,0.8443245761846407,6.291666666666667,4.0,2,1
877986,140,2022,5,1.2,1.4,1.1,1.2,0.5046013783670034,1.035375,1.8876272997835497,0.6677718460648148,6.0,5.708333333333333,2,1
881837,135,2022,6,2.0,0.7,0.8,1.7,1.2427422395833334,1.5937824404761904,1.382367322716346,0.9082365744324046,6.760416666666667,6.0,1,0
877985,140,2022,5,1.4,1.8,1.2,1.4,0.863512632704597,0.7578990425084176,0.4920310271836008,1.4763182539682542,6.0,6.802083333333333,2,3
881833,135,2022,6,1.9,1.1,1.1,1.1,1.1277604969978423,1.5724086364564762,1.0349870716089464,0.8213353702465833,7.0,4.885416666666667,1,0
877990,140,2022,5,0.8,1.4,1.8,0.5,0.0,1.9899627705627703,1.3543655591866377,0.2855125,7.895833333333333,6.895833333333333,0,4
881838,135,2022,6,0.6,1.9,1.7,1.1,1.1087586805555556,1.0719420160388717,1.36454373328877,0.8439785499636459,6.114583333333333,7.114583333333333,1,2
877982,140,2022,5,1.8,0.9,1.1,1.4,0.8820103202160494,0.6331816907051281,1.5766729797979797,0.6168068877551021,7.104166666666667,8.0,4,1
881830,135,2022,6,1.7,1.3,0.9,1.8,1.1295300242166242,0.2603198696524064,0.9506241792929292,0.7742303868691615,5.75,7.0,1,1
877991,140,2022,5,2.0,0.9,1.0,1.1,1.1051018827985741,1.115344276094276,0.8903369318181817,0.5473986742424242,7.90625,8.0,4,1
881836,135,2022,6,0.9,1.2,1.3,1.4,0.8581350063131312,0.9078600946762028,0.27284346590909087,1.5603730744684237,5.760416666666667,5.854166666666667,1,1
881831,135,2022,6,1.4,1.3,1.4,1.1,0.7720685555628501,1.5359723732481774,0.6300165054563491,0.9574385732323232,7.0,8.0,2,1
881839,135,2022,6,1.2,1.6,1.2,1.3,0.2720661394505719,0.5836309374999998,2.294394270833333,0.5276058823529413,7.104166666666667,6.760416666666667,1,3
877989,140,2022,5,0.8,1.8,1.2,1.1,0.13645818014705885,1.2900789930555554,0.8086688368055557,0.2852272727272727,6.90625,7.0,1,4
881835,135,2022,6,1.6,0.8,0.9,1.5,1.0421810163726075,1.501040750802788,1.6096429850668337,1.2102476970996732,7.885416666666667,7.0,2,0
877984,140,2022,5,0.9,1.2,1.3,0.9,0.5540011574074074,2.4518175978535353,0.972324275030525,0.729371913580247,6.895833333333333,8.0,2,1
881834,135,2022,6,1.5,0.9,1.3,1.6,0.9152653186970809,0.5193541666666666,1.0129529741513545,0.8029744140624998,8.239583333333334,6.09375,2,2
877983,140,2022,5,1.2,1.1,1.6,1.1,1.382883496422559,0.5680301136363637,1.2479572865604573,0.0,8.197916666666666,7.104166666666667,1,0
881832,135,2022,6,1.0,1.3,1.3,1.0,0.9154286458333332,1.1650775571683922,0.8073469835069443,1.62584625,7.09375,8.0,1,2
877987,140,2022,5,1.3,1.7,1.0,1.1,0.6876354166666667,0.7662446589052289,1.384982142857143,0.8101642992424243,7.0,8.291666666666666,0,1
881846,135,2022,7,1.3,1.6,0.9,1.2,1.4272228520017989,0.8967250358072916,0.9147321985479797,0.8784103435908138,5.0,5.239583333333333,1,2
868016,39,2022,8,1.3,1.2,0.9,1.9,0.8224503323620822,1.2257879878312106,0.9683133846223674,0.8904759795321637,13.104166666666666,13.208333333333334,1,0
868023,39,2022,8,1.0,1.8,1.4,1.4,0.6775200301535087,1.5746422183641975,1.1146927143414185,0.8939915131113563,13.208333333333334,13.208333333333334,2,3
877998,140,2022,6,0.9,1.7,0.8,1.4,0.630957914624183,0.8933207784415852,0.0,1.990698023088023,7.0,6.104166666666667,0,1
868025,39,2022,8,0.8,1.5,2.5,0.9,0.7166882291013992,0.2973085555555555,1.2056836929197994,1.1017501084563581,13.895833333333334,13.791666666666666,0,3
878001,140,2022,6,1.0,1.1,1.3,1.7,1.0667745612373736,1.1544455018939392,0.4469630208333334,0.7564413812295752,6.0,4.708333333333333,1,0
881840,135,2022,7,1.4,1.3,1.0,1.3,1.0859354702067616,1.2454974272267,1.0447786197916664,1.289548932869514,6.0,4.760416666666667,0,1
868022,39,2022,8,1.8,0.9,1.0,1.9,0.5817926813271606,0.832571638888889,1.1029354479166666,1.1888937164759725,14.0,14.0,1,1
877994,140,2022,6,1.8,0.5,0.8,1.8,1.5775598356935367,0.18558312500000002,0.5878455443683155,1.6519772714120369,6.90625,6.0,3,0
881847,135,2022,7,0.8,1.7,0.6,1.9,0.8985387597656249,0.7226331851457688,1.4021325363005048,0.9752452825614896,7.125,6.885416666666667,2,1
868024,39,2022,8,1.8,1.7,1.3,1.8,0.9776582286590318,0.5936382982768864,1.0713295294672434,1.4558375777007937,14.104166666666666,13.145833333333334,6,2
877996,140,2022,6,1.1,1.2,1.1,1.4,1.51218501758658,1.044121144386574,1.4685243055555555,1.0981466992630384,7.1875,6.895833333333333,3,0
881848,135,2022,7,1.1,1.1,1.2,1.6,0.6727415965458152,0.7490593782200877,0.46514427269415376,1.0820944843749998,7.114583333333333,6.239583333333333,0,1
877992,140,2022,6,1.2,1.1,1.2,1.4,1.339060669849537,0.6845454545454545,0.9380603403829966,0.9582210227272727,6.197916666666667,7.291666666666667,3,2
881849,135,2022,7,1.2,1.3,1.9,1.1,2.1940906510416665,0.6312451055806938,0.9482357106084062,1.0220656136967097,6.895833333333333,7.770833333333333,3,1
868017,39,2022,8,1.5,1.2,2.3,1.1,1.5149886468855218,1.5313046597384095,0.8505857890691817,1.389978295454545,14.875,13.8125,0,3
877997,140,2022,6,1.0,1.1,0.9,1.2,1.1586207457983193,0.5266067945075757,1.4446686535493827,1.8752519514253108,5.708333333333333,6.8125,0,2
881844,135,2022,7,1.3,1.4,1.5,0.9,0.4656495348921911,1.3711869428489196,0.9697141238197693,1.1063836271367518,7.0,6.760416666666667,1,0
881841,135,2022,7,0.9,1.8,1.6,0.8,1.0023074259421132,0.6502268756479616,1.0522093273088615,0.9756764880218123,7.104166666666667,6.875,0,4
881842,135,2022,7,1.4,1.1,0.9,1.5,0.6566261131620116,1.2064259816919192,1.0462679402934418,1.1614526697814542,7.0,6.875,2,0
868020,39,2022,8,0.9,1.5,1.1,1.4,0.5317523360339506,0.5508179013888888,0.70834681372549,1.0983364859388054,15.072916666666666,14.96875,1,0
878000,140,2022,6,1.6,1.1,1.2,1.4,0.8111722362642974,0.3327651515151515,0.929889612113785,1.407821150793651,6.802083333333333,8.0,1,1
881845,135,2022,7,1.3,1.0,1.7,1.3,1.0570240599895728,1.5065500625,0.8811716399238123,0.5536096246757733,5.885416666666667,7.229166666666667,0,1
877999,140,2022,6,1.3,0.9,1.4,1.8,0.9135812915903541,1.5586596450617285,1.0094974969722739,1.102703822074916,7.0,8.09375,2,1
877995,140,2022,6,1.2,1.1,1.5,1.4,1.2316394241898148,0.3692195738636364,0.7185960681261141,0.9142654626623378,6.895833333333333,8.895833333333334,2,1
881843,135,2022,7,1.7,1.1,2.0,0.7,1.1654363987739234,1.2300254514157636,0.9400618674938725,1.0359585863095238,8.0,8.239583333333334,1,2
877993,140,2022,6,1.8,0.9,2.0,0.9,1.2705289303626544,0.8552549676452019,1.5169525874554368,1.2130293350168349,8.0,7.291666666666667,1,2
878011,140,2022,7,1.2,1.1,1.3,1.7,1.6547644354021993,1.1104848484848484,0.2905259635416667,0.7500692507404003,13.0,13.291666666666666,4,0
868027,39,2022,9,2.3,1.1,1.8,1.7,1.0930981541993159,0.9034858920454543,1.555848218998741,0.8356386495360847,13.020833333333334,13.791666666666666,3,1
878003,140,2022,7,0.8,1.4,1.6,1.1,0.3229779411764706,1.293953715007215,0.7233557035717932,0.5490625,14.708333333333334,12.90625,0,0
881857,135,2022,8,2.0,0.7,1.1,1.1,1.0199038502346534,1.0513142575717787,0.4372820377547799,0.8276082928127539,12.760416666666666,13.760416666666666,3,1
868032,39,2022,9,2.0,1.2,1.9,1.4,1.0701204790052783,0.5645688882876383,1.1609720607389686,0.9542544503205128,28.104166666666668,27.041666666666668,3,3
868034,39,2022,9,0.9,1.9,0.9,1.5,0.6294037000045388,0.7800239615946918,0.7400834628665123,0.3580316359027777,14.791666666666666,13.03125,1,2
868028,39,2022,9,1.1,1.3,1.0,1.2,1.0463536474116162,0.6491995294384056,1.3275547049234606,1.4539841156355215,28.0,28.0,1,2
868029,39,2022,9,1.4,1.4,1.8,0.9,1.3162169309885887,1.2910944835223814,0.5234868802895549,1.0933937875000002,14.791666666666666,14.0,1,4
868026,39,2022,9,1.0,1.9,1.5,1.2,1.2691302633680555,0.9181025531362828,0.9847426204755892,1.535565420134314,14.0,13.125,0,0
878002,140,2022,7,0.9,1.2,0.9,1.7,1.8264083621808362,1.218913768426452,0.410122644505719,0.903636447163501,13.09375,14.802083333333334,2,3
881853,135,2022,8,1.9,1.1,1.3,1.0,0.798438232138379,1.686501739811952,0.6870656389932224,1.2438163641544118,13.229166666666666,13.0,1,2
868035,39,2022,9,1.1,1.4,0.8,1.5,0.4604254289215685,1.108363160304668,0.46584734891590945,0.590850561111111,13.135416666666666,14.208333333333334,2,0
878006,140,2022,7,1.2,1.4,1.8,0.9,0.9371933993891117,1.1111774980158733,1.0969857800443674,1.043971284524937,13.09375,12.895833333333334,0,2
881851,135,2022,8,1.0,1.3,1.7,1.1,1.0250676413261215,0.8382068063651841,1.1354748356736384,1.2083801797838827,14.239583333333334,13.0,1,3
878007,140,2022,7,1.0,1.1,1.8,0.5,0.9517858177454692,0.7503895762310605,1.432126856163762,0.12062903125000002,14.291666666666666,14.197916666666666,0,1
881855,135,2022,8,1.6,0.8,0.8,1.7,1.3085888405285377,0.634189717214178,1.1758265096371299,0.9106429428937692,13.895833333333334,14.770833333333334,4,0
878004,140,2022,7,1.4,1.8,1.1,1.2,1.004784484143089,1.0921848347760457,1.838602079613095,0.6786787438512732,13.8125,14.8125,2,2
881856,135,2022,8,0.9,1.2,0.9,1.8,1.2192287068339644,0.859268005385311,0.6514998268623736,1.0473002469489527,15.760416666666666,14.0,1,1
881858,135,2022,8,0.6,1.9,1.3,1.4,1.3523175211443477,1.225685749454442,0.6870739070816334,0.8912715128517977,14.875,14.0,0,3
881859,135,2022,8,1.2,1.6,1.3,1.6,0.6430634742208968,0.7033614148437499,1.2159961358524514,1.2075240510525171,14.760416666666666,15.760416666666666,5,0
868033,39,2022,9,2.5,0.9,1.5,1.1,1.1812944003978696,0.7161375704966328,1.3270743567615375,0.631222242571597,15.0625,27.895833333333332,6,3
878008,140,2022,7,1.1,1.4,1.2,1.1,0.9545407986111111,1.569477172702793,1.3234822923900462,0.5062048442234849,14.90625,13.90625,1,0
868030,39,2022,9,1.3,2.1,1.3,1.2,1.306146313933873,1.2043952563918474,0.7358072909341389,0.7967621920902869,29.0625,15.854166666666666,0,0
881850,135,2022,8,1.7,1.3,1.4,1.1,0.8373203894798897,0.3598462560392527,0.855140306888641,0.7841768880997475,14.0,14.125,1,0
878005,140,2022,7,1.5,1.4,1.3,0.9,0.7332995654940954,1.1171892173971862,0.9692551899610806,1.3617398804012346,14.0,14.0,3,5
881854,135,2022,8,1.5,0.9,1.4,1.3,0.63031418048285,1.103551067040598,0.7058580556343951,1.1555348661588936,14.239583333333334,15.239583333333334,3,0
878010,140,2022,7,2.0,0.9,1.0,1.1,1.4740747374015895,1.0596110430695846,0.7531034847689075,1.2296681538036616,14.0,14.291666666666666,1,1
881852,135,2022,8,0.9,1.5,1.2,1.3,0.6800741611907373,1.1832775686912786,2.448318014086174,0.592394338870366,15.239583333333334,15.34375,1,2
868031,39,2022,9,1.3,1.8,1.0,1.8,1.1461379498098168,1.8666647958758862,1.1503880195997807,1.615184108603395,16.104166666666668,17.0,4,0
878009,140,2022,7,1.2,1.4,0.8,1.8,1.2752695242792509,1.4072186647727274,0.38209960383940506,1.480498189380787,16.0,16.197916666666668,2,1
878017,140,2022,8,1.0,1.1,1.1,1.2,0.9775728206553456,0.9989433908814709,1.6387782204353805,0.9640578501699943,5.0,5.291666666666667,1,2
878019,140,2022,8,1.3,1.7,1.2,1.4,0.18884187630208338,1.3488195227851818,1.235638153744476,1.3068796321022729,7.708333333333333,4.708333333333333,3,1
881867,135,2022,9,1.2,1.6,1.9,1.1,1.5892152165769162,0.45718491964843744,0.7556953772057358,1.7252471098987476,6.0,6.875,1,2
868039,39,2022,10,1.0,1.2,0.8,1.5,1.627525942815634,1.3216048266782405,0.3028007767953412,0.9864771071464644,7.0,6.895833333333333,3,0
868036,39,2022,10,1.0,1.9,1.3,1.8,0.824934671189236,0.5967666595385838,1.5945623169490304,1.213332117319326,7.0,4.791666666666667,2,1
868043,39,2022,10,1.8,0.9,1.5,1.2,1.1291553610770997,1.1051504063194446,0.6400827033091331,0.9981175230873042,7.0,7.0,5,1
868042,39,2022,10,2.5,0.9,0.9,1.9,1.8522049966222514,1.5699338652672556,0.7772605531510983,1.088302124744152,6.041666666666667,7.0,4,0
878012,140,2022,8,1.8,0.9,1.5,1.4,1.06165186813995,0.678581334941209,1.4527558286822733,1.9329037605389403,6.90625,5.90625,2,1
881863,135,2022,9,1.7,1.1,1.5,0.9,1.3485790051788151,1.19431075322316,1.1016272942369294,0.7173081935763886,6.885416666666667,5.885416666666667,2,0
868038,39,2022,10,1.9,1.4,1.8,1.7,1.4085792079013824,1.1527653927083334,1.2623114433592826,0.9244950454721123,7.104166666666667,7.208333333333333,0,1
878020,140,2022,8,1.2,1.4,1.2,1.1,0.6091757096029227,1.0708764848214287,1.9368713928153511,0.7218151515151515,7.0,7.895833333333333,1,1
881860,135,2022,9,1.4,1.3,0.6,1.9,0.4588077361623568,1.4430207399263577,0.879006388743826,1.3429507978741322,6.0,6.239583333333333,1,1
878015,140,2022,8,0.9,1.2,2.0,0.9,1.7613484419534915,2.0124328383660828,1.157807670220124,1.1768027335507856,7.197916666666667,6.0,0,1
881868,135,2022,9,1.1,1.1,1.0,1.3,0.868324233631516,1.1512408448737446,1.0751576032256152,1.1553547861283198,7.895833333333333,7.65625,1,1
878021,140,2022,8,0.9,1.7,1.2,1.1,1.4867186078176062,1.1615466971922235,0.8602634900535301,0.692049677670885,7.90625,6.90625,0,0
881866,135,2022,9,1.3,1.6,0.9,1.5,0.7903974883040934,1.9561145915174696,0.8264499141756885,1.2688526418715533,7.0,5.760416666666667,2,1
881869,135,2022,9,1.2,1.3,1.7,1.3,2.0911289313782353,0.7694580296674471,0.7847662745523026,0.23390006642551425,5.760416666666667,6.875,2,2
868040,39,2022,10,1.1,1.3,1.3,2.1,1.056645022332702,1.186595078750348,0.8489951040570174,0.7828569166547008,7.958333333333333,6.895833333333333,2,1
868045,39,2022,10,1.1,1.4,1.4,1.4,0.9017007712232619,0.7204360541980342,1.249985449587027,1.628100303178437,7.854166666666667,7.958333333333333,3,1
881864,135,2022,9,1.3,1.4,0.8,1.7,0.9928531003318066,0.5793264833536685,0.7642872312641344,1.2533149717044791,7.0,7.104166666666667,2,0
878016,140,2022,8,0.8,1.4,1.4,1.8,0.2099356617647059,0.8410699147546897,1.1760265813596746,1.1536070112912984,8.09375,7.09375,2,2
868037,39,2022,10,2.3,1.1,2.0,1.2,1.0918437235032126,0.8382759308396464,1.228078311353431,1.0209171458080175,8.166666666666666,8.0625,3,2
881861,135,2022,9,0.9,1.8,2.0,0.7,0.839910072645728,0.9583686173069428,1.2762329571979794,1.2674451765125652,7.125,8.125,1,4
878018,140,2022,8,1.3,0.9,1.6,1.1,1.8367466427054717,1.8612420333719135,0.47018120732166563,0.356890625,7.0,8.1875,1,0
868041,39,2022,10,0.9,1.5,1.5,1.1,1.0623408005708352,0.6008687114849536,1.9670427763394438,1.4946580940351741,8.166666666666666,7.208333333333333,1,2
881865,135,2022,9,1.3,1.0,0.9,1.2,1.0756136443665734,1.045191163016157,1.0701221162322003,0.9749593886856374,8.114583333333334,7.239583333333333,2,1
878013,140,2022,8,1.8,0.5,1.1,1.4,1.1527258908498796,0.07840887031250002,0.9834680480228419,1.0201601622568155,8.0,7.197916666666667,1,0
881862,135,2022,9,1.4,1.1,1.6,0.8,0.5558411994776167,0.7502229986552102,1.5119798051670787,0.41222331618921576,8.114583333333334,8.34375,0,4
868044,39,2022,10,1.0,1.8,1.3,1.2,0.7477522127398575,1.8994423201648563,0.47827473910719026,0.5178954248586864,7.0,8.145833333333334,1,1
878014,140,2022,8,0.8,1.8,1.0,1.1,0.6405522424956134,1.3690367860604744,0.6186607815345551,0.7095966588936237,7.0,9.0,1,1
878028,140,2022,9,1.2,1.4,0.9,1.2,1.01848342738489,1.5735102224049389,1.1448764872697694,1.4911021782712872,6.291666666666667,6.0,0,0
868047,39,2022,11,1.5,1.2,1.9,1.4,0.7842019052990846,1.7992393529697104,0.9155764851358985,0.9465197274826389,6.208333333333333,6.104166666666667,2,0
868050,39,2022,11,1.3,1.8,1.1,1.3,1.2376800809156552,1.3408880984797842,1.1171222948192865,1.0653696414244127,6.895833333333333,5.9375,0,0
878029,140,2022,9,1.5,1.4,0.8,1.4,1.269661659013848,1.6049985554614223,0.7465276245915031,0.994909730304834,6.90625,5.90625,1,1
881871,135,2022,10,1.0,1.3,1.3,1.4,1.1077160784602862,1.0654911004938974,1.0523680898763077,0.37656221417988456,6.104166666666667,6.0,1,0
868055,39,2022,11,0.8,1.5,1.0,1.8,0.19682050491697178,1.6352101196452016,0.900205604947574,1.4470306705003189,7.0,4.791666666666667,1,0
868048,39,2022,11,1.4,1.4,1.0,1.9,1.0660619708029961,2.0264470152478022,1.0884297584952256,0.5891129035988649,6.041666666666667,7.0,2,2
878027,140,2022,9,1.1,1.2,0.8,1.8,1.791238901134237,0.9926792692771631,0.9155066848948759,1.133901688717086,7.802083333333333,4.802083333333333,2,2
881879,135,2022,10,1.1,1.1,1.5,0.9,0.8789212413709748,1.1571701855315704,0.7160577412540041,1.054158822556679,6.229166666666667,7.0,0,1
868054,39,2022,11,1.8,1.7,0.9,1.5,1.017724660405756,0.600921779556873,1.192541722391245,0.8323424402429975,7.0,5.9375,2,0
878024,140,2022,9,1.0,1.1,1.2,1.4,0.6461572857752386,0.9603855555535826,0.7287293627570512,0.957528048467262,4.895833333333333,7.0,0,1
881870,135,2022,10,1.7,1.3,1.2,1.6,0.9171116531196302,0.7286376072791483,1.3737095877446923,0.5930583556662212,6.239583333333333,7.239583333333333,2,1
878022,140,2022,9,1.2,1.1,1.8,0.9,1.5204247386633116,0.801945,1.0386848254020786,0.7664482380821562,7.104166666666667,7.197916666666667,0,1
881873,135,2022,10,1.9,1.1,1.3,1.6,0.7870901530784651,1.4621303184038827,0.9750404186797119,1.583800873375244,7.895833333333333,6.895833333333333,2,0
878023,140,2022,9,1.1,1.4,1.3,0.9,0.6392542312148473,0.8374096610224857,1.5010531499263888,1.2098073216917438,6.708333333333333,6.8125,1,2
881874,135,2022,10,1.6,0.8,1.2,1.3,2.004945964267692,0.26794515552299025,1.935836369498417,0.907161293944474,5.760416666666667,7.0,0,0
868049,39,2022,11,1.3,2.1,2.3,1.1,0.8459296578737476,0.9391600261285857,1.249915811581436,0.9966975368639519,7.0,6.895833333333333,0,1
881878,135,2022,10,0.8,1.7,0.9,1.8,0.4967867003216874,1.221668306268545,1.259830436108612,1.122661823471735,7.0,6.875,2,2
868052,39,2022,11,1.5,1.1,1.8,0.9,1.7203555823984162,1.4735479631430652,1.8844139476630777,1.0864959122557871,6.791666666666667,7.958333333333333,0,0
868046,39,2022,11,1.3,1.2,1.0,1.2,0.5232717428128361,0.7507986928248128,2.051891862830162,0.8590431373408564,5.75,7.958333333333333,0,2
868053,39,2022,11,0.9,1.9,1.1,1.4,0.505219359548214,1.1259226968731726,1.5542873194769382,0.7218548638001508,7.958333333333333,7.0,1,1
878026,140,2022,9,2.0,0.9,1.8,0.5,0.935595818976414,0.7649217768080107,0.9235773846079773,0.05096576570312501,7.802083333333333,6.802083333333333,3,1
868051,39,2022,11,2.0,1.2,2.5,0.9,1.2500690841979119,1.2038135360795592,1.622459563593937,1.0204570124237162,7.0,8.0625,1,0
881876,135,2022,10,2.0,0.7,1.4,1.3,1.3292736444009088,1.5377282536220562,0.467303975873953,1.5145660450546967,7.0,7.885416666666667,3,2
878025,140,2022,9,1.4,1.8,0.9,1.7,1.2126315635980742,1.3599140017837883,0.966367095081444,0.7550053531749453,7.09375,7.1875,1,0
881872,135,2022,10,0.9,1.5,1.7,1.1,0.8495188331030863,1.286036268498561,1.464484850098256,0.776301989595054,7.239583333333333,8.114583333333334,1,2
878031,140,2022,9,1.2,1.1,1.3,1.7,0.5591712685347946,0.44983229048607526,0.8467856811348158,1.0920513172613486,7.291666666666667,8.291666666666666,3,1
881877,135,2022,10,0.6,1.9,1.3,1.0,1.147956716786051,1.041996965986607,1.2757514329408368,1.1790964781827242,8.90625,7.90625,0,1
881875,135,2022,10,0.9,1.2,1.4,1.1,1.1953015977731523,1.2103261667482283,0.3612967796604509,1.5098040400349775,8.0,7.0,1,1
878030,140,2022,9,1.6,1.1,1.0,1.1,0.3056177847590827,0.5391467384178321,1.0014640000926414,1.3753462619241956,8.104166666666666,10.0,2,0
878035,140,2022,10,1.2,1.4,1.1,1.2,0.8064392373072349,0.6223932315037204,1.6079921544241227,1.5603456916968228,3.0208333333333335,3.1145833333333335,1,1
878037,140,2022,10,0.9,1.2,1.2,1.1,0.7441697167253501,0.9692164158763367,0.9882760801311526,0.7431076843434343,3.9583333333333335,2.9583333333333335,2,2
868059,39,2022,12,1.9,1.4,1.0,1.8,0.595124715338334,1.0885711561970486,0.5851336432159231,1.2857088247140962,3.9791666666666665,3.1875,0,0
878032,140,2022,10,1.8,0.9,1.2,1.4,0.8969885708547854,0.4981913547534016,0.6620142278001785,1.0227816445632103,3.0,4.0,1,1
868062,39,2022,12,1.1,1.3,0.8,1.5,0.7261294916325363,0.6924902669258682,0.47307221708492053,1.062886577769381,3.3229166666666665,3.21875,2,1
878038,140,2022,10,0.8,1.4,1.2,1.1,0.877430455984477,0.8558579913648088,1.0094172069005576,0.599558820983781,4.208333333333333,2.9166666666666665,0,0
878039,140,2022,10,0.9,1.7,1.1,1.4,0.6281386118029386,0.6753123030931263,0.8592021189765194,1.0270085873569235,3.0208333333333335,3.2083333333333335,4,1
878040,140,2022,10,1.3,0.9,1.0,1.1,1.4583768551444605,1.2300616277865022,0.4200022357539051,0.9570157626249802,3.25,4.0625,1,0
868064,39,2022,12,2.0,1.2,1.1,1.4,1.0886560158397538,0.7824787984517135,1.2480858007222109,0.8636501059145425,3.125,3.2291666666666665,1,0
868058,39,2022,12,1.5,1.2,1.0,1.2,0.9830645717777384,1.1695055794303117,2.1620630441729385,0.5583780392715566,4.979166666666667,3.2291666666666665,0,0
868063,39,2022,12,1.8,0.9,0.9,1.5,1.2248690659810004,0.7062223429662616,0.7751521195543092,0.9091707343060965,3.2291666666666665,4.083333333333333,1,0
868056,39,2022,12,1.0,1.9,0.9,1.9,1.4174793430218966,0.756607597865578,0.7228370281507834,0.9696487960297631,4.1875,3.2291666666666665,0,1
878034,140,2022,10,0.8,1.8,2.0,0.9,1.5101835118483362,1.1807229663529748,1.925887282334669,0.768341130233849,4.197916666666667,3.1979166666666665,0,3
868065,39,2022,12,1.5,1.1,1.8,1.7,1.1182311285589706,0.9578061760429925,1.0296691774118893,0.39059915671196743,3.2604166666666665,4.114583333333333,2,0
878036,140,2022,10,1.3,1.7,1.5,1.4,0.8575785249054624,1.3557892385728179,1.034446745025668,1.4354365610499245,3.9166666666666665,5.208333333333333,3,2
878041,140,2022,10,1.0,1.1,1.4,1.8,0.6509516000602169,1.3931227975234544,0.97276933986816,0.8839441011594624,2.9583333333333335,4.0625,1,0
868060,39,2022,12,1.4,1.4,1.3,1.2,1.0666244915482632,2.0271905599110713,0.34012663282834343,1.3163524836694616,5.1875,4.229166666666667,3,0
878033,140,2022,10,1.8,0.5,1.6,1.1,0.8714672753038273,1.3508777477070313,0.697799287366131,0.35044537997159086,4.197916666666667,3.0,3,0
868061,39,2022,12,1.3,1.8,1.3,2.1,0.8044920525951759,0.8715772640118598,0.5498542776179359,0.7133525677082184,5.322916666666667,4.260416666666667,2,0
881884,135,2022,11,1.5,0.9,1.0,1.3,0.7380132893908602,0.6852032346618413,1.041265450999186,0.6925692153210333,6.114583333333333,6.239583333333333,4,0
868071,39,2022,13,1.0,1.8,2.0,1.2,0.38033686809035,0.8357107360641626,0.8851264102958399,0.5086112189936138,3.7083333333333335,2.7083333333333335,1,0
878049,140,2022,11,1.2,1.4,0.8,1.4,0.8370222110330789,0.8391136245216422,0.5703297963899101,0.5563076943871257,3.7083333333333335,2.7916666666666665,5,1
881887,135,2022,11,1.3,1.6,0.8,1.7,0.6337762721418128,1.3253587255886454,0.9475641329868745,1.3819928958065804,6.104166666666667,6.0,1,0
868070,39,2022,13,2.5,0.9,1.9,1.4,1.054598716336059,0.9394081691865267,0.3868310649699171,0.7075712515280816,5.9375,3.8125,3,1
868068,39,2022,13,0.9,1.5,1.1,1.3,0.503848877710301,0.7750350513730369,1.074408411985391,0.9280032888864298,2.8125,3.78125,3,0
878050,140,2022,11,0.9,1.7,1.3,0.9,1.8027345421163545,0.6738460451388744,1.2551127880117314,0.7995400580612264,2.8854166666666665,2.84375,1,0
881885,135,2022,11,1.7,1.1,1.3,1.4,1.304660250603082,0.9588892225297143,0.6840392584196,0.566015439216925,5.885416666666667,7.125,4,1
868067,39,2022,13,1.0,1.2,1.5,1.1,1.40534097871241,0.36294572552651183,1.1166541551319584,0.6225740144279451,2.9166666666666665,2.8854166666666665,1,1
878048,140,2022,11,1.1,1.2,1.0,1.1,1.3304221731029524,1.3192594218251572,0.2730014532400383,0.9292280778740694,3.9791666666666665,2.9375,1,2
881883,135,2022,11,1.4,1.1,1.9,1.1,0.5025512401126263,1.4356655553156648,0.8074967573957392,0.9503847069625239,5.0,6.34375,3,4
878043,140,2022,11,2.0,0.9,1.2,1.4,1.6178684001842016,0.49942173465200185,0.8292202264719248,0.689782873204691,3.0,4.083333333333333,3,1
881889,135,2022,11,1.2,1.3,1.1,1.1,1.258293640173971,0.5896548410639081,0.5712988068911337,1.0247363781712784,6.895833333333333,7.770833333333333,1,2
878047,140,2022,11,1.4,1.8,0.8,1.8,0.6323000709143041,0.8185914435314283,0.9816192827014186,1.1335115947961003,2.75,3.7083333333333335,2,2
881881,135,2022,11,1.4,1.3,0.9,1.2,1.2216047271752122,1.5034102369778606,1.2312389678454783,1.0544203417196818,6.875,5.760416666666667,2,0
868075,39,2022,13,0.8,1.5,1.3,1.8,0.7853815564898137,1.29330051797434,0.8870223982894284,0.5665252216077089,4.739583333333333,2.7395833333333335,0,4
868072,39,2022,13,0.9,1.9,2.3,1.1,0.7604873431518104,0.630271717419346,0.9153438282525711,0.6478533989615688,3.7708333333333335,7.0,1,1
868069,39,2022,13,1.3,2.1,1.4,1.4,0.35740528045165837,0.827781733112906,1.5808059195063708,1.3176738639421963,2.7395833333333335,2.7708333333333335,2,3
868066,39,2022,13,1.3,1.2,1.5,1.2,0.22108231133842324,1.74312911438515,0.63899197165553,0.7601786266297027,2.7708333333333335,3.7708333333333335,4,0
878046,140,2022,11,1.2,1.1,1.8,0.9,0.6561211844853625,0.38971323363945765,0.7573481266111661,0.730537343552674,3.8854166666666665,4.802083333333333,1,2
868073,39,2022,13,1.8,1.7,1.8,0.9,0.6692849653177281,0.6436933734314063,0.9802389669617244,0.4590445229280701,3.84375,3.875,1,2
881880,135,2022,11,1.7,1.3,1.6,0.8,0.9268211039395242,0.7619157267827283,1.303214876774,0.17416435108994366,7.885416666666667,7.125,0,2
878044,140,2022,11,1.5,1.4,1.0,1.1,1.0169001881882531,1.6570722262209125,0.6671463178169188,0.9055298183902454,2.9791666666666665,2.9375,1,1
878051,140,2022,11,1.6,1.1,1.3,1.7,0.4535695367879851,0.8933198000118371,1.2814645027270122,1.2257728089939004,2.8958333333333335,2.9791666666666665,2,1
881886,135,2022,11,1.3,1.0,2.0,0.7,1.011323451654459,0.7664127108187708,1.3829701765528983,1.9173805077114794,6.09375,7.114583333333333,0,1
878045,140,2022,11,1.8,0.5,1.2,1.1,1.2319840319777908,0.8780705360095704,1.2524488965296938,1.3703937321969697,3.0,5.041666666666667,4,0
881882,135,2022,11,0.9,1.8,0.6,1.9,1.406798280202624,1.3543829630344053,0.7461718659109331,0.8593830481342097,8.145833333333334,7.0,0,1
881888,135,2022,11,1.2,1.6,0.9,1.5,1.181212514085332,0.7161864605948084,1.0064801708099353,1.1886686725632802,9.0,8.0,2,1
868074,39,2022,13,1.1,1.4,1.0,1.9,0.8112557704694371,0.7388725688444526,0.9213615729642328,0.7824382134664268,5.020833333333333,5.020833333333333,2,0
878042,140,2022,11,1.1,1.4,0.9,1.2,0.7933744254630799,2.0620000262264444,1.371084053245215,1.2400601147640633,5.083333333333333,6.041666666666667,1,1
878059,140,2022,12,1.0,1.1,1.4,1.8,0.9095342779393583,0.9670147795437649,0.7596061572054087,1.1421538827398727,6.104166666666667,5.291666666666667,1,1
868082,39,2022,14,1.3,1.8,2.5,0.9,1.5960517383753077,0.36824139404501083,1.1114891656184382,0.9012585848250435,5.9375,6.895833333333333,0,1
878055,140,2022,12,1.3,1.7,1.1,1.4,1.14011975894039,1.119730267022506,0.8484585280661535,1.6889111281583,5.8125,4.708333333333333,3,1
881894,135,2022,12,2.0,0.7,1.2,1.6,1.123805614759384,1.2462973300124616,1.267510356377688,0.7778475882755143,5.760416666666667,4.760416666666667,4,0
868085,39,2022,14,1.8,0.9,1.3,1.2,0.9619919298323104,0.6051690633600357,1.4180624767289491,1.1330339243503476,5.9375,6.041666666666667,4,0
868076,39,2022,14,1.0,1.9,1.8,1.7,0.5988850224267513,0.9841829248775793,0.7418253509133135,0.7432372940376036,4.791666666666667,5.9375,2,3
868079,39,2022,14,1.9,1.4,1.0,1.2,0.5420834670842473,0.8859213134932531,1.3652898179812483,0.5120258327033438,7.0,6.895833333333333,4,1
868080,39,2022,14,1.1,1.3,0.9,1.9,0.6983654677905041,1.8775611121351534,0.9963369750688787,0.5234065934392798,7.0,6.041666666666667,1,0
868078,39,2022,14,1.5,1.2,0.8,1.5,0.4153447815760945,1.7684750816682808,0.5104980117183789,1.8601325161705002,6.041666666666667,6.041666666666667,1,1
878056,140,2022,12,0.8,1.4,1.8,0.9,0.7629018676534416,1.6688916680182984,0.9359631509841266,0.8815622362722011,7.09375,6.0,3,2
881898,135,2022,12,0.9,1.2,1.5,0.9,0.8003053290995609,1.2207898887844597,1.4022727406681614,0.44538210253019683,6.125,7.885416666666667,0,1
878060,140,2022,12,1.2,1.4,1.2,1.4,0.9457061101697142,0.9189838675830492,1.851356103838168,0.9376113559390674,6.895833333333333,7.1875,0,1
868081,39,2022,14,1.4,1.4,0.9,1.5,1.5346667048219982,1.4026418577162738,1.6018607448706697,0.503772783392474,6.145833333333333,7.104166666666667,0,0
881892,135,2022,12,1.9,1.1,0.6,1.9,1.385638442546465,1.493886423162004,0.9014468980272916,0.5585989812872364,7.0,5.09375,3,0
868083,39,2022,14,2.0,1.2,1.3,2.1,0.575332166692296,0.7447639590125157,0.7784672784474241,1.0452009836662461,7.302083333333333,6.239583333333333,1,2
878057,140,2022,12,1.1,1.2,1.8,0.5,1.227790941442539,1.5896019575196854,1.6881633581593014,0.5707458484062208,7.104166666666667,6.0,0,1
881895,135,2022,12,1.0,1.3,1.7,1.3,0.676822543149471,1.372734092522774,0.6024337175606908,0.9276971454856964,8.697916666666666,6.8125,0,2
878054,140,2022,12,1.0,1.1,0.9,1.7,0.7473951065809972,0.8548065031657808,1.7140614029929147,0.4379999293402683,6.854166666666667,7.947916666666667,2,0
868077,39,2022,14,2.3,1.1,1.0,1.8,0.7087034654808759,0.9231249113452217,0.6613856309253942,0.5432119784417057,7.041666666666667,8.104166666666666,5,0
881897,135,2022,12,0.8,1.7,1.4,1.1,0.6159166864414685,1.101802169604594,1.2027946697095704,1.7939481611944166,8.041666666666666,7.802083333333333,1,2
881890,135,2022,12,0.9,1.8,1.2,1.3,0.9144188821317056,1.2967841111575487,1.158610563082778,1.0122966257125192,5.895833333333333,7.145833333333333,0,0
878061,140,2022,12,2.0,0.9,1.5,1.4,1.522239460119731,0.7313370904867642,0.9271972435344857,1.3908469470435931,7.84375,6.947916666666667,1,1
868084,39,2022,14,1.5,1.1,1.1,1.4,1.001936311946884,0.856491291196346,1.002914336929536,0.4802671697488942,7.989583333333333,5.885416666666667,1,0
881893,135,2022,12,1.6,0.8,1.3,1.6,1.279541592980023,0.11320682820846338,0.615461364222495,0.8614831716326196,7.041666666666667,8.166666666666666,1,3
878052,140,2022,12,1.2,1.1,1.6,1.1,0.814091782744301,1.7781296633017676,0.617798140088661,0.8878257021755263,6.9375,7.041666666666667,1,0
881899,135,2022,12,1.1,1.1,1.7,1.1,1.0003652035002157,1.0067983427810279,1.6039115158331798,0.9377884841548038,7.385416666666667,8.15625,2,1
878058,140,2022,12,1.3,0.9,1.2,1.1,0.8158233122076255,1.061984988357081,0.8331917328784486,0.6970004705525161,8.239583333333334,7.239583333333333,0,2
881891,135,2022,12,0.9,1.5,1.3,1.0,0.9665384999153468,1.2723568593883545,0.6573602435753984,0.723043262032201,6.947916666666667,7.947916666666667,1,3
881896,135,2022,12,1.3,1.4,1.4,1.3,0.7591360074832294,1.1237923884321777,1.3294597393305545,0.9772166540356094,9.15625,8.28125,1,2
878053,140,2022,12,0.8,1.8,0.9,1.2,1.2481219782003663,1.0853936477285764,1.239815745720501,1.1388042261117928,8.333333333333334,7.041666666666667,0,1
881909,135,2022,13,1.2,1.3,0.9,1.2,0.7530968660038058,0.6579928067131375,0.5201984639147146,1.04337453882101,5.239583333333333,6.15625,1,1
878067,140,2022,13,1.5,1.4,1.2,1.1,0.9280485786677861,1.0609255155783357,0.8619248102989472,1.155784281146149,5.197916666666667,5.104166666666667,2,1
878070,140,2022,13,0.9,1.2,0.8,1.4,1.0770222100269677,0.7402227469726653,2.32609454730807,1.4333906953230051,4.708333333333333,6.947916666666667,0,0
881902,135,2022,13,1.0,1.3,1.2,1.6,0.4399346530471562,1.2992907348004366,0.8238817316454972,1.0677884323790843,6.104166666666667,7.041666666666667,1,0
881904,135,2022,13,1.3,1.6,0.9,1.8,1.6974056559753907,0.7356476553112027,0.5943722733856087,0.8429096722524066,5.875,6.0,2,2
868091,39,2022,15,1.0,1.8,1.5,1.2,0.42990066010150624,0.9533293318808285,0.4908629969133503,1.6672171364177157,6.041666666666667,7.041666666666667,2,2
868090,39,2022,15,2.5,0.9,1.4,1.4,0.8329124020964294,0.5858180801362783,0.9975333581342989,0.911717207515578,7.145833333333333,6.9375,2,1
868089,39,2022,15,1.3,2.1,1.0,1.9,1.1431832181703128,0.7977139727163933,0.9739811469303296,1.0756838134511284,6.84375,7.041666666666667,4,3
868095,39,2022,15,0.8,1.5,1.9,1.4,0.8495320409502797,1.429975024399714,1.2242840781661644,0.9308488537706145,7.041666666666667,7.041666666666667,2,3
878068,140,2022,13,0.9,1.7,0.8,1.8,1.1141399119453945,0.8014646599535273,0.8112792858302381,0.9766478463322166,6.09375,4.802083333333333,2,1
881900,135,2022,13,1.7,1.3,2.0,0.7,0.7985954910750824,0.6030031445657027,1.2926611495935996,0.8100932645081,6.229166666666667,7.166666666666667,1,2
868088,39,2022,15,0.9,1.5,1.3,1.8,1.0412094841659354,0.3274523092051081,1.03743362994395,0.3498013505737015,7.041666666666667,7.25,0,2
878064,140,2022,13,1.1,1.4,1.0,1.1,0.786391091371342,1.8218306948413567,1.0025715251600011,0.5556242270577575,7.229166666666667,6.1875,1,2
881903,135,2022,13,1.7,1.1,0.8,1.7,1.2830505066819413,1.3529509444526884,0.9114253916414998,1.0941125867135744,6.0,6.239583333333333,2,1
878071,140,2022,13,1.8,0.5,1.3,1.7,1.3006626642850274,0.3709848014640435,1.465116304849715,0.9627177216929711,7.041666666666667,7.333333333333333,2,0
881901,135,2022,13,1.4,1.3,1.1,1.1,1.323077401993432,0.9013150854781757,1.393625812027206,0.8949269441980424,5.65625,6.65625,2,1
868087,39,2022,15,1.0,1.2,2.3,1.1,1.2424383816878115,1.2047466158185771,1.060898798456289,0.6000311923743941,7.916666666666667,6.916666666666667,0,1
878062,140,2022,13,1.8,0.9,1.4,1.8,0.9569871592507935,2.4032237869102637,0.7789712749107884,0.9864278015586951,7.947916666666667,8.75,1,1
868086,39,2022,15,1.3,1.2,1.5,1.1,0.921740609873817,1.656842421198096,0.8879252694321413,0.556719339277625,8.0,6.90625,3,1
868094,39,2022,15,1.1,1.4,1.1,1.3,0.6518943190041984,0.5488403270034479,0.6917365971260286,1.2204147228878497,6.90625,8.0,1,2
868092,39,2022,15,0.9,1.9,1.8,0.9,0.6476190337947713,0.5780133287977328,1.545665124761372,0.39335989118402326,8.0,8.0,1,4
881905,135,2022,13,0.6,1.9,1.4,1.1,0.5859404837177395,0.7368428004405817,1.159757711781809,1.6771458502309162,7.802083333333333,7.0,0,2
881906,135,2022,13,1.3,1.4,0.9,1.5,0.7595626652191286,1.1893936239094869,1.1279722471671976,1.5189550355255075,5.760416666666667,5.854166666666667,2,0
878065,140,2022,13,1.3,0.9,1.1,1.2,0.5302851529349566,1.5037161683580287,0.7980641119376504,1.236597753869277,6.802083333333333,7.84375,1,1
868093,39,2022,15,1.8,1.7,2.0,1.2,0.9181513903743556,1.0678101234773836,0.4922992416833258,1.1212760605376222,8.104166666666666,7.90625,1,2
881908,135,2022,13,1.3,1.0,1.6,0.8,1.1192072352470859,0.9697003425431527,1.007385629187015,1.37094020756627,5.979166666666667,7.0,0,1
878069,140,2022,13,1.6,1.1,1.0,1.1,0.40156879105762966,0.9098518579292436,0.8352250584383607,0.91378687943072,7.0,8.9375,0,2
881907,135,2022,13,1.5,0.9,1.9,1.1,1.161338392545416,0.28949836664462797,1.2744184502590803,0.9710261750553025,8.15625,8.041666666666666,2,0
878063,140,2022,13,1.2,1.1,1.2,1.4,1.3550005522969175,0.45305030585913547,0.6147089716103142,0.8587978472623153,7.0,8.145833333333334,1,1
878066,140,2022,13,1.2,1.4,2.0,0.9,1.4648398008281427,0.6094473813603939,1.1463306490778251,0.8007394791867671,9.145833333333334,8.197916666666666,3,2
881916,135,2022,14,2.0,0.7,1.0,1.3,1.1861912856973782,0.9045017984008532,0.5670512744806515,0.8445389776202837,3.0208333333333335,3.1458333333333335,2,0
881918,135,2022,14,0.8,1.7,1.2,1.3,1.1035060500215201,1.0224188561043077,0.8018393517913627,0.8120970337652487,2.90625,3.90625,1,1
878073,140,2022,14,0.8,1.8,1.5,1.4,0.8503094769661254,1.1771050507332248,1.1356558185583032,0.9510599184592515,3.1145833333333335,3.9166666666666665,1,2
878072,140,2022,14,1.2,1.1,0.9,1.7,0.821709460027649,1.2836840251692392,1.2664748933817904,0.8439299701462634,3.9583333333333335,3.15625,3,0
881910,135,2022,14,0.9,1.8,1.7,1.1,1.0109947554784233,0.9322929963657736,1.1452285040837462,1.3904976593487928,3.2395833333333335,3.0,0,0
878077,140,2022,14,1.0,1.1,1.8,0.5,1.2791714913540009,0.7241722765131622,1.1325222350532418,0.2411401209516283,3.125,3.0208333333333335,1,2
881917,135,2022,14,1.2,1.6,1.3,1.0,0.5355231255695732,0.9751562310464047,0.7274847029106059,0.9113989726530493,4.145833333333333,3.0208333333333335,1,1
881915,135,2022,14,0.9,1.2,1.7,1.3,0.7225307109462737,0.9905198391225454,0.8970282456693919,0.7379135824292451,4.90625,4.020833333333333,2,1
878075,140,2022,14,1.3,1.7,0.9,1.2,0.9523255981523147,0.9128580223684051,0.700064436517529,0.4811447855322325,3.9166666666666665,4.208333333333333,1,0
878081,140,2022,14,1.2,1.4,1.3,0.9,0.7323259830618558,0.8196769340538383,0.6262558622282346,1.4211023781195875,2.9166666666666665,3.1145833333333335,1,2
878074,140,2022,14,1.4,1.8,1.6,1.1,0.8549424398031236,0.7767490586674728,0.2610197141874593,1.390040071290372,3.25,3.0625,0,1
881911,135,2022,14,1.4,1.1,1.3,1.6,1.0920004073950178,1.0901448026500955,1.4877153857857133,1.1028237537300594,3.2395833333333335,4.239583333333333,2,1
881919,135,2022,14,1.1,1.1,0.6,1.9,1.2203672673281734,1.1657934228196365,0.3808613144165307,0.8171057150232202,3.34375,3.2395833333333335,2,0
881913,135,2022,14,1.9,1.1,1.4,1.3,0.8283719926684022,1.1763185289374616,1.4440912203866398,0.9003652950713037,3.0,3.34375,6,1
878076,140,2022,14,1.0,1.1,1.8,0.9,1.3415326516212982,0.593961471629968,0.7576126411673367,1.9107065726027828,3.125,3.3125,1,0
881912,135,2022,14,0.9,1.5,1.5,0.9,0.7331819606586785,1.448602824373631,1.3000214703060355,0.1881739383190082,4.145833333333333,3.90625,0,1
878079,140,2022,14,1.2,1.4,1.1,1.4,2.172284759427182,0.709890797884256,0.8741707383169921,1.8116899516468818,2.9166666666666665,5.020833333333333,0,0
878078,140,2022,14,1.1,1.2,1.2,1.1,0.9624285414463415,1.085359052835543,1.1422086923263297,0.6272478503235897,4.15625,3.9583333333333335,3,0
881914,135,2022,14,1.6,0.8,1.3,1.4,0.9358944089715596,0.8911111349180755,0.9549977836744847,0.7731058555411665,4.114583333333333,4.239583333333333,1,0
878080,140,2022,14,2.0,0.9,0.8,1.4,1.0588649219005863,1.7406195503602877,1.5119614557502454,0.9317039519599534,3.0208333333333335,5.3125,2,1
881922,135,2022,15,1.0,1.3,0.9,1.8,0.36858332841242347,0.8949118739147228,0.6571465910609752,0.6059904476377528,3.09375,3.0,2,0
868100,39,2022,16,2.5,0.9,1.5,1.2,0.825393061362679,0.7752261965330254,0.6872090961418258,1.9120244720048487,6.895833333333333,6.895833333333333,1,2
881927,135,2022,15,2.0,0.7,1.2,1.3,1.1169858741648342,0.5879261689605546,0.7416612649388955,0.9603149950243346,3.8541666666666665,3.8541666666666665,3,2
868096,39,2022,16,1.0,1.9,0.9,1.5,1.343087745504714,1.5040527783383753,0.676786164707858,0.7225875907269098,7.0,6.895833333333333,3,0
868102,39,2022,16,1.0,1.8,1.1,1.3,1.1077687623993122,0.9878122138706866,1.095083333586464,1.1408220174295498,7.0,6.041666666666667,1,0
868099,39,2022,16,2.0,1.2,0.9,1.9,0.6123474482706324,0.958922031942047,1.0345326188801816,0.9569952134261286,5.9375,6.041666666666667,3,1
868104,39,2022,16,1.1,1.4,1.3,1.8,0.7712837549051764,1.0022007580067864,1.184075449207157,0.22737087787290597,6.041666666666667,6.895833333333333,0,2
868103,39,2022,16,1.8,1.7,1.3,2.1,0.8268909963359237,0.98642952143677,1.5479273914058451,1.2285140822656557,5.9375,7.0,4,3
881929,135,2022,15,0.6,1.9,0.9,1.2,0.24755985437074496,0.9615014898847103,1.2384483809184965,0.8643035817041643,2.8854166666666665,2.9791666666666665,0,2
868101,39,2022,16,1.8,0.9,1.0,1.2,1.585968880802494,0.8692641761831954,0.8075849480970775,0.963157764050191,6.145833333333333,6.229166666666667,1,0
868105,39,2022,16,0.8,1.5,2.3,1.1,1.4396958266176818,1.4526416605966563,0.8696566827647038,0.3900202750433562,7.197916666666667,6.322916666666667,0,2
881921,135,2022,15,1.4,1.3,1.2,1.6,1.2307047477967705,1.6777475632538374,0.7228816982868892,0.8500775117186246,3.0,3.09375,3,0
881920,135,2022,15,1.7,1.3,1.9,1.1,0.8035340459596145,1.248447247382428,1.6309519166919513,1.0566524983548047,3.75,3.65625,2,3
881926,135,2022,15,1.3,1.4,1.3,1.6,0.6207485593884151,0.7033000561017583,1.281525490271203,1.1183979399245385,2.7604166666666665,3.7604166666666665,3,0
868097,39,2022,16,1.9,1.4,1.3,1.2,1.3189425455448491,1.4925517549508995,1.6417887390753236,1.3530586848898738,7.958333333333333,7.0,1,2
881923,135,2022,15,0.9,1.5,0.8,1.7,0.47656827442814104,1.141480724731749,1.1497308555909111,0.8850379427423098,2.8541666666666665,4.854166666666667,1,2
881928,135,2022,15,1.3,1.0,1.1,1.1,0.6890910184303554,0.9672009988911486,1.22362149888293,0.7577657248327637,3.8541666666666665,3.7604166666666665,1,1
868098,39,2022,16,1.4,1.4,1.5,1.1,1.0428411272317388,0.8766161848851257,0.853262536242003,1.4045249131877986,8.0625,7.104166666666667,1,2
881925,135,2022,15,1.7,1.1,1.4,1.1,0.744398527654435,0.9038234785767153,1.1113627648067617,1.0231046112330515,4.885416666666667,3.8854166666666665,2,1
881924,135,2022,15,1.5,0.9,1.6,0.8,1.044902844587812,0.12231305990735533,0.8091126158315138,0.5792222376967491,3.09375,3.0,3,0
868108,39,2022,17,1.5,1.2,1.8,1.7,1.182982208788483,1.4084825734698183,1.0634050735442762,1.3158398224180634,44.0,43.895833333333336,2,2
868113,39,2022,17,1.3,1.8,1.8,0.9,1.3158028881384984,0.1477910706173889,1.2609723651142137,0.565021714519077,44.0,43.895833333333336,0,3
868115,39,2022,17,0.9,1.9,1.9,1.4,1.132631387457303,1.0144153097796151,1.0752951107445028,1.5163124868719309,44.0,43.041666666666664,1,3
868110,39,2022,17,1.1,1.3,1.4,1.4,0.7118041668312016,1.1238420036368997,1.0005740054279029,1.0431338535086652,44.0,42.9375,0,3
868111,39,2022,17,0.9,1.5,0.8,1.5,0.4399110070601077,1.4636819339724911,0.9358022873014932,1.232333021416812,44.0,43.802083333333336,1,2
868107,39,2022,17,1.3,1.2,2.0,1.2,1.6133165265528067,1.097470601318769,0.7903942624285426,1.0834845059475156,43.145833333333336,44.104166666666664,1,3
868106,39,2022,17,2.3,1.1,1.1,1.4,0.8533927858260429,0.2535131787781815,0.5013344406883647,1.1975843388582574,44.010416666666664,44.208333333333336,3,1
868109,39,2022,17,1.0,1.2,1.0,1.9,0.5249302162631004,0.8561451392252167,1.867007034578064,0.9776343059199439,45.0,45.104166666666664,2,0
868114,39,2022,17,1.5,1.1,1.0,1.8,1.0279539818906354,1.2356684662993418,1.1023573878672452,0.6420779390159463,44.145833333333336,45.208333333333336,3,0
868112,39,2022,17,1.3,2.1,2.5,0.9,1.680813437897962,1.324460079398602,0.7021721565524079,1.2401933240427627,46.208333333333336,46.3125,1,3
878086,140,2022,15,1.5,1.4,1.2,1.4,1.0635466524332675,1.0103764469985137,1.4119850936276683,0.46142901862476643,50.916666666666664,48.916666666666664,2,2
878087,140,2022,15,1.2,1.1,1.2,1.1,0.7424356500121143,1.4967606894871925,1.1800670313709132,0.8343946163600054,48.96875,50.96875,0,0
878082,140,2022,15,1.8,0.9,0.8,1.8,0.4924482167587689,1.7300148277473646,0.9448886600279816,1.0904886533469664,50.0,51.104166666666664,2,0
878085,140,2022,15,0.9,1.2,1.0,1.1,0.45504188373639387,0.594314623416464,1.3600517791093996,0.38607495655947927,50.916666666666664,50.8125,2,0
878091,140,2022,15,0.8,1.4,1.3,1.7,1.592844390682104,0.9193575687739697,0.9005821516195174,0.5933577145394633,49.90625,51.010416666666664,1,1
878084,140,2022,15,1.1,1.4,1.2,1.4,0.5682109799060449,1.1775984685704732,0.8827248519531692,1.0154823148273027,50.010416666666664,51.010416666666664,1,1
868124,39,2022,18,1.1,1.4,1.5,1.2,0.7366111881003296,1.241473298518737,1.1587423572811413,1.3756988579405671,3.9895833333333335,4.302083333333333,0,2
868119,39,2022,18,2.0,1.2,1.3,1.8,1.1350062705785526,1.0228546724556287,0.855271877290024,0.5562493810864879,4.104166666666667,4.208333333333333,2,1
878089,140,2022,15,0.9,1.7,2.0,0.9,0.8232086806981638,1.1945103629480123,1.0020121992353812,1.7414721521786314,52.0625,50.0,0,2
868125,39,2022,18,0.8,1.5,1.5,1.1,1.4366048200793036,1.169164612069076,1.2203923104511352,0.8031845030945722,4.895833333333333,3.6875,0,1
878083,140,2022,15,1.8,0.5,1.4,1.8,1.179826321471476,1.0352410786185584,0.5557125858720303,0.6574042492449683,52.6875,51.75,1,1
868120,39,2022,18,2.5,0.9,0.9,1.5,0.7404119017590651,1.2309119854141204,0.6540903027372181,1.7797265904154524,2.7916666666666665,5.0,1,1
868121,39,2022,18,1.8,0.9,1.3,2.1,1.2798172225094242,0.3672641144374001,1.51731505942,1.1448990516090913,5.0,2.7916666666666665,0,0
868118,39,2022,18,1.4,1.4,0.9,1.9,1.4696038727589062,0.6780370047806323,1.1306548462916914,1.0723893419384674,5.0,5.0,2,1
868116,39,2022,18,1.0,1.9,1.1,1.3,1.2135545724757417,1.1586201935848055,0.4626727084402811,1.5497280715947541,3.8958333333333335,5.0,0,2
878088,140,2022,15,1.3,0.9,1.0,1.1,0.8897586181406603,1.3304295087406948,1.7099614693801006,0.9143988484204242,51.885416666666664,52.78125,2,0
878090,140,2022,15,1.6,1.1,1.1,1.2,0.3221801753329596,0.9035260463387418,1.7146281387169813,0.705483384343103,51.84375,50.84375,2,1
868117,39,2022,18,1.9,1.4,2.3,1.1,1.1119612125656442,1.3800475609111995,1.0177487890477974,0.5755273678587104,5.104166666666667,4.895833333333333,2,4
868123,39,2022,18,1.8,1.7,1.3,1.2,1.1513984829889645,1.2450998061403686,1.367245485849068,1.3346058908571998,6.0625,5.854166666666667,0,2
868122,39,2022,18,1.0,1.8,1.0,1.2,0.7165323021137094,0.9695728825825873,0.8643625353078573,0.5564943404963909,4.854166666666667,4.958333333333333,1,1
868128,39,2022,19,1.5,1.2,2.0,1.2,1.2265158655660753,0.8942042576613687,1.0138651869871702,0.9834452806859022,2.90625,2.8958333333333335,3,1
868131,39,2022,19,0.9,1.5,1.9,1.4,1.038738943692772,1.2893556171033775,1.1983728742920705,1.5144222189401058,3.1979166666666665,3.09375,1,4
868133,39,2022,19,1.3,1.8,1.4,1.4,0.8745164638282592,0.6376732088173283,1.3289267278196049,0.8351684975518554,3.9895833333333335,3.1979166666666665,0,1
868126,39,2022,19,2.3,1.1,1.8,0.9,1.2789280172288944,0.8496908752325636,0.8318811946311258,0.23872167438431008,3.09375,3.1979166666666665,0,0
868134,39,2022,19,1.5,1.1,1.0,1.9,1.0141438906821267,0.5220699270114719,0.7888104721092322,1.2287012119545255,3.3125,3.2083333333333335,3,0
881939,135,2022,16,1.2,1.6,0.6,1.9,0.469873103886478,1.1548941326171058,0.16091390534098424,1.1509993602379271,52.65625,52.770833333333336,1,2
881938,135,2022,16,1.3,1.6,1.7,1.1,0.832991568676282,1.3756365455663344,0.9648750857561315,0.8795307156203195,51.895833333333336,51.770833333333336,1,2
881933,135,2022,16,0.8,1.7,1.7,1.3,1.4969083894674253,0.8692289111485145,1.0033131726544982,1.3577457715273231,51.979166666666664,52.083333333333336,2,2
881936,135,2022,16,1.1,1.1,0.9,1.5,1.2042176106375408,0.8070582106517858,0.6037236267443047,1.49154580440897,51.979166666666664,51.979166666666664,1,1
881937,135,2022,16,0.9,1.2,1.6,0.8,1.3310148394098882,0.5617973281077069,0.525923200290484,1.5008694545028867,52.9375,51.822916666666664,2,1
881934,135,2022,16,1.3,1.0,1.4,1.3,0.7624196514902204,1.037544285642883,1.4023018360679007,1.0905359161149943,52.0625,52.822916666666664,1,0
881930,135,2022,16,0.9,1.8,1.5,0.9,0.4271452841896339,0.8936160131867614,1.8035618489820775,0.07950348893978097,53.90625,51.90625,0,1
881931,135,2022,16,1.4,1.1,1.3,1.4,1.0144312516698495,1.146034040082232,1.0521644482178543,0.4571450364661429,52.020833333333336,52.145833333333336,1,1
868135,39,2022,19,0.9,1.9,1.0,1.8,1.129370094534044,1.0707372827863195,0.8799126630405778,0.9063334847897929,4.1875,3.125,0,1
881935,135,2022,16,1.2,1.3,1.0,1.3,1.552913155543615,1.143147054458125,0.7393013856902974,0.5816927180445699,53.239583333333336,54.0,1,1
881932,135,2022,16,1.9,1.1,2.0,0.7,1.6063738065785134,1.1678401667113718,1.24498312589945,1.4529853431576936,52.34375,53.239583333333336,1,0
868132,39,2022,19,1.3,2.1,1.1,1.4,0.9862547886230001,0.7441843835459094,0.47879727226521424,1.2802909773705122,4.197916666666667,5.0,2,2
868130,39,2022,19,1.1,1.3,1.8,1.7,0.7763353466105846,1.0073232465365902,0.748409013942827,1.2590886296473482,4.208333333333333,3.25,0,4
868127,39,2022,19,1.3,1.2,0.8,1.5,1.3384833214580028,0.8674938290571799,0.9337931330515473,0.9808458867337884,3.25,4.3125,1,1
868129,39,2022,19,1.0,1.2,2.5,0.9,0.8379467590612184,0.7758879879893208,0.6138010694767256,1.4136730374327584,4.145833333333333,5.208333333333333,0,1
878098,140,2022,16,0.8,1.8,1.1,1.4,0.6141776290181881,0.9799595999841701,0.6545644096662019,1.026897337904141,7.875,6.96875,0,1
878100,140,2022,16,1.1,1.2,0.8,1.4,1.4775248190916577,0.9161162831563503,1.3583267951198381,0.8389285735492342,6.197916666666667,7.072916666666667,0,1
881941,135,2022,17,1.4,1.1,1.2,1.6,0.8888445992996878,1.0594326155639402,0.5026762894560353,1.6876603528677854,2.8541666666666665,3.1041666666666665,2,1
878101,140,2022,16,1.6,1.1,2.0,0.9,0.6669691972997571,0.950308459045802,0.9096902824441742,1.1319568989161104,7.0,7.78125,2,1
881943,135,2022,17,1.5,0.9,1.2,1.3,1.3388892759124245,0.05167726781085764,1.2976948331546319,1.0890071238593197,2.9791666666666665,2.8854166666666665,1,0
878094,140,2022,16,1.0,1.1,0.9,1.7,0.8840336564211098,1.1383224591373988,0.5350856424538065,1.0348140888573845,8.0625,7.875,1,0
881946,135,2022,17,1.3,1.4,1.9,1.1,0.9984173808520947,0.5266085594172786,1.3823008690128757,0.7590961083623917,3.09375,3.0,2,2
878095,140,2022,16,1.4,1.8,1.5,1.4,0.9887131808168197,0.5628837496635504,1.1096386574149573,1.1796613572157006,7.291666666666667,9.166666666666666,2,2
881947,135,2022,17,1.3,1.6,1.1,1.1,0.8559550091500727,1.224862284029882,1.055317204490159,0.97888076621659,4.0,3.9166666666666665,1,1
878096,140,2022,16,1.3,1.7,1.3,0.9,0.8267245523988402,0.7086604556271218,1.1926787661270934,0.8647791806814517,8.78125,7.90625,0,2
881944,135,2022,17,1.6,0.8,1.0,1.3,0.5760948718554812,2.2248707009824313,0.8265074391602316,0.6664015487802525,3.9375,3.7604166666666665,2,2
881949,135,2022,17,0.8,1.7,0.9,1.2,1.8378942993076723,0.8762444669870189,2.1144652011719827,0.5994130549366762,4.020833333333333,3.9375,0,0
878097,140,2022,16,1.2,1.4,1.2,1.1,1.440706977524651,0.7182621954394316,0.4825831725078743,0.9728944481666751,9.96875,9.875,1,2
881948,135,2022,17,0.6,1.9,2.0,0.7,1.0415732051383064,0.9454083560844773,0.8092390318346425,1.282598367789343,4.229166666666667,3.8854166666666665,0,2
878099,140,2022,16,1.2,1.4,0.9,1.2,0.8352294871028934,0.9452907773650194,1.1831509618023934,0.38630450522070164,8.96875,9.0625,2,1
881945,135,2022,17,1.7,1.1,1.3,1.0,0.9578673351532501,0.8862054546636972,0.7616970338236728,0.674403785667874,4.34375,4.177083333333333,2,2
878093,140,2022,16,1.8,0.9,1.8,0.5,0.5912333162018417,1.124509638035787,0.9024580966107804,1.3004067011020628,9.979166666666666,8.291666666666666,0,1
881942,135,2022,17,0.9,1.5,0.9,1.8,0.8467132866767273,1.242080530441588,0.27764443472326206,0.747424482645469,5.166666666666667,5.0,2,0
881940,135,2022,17,1.4,1.3,1.7,1.3,0.9114961934441355,0.9749726058297759,0.9633992369659083,1.747438597646606,5.177083333333333,5.260416666666667,1,2
878092,140,2022,16,1.2,1.1,1.0,1.1,0.7670435703910936,0.5423565006340035,1.1114749550970655,1.20869491580894,11.072916666666666,9.197916666666666,0,0
868009,39,2022,7,1.4,1.4,1.0,1.2,1.0610245953049655,0.542859523408706,0.544665393389792,0.6699938588597252,9.010416666666666,7.0,2,1
881955,135,2022,18,2.0,0.7,1.5,0.9,0.7627158970083071,0.8336889390630731,1.1009190549841015,0.033590224077057466,5.114583333333333,6.114583333333333,5,1
868136,39,2022,20,1.3,1.2,1.3,2.1,1.1248859538194966,1.0815793222205001,1.1872194587587963,0.9140228796078713,9.0,9.010416666666666,2,1
878102,140,2022,17,1.1,1.4,1.6,1.1,0.6473103006264656,0.6674832696376917,1.0435994226892864,0.8173595892888621,7.104166666666667,6.197916666666667,1,1
868141,39,2022,20,1.5,1.1,2.5,0.9,1.1823514236802246,0.33934545255745674,0.5646373618265383,0.918887474331293,10.6875,8.6875,2,1
878111,140,2022,17,0.9,1.7,1.2,1.4,0.3478056675949743,0.9310115106984764,1.2692246869061747,0.9897870937022972,6.8125,5.90625,0,1
881951,135,2022,18,0.9,1.8,1.3,1.4,0.18046888257012034,1.0410728272998018,1.2779922765748406,0.6804534583580732,4.854166666666667,6.760416666666667,2,3
868143,39,2022,20,1.0,1.8,1.3,1.8,0.8335221783447966,0.5891167651133654,0.5684357014883685,0.6117098079534856,9.8125,10.802083333333334,2,0
868138,39,2022,20,1.9,1.4,2.0,1.2,1.4764862279389686,1.3788188867555131,0.866095704874994,1.4675727657791697,10.802083333333334,11.895833333333334,3,0
868140,39,2022,20,0.9,1.5,0.9,1.9,1.0696247578447464,1.535625010766318,0.7340905614471286,0.9575581811795287,10.802083333333334,9.8125,1,2
868145,39,2022,20,0.8,1.5,1.1,1.4,1.124673869816839,0.8924216212487572,0.7415212572754195,1.3783429814446793,9.791666666666666,9.802083333333334,1,0
878106,140,2022,17,1.5,1.4,1.2,1.4,1.0466354976900927,1.214994167904491,1.152968611061325,0.9630501163983738,6.802083333333333,5.90625,2,1
881954,135,2022,18,0.9,1.2,1.7,1.1,1.3744023807617889,0.38961848570883956,1.151731414908436,1.205054524552382,6.125,5.885416666666667,2,2
868137,39,2022,20,1.5,1.2,1.0,1.9,1.6255686459512821,0.7883161008132229,0.5127268068710009,1.3218136825072837,12.0,10.895833333333334,2,0
878109,140,2022,17,1.0,1.1,1.0,1.1,0.7224587208130926,0.785651695275811,0.8330042296148978,0.7399095984393093,4.895833333333333,7.0,1,0
881953,135,2022,18,1.9,1.1,0.9,1.5,1.2366534595952112,1.1224334494565336,1.1056105499201196,0.8073523447870322,7.0,5.09375,1,0
878107,140,2022,17,1.3,0.9,1.2,1.1,1.1727525101998055,0.5621064674429436,0.4985783207542109,0.3525317254121023,6.291666666666667,5.0,3,1
881957,135,2022,18,1.2,1.6,1.6,0.8,0.6674592851161198,1.4985417293640606,0.8069135897829858,2.57054095563858,7.895833333333333,6.895833333333333,0,2
878110,140,2022,17,0.9,1.2,1.4,1.8,1.117659236282667,0.8611673728379006,1.0908778532452186,0.6912448076516782,6.8125,7.708333333333333,1,2
868142,39,2022,20,1.8,0.9,1.4,1.4,0.5407227765102317,0.15516908834980156,1.2813326536148941,0.707858690215659,11.760416666666666,2.75,1,0
881958,135,2022,18,1.1,1.1,0.8,1.7,0.9414959556458761,0.950782987551273,1.194631294549987,0.5695589035415622,7.104166666666667,7.0,0,1
868139,39,2022,20,1.0,1.2,1.1,1.3,0.7090325057033648,1.027162674925488,0.50461797529688,1.504332759821433,2.75,10.75,1,0
881959,135,2022,18,1.2,1.3,1.4,1.3,0.8435016415505108,0.9384956561495835,0.8395879103540727,1.0407457684499877,7.875,5.760416666666667,1,2
878105,140,2022,17,1.3,1.7,1.8,0.9,0.5373709590592461,0.8581406083748238,0.3843016555311971,1.0020732400319037,7.09375,6.802083333333333,1,1
868144,39,2022,20,1.8,1.7,2.3,1.1,1.336038508635487,0.8184076092707764,0.8313032111987814,0.5522990689011663,10.854166666666666,11.864583333333334,0,2
881950,135,2022,18,1.7,1.3,1.3,1.6,1.033223078688474,1.3829504730856785,0.8708812454580367,1.051700257346696,5.885416666666667,7.229166666666667,8,2
881956,135,2022,18,1.3,1.0,1.4,1.1,1.1241240510063661,0.9674801077429416,0.9793114895447972,1.0293508970862582,7.0,8.239583333333334,2,0
881952,135,2022,18,1.0,1.3,0.6,1.9,1.6616048354541504,0.8656129297840871,0.6770225833398992,0.8512259577706998,8.239583333333334,8.114583333333334,1,0
878103,140,2022,17,0.8,1.4,0.8,1.8,1.3404645001612283,0.5453035728070023,0.39921545886182225,0.858817174333145,10.0,10.104166666666666,1,1
868008,39,2022,7,1.1,1.3,1.5,1.1,0.328001683942972,1.3601239861916237,1.5048247216884423,0.40130181688961963,3.25,4.3125,1,1
868013,39,2022,7,2.5,0.9,1.8,1.7,0.5477415579145226,1.3335731546116367,0.8684250306130665,0.7861848948751095,5.3125,4.145833333333333,4,2
878118,140,2022,18,1.0,1.1,1.1,1.4,0.5414527492496836,0.8802594208037329,0.7837682243328224,0.6299578752644996,6.104166666666667,7.0,1,0
868152,39,2022,21,2.0,1.2,1.0,1.2,0.5629622081687461,1.6078696661775131,0.8431788210148794,0.6676557387015672,6.895833333333333,5.9375,0,0
878116,140,2022,18,1.2,1.4,1.3,0.9,1.040314673939994,0.6433616109064932,1.68379262813337,0.7720821668008763,7.0,6.708333333333333,0,2
881962,135,2022,19,0.9,1.5,0.9,1.2,0.7186468574480778,0.6825860416554306,1.8019474060810212,0.6941833882597652,6.760416666666667,6.875,2,0
868151,39,2022,21,1.3,1.8,1.9,1.4,0.36948320596743955,0.9498335973919878,1.6136634165813823,0.8962322763910836,7.0,7.0,2,2
868155,39,2022,21,1.1,1.4,0.9,1.5,0.4819888172290227,1.3396729379390415,0.9858993674528863,1.734452553294403,7.0,7.0,2,0
868154,39,2022,21,0.9,1.9,1.3,1.2,1.2134551612369298,0.9130560926204948,1.0952784340852368,1.0216163030330687,7.0,7.791666666666667,0,1
868146,39,2022,21,1.0,1.9,1.0,1.8,0.33327242446615063,1.2079508234542957,1.0940116381463398,0.38292589732368754,6.895833333333333,7.0,1,1
878117,140,2022,18,1.4,1.8,1.2,1.1,1.2319872712760587,0.7204511002822328,0.836595728796785,0.9651465428234903,6.09375,13.0,1,0
881967,135,2022,19,1.3,1.6,2.0,0.7,1.0983213302577828,2.006399284922411,1.7450708886109552,0.9702311437243308,6.0,7.885416666666667,0,2
878113,140,2022,18,1.8,0.9,0.9,1.7,0.39334182772926507,1.0267749564480877,0.2260736839367333,0.82047610940499,6.09375,7.1875,3,0
868148,39,2022,21,1.1,1.3,1.8,0.9,0.6239448962158243,1.1389523858963502,0.5486920269538729,0.10085990742737101,2.8958333333333335,6.145833333333333,0,0
881961,135,2022,19,1.4,1.1,1.1,1.1,0.6365524682041181,1.2980990621270467,0.6119723711698195,1.1290884873628728,6.0,6.239583333333333,0,1
878119,140,2022,18,1.2,1.4,0.8,1.4,1.0108879305231948,1.0443159089922764,1.1763366473270205,0.7466348223245516,7.197916666666667,5.0,1,0
881968,135,2022,19,0.6,1.9,1.2,1.3,0.4400646791709345,0.7900073988667443,0.8365773490591141,1.1042529457279986,5.65625,6.895833333333333,0,1
878121,140,2022,18,1.6,1.1,1.5,1.4,0.8744333747480362,0.8943002619633802,1.0986464068318937,1.0512045424712526,8.708333333333334,7.90625,1,0
868150,39,2022,21,1.3,2.1,1.5,1.2,1.0902823917829612,0.9582174358476804,1.405391549692895,0.5124054655285949,8.75,7.854166666666667,0,0
881966,135,2022,19,1.3,1.4,1.2,1.6,1.4072975438762103,1.1561836368216365,0.4338485353254779,1.3254193115866393,8.0,7.104166666666667,1,1
868153,39,2022,21,2.5,0.9,0.8,1.5,0.8237967185267927,1.480402797411144,1.1747880153809453,0.5800740538116922,2.75,7.958333333333333,3,0
878115,140,2022,18,0.8,1.8,1.0,1.1,0.6516775482601844,0.8632658855387664,0.868916350346692,0.5106736019292771,5.802083333333333,7.90625,1,1
868147,39,2022,21,2.3,1.1,1.5,1.1,0.7945670361283127,0.3589943947857581,1.2330078639692823,0.6715899826311452,7.0,3.8541666666666665,3,2
881969,135,2022,19,0.8,1.7,1.3,1.0,1.287589886912037,0.37021328730201547,1.3597016121751169,0.6288620700329121,7.125,6.885416666666667,0,2
878114,140,2022,18,1.8,0.5,0.9,1.2,0.8577397381056493,0.8452643557163408,0.9976204788923755,1.0826754590113021,13.895833333333334,7.1875,1,0
881964,135,2022,19,1.5,0.9,1.7,1.3,1.1439307190729995,1.2711392012056428,1.9943891187945666,1.43116632821575,9.0,7.114583333333333,3,3
878112,140,2022,18,1.2,1.1,2.0,0.9,0.7307888714532,1.1506491180213627,0.790957774497804,1.345841428739916,8.0,15.197916666666666,0,2
881960,135,2022,19,1.4,1.3,0.9,1.8,1.0399629109609165,0.9647860315437741,0.831193662559467,1.2532999018474351,8.145833333333334,9.145833333333334,1,1
881963,135,2022,19,1.9,1.1,1.0,1.3,0.961631766280747,0.7295817421467469,1.3167536693609871,0.5626484043596567,9.0,7.0,0,1
868149,39,2022,21,1.4,1.4,1.8,1.7,0.8328662248496812,0.6573303708624005,1.1780565168120736,0.978784887551174,8.25,4.0,0,1
878120,140,2022,18,1.1,1.2,1.3,1.7,0.9603911324095775,1.0530276673849612,0.7247184738158603,0.7013371470776224,17.0,8.197916666666666,2,2
881965,135,2022,19,1.6,0.8,1.7,1.1,0.8758610208589406,1.670851621165077,1.189556792239503,1.6918712995449068,9.34375,10.114583333333334,4,0
881971,135,2022,20,1.4,1.3,0.8,1.7,0.8544481143468179,1.0115126299051624,0.8369334264928241,0.6476522114069435,4.0,5.020833333333333,2,0
881975,135,2022,20,0.9,1.2,1.3,1.6,1.171265813952664,1.2840895727392176,0.7139088646675589,1.585253285199567,6.239583333333333,6.114583333333333,1,2
878124,140,2022,19,1.3,1.7,1.4,1.8,1.0342080336213348,0.9256552418571391,1.0860189990567108,0.46829321518345135,4.0,6.197916666666667,3,1
878122,140,2022,19,0.8,1.4,1.0,1.1,0.7646188207625634,0.7467709678442919,0.6656942870122944,0.5721686235224264,6.708333333333333,7.708333333333333,2,0
881973,135,2022,20,1.0,1.3,1.1,1.1,1.264753521448278,0.3657214628337769,0.7694762561364157,0.7339075167858674,4.760416666666667,6.760416666666667,2,2
878127,140,2022,19,1.5,1.4,1.8,0.5,0.714120164440731,0.8793767026063142,0.7608873112501535,0.5494218312156216,6.09375,5.90625,0,1
881972,135,2022,20,0.9,1.8,1.9,1.1,0.9246775900653629,0.9931171584230551,0.6250606480824855,0.8830917687590217,4.979166666666667,4.885416666666667,1,2
878129,140,2022,19,1.2,1.4,0.8,1.8,0.91853548817341,0.6788053408449797,0.9227381336418471,0.8051506033779761,6.895833333333333,6.09375,3,0
881970,135,2022,20,1.7,1.3,0.6,1.9,2.1782156723145074,1.6221811902633143,0.28604204146110745,0.7107635811932084,6.0,6.34375,2,0
878128,140,2022,19,0.9,1.2,1.2,1.1,0.6484533112800441,0.9070955298388279,0.5437872237179103,0.9125725255625414,6.104166666666667,7.197916666666667,0,1
881976,135,2022,20,1.7,1.1,1.2,1.6,0.773211914955677,2.1218754356132803,0.549709881294894,1.0777485140697771,4.65625,6.895833333333333,2,5
878130,140,2022,19,0.9,1.7,1.1,1.2,0.14694789455887666,0.9639467260152044,1.09404033232291,1.2476090094412504,7.8125,5.708333333333333,1,0
881974,135,2022,20,1.5,0.9,1.3,1.4,1.4354780443205266,1.708103225881707,1.1309693650579982,1.019227697267397,6.760416666666667,7.0,0,2
878126,140,2022,19,1.0,1.1,1.8,0.9,0.8088234055031276,0.8310855685267573,0.6863094429259832,0.6674037216912571,7.0,7.90625,0,1
881978,135,2022,20,1.6,0.8,1.4,1.1,1.5914687544674022,1.0860535537573002,0.4137591043326768,1.2154586052586134,4.885416666666667,7.885416666666667,1,1
878125,140,2022,19,1.1,1.4,1.2,1.1,0.5094493458163346,0.7232226189219247,0.47501276644458,1.1472401085320676,8.895833333333334,6.895833333333333,1,0
881977,135,2022,20,2.0,0.7,1.3,1.0,1.4153898275971208,0.6306502434208151,1.2908196225744595,0.40876034552139284,8.114583333333334,7.114583333333333,2,1
878123,140,2022,19,2.0,0.9,1.3,0.9,0.9134407352417544,0.8747969286809455,1.5771575159789983,0.5018534084205696,7.0,8.291666666666666,0,0
881979,135,2022,20,1.2,1.3,0.9,1.5,0.7410340488182487,0.7177644147231991,1.2999908277116208,0.4436809270760299,8.34375,9.239583333333334,1,1
878131,140,2022,19,1.6,1.1,1.2,1.4,0.7644754435862235,0.5812951702761971,0.6762045380609961,0.9008773547815283,8.291666666666666,9.291666666666666,0,1
878108,140,2022,17,1.2,1.1,1.8,0.5,0.6584964176388639,0.5931721416156519,0.6688823078681554,0.3571241902901541,4.0,4.197916666666667,1,2
878104,140,2022,17,2.0,0.9,1.1,1.2,0.5937364779071403,0.5686180036426146,0.7111262160098916,1.2176588190997757,4.0,4.291666666666667,2,0
868159,39,2022,22,1.0,1.2,1.4,1.4,0.5480662336596717,0.4339762301560187,0.5413630461522928,0.6244869632827825,13.3125,11.0,0,0
878132,140,2022,20,1.2,1.1,0.8,1.4,0.30875829818897704,1.1087225994714638,1.4952976880411206,0.48540112909878974,5.104166666666667,6.291666666666667,4,1
868160,39,2022,22,0.9,1.5,2.3,1.1,0.6408345888443762,1.7298184020656044,1.1057966367245098,0.8357705990349851,13.895833333333334,12.833333333333334,1,0
878138,140,2022,20,1.4,1.8,1.0,1.1,0.8904711729162739,0.8675316155102689,0.5257352135770329,0.7620490538858266,7.708333333333333,5.90625,1,1
881980,135,2022,21,0.9,1.8,0.9,1.2,1.0553333628354151,0.9085378488814185,1.0736491679581204,1.4112607863830555,6.875,7.760416666666667,0,2
868156,39,2022,22,1.3,1.2,1.3,1.8,0.9131455570541893,0.6640505969714947,0.7863179300326819,0.9080351131585932,14.0,14.0,2,4
868157,39,2022,22,1.5,1.2,0.9,1.9,0.9135045073003818,0.3330635525935867,0.7887458548040044,0.7947010351021071,13.041666666666666,14.0,3,0
868158,39,2022,22,1.9,1.4,1.0,1.9,1.3395244956316996,1.1287048258080505,0.492738187014109,1.0467469826137132,14.0,14.0,1,0
868165,39,2022,22,0.8,1.5,2.0,1.2,0.7636122099976145,0.7746481349775999,0.36592543530968497,1.0451152830153836,13.041666666666666,14.104166666666666,3,0
868161,39,2022,22,1.5,1.1,1.1,1.3,1.403879354004276,1.025861551951351,0.4055641825402858,0.7403190508326276,12.9375,13.895833333333334,2,1
878136,140,2022,20,0.8,1.8,1.6,1.1,0.5997797868672007,1.1334173366401288,0.4969090383310453,0.7106070121946797,6.90625,4.802083333333333,3,1
881985,135,2022,21,1.3,1.0,1.0,1.3,1.333263523904168,0.7154442245889052,1.6398170616686532,0.8667399298629339,5.885416666666667,7.125,2,0
868162,39,2022,22,1.8,0.9,1.1,1.4,0.3566498175200174,0.06555893982779117,0.915716973623107,0.870787409660377,14.0,14.104166666666666,1,1
878133,140,2022,20,1.8,0.9,0.9,1.2,0.6679445722453234,0.4338124190993171,0.4214946523320287,0.8946468166174604,6.09375,6.895833333333333,1,1
881987,135,2022,21,1.2,1.6,1.7,1.3,2.060909907690166,1.0312350635571197,1.694323159140653,1.0544177736711544,6.34375,7.0,1,0
878135,140,2022,20,1.2,1.1,1.1,1.4,1.160106004798595,0.8292487607370425,0.6941586037062373,0.4700947022992511,3.0,6.104166666666667,3,4
881988,135,2022,21,0.8,1.7,2.0,0.7,0.5440067272203357,0.7989151138851014,1.3697533879381285,0.904153427454299,8.75,6.65625,0,3
878137,140,2022,20,1.0,1.1,2.0,0.9,0.43270128655799134,1.3702050598350315,0.7519703773063079,0.3696017023676995,8.0,2.7083333333333335,1,0
868163,39,2022,22,1.0,1.8,1.3,2.1,0.972686512163542,0.525012944371508,0.7086835546589247,0.6228413333009922,14.958333333333334,14.0,1,0
881989,135,2022,21,1.1,1.1,1.2,1.3,1.129180545509649,1.2947671586380864,0.7315332428429728,0.8509485789717887,8.0,5.760416666666667,1,0
878140,140,2022,20,1.5,1.4,1.1,1.2,0.46417810688647515,0.7459004122496597,0.4622320404064295,1.157519899081521,8.0,2.8020833333333335,1,0
868164,39,2022,22,1.8,1.7,2.5,0.9,0.96295895815007,0.6362101769082631,0.9330678670424152,0.9622618183172437,12.854166666666666,14.104166666666666,1,0
881981,135,2022,21,1.4,1.1,1.4,1.3,0.6705059178162399,1.0455878661453712,0.9333324507960199,0.6574832094383556,7.0,8.979166666666666,1,2
878139,140,2022,20,1.3,0.9,0.9,1.7,1.025152385386349,0.32620471547337027,0.5022290944262328,0.6265653719098828,6.895833333333333,7.1875,0,1
881983,135,2022,21,1.9,1.1,1.7,1.1,0.6693011171600483,1.0283025789862932,0.8332862741329546,3.0828175179971167,8.114583333333334,7.34375,1,0
878134,140,2022,20,1.8,0.5,1.2,1.4,0.8784603688011696,0.9642140570219335,1.2071175117571609,0.4412234715492368,4.0,8.104166666666666,3,0
881982,135,2022,21,0.9,1.5,1.6,0.8,1.2293957474142627,0.5382537137105305,1.2899944631310842,1.1074973099422452,6.90625,8.020833333333334,1,1
881984,135,2022,21,1.3,1.4,0.6,1.9,1.5039335060911174,0.6624980032238081,0.18592732694971986,0.7404792999118084,8.239583333333334,9.0,2,2
878141,140,2022,20,1.2,1.4,1.3,1.7,0.772298101254799,0.5855702806079934,1.235376247494893,0.7862347307365523,7.0,10.0,2,0
881986,135,2022,21,1.3,1.6,1.5,0.9,1.0406433261364774,1.3427410242686073,0.9330607288083423,1.8790705156265282,11.0,9.239583333333334,0,3
868021,39,2022,8,1.5,1.1,1.3,2.1,1.4222651698463689,1.0775538104212705,0.46064431052830107,0.6415135333123116,4.208333333333333,3.25,2,2
881996,135,2022,22,1.7,1.1,1.1,1.1,0.5416360781864206,2.2190227742579345,1.0484778440917615,0.8415986531147562,5.0,5.239583333333333,1,0
878143,140,2022,21,0.8,1.4,1.5,1.4,1.4710912244994556,1.3613440672475468,0.5457435472539867,0.4848352679622788,7.0,5.197916666666667,2,0
868175,39,2022,23,1.1,1.4,1.0,1.2,1.0972362348752216,0.7632340385014673,0.3562430518787866,0.28208454960141216,6.791666666666667,7.6875,1,1
881991,135,2022,22,1.0,1.3,0.8,1.7,1.0658810900846245,1.095629475120966,0.3536043726932182,0.9161330593194335,6.875,6.104166666666667,2,2
868168,39,2022,23,1.1,1.3,1.9,1.4,0.6743605203040782,0.9909509727847976,1.0083640523545105,0.7336581367752328,7.0,7.0,1,1
868167,39,2022,23,2.3,1.1,1.5,1.2,0.7187678138709314,1.0452710913929422,1.1169358244820904,0.21649130918583137,7.104166666666667,7.0,1,1
868174,39,2022,23,0.9,1.9,0.8,1.5,0.5126848056226029,1.0397135675532119,2.049472936498449,0.5035212877354399,7.0,7.0,1,2
868169,39,2022,23,1.4,1.4,1.0,1.8,0.35188597999899035,0.40591652613380863,0.868912899572969,0.34125841384148026,7.791666666666667,6.041666666666667,2,0
868171,39,2022,23,1.3,1.8,1.8,1.7,1.7854656288802173,1.0150091483394104,0.9327134462543357,0.41353661499037103,7.0,5.9375,4,1
878145,140,2022,21,1.3,1.7,1.2,1.1,0.8029945608716805,0.9416898298807198,1.5384439031190866,1.9910778101815567,4.802083333333333,6.802083333333333,2,3
881995,135,2022,22,0.9,1.2,1.3,1.0,1.2531188727530251,0.9173195111489861,1.3988698112477682,0.4650387459827884,7.125,7.0,1,1
878150,140,2022,21,1.2,1.4,1.0,1.1,0.7846263826421546,0.8097119231736707,0.7693113918182499,0.8906332888927705,5.895833333333333,6.1875,2,0
868166,39,2022,23,1.0,1.9,1.8,0.9,0.32027982155917084,0.8180586688928194,0.42904460361023355,0.5446335129082662,7.104166666666667,7.0,1,1
881994,135,2022,22,1.6,0.8,1.7,1.3,1.025892234368538,1.344526029240237,1.1013100534414244,0.9736728349375324,5.09375,7.0,0,2
878146,140,2022,21,1.1,1.2,1.2,1.1,0.3004508262641792,0.9964157121807664,1.2465262271561686,1.2198174169291787,6.197916666666667,8.0,1,2
881999,135,2022,22,1.2,1.3,1.2,1.6,0.47549660784793235,0.8676270658421521,1.6278927220498898,0.6703027913121278,6.895833333333333,7.65625,2,2
878142,140,2022,21,0.9,1.2,1.2,1.4,0.8162554746331026,0.7848769122828307,0.9326310207175802,0.38062068239519575,7.8125,5.708333333333333,1,1
881990,135,2022,22,1.4,1.3,1.3,1.4,1.190757002108322,0.6744794707503158,1.3417268194450562,1.5014570354288084,6.875,5.760416666666667,0,1
868170,39,2022,23,1.3,2.1,1.5,1.1,0.9945236969482907,0.732539352208558,1.2400279159556953,1.3955148718787207,3.75,3.75,0,2
878147,140,2022,21,1.1,1.4,1.8,0.9,1.9032692081115334,1.0899365564945134,0.6375204534409418,0.82426202303184,7.802083333333333,7.90625,0,1
868173,39,2022,23,2.5,0.9,1.3,1.2,0.6064941135775699,0.9322603053629985,1.0183309368715476,1.7059918623904458,7.0,8.0625,3,1
881993,135,2022,22,1.5,0.9,1.4,1.1,1.1686769737254223,1.2213958351572434,0.6829442311959406,1.2637230220854003,4.885416666666667,7.0,1,0
878151,140,2022,21,0.9,1.7,1.0,1.1,0.8687328619943353,0.40726749174142385,0.5857556666028492,0.78055915775306,7.0,8.1875,0,0
881997,135,2022,22,2.0,0.7,0.9,1.8,1.2871779374539012,0.5876997278452945,0.6859666858430199,1.1457965153531688,7.34375,8.239583333333334,3,0
878148,140,2022,21,1.6,1.1,1.8,0.5,0.47550823602629055,1.9593377397447236,1.0939159063874269,0.6267391370642568,8.197916666666666,7.0,0,1
881992,135,2022,22,0.9,1.5,1.3,1.6,1.4237600135970485,0.5372607472451781,0.6764181619887103,1.4349691657745947,7.0,5.90625,1,0
881998,135,2022,22,0.6,1.9,1.9,1.1,1.191686095850651,0.8454815854285055,0.65023711371384,0.6683966763410906,7.0,8.0,0,0
868172,39,2022,23,2.0,1.2,0.9,1.5,0.23785153295129524,2.232449933959999,0.9185626847690465,1.124381961342643,9.208333333333334,9.3125,2,0
878144,140,2022,21,1.4,1.8,1.3,0.9,0.8640335351228507,0.8079233278594526,0.6663490505011268,0.7543170156749747,9.291666666666666,8.104166666666666,2,3
868057,39,2022,12,2.3,1.1,2.5,0.9,0.6472715427842214,0.9806383306175336,0.8912211738254203,1.0307555232722738,4.1875,3.125,1,3
878149,140,2022,21,2.0,0.9,0.8,1.8,0.48878074524910015,0.7282966620945602,1.8873000432818623,0.8892386299271948,10.291666666666666,11.197916666666666,4,0
882007,135,2022,23,1.2,1.6,2.0,0.7,1.6347328334349924,0.9041863976862163,1.2114573260117023,0.3820048230994414,5.34375,5.0,0,2
878161,140,2022,22,1.5,1.4,1.3,1.7,0.3547333057150913,1.0995179241754813,1.1362821289022564,1.258054271775409,7.0,6.197916666666667,6,2
868176,39,2022,24,1.3,1.2,2.3,1.1,1.0867014337528307,1.6058947105537897,0.6608231211672319,1.179596733083215,5.833333333333333,2.7083333333333335,2,4
878160,140,2022,22,1.3,0.9,1.1,1.4,0.996267908466758,1.1875282824109559,1.2371249852724968,0.8827643172769892,4.708333333333333,5.90625,1,1
882006,135,2022,23,0.6,1.9,1.4,1.3,0.7745959623029232,0.5495630305285286,0.7739920513704094,0.7045359163427347,4.760416666666667,6.0,1,2
868183,39,2022,24,1.0,1.8,2.5,0.9,0.5647933847224299,0.6162624134414066,1.1214755811683412,0.9100877084844659,7.0,2.8125,1,1
868185,39,2022,24,0.8,1.5,1.0,1.9,1.9861047771450444,0.6954369851761841,0.7604041062356832,0.6770597722072331,7.0,6.895833333333333,0,1
868178,39,2022,24,1.9,1.4,1.4,1.4,0.8566512089292173,0.7996050616311741,0.6231703314437882,0.26384574198697563,7.0,7.0,0,1
868179,39,2022,24,1.0,1.2,0.9,1.9,0.5865579837212113,0.5598701087560694,0.70139327180284,1.3297611873306403,7.104166666666667,7.0,0,1
868180,39,2022,24,0.9,1.5,1.3,2.1,0.5970657450998802,1.0621816082060511,0.6464404030163889,0.7917061344911183,4.791666666666667,6.041666666666667,1,0
868177,39,2022,24,1.5,1.2,1.1,1.3,1.0272204071254798,0.32079181473890633,0.7610616109249235,0.8453327072089039,7.0,7.0,1,1
878153,140,2022,22,1.2,1.1,0.9,1.7,1.6459444193803474,1.908536240953676,0.564676360296318,0.2647238696319255,7.0,5.90625,2,1
882003,135,2022,23,1.3,1.4,1.7,1.1,1.138246692994316,0.9759470730287255,0.5925714722115477,1.4423648032676575,6.125,7.885416666666667,0,1
868182,39,2022,24,1.8,0.9,2.0,1.2,0.4242006297735524,0.9062340056125953,0.4859368297516752,1.4510924570739994,7.0,4.895833333333333,0,2
878155,140,2022,22,1.0,1.1,1.6,1.1,0.5000524046818625,1.2444419408106038,0.3090803534170889,1.4954129651775048,7.0,5.895833333333333,4,2
882002,135,2022,23,1.9,1.1,1.2,1.3,0.422654123913996,0.43445783962170886,0.7775623784344894,1.140560156899963,5.0,6.34375,3,1
878157,140,2022,22,1.0,1.1,2.0,0.9,0.38074118329185197,0.507363452539489,0.8057630399674707,0.4733928303614642,6.104166666666667,3.0,0,2
882000,135,2022,23,1.7,1.3,0.9,1.2,1.377248593560455,0.6328873427093961,1.3142494895116885,0.8845589642981231,7.65625,7.770833333333333,1,2
878154,140,2022,22,0.8,1.8,1.4,1.8,1.2267450281332106,1.0660606650082323,1.2588440200520752,1.0882911887496698,3.7083333333333335,5.708333333333333,0,1
868181,39,2022,24,1.5,1.1,1.3,1.8,1.1215737009267575,0.9070846667211685,2.0601001700843584,0.8131510081490119,7.0,7.958333333333333,3,0
882005,135,2022,23,1.3,1.6,1.6,0.8,0.4396718052926617,1.2450563466423754,0.6668299523395497,1.5353389778296833,5.854166666666667,7.760416666666667,0,2
882001,135,2022,23,1.4,1.1,1.0,1.3,0.4439137502773614,1.0939957219312677,1.2219403556138295,1.5770630049824739,6.875,8.0,1,1
878158,140,2022,22,1.2,1.4,1.2,1.4,0.9112448856886495,0.5960145546679884,1.1755374517477035,0.5263127500628859,7.09375,7.90625,1,1
868184,39,2022,24,1.8,1.7,1.1,1.4,0.7596588017937134,1.1683463110559582,1.0897187041840455,0.8511021250259538,8.0625,8.166666666666666,2,0
882008,135,2022,23,0.8,1.7,1.5,0.9,1.094746688404438,1.1246041356164551,1.0322157904972822,0.7939072928522082,8.125,7.0,0,2
878159,140,2022,22,1.8,0.9,1.2,1.1,0.5886938502921677,0.535770314970696,1.420311492095954,1.155897849929586,7.09375,7.895833333333333,1,0
882004,135,2022,23,1.3,1.0,0.9,1.5,1.1975666593623315,0.8019974071110345,1.2377703977269703,0.3492194857093658,8.114583333333334,6.09375,1,0
878152,140,2022,22,1.8,0.5,0.8,1.4,0.9328887734952618,0.4073804390917669,1.7405842959246463,0.8848736437109054,7.0,9.0,2,0
882009,135,2022,23,1.1,1.1,0.9,1.8,0.681510598659645,0.7875471459149659,0.4458783457979629,1.1195594016462262,10.0,8.0,2,2
878156,140,2022,22,0.9,1.2,1.1,1.2,0.8791771696226278,0.8152047152060622,0.5583095659973363,1.2577396573619426,8.291666666666666,9.0,1,0
868189,39,2022,25,1.4,1.4,0.8,1.5,0.6586321440098909,0.17149973229153417,1.290968105144279,0.783367373697853,6.208333333333333,6.208333333333333,1,1
878168,140,2022,23,0.8,1.8,1.2,1.1,0.7973842682865869,0.8672449878109065,1.5005011274991866,1.684235425306758,5.291666666666667,6.197916666666667,2,3
878165,140,2022,23,1.4,1.8,1.0,1.1,0.9925541685894044,0.7073892726872854,1.9223067903159379,1.3080349887996197,6.0,6.8125,2,1
868191,39,2022,25,1.3,1.8,2.3,1.1,1.339065110554833,1.0807703775190798,1.1498248838311644,1.4618427716089848,6.041666666666667,7.104166666666667,0,1
868188,39,2022,25,0.9,1.5,1.3,1.2,0.651055697277885,0.6904180453339333,1.401460827044235,1.764121416932427,7.0,7.104166666666667,0,2
868195,39,2022,25,1.1,1.4,1.0,1.8,0.7083171577196296,0.9476608257113144,0.9193379222918017,0.5110150131813588,5.9375,7.0,4,0
868190,39,2022,25,1.3,2.1,0.9,1.9,0.42018626196065284,0.7775719503821898,0.916090811857031,0.8643447717649162,7.0,7.0,1,0
878164,140,2022,23,0.8,1.4,1.2,1.4,1.13137979235102,0.9237789795231997,0.8537675090309556,0.6488677938675258,5.802083333333333,6.0,1,0
882012,135,2022,24,1.0,1.3,2.0,0.7,1.2031248675126254,1.2722063378539927,1.0685410119076064,0.2483031350146369,6.125,7.885416666666667,0,2
868186,39,2022,25,1.0,1.9,2.5,0.9,0.8255960023865274,0.44008885193470154,0.8394035722038663,1.143779232737125,7.104166666666667,7.104166666666667,1,4
878167,140,2022,23,2.0,0.9,1.8,0.9,0.9230641577970378,0.30770533973495173,0.6044944370333434,0.34825070473095243,6.895833333333333,6.0,1,1
882015,135,2022,24,0.9,1.2,1.2,1.6,1.6230655869860162,0.7954290130682898,1.0625763417327452,0.8688149084960406,6.34375,8.0,0,1
868187,39,2022,25,1.1,1.3,2.0,1.2,0.8712051986163518,0.8043380545575823,0.868081161560811,0.9432100970980997,7.197916666666667,7.09375,0,0
878171,140,2022,23,1.1,1.2,1.3,0.9,0.36290121789826857,1.2242437402482256,0.8889202943495466,1.21558025225399,5.0,7.291666666666667,1,0
882010,135,2022,24,1.4,1.3,1.9,1.1,0.8412527281276082,1.0345509097253416,0.8209802412728424,0.6231172927238077,7.895833333333333,7.65625,1,0
878162,140,2022,23,1.2,1.1,1.5,1.4,0.9232024698623702,0.9731770367976653,1.2641060604795153,1.1973789584063708,6.8125,8.708333333333334,2,3
868194,39,2022,25,1.8,1.7,1.0,1.2,0.8882226656103581,0.7594251021863728,0.3812626894187873,0.8241007558766302,6.875,7.9375,2,0
882018,135,2022,24,1.3,1.6,1.3,1.4,0.2857866734402301,1.1606538128175439,0.7398603504463055,0.8233361857039657,7.0,7.875,3,0
878163,140,2022,23,1.1,1.4,0.9,1.7,1.2478181091139917,0.8151429600761969,0.8107265028794755,0.6027077701627124,8.09375,8.0,3,0
882019,135,2022,24,1.2,1.3,0.8,1.7,0.846135242952115,1.287619162713721,0.7115853474628847,1.0837377861899116,7.885416666666667,7.0,2,2
878166,140,2022,23,1.3,1.7,1.8,0.5,1.2212756914787746,1.851264688418722,0.9549888138830313,0.2647972854096485,8.895833333333334,6.895833333333333,1,0
882016,135,2022,24,1.7,1.1,1.7,1.3,0.5741420451728001,0.9375371221239774,1.1156772720888055,1.180180191564526,8.114583333333334,7.34375,2,0
878170,140,2022,23,1.2,1.4,1.0,1.1,1.0255576769693406,0.6035616208742092,0.2474817691397038,0.7291044259688497,7.197916666666667,8.0,2,3
882017,135,2022,24,0.9,1.5,1.4,1.1,0.8045507585225307,0.45763369135211335,0.5356593222956696,1.1199608556189602,7.90625,8.145833333333334,0,3
882014,135,2022,24,1.6,0.8,0.6,1.9,0.7848066565207072,0.9979703355892942,1.080089939599464,0.6953738645803857,8.239583333333334,9.239583333333334,1,0
878169,140,2022,23,1.6,1.1,0.9,1.2,0.700049956993835,2.569291154638105,0.978178123217671,0.5298830648839404,9.104166666666666,7.0,2,1
882011,135,2022,24,0.9,1.8,1.3,1.0,1.1984067833545344,1.1820065403629763,1.0090593542265411,0.5212983146221725,7.90625,8.90625,2,1
882013,135,2022,24,1.5,0.9,1.1,1.1,1.023685361862449,0.5160397403539353,0.8972748184216985,1.4204915034305863,9.114583333333334,8.0,4,2
868007,39,2022,7,2.3,1.1,0.9,1.5,0.8674344836690009,0.9501978015458401,0.4231862032306253,0.9585153192106461,4.197916666666667,4.197916666666667,4,0
868012,39,2022,7,2.0,1.2,0.8,1.5,0.5642527550145272,0.6130865631137647,1.2828792683437813,0.7458554595702712,4.010416666666667,5.0,2,0
882024,135,2022,25,2.0,0.7,1.6,0.8,1.0405131962014826,0.161397037759514,0.6580684056858281,0.6486807181330412,6.114583333333333,4.0,0,1
878180,140,2022,24,1.3,0.9,0.8,1.4,0.5777981913272053,1.2338140326519622,1.127584365028163,0.6004563366900798,6.0,6.197916666666667,0,0
868202,39,2022,26,2.5,0.9,1.8,0.9,0.9641386377219867,1.2956787235013536,0.27573040935280907,1.141274325870409,6.791666666666667,13.791666666666666,2,0
878175,140,2022,24,0.9,1.2,1.5,1.4,1.0795026487783548,0.8019760755078947,1.6203053029480485,1.3012129896308076,4.708333333333333,6.0,3,2
882023,135,2022,25,1.3,1.4,1.0,1.3,0.4809092277900986,1.2765146745537315,0.7820311638832065,1.1728956580666337,6.0,6.875,2,1
868200,39,2022,26,1.0,1.2,1.3,2.1,0.24782074812221178,0.9958506765049948,0.47433564517320975,0.5054217677484234,6.0625,7.0,1,0
868197,39,2022,26,1.3,1.2,1.1,1.3,1.4206931273223424,1.1466789210060777,0.5662833791006286,0.5228197354624285,7.0,6.802083333333333,1,0
868199,39,2022,26,1.9,1.4,1.1,1.4,0.5568232858039913,0.7733147186316918,1.464446556558163,0.6159795367123544,14.0,7.0,4,0
868196,39,2022,26,2.3,1.1,1.0,1.9,1.1400642984428215,0.6176285710047961,1.0888596237734651,0.7045840695470296,2.8020833333333335,6.895833333333333,3,2
868205,39,2022,26,0.8,1.5,1.8,1.7,0.8338715244234579,0.8161393820540095,1.037529917831918,0.49362631642114235,2.7916666666666665,6.0625,1,0
878176,140,2022,24,1.3,1.7,1.6,1.1,1.4695984302304343,1.2033220474721693,0.9125845553793261,2.113726119201637,5.90625,4.802083333333333,0,2
882020,135,2022,25,1.7,1.3,1.2,1.3,0.7251902268577236,1.1741306991775753,0.9909192804678943,1.7018563019177646,5.885416666666667,6.0,0,0
878179,140,2022,24,1.0,1.1,0.8,1.8,1.4935271914831374,1.4206772881742982,1.516595228931736,1.1737786865215338,7.1875,7.895833333333333,0,1
868204,39,2022,26,0.9,1.9,1.3,1.8,0.5954590277070702,0.7630386765459809,0.8703923218606415,0.8225490545661459,7.104166666666667,7.104166666666667,1,0
882021,135,2022,25,1.4,1.1,1.7,1.1,0.9906785594921853,0.7279745561523242,0.7802059040229534,0.6093991293805854,5.09375,6.0,2,1
878172,140,2022,24,1.8,0.9,1.2,1.4,0.6640633593803151,0.47039073585289687,1.3321427930603744,1.333565053568236,7.104166666666667,6.0,6,1
882028,135,2022,25,0.8,1.7,0.9,1.5,1.3274343220047211,1.1453609335724622,0.522957993039645,0.9399618993788738,6.770833333333333,5.75,0,0
878181,140,2022,24,0.9,1.7,1.4,1.8,0.526972226871659,1.0964391949907897,1.2156147550376581,0.7038308050245132,6.90625,8.0,2,1
882026,135,2022,25,0.6,1.9,1.3,1.6,0.7020584607396517,0.5999370909246191,0.9271074915823033,0.7544249783314035,5.760416666666667,7.0,0,0
868203,39,2022,26,1.0,1.8,0.9,1.5,0.5975696494896711,1.3362001626082871,0.27507103209990647,1.199266841544891,7.958333333333333,3.7604166666666665,2,2
878173,140,2022,24,1.8,0.5,1.1,1.2,0.6207427290239703,0.8478874662855023,0.6795726603207433,0.7957584311613467,6.90625,7.802083333333333,1,0
868201,39,2022,26,2.0,1.2,1.5,1.1,0.698097624092776,0.3985062660239471,1.2812451278246146,0.5896050333687596,3.8541666666666665,14.104166666666666,7,0
882022,135,2022,25,1.9,1.1,0.9,1.2,0.5336371568273476,0.6970716948159295,1.0549926315409106,0.8293552473832773,7.229166666666667,7.885416666666667,2,0
878177,140,2022,24,1.2,1.4,1.2,1.1,0.5549488808701212,0.8139515660138918,1.1229982720772074,1.431201437554846,8.09375,7.1875,0,0
882025,135,2022,25,1.3,1.0,1.5,0.9,0.8480894349481063,1.3382883489488564,1.755698515513622,1.2440116898159164,5.09375,5.0,1,0
878174,140,2022,24,1.2,1.1,2.0,0.9,1.5853951773189157,2.093048480994847,0.8440194803458523,0.4711504461363606,9.0,8.104166666666666,0,0
882027,135,2022,25,1.2,1.6,0.9,1.8,1.0030010110151732,0.5647296905224264,1.7784088536248917,0.9605051059367893,8.90625,6.0,3,2
882029,135,2022,25,1.1,1.1,1.4,1.3,1.4918144905599624,2.013622507532911,0.8388597278283999,0.672458091321472,6.0,8.34375,1,0
878178,140,2022,24,1.0,1.1,1.1,1.4,1.1021131499408074,1.1394481799100553,1.5157609153091212,0.529842924049528,8.0,8.197916666666666,0,0
868198,39,2022,26,1.5,1.2,1.4,1.4,0.9225650595033567,0.5850298310954406,0.6647775602730958,0.5552248259894973,16.208333333333332,10.0,3,2
882039,135,2022,26,0.8,1.7,1.9,1.1,0.8628323093030688,0.7444846068221004,0.7413816957974251,0.45309660163035415,5.34375,5.114583333333333,2,1
878186,140,2022,25,0.8,1.4,0.9,1.2,0.732929837268306,0.3902966188485519,1.747510055039264,1.0093400046356873,7.0,6.291666666666667,2,2
868206,39,2022,27,1.0,1.9,2.0,1.2,1.6113951190891158,0.7991695765556837,2.0351270920239406,0.25902907291556565,6.895833333333333,5.833333333333333,1,0
878189,140,2022,25,2.0,0.9,1.4,1.8,0.548612662224804,0.3062477899886344,0.9747084143038895,0.9997739738832176,5.708333333333333,6.0,3,1
882032,135,2022,26,1.0,1.3,1.2,1.3,0.8295702565240841,1.2946306984533709,0.6440975323041314,1.106206596246547,7.0,6.875,0,1
868214,39,2022,27,1.8,1.7,1.0,1.8,0.6743944465907467,0.6862982821443306,1.0510869388349526,1.482110352608967,7.0,6.041666666666667,3,1
868211,39,2022,27,1.3,1.8,1.0,1.2,0.565755009209417,0.841447008924785,0.39775015294610433,0.6473029397282466,6.895833333333333,7.0,1,3
868210,39,2022,27,1.3,2.1,1.9,1.4,0.3083181693625863,0.5651908157031419,1.109303556825226,0.5026545671105996,7.0,7.0,2,2
868208,39,2022,27,0.9,1.5,1.5,1.2,0.7923764177785195,1.4421901136708457,1.3096672886771819,0.9719360568787031,6.041666666666667,4.791666666666667,1,0
878184,140,2022,25,0.8,1.8,0.9,1.7,1.4849346260783556,0.762956146238997,0.8848158980838623,0.897244300273425,6.90625,6.09375,1,1
882038,135,2022,26,2.0,0.7,1.7,1.3,0.6763335775309638,0.506470574543684,0.47137364745752036,0.763184954465424,7.885416666666667,7.0,2,0
878183,140,2022,25,1.1,1.4,1.2,1.4,0.9852445949509288,0.3443979006321932,0.36071677256557877,0.5290685179090298,4.895833333333333,6.0,3,0
868207,39,2022,27,1.1,1.3,2.5,0.9,0.3680841964154086,0.6339156682872649,1.0684678922970692,0.8421911702758799,7.104166666666667,7.208333333333333,0,1
882030,135,2022,26,1.4,1.3,1.6,0.8,0.54525882308846,0.7516082488694462,0.8293069636957883,0.42164246678647677,5.0,8.0,0,0
878190,140,2022,25,1.1,1.2,1.0,1.1,0.44172222920848314,0.7205994617363568,0.7163735474615248,0.740641316941536,6.197916666666667,5.0,1,0
882035,135,2022,26,0.9,1.2,1.1,1.1,0.6857452105015919,0.9335984546587793,1.284189908374465,1.3088546298963923,6.770833333333333,5.65625,0,2
878185,140,2022,25,1.0,1.1,1.3,0.9,0.9707926744640394,1.422587964586021,0.37556882436268346,0.8019791212237755,7.8125,8.708333333333334,1,1
882031,135,2022,26,0.9,1.8,1.4,1.1,1.7806185326339574,1.2489810966366908,1.2280319727608293,0.713691482889385,5.854166666666667,7.760416666666667,0,2
882033,135,2022,26,0.9,1.5,1.3,1.4,0.33992269547576925,0.610975234596268,0.8448395187736231,1.1509845384599255,7.104166666666667,8.0,1,1
868212,39,2022,27,1.5,1.1,0.9,1.9,0.8328093330859996,1.9646069080533297,0.6938384914663858,0.4959751397548876,6.895833333333333,7.854166666666667,0,0
868209,39,2022,27,1.4,1.4,2.3,1.1,1.023772080844179,1.0708961368931733,1.0822317253379485,1.305094934789481,5.75,7.958333333333333,0,3
868215,39,2022,27,1.1,1.4,1.3,1.2,0.951890261762806,1.147755119915662,1.217533372996209,0.7453412986539505,7.958333333333333,7.958333333333333,1,1
878191,140,2022,25,1.2,1.4,1.3,1.7,1.2726057784522062,1.9126506181526868,0.9552389796497823,1.1051372720333807,7.802083333333333,8.0,2,1
868213,39,2022,27,1.8,0.9,0.8,1.5,0.17922476607932591,1.1836060895935436,0.9074576673458358,0.5304905983351061,8.166666666666666,8.0625,2,1
882037,135,2022,26,1.3,1.0,1.2,1.6,0.9356598421179784,0.8698874268167567,1.2766034349376403,0.9917270766173547,6.885416666666667,5.979166666666667,3,4
878188,140,2022,25,1.6,1.1,1.2,1.1,0.9161579021730326,1.3739219774810643,1.0305068652572953,1.3604815126466507,8.09375,6.895833333333333,1,1
882034,135,2022,26,1.5,0.9,0.6,1.9,1.1412040350838544,1.193009307782055,0.45633799948077364,0.38995910910100245,7.0,7.239583333333333,4,2
878182,140,2022,25,1.2,1.1,1.8,0.5,0.7299488768501848,0.93028093441065,0.6068392553470622,0.5511268530855765,7.104166666666667,7.197916666666667,0,1
882036,135,2022,26,1.7,1.1,1.3,1.6,0.747641859005294,0.9802003431882895,0.6026198695284972,0.4903762359154123,9.0,8.239583333333334,1,1
878187,140,2022,25,1.5,1.4,1.8,0.9,1.5412540024717871,1.8916217765933583,1.4774745169305383,0.7124669412673459,9.291666666666666,9.0,0,1
868014,39,2022,7,0.9,1.9,1.5,1.2,0.45099501945315074,0.32238384084067695,0.8512837376401682,1.091943622156342,3.2291666666666665,4.1875,0,2
868018,39,2022,8,1.9,1.4,1.1,1.3,0.9701701189539408,0.872879314775736,0.23925472767001563,0.564968261309799,4.1875,4.083333333333333,1,0
882044,135,2022,27,1.2,1.6,0.8,1.7,2.3289588993761328,1.293300484416665,1.5830000919560856,0.6231564805024767,5.020833333333333,6.90625,1,0
882040,135,2022,27,1.7,1.3,1.0,1.3,0.30639287084738825,0.842031758864064,0.5392206667406547,1.129811236045973,6.114583333333333,6.239583333333333,2,1
878198,140,2022,26,0.9,1.7,1.2,1.1,0.8462723090631525,0.9061867363541969,0.47446676995262016,0.8265260417103568,6.197916666666667,5.0,1,3
868223,39,2022,28,1.0,1.8,1.8,0.9,0.9755594514191899,1.4235569143810138,0.48464424609970996,1.459621736013581,6.208333333333333,5.145833333333333,1,2
878197,140,2022,26,1.3,1.7,0.8,1.4,0.8622514906185124,1.1489764817236583,1.3915085608910658,0.950915024473781,5.90625,7.708333333333333,1,1
882046,135,2022,27,1.3,1.4,0.9,1.8,0.7797867128438807,1.105084394443396,1.1574020462120724,1.1687821572582933,6.0,6.0,1,1
868224,39,2022,28,0.9,1.9,1.8,1.7,0.293146762644548,0.5583214263710015,0.8985415754691706,0.7384468245702855,2.8125,7.0,3,3
868218,39,2022,28,1.5,1.2,1.3,1.8,0.9021063592906707,0.7097633544016224,0.6863304995758646,1.3752738891344434,2.8125,7.0,1,1
868225,39,2022,28,0.8,1.5,1.3,2.1,1.280125261552571,0.7129670370659671,0.7465606562395273,0.616496837224586,5.9375,7.0,2,4
868217,39,2022,28,1.3,1.2,1.0,1.9,1.064473615524459,0.8609869956402193,1.461573494074592,0.5194602247611944,6.041666666666667,7.104166666666667,3,0
878201,140,2022,26,1.2,1.4,1.5,1.4,0.2344659021676262,1.1995763548226874,1.0018151016066617,1.4038597103412385,6.90625,4.802083333333333,2,2
882045,135,2022,27,1.3,1.6,1.4,1.3,0.7062134047040126,0.4840938180509003,0.35441823500749897,0.4885453617651401,4.885416666666667,6.885416666666667,2,2
868220,39,2022,28,1.0,1.2,0.9,1.5,1.086870932748301,0.7393366544131038,0.9752298567412228,0.9374235738860497,7.104166666666667,7.104166666666667,2,2
878199,140,2022,26,1.4,1.8,1.1,1.4,0.9821715804086393,1.0158947496907582,1.496090804899922,0.2238586354109256,7.1875,7.0,1,3
882048,135,2022,27,1.2,1.3,1.7,1.1,0.7069646780489673,0.7190342875602556,0.6513164730593234,0.9516407125828776,7.239583333333333,5.0,3,1
878192,140,2022,26,1.8,0.9,1.1,1.2,1.1346639915604055,0.46310351182377485,0.6501359779111339,0.46838965012863193,5.0,7.0,3,0
882047,135,2022,27,0.6,1.9,0.9,1.5,1.9623604404032435,0.8847014910910903,0.5778941965036944,0.6277749281285998,6.65625,6.895833333333333,3,1
878194,140,2022,26,1.2,1.1,1.0,1.1,1.0025946139323936,1.1338868468566867,1.1190707939571811,1.2318500091487459,6.8125,7.0,1,0
882041,135,2022,27,1.4,1.1,0.9,1.2,1.1551652267389834,0.46389946387810027,0.4457343868260347,1.2882783894676004,7.0,7.104166666666667,1,0
882049,135,2022,27,1.1,1.1,2.0,0.7,1.5161628343827962,0.8507555094326551,0.7855783638566649,0.32920587345339464,7.104166666666667,7.875,0,4
868216,39,2022,28,2.3,1.1,1.1,1.3,1.166494099730536,0.8483117076131627,0.15551557298551016,0.5684439447501548,7.0,3.7708333333333335,4,1
878200,140,2022,26,1.3,0.9,0.8,1.8,0.5512875680035764,1.0093419843510096,1.2881854481274018,0.76706347036399,7.09375,8.0,2,0
878196,140,2022,26,1.0,1.1,1.6,1.1,0.4656428058499911,0.8444333849376182,0.8450765000488348,1.2258144368778434,7.802083333333333,6.90625,0,3
882043,135,2022,27,1.6,0.8,1.3,1.0,0.5390495264022624,0.2740676034112099,1.2568567819920704,2.0645934940975583,7.885416666666667,7.0,1,0
878195,140,2022,26,0.9,1.2,1.2,1.4,1.8331037579977438,1.5711751696798637,1.2578310108958948,1.4845690556454003,8.895833333333334,7.09375,2,0
882042,135,2022,27,1.9,1.1,1.5,0.9,0.6211395883364377,1.316671881968821,1.373010692979944,2.441196790799076,9.0,7.0,0,1
878193,140,2022,26,1.8,0.5,2.0,0.9,0.6162889503190248,0.35823245450562474,0.7226398971127892,0.5476721746037234,7.0,8.291666666666666,2,1
878204,140,2022,27,1.0,1.1,1.0,1.1,0.7273960160721678,1.1334676574618363,0.30266782380249424,1.2976032911185427,12.25,12.15625,0,0
868232,39,2022,29,2.5,0.9,2.0,1.2,0.8474272069161719,0.5474242606793219,1.3228326098155614,0.5825355640617843,20.75,20.958333333333332,4,1
878208,140,2022,27,1.5,1.4,1.4,1.8,1.0695131493776635,1.4354254783884717,0.8625186701227584,1.3258618903292958,13.864583333333334,13.770833333333334,2,1
882054,135,2022,28,0.9,1.8,1.7,1.3,1.1092557744822915,0.9519092569187453,0.6061689407114358,0.89328218172318,13.958333333333334,14.71875,1,3
868226,39,2022,29,1.0,1.9,1.4,1.4,0.9500227711484848,0.9412928707911327,0.6654518525487164,1.1591259672414322,13.958333333333334,20.0,2,1
868227,39,2022,29,2.3,1.1,1.3,2.1,1.423104107968661,0.9621464116014482,1.5047516060428718,0.9923896108626475,13.0,13.958333333333334,4,1
868228,39,2022,29,1.9,1.4,1.5,1.2,0.8318251522188469,0.5673715546042284,0.7704432076130101,0.7799359239507981,16.770833333333332,13.958333333333334,3,3
868230,39,2022,29,1.1,1.3,1.3,1.8,0.511828924093474,1.0343715072314132,0.7647045683140554,1.0780021020114623,13.0,13.958333333333334,2,1
868234,39,2022,29,1.0,1.8,0.8,1.5,1.1863358656446956,1.2321021178044491,1.4237480866758376,1.4829157535800577,14.75,13.958333333333334,1,1
878202,140,2022,27,1.2,1.1,0.9,1.2,0.9543592828221443,0.9809287957986006,1.8887396649207557,1.0212638602919115,14.760416666666666,12.864583333333334,0,0
882055,135,2022,28,1.9,1.1,1.4,1.1,0.4037407324186845,1.1284124808554912,1.0185657307136724,0.3015346515207652,12.84375,13.083333333333334,0,1
868229,39,2022,29,1.0,1.2,1.3,1.2,1.3691327729530622,1.4009391957388877,1.2955515747872548,0.5596415471661426,13.958333333333334,14.0625,0,2
878205,140,2022,27,0.8,1.4,1.2,1.4,1.2274585057556635,0.8594409197541115,0.8175901570823316,1.6621921083917324,14.145833333333334,12.958333333333334,0,2
882056,135,2022,28,1.5,0.9,0.9,1.5,1.1650327080127212,1.5867779140193996,0.6386429236338341,1.9072203699502563,12.958333333333334,13.302083333333334,1,0
878207,140,2022,27,0.8,1.8,1.8,0.5,0.8373205412828112,0.8740186061639439,0.9428717683246501,0.6721010954286561,13.15625,12.958333333333334,0,4
882050,135,2022,28,1.4,1.3,1.2,1.3,0.6319343527548743,0.8498030058574001,1.4816861316409196,0.6708790742444828,14.729166666666666,14.614583333333334,3,0
878211,140,2022,27,1.1,1.4,1.3,1.7,1.6379893262152523,0.3696152558742445,0.8018096227481869,1.0698126542968485,14.770833333333334,14.958333333333334,2,2
868235,39,2022,29,1.1,1.4,0.9,1.9,0.9952438216609754,1.0191177510221032,1.1650551996405247,0.7988738394218527,20.958333333333332,14.916666666666666,1,0
882059,135,2022,28,0.8,1.7,1.3,1.6,1.0289500597714556,0.6255173986011197,0.9912872337676673,0.7162234817330853,15.8125,14.833333333333334,1,1
882057,135,2022,28,1.3,1.4,1.6,0.8,0.6990622180493771,1.0752493008326518,0.6314759421614705,0.17814394221728644,14.958333333333334,13.833333333333334,0,2
878206,140,2022,27,2.0,0.9,0.9,1.7,0.9089659331233131,0.8982708641097041,0.9937638695779178,1.234977260983169,13.760416666666666,15.760416666666666,6,0
868233,39,2022,29,1.8,0.9,1.5,1.1,0.6218088834216016,1.5009763506310498,0.5413260665058998,1.2769944902346644,15.8125,21.0625,2,0
882052,135,2022,28,1.3,1.0,0.6,1.9,0.8169569082948458,1.6230795211634128,2.774700952928775,0.8380676651156415,13.958333333333334,14.1875,3,0
878209,140,2022,27,1.6,1.1,1.3,0.9,1.2980213159408334,0.7967793839705982,0.733764269629675,0.6560722898281562,14.052083333333334,14.052083333333334,2,0
882058,135,2022,28,2.0,0.7,1.7,1.1,1.3283532092341046,0.2139838177447065,0.6268624948188769,1.640725554087961,14.197916666666666,14.958333333333334,0,4
878203,140,2022,27,1.8,0.9,1.2,1.1,1.347601038958708,0.30101728268545364,0.9844516505712073,0.7370264504568464,14.958333333333334,14.25,1,0
882051,135,2022,28,1.0,1.3,0.9,1.2,0.696454971842964,1.141390878090516,0.2897273514369226,1.1050892864872737,16.864583333333332,15.104166666666666,1,0
882053,135,2022,28,1.2,1.6,1.1,1.1,1.7342889708689961,0.8406453148708322,0.9855058423488176,1.3707183538584984,17.052083333333332,15.197916666666666,1,1
878210,140,2022,27,1.1,1.2,1.2,1.4,0.42258838564223705,0.9145227170280552,0.6753195030756237,1.1980579639680802,15.958333333333334,16.15625,1,1
868231,39,2022,29,0.9,1.5,1.8,1.7,1.554269777252165,1.2719919896925989,1.0200169363356628,1.4545002398922542,16.0625,16.166666666666668,1,1
868011,39,2022,7,1.3,1.8,1.3,1.2,0.7911408096408223,1.2027215683276524,1.4792880107912025,0.3637670056579927,3.1979166666666665,3.09375,1,2
868006,39,2022,7,1.0,1.9,1.9,1.4,1.3275148012465152,0.7986824712773942,1.1946337173633033,1.0787915104927486,3.1979166666666665,3.1979166666666665,0,2
868010,39,2022,7,1.3,2.1,1.0,1.8,1.3256409914803142,1.0566474499592715,1.1024516460023854,1.1460052654617807,3.1979166666666665,3.1979166666666665,2,1
868019,39,2022,8,1.0,1.2,2.0,1.2,0.8899363024194905,1.547789964409764,1.1359523074912259,1.0413147833068264,3.1041666666666665,3.3125,0,0
868192,39,2022,25,1.5,1.1,1.5,1.2,0.35186194322883485,1.3320666206727338,1.2107880849484567,1.1609057189890715,3.1458333333333335,4.208333333333333,1,0
868015,39,2022,7,1.1,1.4,1.8,0.9,0.8847075271418349,0.6624265381643671,0.906195976244243,0.9756346279101824,3.25,3.1458333333333335,1,5
882066,135,2022,29,1.3,1.6,1.9,1.1,0.8478434892793004,0.8169124506265053,0.26243147607214495,1.0255135671015236,5.083333333333333,5.958333333333333,1,1
882063,135,2022,29,0.9,1.2,2.0,0.7,0.1883227784339997,1.0930997028833946,0.863429586002168,1.650854187416412,4.020833333333333,4.927083333333333,1,2
882065,135,2022,29,1.7,1.1,1.0,1.3,1.9192253275146227,1.0664716101571747,0.8274873983645932,0.7419040707588355,5.010416666666667,4.104166666666667,0,0
878218,140,2022,28,1.2,1.4,1.1,1.4,1.0543502687701822,1.080424870454626,1.5344791582965984,0.7229422240105667,6.104166666666667,5.291666666666667,2,2
882068,135,2022,29,1.2,1.3,1.3,1.4,0.9630959855665977,1.1774175521050676,0.4543904417320951,1.1004745455412237,6.0,5.895833333333333,2,2
868242,39,2022,30,1.5,1.1,0.9,1.5,0.5048213742098537,0.865843303437277,1.3351119565210967,1.0108688673742634,2.6875,4.6875,2,0
878219,140,2022,28,1.0,1.1,0.8,1.8,0.19673408547162127,0.8434421392270528,0.5442583518338273,1.1103960446238474,7.708333333333333,6.708333333333333,2,1
882061,135,2022,29,1.4,1.1,0.8,1.7,0.9541131795093416,0.1959975234884974,1.020184726351446,0.6100930964210445,6.854166666666667,5.979166666666667,1,1
868238,39,2022,30,1.4,1.4,1.1,1.4,0.6193858094198236,1.463431878706931,1.0770800946623946,1.4166883609179495,7.0,2.7916666666666665,0,1
868245,39,2022,30,0.8,1.5,1.0,1.2,1.2705751452281833,1.2952285731603708,0.5784585965726688,1.0060634768663466,7.0,3.7916666666666665,1,0
868240,39,2022,30,1.3,1.8,1.0,1.9,0.8328312698562781,1.2065553441992987,0.8628846208102349,0.7944898667181179,3.8020833333333335,3.8020833333333335,0,1
868237,39,2022,30,1.5,1.2,1.8,0.9,0.7870122552164969,1.0306998284540076,1.5751384956698689,1.1361827101618205,2.7916666666666665,2.7916666666666665,1,2
868244,39,2022,30,1.8,1.7,1.9,1.4,0.8470850826922549,1.2702617572371548,1.0518581766739588,0.7012144818202866,4.791666666666667,3.8020833333333335,2,1
868236,39,2022,30,1.3,1.2,1.0,1.8,1.3863235318006064,0.5550382972674388,0.9532602365682172,1.1696897473364822,3.8020833333333335,3.8020833333333335,2,0
878216,140,2022,28,1.4,1.8,1.2,1.1,0.7847442784369358,1.1871805990844126,0.6203335338343938,0.6376037172690904,7.09375,7.0,1,2
882064,135,2022,29,0.6,1.9,0.9,1.8,1.803555619403704,1.090999043053912,1.1054179628151988,1.059672389546204,5.9375,7.0625,2,3
882060,135,2022,29,1.7,1.3,1.4,1.3,0.8349411840114529,0.9650351275217762,1.152103483136822,0.5523719538073101,7.0625,6.166666666666667,0,2
868243,39,2022,30,0.9,1.9,2.5,0.9,0.7572858797663411,0.7570670386864052,1.2134943511621783,0.6319368805526704,6.145833333333333,7.208333333333333,1,4
878221,140,2022,28,1.3,0.9,0.9,1.2,0.47694677525928875,1.0365164328327459,1.2276807821984912,0.6638215091897425,6.0,7.09375,2,0
882069,135,2022,29,1.1,1.1,1.3,1.0,0.8961185702540041,1.231686626977721,1.0772770511203946,1.0550016887562184,4.90625,6.020833333333333,0,1
882062,135,2022,29,0.9,1.5,1.2,1.6,0.4151179003619922,1.4395821293565554,1.4680075280345444,0.8019592273933136,6.90625,4.90625,2,1
882067,135,2022,29,1.6,0.8,1.5,0.9,0.8120218624049558,0.11579356244123619,0.9571601490971577,1.0314056441126098,6.239583333333333,7.0,2,1
878214,140,2022,28,2.0,0.9,1.6,1.1,1.365974915353683,0.5838760616713077,1.453783299805986,0.5179065995808889,6.197916666666667,6.104166666666667,2,3
878220,140,2022,28,0.9,1.7,1.0,1.1,0.6459465152256466,1.5778822784625892,0.47280741044690905,0.7367539773501937,6.90625,8.708333333333334,3,3
868239,39,2022,30,1.3,2.1,1.1,1.3,1.2864529692485291,0.9234875091401932,0.83470900268096,0.966424319937105,4.760416666666667,7.958333333333333,1,5
878213,140,2022,28,1.2,1.1,0.8,1.4,0.6398935728712848,0.7009106271403845,0.7978480287411813,1.081553264506839,6.802083333333333,7.90625,0,2
868241,39,2022,30,2.0,1.2,2.3,1.1,0.7383689998692968,0.6768546091494372,1.3366118730781804,0.9729476150933889,4.854166666666667,8.0625,2,2
878215,140,2022,28,1.3,1.7,1.1,1.2,1.0038685624786292,1.1651643215496361,0.5599097233947268,0.8994744882904582,7.1875,5.895833333333333,2,1
878217,140,2022,28,1.2,1.4,1.8,0.9,0.7439923992213777,1.0639649493065249,1.0977841096665948,0.19566123374554487,6.0,7.0,1,2
878212,140,2022,28,1.8,0.5,1.5,1.4,1.1551506000283065,0.4368657120286265,1.0205539174658518,1.1571337038096494,9.0,9.291666666666666,0,0
882071,135,2022,30,0.9,1.8,1.0,1.3,1.5075567635491773,1.5216574235754028,0.5378668089369856,0.4822376459932431,6.083333333333333,6.895833333333333,1,0
882078,135,2022,30,0.8,1.7,1.6,0.8,1.1741996175829854,0.585531100908973,1.1524669883409988,0.4500574822534701,6.260416666666667,6.0,0,3
878229,140,2022,29,1.2,1.4,1.0,1.1,0.8903080224568585,1.0401883281603523,0.6159327111121093,1.0473851177703115,5.0,6.291666666666667,2,1
868246,39,2022,31,1.3,1.2,1.8,0.9,1.325896620456719,0.3607748932238352,1.4840252073705997,1.1066669097533315,6.895833333333333,6.895833333333333,3,0
878226,140,2022,29,1.6,1.1,0.9,1.7,1.8600633115405576,0.7359574715457595,1.7509258409572763,1.8007705398242124,6.708333333333333,6.0,1,2
882070,135,2022,30,1.4,1.3,1.7,1.1,1.2430980332697037,0.35904176997475157,1.2474964628845049,0.6932065466021636,6.9375,7.75,1,1
868247,39,2022,31,1.0,1.2,1.9,1.4,0.37599808777223476,1.1716495932964586,0.8375777838783208,0.8502338576276307,7.0,7.0,1,2
868248,39,2022,31,0.9,1.5,1.4,1.4,0.8678227717387129,1.098842541571049,0.40260077612288536,1.2739579938867778,7.104166666666667,7.0,1,3
868252,39,2022,31,0.9,1.9,1.1,1.3,1.105816068761702,0.9106198909356371,1.6183184275001996,0.9222586481958045,6.895833333333333,6.041666666666667,0,2
868255,39,2022,31,0.8,1.5,1.5,1.2,1.3435821777316526,0.841898572554241,0.8797061140388711,1.13014007368029,7.0,7.0,2,0
878222,140,2022,29,1.2,1.1,1.3,0.9,0.809929759955319,0.6996696889521814,0.8731564295595633,0.6737356813412848,7.0,6.90625,2,0
868253,39,2022,31,1.8,1.7,1.0,1.9,0.9450497481944102,0.9795401112443983,0.8369861146377637,0.5164184133667766,7.010416666666667,7.010416666666667,2,3
882076,135,2022,30,2.0,0.7,0.9,1.5,0.9360208975680758,1.7869441107095567,0.8944794130130725,1.1855894951928723,7.958333333333333,6.979166666666667,0,0
878223,140,2022,29,1.2,1.1,1.4,1.8,0.4159308223663351,1.4538873621867043,0.7953110537112811,1.1783803523678311,6.09375,7.09375,3,1
868250,39,2022,31,2.5,0.9,1.3,1.8,1.2072976440448895,1.024339219272816,0.5413403254065807,1.0603720848406553,7.0,7.104166666666667,3,1
882072,135,2022,30,1.9,1.1,1.3,1.4,0.31852453839426265,0.9810943081264798,0.8276023078359208,1.250725121268462,8.15625,7.34375,0,1
878225,140,2022,29,0.8,1.4,2.0,0.9,1.5168966732272224,0.7030096219294454,1.287201876798076,1.2946236067530166,6.197916666666667,7.0,0,2
882073,135,2022,30,0.9,1.2,0.6,1.9,0.8362986948709886,1.0853064735408733,2.005181522982778,1.498184465704341,8.729166666666666,7.833333333333333,1,1
878228,140,2022,29,1.5,1.4,0.8,1.8,0.6633600463528037,0.7521369074762722,0.852915655964715,1.2098129845610566,5.708333333333333,8.0,2,0
882079,135,2022,30,1.1,1.1,1.3,1.6,0.5824770706651027,1.115106797046008,0.8656087575420347,0.6789371718545969,7.854166666666667,8.916666666666666,1,1
868254,39,2022,31,1.1,1.4,2.3,1.1,1.0228293342578292,0.9208474345966672,1.228942645037049,1.0842341316288846,7.958333333333333,6.895833333333333,2,2
878227,140,2022,29,0.9,1.2,1.8,0.5,0.7979925084290193,0.9946250066143583,0.7508478900183992,0.28396271281860724,7.90625,5.802083333333333,0,0
868251,39,2022,31,1.0,1.8,1.5,1.1,0.6196191537693412,1.1850846605550382,0.7699116710141827,0.56279814723423,8.0625,8.166666666666666,0,2
882077,135,2022,30,1.2,1.6,1.5,0.9,1.204066004333565,1.1459262755834314,0.9969457635798191,1.295066446450974,7.979166666666667,7.885416666666667,1,0
878231,140,2022,29,1.8,0.9,1.3,1.7,1.0621707823943978,0.5338927648975671,1.2156555912521347,0.9922498571356058,6.895833333333333,7.0,2,1
882074,135,2022,30,1.3,1.0,1.2,1.3,1.014740572738746,0.685751097691542,1.161429057284955,1.297569929578353,8.09375,8.34375,3,0
878230,140,2022,29,1.1,1.2,1.2,1.4,0.5988343683349147,1.1477994430298235,1.2082443413672852,1.2727307112500523,7.104166666666667,9.0,0,2
882075,135,2022,30,1.4,1.1,1.7,1.3,0.8091441549163662,0.6384779357220687,0.5427117696074444,1.1215036021199238,9.260416666666666,9.177083333333334,1,1
878224,140,2022,29,1.1,1.4,1.0,1.1,1.5678659983473344,0.9928291122735351,1.0824718756140204,1.809950691338232,10.0,8.291666666666666,0,1
868249,39,2022,31,1.3,2.1,2.0,1.2,1.1302772702482302,1.676024456698701,0.9317580317332247,0.8001004234833661,8.25,8.145833333333334,1,6
882086,135,2022,31,0.9,1.5,1.4,1.3,0.5814116184584972,0.770633171875367,1.1000591761707619,0.4368839378139052,6.114583333333333,6.239583333333333,2,1
868257,39,2022,32,2.3,1.1,0.9,1.9,1.107508371447995,1.5262397888645598,0.7187804446951064,1.067501015232566,5.25,6.208333333333333,3,3
878239,140,2022,30,1.4,1.8,0.8,1.4,0.8021794576396055,1.3760166734835346,0.9859828375976947,0.7707062542541394,6.104166666666667,6.0,0,0
868261,39,2022,32,1.4,1.4,1.3,2.1,0.9716905044798756,1.22251714047085,1.0532699692510932,1.7994158968541556,6.895833333333333,4.6875,2,1
878236,140,2022,30,1.0,1.1,1.2,1.1,0.7141062622228711,1.3463306295810056,0.8804244789825623,1.2302540581486305,7.708333333333333,6.8125,3,2
882084,135,2022,31,1.3,1.6,1.2,1.6,0.877156181912812,0.6968489344327606,1.1990780880020024,0.7448520791292305,6.0,5.875,3,0
868258,39,2022,32,1.5,1.2,1.3,1.2,0.5718089741252662,1.7700077145588553,2.1361917776558412,0.2345036805954929,7.0,7.104166666666667,1,1
868260,39,2022,32,1.1,1.3,0.9,1.5,1.5275050639995316,0.5994681213272729,0.9585292460746078,1.424247652021182,7.0,7.0,0,0
868262,39,2022,32,1.3,1.8,0.8,1.5,0.7766575363006022,1.0205751884797594,1.9087450821922407,0.5472340721602567,6.895833333333333,7.0,2,1
868263,39,2022,32,2.0,1.2,1.0,1.8,1.3156427206265962,0.8386550188539315,0.40275244995007176,1.138453177508923,4.791666666666667,5.9375,3,2
878234,140,2022,30,1.3,1.7,1.2,1.1,1.165603484741238,0.9320539104061176,1.3398802698968832,0.4547852978189179,5.90625,7.0,1,2
882083,135,2022,31,1.6,0.8,1.1,1.1,1.245151336539296,0.29253736346475556,0.6341498686595894,1.0393299075903948,7.885416666666667,6.125,0,1
878241,140,2022,30,0.9,1.7,1.5,1.4,2.0254755339959667,1.3319898214739734,0.7565544004996927,0.4888889898595769,7.1875,6.1875,1,0
878240,140,2022,30,1.3,0.9,1.2,1.4,0.5675516792137162,1.251354118797761,1.244230517627261,0.989872413304229,7.09375,7.895833333333333,2,1
882085,135,2022,31,0.6,1.9,0.8,1.7,1.9280207677165835,1.2368315986142544,0.7632297514289406,0.8766430097084794,6.34375,8.0,1,1
878237,140,2022,30,2.0,0.9,1.1,1.4,1.1504312199187494,0.8415053443894608,1.0191128989257674,0.9590889229777978,7.0,5.0,2,0
882081,135,2022,31,1.0,1.3,1.9,1.1,0.34961342580904065,0.6978561792973172,0.20704094995627073,0.9522217897927013,8.75,7.65625,0,3
878232,140,2022,30,0.8,1.8,1.1,1.2,0.5543951763770647,1.1117488103350572,0.38924233941769454,1.3561390824138297,7.0,6.708333333333333,0,2
868256,39,2022,32,1.0,1.9,1.1,1.4,1.4210997980439581,0.6263152435422059,1.4863266705733738,0.9072464846617467,7.947916666666667,7.0,0,4
868265,39,2022,32,1.8,0.9,1.8,1.7,0.9646163847908898,1.9936924656986394,0.9049256111801678,1.5137598958382705,8.0625,7.947916666666667,6,1
882088,135,2022,31,1.3,1.4,1.4,1.1,0.852451989603838,0.8129713288245003,0.7730590853110226,0.655518679609719,7.760416666666667,5.760416666666667,3,2
882087,135,2022,31,1.2,1.3,0.9,1.8,0.7549288872352208,1.641793235291018,1.3643136057086744,0.9890773253240118,6.760416666666667,8.854166666666666,3,0
878235,140,2022,30,1.8,0.5,1.8,0.9,0.48805112851195953,0.18457576333209472,0.9775025118243326,0.7224576476107689,7.0,6.90625,1,0
882089,135,2022,31,1.7,1.1,0.9,1.2,1.014379488205245,0.7426297098368608,0.8066058475725754,1.3301019855793452,8.125,7.229166666666667,2,0
878238,140,2022,30,1.0,1.1,0.9,1.2,1.017356719149113,1.1764679493698509,0.5186951304788625,0.6465062542993328,5.895833333333333,7.09375,3,1
882082,135,2022,31,1.5,0.9,2.0,0.7,0.6480147463268825,1.2582283753783183,0.6084135834192493,1.1615136719612118,7.114583333333333,8.114583333333334,0,1
878233,140,2022,30,1.2,1.4,1.6,1.1,1.3954282663331798,0.8272749623125341,1.3705301230895977,1.3657460938784811,7.0,8.291666666666666,2,1
882080,135,2022,31,1.7,1.3,1.3,1.0,0.5932706716352132,0.9760927259933352,1.4579541533452733,0.44573821349950227,7.0,8.0,3,1
878246,140,2022,31,0.8,1.4,1.0,1.1,0.6408888444385016,0.5009590652651906,1.6621236158994117,1.5406452122579566,3.9375,3.2291666666666665,0,1
878248,140,2022,31,1.5,1.4,2.0,0.9,0.49176036032480025,0.666388954519836,1.0615302929471873,0.5469784738531496,3.0416666666666665,2.9375,4,2
868271,39,2022,33,0.8,1.5,1.1,1.3,1.5858231923138453,0.8654457366477564,0.9928782915996955,0.3896542788627274,3.1875,3.1875,2,0
868272,39,2022,33,1.3,1.2,1.4,1.4,1.7071143990660405,0.42853850349818157,0.9696940660071572,1.0677130643829755,3.1979166666666665,3.3020833333333335,1,0
868267,39,2022,33,1.3,2.1,1.3,1.8,0.9577024030901337,1.507715571050439,1.014570988338981,1.0085127614007325,3.3125,3.2083333333333335,1,1
878244,140,2022,31,1.2,1.1,1.3,0.9,1.2378062143689685,1.9976196832511555,0.8516008991812233,1.2200931401815076,3.3333333333333335,3.1458333333333335,0,0
878243,140,2022,31,1.8,0.9,1.0,1.1,0.6353766326858162,0.7407394462556418,1.7594068674469234,1.2083910357772718,3.1354166666666665,3.0416666666666665,3,1
878251,140,2022,31,0.9,1.2,1.3,1.7,0.7808387034981293,1.5183540652945664,1.0648100972496368,1.0364722966659374,3.0416666666666665,4.135416666666667,1,2
868268,39,2022,33,1.0,1.8,1.9,1.4,1.09012242580088,1.1541612320474666,0.9803904718016103,0.9076520074579599,4.1875,11.1875,3,1
868273,39,2022,33,1.0,1.2,1.5,1.2,0.5993987570519526,1.1975371479233998,0.6477869442925341,1.4690947580529996,11.197916666666666,4.197916666666667,0,2
868270,39,2022,33,1.1,1.4,2.0,1.2,1.9173085081214967,0.5897102150301354,1.2693344350739542,1.3734590955883887,3.2395833333333335,4.197916666666667,1,2
868275,39,2022,33,2.5,0.9,2.3,1.1,1.1160768019625116,1.0906068173136552,1.0610703727913111,2.4981164688225697,11.104166666666666,5.0,4,1
878245,140,2022,31,1.1,1.4,0.8,1.8,0.6624233843017489,0.9371577999355686,0.3603568646450921,1.166323595404656,4.041666666666667,3.3333333333333335,1,0
878249,140,2022,31,1.2,1.4,1.8,0.5,1.2154627994206826,1.1261093763400567,0.5883752088414157,0.11997424616586157,4.145833333333333,3.2395833333333335,2,1
878250,140,2022,31,1.6,1.1,1.4,1.8,1.0869383300082385,1.5532652640513158,0.5214166474657436,0.8944108377642975,3.9375,5.9375,4,2
878247,140,2022,31,1.1,1.2,0.9,1.7,0.6966943893083701,0.8814904035689893,1.6651702082084894,0.8657933839580827,4.229166666666667,5.041666666666667,2,1
868274,39,2022,33,0.9,1.9,1.0,1.9,1.973267895112425,1.0350655912512823,0.9237148687285728,1.3583010805512377,5.989583333333333,4.239583333333333,0,1
868266,39,2022,33,0.9,1.5,1.8,0.9,0.6230440099484951,0.9257609738137683,1.601510454035647,1.602690226160906,5.197916666666667,4.239583333333333,1,4
868269,39,2022,33,1.8,1.7,1.5,1.1,0.8949917707238992,1.9584537362164443,0.8685907343073669,0.36581879570224957,4.260416666666667,11.15625,2,2
878242,140,2022,31,1.2,1.1,1.2,1.4,1.301559430334935,0.6027782757501288,1.57255867614687,0.7338224755031473,5.239583333333333,4.041666666666667,0,1
882094,135,2022,32,0.9,1.2,1.2,1.3,0.524293800922174,1.305497663175594,1.1153565544806712,1.0671656029391619,5.020833333333333,5.145833333333333,1,0
882099,135,2022,32,0.8,1.7,1.3,1.4,0.7919874963235483,1.0107493288595313,1.4976252617739627,0.9873599351644966,6.0,5.239583333333333,0,2
878256,140,2022,32,1.0,1.1,1.3,0.9,1.3941303503346176,1.0014193879676718,0.5535405844677952,0.79306054111798,3.0625,2.9583333333333335,0,2
868280,39,2022,34,1.1,1.3,1.1,1.4,0.6453708895398022,1.2090445120300035,1.6227656817941243,0.738311639769588,3.7083333333333335,2.6979166666666665,4,3
868279,39,2022,34,1.9,1.4,0.8,1.5,0.7825754440979473,1.6549738048476739,1.9865543057732302,0.5625397288210416,2.8125,3.8125,6,0
868278,39,2022,34,1.5,1.2,1.0,1.8,0.9732837360123695,0.9549115927344498,1.773579576770572,0.8955264382577539,2.8020833333333335,2.8125,2,1
878253,140,2022,32,0.8,1.8,1.2,1.4,0.23423196201930988,0.9799537713564608,2.25421748629011,0.9062766501765924,2.7604166666666665,2.7604166666666665,4,0
882098,135,2022,32,1.3,1.0,1.7,1.1,1.2137944600294572,1.0834063093629118,1.1002780398824288,0.48270931139395956,4.885416666666667,6.0,1,1
878260,140,2022,32,2.0,0.9,1.3,1.7,1.0037446904156717,1.6570174894860288,1.2552675888532896,0.9607984961008333,3.9583333333333335,2.9583333333333335,4,2
882096,135,2022,32,1.1,1.1,1.7,1.3,0.9232769600832785,0.6755644399337566,1.1793024071511238,0.9005845322506973,7.114583333333333,5.0,1,2
878252,140,2022,32,1.8,0.5,1.2,1.1,0.5567494413024758,1.5421499266744767,0.8045740393398296,1.298452794113251,2.9583333333333335,3.9583333333333335,4,0
882093,135,2022,32,1.9,1.1,1.6,0.8,0.680831678200321,0.6189441633652559,0.8093483687505425,0.7012288317066365,7.0,7.770833333333333,3,1
878254,140,2022,32,0.8,1.4,1.1,1.2,0.416577748885026,0.6393733924223739,0.9226374493071251,0.9796817252828061,4.770833333333333,2.7708333333333335,2,1
882097,135,2022,32,1.2,1.6,1.0,1.3,0.7794007572013016,1.1328317360493843,0.22724872677587643,0.9998615772720012,8.0,7.104166666666667,2,1
882095,135,2022,32,2.0,0.7,1.3,1.6,0.6453299403336231,0.7549838867747877,1.218829402858712,0.4529518073812944,6.760416666666667,8.0,1,1
882091,135,2022,32,0.9,1.8,0.9,1.5,0.8868038437106384,1.2675530392383854,1.1467209708014416,0.7150782283856552,7.0,8.760416666666666,1,1
868285,39,2022,34,1.8,0.9,0.9,1.9,1.7772780914194668,1.6553288939181692,1.2826241318230762,0.9343715816817545,2.7604166666666665,2.7604166666666665,3,1
868276,39,2022,34,1.0,1.9,1.3,2.1,0.8619936120419933,0.8828957023583045,0.8348997244017493,1.1620664032340675,2.7604166666666665,4.75,4,1
868281,39,2022,34,1.4,1.4,2.5,0.9,0.6303011429046522,0.9670904149258572,1.4483590121847234,0.9489910496113637,4.760416666666667,3.75,1,2
868284,39,2022,34,1.5,1.1,1.3,1.2,0.9543878988684159,0.7398024192266641,1.3827012824698492,0.278550027273818,2.7395833333333335,4.760416666666667,1,0
878259,140,2022,32,1.6,1.1,1.1,1.4,1.3165793589497994,1.580076967087901,0.6524186341395711,0.6091525699581196,2.8645833333333335,3.7604166666666665,3,1
868283,39,2022,34,2.0,1.2,1.8,1.7,1.1800673827980703,1.2692635636476042,1.0837648529907364,1.6627988501093163,3.8645833333333335,2.84375,4,3
882092,135,2022,32,1.4,1.1,0.6,1.9,0.9614169768807361,1.3696186102777856,1.6941448715647989,1.0998286969940023,7.125,7.885416666666667,5,0
878255,140,2022,32,1.4,1.8,0.9,1.2,0.9093753663072788,1.1914364889912377,0.7946366605417581,1.5500711680824937,2.9583333333333335,3.9583333333333335,1,0
882090,135,2022,32,1.4,1.3,1.5,0.9,0.9292051311776619,1.052777978382457,0.42120958511247364,1.067709555107018,9.0,7.0,1,1
878258,140,2022,32,0.9,1.7,1.8,0.9,1.489073598298481,1.0325517958294383,1.0785251142760837,0.9695361956217228,3.0625,4.0625,2,5
878257,140,2022,32,1.0,1.1,1.2,1.1,1.631670019396056,1.4509844762855297,0.8460136297177078,0.7245710307527352,4.979166666666667,3.875,1,1
878261,140,2022,32,1.2,1.4,1.5,1.4,1.354928291010617,0.47698460907704576,1.6211257156926016,0.7469028204378934,3.9583333333333335,6.0625,0,2
868282,39,2022,34,1.3,1.8,0.9,1.5,0.8415224244716197,0.8679264573036385,1.018558853380102,1.3380409292752455,6.0,4.010416666666667,2,2
878267,140,2022,33,1.3,1.7,0.8,1.8,1.566778633609339,1.1412837283478945,1.7210007753125516,0.6369699513816995,3.0416666666666665,3.1354166666666665,2,1
878264,140,2022,33,1.8,0.5,1.0,1.1,1.2492608742203466,1.0023974523384098,0.9061847277175015,1.265258266514651,2.9375,3.9375,1,0
868277,39,2022,34,2.3,1.1,1.0,1.2,0.9297923606718401,2.3466847956437613,0.38960919208376915,1.3306213683724322,6.0,6.010416666666667,3,1
878271,140,2022,33,1.3,0.9,2.0,0.9,0.9741370442397311,0.515489351726687,1.1691987546525395,1.8279160690206195,4.041666666666667,3.1458333333333335,2,0
882105,135,2022,33,0.6,1.9,1.1,1.1,1.1011941665171192,1.5602833898882067,0.9146405135646205,0.9201329287376905,3.0,3.8854166666666665,0,2
882100,135,2022,33,1.7,1.3,0.8,1.7,1.247562607428979,0.8998904354734427,0.5147918726103063,1.0640006384193288,3.8854166666666665,4.885416666666667,3,2
882108,135,2022,33,1.3,1.6,1.4,1.1,1.2864698810889321,0.43496554979784136,1.4703157718145838,0.8902520966805607,3.125,3.0,3,3
882102,135,2022,33,1.5,0.9,0.9,1.2,0.5044272559641335,1.050955655264006,0.7251926800011224,0.8485734810641361,2.8854166666666665,4.979166666666667,2,1
878265,140,2022,33,1.1,1.2,1.6,1.1,0.884941614776904,1.5518972881004909,1.4440578333173697,1.3900665575327553,3.2291666666666665,3.1354166666666665,1,1
882103,135,2022,33,1.6,0.8,1.2,1.6,0.7816162124151254,1.3434632142935243,1.0832130562834101,1.0174343784320996,3.3541666666666665,3.25,2,0
868222,39,2022,28,2.5,0.9,1.1,1.4,1.2254333579200702,1.0112886266918308,2.0974550358235233,1.7708116567593228,3.25,4.3125,3,0
882104,135,2022,33,1.3,1.4,1.3,1.0,1.3804699948137091,0.6417839578569228,1.1034768885296367,0.9687729246153044,5.010416666666667,4.125,1,1
882101,135,2022,33,0.9,1.5,1.9,1.1,1.0229920878110605,0.797948996598824,1.3302050645144192,0.657853478914689,3.25,3.3541666666666665,0,6
882107,135,2022,33,1.7,1.1,0.9,1.8,0.9797395494529905,0.6282715419165632,0.909570646560063,1.101532932295074,4.125,3.25,1,1
868221,39,2022,28,2.0,1.2,1.4,1.4,1.351749681171687,1.5152990941487205,0.8041401873324684,0.9126087697018073,3.1458333333333335,3.25,1,0
878269,140,2022,33,0.9,1.2,1.1,1.4,0.5165138293521427,1.2690045925869542,0.7870886411163411,0.9842304204727778,3.1458333333333335,3.2395833333333335,1,0
878263,140,2022,33,1.8,0.9,0.8,1.4,1.418770082449389,1.7147664283886876,1.1858797034419337,0.7008199778018158,3.0416666666666665,3.3333333333333335,5,1
878268,140,2022,33,1.5,1.4,1.0,1.1,1.4720650485335245,0.4854868332846307,1.459903694425618,1.2759050611007459,2.9375,3.0208333333333335,2,1
878270,140,2022,33,1.2,1.4,1.4,1.8,0.8807033891569012,0.7283733292334131,0.8525523214330646,0.7744337178443045,2.9375,4.041666666666667,3,2
882109,135,2022,33,1.2,1.3,2.0,0.7,0.7249817604124363,1.0780593513121643,0.5600113362168551,0.9849702956343813,6.09375,4.239583333333333,1,1
882106,135,2022,33,1.0,1.3,1.4,1.3,0.4288054224043196,1.226512589329365,0.9609277797099246,0.9149467115896226,4.239583333333333,4.0,3,1
868219,39,2022,28,1.9,1.4,1.5,1.1,1.5549898281373502,1.0757329731509881,0.8964632453755814,0.4808715724973317,5.208333333333333,4.25,1,0
878262,140,2022,33,1.2,1.1,1.2,1.1,0.8826740108316616,0.8702893518074597,0.5229731255708893,1.7313680535473506,3.125,5.041666666666667,0,1
878266,140,2022,33,1.2,1.4,0.9,1.7,1.4652413660885717,2.157829822614785,2.0524657401285804,1.3888874254590697,5.239583333333333,4.041666666666667,2,1
882117,135,2022,34,1.7,1.1,1.6,0.8,0.7838078313274504,0.8626694315386954,0.8594177255698314,0.8732510892907909,2.75,2.75,2,0
868290,39,2022,35,2.5,0.9,1.3,2.1,1.2225316826480457,0.65733760734969,0.7438993957599225,1.7020098287688106,2.7916666666666665,6.041666666666667,2,1
868293,39,2022,35,1.8,1.7,1.1,1.3,1.3947249322217563,1.6655251349239968,1.710400169109962,1.8285362754768446,5.9375,7.104166666666667,1,0
868295,39,2022,35,0.8,1.5,1.3,1.2,1.2912602987525996,1.4119666132073614,0.898755833605402,0.4571686288390928,7.0,6.041666666666667,1,0
868286,39,2022,35,1.0,1.9,1.0,1.2,1.5069625144939622,0.7750967814316834,0.7050641566726317,1.4051212807464288,6.041666666666667,3.7916666666666665,1,3
882116,135,2022,34,1.3,1.0,1.9,1.1,0.9643753621596485,0.9756639394614863,1.8114753971975306,0.4276047612945479,2.875,2.875,0,2
868289,39,2022,35,2.0,1.2,1.5,1.2,1.0561372927615964,0.9849444111966684,1.0007825765561882,1.034859201944059,2.8958333333333335,7.104166666666667,1,0
882111,135,2022,34,0.9,1.8,0.8,1.7,1.0455138495569702,0.8629735301748047,1.1995185633505452,1.1584689270832902,2.9895833333333335,3.1145833333333335,2,0
882110,135,2022,34,1.7,1.3,1.5,0.9,1.2777842069395628,1.4498326292115837,0.827599938598909,1.2383680895018507,3.7708333333333335,3.7708333333333335,0,2
882118,135,2022,34,1.1,1.1,1.3,1.4,1.0248991089366206,0.5980864036794988,1.2432670350904493,0.6642749572223845,3.875,3.75,1,1
868291,39,2022,35,1.8,0.9,2.3,1.1,1.591195671703355,1.6895440279603902,1.144582425741044,1.9771632989866266,7.104166666666667,4.854166666666667,0,2
882114,135,2022,34,2.0,0.7,1.4,1.1,0.5369881377717249,1.1756473588290144,1.5580490016794795,1.5221953313738328,2.8854166666666665,4.0,1,0
868294,39,2022,35,1.1,1.4,1.5,1.1,1.3633457732852903,1.5770275768935598,0.5827011094941279,0.5503655651854665,3.9583333333333335,2.9583333333333335,1,0
882115,135,2022,34,0.9,1.2,0.9,1.5,1.0266221555809762,1.0512949849139108,0.6649448570771894,1.4655089530523937,4.114583333333333,3.9895833333333335,0,1
868288,39,2022,35,1.4,1.4,1.3,1.8,0.5226911217661044,0.7706957003061747,1.0567331656501424,1.1777324441609451,4.791666666666667,6.791666666666667,5,3
882119,135,2022,34,1.2,1.3,0.6,1.9,1.0066548109347502,0.8737193475836761,0.7157762082361275,1.4445669785469515,3.90625,5.020833333333333,2,0
882112,135,2022,34,1.0,1.3,1.3,1.6,1.316608139947423,1.0443485676794717,1.7797368912392741,0.8850713573685969,3.90625,5.020833333333333,2,1
868287,39,2022,35,1.9,1.4,0.9,1.5,1.2485424313514786,0.6992264325481423,1.2756435016106464,1.3794701937724994,3.8958333333333335,6.895833333333333,1,5
882113,135,2022,34,1.2,1.6,1.4,1.3,0.7040884865842166,1.0126995334808646,0.8717184414268356,1.6325999779178701,4.989583333333333,4.0,1,1
868292,39,2022,35,1.0,1.8,0.9,1.9,1.5669933915675385,0.9502403330156882,1.4472859325985798,1.0433064403738421,9.208333333333334,8.25,4,3
882124,135,2022,35,1.6,0.8,0.9,1.2,0.5586215216203905,1.2290102668625433,0.6673044011276346,1.099776925379227,6.239583333333333,5.0,2,2
878278,140,2022,34,1.0,1.1,0.8,1.4,1.2626874013766516,1.361762532139727,1.3808912516817013,1.3270607633489582,8.0625,8.958333333333334,1,0
868302,39,2022,36,1.3,2.1,1.8,0.9,0.9083209320302743,1.2956397220330602,1.034277186607181,1.5783968548892293,6.895833333333333,5.833333333333333,2,2
878281,140,2022,34,1.3,0.9,1.5,1.4,1.384043779610526,0.33506807862234655,1.4892665239710334,0.6293164416350099,10.666666666666666,8.770833333333334,2,2
882126,135,2022,35,1.3,1.6,1.7,1.3,1.4229532396605578,1.1374838822895879,0.8305597345107159,1.4036732602695807,4.854166666666667,6.104166666666667,1,0
868304,39,2022,36,1.5,1.1,0.8,1.5,0.37875572117118317,0.7684814190234457,1.357027527522523,0.9177782985847849,5.833333333333333,7.0,2,0
868305,39,2022,36,0.9,1.9,1.4,1.4,1.8611062265594474,1.7244649757166814,1.3258603402590787,1.3201829744297828,4.791666666666667,5.0,0,2
868299,39,2022,36,1.0,1.2,1.0,1.8,1.2430285439424735,1.3274954991518455,2.0648614939925842,1.5380265868305678,7.0,4.791666666666667,2,2
868300,39,2022,36,1.1,1.3,1.0,1.9,1.1117601099214753,1.4009417414531113,1.3936923010877422,1.2885497500358571,7.0,7.0,2,0
868297,39,2022,36,1.3,1.2,1.8,1.7,0.5841912918435114,0.8148679420787437,1.118964368337304,1.082591337700598,7.0,7.0,2,1
878280,140,2022,34,1.0,1.1,1.3,1.7,0.5890200730163759,1.0442613075779574,1.3938334622734208,1.0648123646026022,10.864583333333334,10.864583333333334,3,1
882129,135,2022,35,0.8,1.7,1.7,1.1,0.7796870661778544,1.3409132993361648,1.1708721491863718,0.560735130500152,6.885416666666667,7.125,2,0
878274,140,2022,34,1.6,1.1,1.2,1.1,1.167413633322957,1.2665597913219109,0.57373810704058,0.8984532301900003,9.958333333333334,8.854166666666666,5,1
882123,135,2022,35,1.9,1.1,1.2,1.6,1.6508800608099738,0.27794309484145613,0.7459587983310229,0.859035946762562,7.114583333333333,5.0,4,2
878277,140,2022,34,2.0,0.9,0.9,1.2,0.7599791905241507,1.9390001457181034,0.6843451001900038,0.8248529851815203,10.958333333333334,9.958333333333334,1,0
882122,135,2022,35,0.9,1.5,1.1,1.1,0.8486493422853583,0.9525808194840559,0.958229875354258,0.7032666519021638,6.65625,6.895833333333333,0,1
878273,140,2022,34,1.1,1.4,1.1,1.2,0.5116076167256217,0.9883608844184166,0.9382285785306075,1.2375092789319857,10.666666666666666,10.770833333333334,1,2
882121,135,2022,35,1.4,1.1,1.2,1.3,1.0127318510916616,1.1938587835748096,1.0488431709672368,0.5679175759293895,6.875,5.854166666666667,2,0
868298,39,2022,36,1.5,1.2,1.1,1.4,0.6505086747615223,0.8797418145969716,1.296918554288331,1.025067924980814,7.854166666666667,6.791666666666667,2,0
868301,39,2022,36,0.9,1.5,2.5,0.9,2.801390498269142,1.0710415908644053,0.983978927054563,0.8520557695636233,5.854166666666667,7.958333333333333,0,3
882125,135,2022,35,1.3,1.4,2.0,0.7,1.1226340623192814,0.7238241767400044,0.5534741077334393,0.7641707832388593,7.0,6.875,2,0
878275,140,2022,34,0.8,1.8,1.8,0.9,1.441628445129629,0.7894578188254551,1.7937283313698806,1.7246676228970914,11.864583333333334,10.760416666666666,1,0
868296,39,2022,36,2.3,1.1,1.9,1.4,1.2241718134466544,1.2851561443413073,0.9859385452907419,2.4267194033785144,7.0,5.958333333333333,0,3
882120,135,2022,35,1.4,1.3,1.3,1.0,0.7673982369274432,1.3494912676978976,0.6268439854037715,1.107602613281545,5.885416666666667,8.0,0,0
878279,140,2022,34,0.9,1.7,1.2,1.4,1.6827138421946883,1.3334140814503561,1.1825266473964302,0.9216569497160043,9.854166666666666,9.958333333333334,0,3
882127,135,2022,35,1.5,0.9,0.9,1.8,0.9992220113713421,0.804939258176203,1.2674924989440568,0.5609327946136231,7.34375,8.0,2,0
878276,140,2022,34,1.4,1.8,1.8,0.5,1.0023732946457777,1.1134513610432424,1.0338630025866595,0.6515583440199664,10.0625,12.0625,2,4
882128,135,2022,35,0.6,1.9,1.0,1.3,0.46525453535348293,1.3334860799151675,1.4179827909658247,0.9449508293466862,7.09375,7.09375,1,1
868303,39,2022,36,1.3,1.8,2.0,1.2,1.5061073269033618,1.7516371998157254,0.893572573628371,0.6402138672778345,7.208333333333333,9.104166666666666,0,3
878272,140,2022,34,1.2,1.1,1.2,1.4,0.6726976831362296,1.125389234805778,1.3830441428595326,1.7512004958107217,10.958333333333334,10.958333333333334,3,1
868193,39,2022,25,1.8,0.9,1.9,1.4,0.9352431342576306,1.8755306052506486,1.354257183625585,1.5773676121960345,5.291666666666667,4.125,4,1
882139,135,2022,36,1.2,1.6,1.3,1.4,1.1663126128545587,1.1501496811851388,1.7181736789690714,0.4704857148810029,6.0,5.239583333333333,1,2
878285,140,2022,35,0.8,1.4,0.9,1.7,0.8975793135931059,1.1763394961768228,1.0937639974265474,1.5126750352956728,7.0,5.104166666666667,2,0
868313,39,2022,37,1.8,1.7,1.5,1.2,0.9574194320118402,1.1534581251614973,0.8961639719283228,0.5718321794880316,6.895833333333333,5.9375,1,3
878287,140,2022,35,1.5,1.4,1.6,1.1,1.6187639813219126,0.8917479947550642,2.00668817984174,1.1560290158743936,7.0,6.8125,1,2
882135,135,2022,36,0.9,1.8,1.4,1.3,0.8238701243136369,0.6977544646470032,0.49880885400283814,0.8771693240036335,5.760416666666667,5.875,1,5
868309,39,2022,37,2.0,1.2,1.3,1.2,0.9949888395251079,0.4161390137305924,0.8294980953543909,0.7597567549437759,4.791666666666667,7.0,1,1
868306,39,2022,37,1.0,1.9,1.5,1.1,0.9058999957070325,1.313155423647709,0.6879689965390468,0.4995129223652397,7.0,7.0,0,1
868308,39,2022,37,1.4,1.4,1.1,1.3,1.235493431694717,0.8581189333793589,1.1982421575733608,0.9106121319445224,7.0,7.0,2,2
868315,39,2022,37,0.8,1.5,0.9,1.5,0.8820678928896399,1.038333671857888,1.8209038238749424,1.0937770340618633,7.0,6.041666666666667,1,1
878282,140,2022,35,1.2,1.1,1.1,1.4,0.7056949210915285,1.8318639178053182,0.6653101023868057,1.2128891203265164,6.90625,6.09375,2,1
882130,135,2022,36,1.7,1.3,0.9,1.5,0.5398638274319654,1.178511879530257,0.5516220724854829,0.891753290240394,7.125,6.229166666666667,3,1
868312,39,2022,37,1.0,1.8,2.3,1.1,2.170493304428513,1.5519395036620913,0.7957116787403253,1.5487486230084526,7.104166666666667,6.041666666666667,1,0
878289,140,2022,35,0.9,1.2,0.8,1.8,0.4448243151235025,0.7191752737013215,1.5471279337787034,0.5131475822365458,6.895833333333333,6.09375,1,1
878286,140,2022,35,1.3,1.7,1.0,1.1,1.2131595826455557,1.467275095815221,1.1344968108948237,0.8851456458908227,7.09375,7.895833333333333,3,0
882133,135,2022,36,1.7,1.1,0.6,1.9,0.7610668969711417,1.3866369257341895,0.879018012082328,1.1034764782606483,7.114583333333333,5.0,5,1
878284,140,2022,35,1.8,0.5,1.3,0.9,1.2142949022986127,1.678512923612978,1.3823207644391498,0.8685349918452661,6.0,7.291666666666667,1,2
882132,135,2022,36,0.9,1.2,0.8,1.7,1.6830534162885176,1.183344584829831,1.5289556839246963,0.8715936445685071,8.65625,7.770833333333333,0,0
878290,140,2022,35,1.2,1.4,1.4,1.8,1.2317438443738478,1.9226553222769691,1.9065426415197555,1.2660273352953917,5.708333333333333,6.708333333333333,1,2
868314,39,2022,37,1.1,1.4,1.3,2.1,0.8429970602874152,1.1396274845708625,1.4399812553923277,1.105128782284452,6.979166666666667,8.041666666666666,3,1
868307,39,2022,37,1.9,1.4,0.9,1.9,1.1709104442104314,1.8141778368163113,1.2097190472636408,1.4945864447421588,2.7708333333333335,7.958333333333333,3,1
882136,135,2022,36,1.1,1.1,1.4,1.1,0.8954251765560253,0.45712332373640646,1.1525064724403493,0.7760082093236262,7.104166666666667,7.0,1,1
878283,140,2022,35,1.8,0.9,1.0,1.1,1.1659234153904225,1.7311033993275537,1.158010106284174,0.9859376820935044,7.0,8.0,3,0
868310,39,2022,37,2.5,0.9,1.0,1.2,1.037186302585466,0.5538362502163552,1.36019077578483,1.6912054077820329,7.083333333333333,8.041666666666666,1,0
882137,135,2022,36,2.0,0.7,1.9,1.1,0.35975817002673555,1.4851725475667972,1.6648483553159568,0.8621024055863402,7.125,7.885416666666667,3,1
878291,140,2022,35,1.1,1.2,2.0,0.9,1.1803031214994402,1.1371461828209424,0.6770073071740313,1.2603500947167672,7.1875,7.895833333333333,1,0
882138,135,2022,36,1.2,1.3,1.6,0.8,0.6817480611287039,0.8633771935848724,0.8315935723865872,2.0481622290162083,7.239583333333333,9.0,0,1
878288,140,2022,35,1.2,1.4,1.2,1.1,1.414598203160621,0.5990770173154029,1.2216284940385493,1.0642681541389072,7.104166666666667,6.0,0,0
882134,135,2022,36,1.3,1.0,1.3,1.6,0.40744859051245147,0.7199416986330043,1.191043866134392,0.7393645234882321,8.020833333333334,9.145833333333334,2,2
882131,135,2022,36,1.0,1.3,1.5,0.9,1.1583993404435755,1.19082060317791,0.9826424555395206,0.523210517814532,7.0,8.0,4,1
868311,39,2022,37,1.8,0.9,1.3,1.8,1.3967969261563487,1.5097381682667228,0.9789697624871853,1.552730846546888,4.020833333333333,7.0,0,0
878293,140,2022,36,1.1,1.4,1.5,1.4,0.7954680954770434,1.3112945948789023,1.3184087090713643,0.9718236965907917,3.1354166666666665,3.2291666666666665,1,1
878301,140,2022,36,1.3,0.9,1.3,1.7,2.250046958423909,0.8356897200080649,1.7100572252231077,0.9537288122798937,2.9375,3.0416666666666665,1,0
878298,140,2022,36,0.9,1.7,1.8,0.5,0.7109465983272558,1.6291946552951286,1.0604336618027403,2.4425718618868975,4.041666666666667,3.0416666666666665,3,1
878299,140,2022,36,1.6,1.1,0.8,1.4,1.696534816897131,1.017630981530477,1.2293824361884602,0.7646206725149348,4.229166666666667,4.9375,2,0
878300,140,2022,36,2.0,0.9,1.2,1.4,0.4400547496631204,1.2629144302527675,1.0039899803244825,1.6979402451943157,3.0416666666666665,3.2291666666666665,2,1
878294,140,2022,36,0.8,1.8,1.2,1.4,1.4631852402894907,0.6046879037623967,0.9194888320544037,0.38940006125501186,4.041666666666667,2.9375,1,1
868259,39,2022,32,1.9,1.4,2.5,0.9,1.174111179318498,1.5736600383750468,0.8398377633472195,0.35999356264063087,3.25,3.1666666666666665,1,1
878292,140,2022,36,1.2,1.1,0.9,1.2,0.7940585211250571,0.6917743001902897,0.5602777801389186,0.9250160112391924,3.0416666666666665,4.145833333333333,0,1
878297,140,2022,36,1.4,1.8,1.8,0.9,1.6874670027021268,1.0262742494234862,1.4233805230340777,1.12521720956291,3.3333333333333335,3.2395833333333335,3,3
878295,140,2022,36,1.0,1.1,1.1,1.2,0.7374229270816354,1.496848166332531,1.2108838976615048,0.7391450188336126,5.041666666666667,4.041666666666667,1,0
868264,39,2022,32,1.5,1.1,1.0,1.2,0.6215658126626611,0.3246833995374058,0.8841240042601395,1.264950181724988,5.208333333333333,4.166666666666667,4,1
878296,140,2022,36,1.0,1.1,1.2,1.1,0.752706569084713,1.3063897963910809,0.9816183653761603,1.5537280754990765,4.21875,5.21875,2,0
882144,135,2022,37,0.6,1.9,1.2,1.6,1.252801101792907,1.4134671412099786,1.0258115316887964,1.1800492158472633,6.0,7.0,2,2
882145,135,2022,37,0.8,1.7,1.1,1.1,0.9938211945510527,0.5665358689695296,0.9537205796374494,0.5891756149741187,6.104166666666667,6.0,0,4
882143,135,2022,37,1.3,1.6,1.2,1.3,1.4661015899104317,0.9130388633442739,0.44313623973365757,0.7774211373686286,4.854166666666667,5.760416666666667,3,2
882141,135,2022,37,1.4,1.1,1.3,1.0,1.0411746616316817,0.87609955093639,0.6972935069100165,1.1598851810345296,6.125,4.979166666666667,2,1
878311,140,2022,37,1.2,1.4,2.0,0.9,0.8010242223168439,0.6452975398157578,0.5997855872810283,1.2276073426272618,2.9791666666666665,2.9791666666666665,1,2
882146,135,2022,37,1.9,1.1,1.7,1.3,1.4203093256922141,1.1736620181765756,0.880029134889601,1.1504344310963763,6.114583333333333,7.114583333333333,3,2
882148,135,2022,37,0.9,1.5,1.0,1.3,0.7429560565172731,1.1087572857150796,2.7518484601772126,1.004674417706667,7.770833333333333,5.65625,1,1
882140,135,2022,37,1.4,1.3,2.0,0.7,1.2165868662129558,0.954561770004071,0.8471382650628326,1.3035200506552602,8.0,6.875,2,2
882149,135,2022,37,1.3,1.4,0.9,1.2,1.5492648144068195,0.5735240480059851,1.0939847205875364,0.7691739801393902,8.760416666666666,7.104166666666667,0,1
868318,39,2022,38,1.5,1.2,2.5,0.9,1.167212464106351,0.601783509259813,0.6878945461756927,0.5246390905702112,8.166666666666666,3.8541666666666665,1,0
868319,39,2022,38,1.0,1.2,1.8,0.9,1.0264987845872724,1.9266620625656867,0.9079180020016266,0.9813298093733699,2.8541666666666665,5.854166666666667,1,1
868324,39,2022,38,1.5,1.1,1.4,1.4,1.5084622226751743,0.6628623915174955,1.3492245767554123,1.2032318521511285,2.8541666666666665,8.0625,2,1
868320,39,2022,38,1.1,1.3,1.0,1.8,1.42431194787723,1.1380517319177859,1.8626388296967151,1.0087606773803595,8.0625,7.958333333333333,1,1
868316,39,2022,38,2.3,1.1,0.8,1.5,0.5172125911812114,1.458504786773676,0.9875107970449325,1.0430650348557753,7.958333333333333,8.0625,5,0
868322,39,2022,38,1.3,2.1,1.8,1.7,1.2090647390819362,1.3637882539394393,0.8524152234002886,1.3344536637079143,7.125,8.166666666666666,1,4
868317,39,2022,38,1.3,1.2,1.9,1.4,0.8577635055700976,0.7009252240467877,1.0538155414108248,1.1648790249437804,8.0625,3.8541666666666665,2,1
868321,39,2022,38,0.9,1.5,1.0,1.9,1.5517356336668606,1.1251217388068777,0.5888349972095711,1.0279369902832916,8.0625,8.0625,1,0
868323,39,2022,38,1.3,1.8,1.1,1.4,0.6363303456166705,1.0092750502554773,1.193402634641365,1.0138347880479839,5.854166666666667,7.125,2,1
868325,39,2022,38,0.9,1.9,2.0,1.2,1.180761825165811,1.3845005796641208,0.8538260790246535,0.5890801025146286,7.104166666666667,8.0625,4,4
882147,135,2022,37,1.6,0.8,0.9,1.8,0.7567617835897432,1.3313054488605354,0.9199172902055733,1.345901513131663,6.885416666666667,8.125,3,2
878304,140,2022,37,1.8,0.5,1.0,1.1,0.8328276318057682,4.516005043559817,0.8453665692697296,0.9729513081161452,4.875,2.9791666666666665,3,0
878302,140,2022,37,1.2,1.1,0.8,1.8,0.6380519374945042,1.8085596127107635,1.3432579061881689,0.5964036189270393,2.8958333333333335,3.9791666666666665,0,1
878305,140,2022,37,0.9,1.2,1.0,1.1,0.8078674257771659,0.6012604073054751,1.287895633541427,0.8491533676542026,3.875,2.8958333333333335,2,1
878303,140,2022,37,1.8,0.9,1.3,0.9,1.3319103029351134,1.777224519549225,1.661286179084138,0.5431983180052422,3.875,4.979166666666667,2,1
878307,140,2022,37,1.2,1.4,1.6,1.1,1.0593064501738767,1.4174111593763052,1.4949351309831354,0.6614601379948101,3.9791666666666665,3.9791666666666665,2,1
878309,140,2022,37,1.5,1.4,1.2,1.1,1.0661323275630534,0.9169126755112873,0.5161380387312872,0.893340163810557,4.979166666666667,3.875,1,2
878308,140,2022,37,1.3,1.7,0.9,1.7,1.11153719639502,0.8186793840905282,3.3904486222460495,1.2025222775758204,4.979166666666667,4.875,0,0
878306,140,2022,37,0.8,1.4,1.1,1.4,0.7990985835224992,0.8891909371347076,0.8022815347873509,1.0615081533379531,3.9791666666666665,4.979166666666667,1,0
878310,140,2022,37,1.1,1.2,1.4,1.8,0.7870745334799781,0.8464859289085149,2.1426868850897156,1.073791225088229,2.9791666666666665,3.875,2,2
882142,135,2022,37,1.5,0.9,1.7,1.1,0.869358621741714,2.3389757254683343,1.1909009133717994,1.582753395666617,6.0,8.0,0,1
882156,135,2022,38,1.2,1.6,1.4,1.1,1.0612950394573668,1.704011156967388,1.319263530060593,0.883975197619143,6.989583333333333,6.104166666666667,1,3
882158,135,2022,38,1.1,1.1,1.9,1.1,1.5819504623258394,0.3829641497331772,1.4694561224286842,1.2438963545955226,7.145833333333333,6.90625,0,1
882151,135,2022,38,0.9,1.8,1.3,1.6,1.847251794189178,1.3433255668689141,1.7513388145068691,1.0619648445071115,6.125,7.25,2,0
882152,135,2022,38,1.0,1.3,1.6,0.8,2.0885348324485213,1.037440080911043,0.9603847426666663,2.1146540973149035,6.354166666666667,6.125,0,2
878316,140,2022,38,1.6,1.1,1.8,0.9,1.167801585139038,1.0954793927269295,1.4080256475251076,1.5306232881343467,6.979166666666667,6.979166666666667,2,2
878315,140,2022,38,2.0,0.9,1.2,1.1,0.7036106317326684,1.2046577356706831,0.4147337593714277,1.6747114755347234,7.979166666666667,6.979166666666667,1,1
878314,140,2022,38,1.3,0.9,1.2,1.4,1.4552633668320403,0.8953628573206914,0.9273787074689115,0.7331934008802425,6.979166666666667,7.979166666666667,2,1
878321,140,2022,38,1.0,1.1,1.5,1.4,1.2031738284685942,1.439323426348969,0.959198134128106,1.1189099057490035,6.979166666666667,6.979166666666667,2,1
878313,140,2022,38,1.0,1.1,1.2,1.4,0.5494882700253243,1.2979486533057973,1.3540794956433229,1.1174110035945986,6.979166666666667,6.979166666666667,3,0
882153,135,2022,38,2.0,0.7,0.6,1.9,0.8966014107523796,1.7651451757830618,1.7512998828320563,1.3132711856461352,7.145833333333333,8.90625,2,0
878318,140,2022,38,0.9,1.7,0.9,1.2,2.203791604459932,0.7816394804242833,1.4124875641288952,0.7568609314152255,7.083333333333333,7.083333333333333,0,0
878312,140,2022,38,1.2,1.1,1.1,1.2,0.8584063918420033,0.8468832276889833,0.9552853154488545,1.0731325204572015,7.083333333333333,7.083333333333333,1,1
878319,140,2022,38,0.8,1.8,0.8,1.4,1.372265366295037,0.38766235230257556,0.9116015792896245,0.57797410913756,7.083333333333333,7.083333333333333,1,1
878320,140,2022,38,1.4,1.8,1.3,1.7,1.9156631419749819,1.1416511649942176,0.7224991776567631,0.5321415996588433,7.083333333333333,7.083333333333333,3,3
878317,140,2022,38,1.1,1.4,1.8,0.5,0.5214829976117781,1.0821677996696697,1.2068682637040524,2.9354032783138813,7.083333333333333,7.083333333333333,2,1
882157,135,2022,38,1.7,1.1,0.9,1.5,1.0680398420576827,1.0287897071833012,0.8673231461379368,1.020525569048135,7.010416666666667,7.354166666666667,3,1
882159,135,2022,38,1.2,1.3,1.5,0.9,0.7565281391602108,1.303696520354697,0.565083104132114,1.8142884699204305,8.25,7.010416666666667,0,1
882154,135,2022,38,1.3,1.0,0.8,1.7,0.7677512690020001,1.3964253676724443,0.6459837764581843,1.3302804003916915,8.125,8.25,2,1
882150,135,2022,38,1.7,1.3,1.3,1.4,1.0530349804589894,1.2940374409413895,1.0070221293644328,0.7297350756483347,8.010416666666666,7.25,5,2
882155,135,2022,38,0.9,1.2,1.4,1.3,1.068034512826343,0.49996308709060366,1.708638605895564,0.9664266889641846,7.25,7.25,2,3
1030674,135,2022,39,0.8,1.7,0.9,1.5,0.9820769546978196,1.271695834915233,1.0180529742825881,1.1924592669401113,6.989583333333333,6.989583333333333,1,3
1037952,140,2023,1,1.1,2.0,0.8,1.3,1.0327654911179216,0.8995685103664837,0.8801516721681599,1.6675671523364892,67.9375,68.04166666666667,0,2
1035037,39,2023,1,1.1,2.1,2.5,0.9,1.0,1.0,0.44713145501420026,0.7091635570187854,365.0,75.14583333333333,0,3
1037956,140,2023,1,1.3,1.4,1.1,1.2,1.0095091228177555,0.9592680182644654,0.9839519839673754,1.0025708605194033,68.14583333333333,68.04166666666667,1,2
1035038,39,2023,1,2.4,0.8,1.3,1.8,1.056478039340251,0.9480281114028895,1.593022931610557,0.9067045413073347,75.83333333333333,75.83333333333333,2,1
1035039,39,2023,1,1.4,1.8,1.6,1.9,0.3827427481862212,0.9588023185379407,1.0267218135269882,1.2051464583850358,75.9375,75.9375,1,1
1035042,39,2023,1,0.9,2.7,1.5,1.5,1.0,1.0,1.1768128671303004,1.122041318054253,365.0,75.9375,0,1
1035040,39,2023,1,1.4,1.6,1.4,2.2,0.902962558057387,1.3033252123673034,1.0,1.0,75.9375,365.0,4,1
1035041,39,2023,1,1.1,1.3,1.4,1.6,1.2992714367372606,0.7313291302244705,1.1997232476182906,1.2554340372315669,75.9375,75.9375,0,1
1037960,140,2023,1,1.3,1.0,2.2,1.2,1.428613496133134,0.9886988202214124,0.8896909083953901,1.3547914387368523,68.9375,68.9375,1,1
1035043,39,2023,1,2.2,1.6,2.0,1.6,0.8202392938936498,1.1900865983149127,1.1037001247744098,0.6735838517707629,76.04166666666667,76.04166666666667,5,1
1037957,140,2023,1,0.9,1.2,0.9,1.2,1.0,1.0,1.2984173755164607,0.8436666246487683,365.0,69.04166666666667,1,1
1037953,140,2023,1,1.6,1.0,2.3,0.7,0.676289906554391,1.2882215500066612,0.6570060015353254,1.189740491148907,69.125,69.125,0,2
1035044,39,2023,1,1.5,1.7,1.9,1.6,1.1268362498172764,0.3911592810188785,1.0799958211361136,1.0922817592381986,76.89583333333333,76.89583333333333,2,2
1037955,140,2023,1,1.2,1.5,1.2,1.5,1.9362366757203828,0.8777146253408408,1.4095629885045862,1.201772348338951,69.83333333333333,69.9375,0,2
1035045,39,2023,1,2.0,1.7,2.3,1.1,1.219446432203949,1.482422933260289,1.0781448461028669,2.2236428073752488,77.0,77.0,1,1
1037959,140,2023,1,1.7,1.7,1.3,1.2,1.369140474784819,1.1557484739593729,0.8629988769195245,0.9134906269234591,70.04166666666667,69.9375,1,2
1037958,140,2023,1,1.1,1.4,2.1,1.2,0.9181169166837819,0.4919596054198966,0.9587699269631897,3.5052848581767497,70.02083333333333,70.02083333333333,0,0
1037961,140,2023,1,0.7,1.4,0.9,1.2,0.8975757487604781,0.7678706709394141,1.0,1.0,70.9375,365.0,1,0
1035046,39,2023,1,1.5,1.5,1.3,1.7,1.4538337780721966,0.7535878272136447,0.6418820180792062,1.3982821277287176,78.14583333333333,78.14583333333333,1,0
1037954,140,2023,1,1.8,1.1,1.0,2.1,1.3589035395781885,1.6049745817317698,1.0,1.0,71.125,365.0,3,1
1037964,140,2023,2,0.9,1.2,1.7,1.7,1.2733694422338475,0.9777814541698475,1.1172697399826814,1.1709197659921444,6.0,5.0,0,1
1035053,39,2023,2,1.3,1.8,0.9,2.7,1.5857052901622466,0.8542885074053231,0.0,0.4037037037037037,6.302083333333333,6.197916666666667,2,1
1037971,140,2023,2,1.1,1.2,0.9,1.2,1.241841516851521,0.9489467003632531,1.2268518518518519,1.2268518518518519,6.979166666666667,6.083333333333333,1,0
1035056,39,2023,2,1.3,1.7,1.4,1.6,0.417223311751484,1.1332951477295488,1.3301074809191198,1.102630138038747,4.791666666666667,7.0,1,4
1035049,39,2023,2,1.4,1.6,1.5,1.7,1.0942431878749659,0.8160321242005185,1.2093185623812295,0.6085878979873485,7.0,6.041666666666667,0,3
1035050,39,2023,2,2.3,1.1,1.4,1.8,0.8471496486880912,1.705481461157548,0.4639143652684123,0.8219194237163282,5.9375,7.0,3,1
1037969,140,2023,2,1.3,1.0,1.2,1.5,1.225874413512178,0.8534496876893727,1.258553839218249,1.0857922842493244,7.0,6.0,1,1
1052255,135,2023,1,1.2,1.8,1.4,1.3,1.0,1.0,0.8195014433048363,1.1473443642589902,365.0,76.0,1,3
1052254,135,2023,1,0.8,1.4,1.0,1.3,1.357547641091539,1.1067879756691008,1.5435971783817215,1.149890190177739,76.89583333333333,68.90625,0,1
1035054,39,2023,2,1.9,1.6,1.5,1.5,1.0563316490635513,1.186858143504829,1.1694037204528103,0.4898320876888691,6.145833333333333,4.895833333333333,2,0
1037962,140,2023,2,1.1,2.0,2.3,0.7,0.6712975692266491,1.1644070317382145,0.8303147705631789,0.7733313192467896,8.0,6.916666666666667,1,3
1052256,135,2023,1,1.2,1.2,1.6,1.2,1.0,1.0,1.4598650445393855,0.9153035754221399,365.0,78.01041666666667,1,4
1052257,135,2023,1,2.3,0.6,1.0,1.3,1.1703378671384534,0.8085326304870897,1.1868129047969402,1.419180740347888,77.09375,75.98958333333333,2,0
1035052,39,2023,2,2.5,0.9,2.2,1.6,0.6176354457592302,0.46095631206221055,1.3460106546672361,0.9523844139046933,8.0,7.104166666666667,1,0
1037967,140,2023,2,1.2,1.5,1.6,1.0,1.4314937203057587,0.7811520264203182,0.4395884392603542,1.2406048770695473,6.1875,7.0,0,2
1035047,39,2023,2,2.0,1.6,1.1,1.3,0.8962332061033664,1.2506846172873596,0.8445264338792194,0.7897870115689829,7.854166666666667,7.958333333333333,4,0
1035055,39,2023,2,1.6,1.9,2.0,1.7,0.866067095459209,0.9984767768976417,1.0527538172962032,1.1099304053404155,8.0625,7.0,3,1
1052260,135,2023,1,1.1,2.0,1.9,1.1,1.0305614726169854,1.7099510020288022,1.6293256784748136,1.3733728573219621,78.91666666666667,76.89583333333333,0,2
1052259,135,2023,1,1.7,1.2,0.8,2.1,0.9060518995119335,1.4698639889870888,1.1383702294294649,1.3149299267074,76.89583333333333,77.89583333333333,2,2
1037970,140,2023,2,2.2,1.2,1.1,1.4,0.789094545002458,1.177890076204595,0.5967759958444583,0.3197737435229328,8.083333333333334,6.895833333333333,3,0
1037963,140,2023,2,2.1,1.2,0.7,1.4,0.6232004525260734,2.2784351578148874,1.1355075700276442,0.49911593611061916,6.916666666666667,6.0,2,0
1052258,135,2023,1,0.8,1.4,1.3,1.0,1.4630258521405417,1.1281010066088923,1.056702005810256,1.3745251632546873,76.98958333333333,77.98958333333333,2,1
1052262,135,2023,1,1.0,1.4,1.4,0.8,0.491743290454137,1.0780437638715787,0.5979450433268997,1.1792875054482799,76.98958333333333,76.98958333333333,0,3
1037968,140,2023,2,1.3,1.2,1.8,1.1,0.9806325279162429,0.8210973388727973,1.251342856281378,1.4648243872165594,7.083333333333333,6.0,0,0
1052261,135,2023,1,0.9,0.9,1.1,1.8,1.0282678005117956,0.46411808488637385,1.0,1.0,79.0,365.0,0,0
1037966,140,2023,2,0.9,1.2,1.3,1.4,0.0,1.5773809523809526,0.953456570857182,1.2257969391446297,6.979166666666667,9.875,4,3
1052253,135,2023,1,1.4,0.8,2.0,1.3,1.9137400938321165,1.3969807666301386,1.2233435443963172,1.123006238962075,77.98958333333333,77.98958333333333,0,2
1035048,39,2023,2,1.5,1.5,2.4,0.8,0.9062246599309915,0.7293268567352644,0.9516412811267188,1.1664586570272628,9.208333333333334,9.3125,0,1
1037965,140,2023,2,1.0,2.1,0.8,1.3,1.2045454545454544,1.0515873015873014,1.1517860869093037,1.083918649018718,7.0,10.083333333333334,0,2
1037975,140,2023,3,0.9,1.2,1.3,1.0,0.7974537037037037,1.1487794612794613,1.0346388816034284,0.9412006303314256,6.916666666666667,6.104166666666667,0,0
1035062,39,2023,3,2.0,1.7,1.4,2.2,0.8348820865056901,1.3526128517065643,0.7299107142857144,2.1233766233766236,5.145833333333333,13.208333333333334,3,0
1037973,140,2023,3,1.2,1.5,2.3,0.7,1.2045183288251953,0.9435854975825736,0.8421502530399794,1.1049380847831403,6.1875,6.083333333333333,0,1
1035057,39,2023,3,1.4,1.8,1.9,1.6,0.673135246515377,0.9489215384590917,1.0881945192597295,0.7714577932781389,6.895833333333333,6.791666666666667,0,2
1035063,39,2023,3,1.1,1.3,1.3,1.7,0.5489421820214927,1.3937461729044542,0.5463153449461569,1.6984065519065599,6.041666666666667,7.0,0,1
1035058,39,2023,3,2.4,0.8,1.4,1.6,0.7775251660657005,0.7581981270677208,0.7112580721187278,1.245733380730337,4.791666666666667,7.0,2,2
1035059,39,2023,3,1.5,1.7,1.5,1.5,1.5013695655477992,0.3955821336917765,0.5890460289551446,0.6330207902112552,7.0,4.791666666666667,1,1
1035064,39,2023,3,1.5,1.5,1.3,1.8,0.7601124182943267,0.719969804366186,1.3567768146738364,0.9085282705542008,6.895833333333333,7.802083333333333,3,2
1052270,135,2023,2,1.0,1.3,0.8,1.4,0.7714283881180112,1.2256447387512108,0.8824059667095004,1.0431621841849155,6.90625,7.0,2,0
1035060,39,2023,3,1.4,1.6,1.6,1.9,1.826334568479781,0.9918297820328779,1.1941017002837802,0.799602010246625,7.104166666666667,6.041666666666667,1,3
1052265,135,2023,2,1.2,1.8,1.9,1.1,0.8301282051282051,1.5416666666666665,1.297614322587576,0.8926923572592754,7.0,6.0,2,1
1037976,140,2023,3,0.7,1.4,1.1,2.0,0.7380799205179688,0.6399015489480929,1.038616147270049,1.0593102228037525,5.979166666666667,6.979166666666667,1,1
1037974,140,2023,3,1.0,2.1,0.9,1.2,0.7829545454545453,1.235615079365079,0.8276901374520009,0.8628863765829499,4.916666666666667,8.0,3,2
1052266,135,2023,2,1.0,1.3,1.7,1.2,1.327088165948119,0.7474286236155303,0.8428553033102077,1.899682426174941,7.09375,6.09375,2,1
1052269,135,2023,2,2.0,1.3,0.9,0.9,1.3617358038576062,0.7299540553253487,0.6683740703326672,0.301676755176143,5.0,5.09375,4,1
1037979,140,2023,3,1.3,1.4,2.2,1.2,1.5115736941340912,2.2689902326662317,0.9646159997061432,0.7656285495329868,5.104166666666667,6.104166666666667,1,2
1035061,39,2023,3,1.1,2.1,2.0,1.6,0.0,0.9342857142857145,1.4629361993518035,0.8129450012367837,15.75,7.0,1,3
1035066,39,2023,3,0.9,2.7,2.5,0.9,0.35324074074074074,0.5884757834757834,0.5445255397434996,0.2996216028404369,8.760416666666666,7.75,1,2
1035065,39,2023,3,2.2,1.6,2.3,1.1,0.8749069255337035,0.7621123690380507,0.9653211846907375,1.4801538588433152,7.854166666666667,8.0625,1,2
1037978,140,2023,3,1.7,1.7,2.1,1.2,0.953553762361292,0.7610978478948939,0.7205564846181381,1.4809828525796769,8.916666666666666,6.916666666666667,3,4
1052267,135,2023,2,1.4,0.8,1.4,0.8,1.082414278162485,0.766536878541382,1.2439310609908758,1.47459999830959,6.90625,5.90625,1,1
1052264,135,2023,2,1.6,1.2,0.8,1.4,1.893183112283934,0.9097042684688355,2.0840918038913516,0.9823041158342416,7.90625,6.90625,2,2
1037980,140,2023,3,1.1,1.2,1.2,1.5,1.1585227435292462,0.6168153552361145,0.9304709181987432,0.8942071505065401,8.916666666666666,7.916666666666667,1,2
1052268,135,2023,2,1.3,1.0,1.2,1.2,0.935894765315128,2.0265663561155467,0.8993055555555556,2.697916666666667,7.0,8.0,0,1
1052271,135,2023,2,1.4,1.3,1.1,2.0,1.0722592714814767,1.0363187085632153,0.6698649572010406,1.3500207828976687,8.09375,7.09375,2,0
1037972,140,2023,3,1.6,1.0,1.3,1.2,0.6721908188525635,0.8063931700952057,0.6374111431455579,0.5337132702673183,8.0,7.0,4,2
1052272,135,2023,2,0.8,2.1,1.0,1.4,1.6842114824624854,1.108626020987261,0.31963313879518906,1.3944784465165263,8.0,7.90625,1,1
1037981,140,2023,3,1.1,1.4,0.9,1.2,0.3879043972988979,0.6595574787444518,1.472222222222222,1.917124542124542,8.020833333333334,7.020833333333333,1,0
1052263,135,2023,2,1.1,1.8,2.3,0.6,0.0,0.0,1.0638968711650785,0.5255462098166083,7.09375,9.0,0,2
1037977,140,2023,3,0.8,1.3,1.8,1.1,1.3007442898243806,0.7045471218621667,0.8133728565828957,0.9521358516907636,7.0,8.0,0,7
1052280,135,2023,3,1.1,2.0,1.0,1.3,0.4354122221806764,1.2012635088834847,1.618023974532944,0.6909191030876513,4.90625,5.90625,3,1
1037985,140,2023,4,0.7,1.4,1.7,1.7,0.8110019483366797,0.7170723704526241,1.3017952396524868,1.0143214442689361,6.020833333333333,5.083333333333333,3,1
1052279,135,2023,3,1.7,1.2,2.0,1.3,0.7529464448891916,1.9902102436803784,1.8923504947296663,0.861863298354639,6.0,6.0,1,2
1035074,39,2023,4,1.4,2.2,1.6,1.9,0.4744419642857144,1.77036525974026,1.446771573934457,0.7348728856076747,7.0,6.104166666666667,1,2
1037982,140,2023,4,1.1,2.0,1.2,1.5,0.9762368593618955,1.0198016448224392,0.782936913736377,0.7477508632837453,6.125,7.020833333333333,2,3
1035076,39,2023,4,0.9,2.7,1.1,1.3,0.936087962962963,0.5520648148148148,0.35681241831397026,1.2445444798435166,5.9375,6.895833333333333,2,2
1037991,140,2023,4,1.3,1.0,1.0,2.1,0.6725152730422285,0.6117804097154267,1.6682954545454542,1.2938905423280422,7.770833333333333,6.770833333333333,5,3
1035068,39,2023,4,1.5,1.7,1.4,1.8,1.2302235509394028,0.4815401516055371,0.4375379102349951,0.9514481228054272,7.0,7.104166666666667,2,2
1035075,39,2023,4,2.5,0.9,1.4,1.6,0.5234971563888303,0.9012355233277655,1.4841927468771732,1.107773572474719,6.041666666666667,7.0,5,1
1035071,39,2023,4,2.0,1.7,1.3,1.8,0.9328438107741531,0.8791983536092668,1.4688280064610706,1.226376709193564,7.791666666666667,7.0,0,1
1035070,39,2023,4,1.1,2.1,1.9,1.6,0.32514204545454545,1.0160357142857144,1.0419755603258418,0.5014475656307903,6.041666666666667,7.104166666666667,2,5
1037990,140,2023,4,2.3,0.7,1.1,1.4,0.6818179543310591,0.7182097551090412,0.6034636158200412,0.42871236118389366,7.78125,4.864583333333333,2,1
1037987,140,2023,4,0.9,1.2,1.1,1.2,0.9569444444444444,1.5974567099567099,1.0341003893546161,1.0450272031256966,4.958333333333333,5.958333333333333,1,0
1035069,39,2023,4,1.4,1.6,2.2,1.6,1.402249048459226,1.3152948270713707,0.8051564437456676,0.8063784746573417,7.0,6.041666666666667,3,1
1052274,135,2023,3,1.4,0.8,1.1,1.8,1.2132426896440691,1.3631774989012335,0.0,0.2189613526570048,6.0,4.90625,2,1
1052282,135,2023,3,1.0,1.4,1.2,1.8,0.4235948735502062,1.311098490235742,1.2263257575757573,1.134612573099415,5.0,7.0,0,0
1052273,135,2023,3,1.9,1.1,1.0,1.3,0.9759785494480063,1.2669924564609532,1.1489284522767074,0.7966690801882871,7.09375,7.09375,3,0
1052278,135,2023,3,1.4,1.3,1.3,1.0,1.02071852646296,0.6736071605660899,0.6083315974548332,1.6949764648084387,6.0,6.0,1,2
1037984,140,2023,4,1.3,1.2,0.8,1.3,1.127778781506151,1.3130594590070903,0.8454837883858475,1.8452419539967329,5.979166666666667,4.979166666666667,1,0
1037986,140,2023,4,2.2,1.2,0.9,1.2,0.9281367634453568,0.7949341982220823,0.5183449074074075,0.7467066498316499,7.6875,8.770833333333334,1,0
1035073,39,2023,4,2.3,1.1,2.0,1.6,0.9384642048315881,1.1985669503969152,1.3596585295786723,0.8535562962584549,6.895833333333333,7.0,3,0
1035072,39,2023,4,1.5,1.5,1.3,1.7,0.6072916835267264,0.6657968469706492,0.6937144416706233,1.103964258739264,7.958333333333333,7.958333333333333,3,2
1037988,140,2023,4,0.9,1.2,1.6,1.0,1.0287393300845413,1.7202511447789173,1.4030698655874996,1.237617099023422,7.864583333333333,6.78125,0,0
1035067,39,2023,4,2.4,0.8,1.5,1.5,0.8034382329427054,1.5147037825940186,1.1299064052246457,1.0549034497610978,8.0625,8.0625,3,1
1052276,135,2023,3,2.3,0.6,1.6,1.2,0.9104943189143058,0.34160503638079537,1.635256522984557,1.5355786078380764,5.90625,7.0,4,0
1052281,135,2023,3,0.9,0.9,1.2,1.2,0.821836308109396,1.2033121130867153,0.9622569444444444,1.7536458333333336,7.90625,6.90625,1,0
1052277,135,2023,3,0.8,1.4,0.8,2.1,2.298930505862712,1.043185175292257,1.4994249636006156,0.9364402469750529,7.09375,6.09375,2,0
1052275,135,2023,3,0.8,1.4,1.4,0.8,0.5735638783611753,1.325555419720195,1.1082567808056152,0.9029364710518983,8.09375,7.09375,0,2
1037989,140,2023,4,1.2,1.5,2.1,1.2,1.2489033190514052,0.8622952538898571,0.9879695581390447,1.644624148294437,7.0625,7.145833333333333,1,2
1038001,140,2023,5,0.8,1.3,0.9,1.2,0.5495644624508009,1.473815554121545,1.051412037037037,1.0383468614718614,13.0,13.104166666666666,2,0
1035086,39,2023,5,1.3,1.7,2.3,1.1,1.037837464008982,1.3908120622981688,1.0765098853144455,0.7790685177579949,12.9375,12.9375,1,3
1037992,140,2023,5,1.6,1.0,0.7,1.4,0.9119954126318748,0.8044511143652244,1.6962689134776654,0.6609499819706762,12.90625,14.770833333333334,3,0
1052289,135,2023,4,1.4,0.8,1.3,1.0,1.1828669075236498,0.5869087061837339,0.9318060708900202,1.425484702125485,12.760416666666666,13.760416666666666,3,1
1035084,39,2023,5,1.9,1.6,0.9,2.7,1.394389377369692,0.9762250085691047,1.5866623041310541,0.7441956649831649,14.0,14.104166666666666,2,1
1035080,39,2023,5,1.4,1.6,1.4,2.2,1.4188919521368293,1.4353653221085674,0.5235188557330829,1.4758794642857145,14.0,14.791666666666666,1,0
1035085,39,2023,5,1.6,1.9,2.5,0.9,1.2655435685119425,0.6927989545923571,1.0555856516527398,1.0399697568297142,14.791666666666666,14.0,1,3
1035078,39,2023,5,2.0,1.6,1.5,1.5,0.883778044226137,1.0213197447419087,1.0679748884100193,1.019691027453999,13.041666666666666,13.041666666666666,3,1
1035081,39,2023,5,1.5,1.5,1.4,1.6,1.2113141633960196,1.1625622423447137,1.6778681314984971,1.0175126603236637,12.9375,13.895833333333334,1,3
1037998,140,2023,5,1.1,1.2,1.8,1.1,0.6721652530805005,1.1086658301798509,1.915978681565207,0.6188883035989964,13.90625,18.78125,3,0
1052288,135,2023,4,2.3,0.6,2.0,1.3,1.2487053652653133,0.222043273647517,1.6077361549076166,0.7653016416680719,12.979166666666666,14.885416666666666,5,1
1037994,140,2023,5,1.2,1.5,0.9,1.2,1.088596493928645,1.0481592732556464,0.6686805645549518,1.1181632441062963,14.854166666666666,13.09375,0,1
1035082,39,2023,5,2.2,1.6,1.5,1.7,0.6859227111619567,1.2905522585272722,1.2235341969995008,0.7938834514847757,14.0,14.104166666666666,1,0
1052286,135,2023,4,1.2,1.2,1.4,1.3,0.6254670138888889,1.5595457175925929,0.987217042200924,0.974235186912337,13.09375,14.0,2,2
1037993,140,2023,5,2.1,1.2,1.3,1.2,0.9366246572348235,1.3910543075024953,1.0074644920026667,0.8534886483546087,13.0,14.0,5,0
1052283,135,2023,4,1.1,1.8,1.0,1.4,0.5150568181818181,0.5020471014492753,0.27533666780763405,0.8522140186532324,14.75,14.75,0,0
1037995,140,2023,5,1.1,1.4,1.2,1.5,0.994524077555754,0.5667065130304005,1.1338357684945244,0.8549363594728515,14.90625,13.708333333333334,3,2
1052290,135,2023,4,1.0,1.3,0.8,1.4,0.7468034939798598,1.0683409749968806,2.033888162144096,0.678070363939967,14.760416666666666,13.760416666666666,1,1
1052285,135,2023,4,1.2,1.8,1.1,2.0,0.7971117424242423,0.7374981725146198,1.2338920702915652,1.007446280774265,14.854166666666666,15.854166666666666,4,2
1035077,39,2023,5,1.4,1.8,2.0,1.7,0.7652819945939233,1.0423301687124167,0.6063484770031996,0.8304155814297338,14.958333333333334,14.958333333333334,0,0
1037997,140,2023,5,1.7,1.7,1.1,2.0,1.0410198469505871,1.8284265858336322,1.196675170706444,1.2425585691345855,15.864583333333334,15.760416666666666,2,1
1035079,39,2023,5,1.1,1.3,2.4,0.8,0.6172816072576159,1.7871590401034139,0.9991098514127587,1.461432458686112,15.166666666666666,14.0,0,1
1052284,135,2023,4,1.6,1.2,1.9,1.1,1.0629167399399622,1.6550101530657644,1.184892130015698,0.8235450966996196,13.979166666666666,14.885416666666666,3,2
1038000,140,2023,5,1.3,1.4,0.9,1.2,1.2797985422128002,1.7759800148694143,0.33692418981481487,0.6610222011784512,21.875,14.1875,1,0
1052291,135,2023,4,1.7,1.2,0.8,1.4,0.694505686915531,1.6713449917255794,0.372816520934764,1.3241110228181268,16.0,14.0,7,0
1037996,140,2023,5,2.3,0.7,1.3,1.0,0.7312251485760579,1.069109068093604,1.2864939018364225,1.7889072663150272,15.197916666666666,15.291666666666666,2,1
1052292,135,2023,4,0.8,2.1,0.9,0.9,0.9746262263404002,1.1482694938671176,0.9538695261970332,0.782152873506365,14.90625,15.0,0,3
1052287,135,2023,4,1.0,1.3,1.4,0.8,1.2783405834464139,1.3999715428810988,1.1483299704908672,1.40112219246762,17.09375,16.09375,0,0
1035083,39,2023,5,1.3,1.8,1.1,2.1,1.2136748557834063,0.7971448609758166,0.8616264204545454,1.3775284774436092,16.197916666666668,16.197916666666668,1,1
1037999,140,2023,5,1.0,2.1,2.2,1.2,2.475642045454545,1.6903878268722017,0.7789517750273607,0.5167072288443535,16.291666666666668,15.291666666666666,2,4
1052299,135,2023,5,0.8,2.1,1.2,1.8,0.6335070471212602,1.465819615458071,1.2735392992424241,0.9372020949627856,4.0,5.145833333333333,1,1
1052297,135,2023,5,0.8,1.4,1.2,1.2,1.7578446130859702,0.7644957365609786,0.9876433026175213,1.5532880497685184,5.239583333333333,6.0,1,0
1038009,140,2023,6,0.9,1.2,1.6,1.0,0.683417824074074,1.6410712932900433,1.2138907682107187,0.5228932243373959,7.0,6.291666666666667,0,2
1038006,140,2023,6,2.2,1.2,0.9,1.2,0.9078338052829359,1.1087763654154965,0.7781608854792372,0.7268061086690927,4.708333333333333,6.8125,5,3
1052298,135,2023,5,2.0,1.3,1.0,1.3,1.4227368340232842,1.255389210896956,0.8309213792401691,0.9099815028727143,6.875,4.760416666666667,1,0
1035095,39,2023,6,2.5,0.9,1.3,1.8,1.0475517262058598,1.0733761752726476,0.9985040408745987,0.8071593111494324,7.0,4.802083333333333,2,0
1035092,39,2023,6,1.5,1.5,1.4,1.6,0.9326211774665125,1.2350491678450994,1.1080752234343936,0.9329874593705688,7.0,7.0,0,0
1035094,39,2023,6,1.4,2.2,1.3,1.7,0.3402872562265039,1.1451171063311691,1.0747691767806635,1.3430943366574928,7.0,7.104166666666667,1,1
1038007,140,2023,6,1.2,1.5,1.3,1.4,1.2890765828547743,1.3988904518391716,1.129144693463961,1.1543870096651192,6.09375,5.90625,0,0
1052300,135,2023,5,1.1,2.0,1.4,0.8,1.2598581285178,1.410256749169939,1.7401134898903723,0.8173079667117348,6.125,7.125,4,2
1038004,140,2023,6,2.1,1.2,1.2,1.5,1.528944916091524,0.904185299876622,0.7075877210536192,1.0248220461346886,6.895833333333333,7.0,3,2
1035088,39,2023,6,1.5,1.7,1.1,1.3,0.7952972280496756,0.6690322648554785,0.40123304471745036,1.3450668376056805,7.0,6.041666666666667,1,3
1052296,135,2023,5,1.3,1.0,1.0,1.3,1.0414912537708207,1.8978150563815652,0.8091722710869089,1.13023894144028,7.239583333333333,6.239583333333333,1,1
1035090,39,2023,6,1.1,2.1,1.5,1.5,0.8490723248106061,1.1050088949537307,1.0257917062074127,1.5731654575240641,5.010416666666667,7.208333333333333,0,1
1038002,140,2023,6,1.1,2.0,1.1,1.2,1.0258335133656058,1.0804571875845395,1.586700802932077,0.7206327896169031,6.197916666666667,7.197916666666667,2,2
1052295,135,2023,5,0.8,1.4,2.3,0.6,0.2423307386075966,2.1937604001259,1.5696016312351628,0.5220364612042194,6.65625,7.770833333333333,0,1
1038010,140,2023,6,1.3,1.0,1.1,1.4,1.3458364208090594,1.566050592669985,1.4896224685930581,0.9204425668030938,6.708333333333333,7.0,4,3
1052302,135,2023,5,1.0,1.4,1.6,1.2,0.17896883407496214,0.5539391121246011,1.4634811082337027,1.4733443187909925,7.104166666666667,6.875,0,2
1052293,135,2023,5,1.9,1.1,1.1,1.8,1.1677676038084495,1.30788954012748,0.3347869318181818,0.326330615942029,6.875,7.104166666666667,2,0
1035093,39,2023,6,2.3,1.1,1.6,1.9,1.1387979216180726,0.9065693617175219,1.219999152866096,0.8117403731166111,8.0625,7.958333333333333,3,1
1035087,39,2023,6,2.4,0.8,1.9,1.6,0.8328348649567546,0.9499310981459729,1.1294525104949782,1.0319420889032513,6.895833333333333,7.958333333333333,2,2
1035091,39,2023,6,2.0,1.7,2.0,1.6,0.39412651005207977,0.539770127929327,1.1467057287469893,0.9022953340822406,7.0,7.958333333333333,0,1
1035089,39,2023,6,1.4,1.6,1.4,1.8,1.9081142854740232,0.8998207292103814,0.49743329648605017,0.6775146096630709,7.958333333333333,7.0,3,1
1038008,140,2023,6,0.8,1.3,1.7,1.7,1.323362733926354,0.9579801101790043,0.9494570181649404,1.436471933198278,8.802083333333334,7.0,1,1
1035096,39,2023,6,0.9,2.7,2.2,1.6,1.4287263310185185,0.7068265974437355,0.5988577836456461,0.838858968042727,8.0625,7.958333333333333,0,8
1052294,135,2023,5,1.4,0.8,1.4,1.3,0.7464144808190637,0.910729425103953,1.1812744107639337,1.2143426150827628,5.885416666666667,7.885416666666667,0,0
1038011,140,2023,6,0.9,1.2,1.0,2.1,0.21900072337962967,0.7269400717916343,2.3820839962121214,1.5002672389820826,7.0,5.895833333333333,1,0
1038005,140,2023,6,1.3,1.2,0.7,1.4,0.6548519198017334,1.4749065103193844,1.1025747937604826,1.0507112382809396,7.895833333333333,8.1875,1,1
1052301,135,2023,5,0.9,0.9,1.7,1.2,1.339459636472516,0.5083993677791373,1.784516931789213,1.0863742446216267,6.09375,7.0,1,1
1038003,140,2023,6,1.8,1.1,2.3,0.7,1.2453861430173845,1.5520707857690994,0.8785572161396551,1.2045362788762273,8.197916666666666,7.0,3,1
1038014,140,2023,7,1.3,1.4,1.1,2.0,0.7339440507515748,0.7503515562823275,1.3694432988391587,1.1238880810208598,3.1145833333333335,2.9166666666666665,5,1
1052309,135,2023,6,1.4,0.8,0.8,1.4,1.454823768428742,2.5914774510899004,1.6147344151725473,0.4969222287646361,3.1145833333333335,4.0,1,0
1038016,140,2023,7,0.9,1.2,2.1,1.2,1.7939990200059484,1.350738364574304,1.4354808621261572,1.2318176671420265,3.3125,3.125,2,2
1052307,135,2023,6,1.0,1.3,1.9,1.1,0.5400988965061099,0.7658148999441874,1.0241074220076558,0.850128201082862,4.145833333333333,3.1458333333333335,0,1
1052303,135,2023,6,1.1,1.8,2.0,1.3,0.2176115056818182,0.4771733798944826,1.0991058651920578,0.8160029870830214,3.1458333333333335,4.145833333333333,1,3
1052304,135,2023,6,0.8,1.4,0.8,2.1,0.1575149800949378,1.5667051296470524,0.7265365250732635,1.1326438611588572,3.25,5.0,1,0
1038020,140,2023,7,2.3,0.7,0.9,1.2,0.7543625857476928,1.8871152479362143,0.38772084056712963,0.47251104666456234,2.9166666666666665,3.0208333333333335,2,0
1038012,140,2023,7,1.6,1.0,1.1,1.4,1.272101916003634,0.33988059581930735,2.2330273318582146,1.6175184376527802,4.916666666666667,3.2083333333333335,2,2
1038018,140,2023,7,1.7,1.7,2.2,1.2,0.8269886907664874,1.2746994036377042,1.4684063673733023,2.008899081964517,3.1145833333333335,4.208333333333333,1,2
1052312,135,2023,6,1.4,1.3,1.0,1.4,0.7678283669965569,0.7893226998037958,0.11632974214872539,0.7647479228809907,3.1145833333333335,3.2395833333333335,4,1
1052310,135,2023,6,1.3,1.0,0.9,0.9,0.9451645812232228,1.6868297866480173,1.2903246896330614,0.6267014191217988,4.0,3.0,2,0
1052308,135,2023,6,2.3,0.6,1.1,2.0,1.1610019298680732,0.3393236997827426,2.8791350562638427,1.2404168869604604,3.34375,4.114583333333333,1,2
1038019,140,2023,7,1.1,1.2,1.3,1.0,1.452946430996759,1.1710628284025022,1.894024442756658,2.2827056125082175,4.020833333333333,3.3125,0,1
1038013,140,2023,7,0.7,1.4,0.8,1.3,1.2687569492776472,0.9377699971903031,1.2011784241109535,0.8325287005756288,3.125,3.21875,0,0
1052305,135,2023,6,1.2,1.8,1.6,1.2,1.0076616556186868,0.9239383061702551,1.3559502203519067,0.9576738072141452,6.0,4.145833333333333,1,1
1052311,135,2023,6,1.0,1.3,1.4,0.8,0.9792119762064907,1.0028505782083714,0.48516941253239143,0.5919741263175695,4.90625,4.020833333333333,0,0
1038021,140,2023,7,1.2,1.5,0.9,1.2,1.1040292409070747,1.1078009966542142,0.4442215856481481,1.5497692573051949,5.020833333333333,5.916666666666667,1,1
1038017,140,2023,7,1.0,2.1,1.3,1.2,1.548354597537879,1.220544075708724,0.6804614401788192,1.5107725650409334,4.020833333333333,4.020833333333333,1,1
1052306,135,2023,6,1.2,1.2,1.7,1.2,0.6419681467013889,1.4817726490162038,1.456177835728348,1.1258191849299832,6.0,4.0,4,1
1038015,140,2023,7,1.2,1.5,1.8,1.1,0.8378997788556033,0.9092787936954616,1.9136676596279665,1.1921464060068316,5.21875,4.020833333333333,0,2
1038024,140,2023,8,2.1,1.2,1.3,1.4,1.3011181159375578,1.6594777799386136,1.3688905560654465,0.7888648752198766,2.9791666666666665,3.0833333333333335,1,0
1035098,39,2023,7,2.0,1.6,1.4,1.6,0.9136675472149548,0.5864919671534564,1.9215242855581152,0.8403522239867479,5.9375,5.9375,6,1
1038026,140,2023,8,1.1,1.4,1.7,1.7,2.2946495838896572,1.4654494844743071,0.7648710803707658,1.076549264770925,2.7916666666666665,2.7916666666666665,0,0
1052316,135,2023,7,0.8,1.4,1.4,1.3,1.0495773698621558,0.5542494486970135,1.424088438547762,0.8617136010263133,3.7604166666666665,2.7604166666666665,0,4
1035097,39,2023,7,1.4,1.8,2.4,0.8,0.5788003927159326,1.121634496280996,0.8393895372218906,1.370415740110672,6.041666666666667,6.041666666666667,0,4
1035105,39,2023,7,1.6,1.9,0.9,2.7,1.118141494817508,0.9204802127775135,0.9286721151620371,1.2301443590454986,6.041666666666667,5.9375,2,0
1035099,39,2023,7,1.1,1.3,1.4,2.2,1.1788496074085888,1.1677549829052307,0.4616278930178158,0.9444135317026725,6.895833333333333,7.0,1,2
1035106,39,2023,7,1.3,1.7,2.5,0.9,0.898687377494844,1.1134524952979588,0.9352419553671423,0.6976945139272209,7.0,7.0,2,1
1035101,39,2023,7,1.5,1.5,1.5,1.5,0.8484312757014849,1.0225575473906416,0.6062037653532332,0.8027819590993147,6.791666666666667,7.0,0,1
1035102,39,2023,7,2.2,1.6,1.1,2.1,1.1599646300767406,0.5452583292277725,0.551897011126894,0.8999224483865916,5.9375,6.791666666666667,2,0
1038031,140,2023,8,0.8,1.3,0.9,1.2,0.7807659756721198,0.5411436553741588,2.024895659300163,1.2460354925288533,2.78125,3.78125,2,2
1052317,135,2023,7,2.0,1.3,1.3,1.0,1.092127145708171,0.8473599835620058,1.3891433025814193,1.0964393613212113,2.9791666666666665,2.8854166666666665,2,0
1035104,39,2023,7,1.9,1.6,2.3,1.1,1.4871046581375253,0.9688092327871134,1.1330676193034634,0.9144121305709347,6.145833333333333,6.145833333333333,2,1
1038027,140,2023,8,2.2,1.2,2.3,0.7,1.2024587911990636,1.5331128346494851,0.8263864053736815,1.2266249111585394,2.9791666666666665,2.9791666666666665,0,3
1052319,135,2023,7,0.8,2.1,2.3,0.6,0.4722487412976213,1.0060101764199239,0.8531838631098998,1.594045253343631,3.09375,3.0,0,4
1038029,140,2023,8,1.3,1.0,1.6,1.0,1.5283915288174688,1.4837586481303413,1.240928745402362,1.064104205464368,2.9791666666666665,3.0833333333333335,3,0
1052314,135,2023,7,1.4,0.8,0.8,1.4,0.3153601181460544,0.3847831821064202,0.3721764037283762,1.0183583342705842,2.75,3.75,3,0
1038022,140,2023,8,1.1,2.0,1.0,2.1,1.1912745078818168,1.6223541757404818,1.3928888217329547,0.9632254440824655,4.791666666666667,2.7916666666666665,3,3
1052322,135,2023,7,1.0,1.4,1.2,1.2,0.4242681785505177,1.422086149872644,1.6763070731336804,1.185333594409552,3.7604166666666665,2.7604166666666665,2,2
1035103,39,2023,7,1.3,1.8,1.5,1.7,0.6490276265684891,0.7789868855804645,0.8104047366938276,1.3529191004983072,7.958333333333333,7.854166666666667,1,1
1038028,140,2023,8,0.9,1.2,1.2,1.5,0.6322625491898148,1.3293986283594879,0.5446348562561422,0.9345497344205687,2.8854166666666665,2.78125,0,2
1052313,135,2023,7,1.9,1.1,1.4,0.8,0.8491718485964743,0.5525833307038603,1.1768854494786822,1.6844603432084353,3.9791666666666665,4.885416666666667,0,0
1052318,135,2023,7,1.7,1.2,1.2,1.8,1.1686969657724458,1.990810247982267,0.969737020596591,0.757938371232888,3.0,3.09375,2,0
1038023,140,2023,8,1.8,1.1,0.7,1.4,1.587402497276697,0.7748951639044406,0.8246920170304707,0.609550498173697,2.9791666666666665,3.9791666666666665,3,2
1038025,140,2023,8,1.3,1.2,1.1,1.2,0.6121717309880272,1.36846050060994,0.9444151801478934,1.0584664794872674,3.0833333333333335,3.9791666666666665,3,0
1052321,135,2023,7,0.9,0.9,1.0,1.3,0.8387110482614899,1.1821422472154939,0.35106428272897144,0.6812817092552198,4.90625,5.0,0,0
1052320,135,2023,7,1.1,2.0,1.0,1.3,3.244922635056346,0.9048035852199514,0.636487784534219,0.6518528758354415,4.90625,4.0,0,1
1052315,135,2023,7,1.6,1.2,1.1,1.8,1.0387461154509616,0.9372449191336387,0.45840552065122375,0.687871030264747,4.09375,5.09375,3,0
1035100,39,2023,7,1.4,1.6,2.0,1.7,0.7202488952323558,0.6064418485908698,0.25618223153385183,0.5191594066834744,9.208333333333334,8.25,0,2
1038030,140,2023,8,0.9,1.2,1.2,1.5,0.25201854636863424,0.6431829049696467,1.0396676177007096,1.0635891663437578,5.083333333333333,4.083333333333333,2,1
1035051,39,2023,2,1.4,2.2,1.1,2.1,0.9289042843077342,0.8503357377554974,0.35873305723248117,0.8326768641785572,3.1875,3.1875,1,2
1052324,135,2023,8,0.8,1.4,1.0,1.4,0.24191466242344453,1.35568291727588,1.0311909827245032,1.4639393307505517,5.25,5.145833333333333,0,0
1052330,135,2023,8,0.8,1.4,1.1,2.0,0.6822252904104013,1.285262141653059,2.109199712786625,0.8147473303929684,6.239583333333333,4.09375,1,1
1038037,140,2023,9,1.6,1.0,1.1,2.0,0.8066036845115354,1.7618600412441467,1.376601157395908,1.750155214231313,6.0,5.291666666666667,3,0
1035113,39,2023,8,1.4,2.2,1.9,1.6,0.7984306419428844,1.025652113838594,1.514225683291784,0.7852287187029281,3.7083333333333335,6.791666666666667,0,1
1038033,140,2023,9,0.7,1.4,2.2,1.2,1.7405952656152603,0.9482911571462362,0.7815982142793914,1.500599429478687,5.708333333333333,6.8125,0,1
1052327,135,2023,8,2.3,0.6,1.4,0.8,0.9299318298620145,1.0361294146733602,0.8987340767949354,0.2501090683691731,6.760416666666667,6.104166666666667,2,2
1035114,39,2023,8,1.5,1.5,1.5,1.7,0.5514803292059652,0.9189957391372505,0.7387075232954324,1.13833406690761,7.0,6.041666666666667,2,1
1035112,39,2023,8,1.4,1.6,0.9,2.7,0.4681617819010313,0.7518434515840654,0.6036368748553241,1.0645243889351297,4.791666666666667,7.0,3,1
1035109,39,2023,8,1.1,2.1,2.0,1.7,0.7061103714986334,0.7358828188589195,0.5241747004970037,0.33745361434425836,3.8125,4.791666666666667,1,4
1035111,39,2023,8,1.1,1.3,1.4,1.8,1.002719186964343,1.3878868927345538,0.37622025526535624,1.2589235336937588,7.0,7.0,3,0
1038039,140,2023,9,2.3,0.7,1.2,1.5,1.0412272504494147,0.7973061922530507,0.9981098787887146,0.6074573273733697,6.90625,6.0,4,0
1052328,135,2023,8,1.4,0.8,0.9,0.9,0.7649755421611435,1.094899223085483,0.5451621813699684,0.768392460690071,6.0,4.979166666666667,2,0
1035110,39,2023,8,1.5,1.5,1.3,1.8,0.6483657808129349,0.5218082734145546,0.6808046088532284,0.7182859200717464,7.104166666666667,6.145833333333333,0,0
1038035,140,2023,9,0.9,1.2,1.1,1.2,2.1089172212801484,1.776068903477088,0.6138698670961307,1.5798301347436468,7.09375,5.895833333333333,1,1
1052326,135,2023,8,1.2,1.2,2.0,1.3,1.6291829308702255,1.5258835030328755,1.163132644710311,0.5507839893153038,6.239583333333333,7.114583333333333,0,1
1038040,140,2023,9,1.3,1.4,0.8,1.3,0.8897788614425403,0.670500264131015,1.4736437175202113,1.1444784187282457,8.0,7.197916666666667,2,2
1052331,135,2023,8,1.0,1.3,0.8,2.1,0.6403420599472422,0.423704369293037,0.30696168184345385,1.02926893351353,5.75,7.65625,3,0
1038041,140,2023,9,1.7,1.7,0.9,1.2,0.4971662022409978,0.6997570221011012,0.8508490921766493,0.7401174993413815,8.0,5.708333333333333,1,2
1052325,135,2023,8,1.2,1.8,1.0,1.3,0.6303290633877842,0.7889017713667367,0.22819178377383145,0.4428331110158929,6.760416666666667,5.854166666666667,2,1
1035116,39,2023,8,1.3,1.7,2.0,1.6,1.5623519235767767,0.8583911807672027,1.6668526556897207,0.6366885286497468,7.958333333333333,8.0625,1,1
1035115,39,2023,8,1.6,1.9,2.2,1.6,0.9917225271869358,0.5983121383053838,1.001704282277154,0.35441791399805217,7.958333333333333,7.958333333333333,2,2
1035108,39,2023,8,1.4,1.6,2.3,1.1,1.5044595356127748,1.619197695591386,0.8919966699385556,1.1419755403735001,8.0625,7.854166666666667,2,2
1052329,135,2023,8,1.3,1.0,1.9,1.1,0.9029431466779225,1.1659355848587873,0.5519617015877083,0.35917916495750923,7.875,6.875,3,2
1038032,140,2023,9,1.8,1.1,1.3,1.0,1.5838949565631864,1.7082273110833408,2.063646801423662,0.9644431212847219,6.802083333333333,7.802083333333333,2,1
1035107,39,2023,8,2.4,0.8,2.5,0.9,1.07546431030534,0.8907702310719369,0.742554329812172,1.4317065622578218,8.0625,8.0625,1,0
1052323,135,2023,8,1.1,1.8,1.7,1.2,0.29796358842329546,0.9192515863387521,1.0558948578174492,1.2940266611884734,5.885416666666667,6.885416666666667,1,4
1038034,140,2023,9,1.2,1.5,1.1,1.4,0.9978325626165723,1.3783699951604795,1.4915222295282773,0.9525421649082997,5.895833333333333,8.1875,2,2
1038036,140,2023,9,0.9,1.2,1.3,1.2,0.41097065697337964,1.5082063306558893,1.2897385482191406,0.889499325396461,7.09375,6.895833333333333,1,1
1052332,135,2023,8,1.4,1.3,1.6,1.2,1.8506574850560453,0.5601138406671037,1.1473203917097916,0.6092091974368652,8.239583333333334,6.0,1,3
1038038,140,2023,9,1.0,2.1,2.1,1.2,1.6010027341264204,1.2283692659263297,1.0034648705975078,1.0786605569600989,7.291666666666667,9.0,2,2
1038050,140,2023,10,1.2,1.5,1.0,2.1,0.6487714212126645,0.9325284222129802,1.81356844384884,1.0087574831695747,13.197916666666666,12.0,2,0
1035121,39,2023,9,2.3,1.1,1.1,1.3,0.8908032702426699,1.4854659194245934,1.5188129260722776,0.90212648027746,12.9375,13.895833333333334,2,0
1038048,140,2023,10,1.3,1.0,0.9,1.2,1.6656711202260794,1.142165806612847,1.8001943419802446,1.505770544835865,12.90625,13.8125,1,0
1052336,135,2023,9,1.0,1.3,1.4,1.3,0.400130215008546,0.8689312657500738,1.472719031953096,1.017799957972079,13.0,12.760416666666666,1,3
1035124,39,2023,9,1.3,1.8,1.4,2.2,0.44252299575459847,0.4668858480466352,0.5189799172628748,0.8035757878706842,13.895833333333334,14.104166666666666,2,2
1035123,39,2023,9,2.2,1.6,1.5,1.5,0.9249116112313465,0.6774419565987339,0.42143775752840773,0.3391753777194605,13.041666666666666,13.895833333333334,4,0
1035117,39,2023,9,1.4,1.8,1.3,1.7,0.24454316592248157,1.6853457514463979,1.290648942632597,0.7262630910280935,14.0,13.041666666666666,1,2
1035119,39,2023,9,1.5,1.7,1.1,2.1,0.7344932234753645,1.1887406729017114,0.7649877842548605,1.0233238322582978,14.0,14.0,3,0
1035122,39,2023,9,2.5,0.9,1.4,1.6,0.4826603143779118,1.1955398210231398,1.721080516330122,1.3634839369170098,12.9375,13.041666666666666,2,1
1038046,140,2023,10,1.1,1.4,1.3,1.2,1.5316106613145923,1.1712357405237281,1.1356056973680824,1.007572709655848,12.90625,12.90625,1,1
1052341,135,2023,9,0.9,0.9,2.3,0.6,0.3543554178904795,1.2188995438929906,1.0971187328885703,1.7526507862043506,14.0,14.125,0,3
1038049,140,2023,10,1.3,1.4,2.3,0.7,1.1271728279849884,1.2639501716851598,1.2144788722124094,0.518249024964483,13.895833333333334,14.09375,1,1
1035120,39,2023,9,2.0,1.7,2.4,0.8,0.8857135553230524,0.5253608921045166,0.9639823572540266,0.579000650196759,14.104166666666666,13.041666666666666,2,2
1052340,135,2023,9,1.1,2.0,1.3,1.0,1.6652979951294882,0.8128670147554294,1.5377871712147753,1.2349633933161064,15.0,13.239583333333334,0,2
1035125,39,2023,9,0.9,2.7,1.5,1.5,0.789759801989294,1.146107519474501,0.8072857433956422,0.8516805637725462,14.208333333333334,14.208333333333334,1,2
1038045,140,2023,10,1.2,1.5,1.8,1.1,1.2006744990341054,1.458061708975524,1.5448094995438488,1.4346484515048707,13.104166666666666,13.197916666666666,0,3
1052338,135,2023,9,1.7,1.2,1.0,1.3,1.278815317712061,1.1844885418937197,1.0637223389657073,0.2754078400404741,13.770833333333334,14.0,1,0
1038042,140,2023,10,0.9,1.2,0.8,1.3,1.1592610602416193,0.708404805944447,1.7859934163881372,1.2927275402206968,14.0,14.708333333333334,0,1
1052334,135,2023,9,1.4,0.8,1.2,1.8,1.6633438165833745,0.6552339379182233,0.9908036347918032,0.7645917069439345,15.0,14.0,2,1
1052339,135,2023,9,0.8,2.1,1.1,1.8,0.19952509319824502,1.3165248067837947,0.5370475445963541,1.189997191250908,14.104166666666666,13.875,2,2
1038043,140,2023,10,2.2,1.2,1.1,2.0,0.6586070210997862,0.9753896291611467,0.8947907523073403,1.5723665142503533,15.09375,15.802083333333334,5,2
1035118,39,2023,9,2.0,1.6,1.6,1.9,1.2517630497277303,0.6889677359300277,1.0916899551715082,0.6627067176496957,14.104166666666666,14.104166666666666,4,1
1052333,135,2023,9,1.9,1.1,1.2,1.2,0.835880369189905,1.1843405830965066,1.0589689050656466,1.1806784436380358,14.125,14.885416666666666,2,0
1038051,140,2023,10,1.7,1.7,0.9,1.2,0.5504864628291976,1.061051214692513,0.6965290751808448,1.277609755951969,14.1875,14.0,1,1
1052337,135,2023,9,2.0,1.3,1.4,0.8,0.9448903857283688,0.3580095930549475,1.2166785468491876,0.711684495005564,15.0,15.114583333333334,0,1
1038044,140,2023,10,2.1,1.2,1.6,1.0,0.8625696262058404,1.474046028690731,0.9590580199324978,1.1452090268086954,14.0,16.0,1,0
1052342,135,2023,9,1.0,1.4,0.8,1.4,0.6702741387709271,0.9515605649878587,0.7267276887667607,1.1297385738926702,17.0,16.90625,1,1
1052335,135,2023,9,1.6,1.2,0.8,1.4,1.3994842161498262,0.665777645000629,0.15724453057523896,0.881193896229322,15.0,17.09375,0,2
1038047,140,2023,10,1.1,1.2,0.7,1.4,0.7503411711882424,1.4562877357315185,1.1313869226499194,0.7669574339632353,16.104166666666668,16.291666666666668,2,0
1035126,39,2023,9,1.9,1.6,1.4,1.6,1.1211486080152577,0.5103986671569033,0.758471824902337,0.8860940768629759,16.3125,16.208333333333332,2,0
1052345,135,2023,10,1.2,1.2,0.8,2.1,0.6883297882926703,1.1650287076629688,0.759205199467748,1.248165366833709,5.114583333333333,5.239583333333333,1,0
1035132,39,2023,10,1.5,1.5,1.9,1.6,0.27393454239346504,0.9141003591540129,1.1052268583678124,0.33175913365198717,6.208333333333333,4.0,1,2
1038059,140,2023,11,2.2,1.2,1.2,1.5,0.9550832000784972,1.3366547741062604,0.7804384243721685,1.4630178886118683,5.197916666666667,6.0,1,0
1035131,39,2023,10,2.0,1.7,1.5,1.7,1.291026310959984,0.6219992857502888,1.0224205952589869,0.7726814373861124,6.791666666666667,6.895833333333333,0,2
1038052,140,2023,11,1.1,2.0,0.9,1.2,1.2842655041512863,1.549026870626366,0.7535196891570526,0.9435360405305573,5.90625,6.0,1,2
1052352,135,2023,10,1.1,2.0,1.4,0.8,1.0824436968341673,0.8770174057448754,1.4408957030014156,0.8980374763135118,6.760416666666667,6.0,1,1
1035128,39,2023,10,2.4,0.8,0.9,2.7,0.9071032380974704,1.0916629226278933,0.9372327601819299,1.0275624802510182,6.895833333333333,6.791666666666667,5,0
1035127,39,2023,10,1.4,1.8,1.1,2.1,0.39939423432020127,1.5845773025427228,0.4972420597656593,1.2101604909678936,7.0,7.0,2,1
1038054,140,2023,11,2.1,1.2,2.3,0.7,0.7815035903671296,0.9581299186489752,0.9334330060685009,0.8464772508422986,5.802083333333333,6.90625,1,2
1052349,135,2023,10,0.8,1.4,0.9,0.9,0.8770604976983944,1.0580800730302355,0.23033102162881167,1.4491687615014583,4.979166666666667,7.0,0,1
1038060,140,2023,11,0.9,1.2,1.1,1.4,1.170126322287159,1.2760264951689533,1.3468726874302426,1.0161109236481156,7.1875,7.09375,0,0
1035136,39,2023,10,1.3,1.7,2.2,1.6,1.3280243768137523,0.712512185638849,1.2948289109367388,0.44033727178917703,7.104166666666667,7.104166666666667,2,2
1052347,135,2023,10,1.4,0.8,1.0,1.3,1.0398795169904336,0.4625949217536166,0.608738485909401,1.3119207073529329,6.0,7.239583333333333,1,0
1038056,140,2023,11,0.7,1.4,1.3,1.4,0.7354014997224476,1.10079505934883,1.2422777228056272,0.9655893507257887,5.0,7.104166666666667,2,2
1052343,135,2023,10,1.1,1.8,1.2,1.8,0.7415051464118725,1.403012063201979,1.1161577792813389,0.8567068317357796,6.9375,6.9375,4,3
1038055,140,2023,11,1.3,1.2,1.2,1.5,0.992951395596946,1.0062480188520588,0.7897569793437875,0.6061434744384371,7.947916666666667,8.75,2,1
1035135,39,2023,10,1.6,1.9,1.1,1.3,0.9331336271114804,1.0331277875249338,0.9872284019469805,0.9691581319127905,6.895833333333333,8.0625,0,1
1035130,39,2023,10,1.4,1.6,1.4,1.6,1.572869002281246,1.1723895589960565,0.49300668618651905,0.9524414131188292,8.0,5.791666666666667,1,1
1035133,39,2023,10,2.3,1.1,1.3,1.8,0.961798045390177,0.9655528476259857,0.6878147724153142,0.7576424678969795,8.104166666666666,8.0,3,0
1052350,135,2023,10,1.0,1.3,1.0,1.4,0.6914195203277098,0.38410559376386466,0.7594281902011026,1.0232018672421082,7.145833333333333,5.895833333333333,1,1
1035129,39,2023,10,2.0,1.6,1.4,2.2,1.4160144033756565,0.671364184604518,0.7915036128875353,0.9224990872907699,6.9375,8.0,3,1
1038057,140,2023,11,0.8,1.3,1.3,1.0,1.643968637318956,0.840272901143453,1.3799618691725926,0.7424077742983506,7.135416666666667,8.135416666666666,2,2
1035134,39,2023,10,1.5,1.5,2.5,0.9,0.8073283257997601,0.9774812553410439,0.5998542043456426,1.2312675503317076,7.854166666666667,8.0625,0,3
1052346,135,2023,10,2.3,0.6,1.7,1.2,1.3700112343485853,1.1392230110328279,1.036320454250396,0.7699175522309178,8.041666666666666,7.270833333333333,1,0
1038053,140,2023,11,1.6,1.0,1.1,1.2,0.6233877129561236,0.9652192007589854,1.0899944885450847,0.946587028225487,6.9375,5.9375,2,2
1052351,135,2023,10,1.4,1.3,2.0,1.3,1.7043827553848971,1.0102238188356976,0.6141787507234397,0.48174469702417744,8.28125,7.041666666666667,2,2
1038061,140,2023,11,1.8,1.1,0.9,1.2,1.5194039524812797,0.932521493478166,0.7558484740309479,1.057774772741329,8.041666666666666,7.145833333333333,2,1
1052344,135,2023,10,0.8,1.4,1.9,1.1,1.0464797782072388,0.5727760325490593,0.9409099592716839,0.7698213790127293,6.947916666666667,8.0625,0,3
1052348,135,2023,10,1.3,1.0,1.6,1.2,1.34821550744345,0.8027262056554691,0.9096647404973871,1.3770263025837424,9.041666666666666,7.041666666666667,1,0
1038058,140,2023,11,1.0,2.1,1.7,1.7,1.178819488501746,1.023747919615779,0.5851446322115273,0.9927878647135322,10.041666666666666,8.145833333333334,2,3
1052354,135,2023,11,1.4,0.8,1.3,1.0,1.0984572069509202,1.0987811777856007,1.1668849516331143,0.521772033676055,6.28125,4.0,1,0
1038066,140,2023,12,0.9,1.2,1.8,1.1,1.0050655757298619,0.9646241839206198,1.4170107172609798,1.0745733141951512,6.333333333333333,5.0,2,1
1035140,39,2023,11,1.4,1.6,1.5,1.5,0.5759230960212374,0.8745556685272391,0.5247634117698441,1.0931628159716786,5.9375,5.875,0,1
1038069,140,2023,12,1.2,1.5,2.2,1.2,0.8353906476845729,0.8696342840260096,0.7613343830813262,0.8688256031690693,6.0,7.75,2,4
1052361,135,2023,11,0.8,2.1,1.4,1.3,0.4934833796540362,0.991168599553022,1.6059257140771062,1.0052993283970495,7.802083333333333,5.760416666666667,0,2
1035139,39,2023,11,1.1,1.3,1.4,1.6,0.9155022890167335,0.6299527857433139,1.27783360148281,1.0175219633474368,6.083333333333333,6.041666666666667,1,1
1035142,39,2023,11,2.5,0.9,1.4,1.8,0.8477052328246677,0.80032390771561,0.6488919665938452,1.3189903981679214,5.979166666666667,7.041666666666667,6,1
1035137,39,2023,11,1.5,1.7,1.6,1.9,1.1133969163301063,0.5022429343009731,0.6065368576224622,0.9453368896424033,7.145833333333333,6.083333333333333,3,2
1035145,39,2023,11,0.9,2.7,1.3,1.7,0.6092012941182544,1.1094665380890878,1.4134562295443236,0.7691489634460005,7.041666666666667,6.9375,2,1
1035138,39,2023,11,1.1,2.1,1.5,1.5,0.6122224903628302,1.1758900334148452,0.4164949525557522,0.9957441808185294,7.041666666666667,7.833333333333333,0,2
1038062,140,2023,12,1.3,1.2,0.9,1.2,1.1210594327790404,0.9761098233649494,0.7605821094866534,0.8294172218598197,6.09375,6.947916666666667,2,0
1052353,135,2023,11,1.9,1.1,2.3,0.6,1.1227756840529102,0.5003838963582741,1.0547283168193342,0.7404949571713382,4.979166666666667,6.0,1,2
1038063,140,2023,12,1.2,1.5,1.3,1.4,0.5072849758419096,1.0914919306280173,1.3170959044390425,1.5740616494003339,7.9375,6.9375,1,1
1035143,39,2023,11,2.2,1.6,2.4,0.8,1.147654834889629,0.8364596112783497,1.0311680306892819,0.7095808997081307,7.041666666666667,7.145833333333333,1,0
1052359,135,2023,11,2.0,1.3,1.0,1.4,0.747870034124082,0.8112109761426385,0.8422821697845628,0.9888312137073703,6.0,6.239583333333333,0,1
1038067,140,2023,12,1.3,1.0,2.1,1.2,1.4457917830095224,1.6419400532939277,0.8234535242148248,0.958835171759515,6.197916666666667,7.239583333333333,0,1
1052358,135,2023,11,1.0,1.3,1.0,1.3,0.3956800158411107,1.101786921317868,0.7731726882130114,0.5983224821003582,7.697916666666667,6.895833333333333,1,3
1038064,140,2023,12,0.9,1.2,1.1,2.0,0.9597358515544595,1.116951750430012,1.1860983352740937,1.5221452436849157,6.708333333333333,8.041666666666666,1,0
1052355,135,2023,11,1.1,1.8,1.2,1.2,1.3976349108242827,1.541471729970175,0.6272754735013468,0.7572686599809297,7.104166666666667,8.802083333333334,2,1
1035144,39,2023,11,1.3,1.8,2.0,1.6,0.44707960206995423,0.9071415171765149,1.3105798167396312,0.6918554699929367,7.0,7.0,2,0
1038071,140,2023,12,1.1,1.2,1.0,2.1,1.5516782357361232,1.0983544850132332,1.3118209028202525,1.0551420301031975,6.90625,5.802083333333333,1,0
1035141,39,2023,11,1.4,2.2,2.3,1.1,0.769946098376898,0.9897948612844549,1.0398426425470932,0.6276093509568907,7.104166666666667,7.104166666666667,1,1
1052360,135,2023,11,1.7,1.2,0.8,1.4,0.6736082952627575,0.6646674234428502,0.5700893235039564,1.0474742696918753,7.0,8.041666666666666,2,1
1038065,140,2023,12,1.7,1.7,1.6,1.0,0.770049893290434,1.1909003473579136,0.8882749300881471,1.4705742986751584,5.895833333333333,7.0,2,3
1052356,135,2023,11,1.6,1.2,1.4,0.8,0.5912820813233016,1.1856119684743043,0.9249601475822434,0.3006866991398508,6.0,8.041666666666666,0,1
1038070,140,2023,12,2.3,0.7,0.8,1.3,0.9427821785822067,0.8656864035236846,2.227954614257321,1.0949939537905817,8.239583333333334,7.197916666666667,0,0
1052357,135,2023,11,1.2,1.8,0.8,1.4,1.355016445421759,1.4725160062848222,0.6802118558347052,0.8834886316832044,8.25,7.0,2,1
1052362,135,2023,11,0.9,0.9,1.1,2.0,0.5094373862809498,0.941959694975948,1.218645221124027,0.731936313734169,9.15625,9.28125,2,1
1035146,39,2023,11,1.9,1.6,2.0,1.7,1.1199764053074992,0.4540809368737916,0.8391671021239896,0.8531230651494526,10.041666666666666,9.354166666666666,1,4
1038068,140,2023,12,1.1,1.4,0.7,1.4,0.8754672468296577,0.6604721003712751,1.4244395462481623,1.225132173192124,9.145833333333334,9.041666666666666,1,0
1052371,135,2023,12,1.1,2.0,0.8,2.1,1.2499476765589004,0.9793697150383209,0.3207641967751235,0.9525929230427976,3.90625,6.145833333333333,2,2
1052364,135,2023,12,1.2,1.2,1.0,1.3,0.6175670207388384,1.1789670532300285,0.6058458564505681,1.7621230373181525,5.239583333333333,5.34375,1,0
1038073,140,2023,13,1.6,1.0,1.2,1.5,1.0888676751455306,1.5014615294329707,0.6057769009639079,0.947290267728724,5.104166666666667,6.104166666666667,4,3
1035156,39,2023,12,1.3,1.7,1.9,1.6,1.0817807372379984,1.247986041926175,0.9051518461124133,1.0104651089679646,6.895833333333333,4.6875,2,1
1038079,140,2023,13,0.8,1.3,2.2,1.2,1.4481704992672586,0.7117460699638781,1.0569885611240741,1.2088338642821173,5.708333333333333,7.0,1,2
1052368,135,2023,12,0.8,1.4,2.0,1.3,0.8426934769442384,1.0617406282408954,0.48611552218065335,0.8759409806465612,5.875,6.760416666666667,2,2
1035152,39,2023,12,1.5,1.5,1.1,1.3,0.6340550524945723,0.6472337175320442,0.9202185333154222,0.7238923876562311,7.0,7.0,2,3
1035148,39,2023,12,2.4,0.8,1.1,2.1,0.6702592199480333,0.7863696302648304,0.39794461873583964,1.1276618550529827,6.895833333333333,7.0,3,1
1035154,39,2023,12,1.5,1.5,1.4,2.2,0.5795337176503986,0.7105558303815911,0.8720558730358928,0.7564595452103898,7.104166666666667,5.9375,1,0
1038072,140,2023,13,1.1,2.0,1.3,1.0,0.7709639179281609,1.247033297284084,0.9397646589561895,1.2880943679743861,6.09375,6.802083333333333,1,3
1052366,135,2023,12,1.4,0.8,1.1,1.8,0.8710157625951249,0.19544635444090303,1.595205116278208,1.2117945874435767,5.885416666666667,6.125,2,1
1035147,39,2023,12,1.4,1.8,2.2,1.6,0.875946444952666,1.620343758809149,1.0711176881328044,0.5436987473309273,7.104166666666667,7.0,2,0
1038080,140,2023,13,1.2,1.5,0.9,1.2,1.1871011432171947,1.1273834967381182,1.590161311093097,0.841704793622477,7.1875,7.895833333333333,1,1
1038078,140,2023,13,1.0,2.1,1.1,1.4,0.8526835868331641,0.8865998953246541,0.8701900740756412,0.4293068652413288,6.09375,4.895833333333333,1,1
1052369,135,2023,12,1.0,1.3,0.9,0.9,1.5485237857999958,0.737563459519079,0.8347454121937286,1.070102084562649,6.34375,5.0,1,1
1038075,140,2023,13,2.3,0.7,1.1,1.2,0.6128084160784344,0.562696162290395,1.2093484289860559,0.7139304152586016,6.0,6.197916666666667,5,1
1052370,135,2023,12,1.4,1.3,0.8,1.4,1.3521850474834525,0.6534445634580822,0.7568946507370027,1.113850943927416,7.895833333333333,5.75,0,1
1035149,39,2023,12,2.0,1.6,1.4,1.6,0.8518768808807603,0.9999464401107935,0.3743500124138043,0.8068986845427054,7.0,8.0625,3,1
1052363,135,2023,12,1.6,1.2,1.4,0.8,0.3843333528601461,1.0404394461749644,1.037747184518098,0.7142077655606405,6.760416666666667,8.760416666666666,2,1
1035155,39,2023,12,1.6,1.9,1.3,1.8,0.8150210162781298,1.2168373993201937,0.8408421259608548,0.5896419861647347,7.958333333333333,7.0,3,2
1035153,39,2023,12,2.3,1.1,1.5,1.7,0.7889906030311048,0.7795369872128881,1.3260764166672008,0.7472299661191619,6.895833333333333,7.958333333333333,3,0
1035150,39,2023,12,1.4,1.6,0.9,2.7,1.1450149178869036,0.9865313216303795,1.14402005686314,0.8841874377920951,7.958333333333333,7.958333333333333,1,1
1052372,135,2023,12,1.0,1.4,1.9,1.1,0.8961372565138119,0.6427402889097907,1.1273919139326372,0.6835499278897952,7.760416666666667,7.875,1,1
1038081,140,2023,13,2.1,1.2,0.9,1.2,0.7560781240729695,0.6232428616436848,0.8814671923992876,0.7260186377795078,7.802083333333333,7.09375,2,1
1035151,39,2023,12,2.0,1.7,2.5,0.9,1.2607711163805932,0.7316971750096829,1.314008401336034,0.9743772066818133,5.854166666666667,8.0625,4,4
1052367,135,2023,12,1.3,1.0,1.7,1.2,0.7584752185615243,0.6629018218894357,0.8187277448619688,0.9041692419045193,8.885416666666666,7.0,0,0
1038076,140,2023,13,1.3,1.4,1.3,1.2,1.0939328507058905,1.2991817387768838,1.3232399133576582,0.6344713851872171,8.0,8.09375,1,1
1052365,135,2023,12,2.3,0.6,1.2,1.8,1.0438738011894841,0.8789094414596154,1.4203440228574766,1.2718923485295788,8.114583333333334,6.09375,2,0
1038074,140,2023,13,1.8,1.1,1.7,1.7,1.135756040293711,1.635341341095535,1.0461206659328997,1.285574196370879,9.0,7.104166666666667,3,1
1038086,140,2023,14,0.9,1.2,1.0,2.1,1.0023518232076851,0.8399676701122356,0.8854943314415566,0.7770475077186009,12.197916666666666,13.104166666666666,3,1
1035299,39,2023,13,2.5,0.9,2.3,1.1,1.3926936961625398,1.9050118510098453,0.9519103881339012,0.5066990416883773,12.833333333333334,12.9375,1,1
1038089,140,2023,14,0.8,1.3,2.1,1.2,1.4243837411903848,0.78693564477722,0.8595063362029858,0.8345060082165433,14.0,12.90625,1,1
1052382,135,2023,13,0.8,2.1,1.3,1.0,0.7750592279038302,1.0116096424020609,0.4930088920649908,0.43088618422813324,14.854166666666666,12.875,2,1
1035295,39,2023,13,1.1,2.1,1.6,1.9,0.9089480930873867,1.0736052057844387,1.1258574105807844,1.2543046334447658,14.0,13.041666666666666,1,2
1035301,39,2023,13,1.3,1.8,1.4,1.6,1.0099077057611954,0.9793610410070777,0.8956485855153763,1.03864119239308,13.041666666666666,13.041666666666666,2,3
1035298,39,2023,13,1.4,2.2,1.5,1.5,0.5668363174733304,0.6651077952958443,0.9990588610445489,1.4611564618503743,14.0,14.0,2,1
1035300,39,2023,13,2.2,1.6,2.0,1.7,0.6962264972863229,0.8643416857651027,2.0911678923140524,1.0141913990504117,13.895833333333334,12.9375,4,1
1035302,39,2023,13,0.9,2.7,1.4,1.8,1.1410088702943744,0.7261107234537507,1.080302689219233,1.0532234432259469,13.041666666666666,13.895833333333334,1,3
1038090,140,2023,14,1.1,1.2,1.2,1.5,1.3883492061136635,1.3041815815122937,1.55312998562654,1.3886553406903372,13.802083333333334,14.802083333333334,0,0
1052373,135,2023,13,1.9,1.1,1.4,1.3,0.9031994808983195,0.8563529076738214,0.8789202808642441,0.8605562739400612,13.125,13.229166666666666,1,2
1035294,39,2023,13,1.5,1.7,2.4,0.8,0.8619496708336806,0.9247659741411383,0.7762934929662216,1.1614243505812307,13.145833333333334,14.104166666666666,0,1
1038087,140,2023,14,1.1,1.4,1.1,2.0,0.7663811239067425,0.6102994624068637,0.9227174557442136,1.3456677970808084,14.0,14.09375,2,1
1052380,135,2023,13,2.0,1.3,1.6,1.2,0.6397250894174247,1.4409962528048803,0.9580198043590948,0.9460773066803936,14.239583333333334,13.239583333333334,1,0
1038082,140,2023,14,1.8,1.1,0.9,1.2,1.1928982889360102,1.310966524118515,0.4943783711663247,1.1336724762601649,13.0,21.197916666666668,1,0
1052375,135,2023,13,1.1,1.8,1.0,1.3,1.5519401437626534,1.147388704060547,1.5101515718811083,0.8668094110805636,14.770833333333334,14.65625,1,1
1038091,140,2023,14,1.7,1.7,1.2,1.5,0.9279730852628019,1.2902800903861695,1.0936643542022877,1.0763177913982953,13.708333333333334,14.8125,3,1
1035303,39,2023,13,1.9,1.6,2.0,1.6,0.7655158826356073,1.2070427054445616,1.0902043475724943,0.9054339360720158,15.0625,14.0,1,2
1052376,135,2023,13,0.8,1.4,1.1,2.0,0.9277988306713595,0.7240031135528204,1.2048902321875277,1.2031528147749084,14.104166666666666,15.854166666666666,3,4
1052377,135,2023,13,1.2,1.8,1.2,1.2,0.9232236148573598,1.045691379201231,0.6919634352751167,0.7663285845995186,13.760416666666666,15.760416666666666,2,1
1038085,140,2023,14,1.3,1.0,1.3,1.4,1.1459431821676769,1.25885224827426,1.00833199398447,1.0992758225126669,15.0,13.90625,2,1
1035296,39,2023,13,1.1,1.3,1.5,1.5,1.63859659210957,1.0574531288996272,0.55010600738185,0.4618612897480342,15.0625,15.0625,0,3
1052381,135,2023,13,1.7,1.2,1.0,1.4,0.5321730341602797,0.5877100072379375,0.9945346712794323,0.5881759246334692,14.0,14.125,3,1
1038084,140,2023,14,0.7,1.4,2.3,0.7,0.9258857050613055,1.0974722762112443,1.238452282045185,0.968025232761484,19.895833333333332,14.895833333333334,0,3
1052379,135,2023,13,1.4,0.8,2.3,0.6,0.9258824679090534,0.6420969485684052,0.8974793234301695,0.57129113694875,15.114583333333334,14.0,1,1
1038083,140,2023,14,1.3,1.2,0.9,1.2,1.1149136359901701,0.7096820413973322,1.3771233707290316,0.8691567269657212,14.104166666666666,15.104166666666666,1,0
1052378,135,2023,13,1.0,1.3,0.8,1.4,0.3937998066928693,1.435924846051671,1.4193853753983703,1.013881408356582,16.90625,16.145833333333332,2,2
1052374,135,2023,13,1.4,0.8,0.9,0.9,0.9443273366034304,1.1724381726144162,0.9299776803190858,1.1991774660768328,15.239583333333334,16.0,2,0
1038088,140,2023,14,2.2,1.2,1.6,1.0,1.0113432640313473,1.268814928450043,1.4806806555112613,2.1353249941314307,16.291666666666668,17.0,1,1
1035297,39,2023,13,1.4,1.6,1.3,1.7,0.4987962580689728,1.0609685199527585,1.2533978638200836,0.9883581099145525,15.25,16.3125,3,2
1038077,140,2023,13,0.9,1.2,0.7,1.4,0.32134594125811106,0.9515861836431813,0.6018257082898486,1.1454221969286131,4.0,3.1041666666666665,1,1
1052388,135,2023,14,1.0,1.3,1.4,0.8,1.233404077278276,0.8803841591604082,1.141406937474218,0.6636945383085937,5.34375,5.0,1,2
1038099,140,2023,15,0.9,1.2,1.1,1.4,0.8951301909738706,0.8622275135533598,0.9197386396302917,0.697831014200825,5.0,6.104166666666667,2,0
1038094,140,2023,15,2.2,1.2,1.1,1.2,0.8681685761658302,1.0662661618258613,0.9024269839738813,0.8477180279829909,4.708333333333333,6.90625,2,1
1052384,135,2023,14,1.2,1.2,0.8,1.4,0.6596141958917888,1.127627468878576,1.4529129899363835,1.6478747510820604,6.0,6.0,1,1
1035307,39,2023,14,1.1,2.1,0.9,2.7,0.8646200882579975,1.0384683837598851,1.0948965064320841,0.9261386369116047,7.0,7.0,5,0
1035306,39,2023,14,1.5,1.7,1.4,2.2,0.5602672860418924,0.7413552361329163,0.913443606357665,0.6057291578513897,6.895833333333333,7.0,3,1
1035305,39,2023,14,2.4,0.8,1.3,1.7,0.6448481233692206,0.7549258278778,1.364948996098439,1.363756300856224,6.895833333333333,4.791666666666667,2,1
1038093,140,2023,15,1.6,1.0,0.8,1.3,1.2039788844156531,1.5987567007308845,1.4089223484404167,0.6813799639769879,4.802083333333333,7.09375,4,0
1052385,135,2023,14,1.3,1.0,1.1,1.8,0.48648142086788504,1.4132010197482863,1.3257191354037667,0.9976082131949111,7.125,6.229166666666667,1,0
1038100,140,2023,15,2.3,0.7,1.0,2.1,1.2370592007206747,0.6292164012949646,0.9620296487703451,1.2411919911282014,6.0,7.895833333333333,2,0
1035312,39,2023,14,1.3,1.8,1.1,1.3,1.2066803933601618,1.3178346766546005,1.0650877848712206,1.567729149169373,7.104166666666667,6.041666666666667,0,1
1052387,135,2023,14,2.0,1.3,1.2,1.8,0.6046754747879928,0.9366475643231722,1.2296092385461728,0.889537359443763,7.0,6.239583333333333,3,1
1038095,140,2023,15,1.2,1.5,1.3,1.0,0.938210261604036,1.2451947997030097,1.2544784530243747,1.1749847306090382,6.291666666666667,6.197916666666667,1,1
1035311,39,2023,14,2.2,1.6,1.5,1.5,1.0645793087976072,0.7406502207473168,1.2379535201828178,0.3002098383362222,7.208333333333333,6.145833333333333,1,0
1052386,135,2023,14,0.8,1.4,1.4,0.8,1.794235109393556,1.3065229154317781,1.3332572132366742,0.7620848121993705,5.75,5.65625,1,1
1038101,140,2023,15,0.9,1.2,0.9,1.2,0.5769304173733277,1.1706143527014012,1.3876397961961064,0.9324373189062866,3.7083333333333335,8.708333333333334,0,0
1035304,39,2023,14,1.4,1.8,2.0,1.6,1.1563634146591681,1.0378359788376064,1.0662890759221213,0.7767721900257577,7.958333333333333,7.0,2,2
1035313,39,2023,14,1.6,1.9,1.5,1.5,1.0724323168775098,1.089101839490294,0.8227973505880477,1.4947517002027435,7.958333333333333,7.958333333333333,1,1
1052383,135,2023,14,1.6,1.2,0.8,2.1,0.6227128728334117,0.8038044160089225,1.6369134981374893,0.8235719085869806,7.760416666666667,8.0,3,0
1052392,135,2023,14,1.0,1.4,1.0,1.3,1.0241558696649644,0.9536378804235197,0.9034698743503651,1.8049857653182015,6.875,5.854166666666667,3,3
1035308,39,2023,14,2.0,1.7,1.4,1.6,1.5380872550041342,1.2712564949442648,1.2634215805849947,1.2253571596708865,7.958333333333333,7.958333333333333,3,2
1035309,39,2023,14,2.3,1.1,1.4,1.6,0.8951910276493547,0.5374452861883543,1.045541097156597,1.2398699225846777,8.0625,5.75,4,3
1038092,140,2023,15,1.1,2.0,1.3,1.2,0.9009027098701023,1.2962749771934345,1.0219695044192516,0.4612933269082659,7.90625,6.802083333333333,0,0
1035310,39,2023,14,2.5,0.9,1.9,1.6,1.1133418115965599,1.5147069785187184,0.6858254552920922,1.142234008538965,8.166666666666666,7.104166666666667,3,3
1052390,135,2023,14,1.1,2.0,1.7,1.2,1.96045137819462,1.6318930796036903,0.9172360016159464,0.7597198380379927,7.125,7.0,1,2
1038096,140,2023,15,1.3,1.4,1.7,1.7,1.0121465653206747,1.2241446692486182,1.1487707407149388,1.0660104901235592,7.09375,7.1875,1,1
1052389,135,2023,14,1.4,1.3,2.3,0.6,1.159934546198122,0.7428636023525378,0.8296930819687406,0.9109225723500207,8.114583333333334,7.0,0,3
1038097,140,2023,15,2.1,1.2,1.8,1.1,0.7285509134037356,1.02550182200742,0.9900829618824808,0.8521282406770349,8.291666666666666,8.0,1,0
1052391,135,2023,14,0.9,0.9,1.9,1.1,0.6044854922074058,1.4989097973943857,0.7705816868754056,1.1452657536243476,7.0,9.114583333333334,3,0
1038098,140,2023,15,1.2,1.5,0.7,1.4,1.009534490657251,0.9026259714487193,0.943270043721735,1.112579983559154,9.197916666666666,5.0,1,1
1035321,39,2023,15,1.3,1.7,1.1,2.1,1.43745723207937,1.1669563014388986,1.5253868957515366,0.6750044494439253,3.1875,3.1875,1,0
1035318,39,2023,15,1.4,2.2,2.4,0.8,0.8341795206030705,0.9139512253306761,0.6996659860723464,1.0409421727359547,3.21875,3.21875,3,4
1035319,39,2023,15,0.9,2.7,2.3,1.1,0.7116827291808547,1.5653739523763814,1.2038850375372983,1.4641121632951575,4.1875,3.2291666666666665,0,2
1035315,39,2023,15,1.4,1.6,1.5,1.7,1.302106380321423,1.3329665287860761,0.8844010086545029,0.7223220799569838,3.2291666666666665,4.1875,2,1
1035317,39,2023,15,1.4,1.6,1.3,1.8,1.7943744404245154,1.427926319245258,0.7843422556841052,1.1456076913406419,3.2291666666666665,4.083333333333333,5,0
1035322,39,2023,15,1.5,1.5,1.4,1.8,0.7356077515664415,1.2100261051317833,1.2625737195284592,0.9925100529111108,3.2291666666666665,3.2291666666666665,0,2
1035323,39,2023,15,1.5,1.5,2.0,1.7,0.8046697881188316,0.36854548582763536,1.5362410907526873,1.3071990746549487,4.010416666666667,3.2604166666666665,2,1
1035314,39,2023,15,2.0,1.6,2.5,0.9,1.0110045660160456,1.0158394235167427,1.152859677537764,1.98850690445822,3.2604166666666665,3.15625,1,0
1035316,39,2023,15,1.1,1.3,2.2,1.6,0.981322211681445,1.0190239469600926,0.8653856416275356,0.4814226434857559,5.083333333333333,4.979166666666667,3,0
1035320,39,2023,15,1.9,1.6,1.6,1.9,1.449733914360913,1.1716396055503273,0.9355185059703814,0.9087056693529016,4.15625,4.260416666666667,1,2
1052399,135,2023,15,1.4,0.8,1.4,1.3,1.2399914324351649,0.9979639499005858,0.7539574550287794,0.937627227816775,7.0,5.0,1,0
1038105,140,2023,16,1.1,1.4,1.1,1.2,0.5978301157596896,1.1897012703416474,0.9379032971587804,0.9023424757647016,7.0,6.291666666666667,1,0
1035326,39,2023,16,1.5,1.5,2.3,1.1,0.478145038518187,1.3315169683356594,0.9668247913074565,0.9516729061418524,2.7083333333333335,2.7083333333333335,1,2
1038107,140,2023,16,0.9,1.2,0.9,1.2,0.9019658675274692,0.6060842572890863,1.3179457352441268,0.5604478838096839,6.0,7.708333333333333,0,1
1052397,135,2023,15,1.0,1.3,1.3,1.0,1.5585054183277371,2.219202285918369,0.5099095047607064,0.9185806628363861,6.0,6.875,1,1
1035330,39,2023,16,1.5,1.5,1.4,1.8,0.9718588916890053,0.43030456578796306,1.3656729176934985,0.645131534392222,2.78125,2.8125,0,3
1035333,39,2023,16,1.3,1.7,1.3,1.8,1.143962585466975,0.7585215959352841,0.5098224661946684,1.880061666038084,3.8125,2.8125,1,1
1035325,39,2023,16,1.4,1.6,1.1,2.1,1.3272515001501015,1.1048657437109495,0.9915014822384989,0.648368276753936,2.8125,3.8125,1,1
1035331,39,2023,16,0.9,2.7,1.5,1.7,0.4625937739675556,1.2017925859528606,0.8132981556254268,0.950391704913216,2.8125,2.8125,1,0
1038103,140,2023,16,1.3,1.2,2.3,0.7,0.6642801778725136,0.29984066249037283,0.9961174659756848,0.40899066084172697,6.0,6.90625,1,1
1052393,135,2023,15,1.9,1.1,2.0,1.3,0.5008780964690137,2.117907588340674,0.7707473919455285,0.8993657886049337,4.885416666666667,6.885416666666667,3,2
1038111,140,2023,16,1.7,1.7,1.3,1.0,0.9415539226411808,0.9027484475395895,1.0532315072863563,1.1501984082292083,6.0,6.895833333333333,0,3
1035324,39,2023,16,2.0,1.6,2.4,0.8,0.9750696345770964,0.6602956252858828,0.8883056182197524,2.2094249122783705,2.8854166666666665,3.8854166666666665,1,0
1052398,135,2023,15,2.3,0.6,1.0,1.4,0.9940663895673068,0.5920996720275135,1.7116628537437653,1.5911146222752879,6.0,6.239583333333333,4,0
1038106,140,2023,16,0.9,1.2,1.3,1.4,0.375004771292663,0.7608993292559109,0.8677368964177146,0.9905469761880724,6.291666666666667,6.104166666666667,1,0
1052396,135,2023,15,1.2,1.8,0.9,0.9,1.089790876849884,0.9559076169717793,1.7664004184196618,0.9742913683063508,7.65625,5.65625,0,0
1038108,140,2023,16,1.8,1.1,1.1,2.0,0.6435539252236125,0.7546409321976484,0.5855867614155665,0.8425787351757325,6.708333333333333,6.90625,2,1
1035329,39,2023,16,1.4,2.2,2.5,0.9,2.075029188391996,1.0275910237376666,0.7493587903995466,1.6104461545645097,4.739583333333333,3.7395833333333335,1,2
1052400,135,2023,15,1.0,1.3,1.2,1.2,1.3682751502308792,1.0703266265311884,0.6985408939963293,1.205093271437741,8.760416666666666,8.0,1,0
1035327,39,2023,16,1.1,1.3,2.0,1.7,1.6132855739565757,0.6623655655240602,1.1893067089892468,1.2985029279374813,2.7708333333333335,3.7395833333333335,2,0
1035328,39,2023,16,1.4,1.6,1.6,1.9,2.301760052942602,0.9281521075094178,1.055157341380748,0.7491766906195524,3.7708333333333335,2.7395833333333335,5,0
1035332,39,2023,16,1.9,1.6,2.2,1.6,1.1008450498747597,1.2086360561077127,0.5625006670578981,1.2883508546293778,2.84375,2.875,4,1
1052402,135,2023,15,0.8,2.1,1.4,0.8,1.063993773789368,0.9400092405815372,1.0978671886038383,1.2035582529295907,7.125,7.229166666666667,1,2
1038104,140,2023,16,0.7,1.4,1.2,1.5,1.0547921950857944,0.9992186559801168,0.9962950033759568,1.0471971326274692,5.895833333333333,7.895833333333333,1,1
1052401,135,2023,15,1.7,1.2,1.6,1.2,0.8628210481091887,0.8371891068459073,0.8094508673417176,0.5224728704057996,7.114583333333333,7.239583333333333,1,1
1038102,140,2023,16,2.1,1.2,2.2,1.2,0.6743156694700039,0.666576184304823,0.9156353320835471,1.0443987627625675,7.0,8.291666666666666,2,4
1038109,140,2023,16,1.0,2.1,1.6,1.0,0.6253192717007243,0.9988037797405773,1.6744131979470975,1.039191855475075,8.90625,9.0,1,1
1052395,135,2023,15,0.8,1.4,0.8,1.4,1.4165288601253159,1.340910254870006,1.8744559461058112,1.0804898950306558,9.145833333333334,8.25,1,1
1052394,135,2023,15,1.1,1.8,1.1,2.0,0.8617174380124484,0.8421419197732735,1.617664607947715,1.3273481488012222,9.114583333333334,8.114583333333334,2,1
1038110,140,2023,16,0.8,1.3,1.2,1.5,0.9157995264862709,1.334723899661965,0.9322390855938798,1.0283735481083343,9.197916666666666,7.0,0,0
1052406,135,2023,16,1.2,1.2,1.4,0.8,0.45405158109761407,1.161018959767865,1.0550328926213188,0.6486765674353808,5.239583333333333,7.0,1,1
1035342,39,2023,17,1.3,1.8,1.9,1.6,0.590321254610245,1.4665913649760367,1.4685098087343835,0.9481844591972861,6.208333333333333,5.145833333333333,0,2
1038115,140,2023,17,1.2,1.5,0.8,1.3,0.9236334188610387,1.1223448028745218,0.5952696922160762,0.8675705347802773,5.104166666666667,4.0,1,0
1038114,140,2023,17,1.2,1.5,1.0,2.1,0.6059554056360219,0.6684428062704173,0.8702075266054707,0.7872432901647085,4.708333333333333,4.90625,1,0
1052408,135,2023,16,0.8,1.4,1.2,1.8,1.6230838649687773,1.1070059317699263,0.7083640699524246,0.6213399510316565,4.854166666666667,6.104166666666667,2,1
1035340,39,2023,17,2.5,0.9,1.5,1.5,0.6951741228506143,1.5009566671335979,0.6576124568550034,1.1972251598529613,6.041666666666667,7.104166666666667,2,2
1035338,39,2023,17,2.0,1.7,0.9,2.7,0.7730493608430105,1.4560589887208604,0.6747055609220485,0.7811651808693595,6.041666666666667,7.0,2,0
1035341,39,2023,17,2.2,1.6,1.4,1.6,0.5281964563149065,1.590388581824885,2.571801929149534,0.6032988698811216,5.9375,6.041666666666667,3,0
1038113,140,2023,17,1.6,1.0,1.8,1.1,1.2263894119989467,1.1392247060587988,0.675948940284237,0.8737810687383887,5.0,6.09375,2,0
1052410,135,2023,16,1.4,1.3,1.1,1.8,0.4900723457687066,0.8584961596193653,0.9721617892535459,0.7763063892667691,7.885416666666667,4.885416666666667,2,1
1038120,140,2023,17,1.3,1.4,1.1,1.4,0.5640289826715145,1.0119110900778026,0.7399153328195558,0.7733058257220708,6.895833333333333,7.895833333333333,0,3
1035337,39,2023,17,1.1,2.1,1.1,1.3,0.9696180089095698,0.6160822370329155,1.6606677086332715,0.4305376175906392,7.104166666666667,6.145833333333333,0,2
1052411,135,2023,16,0.9,0.9,0.8,1.4,1.1481602719727801,0.633289389399128,1.3254312590814554,1.276279165665504,6.34375,5.09375,1,0
1038117,140,2023,17,1.1,1.2,2.1,1.2,0.6096371431532073,0.9378483668228135,0.806360740711058,1.13592603494965,8.0,6.0,1,1
1052409,135,2023,16,2.0,1.3,1.0,1.3,0.913031259310048,1.1350938354677007,1.2670871809834048,0.6957123072452724,7.770833333333333,6.895833333333333,3,0
1038112,140,2023,17,1.1,2.0,0.9,1.2,0.7638958577300355,0.8053150667531149,0.6118086568957866,0.4945845640163421,7.0,7.708333333333333,0,0
1052405,135,2023,16,1.6,1.2,1.0,1.3,0.7622107721054497,0.5617887383127893,1.4662785219130292,1.710676752119129,6.760416666666667,8.0,1,0
1052412,135,2023,16,1.0,1.4,1.1,2.0,1.1125808549334475,1.5972679827398066,1.2803961365801562,1.274821751266249,7.760416666666667,5.760416666666667,2,2
1035335,39,2023,17,2.4,0.8,1.4,1.6,0.5773986518428391,1.7937824429809408,1.0573563322404231,1.0433047788666627,7.854166666666667,7.958333333333333,2,0
1035343,39,2023,17,1.6,1.9,1.3,1.7,0.6858522718974862,1.5626227436395514,0.9881269626048159,0.7519756889416451,7.0,7.958333333333333,3,0
1035336,39,2023,17,1.5,1.7,2.0,1.6,0.5286438011565274,0.9917742160367278,0.9914515124751127,0.42919215643582387,7.958333333333333,7.854166666666667,1,2
1038118,140,2023,17,1.3,1.0,1.3,1.2,1.3141253666139594,0.7476289653489854,0.9413975002325186,0.3629217929375829,7.90625,8.0,0,0
1035339,39,2023,17,2.3,1.1,1.5,1.5,0.9601752447846295,0.9654055708103859,0.6317082795978535,1.0971979677621762,8.166666666666666,8.0625,0,0
1052404,135,2023,16,1.4,0.8,1.7,1.2,1.0219470059258282,1.490515989404234,0.7830150538199923,0.7802406277831732,7.0,6.885416666666667,2,0
1038119,140,2023,17,0.9,1.2,0.7,1.4,1.2860628760568305,0.3642911244762946,1.1272815934724332,0.9255337930537426,8.1875,7.0,1,1
1052407,135,2023,16,1.3,1.0,2.3,0.6,0.5996364443666484,1.0503274308436508,1.209186631479619,0.3848647868178838,8.239583333333334,8.0,0,2
1038116,140,2023,17,2.3,0.7,1.7,1.7,0.8155017152030357,0.7754593141625072,0.6120100497167675,1.216311377778561,8.197916666666666,8.104166666666666,4,1
1052403,135,2023,16,1.9,1.1,0.8,2.1,0.8760768355793529,1.7886853869668928,1.3997990779630891,0.9193393397113325,9.114583333333334,8.114583333333334,4,1
1038121,140,2023,17,2.2,1.2,0.9,1.2,1.2978144810058208,1.0469147513512245,0.586277813892855,0.8233529153860543,8.0,9.291666666666666,3,0
1038127,140,2023,18,0.8,1.3,1.1,1.2,0.38692529994044955,0.8611964886328213,0.7475899006253423,0.7936292162126065,3.9166666666666665,2.9166666666666665,0,1
1038123,140,2023,18,1.8,1.1,1.1,1.4,0.43936681118475407,1.094946331043589,1.3843540572418023,0.5026487867193461,3.21875,3.125,3,3
1038128,140,2023,18,1.0,2.1,1.3,1.4,0.565634892293556,0.6957359163848383,0.36661883873648443,1.5611512994596626,3.3125,3.125,0,3
1038130,140,2023,18,2.1,1.2,1.1,2.0,0.7081622592399656,1.0896776802930301,0.4965323075245231,0.5234547933895247,3.9166666666666665,3.2083333333333335,3,2
1038122,140,2023,18,1.6,1.0,0.9,1.2,1.3241417541629517,0.7404960589382192,1.2039964249924953,0.7888725642429248,4.21875,3.125,1,0
1038131,140,2023,18,1.7,1.7,1.2,1.5,0.7875124146688401,1.2650269479857321,0.577898791441192,0.43448782407577125,3.0208333333333335,4.3125,3,2
1038124,140,2023,18,1.3,1.2,2.2,1.2,0.611908375151137,0.2358991654094289,1.37056804901742,0.6804945883782959,4.114583333333333,2.9166666666666665,1,1
1038125,140,2023,18,0.7,1.4,1.3,1.0,1.2848163690904149,0.9696525210404883,0.8541814882990736,0.4859588274768405,4.020833333333333,4.114583333333333,0,0
1035345,39,2023,18,1.5,1.5,1.4,1.6,1.27522587473353,1.083396353904425,0.687281615956275,0.9761949812633308,5.208333333333333,4.25,1,1
1038126,140,2023,18,0.9,1.2,1.2,1.5,0.3976756269822613,0.3214799666106224,0.8976373632853161,0.7295241218684392,4.3125,6.020833333333333,3,2
1038129,140,2023,18,0.9,1.2,2.3,0.7,0.3810805790303558,1.0621680313645716,1.0045006673116408,0.893754436558571,3.0208333333333335,4.020833333333333,0,1
1052421,135,2023,17,1.1,2.0,1.2,1.2,1.420893852413465,1.2818841383230617,0.7672689443801158,1.024453990515779,5.145833333333333,6.90625,1,2
1052414,135,2023,17,0.8,1.4,1.3,1.0,0.861530318402946,1.1893036799047998,0.38976368883832146,1.0768432648309818,5.90625,4.90625,0,2
1052420,135,2023,17,0.8,2.1,2.0,1.3,1.4249262188578262,1.051956535724647,1.1164510877823004,0.7378109930540054,4.0,5.34375,2,2
1052418,135,2023,17,1.0,1.3,1.6,1.2,0.8236066676392131,0.9751937689401963,0.7133456557146962,0.3651626799033131,5.34375,5.239583333333333,0,1
1035344,39,2023,18,2.0,1.6,0.9,2.7,0.9810611301676468,0.5174124016832855,0.43855861459933154,0.7197018120095282,5.25,6.208333333333333,1,1
1052415,135,2023,17,1.2,1.8,1.4,0.8,0.7302283121357427,1.0333848570594655,0.9555630468705238,0.8937751854996643,6.895833333333333,7.65625,1,2
1035352,39,2023,18,1.6,1.9,1.5,1.5,1.0769620649686602,1.0157047833657085,0.41061038173860476,0.7131786790454145,5.9375,5.833333333333333,2,0
1052422,135,2023,17,0.9,0.9,1.0,1.4,1.1060263990045294,0.4116381031094332,1.176427555706741,1.626860552417238,6.760416666666667,6.0,1,1
1052413,135,2023,17,1.4,0.8,1.9,1.1,1.2038488871851216,0.968835393112752,1.0238359080388602,1.6777023197102987,5.875,4.760416666666667,1,0
1035346,39,2023,18,1.4,1.6,1.1,2.1,1.6716712539471972,0.8798573336045472,0.6302517057912204,0.8959079995259405,7.0,6.895833333333333,0,2
1035351,39,2023,18,1.9,1.6,1.1,1.3,1.2891804984843669,0.616319898478236,1.5748885560661718,0.2798494514339155,7.791666666666667,6.895833333333333,2,1
1035350,39,2023,18,1.3,1.8,1.4,1.8,0.38370881549665925,1.2879335100414415,1.7051873965007742,0.41933549735494435,7.791666666666667,14.0,2,3
1035348,39,2023,18,1.4,2.2,2.2,1.6,1.8029356391214642,0.8760250745203925,0.8310407647865075,1.0337525781861754,13.041666666666666,7.0,1,0
1037983,140,2023,4,1.8,1.1,1.3,1.4,0.8376717606034234,1.8615085036080847,0.7479176297940994,1.0147483446487806,3.78125,3.78125,1,0
1052416,135,2023,17,1.0,1.3,1.1,1.8,0.953081039243469,1.3298485427235878,0.9488632049728467,0.8643213752456221,6.125,7.0,2,0
1052417,135,2023,17,2.3,0.6,0.8,1.4,1.180101745244361,0.2501621114316245,1.684518401118594,0.9893455223171188,5.885416666666667,7.125,2,0
1035347,39,2023,18,2.3,1.1,2.4,0.8,0.6241139091100092,0.6275136210267509,0.6733559986978455,1.1659585879376115,6.041666666666667,6.145833333333333,1,1
1052419,135,2023,17,1.7,1.2,1.4,1.3,0.508959784982995,1.0467397413923958,0.6782692469718814,0.8749805457106293,6.114583333333333,7.114583333333333,2,0
1035353,39,2023,18,1.3,1.7,2.0,1.7,0.6422825256931304,1.1199422860473636,0.7144265289924013,0.9464383426685593,6.958333333333333,7.916666666666667,2,1
1035362,39,2023,19,2.2,1.6,1.3,1.8,0.5401764971112298,0.9274079258210141,0.7385132941753926,1.518406781526937,2.8958333333333335,2.8958333333333335,1,3
1035363,39,2023,19,0.9,2.7,1.4,2.2,0.6824589328228988,0.5737784000284155,1.427376915428952,0.5694162984382551,3.7916666666666665,3.0,2,3
1035354,39,2023,19,1.4,1.8,1.4,1.6,1.7896218077255033,0.7616706373832779,1.0865863150656783,1.2221913577520467,3.0,3.0,3,0
1035358,39,2023,19,1.1,2.1,2.3,1.1,1.059947699673384,0.5823401996918613,0.7166794757041148,0.6246452173037518,3.1041666666666665,3.0,0,2
1035361,39,2023,19,1.5,1.5,2.0,1.6,0.2668967481300931,0.9404411413795193,0.7436619568311927,0.7337138944274689,3.3125,4.0,3,2
1035359,39,2023,19,2.0,1.7,1.5,1.5,0.6326860673744727,1.1330582259019844,1.0673343185767945,0.9767076300378763,3.2708333333333335,5.979166666666667,2,1
1035356,39,2023,19,1.5,1.7,1.3,1.7,0.5820559707517428,0.9812708874826966,0.9353569448679556,0.8962713094601982,10.229166666666666,3.2708333333333335,1,4
1035360,39,2023,19,1.1,1.3,2.5,0.9,1.3488196068975573,0.6452624673186849,0.7570631798528993,1.8233996114146165,4.21875,11.21875,1,3
1035357,39,2023,19,1.4,1.6,1.9,1.6,0.7192330503715789,0.8729642378211651,1.3013276479014784,0.7257499794653989,6.979166666666667,5.1875,4,2
1035355,39,2023,19,2.4,0.8,1.6,1.9,0.6544427627899632,1.0688785169420563,1.1769003422296291,0.6602081091877106,5.114583333333333,5.322916666666667,0,2
1052425,135,2023,18,1.6,1.2,0.9,0.9,0.6815833300607064,0.2373557419371535,1.0786393815751663,0.7711758781322426,6.90625,6.145833333333333,1,0
1052431,135,2023,18,1.4,1.3,1.0,1.3,0.4408750105317229,0.9789183501870222,0.5353443339654885,0.8517846036572815,5.90625,6.90625,0,0
1052426,135,2023,18,1.2,1.2,2.3,0.6,0.8764331471804085,1.0092663059564684,1.0485878735392693,0.16260537243055592,7.09375,6.114583333333333,1,1
1052429,135,2023,18,1.3,1.0,1.2,1.8,0.751423320821832,0.6999481221401382,0.9467838195548994,1.0314223793108748,7.09375,6.34375,3,1
1052423,135,2023,18,1.9,1.1,0.8,1.4,0.6654933402252591,1.384824689629876,1.0949369607270862,0.924596328636562,6.895833333333333,6.770833333333333,1,0
1035368,39,2023,20,1.4,2.2,2.0,1.7,1.3819616616954855,0.948150897015169,0.7927459437934073,0.9608996115421722,3.8958333333333335,2.7083333333333335,2,3
1052432,135,2023,18,1.0,1.4,1.4,0.8,1.2682890223204928,1.417181581293427,1.0768199584885108,0.6297430055232889,7.0,7.0,3,0
1052424,135,2023,18,1.1,1.8,0.8,1.4,0.6167610832323503,1.0654200050207656,0.5599947069619149,1.2711243150150429,6.875,7.854166666666667,0,0
1035373,39,2023,20,1.3,1.7,1.1,1.3,1.643728620499013,0.8069881158550112,1.4547630475137154,0.9476513729879145,2.8125,2.78125,3,0
1035369,39,2023,20,2.5,0.9,0.9,2.7,1.0203218361351538,1.7632400504498038,1.0216286093651874,0.8271226266851368,2.78125,4.0,2,0
1035365,39,2023,20,1.5,1.5,1.5,1.7,0.9181790717807987,1.0163599595246198,0.6027481456945152,1.6735726831985946,2.8125,2.8125,3,1
1035364,39,2023,20,2.0,1.6,1.1,2.1,0.8648802719402753,1.1922265313778548,0.6889660047876996,0.6154776515388403,3.7916666666666665,3.8958333333333335,3,2
1052430,135,2023,18,2.0,1.3,1.1,2.0,0.9415265403918286,1.351211760869719,1.2669522161899645,1.2109330232433235,7.885416666666667,7.979166666666667,1,0
1052427,135,2023,18,1.0,1.3,0.8,2.1,1.1231137866193661,0.864401552770332,1.7978366576422025,0.8996050815543539,7.0,7.885416666666667,0,1
1035370,39,2023,20,1.3,1.8,1.5,1.5,1.3053942181370823,1.1314719837500848,0.8887953862845605,0.9927867418966876,4.208333333333333,3.8958333333333335,2,1
1052428,135,2023,18,1.4,0.8,1.7,1.2,0.9808382026880627,1.0530892872414483,0.7410048557140598,0.6803808319050573,7.34375,7.0,1,0
1035371,39,2023,20,1.9,1.6,1.4,1.8,1.2223432342938558,1.4936124866525093,1.9296604250215772,0.4950859142991306,2.7708333333333335,4.958333333333333,3,1
1035366,39,2023,20,1.4,1.6,2.4,0.8,0.7062811047926909,1.5608306325388304,0.4253877958134761,1.5889116610123364,4.958333333333333,2.7395833333333335,2,1
1035367,39,2023,20,2.3,1.1,2.2,1.6,0.7027981809468051,0.4060193912474387,0.4956222988798752,1.4281757287067363,6.104166666666667,6.3125,4,2
1038132,140,2023,19,1.1,1.4,0.8,1.3,2.0496235256369233,0.8788050447009083,0.25150144496129223,0.884078416912033,13.8125,13.916666666666666,0,2
1038141,140,2023,19,1.3,1.0,0.9,1.2,0.5552179673943979,0.3158732378599463,0.24770237636973128,0.8584345827058122,12.010416666666666,11.90625,1,1
1035372,39,2023,20,1.6,1.9,1.4,1.6,1.6591258474492587,0.4291352709720119,1.4893764827415263,0.9439070177416522,4.96875,5.0,0,0
1038133,140,2023,19,1.1,1.2,1.7,1.7,0.8102341347071718,0.5158589905381943,1.0574713048288638,1.2769243789358238,14.104166666666666,13.0,3,1
1038139,140,2023,19,1.0,2.1,0.7,1.4,0.3676626799908114,0.9618437302655294,0.8351306399087697,0.6302741386763174,14.8125,12.916666666666666,2,0
1038140,140,2023,19,2.3,0.7,0.9,1.2,0.8209507960714071,0.5809403837630712,1.2890447130940255,0.8530592005191268,12.90625,12.90625,1,0
1038138,140,2023,19,1.2,1.5,1.3,1.2,0.8302910771818728,0.8280053209433689,0.69501608487388,0.3289973363040075,13.90625,13.010416666666666,2,1
1038136,140,2023,19,2.2,1.2,1.8,1.1,1.0665321106492016,0.7395971234715333,0.7285144221700031,1.209980527345255,13.104166666666666,11.21875,4,3
1038134,140,2023,19,1.2,1.5,1.1,2.0,1.2275615083576776,1.504746234770041,1.025397515042455,0.671495615703191,13.8125,14.916666666666666,1,0
1038135,140,2023,19,1.3,1.4,1.6,1.0,0.48614645936616463,0.8436142017994852,1.102228598539252,0.4813224383098425,12.125,14.90625,0,2
1038137,140,2023,19,0.9,1.2,2.1,1.2,0.782597676245122,0.7543036250912345,0.7915554685059776,1.4109420073419847,15.0,15.104166666666666,1,2
1052433,135,2023,19,1.4,0.8,1.2,1.2,0.699932973017532,2.109020453590137,1.1991954345561544,0.8202441133644581,6.239583333333333,7.0,1,1
1052436,135,2023,19,2.3,0.6,1.0,1.3,0.8458031322932786,0.7352073809687502,0.730023961302588,0.9976783169930235,7.65625,6.770833333333333,2,1
1052435,135,2023,19,1.2,1.8,1.0,1.3,0.9931178160440179,1.2515142901418121,0.3479738170775676,0.553659992377233,7.760416666666667,7.854166666666667,2,3
1052437,135,2023,19,0.8,1.4,1.1,1.8,0.7117090244726061,0.7713823504558707,0.40089470410102773,0.6925230032634977,7.229166666666667,7.125,1,1
1052440,135,2023,19,1.1,2.0,1.6,1.2,0.823518940523477,0.9004189651081602,0.7577861089839035,0.15428123225914978,7.114583333333333,8.09375,1,0
1052434,135,2023,19,0.8,1.4,2.0,1.3,0.3639965595252447,0.8262308047597778,0.7253047512546886,0.8782876445653174,7.895833333333333,7.770833333333333,0,3
1052441,135,2023,19,0.9,0.9,1.4,1.3,0.7011155980238581,0.8160212652304021,0.2865687568456199,0.6362969276215644,8.854166666666666,8.854166666666666,3,0
1052442,135,2023,19,1.0,1.4,1.3,1.0,2.52407536450832,0.9211680278407276,1.0695149021239343,0.8326746127244231,8.0,8.760416666666666,1,2
1052439,135,2023,19,0.8,2.1,1.4,0.8,1.6044111351597394,0.5847433030103301,0.9073364984139074,0.6845080367069415,8.0,7.885416666666667,1,2
1052438,135,2023,19,1.7,1.2,1.9,1.1,0.4816531562141389,0.7120392074049539,0.6029654079885236,0.9001360482594194,8.0,8.34375,1,1
1035378,39,2023,21,1.1,2.1,1.4,2.2,1.0981119940210957,0.8088104735002462,1.3791574330432421,1.0064685376053144,13.197916666666666,13.302083333333334,1,1
1038151,140,2023,20,1.3,1.4,0.9,1.2,0.315995198588007,0.9624117311696654,0.676284322418103,0.8552581197844189,8.072916666666666,10.072916666666666,2,3
1035379,39,2023,21,2.0,1.7,1.4,1.6,0.9054553180111693,1.1054671004435885,1.4809577181152491,1.1635633486502397,14.0,12.9375,1,0
1038149,140,2023,20,0.9,1.2,1.7,1.7,0.9380866377074775,0.858352911864858,0.9146847795113104,1.5739848035275368,8.6875,10.6875,3,0
1052452,135,2023,20,1.4,1.3,0.8,2.1,0.18626969194965293,1.5757724901335037,1.7510703628538304,0.6884164802900479,6.0,5.875,2,1
1052446,135,2023,20,1.2,1.2,0.9,0.9,1.251612449128167,0.8029503403535645,1.6179046258949947,0.5304138223997614,7.760416666666667,6.0,0,0
1038150,140,2023,20,0.9,1.2,1.2,1.5,0.8378790635111166,0.7225138426562729,1.1837864223904395,0.7760239714337025,9.875,9.875,1,1
1052447,135,2023,20,1.0,1.3,0.8,1.4,1.2299322415133487,0.9516681635705488,0.23659776369140906,1.0226750230938557,7.229166666666667,6.229166666666667,2,1
1038143,140,2023,20,1.6,1.0,1.3,1.0,1.130511089050514,0.31285958490139765,0.6581673198319996,0.7205953823867428,8.96875,10.96875,2,1
1035382,39,2023,21,2.2,1.6,2.5,0.9,0.7950883785694396,1.550325093224596,0.8327647490434056,1.1461060327923724,11.895833333333334,14.104166666666666,2,3
1052451,135,2023,20,1.0,1.3,2.3,0.6,0.9815996477670855,0.940968738634945,0.8529492935157148,1.2333014642963542,7.239583333333333,7.34375,1,5
1038146,140,2023,20,1.3,1.2,1.0,2.1,0.6895809679885347,0.8579454908198271,0.9014807419940274,0.6251984246725941,10.072916666666666,10.166666666666666,1,0
1052449,135,2023,20,1.3,1.0,0.8,1.4,1.1932616094574804,0.9944884982708749,0.7773678103516384,0.7957167096144977,6.895833333333333,7.770833333333333,1,0
1038142,140,2023,20,1.1,2.0,2.2,1.2,0.6665083847775958,0.6297013168737409,1.4597747975418156,1.1248353524787187,9.875,10.6875,0,0
1035380,39,2023,21,1.1,1.3,2.0,1.6,0.945595980883915,1.6318017948090084,0.9709221767611789,1.4252313363046967,14.958333333333334,14.958333333333334,0,0
1052444,135,2023,20,1.1,1.8,1.4,0.8,0.5548997394838497,0.7648968965657179,0.7247480991280624,1.842998711500256,7.875,8.760416666666666,2,1
1038147,140,2023,20,0.7,1.4,1.1,1.2,0.5428349159407003,1.0721781901396064,1.270636144778913,0.5626367752223752,10.96875,11.78125,1,4
1035381,39,2023,21,1.5,1.5,1.9,1.6,0.7896614455294088,1.2322344591559238,1.2964967865015327,1.2263168663241313,14.958333333333334,14.104166666666666,2,2
1052445,135,2023,20,1.6,1.2,1.0,1.4,0.4925609708395373,0.44365401308965935,2.093898986930408,1.096836141173396,7.885416666666667,7.125,2,2
1052450,135,2023,20,2.0,1.3,1.7,1.2,0.9570730883155476,0.5708869689674563,0.5554542306835752,0.6616193444623428,7.34375,7.0,3,1
1052443,135,2023,20,1.9,1.1,1.2,1.8,0.5907213748416631,0.8274681105130076,1.2266163240183552,1.5689009552588447,8.0,9.239583333333334,5,0
1052448,135,2023,20,1.4,0.8,1.1,2.0,0.8981020573023731,1.153133348859512,0.8786585234614721,0.5852723273203042,9.114583333333334,10.0,3,0
1038154,140,2023,21,0.9,1.2,0.7,1.4,1.5437514762384335,1.1504690599111542,0.9049260286947887,1.9014612781361984,7.0,5.197916666666667,1,0
1035375,39,2023,21,2.4,0.8,1.5,1.5,0.4255255047787595,2.0546675796580187,1.2700516907751664,0.9149673070243363,19.9375,20.895833333333332,5,0
1038161,140,2023,21,0.8,1.3,0.9,1.2,0.9916009392248399,0.5746509709928215,1.5190700400000563,0.5579293927121577,17.875,7.0,0,2
1038160,140,2023,21,1.7,1.7,0.9,1.2,0.5945451066823518,1.9324038477830952,0.8881399098007443,0.7916826088376885,7.09375,7.0,1,1
1052458,135,2023,21,1.7,1.2,1.0,1.3,0.5661357476818805,0.9966150739005228,1.4469559569836767,1.0544016140131645,5.885416666666667,7.0,2,1
1038156,140,2023,21,1.1,1.2,1.6,1.0,2.0304589486517477,0.9177972372278773,1.314519707882834,0.5600894994166776,6.09375,7.0,1,0
1035376,39,2023,21,1.5,1.7,1.3,1.8,0.6461196280347683,1.7610575381967337,1.4354293187121803,0.9474012338819997,21.104166666666668,21.0,3,2
1052462,135,2023,21,1.0,1.4,2.0,1.3,2.116451008171432,1.1176309917627074,1.188660007405106,0.5761670275664031,6.114583333333333,6.0,2,3
1038152,140,2023,21,1.2,1.5,1.3,1.0,1.0915097856648968,0.8479340999504252,0.7845395271215689,1.0480744985513828,7.197916666666667,7.104166666666667,0,1
1052455,135,2023,21,1.2,1.8,1.1,1.8,0.7973006106119309,1.6824318197486583,1.3907984670281386,0.6770440938788278,5.65625,6.895833333333333,3,1
1038159,140,2023,21,1.2,1.5,1.1,1.4,0.9911441470991572,0.9780850526005268,1.3322552916640003,1.3993482790555904,16.875,18.875,3,2
1035383,39,2023,21,0.9,2.7,1.6,1.9,0.6640585960873718,0.7071852629008946,1.0784318008420182,0.27893792613180773,21.958333333333332,18.770833333333332,2,2
1052454,135,2023,21,0.8,1.4,1.0,1.3,0.5896058540917236,1.3122387650110063,1.3934564377152723,1.3695728239254232,7.875,7.760416666666667,3,0
1038155,140,2023,21,2.3,0.7,1.1,2.0,0.7016433797652551,0.37761124944599633,0.43323045010543726,0.40930585596793156,17.875,7.09375,3,2
1035374,39,2023,21,1.4,1.8,2.3,1.1,1.5097480262640253,0.8237795285049614,1.0788296871806409,0.7368464886083558,21.104166666666668,19.854166666666668,0,4
1052459,135,2023,21,0.8,2.1,1.2,1.2,1.5740130435472977,0.7558040455218644,0.8135480919333086,0.5219177212298169,8.125,8.125,1,2
1038158,140,2023,21,1.3,1.2,2.1,1.2,0.6180994240643425,0.5576645690328876,0.8825666100844409,1.3465104529204384,7.895833333333333,16.875,2,4
1052457,135,2023,21,0.8,1.4,1.4,0.8,0.5052890767285649,0.7662543227878851,1.0693913372465427,0.7495366767586827,7.34375,5.0,0,3
1038153,140,2023,21,2.2,1.2,1.3,1.4,0.9488536184021802,0.7311429791111672,0.7999481611334864,1.729734291926949,7.291666666666667,9.0,5,1
1035377,39,2023,21,1.4,1.6,1.3,1.7,0.9680947137819922,0.6135395615320739,2.0842520056912224,0.5245422753057573,20.010416666666668,23.197916666666668,0,0
1038157,140,2023,21,1.0,2.1,1.8,1.1,0.5859624822961178,0.576250770908981,1.1176315966327242,1.5530162683942503,9.0,18.979166666666668,0,1
1052464,135,2023,22,1.1,1.8,0.9,0.9,1.1329331449824316,1.0695925499101269,1.0516380068317466,0.34476898455984495,5.34375,13.239583333333334,1,2
1038171,140,2023,22,1.1,2.0,0.9,1.2,1.4861452471139887,0.5684944585530686,1.3714940151105373,0.7478048889422503,5.197916666666667,7.0,0,3
1038170,140,2023,22,1.3,1.0,0.8,1.3,0.7477712054495326,0.6812484240583988,0.644540610496146,1.1662581738803763,6.708333333333333,7.0,0,0
1052463,135,2023,22,1.9,1.1,1.0,1.4,1.0466150924774904,0.537854271833455,2.0730008476191233,1.21208514464576,11.760416666666666,6.760416666666667,2,0
1038166,140,2023,22,0.9,1.2,2.3,0.7,1.7801305687350792,0.36265410526290254,0.7585138490213289,1.449992766685352,7.09375,6.0,1,2
1052468,135,2023,22,1.4,0.8,0.8,1.4,1.3888543692102528,0.4871988398931438,1.6906957282365433,0.8529551972571542,5.885416666666667,6.125,1,1
1038163,140,2023,22,2.1,1.2,1.7,1.7,1.3097794076659977,1.4697830764495667,0.6137827507160777,1.5591670762224106,6.0,7.09375,3,5
1052470,135,2023,22,2.0,1.3,1.4,0.8,1.2582540048133188,1.0718162602258543,0.6509473755443516,2.2280627988388026,7.0,13.239583333333334,2,2
1038168,140,2023,22,0.9,1.2,1.3,1.2,0.8803955165338826,0.7419221271170465,0.9963159076931045,1.098593080982488,7.197916666666667,6.104166666666667,0,1
1052466,135,2023,22,1.2,1.2,0.8,1.4,0.8885284819788728,0.8113819354660476,0.3284378998735672,1.1918153098121254,6.770833333333333,6.65625,2,1
1038164,140,2023,22,1.2,1.5,2.2,1.2,0.7094813606821829,0.7889776777882892,1.3695957610523264,0.7725185774478996,7.708333333333333,6.708333333333333,0,1
1052467,135,2023,22,1.0,1.3,1.2,1.8,1.3182297053727232,1.0955420445836699,1.1477592857866439,1.3224948242507693,7.875,7.104166666666667,1,1
1052471,135,2023,22,1.0,1.3,1.1,2.0,0.905746684514927,2.197674258628448,0.5711280402499569,0.8660520127581977,7.0,11.760416666666666,1,0
1038167,140,2023,22,0.7,1.4,1.6,1.0,0.5882019186516126,1.6040053863440846,0.854437810123842,0.7856490837117495,8.802083333333334,7.90625,0,0
1052469,135,2023,22,1.3,1.0,1.4,1.3,1.0246585076858237,0.6464175238760688,0.42940863310060773,1.4600694262790852,14.229166666666666,15.125,0,0
1038169,140,2023,22,1.3,1.4,1.2,1.5,0.8172419457624072,1.8771681988434261,1.4723686956144522,1.1978764963115545,6.895833333333333,7.1875,1,1
1052465,135,2023,22,1.6,1.2,2.3,0.6,0.7248521310456992,1.0437917751749453,1.3123601845979236,1.5570626184592968,14.114583333333334,15.0,0,1
1038162,140,2023,22,1.8,1.1,1.1,1.2,0.8491457229964559,1.0094605744562628,1.7413892257145451,0.5965682041981203,6.0,8.104166666666666,2,0
1052472,135,2023,22,0.8,2.1,1.7,1.2,1.4952438949724103,0.8509948518114341,0.7781692314683354,1.0255081313686731,8.114583333333334,9.114583333333334,1,2
1038165,140,2023,22,1.1,1.4,1.0,2.1,1.4280871517028122,1.7377013813861337,0.38087561349247656,0.49724818627602285,8.291666666666666,7.0,2,0
1035387,39,2023,22,1.3,1.8,2.4,0.8,1.4509023603303381,1.2516441353566332,1.0713832447728604,1.3355339267777122,10.083333333333334,10.291666666666666,1,2
1035386,39,2023,22,1.4,2.2,1.4,1.6,1.0910951886209646,0.8906714915922147,0.6292615639582949,0.39880071499584807,18.0,8.0,4,0
1035385,39,2023,22,1.4,1.6,1.1,1.3,0.962622516774912,0.9351443016226558,0.6146373875745448,1.0606711666258555,17.302083333333332,16.239583333333332,0,0
1035391,39,2023,22,1.5,1.5,0.9,2.7,0.8255335990038583,1.3895204162324852,1.1009363330708268,0.724600976441137,10.3125,9.25,3,2
1035384,39,2023,22,2.0,1.6,2.2,1.6,0.6310994148947663,0.9264003685980529,1.0948377491004389,1.4368988105959875,16.260416666666668,17.114583333333332,1,3
1038145,140,2023,20,2.1,1.2,1.2,1.5,1.2410624973358397,2.0920011565549634,1.2330813188160605,1.0164402354230233,4.020833333333333,3.0208333333333335,1,0
1035388,39,2023,22,1.9,1.6,1.5,1.7,1.2443018585944174,1.2739809631106853,1.055811091555933,1.662560702995298,17.125,11.083333333333334,3,2
1035393,39,2023,22,2.5,0.9,1.1,2.1,0.9704845868782137,1.3229992243453452,0.9502397382624725,0.7203696649180171,18.083333333333332,18.989583333333332,3,1
1038144,140,2023,20,1.8,1.1,0.8,1.3,0.9813428680958445,0.6561493733965709,0.4189513968224949,0.7580678130222447,3.0,4.291666666666667,2,1
1035392,39,2023,22,2.3,1.1,2.0,1.7,1.2541378473920544,0.47895021759543127,0.7673740817072601,0.7185536152883326,10.15625,18.322916666666668,4,1
1035389,39,2023,22,1.6,1.9,1.4,1.8,0.9659112261028674,0.8506078975997102,0.9813362170716164,1.0883552442528628,11.229166666666666,11.125,1,1
1038148,140,2023,20,1.1,1.4,2.3,0.7,1.3297718001219794,1.1295058979009869,0.829084726501545,1.6786064094565898,3.0,5.197916666666667,0,2
1035390,39,2023,22,1.3,1.7,1.5,1.5,1.3547638036992946,0.34095247894874225,0.9901549395941156,1.2025313458197715,10.020833333333334,18.15625,3,4
1052478,135,2023,23,0.8,1.4,1.6,1.2,0.6856200515844854,1.3142632847112146,0.4711538851797045,0.8426856683564681,5.34375,5.0,3,2
1038172,140,2023,23,1.6,1.0,0.9,1.2,0.5553845765804973,0.5106719044126372,0.5722570857470237,0.7795250236517213,5.197916666666667,6.0,4,0
1035400,39,2023,23,1.1,1.3,1.9,1.6,0.3995143019234541,0.6894362583068061,1.3402977560739875,1.3049626260219453,3.6979166666666665,2.7083333333333335,2,2
1038178,140,2023,23,1.1,1.2,1.1,2.0,1.1319029967144543,0.8171674808769264,0.9659944106240926,1.1424380647261612,5.708333333333333,7.708333333333333,2,1
1052482,135,2023,23,1.0,1.4,1.0,1.3,1.3474505509524302,1.1286448177039545,0.8153603449347026,1.4284882681084914,7.0,6.0,0,0
1052475,135,2023,23,0.8,1.4,1.2,1.2,1.807155348353753,0.7856708782171502,1.1171268466196005,0.9995336747195976,6.875,6.104166666666667,0,0
1035398,39,2023,23,1.1,2.1,1.4,1.6,1.1956861329009103,0.7952402821967113,0.6257046359036927,0.6078437960547263,2.8125,3.8020833333333335,2,2
1035397,39,2023,23,1.4,1.6,1.5,1.5,0.4090200165728917,1.2810954647473014,0.9604857282413968,1.7509660483288934,3.8020833333333335,3.7916666666666665,4,1
1035402,39,2023,23,2.2,1.6,1.4,2.2,1.1993576050971035,1.112812351887392,1.731086872603627,0.5789364695349396,3.78125,3.8020833333333335,4,4
1038176,140,2023,23,1.0,2.1,0.9,1.2,0.24756914877010977,0.7247264725945662,1.8931959807889127,0.5717758930585678,4.802083333333333,7.0,1,1
1052476,135,2023,23,1.2,1.8,2.0,1.3,1.0365884075561902,1.1114271913185556,1.384427603128657,1.1947574922237285,6.125,6.885416666666667,2,3
1035403,39,2023,23,0.9,2.7,2.0,1.6,1.5633863942738153,0.8948795235756278,0.5890427446815981,1.0898733077705525,3.8958333333333335,3.8854166666666665,0,5
1038177,140,2023,23,0.9,1.2,2.1,1.2,1.6643877764885158,0.4860731778124627,0.9539128454905181,1.3598007517607262,7.895833333333333,2.9791666666666665,1,3
1052474,135,2023,23,1.4,0.8,1.1,2.0,0.9211927171807517,2.014803319245222,0.371233226162472,0.7895588082928284,7.0,6.239583333333333,4,2
1038174,140,2023,23,2.2,1.2,1.3,1.0,1.0307675477143152,0.5021370753411348,0.4860512835421962,0.44281147563795925,6.291666666666667,7.291666666666667,0,0
1052481,135,2023,23,0.9,0.9,0.8,2.1,1.243132605675203,0.681928122792182,1.4440439483987335,0.8070682223048833,8.65625,5.65625,0,0
1038180,140,2023,23,1.7,1.7,0.7,1.4,1.5356009448281955,1.403164481897508,0.3823312471235482,1.042603501123655,7.8125,6.90625,0,0
1052479,135,2023,23,1.4,1.3,1.0,1.3,0.27911561151539505,0.9490451270814054,1.1086548640478258,1.0026472007742573,6.875,7.0,2,1
1035394,39,2023,23,1.4,1.8,1.3,1.8,0.8530001200439191,0.9061288254310276,1.4933269188301044,1.078499243537367,2.7708333333333335,4.770833333333333,1,1
1035401,39,2023,23,1.5,1.5,1.6,1.9,1.5412477695597047,1.6620299901674667,0.8265402136335305,0.7680267123871801,2.7395833333333335,2.7708333333333335,3,0
1035399,39,2023,23,2.0,1.7,1.3,1.7,0.7589067894733554,1.052481844822327,1.760981087789157,1.119266170140212,3.7395833333333335,2.7395833333333335,2,4
1038181,140,2023,23,1.2,1.5,1.2,1.5,0.8015028572304393,0.8079083752471874,0.4611628844434189,0.653365793592691,3.8854166666666665,7.09375,0,3
1035395,39,2023,23,2.4,0.8,2.3,1.1,0.9613296646579148,1.4183374370208974,1.400611595689746,0.5714312778006667,4.875,3.84375,3,1
1052473,135,2023,23,1.9,1.1,1.3,1.0,1.0210892837945793,0.3496052766917458,0.6660280299957854,0.4201713905194447,8.125,7.0,3,1
1038173,140,2023,23,1.3,1.2,1.1,1.4,0.9448809810261589,0.7140855026386173,0.8643516700792866,1.022222311896511,7.895833333333333,2.8958333333333335,1,1
1052477,135,2023,23,2.3,0.6,1.4,0.8,1.017255134481404,1.012090701998543,1.1340053399866643,1.0248823709305432,7.0,8.114583333333334,1,0
1038179,140,2023,23,2.3,0.7,1.8,1.1,0.8269485504868739,1.0910941661467835,1.0342403856298201,0.9534857290714074,3.0,4.0,1,1
1052480,135,2023,23,1.7,1.2,1.1,1.8,0.7597315690818691,1.1387157020563041,1.1942348270668632,1.2548030586761503,7.0,10.0,4,0
1038175,140,2023,23,0.8,1.3,1.3,1.4,0.799307044298258,0.8891115998319803,0.7690277775660774,1.4962009959148939,5.0,8.104166666666666,1,2
1035396,39,2023,23,1.5,1.7,2.5,0.9,1.1631522095113562,1.6121660049345599,0.957814981470839,1.4379797988547776,5.020833333333333,5.020833333333333,1,3
1052491,135,2023,24,0.8,2.1,0.8,1.4,0.9386285664591768,0.5245943444981741,1.1746509764299395,0.5106860708411477,5.34375,6.239583333333333,1,3
1038188,140,2023,24,0.7,1.4,1.3,1.2,0.24851531063030635,0.6776922757303757,0.8689803299746957,0.8154813342908587,5.291666666666667,5.104166666666667,0,2
1035409,39,2023,24,2.5,0.9,1.1,1.3,1.0265209144266336,1.3585757581444944,0.909968387159336,0.9114938917860638,4.6875,7.0,2,0
1038186,140,2023,24,0.9,1.2,1.7,1.7,1.5112502028656833,0.868030898911434,0.9981406141383271,0.9120569132333802,6.8125,6.0,1,1
1052484,135,2023,24,1.1,1.8,1.3,1.0,0.7762526375934611,1.4081056482702166,0.7498762614553024,0.9887692985744811,4.760416666666667,5.875,1,3
1035407,39,2023,24,2.3,1.1,1.1,2.1,1.2214029719809436,1.0217144214795244,1.4274800772946827,0.9061918977135767,5.9375,7.0,3,1
1035413,39,2023,24,1.3,1.7,1.5,1.7,2.180384313397794,1.0641406576499615,1.1799378250712704,1.451849079678052,6.041666666666667,4.791666666666667,0,2
1035406,39,2023,24,1.4,1.6,1.4,1.8,0.7959937276231146,1.045382558344663,0.7815334113618807,0.8335350185814498,7.0,6.041666666666667,3,1
1035408,39,2023,24,1.4,2.2,0.9,2.7,2.1470814671923577,0.8492425894952313,1.01620115627798,1.1115328014352692,7.0,6.895833333333333,1,3
1035411,39,2023,24,1.9,1.6,1.4,1.6,1.3345538653347317,1.4985097978233552,1.35586301077238,1.071149552085746,7.104166666666667,7.0,2,1
1038191,140,2023,24,1.3,1.0,1.2,1.5,0.31593333430242754,0.2878274591646735,0.5209768571997856,1.2980571105773384,6.802083333333333,6.0,0,1
1052490,135,2023,24,1.7,1.2,2.3,0.6,1.086309180033934,0.7401652063365977,0.9075473591520431,0.657858956299053,4.885416666666667,5.885416666666667,2,4
1038190,140,2023,24,2.3,0.7,2.2,1.2,0.720816953073385,1.0772667635509647,0.6699989060143049,0.3263890989717377,5.895833333333333,6.895833333333333,4,0
1035410,39,2023,24,1.3,1.8,2.2,1.6,1.21521377929085,0.9281078416326219,1.252516327610638,1.745203028726805,6.145833333333333,7.104166666666667,2,3
1052492,135,2023,24,1.1,2.0,0.9,0.9,1.271415233369243,1.1607132253903385,0.808036193688882,0.4432532798149183,7.0,6.34375,1,1
1038185,140,2023,24,0.9,1.2,1.1,1.2,1.4759477578831635,0.7581126638214024,1.1573278569553043,0.8824846201457597,7.197916666666667,7.291666666666667,2,0
1052485,135,2023,24,1.6,1.2,1.2,1.8,0.710937525366808,1.9641519344317042,1.2548722085012671,1.1001360076903945,8.65625,7.770833333333333,5,1
1038189,140,2023,24,1.1,1.4,1.2,1.5,0.9131543431272937,0.9192521950404244,1.072672541554889,0.42468776583524914,6.8125,6.90625,3,2
1035412,39,2023,24,1.6,1.9,2.4,0.8,0.5372511388617949,1.1015857841042989,1.2751483729367354,1.2329247688461922,7.0,6.895833333333333,0,6
1052483,135,2023,24,1.4,0.8,0.8,1.4,1.2462752661674887,2.3397357938730305,1.8620592835299155,1.2589586350622894,7.760416666666667,8.760416666666666,4,0
1052489,135,2023,24,1.0,1.3,1.0,1.3,0.5299842242075566,0.9285173742705194,1.0692795077849329,1.1497976035801902,8.0,7.0,0,0
1038184,140,2023,24,0.9,1.2,0.8,1.3,0.3719671057355654,1.4728370987069521,0.9336120787938678,1.1267391079381244,8.802083333333334,5.802083333333333,2,1
1035404,39,2023,24,2.0,1.6,1.5,1.5,0.91273889515415,0.7084176500508591,1.6041794712664397,1.0803194936088534,7.958333333333333,7.104166666666667,1,2
1052486,135,2023,24,1.2,1.2,1.9,1.1,0.7261324503027403,0.6496968885677384,1.3793659292033187,0.5442014718076766,8.125,7.0,1,4
1038187,140,2023,24,1.3,1.4,1.8,1.1,1.0486846234652876,1.386593147344681,1.0403118062149386,0.8030661191533318,5.895833333333333,6.895833333333333,1,0
1052488,135,2023,24,2.0,1.3,1.4,1.3,1.2775862753669605,1.357682113535167,0.6795020705619299,0.9655331787567596,8.114583333333334,7.239583333333333,1,0
1038183,140,2023,24,2.1,1.2,1.0,2.1,1.17212668290217,1.3132686367926203,0.5473782800339047,0.7164425775568384,8.104166666666666,8.197916666666666,3,3
1052487,135,2023,24,1.4,0.8,1.0,1.4,0.7371034709913318,0.9125050628439836,0.8758428581190796,0.7336191315075705,8.0,9.239583333333334,0,1
1038182,140,2023,24,1.1,2.0,1.6,1.0,0.9792221244814177,1.1641756511629138,1.3271458081106566,0.3319367378682142,9.291666666666666,10.0,0,0
1035405,39,2023,24,1.5,1.5,2.0,1.7,0.8627532233569079,2.228127931413781,0.8299070602165046,1.7198598054693544,9.208333333333334,8.25,1,3
1052453,135,2023,21,1.4,0.8,1.6,1.2,1.7350789230088677,1.52082826601747,1.2490017525995363,1.5914557018250521,3.1666666666666665,3.2708333333333335,2,0
1052501,135,2023,25,0.9,0.9,0.8,1.4,0.7770290814533289,0.7459429147079797,1.210338534294445,1.7433231127904882,5.927083333333333,5.166666666666667,2,0
1038199,140,2023,25,1.7,1.7,1.1,1.4,0.8761198305624617,0.8959415687650958,1.4367321412145588,1.1495972601096094,6.291666666666667,5.291666666666667,1,1
1052497,135,2023,25,2.3,0.6,0.8,2.1,1.2467898414198426,1.3163338117904626,1.014796068198465,1.150361323923813,6.125,7.010416666666667,4,0
1035414,39,2023,25,1.5,1.7,2.3,1.1,1.2157831157080905,0.9437019017907339,1.149346714396309,1.1370482582592116,6.895833333333333,6.895833333333333,1,4
1038193,140,2023,25,1.8,1.1,0.9,1.2,0.6762026740397101,0.8462936767503648,1.8181623389203525,0.4927732314839116,5.8125,6.708333333333333,5,0
1052500,135,2023,25,1.4,1.3,1.2,1.2,0.44167634586525445,0.8019234892688168,0.8153573048179932,1.217478416165521,5.760416666666667,5.875,1,1
1035420,39,2023,25,2.2,1.6,1.4,1.8,1.247658340219642,1.684622353287808,0.7634654673852225,1.2230477620779423,6.895833333333333,7.0,2,2
1035417,39,2023,25,1.4,1.6,2.0,1.6,1.1986459229550244,0.934967412924031,0.7840302818501976,0.9373464725330583,7.0,5.9375,1,2
1035415,39,2023,25,1.1,2.1,2.4,0.8,1.4007959345390644,0.9444595161225207,1.5818069687246679,0.8014010997500249,7.0,6.041666666666667,0,5
1035423,39,2023,25,1.9,1.6,1.3,1.7,1.2439402756254705,1.229500118585181,1.4172498037085661,1.1405149568842399,7.0,7.0,1,2
1035421,39,2023,25,1.3,1.8,1.6,1.9,1.340129341154437,1.0367928243339315,0.3492132402601667,1.4689912859835839,6.895833333333333,6.041666666666667,2,0
1038198,140,2023,25,1.2,1.5,0.7,1.4,0.7250932905131939,0.84373712187527,0.16153495190969913,0.950115363840129,7.0,7.802083333333333,2,0
1052496,135,2023,25,1.0,1.3,1.4,0.8,0.6950316800602064,0.7473684423271236,0.4791172561443657,1.1596907908485892,6.125,4.885416666666667,2,2
1035419,39,2023,25,2.5,0.9,2.0,1.7,1.019392440531158,0.8830742427939213,1.111689589140728,1.3423206382609627,7.208333333333333,4.895833333333333,1,1
1038197,140,2023,25,1.2,1.5,2.1,1.2,1.2493204853440112,1.11922886597473,1.077358534362601,2.012999613915203,6.1875,5.895833333333333,1,2
1052493,135,2023,25,1.9,1.1,1.1,2.0,1.6917632925786483,0.6971021687962018,1.2842481845182907,1.0062691520592757,6.114583333333333,7.0,3,0
1038200,140,2023,25,1.1,1.2,1.3,1.4,0.7522631070209478,1.43241129939104,1.0059457045531361,0.9012855457740427,7.0,6.104166666666667,0,0
1052498,135,2023,25,1.3,1.0,1.4,0.8,1.06850931353569,1.0547454986188671,1.6673846332890974,0.9885383729113555,7.895833333333333,3.7291666666666665,1,2
1038195,140,2023,25,0.8,1.3,2.3,0.7,1.0899207678826808,1.5251154628948234,1.1406324687730627,0.7002233963081271,6.90625,7.8125,1,1
1035422,39,2023,25,0.9,2.7,1.4,1.6,1.5275762061261418,0.873885209821814,1.136779707002047,1.0727274720136297,7.958333333333333,7.958333333333333,0,5
1052494,135,2023,25,0.8,1.4,1.6,1.2,1.5728981346794606,0.7366334460467461,0.8118511391896986,1.5740295395196173,8.760416666666666,3.8333333333333335,1,1
1052502,135,2023,25,1.0,1.4,1.1,1.8,1.1358603577774016,0.47685243547992084,0.9166096689812042,1.4963584149653841,5.760416666666667,8.0,1,1
1038196,140,2023,25,1.0,2.1,1.1,2.0,1.515170882022038,0.7811638658881355,0.6364943809129215,0.756714173255894,6.802083333333333,5.802083333333333,1,1
1035418,39,2023,25,1.4,2.2,1.5,1.5,1.5469918425639215,1.419053137717355,1.5195916563231857,0.8929576708457547,8.0625,7.0,1,2
1052495,135,2023,25,1.2,1.8,1.7,1.2,1.1304238799702682,1.5019807661098674,1.5948264572181352,1.137991442089803,7.229166666666667,8.0,0,3
1038194,140,2023,25,0.9,1.2,1.3,1.0,1.03451366146316,1.4404170308261857,0.2053566672965779,0.5735461817903711,7.09375,8.09375,1,2
1052499,135,2023,25,1.0,1.3,2.0,1.3,0.3444897457349118,0.6035362932758376,1.0047580020654474,0.8824933737978586,7.239583333333333,7.0,4,2
1038201,140,2023,25,1.3,1.2,0.9,1.2,1.0744525990989369,0.5300628672890582,1.285417207026093,0.7915485156649811,9.0,8.291666666666666,0,0
1038192,140,2023,25,1.6,1.0,2.2,1.2,0.8626447752719268,0.21575887961433923,0.4354992889092982,0.8842543636069918,7.0,9.104166666666666,3,2
1035416,39,2023,25,1.1,1.3,1.5,1.5,0.5914794516535684,0.9446248758147877,0.7852013598878724,2.0205331554189576,9.3125,7.0,1,1
1035349,39,2023,18,2.5,0.9,1.5,1.7,0.7972521451687822,0.8919149244827156,1.1370772070284407,1.1988282310488878,3.0833333333333335,3.2916666666666665,1,0
1035430,39,2023,26,2.3,1.1,1.4,2.2,1.3324973592425116,1.0858995496866695,1.278044697666549,1.2692027213344625,4.291666666666667,3.125,4,1
1052461,135,2023,21,0.9,0.9,1.3,1.0,1.224513347389108,0.48486289456018683,1.1303483614905063,1.3330845741022637,6.072916666666667,4.34375,0,2
1052503,135,2023,26,1.4,0.8,1.0,1.3,1.7313000116379134,1.0783672500846888,1.5848955920391339,0.9838664105895534,5.34375,6.114583333333333,2,0
1038207,140,2023,26,1.3,1.0,1.7,1.7,0.7280331157940576,0.888082795941519,0.7643308310420707,0.8303566721037293,5.104166666666667,7.0,1,3
1052512,135,2023,26,1.1,2.0,0.8,1.4,0.834761319936889,1.0119038962069502,1.4945192042083162,0.6811554899303849,6.760416666666667,6.0,2,3
1035427,39,2023,26,1.4,1.6,1.1,1.3,1.4958512539957751,0.6972728568088593,0.7312798253930013,0.9074677077411505,6.041666666666667,4.791666666666667,1,1
1035429,39,2023,26,1.5,1.5,1.1,2.1,0.8038424223886556,1.6601647328405043,0.9105173574503919,1.1816070188129717,4.791666666666667,7.0,3,0
1035426,39,2023,26,2.0,1.6,1.3,1.8,0.8672759332026285,0.8647439571464879,1.334444395637024,0.6739153358170555,7.0,7.0,4,2
1035431,39,2023,26,1.5,1.5,1.4,1.6,1.3345527584282526,0.8529224860497406,1.0345885999207658,0.9653850684006201,5.9375,7.0,1,2
1038203,140,2023,26,2.1,1.2,1.1,1.4,0.9947274917801351,1.630498360155993,1.1818705441958803,0.9420911602477167,6.90625,7.802083333333333,4,0
1052511,135,2023,26,0.8,2.1,1.0,1.3,0.6596174443290023,1.1230971793910582,1.6185337193430773,0.7409524367831406,7.875,5.885416666666667,0,2
1035424,39,2023,26,1.4,1.8,2.5,0.9,1.0071900538003946,1.083996196865814,0.6528609531832379,0.5797447009137652,7.104166666666667,3.9166666666666665,0,1
1038210,140,2023,26,0.9,1.2,0.9,1.2,0.8355211845669605,0.5145065351822378,1.1877116577288318,1.5308223520883026,5.895833333333333,6.0,1,1
1052506,135,2023,26,1.2,1.2,1.0,1.4,0.8205271199265673,1.0611526371742552,0.9901147881108665,0.6042722648801303,7.239583333333333,6.239583333333333,2,0
1035425,39,2023,26,2.4,0.8,2.2,1.6,1.5958828630043675,0.5209107148375163,1.0999930726579188,1.6059420296370752,7.208333333333333,7.208333333333333,4,1
1038202,140,2023,26,1.1,2.0,1.8,1.1,0.6144789233509746,0.7237392126163311,1.513027108496182,0.5500908898877371,6.197916666666667,7.291666666666667,2,2
1052507,135,2023,26,1.4,0.8,1.2,1.8,0.8095031395707608,1.8869240140515826,0.7347755219806743,1.420650243069453,7.770833333333333,6.770833333333333,3,2
1038204,140,2023,26,0.7,1.4,1.2,1.5,0.10499771874130444,1.1696583198294173,1.1341069265847183,1.021943207328019,7.90625,7.8125,2,2
1035433,39,2023,26,1.3,1.7,0.9,2.7,1.4714527570259526,0.9185019046372946,0.9929245339819922,1.3249698308286235,7.9375,6.979166666666667,1,0
1052504,135,2023,26,1.1,1.8,1.4,1.3,0.8901144666559646,1.2244385252830552,0.5568812914790819,0.8117951398196027,7.0,8.0,1,1
1038211,140,2023,26,1.3,1.2,1.6,1.0,0.698394189414309,0.34454086373788784,1.2853284789267525,0.5618341808402295,6.802083333333333,5.802083333333333,3,1
1052508,135,2023,26,0.8,1.4,2.3,0.6,0.7867200472913893,1.8526044677582618,1.1857757157634774,0.8556169776638007,8.958333333333334,8.875,0,4
1038209,140,2023,26,0.9,1.2,1.2,1.5,1.1818055202982292,1.3937979708349129,1.0233939721669094,0.5484291292189255,8.1875,8.09375,1,1
1052509,135,2023,26,2.0,1.3,1.9,1.1,1.001746547496387,1.9682360775839927,1.4574750875445426,0.4531164097175312,7.0,8.0,1,1
1038206,140,2023,26,2.3,0.7,1.3,1.4,0.8965114391506512,1.2832702076002827,0.6538647079595385,0.5858356047531278,7.291666666666667,8.0,1,0
1052510,135,2023,26,1.7,1.2,0.9,0.9,1.480999942289827,0.7396944373583719,0.7959336758029203,1.089947206250446,8.020833333333334,3.90625,3,2
1052505,135,2023,26,1.6,1.2,1.3,1.0,0.7300469904733042,1.495254617354418,1.5095127597551539,0.8665049731664715,8.239583333333334,4.0,2,1
1035432,39,2023,26,1.6,1.9,1.5,1.7,0.22698860616910838,1.4182046597759692,0.7391001845684865,0.9138854090053066,9.208333333333334,6.020833333333333,4,2
1038205,140,2023,26,2.2,1.2,0.8,1.3,0.7046654468819529,1.2993747113445449,1.5365734991237425,1.1464253853297959,7.0,8.291666666666666,3,0
1052460,135,2023,21,1.1,2.0,1.4,1.3,1.1312312215953413,1.5075812825345174,0.5418339505725144,0.8446248828407836,4.125,3.125,1,6
1052456,135,2023,21,2.3,0.6,1.9,1.1,1.3337976935071298,0.5561510354814705,1.1308608311954507,0.5005483935891225,3.1145833333333335,3.0,4,0
1052518,135,2023,27,1.3,1.0,2.0,1.3,1.2717281656357218,1.1297907325582064,0.8571579831453788,1.4628554747210933,4.0,5.0,0,1
1038215,140,2023,27,1.2,1.5,1.1,2.0,1.2892528356134003,1.5475964180965458,1.165940225797968,0.7280693770895041,5.291666666666667,6.0,1,0
1038219,140,2023,27,1.3,1.4,1.3,1.0,0.4250120601737001,0.5248148822199679,0.6830631542254135,1.3956361703031637,5.708333333333333,7.708333333333333,3,2
1052522,135,2023,27,1.0,1.4,0.8,2.1,0.6435746122720633,0.9323603055054179,0.42875133881385147,1.1616798332708544,6.760416666666667,6.875,1,1
1035440,39,2023,27,2.2,1.6,1.3,1.7,1.0401375426821926,1.639956069264099,1.1194784801010573,0.5970262380142415,6.791666666666667,6.0625,3,0
1035437,39,2023,27,1.4,1.6,1.4,1.6,1.217482589948498,0.8659377944604031,1.286726392020331,0.778369402380304,7.0,7.0,3,0
1035436,39,2023,27,1.1,1.3,1.6,1.9,0.8004739319599963,0.9042770869548249,0.9890867116569791,1.3234119762228012,7.0,4.791666666666667,1,3
1035443,39,2023,27,1.9,1.6,1.5,1.5,0.9857283618190946,1.3494154616957523,1.067497574552626,1.0791070763463277,14.0,7.0,3,1
1035434,39,2023,27,1.5,1.7,2.0,1.7,0.8819940673379374,1.4355696335005081,1.04051489960814,1.0071554736931552,4.791666666666667,13.895833333333334,2,2
1035441,39,2023,27,1.3,1.8,2.3,1.1,1.4176292417794503,1.0738783016144196,1.318494825009609,1.0774256163872442,7.0,9.8125,0,1
1038216,140,2023,27,0.8,1.3,0.7,1.4,0.9987727744304327,1.231627549415416,0.9515818505151813,1.3123612412224546,4.802083333333333,6.09375,1,1
1052519,135,2023,27,1.0,1.3,1.7,1.2,1.483713584239667,0.4816190839090414,1.851375452684466,1.3201532361347934,7.0,4.979166666666667,1,4
1038214,140,2023,27,1.1,1.4,0.9,1.2,0.7682158537273223,1.2433116351133968,1.1116921067123675,1.2280172921538044,7.09375,6.0,3,3
1035438,39,2023,27,1.4,2.2,2.0,1.6,1.2023199625741658,1.277353310369377,1.1995626899150418,1.1123239567606018,9.916666666666666,7.104166666666667,2,3
1052521,135,2023,27,0.9,0.9,1.6,1.2,1.3567087411237497,1.5971911742588683,1.0410930438076476,1.2624603730752435,5.09375,5.0,0,0
1038218,140,2023,27,1.1,1.2,2.3,0.7,0.4889710195636161,0.9310673446041761,0.7267541745783581,0.8341256349401838,14.0,6.0,2,2
1052516,135,2023,27,1.0,1.3,1.1,2.0,1.030182134825437,1.1375900899601328,1.0522583359950137,1.9511778336474364,8.65625,3.7708333333333335,1,0
1038220,140,2023,27,1.7,1.7,1.0,2.1,1.3151973931185224,0.7495734658267001,1.2167360733143247,0.7085140885848638,8.708333333333334,13.90625,5,1
1035435,39,2023,27,1.1,2.1,1.4,1.8,0.5918362823427548,1.3130445622284315,0.6546735349702565,0.8317641946294458,7.916666666666667,7.8125,0,2
1052515,135,2023,27,1.2,1.8,0.8,1.4,1.4218749226207716,1.4630059913284776,0.5113680307394031,1.7672363823037398,7.104166666666667,6.875,1,1
1052514,135,2023,27,0.8,1.4,1.1,1.8,1.8212812327354053,1.0313874320911136,0.8955324452844189,0.975746152545097,8.0,7.0,0,1
1038213,140,2023,27,1.8,1.1,1.3,1.2,1.241106509411407,1.1240880040468637,1.5241485308116083,0.46548801976296045,7.802083333333333,7.0,2,1
1035439,39,2023,27,2.5,0.9,1.5,1.5,0.5515262862357713,0.3768340555939474,1.105896792978364,1.0993996159323316,7.916666666666667,8.020833333333334,3,1
1052513,135,2023,27,1.9,1.1,1.4,0.8,0.735059540277043,1.0419572463467637,1.6234219306415667,0.7009387125550478,3.8854166666666665,8.885416666666666,1,2
1038217,140,2023,27,0.9,1.2,2.2,1.2,1.201410725671889,1.4244326770055449,0.9444835894243182,0.8445935623739542,8.0,5.895833333333333,1,0
1052520,135,2023,27,1.4,1.3,1.4,0.8,1.3234420678721344,0.8659642158045513,1.0657603740543278,2.170771442466862,4.114583333333333,7.34375,2,1
1038212,140,2023,27,1.6,1.0,2.1,1.2,1.0769999696357224,1.4353845252384567,1.2775252506094688,1.0598239341013955,7.197916666666667,8.197916666666666,0,0
1052517,135,2023,27,2.3,0.6,1.2,1.2,1.5835692912934682,0.36149817306295584,1.072925961285602,0.689749214163266,5.0,9.0,2,1
1035442,39,2023,27,0.9,2.7,2.4,0.8,0.645400947088295,1.0242645780727935,1.633417610952839,0.6637340100989311,8.270833333333334,9.0,0,6
1038221,140,2023,27,1.2,1.5,0.9,1.2,0.9872546930196022,0.6999974525108201,0.9724869181166724,0.7638273960166027,8.104166666666666,9.104166666666666,1,0
1052531,135,2023,28,1.4,1.3,0.9,0.9,1.6696123441168873,0.8119152018114199,0.8818606817304373,1.0381742632682645,5.0,6.0,1,1
1038223,140,2023,28,2.1,1.2,0.9,1.2,0.8303914128961547,0.6888855571659072,1.2103151198348758,0.9258812400536042,5.0,5.104166666666667,1,0
1035451,39,2023,28,1.5,1.5,1.1,1.3,1.1427218043248255,1.1724097503560156,0.7941118835251939,1.4131406834437132,5.875,6.895833333333333,2,0
1038231,140,2023,28,1.1,1.2,1.1,1.4,1.5223766172618047,0.9412444986303956,1.553317577650032,1.9123192294903744,6.708333333333333,6.8125,1,0
1052524,135,2023,28,1.1,1.8,0.8,2.1,0.876414271253054,0.634234999154313,0.6833758702290034,0.9709252249593887,6.0,7.0,4,2
1052532,135,2023,28,1.1,2.0,1.2,1.8,0.683967918396759,1.4948905918708335,1.1940103663701682,1.265710838807955,6.104166666666667,6.0,1,0
1035444,39,2023,28,1.4,1.8,0.9,2.7,0.8148235120163811,0.5406467265091398,0.4195106156073918,1.195633086858427,6.083333333333333,4.791666666666667,2,2
1035453,39,2023,28,1.3,1.7,1.4,1.6,0.7276610120656873,0.84709111888038,1.5577699334665238,0.562859566399262,7.0,7.0,2,1
1035449,39,2023,28,1.5,1.5,1.4,2.2,0.932310923459207,1.3037880206777448,1.2924454756732078,1.2204501062855497,7.0,6.895833333333333,1,1
1038229,140,2023,28,0.7,1.4,1.8,1.1,1.1281435874502526,1.2670973067945956,1.2361173792655626,1.0549579019311606,7.0,6.0,2,0
1052523,135,2023,28,1.4,0.8,2.3,0.6,1.643860618553382,0.7538009526344652,1.3577620683262617,0.8644877013798101,6.0,4.885416666666667,0,1
1038226,140,2023,28,1.0,2.1,1.3,1.0,1.0636725653013699,1.1100439615017301,0.9536064348619036,1.9773558183893638,6.1875,7.1875,2,3
1035445,39,2023,28,2.4,0.8,1.5,1.7,1.5915825582304566,0.4314271065643052,1.022119673181424,1.2697379088341538,4.895833333333333,7.104166666666667,2,1
1052526,135,2023,28,1.2,1.2,1.0,1.3,1.3269157637245301,0.7767790181916301,1.3421221630891167,1.1334143954911031,5.0,7.114583333333333,2,3
1038225,140,2023,28,2.2,1.2,1.2,1.5,0.6139143331258069,0.9783839636912184,0.9637641615738526,0.4549983441320331,6.104166666666667,5.0,2,0
1052529,135,2023,28,0.8,1.4,1.0,1.3,0.6471461644250563,1.4184953151640975,0.896243387636534,0.7394335584740863,6.895833333333333,7.0,0,1
1038227,140,2023,28,0.9,1.2,0.8,1.3,0.6321164967758371,0.8185364185219028,1.0632648033797811,1.3101732917354052,5.708333333333333,7.90625,1,0
1035446,39,2023,28,2.0,1.6,1.9,1.6,1.1698862029902317,1.2339480718943912,1.243091856235043,1.115557550102239,7.8125,7.916666666666667,0,4
1035452,39,2023,28,1.6,1.9,1.1,2.1,1.4682669395001136,1.134021612296017,0.3846935835227906,1.242764679734195,7.958333333333333,7.041666666666667,2,2
1035447,39,2023,28,1.4,1.6,1.3,1.8,0.8363721548132151,1.2723463615471977,0.9214590071566428,0.8362455337305322,7.958333333333333,7.958333333333333,1,0
1052530,135,2023,28,2.0,1.3,0.8,1.4,0.7837776890444962,0.9508560585687107,1.1838328012780135,0.9647200126774056,8.760416666666666,7.0,1,0
1038228,140,2023,28,0.9,1.2,1.6,1.0,1.8267665360297054,1.8521885126272455,0.7000499802632196,0.9329999414049969,7.90625,6.802083333333333,0,2
1035450,39,2023,28,2.3,1.1,2.5,0.9,0.9952462739374053,0.7003266506517087,0.8162920860532514,0.6688310250249547,8.03125,7.010416666666667,1,1
1052527,135,2023,28,1.4,0.8,1.9,1.1,0.9417827046737747,2.22037643760346,0.7759794906537621,1.26590857376176,6.885416666666667,7.0,2,2
1038230,140,2023,28,2.3,0.7,1.2,1.5,0.808440938113614,1.7467271172565737,1.031243509815377,1.0059376717627548,7.895833333333333,8.895833333333334,4,0
1052525,135,2023,28,1.6,1.2,1.7,1.2,0.6767104784749709,0.8205992424989083,2.023756035195129,1.2358079368209491,8.0,8.114583333333334,2,2
1038224,140,2023,28,1.3,1.2,1.7,1.7,1.3149972443282447,0.7319653609940724,1.5043881094486082,0.7600168704344139,7.197916666666667,7.291666666666667,2,3
1052528,135,2023,28,1.3,1.0,1.0,1.4,0.8266233076632192,0.9609889761628342,0.6341568313101744,1.0107216985785217,10.0,9.239583333333334,1,2
1035448,39,2023,28,2.0,1.7,2.2,1.6,1.0129523318041147,1.1034745873123155,1.1351134669145484,1.0659714450216644,9.208333333333334,9.208333333333334,3,2
1038222,140,2023,28,1.1,2.0,1.3,1.4,0.7578611467686793,0.6664742617748444,1.3464501468052126,0.8507450580583638,10.0,9.291666666666666,2,2
1035334,39,2023,17,1.4,1.8,1.4,2.2,0.8324130605884256,1.0579018537124223,1.1125895591875852,0.9667016599946983,4.1875,4.1875,4,3
1052534,135,2023,29,0.8,1.4,1.4,0.8,0.7694913208307088,0.7889430082403136,1.0685094020596984,0.7363021409515328,5.239583333333333,6.114583333333333,0,1
1038237,140,2023,29,1.3,1.0,0.7,1.4,1.1294595672756218,2.2127812819530863,1.9378387863881186,0.8236132494164872,6.104166666666667,6.197916666666667,2,0
1038240,140,2023,29,0.9,1.2,1.0,2.1,0.7867048278926693,0.7858505838126205,1.6188871674458905,1.2311439595915092,7.708333333333333,6.8125,1,0
1052542,135,2023,29,1.0,1.4,0.9,0.9,1.3187019403516134,0.9060075656145007,0.9606026055179466,1.0345354933465942,4.760416666666667,7.760416666666667,0,2
1052539,135,2023,29,1.0,1.3,1.1,1.8,2.0055044060079257,1.3178091006589607,1.3545177611629697,1.0417666383391921,6.760416666666667,7.0,1,0
1035460,39,2023,29,1.4,2.2,1.3,1.8,1.4044332134719304,1.371537897178372,0.5989483546518178,0.7706429302581793,2.8125,6.041666666666667,1,1
1035456,39,2023,29,1.1,2.1,1.5,1.7,0.7976584847922064,1.1484220418272266,1.1412527875679255,1.105844346624553,6.041666666666667,6.895833333333333,2,1
1038234,140,2023,29,1.2,1.5,2.3,0.7,0.6264467050230041,0.5768095297464275,1.063167769194139,1.135372626216773,6.802083333333333,5.90625,2,4
1052541,135,2023,29,0.8,2.1,0.8,1.4,1.0737082045377409,1.4159498810720872,0.42064500687628664,1.2457719548566635,7.125,6.229166666666667,0,1
1035459,39,2023,29,1.4,1.6,1.9,1.6,1.252991633223829,0.916099102774905,1.5609702328685677,0.7251124075664553,7.104166666666667,6.1875,3,0
1038233,140,2023,29,1.1,1.4,2.2,1.2,1.0096564254725209,1.544143862805107,0.6801049225923805,0.635949576399292,7.1875,6.895833333333333,1,0
1052535,135,2023,29,1.2,1.8,1.3,1.0,0.7761067381406094,1.0516261866393122,0.786343611519554,1.5311428345058422,7.239583333333333,5.0,2,3
1038241,140,2023,29,1.6,1.0,0.9,1.2,0.9381054038377594,0.606449961913248,0.8072432442718154,0.5320486720392369,6.197916666666667,6.291666666666667,2,0
1052538,135,2023,29,1.4,0.8,1.2,1.2,1.2007951216743171,2.0396262633896174,1.443584990010688,1.6380313618245594,6.770833333333333,7.65625,0,0
1038238,140,2023,29,1.3,1.4,1.2,1.5,1.2319233646541574,1.1552570150106636,0.670308281379995,1.1915406460660805,5.708333333333333,6.8125,1,2
1052536,135,2023,29,1.0,1.3,2.0,1.3,0.9063082019637471,0.4806318130081561,0.6713304978789225,0.6180564380696619,7.104166666666667,7.0,1,3
1035462,39,2023,29,1.6,1.9,2.0,1.6,1.2949985106750739,1.2847217034948035,0.7604260319436507,1.5550267730471439,7.0,7.041666666666667,1,1
1038235,140,2023,29,0.9,1.2,1.1,2.0,1.1873982484193086,1.6869954498743764,1.0948824726723687,0.7899390393844181,7.0,5.802083333333333,0,1
1038239,140,2023,29,1.7,1.7,1.1,1.2,1.6598375652592423,0.9136942237009211,1.2906811648565366,0.6118089241097572,6.802083333333333,8.09375,1,0
1052540,135,2023,29,1.7,1.2,1.1,2.0,1.7598041679748733,1.2754105756002838,0.6734932883720347,0.9716788847160418,6.885416666666667,8.125,1,0
1038236,140,2023,29,0.8,1.3,1.3,1.2,0.6911221221968578,1.2479801609955345,1.2744314667319112,1.157762778763794,7.1875,6.895833333333333,2,0
1052537,135,2023,29,2.3,0.6,1.4,1.3,1.1288768661512005,0.5619170058968767,1.4449702458981988,0.9151380435705851,8.114583333333334,9.0,1,1
1038232,140,2023,29,1.8,1.1,2.1,1.2,0.8034762965226158,1.8902680908007088,0.7237821961602784,0.4477756121578397,8.197916666666666,9.0,0,3
1038244,140,2023,30,0.7,1.4,1.0,2.1,1.259595211152277,1.0449639967361013,1.052276658839829,1.0456139441048515,14.0,13.291666666666666,1,0
1052550,135,2023,30,1.4,1.3,1.9,1.1,1.4788139931671624,0.7464283570834223,1.1007682478723138,1.4114769365815074,12.65625,19.770833333333332,0,3
1035470,39,2023,30,2.2,1.6,1.6,1.9,1.043839796275205,1.229365814264082,1.065284188188798,0.9856612125347802,18.6875,12.9375,4,3
1038246,140,2023,30,1.1,1.4,1.3,1.4,1.0076024341328962,1.0036935108233196,1.0385706998457152,1.3030003930902647,13.8125,13.0,0,1
1052546,135,2023,30,1.2,1.2,1.2,1.8,0.9383302435069473,1.0647203851859637,1.2598860464580628,1.2646467649052964,13.104166666666666,13.760416666666666,1,1
1052552,135,2023,30,0.9,0.9,1.0,1.3,1.3438361380311097,0.6724480706752862,1.5553834194607075,0.8565759154283245,14.0,14.0,1,0
1035464,39,2023,30,1.4,1.8,1.1,1.3,1.2842503075642948,1.3688862049130746,0.5161727242913761,1.5054645211614905,16.8125,21.104166666666668,2,1
1035473,39,2023,30,1.9,1.6,1.4,2.2,1.014630651364569,1.237729314918196,1.139964922090088,1.0915870457533545,13.895833333333334,14.0,2,1
1035467,39,2023,30,2.0,1.7,1.1,2.1,1.1949033906726747,1.0232745245337538,1.1305101006764315,0.928140993854364,18.791666666666668,14.0,2,2
1035472,39,2023,30,0.9,2.7,1.4,1.6,0.9791633816262861,1.0799392842357554,1.580850811595489,0.5954644168036883,21.0,13.895833333333334,3,3
1035471,39,2023,30,1.3,1.8,1.5,1.5,0.5894038431110942,0.7280012380011499,0.7794111911575754,1.1199622134405343,14.0,21.0,1,1
1038242,140,2023,30,1.1,2.0,1.2,1.5,1.062999364812797,0.5134603755998718,1.5113570249316195,0.9126073537554678,13.0,14.0,0,3
1052548,135,2023,30,1.3,1.0,1.4,0.8,1.0922130910774537,1.7506595090954642,0.7805168290883061,1.3257570712032514,13.885416666666666,13.229166666666666,1,0
1035465,39,2023,30,2.0,1.6,1.3,1.7,0.6448690260265308,1.2343025587306435,1.0232200424580813,0.7910504037428353,13.145833333333334,21.104166666666668,2,0
1038251,140,2023,30,1.1,1.2,0.9,1.2,0.8389427571567488,0.6250042320438911,0.7567285085006054,0.5108028794782034,13.09375,14.1875,0,0
1052545,135,2023,30,1.6,1.2,2.0,1.3,0.9119972276753978,0.9777522527223295,0.9593455928520689,0.7503905308991264,20.0,13.239583333333334,1,2
1035466,39,2023,30,1.5,1.7,1.5,1.5,0.9234809785858182,1.3308309108674568,1.3296922497342134,0.7620663377314102,14.208333333333334,21.3125,1,1
1038243,140,2023,30,2.1,1.2,0.9,1.2,1.072731154776908,0.2910541479025958,0.7718088614725507,1.4478727999941023,13.0,13.197916666666666,1,0
1038245,140,2023,30,1.2,1.5,0.8,1.3,0.9877837162303301,1.0123219327634652,1.4153752127612909,0.8111871046470975,13.958333333333334,13.770833333333334,0,0
1035468,39,2023,30,2.3,1.1,1.4,1.6,0.9233593534216323,0.6633032320145198,0.7707252339619232,0.8270251350056785,20.885416666666668,20.958333333333332,2,1
1038250,140,2023,30,2.2,1.2,1.3,1.2,0.44206819968504735,0.7646929822352972,0.8283804533757423,1.7186916395297995,14.864583333333334,13.864583333333334,3,2
1035469,39,2023,30,2.5,0.9,2.4,0.8,0.7386807650255226,0.7111894416285395,1.3150433687321497,0.7573026192667982,20.989583333333332,21.916666666666668,0,0
1038247,140,2023,30,0.9,1.2,1.3,1.0,0.5247081087766801,0.8289045534921706,1.2437641033445388,1.438307833269506,14.854166666666666,15.854166666666666,0,1
1038248,140,2023,30,2.3,0.7,1.6,1.0,1.2287402093964803,1.8421588737075691,1.0928414291612103,0.3941924752436112,15.15625,14.958333333333334,2,0
1052543,135,2023,30,1.4,0.8,0.8,2.1,0.9257811113388039,0.4785963916184963,0.6979103329495315,1.1901590893635232,16.614583333333332,15.729166666666666,3,0
1052551,135,2023,30,1.1,2.0,1.0,1.4,0.4377706374418226,0.764900098594839,0.8571562612285487,1.3083493620938698,14.833333333333334,15.958333333333334,1,1
1052544,135,2023,30,1.1,1.8,1.0,1.3,0.8804365447559304,0.9289538704760305,0.9377541774302818,0.8353914476860707,15.958333333333334,14.958333333333334,1,1
1052549,135,2023,30,0.8,1.4,1.7,1.2,0.5432109211362529,0.8097517706568312,1.2771815327130793,0.8290168741401845,15.958333333333334,14.958333333333334,0,0
1052547,135,2023,30,2.3,0.6,0.8,1.4,0.8853585917608222,0.904829387166303,0.5001693585399607,0.7440629553562039,14.958333333333334,16.958333333333332,2,0
1038249,140,2023,30,1.7,1.7,1.8,1.1,1.3062228487910565,0.5939012454055987,0.5222595927397002,1.8309469862931878,15.15625,14.958333333333334,1,2
1035478,39,2023,31,1.3,1.8,1.4,1.6,0.6765740364837496,0.6851452491451919,1.4817196942037345,1.5792393709223975,3.1458333333333335,3.1458333333333335,3,1
1035481,39,2023,31,2.2,1.6,1.1,1.3,1.2261035230812758,1.4696932480216534,0.624527422304546,1.6073980926011229,3.25,3.1458333333333335,1,1
1035477,39,2023,31,1.1,2.1,1.3,1.7,1.3468636510011778,0.8757916460053365,0.6650930275977529,0.8508004094916666,3.15625,3.0520833333333335,1,1
1035474,39,2023,31,1.4,1.8,1.5,1.5,1.4636088537629455,1.17879118470865,0.7185617186968685,1.0214369771978857,3.15625,3.15625,1,0
1035479,39,2023,31,1.6,1.9,1.9,1.6,1.3630401910727188,1.1882874436499997,0.9333137511381662,1.0599928046968274,3.28125,3.1770833333333335,1,1
1035476,39,2023,31,1.5,1.7,1.4,1.6,0.8545959694141152,1.0894518567697293,0.8725623111661591,0.8485717725362999,3.9375,3.2291666666666665,0,0
1035475,39,2023,31,2.4,0.8,1.4,2.2,0.8547781896758974,0.49224670252341884,0.9964459493585572,0.9833354074908767,3.125,4.145833333333333,2,0
1035483,39,2023,31,2.5,0.9,2.0,1.6,0.4801424972665897,0.46227313705855066,0.7557825139760687,0.8022966631749183,3.15625,4.072916666666667,4,1
1038208,140,2023,26,1.0,2.1,1.1,1.2,0.6839798282458888,0.9951252541443439,0.5453127921518868,0.40625275082852924,5.916666666666667,5.020833333333333,0,1
1035482,39,2023,31,2.3,1.1,0.9,2.7,0.9111890145066698,0.8027380099003469,1.8286436980570862,1.1561272014199078,4.229166666666667,5.145833333333333,3,1
1035480,39,2023,31,2.0,1.7,1.5,1.5,1.0491872039372385,1.2771605265084374,1.088711727033121,0.7496764528587501,5.177083333333333,4.96875,4,3
1052561,135,2023,31,0.8,2.1,1.1,2.0,0.45364171641719553,1.23610340808629,0.5788690961553664,0.7238100640866454,4.34375,4.239583333333333,2,2
1035486,39,2023,32,1.5,1.5,2.5,0.9,0.4670651171529645,0.9364340351786258,0.8843426232232832,0.6183942057547247,3.6979166666666665,2.6770833333333335,2,4
1052558,135,2023,31,2.0,1.3,0.8,1.4,1.0012829686871783,0.7056624989305861,0.3530870987385644,0.5263386509269403,6.71875,4.875,3,0
1035493,39,2023,32,1.3,1.7,1.6,1.9,0.641925852553924,0.859036308950332,1.109511280447267,0.9309048439126661,3.8020833333333335,3.78125,1,2
1035487,39,2023,32,1.1,1.3,1.1,2.1,0.7310848699525003,1.2448961727781425,1.1814774159315142,0.7788799545188534,3.8125,3.8020833333333335,1,0
1035484,39,2023,32,2.0,1.6,1.5,1.7,0.8091753007511113,1.0937428310636967,0.5554873801191749,0.7081437069003241,2.78125,2.8125,3,3
1035488,39,2023,32,1.4,1.6,2.2,1.6,1.1902011345657608,1.8518661680226356,0.9970547025902419,1.2804426566686202,3.8125,3.8125,0,1
1035489,39,2023,32,1.4,2.2,1.4,1.8,0.6476898670830622,0.8559293785054335,1.2238457549459145,0.7662142700606226,2.8125,3.8020833333333335,2,1
1052560,135,2023,31,1.7,1.2,1.3,1.0,0.8301679962635016,0.53886096819112,1.1457558168926527,1.1379286809120517,5.0,6.958333333333333,1,0
1035485,39,2023,32,1.4,1.6,2.4,0.8,0.5671655022580034,0.5515716521485949,0.772367186925697,0.31996035664022227,2.9166666666666665,2.9166666666666665,0,3
1052554,135,2023,31,0.8,1.4,0.9,0.9,0.32511008305097444,0.7651626601119673,1.2608866521133837,0.43709124593893606,5.0,7.197916666666667,3,2
1052555,135,2023,31,1.2,1.8,1.4,0.8,1.1336828746421852,1.0318583601514055,1.0642577223702225,0.31108765455202264,7.854166666666667,6.0,0,0
1052559,135,2023,31,1.0,1.3,1.4,1.3,1.01099922264946,0.9441675074215732,0.9612290955586557,1.0356845049787184,7.958333333333333,8.0625,2,4
1035490,39,2023,32,1.5,1.5,2.3,1.1,1.3808979166891757,1.2502896943581876,0.8687221347916543,1.0998100094655285,2.8020833333333335,2.8333333333333335,2,2
1052553,135,2023,31,1.1,1.8,1.9,1.1,0.8892417960493967,0.8556255713649754,1.266005433991498,0.9174600087779798,6.125,8.1875,2,1
1052556,135,2023,31,1.0,1.3,1.2,1.2,0.8613457708852388,0.8599624829539878,0.8197526212424786,1.0068251948153208,6.125,8.083333333333334,1,2
1035491,39,2023,32,0.9,2.7,2.0,1.7,1.7666487067674093,1.027931956285259,1.4449716825592052,1.5033896363481314,2.9166666666666665,2.8854166666666665,2,2
1035492,39,2023,32,1.9,1.6,1.3,1.8,0.7651719437799743,0.9125304793029378,1.2651337006375143,0.6724277452777081,4.90625,4.9375,3,1
1052557,135,2023,31,1.4,0.8,1.6,1.2,0.507335938907399,1.2975594039744212,0.8107068518351624,1.0132472976028475,8.072916666666666,7.958333333333333,1,0
1052562,135,2023,31,1.0,1.4,2.3,0.6,0.7837765697985567,1.1447452671791971,0.8570048237749692,0.588139101658097,7.239583333333333,7.0,1,2
1052567,135,2023,32,1.3,1.0,0.8,2.1,0.7447412809802243,1.0062712896516572,0.8614296156711769,1.1958914576803308,6.114583333333333,7.0,4,1
1038254,140,2023,31,1.3,1.2,1.2,1.5,1.1329985767455144,1.6441382020580062,0.6420594155497146,0.6580092562962524,12.197916666666666,12.291666666666666,2,1
1035501,39,2023,33,2.2,1.6,1.9,1.6,0.81065657941093,0.8322877268346032,0.9993354476675098,0.8682650038546018,6.895833333333333,5.770833333333333,4,0
1038253,140,2023,31,1.8,1.1,2.2,1.2,0.6425733104442038,1.4381101934969893,0.8143329661589171,1.0916017205042252,11.708333333333334,12.90625,3,1
1052568,135,2023,32,0.8,1.4,0.8,1.4,0.22950661418006688,0.8277451231025112,2.0998632206497994,1.2168001735172231,7.0,6.760416666666667,1,0
1035496,39,2023,33,1.5,1.7,0.9,2.7,1.0763792970774637,0.9652198800734461,1.8963608750850907,0.8801002160298628,7.0,5.895833333333333,2,0
1035502,39,2023,33,1.3,1.8,1.3,1.7,1.0974570977220766,0.9390517186410368,0.6489319661033705,0.9791456596412451,5.875,7.0,2,2
1035497,39,2023,33,1.1,2.1,1.4,1.6,0.7679603203554842,0.7539992431645274,0.36865757646770225,0.8055918863965867,7.0,6.895833333333333,1,1
1035500,39,2023,33,2.5,0.9,1.4,2.2,1.1852227050951343,1.2497340115183488,0.8751650802706571,0.7421495505739863,7.104166666666667,7.0,5,1
1038260,140,2023,31,0.8,1.3,1.1,1.4,0.9199938882948391,0.5272716180206134,0.6549415821863825,0.9072084743428501,13.09375,14.052083333333334,0,0
1052571,135,2023,32,0.9,0.9,1.4,0.8,1.5390207683181436,2.172650976526975,0.599560026956476,0.8434136125833738,6.885416666666667,5.885416666666667,0,0
1038255,140,2023,31,0.9,1.2,2.3,0.7,0.4918735305253935,0.3320218716608322,1.2019420056729295,1.19740326790992,13.958333333333334,12.895833333333334,0,1
1035494,39,2023,33,1.4,1.8,1.5,1.5,0.981295195260299,0.9522059422060714,1.5912200094843278,1.1444274317676046,7.104166666666667,6.083333333333333,2,2
1052564,135,2023,32,1.4,0.8,1.0,1.3,0.6917675195406446,0.20220697545881472,1.3544571870298414,1.6098627259778686,6.34375,6.239583333333333,0,0
1038259,140,2023,31,0.7,1.4,2.1,1.2,1.1342130777251707,0.6792265978784658,0.8813030283827681,0.1891851961366873,14.958333333333334,13.958333333333334,0,1
1052569,135,2023,32,1.4,1.3,1.2,1.8,1.6209527582669723,1.3705026205438593,0.7368938685174204,0.6707079340984137,6.895833333333333,7.0,2,2
1038257,140,2023,31,0.9,1.2,1.3,1.4,0.501675759957158,1.1251450977739443,0.9298786472074072,0.8469502555086721,14.666666666666666,14.958333333333334,0,2
1052570,135,2023,32,1.1,2.0,2.0,1.3,0.7686891549252305,1.0370390416563193,1.1364589296466658,0.458680624304881,8.760416666666666,8.0,3,3
1035499,39,2023,33,2.3,1.1,1.5,1.5,0.896408518049358,1.4085128697889573,1.1513701039272048,1.2190821228661068,6.9375,8.0625,0,1
1035503,39,2023,33,1.6,1.9,1.4,1.6,1.141954391114253,0.8367683104865529,0.7736307374677446,1.366284031941986,7.958333333333333,7.958333333333333,0,2
1038261,140,2023,31,1.0,2.1,0.9,1.2,0.44458688835982774,0.8475889909513993,0.3410602707048421,0.8360636007955519,9.84375,13.90625,2,0
1035495,39,2023,33,2.4,0.8,2.0,1.6,0.9491089840017031,0.20797423181614447,1.0308904160764576,1.4262453401914028,7.958333333333333,8.0625,0,2
1038252,140,2023,31,1.6,1.0,1.7,1.7,0.7103469289547867,0.6594859784735647,1.0970395041206038,0.6891403846770379,13.895833333333334,12.895833333333334,1,1
1052566,135,2023,32,2.3,0.6,1.1,1.8,0.8385748745841648,1.1377070827444298,1.327180721151116,0.6886858611533159,6.0,7.114583333333333,2,2
1038258,140,2023,31,1.3,1.0,1.1,2.0,1.1057223081995913,0.934900091625179,0.6909495871283181,0.9134367441399166,14.104166666666666,15.15625,2,2
1052565,135,2023,32,1.6,1.2,1.2,1.2,0.5269594536928556,0.9284024101085175,1.1139289473973546,1.0321447099632919,7.90625,8.020833333333334,1,1
1052563,135,2023,32,1.9,1.1,1.0,1.3,0.9554327718605555,1.345522559424695,0.9375830844087385,1.1400653575098356,8.114583333333334,8.114583333333334,2,2
1035498,39,2023,33,2.0,1.7,1.1,1.3,1.151176038107928,1.72524247931256,0.722932438196398,0.8091825123057926,8.104166666666666,9.208333333333334,6,0
1038256,140,2023,31,1.2,1.5,1.1,1.2,1.5620695662055526,0.5931947799410541,0.555210890656302,0.26406428803854404,16.15625,11.041666666666666,0,1
1052575,135,2023,33,1.2,1.2,1.3,1.0,1.038810760252725,0.9069617698094731,1.1481843967397098,1.220638838273577,4.0,6.90625,0,1
1052573,135,2023,33,1.1,1.8,1.4,0.8,2.2361523172330733,0.6666071624066602,0.3897140175217094,0.548218848179193,5.0,6.114583333333333,2,2
1038263,140,2023,32,1.6,1.0,1.0,2.1,0.6322218273500231,0.7014600036548759,1.0618981441005548,0.5509328441184096,5.104166666666667,5.197916666666667,1,1
1038264,140,2023,32,1.2,1.5,0.9,1.2,0.7393872312184255,0.9033470422335896,0.32608924397215266,1.325895595604346,7.708333333333333,6.0,4,1
1035509,39,2023,34,1.4,2.2,1.5,1.7,1.0230239688425937,1.002624480600364,0.9822391356929441,0.62739292204774,7.0,7.0,1,5
1035511,39,2023,34,0.9,2.7,1.1,2.1,1.2326345688053089,0.8546577330120033,0.8243162536856102,0.6847423651997999,7.0,7.0,1,4
1038271,140,2023,32,0.8,1.3,1.2,1.5,0.5979960273916454,0.3427265517133987,1.0153452180336093,0.6666372130222912,7.0,4.802083333333333,2,1
1052574,135,2023,33,0.8,1.4,1.4,1.3,1.3649110934223696,1.195607612786195,1.413341515095754,1.471916446943252,7.125,6.229166666666667,1,0
1038268,140,2023,32,1.1,1.2,1.3,1.2,0.6419476849872023,0.17164178722505363,1.21209010052561,1.3907384424488152,4.895833333333333,7.895833333333333,1,2
1035513,39,2023,34,1.3,1.7,2.4,0.8,0.9109083420697548,1.1543179819342302,0.616920839601107,0.850495750680494,7.1875,6.125,0,2
1052576,135,2023,33,1.0,1.3,1.0,1.4,1.433519913956589,1.1080465309643892,1.2648714370357284,1.025606162796913,5.0,12.0,1,0
1038269,140,2023,32,2.2,1.2,0.7,1.4,0.7209486594082548,1.3536383405499686,0.737238500521361,0.599235383859098,7.291666666666667,7.0,4,1
1052581,135,2023,33,1.1,2.0,0.8,1.4,1.4505220765755253,1.0140128770766075,0.5538667992170434,0.5380343300166324,6.895833333333333,7.895833333333333,0,3
1038265,140,2023,32,1.1,1.4,1.3,1.0,0.4257120284211487,0.5896855083228526,1.0754502695605035,1.4508668777381843,7.90625,6.708333333333333,1,1
1035507,39,2023,34,1.1,1.3,1.3,1.8,0.46990608482765867,1.8465455560756885,1.2312204166867706,1.099486181219238,5.729166666666667,7.9375,2,0
1052582,135,2023,33,0.9,0.9,1.2,1.8,1.0003634994067934,1.4122231347425336,1.0600707581260669,0.7956823793861911,7.875,7.104166666666667,0,0
1035506,39,2023,34,1.5,1.5,1.6,1.9,1.0952087493708649,0.7924033798629695,0.7422703542242645,0.9741625597109964,7.041666666666667,7.041666666666667,5,2
1035504,39,2023,34,2.0,1.6,1.4,1.8,1.3853912704496976,0.9270594711244119,1.1828418769191944,1.0428227513228354,6.9375,7.895833333333333,3,1
1038262,140,2023,32,1.1,2.0,1.7,1.7,1.2922990498152247,0.950464652921715,0.9858697953254514,0.6184375735694864,6.802083333333333,6.90625,1,2
1035508,39,2023,34,1.4,1.6,2.3,1.1,0.9331231372487709,0.8880846207622909,0.5826655367320827,1.262351547181004,7.104166666666667,7.104166666666667,1,3
1052580,135,2023,33,0.8,2.1,1.6,1.2,1.1264917501862648,1.441432011594779,0.5785913532336895,0.9182185110149808,8.885416666666666,5.979166666666667,0,2
1038266,140,2023,32,0.9,1.2,1.8,1.1,0.22168917595814736,1.3163580071837755,1.0617698740109547,1.1264038571780017,7.09375,8.1875,2,0
1052578,135,2023,33,1.0,1.3,1.9,1.1,0.8803971715693969,1.0464107718856146,0.9880353502923571,1.6986805727169607,8.0,6.0,1,2
1038267,140,2023,32,2.3,0.7,2.1,1.2,0.9492876660062448,0.778312124141448,0.7305850636868945,0.12297037748884675,8.104166666666666,8.0,3,2
1052579,135,2023,33,1.7,1.2,1.4,0.8,0.8062268446300995,0.350259629324228,0.44964888770141903,0.13143453404822958,16.020833333333332,8.90625,1,3
1052577,135,2023,33,2.0,1.3,2.3,0.6,1.0786358042703328,1.2490165316722983,0.764035021136712,2.1129944522687274,8.239583333333334,8.0,1,2
1038270,140,2023,32,1.3,1.4,0.9,1.2,1.1989724027360966,0.5505176660806369,0.3197177948415058,0.3838395788983815,8.291666666666666,9.104166666666666,2,1
1035454,39,2023,29,2.4,0.8,2.0,1.7,0.6815132516230726,0.5528222379423211,2.0688413478470764,1.1214076115531642,3.0208333333333335,8.0,5,0
1035463,39,2023,29,1.3,1.7,1.4,1.8,0.5920904223453406,1.0308213941396027,1.0243159699974764,1.1547097883598432,4.010416666666667,3.1979166666666665,0,1
1035458,39,2023,29,1.1,1.3,2.3,1.1,0.8834692581682813,1.2002546114491977,0.8452407510497668,1.1921194147585616,3.2708333333333335,3.1458333333333335,2,0
1035457,39,2023,29,1.5,1.5,2.2,1.6,1.715833055512115,0.9919371969109301,1.1772108675261954,0.5409870224424921,3.2083333333333335,11.3125,2,0
1035461,39,2023,29,1.5,1.5,0.9,2.7,1.4581818950537022,1.2888778306489432,1.1039902475012286,1.3262345971648726,11.104166666666666,4.208333333333333,4,2
1052572,135,2023,32,1.0,1.4,1.7,1.2,0.8221664340732234,0.9903940058179935,0.857319507833094,1.0370437590607482,4.885416666666667,2.9791666666666665,1,2
1035455,39,2023,29,1.4,1.6,2.5,0.9,0.43427028184686367,0.8487767716123269,1.29062203103911,1.2664937741535935,12.208333333333334,12.208333333333334,0,4
1052586,135,2023,34,1.2,1.8,0.8,2.1,0.6890459927819435,0.5171935466010242,0.7322196376210721,1.206722474203273,5.239583333333333,5.114583333333333,3,0
1038281,140,2023,33,1.3,1.0,2.3,0.7,0.9538503675220196,1.3646543796207289,1.121113069860581,1.1368552616443222,5.291666666666667,5.0,0,1
1035522,39,2023,35,1.6,1.9,2.3,1.1,0.9593507302457718,1.6371530322332006,0.5494064881823485,1.7207453881881065,5.895833333333333,2.6875,2,2
1038279,140,2023,33,0.9,1.2,2.2,1.2,0.5554765271004177,2.1500265815872694,1.0708893558880928,1.431948254690813,7.0,6.708333333333333,0,2
1052591,135,2023,34,0.8,1.4,1.0,1.3,1.209857169491078,0.34972231451081104,0.9843036160655625,1.0471710503086453,6.104166666666667,5.760416666666667,1,1
1035518,39,2023,35,1.5,1.5,1.1,2.1,1.5130034169700917,1.685548367699591,1.3065126356027172,0.7478603151576477,2.7916666666666665,7.0,1,1
1035523,39,2023,35,1.3,1.7,1.4,2.2,0.3848587745244714,0.91047508266133,0.9054067562182743,1.5187513669356911,2.8020833333333335,7.0,2,1
1035519,39,2023,35,2.2,1.6,0.9,2.7,0.7651870638920271,0.8285165645876198,1.5653714386535764,1.4272376733423524,2.7916666666666665,2.7916666666666665,5,1
1035517,39,2023,35,1.4,1.6,1.5,1.5,0.9781209483026102,1.043763155669402,1.5921664860828748,0.6447591779921046,5.9375,2.7916666666666665,1,1
1038272,140,2023,33,1.1,2.0,1.1,1.4,1.0879890347863133,0.8905961420461737,0.6983037275646558,0.6381032727175466,6.0,6.09375,1,3
1052589,135,2023,34,1.4,0.8,2.0,1.3,0.6130363336113334,1.3864558876801119,1.0788216061090496,1.1150380031120775,7.885416666666667,4.885416666666667,0,0
1038277,140,2023,33,0.9,1.2,1.2,1.5,1.0809666512414826,0.8556327046694541,1.768796144736421,0.9306940959703518,6.0,7.1875,3,0
1035516,39,2023,35,1.1,1.3,1.5,1.7,1.520122786404424,0.7801654974419785,1.5055008927458682,0.6482465758016193,2.8958333333333335,7.104166666666667,1,0
1052590,135,2023,34,1.3,1.0,1.0,1.3,1.0368647296756832,0.7934152448778251,1.2555379440717829,0.720230245126853,8.09375,7.0,1,0
1035515,39,2023,35,2.0,1.6,2.0,1.7,1.3773793257923035,0.8580574062308678,1.3447468761005996,1.4302017122154391,6.208333333333333,4.0,2,2
1038278,140,2023,33,1.8,1.1,1.6,1.0,0.6901504181071205,1.669031194034388,0.5489650211108483,0.9196990023756693,6.104166666666667,8.0,3,1
1052588,135,2023,34,2.3,0.6,0.9,0.9,0.7998000212639464,1.7511547273080061,0.6502362746144157,0.9179450375826469,5.65625,6.895833333333333,2,0
1038275,140,2023,33,0.7,1.4,0.9,1.2,1.0312883586722181,0.9917757267811409,0.5758721222025343,0.8440470083352299,7.708333333333333,5.708333333333333,1,1
1052584,135,2023,34,1.4,0.8,1.0,1.4,1.1016467770059224,0.41870450595487857,0.9121165154809285,1.0246384567228721,5.854166666666667,2.875,1,1
1035521,39,2023,35,1.9,1.6,2.4,0.8,0.6495680409838814,1.214656343414582,1.1442703782608796,0.35933445466250874,15.0625,4.75,2,3
1035514,39,2023,35,1.4,1.8,1.4,1.6,0.906246556968948,0.750561362433898,0.28227568320046137,1.1239549015480126,3.7604166666666665,2.75,3,0
1038276,140,2023,33,1.0,2.1,1.2,1.5,1.1539837936653605,0.4961271820102995,0.9572500327474871,1.2062308551311558,8.802083333333334,8.0,3,0
1035520,39,2023,35,1.3,1.8,2.5,0.9,0.8002932708464009,1.2926963208228077,1.4111543201754215,0.8232209531998358,7.125,2.8541666666666665,0,2
1052592,135,2023,34,1.4,1.3,1.7,1.2,0.9186719848122401,1.3925629982054215,0.9381400330326874,1.0517867767228197,8.0,3.0,2,2
1052583,135,2023,34,1.9,1.1,0.8,1.4,1.009227026273028,1.5161878268114788,1.323009518416848,0.7771449483110268,6.885416666666667,8.0,2,0
1038280,140,2023,33,1.7,1.7,0.8,1.3,0.9136094846086023,0.6499790752265833,1.161614084471236,0.5200478996393502,7.09375,8.09375,3,0
1052585,135,2023,34,1.6,1.2,1.1,2.0,0.6458760462685648,0.5968420321597375,0.9428393497740915,1.5089521200997946,7.114583333333333,7.34375,5,1
1038274,140,2023,33,1.3,1.2,1.3,1.4,1.3824098473929283,1.2553057451674874,1.3738833438297449,0.7258920385079695,8.104166666666666,6.0,1,1
1052587,135,2023,34,1.2,1.2,1.1,1.8,0.6752269941642712,0.8800700221710293,2.483612642565134,0.7930168777865513,10.09375,10.0,3,0
1038273,140,2023,33,2.1,1.2,1.1,1.2,1.1058326723488623,0.5840068323242721,0.7685917528174391,0.7061184437475668,8.0,9.104166666666666,4,2
1035428,39,2023,26,2.0,1.7,1.9,1.6,1.23174171946539,1.266248759998859,1.1751797529553125,1.2365969357194784,4.979166666666667,4.229166666666667,2,0
1052601,135,2023,35,0.9,0.9,1.4,0.8,0.4226535784993702,1.03458697974273,0.9473204050538495,0.8387204288706709,5.34375,5.239583333333333,0,0
1035531,39,2023,36,1.4,2.2,1.1,1.3,0.8289555680124666,1.3873632136830243,1.2940958539436243,0.5071075733372861,6.208333333333333,6.104166666666667,1,1
1038284,140,2023,34,1.1,1.4,1.6,1.0,1.0862837865533896,0.7159034909027688,0.6203215819038697,1.3707210182108516,6.197916666666667,6.0,0,2
1035524,39,2023,36,2.4,0.8,1.4,1.8,1.190846058369572,0.9865279218464202,1.3554665120298162,0.4878648855820337,5.9375,5.9375,3,0
1038290,140,2023,34,1.3,1.0,0.9,1.2,0.6200027388893128,1.0886557815360824,0.3610597426152715,1.7488430356074827,7.708333333333333,7.0,2,0
1035533,39,2023,36,0.9,2.7,1.3,1.8,1.4148872684581582,1.4093964068644482,0.5201906260501606,1.0945859418681585,7.0,5.9375,1,3
1035525,39,2023,36,1.5,1.7,1.4,1.6,0.9785755802848144,0.7273763170518013,0.9082786163966967,0.9168835511851113,6.895833333333333,7.0,0,0
1035527,39,2023,36,1.1,2.1,2.2,1.6,1.196051394959948,0.6677758715191378,0.9790635107217367,0.9359316003152862,7.0,7.0,1,4
1038288,140,2023,34,2.3,0.7,0.7,1.4,0.9303539301919863,0.7389559200688094,1.2224207664702753,1.0127097779632972,7.802083333333333,6.09375,3,0
1052597,135,2023,35,1.0,1.3,1.3,1.0,0.9635473504426156,1.1164784903929272,0.9421573405613833,0.5157199091705863,7.125,6.885416666666667,2,2
1035532,39,2023,36,2.5,0.9,1.3,1.7,1.1715836414473573,0.5350936195798933,0.6503330286157316,0.8322499802004528,6.041666666666667,7.104166666666667,5,1
1038286,140,2023,34,2.2,1.2,2.1,1.2,1.0474038389030178,0.9307663655490286,1.4549023481378716,1.082255956162292,7.1875,4.895833333333333,4,2
1052600,135,2023,35,1.1,2.0,2.3,0.6,0.9562167894743715,1.6890220030648664,0.9577927191355748,1.1382505727502041,6.0,6.34375,1,0
1038285,140,2023,34,0.9,1.2,1.8,1.1,0.7423724349872027,1.1007138887512329,1.2215144384362948,1.3483645943041704,6.291666666666667,7.0,0,1
1052593,135,2023,35,1.1,1.8,0.8,1.4,1.6143482176673372,1.1449748594501472,1.2222244678615084,0.5510695044320272,5.65625,7.895833333333333,1,1
1038287,140,2023,34,1.2,1.5,1.3,1.2,0.6222125212858667,1.7115500558352512,1.1533740931130958,1.1132243753845077,6.90625,6.708333333333333,0,2
1035526,39,2023,36,1.4,1.6,2.0,1.6,0.1834791940802999,1.4969769360062082,1.2319142088238209,0.9153935640500641,7.0,7.75,1,0
1035528,39,2023,36,2.0,1.7,1.6,1.9,1.1582883676525033,0.8230616939992583,1.2738620655688426,1.3260487844527247,2.7708333333333335,8.0625,5,0
1052595,135,2023,35,1.0,1.3,1.6,1.2,0.8160996636466589,0.7363449256046437,1.1280225550745668,0.7313185330250414,7.760416666666667,6.760416666666667,2,1
1052594,135,2023,35,0.8,1.4,1.2,1.8,0.8599561869709512,0.845933690086378,0.9874632286415965,0.33617580529066576,6.875,8.760416666666666,0,0
1038282,140,2023,34,1.2,1.5,1.7,1.7,1.1497174940786739,1.6355067179362843,1.2233710518734195,0.4224863988972791,7.90625,6.90625,3,2
1035530,39,2023,36,2.3,1.1,1.9,1.6,0.6190135308196708,1.7687685932313602,0.7638668394209531,1.161444258217661,8.166666666666666,2.875,4,2
1052596,135,2023,35,2.0,1.3,1.2,1.2,0.7012340439708823,0.7247747020228503,1.068411435095665,0.572045514411169,8.0,5.885416666666667,3,3
1038291,140,2023,34,1.1,1.2,0.9,1.2,1.2022361544828504,1.1950880995470294,1.7331838788625193,0.5561612580351452,5.895833333333333,8.0,0,1
1052598,135,2023,35,1.7,1.2,1.4,0.8,1.01997201694636,1.223244738203166,0.3984736168473667,0.9011963269920727,7.114583333333333,8.114583333333334,1,1
1038283,140,2023,34,0.8,1.3,1.1,2.0,0.7550491549063034,0.9675560216434056,1.0083292362474672,1.2112738559663763,7.104166666666667,8.197916666666666,0,1
1038289,140,2023,34,1.3,1.4,1.0,2.1,1.190299814514975,0.7266375173378725,1.6775894658824844,0.3224826683066947,7.0,7.197916666666667,3,0
1052599,135,2023,35,0.8,2.1,1.9,1.1,0.4759427644536969,1.3239529415654605,0.9967870407616788,0.9855220874274613,9.885416666666666,8.0,1,2
1052602,135,2023,35,1.0,1.4,1.4,1.3,1.1594382350626034,0.8972649968698669,1.1367201234612891,1.315346944308637,8.239583333333334,8.114583333333334,1,1
1035529,39,2023,36,1.5,1.5,1.5,1.5,1.2733457159538686,0.6915934656948681,1.1651188876972263,1.4424246208229161,9.208333333333334,9.208333333333334,4,0
1052605,135,2023,36,1.2,1.8,2.3,0.6,0.6418510986170377,0.21851427343893276,0.6225652674381237,1.4266052965300569,5.239583333333333,6.0,0,5
1038297,140,2023,35,0.9,1.2,2.2,1.2,1.5559676694087858,0.3615048177228444,1.3834640104384768,0.9730536931624241,5.104166666666667,6.104166666666667,2,2
1035537,39,2023,37,1.4,1.6,2.5,0.9,0.5903811006578529,0.5959743082703224,1.4347646610584293,0.8369134168294947,6.895833333333333,6.791666666666667,0,4
1038301,140,2023,35,0.9,1.2,0.9,1.2,0.4825420827416818,0.9301631017623755,0.2346888326999265,1.7312992551961457,6.708333333333333,7.0,1,0
1035536,39,2023,37,1.1,1.3,0.9,2.7,1.077629247212116,0.6440429995923129,1.2729174652385435,1.4052102285644554,7.791666666666667,7.0,1,0
1035543,39,2023,37,1.3,1.7,1.5,1.5,0.9118190327027895,1.2141977812479414,1.845008048703348,0.4495357527016643,6.895833333333333,4.791666666666667,1,3
1035542,39,2023,37,1.6,1.9,1.4,2.2,0.8280103426197477,1.6148922362100606,0.8532441961311803,1.1382530310427261,6.041666666666667,7.791666666666667,3,1
1035541,39,2023,37,1.9,1.6,1.1,2.1,1.044121101126012,1.3769496374066972,1.1025754521785116,0.9295088619419849,5.9375,7.0,2,1
1035539,39,2023,37,2.2,1.6,1.4,1.6,1.1318458274236742,0.9334975856594816,0.374730226152195,0.9730350084040353,7.0,6.041666666666667,1,1
1035534,39,2023,37,1.4,1.8,1.5,1.7,0.8810532328193805,0.7145080089616553,0.6360741271851293,0.47279460608367085,7.104166666666667,7.0,1,2
1038300,140,2023,35,1.7,1.7,1.3,1.4,1.158916673913801,0.9566014534008784,1.2833102640501184,0.47231438626961714,6.0,5.802083333333333,3,2
1052612,135,2023,36,1.4,1.3,1.4,0.8,0.9701180802498379,1.2036293599544603,0.6157582632850022,0.5451682787659361,4.885416666666667,7.885416666666667,0,2
1038296,140,2023,35,1.0,2.1,2.3,0.7,1.0904331528236149,0.719229119014736,1.0367952720160956,0.4803213480447261,5.895833333333333,7.09375,0,4
1035540,39,2023,37,1.3,1.8,2.0,1.7,0.8272264710351684,1.0647216029550437,1.5058479652899166,0.534990101099518,7.104166666666667,6.145833333333333,2,3
1052611,135,2023,36,2.0,1.3,1.1,1.8,1.0223646285810735,1.3427381716994682,1.343644523301951,1.05899060308704,6.114583333333333,6.34375,5,1
1038292,140,2023,35,1.6,1.0,1.2,1.5,0.8172715282375154,0.8909686618370536,0.40443813883581337,1.5881485619339388,8.0,6.291666666666667,2,2
1052609,135,2023,36,1.3,1.0,0.8,1.4,1.1487928039092776,1.241717940960881,0.5589715215311183,0.5498568985561457,7.770833333333333,6.895833333333333,2,0
1038295,140,2023,35,0.7,1.4,1.1,1.4,0.794573498205679,1.0903265730674474,0.7060844612597033,0.8793997690867997,7.90625,8.708333333333334,1,0
1052606,135,2023,36,1.2,1.2,1.1,2.0,1.5661020481967975,0.9383920843672598,1.3082833374007654,1.0978643019921632,6.875,7.760416666666667,2,1
1052607,135,2023,36,1.0,1.3,0.9,0.9,1.285881448036995,0.6965328554891723,0.27472482602459064,0.6724815368327746,7.0,8.760416666666666,1,2
1038293,140,2023,35,1.8,1.1,1.2,1.5,1.0086834590576657,0.8764369862977108,1.429301665268785,1.4268048568546634,7.802083333333333,7.0,1,0
1035538,39,2023,37,1.5,1.5,2.4,0.8,0.7573272770031971,1.9549093368682289,1.171445771273555,0.6412431492001732,5.854166666666667,8.166666666666666,0,1
1052608,135,2023,36,1.4,0.8,0.8,2.1,0.5287995176174549,0.9190496713683767,0.8244196150767211,1.0877623944736896,6.885416666666667,6.0,1,1
1038299,140,2023,35,1.1,1.2,0.8,1.3,0.7814535004138528,1.2062054128537172,0.49078195068909725,0.9532121133689129,7.0,6.895833333333333,0,0
1052603,135,2023,36,1.9,1.1,1.7,1.2,0.8751045589512316,1.155646175009668,0.9962538698386634,1.0649007464987246,6.114583333333333,7.0,2,1
1038298,140,2023,35,1.3,1.2,1.1,2.0,1.225334186164538,0.72359584399993,0.9797147028615529,0.7873280063781446,7.291666666666667,7.0,3,2
1052610,135,2023,36,0.8,1.4,1.0,1.4,1.1092028485544247,0.6525133596989994,1.1022886989445384,0.8144722479654136,8.25,6.90625,0,2
1052604,135,2023,36,1.6,1.2,1.0,1.3,0.9511233146446223,1.2307737131329435,1.5328057777877,1.2621015512997813,8.239583333333334,9.114583333333334,2,1
1038294,140,2023,35,2.1,1.2,1.3,1.0,1.3137420818451722,1.4061178866570048,0.9975530623293353,0.7076262579984536,9.104166666666666,9.291666666666666,2,0
1035535,39,2023,37,2.0,1.6,2.3,1.1,0.8007442357354836,0.8504745666325417,1.0243696645980036,1.6973072411027768,8.25,8.145833333333334,3,3
1038309,140,2023,36,1.2,1.5,0.9,1.2,1.0358014569099454,1.4187548985903935,0.7430505019302414,0.6046060161455441,2.9375,3.2291666666666665,1,1
1035512,39,2023,34,1.9,1.6,2.5,0.9,0.9655208209950658,1.2201593097688987,1.504847029687979,0.5439937209391715,3.2083333333333335,3.3125,0,2
1038311,140,2023,36,2.3,0.7,0.9,1.2,1.0579748978249548,0.31220887622907195,1.8701752814120072,0.5863038890956064,3.125,4.020833333333333,5,0
1038303,140,2023,36,2.2,1.2,1.7,1.7,1.2505773643607674,1.491281196851872,1.3378546615733824,1.0414742026291228,4.041666666666667,3.2395833333333335,0,1
1038310,140,2023,36,0.8,1.3,1.0,2.1,0.3190082679479132,0.6195878736897934,0.7087815493353496,0.8515568983740711,3.0416666666666665,4.041666666666667,2,1
1038308,140,2023,36,1.3,1.4,0.7,1.4,1.2538349295511289,0.891563174604663,0.9896870595479771,0.7087122724938408,4.135416666666667,3.2291666666666665,0,1
1035505,39,2023,34,1.4,1.6,2.0,1.7,0.49904339699892675,0.7950437781898957,1.455676177438446,0.8656168688821075,4.197916666666667,4.09375,1,2
1035510,39,2023,34,1.5,1.5,2.2,1.6,0.49226273005207816,1.4296494022976822,0.898270810552661,0.8622421806786631,3.1458333333333335,4.208333333333333,3,2
1038306,140,2023,36,1.1,1.4,1.8,1.1,0.4589548998188071,1.0448241356207055,0.827403507646742,0.569684041093512,3.3333333333333335,3.2395833333333335,0,3
1038305,140,2023,36,1.2,1.5,1.6,1.0,0.9290460824247103,1.0991824162147905,0.9176848266877182,1.3520462968607516,3.2395833333333335,4.041666666666667,2,1
1038307,140,2023,36,0.9,1.2,1.3,1.2,0.1525477412549522,1.554742664025643,1.3315633748531033,1.1729888137514695,5.229166666666667,3.9375,2,2
1038302,140,2023,36,1.1,2.0,2.1,1.2,1.3394660720115246,1.0468593579919476,1.2955990198660285,0.9139766263270531,4.020833333333333,3.0208333333333335,0,2
1038304,140,2023,36,1.3,1.0,1.1,1.2,0.6484094905140679,0.9016237343656615,0.5079447752690043,0.7840335183549162,3.0416666666666665,4.145833333333333,1,0
1052614,135,2023,37,1.6,1.2,1.4,1.3,1.0540474622113123,1.1777112468697466,0.6305767521623946,1.2804360070473222,4.0,6.114583333333333,2,2
1052616,135,2023,37,0.8,1.4,1.9,1.1,0.7209818515603761,1.0716336838043496,0.9664056826165461,0.9935496929006692,4.979166666666667,5.885416666666667,0,2
1052621,135,2023,37,0.9,0.9,2.0,1.3,0.9533574617023085,0.9407241100524146,1.2940508974665867,1.1897378535626961,6.239583333333333,7.0,3,1
1038317,140,2023,37,0.9,1.2,1.1,1.4,1.2156139329178046,1.221224339506347,0.29832068488222463,1.2312190214867917,3.9791666666666665,2.9583333333333335,1,0
1052620,135,2023,37,1.1,2.0,1.1,1.8,1.1937553814317097,1.0913201296282393,1.19032698210431,1.3178577808954648,6.895833333333333,7.65625,0,2
1052617,135,2023,37,1.0,1.3,1.2,1.8,1.3740320888953383,1.2561833160371656,0.4172032141010745,0.6894376593778183,5.760416666666667,8.760416666666666,0,1
1052622,135,2023,37,1.0,1.4,0.8,1.4,1.36398765431395,0.5294069611775188,0.3633314889952269,0.8554839071384178,5.854166666666667,7.104166666666667,1,1
1035553,39,2023,38,0.9,2.7,1.9,1.6,0.8273963524050534,1.1060634162436638,0.6275885336467928,1.0792285513497841,8.041666666666666,4.833333333333333,0,3
1035550,39,2023,38,2.3,1.1,1.3,1.7,1.1323484341626155,1.883590615807714,0.8861439097183517,1.4624638519288091,5.833333333333333,8.041666666666666,2,0
1035544,39,2023,38,2.4,0.8,1.1,1.3,0.9203980846611441,0.4168080469801126,0.893135778364643,0.4186279497350034,6.979166666666667,8.041666666666666,2,1
1035547,39,2023,38,1.1,2.1,1.3,1.8,1.0418160893705781,0.8910228655254481,1.0555705093402805,1.1689440419207786,8.041666666666666,7.9375,1,2
1035548,39,2023,38,2.0,1.7,1.4,1.8,1.30384576533499,0.8030921412439582,0.8131257778031856,0.888319094713965,3.84375,8.041666666666666,2,1
1035552,39,2023,38,2.5,0.9,1.6,1.9,1.2642755692971863,0.3535959186104615,1.0259197908846542,1.264811532483908,4.833333333333333,8.041666666666666,3,1
1035546,39,2023,38,1.4,1.6,1.5,1.5,0.5648193845198907,0.8744347058234322,1.0352832745338507,1.2760902933116753,3.84375,3.8333333333333335,0,2
1035549,39,2023,38,1.5,1.5,2.0,1.6,1.8724905257748234,0.5856597777176202,1.3008246623189734,1.0193166204850652,8.041666666666666,5.833333333333333,5,0
1035545,39,2023,38,1.5,1.7,2.2,1.6,0.837337071559223,0.5477576704249743,0.9306942086774115,1.275769917441131,8.041666666666666,3.8333333333333335,2,4
1035551,39,2023,38,1.4,2.2,1.4,1.6,0.7697403064326357,1.2275775383595902,0.3837477154276044,0.9596333003757095,8.041666666666666,8.145833333333334,2,4
1052615,135,2023,37,2.3,0.6,1.3,1.0,0.9520708054772924,0.927293442744537,1.2447922456179534,0.8071166616245726,8.885416666666666,7.229166666666667,1,1
1038314,140,2023,37,2.1,1.2,0.8,1.3,1.0629726962462518,0.5940848071125846,0.7594387074994767,0.7594628871291349,2.8958333333333335,3.9791666666666665,3,0
1038313,140,2023,37,1.8,1.1,1.2,1.5,1.0898956133037156,0.37029462671078284,0.9953195581025756,1.2657092026022743,3.875,4.979166666666667,1,4
1038312,140,2023,37,1.6,1.0,1.3,1.4,0.7897243040136834,1.6517467596261552,0.8149927042082338,1.0527303492073168,3.875,3.9791666666666665,2,0
1038320,140,2023,37,1.1,1.2,2.2,1.2,0.3301641039248528,0.8068974279563366,0.8128752868344988,1.1966612093262659,2.875,4.875,1,3
1038321,140,2023,37,1.7,1.7,2.3,0.7,1.0969339613952476,0.6769582317089299,1.5278104951804234,0.20293576954889678,4.875,4.895833333333333,4,4
1038315,140,2023,37,1.3,1.2,1.3,1.0,1.4600674757057992,1.6212390252347515,0.7187418098597851,0.58605542733768,2.9791666666666665,2.875,0,2
1038319,140,2023,37,1.0,2.1,1.2,1.5,0.8174387762987465,1.1055953172764794,1.3767966202427284,0.9076977372062804,3.9791666666666665,3.875,1,2
1038318,140,2023,37,0.9,1.2,1.1,2.0,0.8265013447731754,0.7150425216057148,0.870652946807491,0.9012919160280993,4.979166666666667,2.8958333333333335,2,2
1038316,140,2023,37,0.7,1.4,0.9,1.2,1.1165108744204708,0.4606629771209966,0.9579523281120153,1.60513401366795,3.9791666666666665,2.9791666666666665,0,0
1052618,135,2023,37,1.7,1.2,1.2,1.2,0.8899446945395162,1.0897732045224164,1.3956746646612517,0.9533260669599309,7.0,7.239583333333333,1,0
1052619,135,2023,37,0.8,2.1,1.0,1.3,1.2440758747998686,0.8612122230745649,1.3394340523351578,1.2275326808542866,8.020833333333334,8.145833333333334,1,2
1052613,135,2023,37,1.4,0.8,1.4,0.8,0.8983197942121746,0.3543593811978585,0.4978863531180124,1.3055854113894447,9.114583333333334,8.114583333333334,3,3
1052624,135,2023,38,1.1,1.8,1.6,1.2,1.1857579929132562,0.8566075575820521,1.1209481581296608,1.3050956437986685,4.34375,6.0,2,3
1052627,135,2023,38,1.2,1.2,1.4,0.8,0.9071885320298136,0.8418433160729747,1.7979703662379136,1.4443960977786081,5.0,4.0,2,0
1038325,140,2023,38,2.2,1.2,1.0,2.1,1.0553575728060607,1.1291555436378304,0.8405018712608519,1.0866925117852673,5.083333333333333,5.083333333333333,7,0
1038326,140,2023,38,1.2,1.5,1.7,1.7,2.052260743069704,0.9944702409507375,2.2718306043186756,0.9144474030404719,5.791666666666667,5.791666666666667,1,1
1038328,140,2023,38,1.3,1.0,1.8,1.1,1.0617334584601423,0.38093602776949204,0.8801914079066745,1.645994537665039,5.885416666666667,5.885416666666667,0,2
1052629,135,2023,38,1.4,0.8,1.0,1.3,1.537688629526708,2.0626930174031393,0.8931208577819699,1.1070640272190295,4.885416666666667,6.125,2,0
1038322,140,2023,38,1.1,2.0,0.7,1.4,1.2685759305763842,1.1011175231960424,0.7257320683733061,0.29943093512864777,5.979166666666667,5.979166666666667,6,1
1038327,140,2023,38,0.8,1.3,1.6,1.0,0.4936351598746599,1.0032662612493222,0.9273832976088943,1.073635393757001,5.979166666666667,5.979166666666667,0,1
1052631,135,2023,38,2.0,1.3,0.8,2.1,1.092938638908837,1.9355090919952394,1.2444666263122224,0.9914546116651337,7.0,5.09375,3,3
1038330,140,2023,38,2.3,0.7,1.3,1.2,1.4675013742969427,1.6907317796185477,0.9490438592087695,1.6483566484538705,6.083333333333333,6.083333333333333,0,0
1038324,140,2023,38,1.1,1.4,0.9,1.2,0.19390844517344602,1.1683479195219701,1.052503651880342,1.1674291541952297,7.708333333333333,6.791666666666667,1,2
1038323,140,2023,38,1.2,1.5,1.1,1.2,1.262973358713329,0.899170195850749,0.5659324251269118,1.051471964535255,6.885416666666667,6.885416666666667,2,2
1038331,140,2023,38,0.9,1.2,0.9,1.2,0.6226690132728099,1.0433371088841674,1.1582046119521285,0.7937958206791255,6.885416666666667,7.802083333333333,1,1
1052632,135,2023,38,1.4,1.3,0.8,1.4,0.9494582222388896,1.2681007122730672,0.46863820351424446,1.0373513681570379,8.885416666666666,8.0,0,0
1052623,135,2023,38,1.9,1.1,0.9,0.9,0.9689531673849655,0.645807300385435,1.7818618372859873,0.863276227089625,8.0,7.885416666666667,3,0
1052625,135,2023,38,0.8,1.4,1.7,1.2,0.6408529678468975,0.8798145396399716,0.8006454239997052,0.7083525829395707,7.239583333333333,7.0,2,1
1052628,135,2023,38,1.0,1.3,2.3,0.6,1.302298800684519,1.233713550247594,0.8159112409515444,1.1838304813736924,6.09375,7.114583333333333,2,2
1052630,135,2023,38,1.3,1.0,1.1,2.0,1.3902047032414133,0.7216910474472765,0.7759409979306113,1.12140353880381,7.114583333333333,7.34375,1,1
1052626,135,2023,38,1.2,1.8,1.0,1.4,0.5617269609605702,0.4481344785955819,1.2103419753040674,0.7488020247653873,7.239583333333333,7.239583333333333,0,1
1038329,140,2023,38,1.3,1.4,2.1,1.2,0.529745257735352,1.0983372269847558,1.2005476371754482,0.38615512462318,7.083333333333333,7.083333333333333,1,2
1052533,135,2023,29,1.9,1.1,1.6,1.2,1.4249949973967186,0.41977474525053277,1.200751719450946,1.5350545927115586,7.0,9.885416666666666,2,3
1208494,140,2024,1,1.4,0.8,0.9,1.0,0.8257558742150121,0.6978630059420506,0.47736624693849744,1.4955372588003917,82.02083333333333,81.20833333333333,1,1
1208495,140,2024,1,1.5,1.3,1.2,1.6,0.6168785084857002,1.0714318214950158,1.3886339374754544,0.7339511033645898,82.02083333333333,83.02083333333333,1,1
1208501,140,2024,1,1.6,1.5,1.0,1.3,1.4650299053858862,1.146581839424199,1.1822311459170316,0.9453654315895798,82.11458333333333,82.11458333333333,2,1
1208021,39,2024,1,1.2,1.4,1.4,1.4,1.149809128447003,0.829458690652589,0.992617833209761,1.1346991452442112,89.16666666666667,89.16666666666667,1,0
1208497,140,2024,1,1.1,1.6,1.1,1.4,0.8341330067754746,1.1075672689228568,0.6416100585536197,1.0293953880162818,82.21875,82.02083333333333,2,2
1208022,39,2024,1,0.9,2.2,2.3,1.1,1.0,1.0,1.0287374796481554,1.2243339002750142,365.0,89.85416666666667,0,2
1208026,39,2024,1,1.5,1.2,1.5,1.2,1.1053516003019515,1.0488287787636577,0.7689729320426589,0.8953240782307439,89.95833333333333,89.95833333333333,1,1
1208024,39,2024,1,1.1,1.2,1.7,1.6,1.2308223468461088,0.6389350904046753,0.36713259993792896,1.0452575587852309,89.95833333333333,89.95833333333333,0,3
1208023,39,2024,1,1.8,0.9,1.4,1.8,0.9650856781066668,0.9212093214461641,0.5759935413169286,1.2433125011961814,89.95833333333333,89.95833333333333,2,0
1208025,39,2024,1,1.8,1.2,0.7,2.3,1.2169833212018148,1.306125446336735,2.6082359270985176,1.4230832715185207,89.95833333333333,446.9375,1,0
1208027,39,2024,1,1.2,1.6,1.5,1.3,1.0642436974083587,1.1835485487461193,0.8455360305073327,1.8547433033152925,90.0625,90.0625,1,2
1223598,135,2024,1,1.0,1.3,2.1,0.9,1.5339433791527122,0.5471981554474336,0.8335195641435875,2.2803231462262334,84.90625,82.90625,2,2
1223604,135,2024,1,1.2,1.5,1.6,1.1,1.0,1.0,1.553073844915842,1.3953732045607588,365.0,76.02083333333333,1,1
1208502,140,2024,1,1.3,1.4,1.0,1.5,1.5612979143678567,0.8282684017160187,1.0,1.0,84.20833333333333,365.0,1,1
1223603,135,2024,1,1.6,1.1,1.0,1.2,1.034160115290744,2.5655328328738287,1.1582101942358918,1.3563049862047474,84.0,83.11458333333333,2,2
1223597,135,2024,1,0.9,1.6,0.7,1.8,1.3608252624338169,0.7623206272365698,0.5805285575582805,1.2176685407692922,83.0,84.11458333333333,0,0
1208499,140,2024,1,1.2,1.4,2.7,1.0,0.9299772884537048,1.3275539991701382,1.0958321546402319,0.5482764720307081,83.21875,83.02083333333333,1,2
1208028,39,2024,1,1.7,1.5,1.3,1.3,1.0211440965134948,0.9680745713377306,2.409306341753635,0.38067885551645314,90.91666666666667,90.91666666666667,2,1
1208029,39,2024,1,1.7,1.1,1.9,1.2,1.16541641413441,0.7624510682791611,1.18320017267475,0.6272331804301333,91.02083333333333,91.02083333333333,0,2
1223595,135,2024,1,1.5,1.2,1.1,1.5,1.1686807380546438,1.8831282968894287,1.0385278395031994,0.48672131609750174,85.90625,83.90625,1,1
1223599,135,2024,1,0.9,1.7,1.6,0.7,2.3573275537782705,1.1050910651860197,0.6171478444552783,0.8242654629774937,83.90625,84.02083333333333,3,0
1208500,140,2024,1,0.9,1.2,1.1,1.2,0.6901267479990926,0.7628861958279476,0.3208628539185289,0.8750798005812902,85.11458333333333,85.02083333333333,1,2
1223601,135,2024,1,1.6,1.3,0.8,1.5,1.0779599801838418,0.8811446353861843,1.0,1.0,84.0,365.0,3,1
1223596,135,2024,1,1.1,1.5,1.5,0.9,1.4574851196360408,1.0289303290950005,0.7108607020703966,1.4047000122440543,87.0,84.0,0,0
1208496,140,2024,1,0.9,1.2,2.1,1.0,1.4202384848333334,1.1101547078026568,0.9538758932930128,1.098975656752056,84.3125,85.02083333333333,1,1
1223602,135,2024,1,0.7,1.5,2.1,1.0,0.3046148322842589,0.6742783893020746,1.3238344676061127,1.0454388116855735,85.02083333333333,78.02083333333333,0,4
1212910,140,2024,1,0.7,2.4,1.1,1.3,1.432464542898956,0.5080656622757842,1.7988575128719737,1.305214282887267,441.9166666666667,441.9166666666667,1,0
1223600,135,2024,1,1.5,0.9,1.3,1.4,1.4975745322692835,1.3407504613120407,1.0,1.0,86.11458333333333,365.0,3,0
1208030,39,2024,1,0.9,2.1,1.7,1.7,0.959768570804682,0.9070388836761611,0.7425816696774329,0.7014985583773597,449.1458333333333,92.16666666666667,1,1
1208498,140,2024,1,1.9,1.3,1.8,0.8,1.6585526379051785,0.8217192433488557,1.087402192917116,1.0698964494822754,86.3125,86.21875,2,2
1208504,140,2024,2,1.6,1.5,1.2,1.4,1.3981829000392874,1.0544448622923959,0.9909435708282415,1.1082804698309603,7.0,5.895833333333333,3,1
1208507,140,2024,2,1.1,1.4,1.9,1.3,0.9440351744234892,1.2713797294833102,1.6882565830594187,0.9304850295442775,7.0,4.0,1,2
1208033,39,2024,2,1.7,1.6,1.2,1.4,0.9901067781949479,0.6794174132104001,1.0515426001572186,0.539148148924183,6.895833333333333,7.6875,2,1
1208038,39,2024,2,0.7,2.3,1.5,1.2,1.6953533526140365,1.0484340781778596,1.0023674290851574,0.9656275950852664,7.0,7.0,0,1
1208035,39,2024,2,1.4,1.4,0.9,2.1,0.6452015915863447,1.0417211110754039,0.9578364991276185,0.7327125292914656,7.791666666666667,4.791666666666667,2,1
1208039,39,2024,2,1.7,1.7,1.1,1.2,0.6258153401922922,0.7899609910498591,0.8000345254499708,1.166778396998333,4.791666666666667,7.0,4,0
1208037,39,2024,2,1.9,1.2,0.9,2.2,1.2580753275495924,0.4077015672795867,0.0,0.5770750988142294,5.9375,7.104166666666667,4,1
1208034,39,2024,2,1.3,1.3,1.2,1.6,1.8281004041911448,0.7098846949997217,1.0193225058795357,1.1951398900183108,6.041666666666667,6.895833333333333,0,2
1208511,140,2024,2,1.3,1.4,0.9,1.2,1.2526641571596198,0.8696244611154123,1.4384327929194445,0.9056283378495047,6.916666666666667,5.8125,1,0
1208032,39,2024,2,1.5,1.3,1.8,0.9,0.9754317531630995,1.5331472497190426,0.9427377895347655,0.5987860589400067,7.0,7.104166666666667,0,2
1223611,135,2024,2,1.2,1.5,1.6,1.1,0.9772727272727272,0.5375,1.1425165749389836,2.4885054322770794,7.0,6.90625,2,1
1223614,135,2024,2,1.1,1.5,1.6,1.3,1.0170885502225342,0.5170355221300428,1.265048987119497,1.006878628385635,6.0,5.90625,2,1
1208510,140,2024,2,2.7,1.0,1.4,0.8,0.9576612708865211,0.7428380401532936,0.8679913182397578,1.097708176084555,6.895833333333333,9.0,2,1
1223608,135,2024,2,2.1,0.9,0.7,1.5,0.8725569474625626,2.485543378380385,0.1979996409847683,1.0116142863796818,7.09375,5.09375,2,0
1223609,135,2024,2,0.7,1.8,1.0,1.3,0.3773435624128823,0.7914845515000399,2.0003965297825963,0.6864480318100625,7.0,7.09375,0,1
1208505,140,2024,2,0.9,1.0,1.1,1.2,0.9543852827322454,1.3033492182202546,0.9112123701985588,0.9982000185259868,9.104166666666666,6.104166666666667,0,0
1212911,140,2024,2,1.1,1.3,0.9,1.2,1.169257383366783,1.3580046684921083,0.8779805343475584,1.198527542439681,5.104166666666667,6.104166666666667,0,1
1208031,39,2024,2,1.5,1.2,1.8,1.2,0.7837212947166172,0.8658495397388724,0.914469110472001,0.8489815401188778,7.958333333333333,7.958333333333333,1,1
1208040,39,2024,2,1.4,1.8,1.7,1.1,0.3743958018560036,1.12358522454295,0.7575206691873666,0.9845884096924595,7.958333333333333,6.895833333333333,2,6
1208506,140,2024,2,2.1,1.0,0.7,2.4,0.8040471084182361,1.2296119546666142,1.4407173374997062,0.33024268047925975,6.8125,5.916666666666667,3,0
1208036,39,2024,2,2.3,1.1,1.7,1.5,0.8706556463562813,0.7958170351787592,1.1261871016477987,0.8912997534208069,8.166666666666666,7.104166666666667,2,0
1223606,135,2024,2,1.6,1.1,0.8,1.5,1.1976229991952976,1.2490380375099477,1.2403846153846154,1.6124999999999998,8.0,6.90625,0,0
1223613,135,2024,2,1.0,1.2,2.1,1.0,1.5737457171624205,1.3519107410330857,1.4338257372773064,0.6795352275956228,7.90625,6.0,2,1
1208509,140,2024,2,1.0,1.5,1.1,1.6,0.9464285714285714,0.6794871794871794,1.1444591816767857,1.2469073611634933,8.0,8.895833333333334,2,1
1208508,140,2024,2,1.0,1.3,1.5,1.3,1.0776169115127372,1.0604009920716884,0.5942001971823718,0.9937063249974013,9.010416666666666,9.90625,0,0
1223612,135,2024,2,1.5,0.9,0.9,1.6,0.46205945634575785,0.9130550079586353,0.884536420581981,0.49550840770377036,7.0,8.0,1,2
1223610,135,2024,2,1.6,0.7,1.5,1.2,0.4011460988959309,2.6857725509353707,0.9603091464021851,1.5660788475235832,7.09375,7.09375,3,0
1208503,140,2024,2,1.8,0.8,1.2,1.6,1.1031789467636466,1.3056300605845317,1.1998877003846864,0.67029738385365,6.0,10.0,3,0
1223605,135,2024,2,1.1,1.5,1.3,1.4,0.9473653277634265,0.6688047139117503,0.0,1.8428571428571432,7.90625,6.90625,1,1
1223607,135,2024,2,0.9,1.7,1.5,0.9,3.6822629099558757,0.7183091923709128,1.6184234459750344,0.8714877998528264,8.09375,7.0,0,3
1208518,140,2024,3,1.9,1.3,1.6,1.5,1.4460509895149378,0.9291159685044796,1.5299126350255368,0.9430280493789462,3.0,3.1041666666666665,4,3
1208515,140,2024,3,0.9,1.2,1.1,1.4,0.934981315397639,0.885934060627819,0.9379235626759672,1.1750810346904674,3.0833333333333335,3.8958333333333335,0,0
1208517,140,2024,3,1.1,1.2,2.7,1.0,0.5922880406290633,0.6488300120418915,1.051877974224387,0.8140947260996408,3.0,3.1041666666666665,1,2
1208520,140,2024,3,0.7,2.4,1.0,1.5,0.936466269374809,0.4906994089781855,1.1948660714285713,0.7227272727272727,3.0833333333333335,3.0,0,0
1208512,140,2024,3,1.4,0.8,1.2,1.4,0.8954443568558426,1.142908462603109,0.9017522099272459,1.3414760553901242,4.0,5.0,1,0
1208519,140,2024,3,0.9,1.2,1.0,1.3,0.9670548686934342,0.7790429025857927,0.7004509924832792,0.6892606448465974,4.0,3.09375,1,2
1212912,140,2024,3,1.8,0.8,1.1,1.3,1.2001392320630369,0.8486595393799456,0.760017299188409,1.2790705558873916,3.0,4.0,0,0
1208514,140,2024,3,1.2,1.6,1.3,1.4,0.7799270052500462,0.9187662161715391,1.1115073431793938,0.565255899725018,3.8958333333333335,5.083333333333333,4,0
1208516,140,2024,3,1.1,1.6,2.1,1.0,1.0249590741505168,1.3901772847562706,0.7986722871385201,0.7992477705332993,4.104166666666667,4.1875,1,1
1223624,135,2024,3,0.8,1.5,1.0,1.2,0.80625,1.048125,1.9259347161555733,1.0579086483381723,5.0,5.0,0,1
1223618,135,2024,3,2.1,0.9,2.1,1.0,0.8538286825173323,1.6156031959472503,1.1111533958969158,1.3446978979371547,6.0,5.09375,4,0
1208041,39,2024,3,1.8,0.9,1.7,1.6,1.0495316999497342,0.38921093831100434,1.0729811705325984,0.7077671519200934,6.791666666666667,7.0,1,1
1208049,39,2024,3,1.5,1.2,1.4,1.8,0.7996547709343378,0.6276579368054231,0.9069936348427659,1.732291180266643,7.0,6.041666666666667,1,1
1208045,39,2024,3,0.9,2.2,1.4,1.4,0.47314814814814804,0.8640940295402539,0.7670000821501717,1.0826742777545681,7.0,7.0,1,1
1208042,39,2024,3,1.7,1.5,0.7,2.3,0.7320216160710692,0.8755767237814955,1.1019796791991239,0.8295980928445943,5.9375,7.0,3,1
1208046,39,2024,3,0.9,2.1,1.5,1.3,1.0281492799885075,0.8238821916585002,0.6340306395560147,1.4332978490695143,7.0,6.895833333333333,1,2
1208044,39,2024,3,1.1,1.2,1.5,1.2,0.520022441542481,1.760366742362642,0.79330773045469,0.799376274904341,7.0,6.041666666666667,2,3
1208522,140,2024,4,2.7,1.0,0.7,2.4,0.969986115344617,0.9507524810556756,0.6087030750936259,0.3189546158358206,3.8125,2.9166666666666665,7,0
1223621,135,2024,3,0.7,1.5,1.1,1.5,0.1286997666400994,0.9442159528134598,0.9089692812280454,0.6662615255810993,6.90625,5.0,1,0
1208050,39,2024,3,1.2,1.6,1.9,1.2,1.3176878339499032,0.776840928511902,1.3067441782182398,0.7381541668798794,7.104166666666667,7.104166666666667,1,3
1223615,135,2024,3,1.5,1.2,0.9,1.6,0.6242009451614203,1.723420000890329,1.6897634881931025,0.5102054650074508,5.90625,5.90625,1,1
1208521,140,2024,4,1.4,0.8,1.8,0.8,0.8186459748134405,0.7428905006920209,0.780090500840974,0.5516287005969647,3.0,2.8958333333333335,0,1
1212913,140,2024,4,1.1,1.3,1.1,1.2,0.49401124447246586,0.8313958613268045,0.8065781354998002,0.7080049399259949,2.90625,3.90625,2,1
1223620,135,2024,3,1.6,1.3,1.6,1.1,1.010406841627673,1.285939639919194,0.9307607737103394,2.301619440071011,7.09375,7.09375,2,2
1223622,135,2024,3,1.6,0.7,1.2,1.5,0.966213714282355,1.7457521581079911,1.3193181818181816,0.5375,6.0,7.09375,2,1
1208526,140,2024,4,1.0,1.5,0.9,1.2,0.7766629464285714,0.46977272727272723,0.6077378550084653,0.5758571394080824,3.1041666666666665,4.104166666666667,0,1
1208524,140,2024,4,1.2,1.4,1.9,1.3,0.5861389364527099,1.1085665788607235,1.5908103361671657,1.272795571835604,3.1041666666666665,5.0,1,1
1208043,39,2024,3,1.7,1.1,1.3,1.3,1.494349219285514,1.3036188299364624,1.1882652627242443,1.1165532568780243,6.979166666666667,7.9375,1,1
1208048,39,2024,3,1.8,1.2,1.7,1.7,0.8309789958808746,0.8357268899661596,1.4087407554387155,0.5134746441824084,6.979166666666667,7.9375,2,1
1208047,39,2024,3,1.2,1.4,2.3,1.1,0.9496485234355254,0.7798580615066012,0.8621580541895539,0.5172810728661935,8.145833333333334,6.979166666666667,0,3
1208525,140,2024,4,1.0,1.3,1.1,1.6,1.2282098117807982,0.8443869405178096,1.087814307288745,1.0416360684249093,3.8125,2.8125,2,0
1208528,140,2024,4,1.3,1.4,1.6,1.5,0.722479773066606,1.4715830014879285,1.6633134050742913,1.2638454250787712,2.9166666666666665,5.8125,3,2
1223617,135,2024,3,1.0,1.3,0.9,1.7,1.5510910776920208,0.44619122067654066,2.393470891471319,0.9980774456293287,7.90625,5.90625,0,2
1223616,135,2024,3,1.6,1.1,0.7,1.8,0.7784549494769435,0.811874724381466,0.2452733155683735,0.7652982918083593,7.0,7.90625,2,2
1208529,140,2024,4,1.1,1.4,1.2,1.6,0.6096503157393787,0.7638026725488039,1.6111192200791968,0.5971980405115004,5.0,3.0,0,2
1208523,140,2024,4,0.9,1.0,0.9,1.2,0.6203504337759596,0.8471769918431655,1.0249531860182535,1.279294553347432,7.90625,3.90625,0,0
1223619,135,2024,3,1.5,0.9,1.5,0.9,1.5831517104720079,0.5664670699043372,0.4884636466247426,1.7083005699879277,6.0,7.0,0,0
1223623,135,2024,3,1.1,1.5,1.3,1.4,1.2925760891131786,0.5241980893845278,0.23153846153846153,1.4910389610389614,8.09375,6.09375,1,0
1208527,140,2024,4,2.1,1.0,1.5,1.3,0.6571578199733713,0.9411019599375536,0.3862301281685417,0.6459091112483109,3.0,7.09375,2,0
1208531,140,2024,5,1.5,1.3,1.0,1.5,0.2510495833095521,0.7595845120549918,0.5048309151785714,0.6488707912457912,11.979166666666666,12.979166666666666,2,0
1208058,39,2024,4,0.7,2.3,1.2,1.4,1.2029534581460972,0.9313103716021833,0.6172715402330915,0.9829946965010299,13.895833333333334,12.854166666666666,0,3
1208533,140,2024,5,0.9,1.2,1.9,1.3,0.7385481242740211,0.37430714061525355,1.2083688237718158,1.1245927627187835,13.6875,13.6875,1,2
1223627,135,2024,4,1.3,1.4,1.5,1.2,0.1505,1.2623571428571432,0.5938556143549232,1.5382785561342693,12.760416666666666,13.854166666666666,2,2
1208054,39,2024,4,1.3,1.3,0.9,2.1,1.1297150781134162,0.9569813364277293,1.1050491687446664,0.8599678690224695,13.0625,14.0,2,2
1208057,39,2024,4,1.9,1.2,1.7,1.5,1.3536600316313296,0.8346613195830328,0.867885661699392,1.0557915371246387,13.895833333333334,14.0,2,1
1208053,39,2024,4,1.7,1.6,0.9,2.2,1.0314246889507641,0.6374792043036163,0.7131018518518517,0.727570210110256,14.104166666666666,14.0,0,0
1208056,39,2024,4,2.3,1.1,1.5,1.2,1.036489691744949,0.3362326973630258,0.7090348603665788,0.7121443255901917,12.958333333333334,14.0,0,1
1208055,39,2024,4,1.4,1.4,1.2,1.6,0.6644591443067025,1.1092938360960247,1.2113582031785481,1.0092229193222102,14.0,13.895833333333334,1,1
1212914,140,2024,5,1.1,1.3,1.0,1.3,1.0237588240586177,0.8647080091631223,1.3780238776575189,0.5488515113365763,13.875,12.96875,3,2
1223628,135,2024,4,0.9,1.6,1.5,0.9,1.5164018228810723,0.519758552254843,1.0290486118068052,0.36820359543781916,13.979166666666666,12.885416666666666,0,0
1208052,39,2024,4,1.5,1.3,1.1,1.2,0.7365643601558539,1.3683957386473211,1.112257011245037,1.995905049202384,14.104166666666666,14.104166666666666,3,2
1208536,140,2024,5,1.1,1.4,0.9,1.0,0.39627270523059616,1.048555070490056,0.4032277819543737,0.5506650446980577,12.979166666666666,12.96875,1,0
1223631,135,2024,4,1.6,1.1,0.8,1.5,1.039129118296336,2.0091208178643387,0.5240625,0.98228125,14.0,15.09375,4,0
1208051,39,2024,4,1.5,1.2,1.7,1.1,1.3673166914622152,1.2938370029302457,1.2025487119925977,1.2046948968013578,14.208333333333334,13.270833333333334,0,1
1208538,140,2024,5,0.9,1.2,2.1,1.0,0.6662195709118648,0.8315414596758308,0.7668961727262811,0.6117162739594099,13.072916666666666,12.979166666666666,0,2
1223629,135,2024,4,1.0,1.3,1.5,0.9,1.0082092004998136,1.0618191652346232,0.3175013703060827,1.110395370492153,13.75,13.65625,1,1
1208532,140,2024,5,1.6,1.5,0.7,2.4,1.4952162132982894,1.5349610647627396,0.3956569988108568,0.7082850064661228,13.875,14.875,3,1
1208059,39,2024,4,1.7,1.7,1.8,0.9,1.1661716871135965,0.6677454468231406,0.8596261605228828,0.586974038006728,14.020833333333334,15.0625,0,1
1223634,135,2024,4,1.0,1.2,0.7,1.5,1.5528575655011225,0.6876406214198121,0.5136548483160646,0.6137403693287489,15.854166666666666,14.854166666666666,0,0
1223625,135,2024,4,2.1,1.0,1.6,1.1,0.7222497073329953,1.7340536336591506,0.8195373838266798,1.7004458435752259,15.760416666666666,13.854166666666666,3,2
1208535,140,2024,5,1.2,1.6,2.7,1.0,1.5993108263848113,0.38817872633247524,1.1314554811468405,0.6179891126861892,13.885416666666666,14.96875,1,4
1208060,39,2024,4,1.4,1.8,1.8,1.2,0.8937125293144645,1.3152485264325773,0.8741232754271437,0.7937126745564351,15.0625,14.125,1,2
1223626,135,2024,4,1.1,1.5,1.6,0.7,0.5908300327982295,0.8630699916277145,1.0042889142835307,1.6722389027701943,14.979166666666666,14.885416666666666,0,4
1208534,140,2024,5,1.1,1.6,1.4,0.8,0.7070792997376842,1.2567509444761908,0.5321198836287363,0.8049274365609247,14.0625,14.979166666666666,2,3
1223632,135,2024,4,0.7,1.8,2.1,0.9,1.3321549278467155,0.8109855563421002,1.4149886436362662,1.0501420773657129,14.09375,16.0,1,1
1208530,140,2024,5,1.8,0.8,1.2,1.4,0.8291074366577441,0.35855865538802706,0.6782659497199024,0.8949103815226281,15.083333333333334,14.979166666666666,3,0
1223633,135,2024,4,1.2,1.5,1.1,1.5,1.3950568181818181,0.725625,1.1333562761053844,0.34072875809994313,15.90625,14.90625,2,3
1223630,135,2024,4,1.6,1.3,0.9,1.7,1.1698326288761693,1.2699953813320914,2.3275509512512293,0.6487503396590636,16.0,15.09375,2,1
1208537,140,2024,5,1.1,1.2,1.3,1.4,0.8485764873755695,1.1628547261034117,1.1830733909548323,1.3705914509671535,16.072916666666668,15.166666666666666,3,1
1208550,140,2024,7,0.9,1.2,0.9,1.2,0.876423802145635,0.6500978870139499,0.43304272109271214,0.9085575043448455,3.2083333333333335,2.9166666666666665,1,0
1208513,140,2024,3,1.5,1.3,0.9,1.0,0.5754044513734311,0.4937299328357447,0.26209805827034294,0.7795231881446465,4.916666666666667,4.020833333333333,2,1
1208552,140,2024,7,1.0,1.5,1.4,0.8,0.32814009486607143,0.8339882365319865,0.9669716743586786,1.5771801064918738,5.916666666666667,4.020833333333333,0,2
1223636,135,2024,5,1.1,1.5,0.9,1.6,0.3840395213188492,1.3134954945580144,0.985661184872697,0.337843058965648,5.020833333333333,6.020833333333333,0,2
1223638,135,2024,5,0.9,1.7,1.0,1.2,1.898805554210735,0.7536730148960384,1.0093574175757296,0.44696640392287784,4.0,5.239583333333333,2,3
1208542,140,2024,6,1.0,1.3,1.1,1.4,1.6091770589389256,1.329655580270872,0.6791681674907966,0.6815607958185363,6.197916666666667,6.104166666666667,2,1
1208070,39,2024,5,1.2,1.6,1.7,1.1,1.091549498732723,0.8841198975594367,1.0321468588736198,0.7830516829208826,6.895833333333333,6.6875,0,3
1208546,140,2024,6,0.7,2.4,0.9,1.2,0.6988437158937236,0.8226899417029798,0.2814777687102629,1.0199605259722977,6.0,3.7916666666666665,0,0
1223644,135,2024,5,0.8,1.5,1.0,1.3,0.34064062500000003,1.3909828124999999,1.1570026469915455,0.9217209189409665,6.760416666666667,6.104166666666667,2,0
1208064,39,2024,5,1.4,1.4,1.8,1.2,0.6600234437993566,1.0252076601290827,0.8836122277930756,0.8200799051283494,7.0,5.9375,3,1
1208066,39,2024,5,2.3,1.1,1.5,1.2,0.6737182996342169,0.5282482229829364,0.88875584945044,1.091484247983091,7.0,6.791666666666667,3,0
1208068,39,2024,5,0.7,2.3,0.9,2.2,0.7819197477949632,1.1607865241501147,0.4635162037037036,0.47292063657166644,7.104166666666667,7.0,1,1
1208065,39,2024,5,0.9,2.1,1.1,1.2,1.5917862331883064,0.9333380892235794,1.4376523719945884,2.149004948648216,7.0,6.895833333333333,1,1
1208069,39,2024,5,1.7,1.7,1.7,1.5,0.7580115966238378,0.601028004487329,0.8146158761830362,1.0448609903590853,6.041666666666667,7.0,3,1
1208061,39,2024,5,1.5,1.3,1.4,1.8,1.3304335007679717,1.604142544806073,0.8850798107210687,1.1703436409466073,6.895833333333333,5.9375,3,1
1208547,140,2024,6,1.3,1.4,1.1,1.6,1.066273345146282,1.7942935340377408,1.5135788175567675,1.437981863909524,4.802083333333333,5.90625,2,1
1223640,135,2024,5,1.5,0.9,1.6,0.7,0.6688815976744233,0.23933233703458245,1.405287794284295,1.0869552868006263,7.0,6.0,0,0
1208063,39,2024,5,1.3,1.3,1.2,1.4,1.108673775132695,1.4955421421822974,0.9566612837602051,0.6389465527256695,7.104166666666667,7.208333333333333,0,0
1208545,140,2024,6,1.2,1.4,1.2,1.6,0.44087286731793657,1.1337750813230416,1.4260103704834608,0.681714320264257,5.895833333333333,6.09375,2,0
1223641,135,2024,5,0.7,1.5,1.2,1.5,0.33387565140544195,0.3989312400636868,1.4084535984848485,1.292565340909091,6.239583333333333,5.09375,2,2
1212915,140,2024,6,2.1,1.0,1.1,1.3,0.8665380678276382,0.3976155780736164,1.6383453335401992,1.275521744417568,7.0,7.197916666666667,4,1
1223637,135,2024,5,1.6,1.1,1.6,1.3,1.097074299487342,1.6916534346875332,1.092376502887157,1.2113944337632954,6.895833333333333,5.65625,2,1
1208541,140,2024,6,0.9,1.0,1.0,1.5,0.5667312592432442,1.1250234056273536,0.21329106166294642,0.983759020412458,3.7916666666666665,2.7916666666666665,1,1
1208062,39,2024,5,1.7,1.6,1.5,1.2,0.6704260478179968,0.4143614827973506,0.7705696289352459,0.46289381163362464,7.958333333333333,7.958333333333333,2,2
1223642,135,2024,5,0.7,1.8,1.5,1.2,1.5825673697670317,0.6465850560668096,0.8160061493307,1.578727215333429,6.760416666666667,8.0,1,2
1208539,140,2024,6,1.4,0.8,1.6,1.5,1.070198254999808,1.025167069219718,1.334195226143888,1.4393913587624476,2.8854166666666665,7.09375,3,1
1208067,39,2024,5,1.9,1.2,1.8,0.9,1.2384755117884345,0.7930200538074027,0.7257504683921614,0.3815331247043732,8.0625,7.104166666666667,2,2
1223643,135,2024,5,1.5,0.9,1.1,1.5,0.43791435223741526,1.223423657486566,1.5575906703775906,0.7231403594316297,7.229166666666667,5.979166666666667,3,0
1208544,140,2024,6,1.9,1.3,2.7,1.0,1.1922379810657153,1.1273528171347305,1.1648442108935946,0.7881512565793563,8.1875,7.09375,1,5
1223639,135,2024,5,2.1,0.9,1.6,1.1,1.0391870628080175,1.39925901695438,1.4279339268926186,1.3059285316118203,7.0,8.0,1,2
1208543,140,2024,6,1.1,1.2,1.8,0.8,1.4549838077032111,1.0531312129928585,1.091003167160867,0.2330631260022176,6.0,7.0,1,1
1208540,140,2024,6,1.5,1.3,0.9,1.2,0.9923462267260635,0.7172919777107554,0.9990736195428109,0.42256362655906743,5.083333333333333,6.083333333333333,1,2
1208555,140,2024,7,1.2,1.4,1.3,1.4,0.7696402804233254,0.736953802859977,1.1389911358835447,1.467427160760895,3.0208333333333335,3.1145833333333335,0,0
1208551,140,2024,7,1.1,1.4,0.7,2.4,0.765760008169717,1.1055145172820486,0.45424841533092036,0.5347484621069369,3.9166666666666665,3.2083333333333335,2,1
1223635,135,2024,5,2.1,1.0,1.3,1.4,1.0558259461300832,1.6915098618784477,0.6766711538461538,1.250532142857143,9.239583333333334,10.239583333333334,2,3
1208556,140,2024,7,2.1,1.0,1.0,1.3,1.2427369235751442,0.6800410348387598,1.7084650883103016,1.188576826476766,3.0,4.0,3,2
1208549,140,2024,7,1.2,1.6,1.1,1.2,0.9269067408142495,0.9261872248384337,1.4727281113707236,0.8992343625194321,4.020833333333333,2.9166666666666665,0,0
1208548,140,2024,7,2.7,1.0,0.9,1.0,1.417761272693372,0.7563772641450026,0.7118938370266272,1.1950152136577799,3.1041666666666665,3.2916666666666665,1,0
1208554,140,2024,7,1.1,1.6,1.5,1.3,1.2849625950482626,1.380601673079652,0.9026639362608302,1.2589748282470334,5.114583333333333,2.9166666666666665,1,1
1212916,140,2024,7,1.1,1.3,1.9,1.3,1.4865153758920386,1.5085763133585983,1.019033635061136,1.3933918667501104,4.916666666666667,4.020833333333333,1,2
1208553,140,2024,7,1.6,1.5,1.8,0.8,1.229531584493527,1.598104383195591,0.9238511327286377,0.6784796682650778,4.197916666666667,4.0,0,1
1223649,135,2024,6,1.6,1.1,0.7,1.5,1.5552403858135353,1.0443080910022287,1.0770191734135373,0.7609719727080632,5.0,6.0,3,0
1208562,140,2024,8,0.7,2.4,0.9,1.2,0.768475755679384,0.6989122579452665,1.4421328954378696,0.5323052461522828,3.0833333333333335,4.0,1,2
1208078,39,2024,6,1.8,1.2,1.9,1.2,0.7771257258432769,1.445551938333427,1.4026699013759327,0.9886111831229598,6.895833333333333,5.833333333333333,1,1
1208564,140,2024,8,0.9,1.0,1.0,1.3,0.4627309940673077,0.9485191481368163,2.038002307401696,1.2821903218252824,2.7083333333333335,3.7083333333333335,2,0
1223654,135,2024,6,1.1,1.5,2.1,0.9,1.012433935745434,1.0720412336305594,0.8709261362797569,1.5366016943536802,5.875,5.760416666666667,2,3
1208074,39,2024,6,1.7,1.1,1.7,1.6,1.2344983994443233,0.5089835938985737,0.9367573232385606,0.6951682971516111,7.104166666666667,6.041666666666667,4,2
1208072,39,2024,6,1.8,0.9,0.9,2.1,0.944885952603053,0.8456573497712928,1.5078091997205472,0.8278818792074478,5.9375,7.0,4,2
1208079,39,2024,6,1.5,1.2,1.4,1.4,0.9267035921412431,0.8018613697187187,1.3415152384695819,0.8691627568616815,6.041666666666667,7.0,0,1
1208073,39,2024,6,1.7,1.5,1.2,1.6,0.7063169285155133,1.2803361143216407,0.70950717417627,1.1382808745901043,7.0,7.104166666666667,1,1
1208075,39,2024,6,1.1,1.2,1.3,1.3,1.1556861630086037,1.8700013647694886,0.7206379538362517,0.9721023924184934,7.0,6.895833333333333,2,1
1208565,140,2024,8,1.1,1.2,1.0,1.5,0.9572732723909704,0.5845023356376309,0.6023891900809151,0.9829618817866161,2.8854166666666665,6.09375,1,1
1223648,135,2024,6,1.0,1.3,1.5,0.9,0.7520517205445046,1.467387828080859,0.4347730384883752,0.1555660190724786,7.125,7.0,0,3
1208080,39,2024,6,1.4,1.8,2.3,1.1,0.8560711077379254,1.3285011443930723,0.9933516773709365,0.3433613449389087,7.104166666666667,7.104166666666667,1,2
1208560,140,2024,8,0.9,1.2,1.2,1.4,0.1829605496616709,0.6629743418819936,0.5002661822751615,0.4790199718589851,7.1875,3.9791666666666665,3,0
1223645,135,2024,6,1.5,1.2,2.1,1.0,0.8648484415093993,1.563672689966729,0.9934297221274111,2.141404487144068,6.239583333333333,4.0,1,1
1208561,140,2024,8,1.3,1.4,2.7,1.0,0.7403442383243041,0.9538276544945818,1.093304086509951,0.49164522169425173,4.083333333333333,3.0,4,2
1223653,135,2024,6,1.0,1.2,1.6,1.3,1.4528470273065772,1.1266392736609816,0.966578817785743,1.2215409973307574,8.65625,7.0,2,3
1208559,140,2024,8,1.6,1.5,1.2,1.6,0.7991955299207926,1.2105271083363933,0.6024893815292622,0.6020216961449819,2.7083333333333335,3.7916666666666665,1,1
1223652,135,2024,6,1.5,0.9,0.8,1.5,0.8866443289543199,0.795225377366268,1.089685637019231,0.9041388281249999,6.875,8.0,2,1
1223646,135,2024,6,1.3,1.4,0.9,1.7,1.4817593269230769,1.11998875,2.0703347213480887,1.286652165564778,4.760416666666667,8.760416666666666,3,2
1208076,39,2024,6,0.9,2.2,1.5,1.3,0.5481454357890498,0.6392165955897651,1.4325595532769593,1.3234618848931783,7.958333333333333,7.958333333333333,2,2
1208557,140,2024,8,1.4,0.8,1.1,1.4,1.3581288657498751,1.0286632824928166,0.8490697628860736,1.1917987219476174,7.0,4.885416666666667,1,1
1208077,39,2024,6,1.2,1.4,1.7,1.7,0.6218298344441333,0.41531525927168517,1.0938840083937298,0.5674848119133036,7.958333333333333,8.0625,0,3
1223647,135,2024,6,0.9,1.6,1.6,1.1,1.3095686590561417,0.2195979883276712,1.1472329100513878,1.3561088234559873,8.979166666666666,7.229166666666667,0,0
1212917,140,2024,8,1.5,1.3,1.1,1.3,0.7799607252362062,1.1426343376612709,1.2905356936305243,1.3560806765575828,2.9791666666666665,2.9791666666666665,1,0
1223650,135,2024,6,1.6,0.7,0.7,1.8,0.9134370662847917,0.7065209364204071,1.5661687903485708,0.7547247308878706,8.114583333333334,7.239583333333333,2,0
1208558,140,2024,8,1.8,0.8,2.1,1.0,0.7722624955328738,0.44101178437230054,1.3173943849392282,1.3695266726451938,3.0,5.0,1,1
1223651,135,2024,6,1.2,1.5,1.1,1.5,1.4171615056818183,1.700167471590909,0.249625688857252,1.5226609603515981,9.0,10.09375,2,3
1208563,140,2024,8,1.9,1.3,1.1,1.6,1.0378779356642323,1.230005412688271,1.15952638608207,1.0906202541684404,4.083333333333333,4.083333333333333,3,1
1208071,39,2024,6,1.5,1.2,0.7,2.3,0.577691302142786,1.2648995437977049,0.8400660178849079,1.001371144079217,9.208333333333334,9.208333333333334,3,1
1223663,135,2024,7,1.6,0.7,1.3,1.4,0.9072757597517812,0.45923860867326466,1.57603949010181,1.4446593541666668,4.90625,5.145833333333333,3,1
1223658,135,2024,7,0.9,1.7,0.8,1.5,2.0623842355429245,1.4492198352189156,1.3353789973958334,0.9890235716145833,5.239583333333333,5.239583333333333,2,1
1208569,140,2024,9,1.0,1.5,1.2,1.4,0.7780113068859282,0.9199858292219065,0.325173018478855,1.4155296483750068,6.197916666666667,6.104166666666667,0,0
1208086,39,2024,7,1.3,1.3,2.3,1.1,0.7959787725576661,1.3465518697573353,0.8925384936727513,0.5550030560284724,6.895833333333333,6.791666666666667,0,1
1212918,140,2024,9,1.1,1.3,0.9,1.2,0.8388482008598408,1.1192729525829417,1.3667845301827635,0.8980817433323172,5.8125,7.708333333333333,2,1
1223664,135,2024,7,1.1,1.5,0.7,1.5,1.5702032703557443,1.1268268018598635,0.7000624627187992,1.059006782260241,7.0,7.760416666666667,1,0
1208088,39,2024,7,0.9,2.1,1.5,1.2,2.241804374880084,1.0788639622255818,0.8198471724797673,1.4305180368018413,7.0,4.791666666666667,1,0
1208081,39,2024,7,1.8,0.9,0.7,2.3,1.154916609932725,1.8114056724130687,1.1543762449585233,1.0952390697384475,7.0,4.791666666666667,3,1
1208090,39,2024,7,1.2,1.6,0.9,2.2,0.7450685521034643,0.9277502155423913,1.2297988067671557,0.7251877568303169,7.0,6.041666666666667,4,1
1208083,39,2024,7,1.7,1.5,1.4,1.8,0.6469736505939072,1.1161073631979554,0.8882644018478333,1.1103856472371396,7.0,6.895833333333333,5,3
1208089,39,2024,7,1.9,1.2,1.4,1.4,1.1358582429119002,0.8791713431039979,1.1761515716718949,0.564955791960093,7.104166666666667,7.0,3,2
1208566,140,2024,9,0.9,1.0,1.3,1.4,1.0935101888787924,0.6165374462889306,1.9081468318338743,0.8653583457918486,7.09375,6.802083333333333,1,1
1223655,135,2024,7,2.1,1.0,1.0,1.3,0.8248959860494839,1.692912916643644,0.488833618353928,1.648417472867943,6.885416666666667,7.0,5,1
1208574,140,2024,9,0.7,2.4,1.1,1.2,1.051592574524933,0.8836911158125713,0.9032882331147368,0.7663848514977935,7.895833333333333,7.09375,1,2
1208573,140,2024,9,1.1,1.6,1.6,1.5,1.0779928502540448,1.1665511915252758,0.7006294381985152,1.0444815093075446,4.895833333333333,6.1875,0,1
1208087,39,2024,7,1.1,1.2,1.8,1.2,1.465881320640907,1.54306498966427,0.7417057958722041,1.1637315669342714,7.104166666666667,7.208333333333333,0,0
1223659,135,2024,7,2.1,0.9,1.0,1.2,0.996101988581842,1.9109123134511041,1.6389659523646598,1.4377842778796381,7.239583333333333,6.34375,3,2
1208567,140,2024,9,2.1,1.0,1.9,1.3,1.132348016877165,1.1478312261082648,1.1322686844975405,1.1238042175480754,6.0,5.0,2,0
1223660,135,2024,7,1.5,0.9,1.1,1.5,0.9772178596328285,0.1011179123971111,0.9831657886663046,1.4913962908952056,7.770833333333333,5.65625,1,1
1208570,140,2024,9,1.2,1.6,1.4,0.8,0.6492569868829094,0.5724664462442381,1.1193909055945617,1.195619769983967,7.0,6.90625,2,1
1208085,39,2024,7,1.7,1.1,1.5,1.2,1.5538945478741042,0.877363400205196,0.602357334891808,0.8253765569838338,7.958333333333333,7.958333333333333,1,1
1223656,135,2024,7,1.5,1.2,1.2,1.5,0.8631514869811097,1.1955539151450405,1.4228216453598486,1.9260179474431818,7.760416666666667,5.760416666666667,0,0
1223661,135,2024,7,1.6,1.3,0.9,1.6,1.333744981560733,1.488617032880377,0.8512196283864921,0.14273869241298628,7.104166666666667,6.875,2,1
1208082,39,2024,7,1.5,1.3,1.2,1.4,1.2408606793269932,1.7337544986848392,0.4041893923886867,0.9140725655854188,7.0,6.895833333333333,0,0
1208568,140,2024,9,1.0,1.3,2.7,1.0,1.3247014998111026,1.626158751921476,0.9560180266018385,1.7464924710243404,8.09375,7.802083333333333,0,3
1208084,39,2024,7,1.7,1.6,1.7,1.7,1.1554163242761875,1.2033299813838412,1.3551422525147478,0.3688651277436473,8.0625,7.0,3,2
1223662,135,2024,7,0.7,1.8,1.5,0.9,1.0180097137265711,0.8041127417437826,0.9776521471536412,1.1439798286214073,6.885416666666667,7.125,1,1
1208572,140,2024,9,1.1,1.4,1.5,1.3,1.0788839822395841,1.011276312123094,0.7447949842240468,0.7427123194798261,7.09375,7.0,1,0
1223657,135,2024,7,1.6,1.1,1.6,1.1,0.7457013915334021,0.8814707352463917,1.5752812507787979,0.6788002591514487,7.114583333333333,9.0,2,1
1208571,140,2024,9,0.9,1.2,1.8,0.8,1.2230910239467527,0.43093332222329583,0.7596095109852569,0.562699326508662,8.104166666666666,7.0,1,1
1208580,140,2024,10,1.0,1.3,0.7,2.4,0.8610559748772167,1.4533707101164808,1.2356185067745398,0.9257249828539289,12.197916666666666,13.104166666666666,2,3
1208099,39,2024,8,1.7,1.7,1.2,1.6,1.256577758252233,0.7702121600229902,1.258536983109676,0.9578987512136654,12.833333333333334,13.895833333333334,4,1
1212919,140,2024,10,1.4,0.8,1.1,1.3,0.9346353386364651,1.7432986838229119,1.2479028457104115,1.1238949405464334,13.0,14.0,4,1
1223668,135,2024,8,1.0,1.3,1.5,1.2,0.7692418519300532,1.8983944342872396,0.5610484665377213,0.7771100448442764,13.875,13.0,2,2
1223666,135,2024,8,1.3,1.4,1.2,1.5,1.5205795147200227,1.5437160802083336,0.9248340694839016,1.2519116658380682,14.854166666666666,13.0,1,1
1208095,39,2024,8,1.2,1.4,1.7,1.5,0.26272310505264634,0.5941471676305222,1.2555001931474776,1.455469786078671,13.041666666666666,14.0,2,1
1208096,39,2024,8,1.8,1.2,1.7,1.6,0.4821087673169327,0.7564255185072765,1.2814704377691413,1.1578997820171437,13.895833333333334,12.9375,0,1
1208092,39,2024,8,1.4,1.4,1.5,1.3,1.372831854920065,0.9435370542477447,0.8065594415625456,1.1269404241451455,14.0,13.041666666666666,1,3
1208098,39,2024,8,0.7,2.3,0.9,2.1,1.5614556703341513,1.0821952504024548,1.9303209918202027,0.7012615754466281,14.0,14.0,2,3
1208093,39,2024,8,0.9,2.2,1.1,1.2,1.1542303355097623,1.2456144661821302,0.9528228584165895,1.0029922432817755,14.0,13.895833333333334,0,2
1208581,140,2024,10,1.3,1.4,1.5,1.3,1.5970262099227877,0.9305384803202572,0.4841167397456304,0.8070637069625861,14.0,12.90625,1,2
1223672,135,2024,8,1.6,1.1,1.1,1.5,1.2804669039153094,0.9542883502666234,1.2942684893675973,0.7324374212089113,12.885416666666666,14.125,1,0
1208578,140,2024,10,1.2,1.6,0.9,1.2,1.3881628748072246,0.5791344400587548,1.4391063877876114,0.49480573351921636,13.1875,12.895833333333334,0,1
1208091,39,2024,8,1.5,1.2,1.8,0.9,0.5329006621118488,1.402984872069345,1.120985651528735,1.988524798179606,14.104166666666666,14.104166666666666,2,0
1223670,135,2024,8,1.5,0.9,1.6,1.3,0.8358582754280052,0.5217872491187282,1.2196686130144763,1.3534985072696808,13.34375,13.239583333333334,1,0
1208577,140,2024,10,1.6,1.5,2.1,1.0,0.6365614785790348,0.678912981049904,1.0757698007137468,0.7460902969703722,14.104166666666666,14.0,1,2
1223667,135,2024,8,0.9,1.6,1.6,0.7,0.9391901943486558,0.44551452506844097,1.1944167438386577,0.7946589417914682,13.895833333333334,15.75,0,1
1208579,140,2024,10,0.9,1.2,1.1,1.2,1.2847774659863176,1.286404648317521,0.9384631091003364,1.0502334868068992,15.0,14.8125,1,0
1223671,135,2024,8,0.7,1.5,1.6,1.1,0.4550406007672195,0.9619907721055202,0.9977740863148931,0.8294900688192455,15.0,13.760416666666666,0,6
1223674,135,2024,8,0.8,1.5,2.1,1.0,1.1999816424249388,1.311754210438368,1.3631054678552412,1.5518933958183687,15.760416666666666,14.875,0,2
1208100,39,2024,8,1.4,1.8,1.9,1.2,1.3073718612010916,1.5567179909655786,1.3146236473664192,1.179794706350932,14.958333333333334,14.958333333333334,1,2
1208575,140,2024,10,1.8,0.8,1.0,1.5,0.7084452562144911,1.0098517844528523,0.5057073494758534,0.5979907889942393,13.802083333333334,15.802083333333334,3,1
1208094,39,2024,8,2.3,1.1,1.7,1.1,0.7510530309207332,0.3607519864185071,1.2605216521965992,0.879983179830347,15.166666666666666,14.104166666666666,2,1
1223665,135,2024,8,1.1,1.5,1.0,1.2,1.095118368693704,1.1700742557485504,2.068661202370362,1.4720597806217648,14.229166666666666,14.885416666666666,3,2
1208582,140,2024,10,1.9,1.3,0.9,1.0,0.7359746449234014,1.0702163311498385,1.0788371783267705,0.7574801093185741,14.895833333333334,15.09375,1,1
1223673,135,2024,8,1.5,0.9,2.1,0.9,0.8026961178720889,1.4602535552705813,1.1849662925781974,2.245426337076551,14.114583333333334,15.0,0,1
1208576,140,2024,10,2.7,1.0,1.1,1.4,1.0177792386587163,1.1352201061658214,1.025575287756429,0.6573296028800112,14.197916666666666,14.104166666666666,5,1
1223669,135,2024,8,0.9,1.7,0.7,1.8,2.00943864199179,1.2739781870099423,1.378372980588938,0.6898955043556808,17.0,15.114583333333334,0,3
1208583,140,2024,10,1.2,1.4,1.1,1.6,0.21136246201125575,0.9200942714437544,0.7006953526651292,0.9394106182414292,17.0,16.104166666666668,2,3
1208097,39,2024,8,1.5,1.2,1.3,1.3,0.7012292373766449,0.7869849581179233,0.517386202162483,1.0461617253757127,15.25,16.3125,1,0
1223684,135,2024,9,1.1,1.5,1.1,1.5,0.8412745180889383,0.6642093237857923,1.7379633032872714,1.3625482662365578,6.020833333333333,5.020833333333333,2,0
1223683,135,2024,9,1.0,1.2,1.3,1.4,1.9466297815407354,1.9829752210405107,1.2199151461064763,1.2721654521354169,5.114583333333333,6.239583333333333,1,0
1212920,140,2024,11,1.1,1.3,1.1,1.4,1.338125486075404,1.749762480585951,1.0882148461325878,1.0406901677979332,6.291666666666667,5.0,0,2
1208110,39,2024,9,0.9,2.1,1.5,1.2,1.9952883548280593,1.1510581192784035,0.7178502863461012,0.5115402227766502,6.208333333333333,4.0,1,3
1208591,140,2024,11,0.7,2.4,1.9,1.3,2.331998183249605,0.9881795721883871,0.7224624665686319,1.0920081366149164,7.708333333333333,5.8125,1,2
1223681,135,2024,9,1.6,0.7,0.7,1.5,0.9527380709951274,0.5165283121644544,0.2957763904986927,1.7540440018685879,6.104166666666667,6.0,1,0
1208111,39,2024,9,1.9,1.2,0.7,2.3,1.1533357801448978,1.0710332257947726,1.7101842809552936,1.4440066229065232,6.041666666666667,7.0,1,0
1208106,39,2024,9,1.7,1.6,1.4,1.8,1.0834459806283734,0.7526348583111434,1.1539583764473762,1.3106971034843513,7.0,6.041666666666667,2,2
1208105,39,2024,9,1.7,1.5,0.9,2.2,1.0307810078988016,1.5138331387289141,0.7502497180813456,1.2319634526051615,7.0,7.0,4,3
1208104,39,2024,9,1.5,1.3,1.5,1.2,1.2542636370156546,1.0132805064635755,1.1034224674097386,0.9119401668450743,7.0,6.895833333333333,1,1
1208592,140,2024,11,1.1,1.2,1.0,1.3,0.6100010209152187,1.1120499145726326,0.9461447170035242,2.4735371154218666,6.09375,7.802083333333333,1,0
1208109,39,2024,9,1.1,1.2,1.4,1.4,1.0416489075575601,0.6519449581331541,1.1731099364672732,1.343299085261034,7.104166666666667,7.104166666666667,1,1
1208589,140,2024,11,1.1,1.6,1.2,1.6,1.358861070141425,1.0936898185235957,0.902305868624696,0.6984859971493017,4.895833333333333,7.0,1,0
1223675,135,2024,9,2.1,1.0,0.9,1.7,1.1726852207725735,1.0087307072819398,1.3061351172946634,1.9663211156741096,6.239583333333333,5.0,6,1
1208587,140,2024,11,2.1,1.0,2.7,1.0,0.9936948149083799,0.7748024430307419,1.2749824310540916,1.159483978098693,7.0,6.0,0,4
1223682,135,2024,9,1.2,1.5,0.9,1.6,0.8698921451645361,1.045281044333206,0.6104736263266263,0.4659516287944866,7.895833333333333,7.0,1,1
1208588,140,2024,11,1.0,1.5,1.6,1.5,0.9083972771593046,0.9039717906240334,0.7036087110763726,0.7357378821268821,6.90625,7.708333333333333,3,0
1223680,135,2024,9,0.7,1.8,0.8,1.5,2.0341777315004568,0.44843207783119254,0.7799880675762102,1.139306903451606,5.760416666666667,7.0,2,2
1223679,135,2024,9,1.6,1.3,1.0,1.3,0.7927845984594096,1.111312491263754,1.2525072037545346,1.6970333053636288,7.760416666666667,8.0,3,0
1208112,39,2024,9,1.2,1.6,1.2,1.4,1.068539235099721,1.3741047765241765,0.7385477960619979,0.6009015413127806,8.0625,7.958333333333333,2,1
1208107,39,2024,9,1.7,1.1,1.8,1.2,1.092601106013351,0.9759416360596862,0.31337069875600626,0.7421667831081611,6.895833333333333,7.958333333333333,2,1
1208108,39,2024,9,1.3,1.3,1.7,1.7,0.33630103140561396,0.9420564035454952,1.5682461310992455,0.751128100093375,5.75,8.0625,1,0
1208584,140,2024,11,0.9,1.0,1.2,1.4,1.0976116872799222,0.7364410184254943,0.6204585169739829,1.5014703673475314,6.90625,5.802083333333333,1,1
1208103,39,2024,9,1.8,0.9,2.3,1.1,0.7286406734936778,2.049578155853781,0.8921370392684371,0.5077508232575911,7.958333333333333,7.0,2,2
1223678,135,2024,9,2.1,0.9,1.5,0.9,1.0091169790647172,1.459527119099758,0.774846340566665,0.33916171192717337,6.885416666666667,7.885416666666667,4,4
1208586,140,2024,11,1.5,1.3,1.8,0.8,0.7563425475013265,0.7989996935493495,0.975767194317197,1.2360911598943538,8.09375,7.09375,1,0
1223677,135,2024,9,1.6,1.1,1.5,0.9,1.7773031561046801,0.5391685447325095,0.5217524766168579,1.1880536998147668,7.28125,7.041666666666667,5,1
1208590,140,2024,11,0.9,1.2,1.3,1.4,1.2574677631730584,0.3216237267874906,1.3124753204734805,1.046516678874834,8.145833333333334,8.239583333333334,0,2
1208585,140,2024,11,0.9,1.2,1.4,0.8,1.2645035010392545,0.8361630214063888,1.6267437393444717,1.6601327808485289,8.333333333333334,9.333333333333334,0,0
1223691,135,2024,10,0.7,1.5,0.9,1.7,0.19225465382415027,1.3282536012145822,1.3506544929081978,2.036932254599936,3.1875,2.9479166666666665,1,0
1223686,135,2024,10,1.1,1.5,1.5,1.2,1.1296761471367265,1.4329291003264897,0.8277584263264419,1.2576215291487796,4.041666666666667,10.1875,0,2
1223692,135,2024,10,1.6,1.1,1.6,0.7,1.020428487544951,0.6202874276733052,0.8074047461468328,0.33574340290689536,10.15625,3.28125,0,2
1223688,135,2024,10,0.9,1.6,2.1,0.9,0.7312523015567515,0.5380248087164162,1.6114815919476215,2.2864704051926203,3.2916666666666665,3.0625,0,3
1223694,135,2024,10,0.8,1.5,1.1,1.5,1.13407557725787,1.6005494872435437,1.094101164030537,0.431736060460765,3.1875,5.041666666666667,3,2
1223685,135,2024,10,2.1,1.0,0.7,1.8,1.5210689229139376,1.1573416263999277,2.182215525475297,0.9185641839236084,4.041666666666667,3.28125,2,0
1223690,135,2024,10,1.5,0.9,1.2,1.5,1.84142789914611,1.176010668308218,0.8005861443569484,1.0138771232610282,3.15625,3.3854166666666665,2,2
1223689,135,2024,10,1.0,1.3,1.6,1.1,0.8141296824404475,1.7542735715632818,2.7229553848013754,0.6240959177124947,4.1875,3.90625,0,1
1223693,135,2024,10,1.5,0.9,1.0,1.2,0.6127754734373212,2.3399432382129315,1.587809358001478,1.288933893676332,4.0,6.041666666666667,1,0
1223687,135,2024,10,1.3,1.4,1.6,1.3,0.7929448449692097,1.149407543888021,1.1665119120755394,0.7223531193214401,6.041666666666667,4.28125,1,5
1208598,140,2024,12,1.0,1.3,0.9,1.2,0.6149940660522908,1.9320998243249126,0.8219272756755154,0.5435059639141527,6.239583333333333,4.0,1,0
1208118,39,2024,10,1.8,1.2,1.8,0.9,0.46177176227221217,0.9833888011771674,0.9897780539325067,1.8259456080682428,5.979166666666667,5.875,1,0
1208597,140,2024,12,1.3,1.4,0.7,2.4,1.4476602403590442,0.6802358412686421,2.0254142037276277,0.8457158447294693,5.708333333333333,7.041666666666667,1,0
1223695,135,2024,11,1.5,1.2,0.7,1.5,0.9393763104455206,0.8174539939467067,0.5043772896915799,0.8633648407894785,3.8541666666666665,3.8541666666666665,1,0
1208119,39,2024,10,1.5,1.2,1.2,1.6,0.9532693527916323,0.8056492929529707,1.302883836148152,1.159313938074048,7.833333333333333,6.083333333333333,3,0
1208113,39,2024,10,1.5,1.2,1.9,1.2,0.979275885867612,0.8766499973381872,0.8666018955381195,0.6961715967666022,7.041666666666667,7.041666666666667,2,1
1208116,39,2024,10,2.3,1.1,1.7,1.6,1.0736088822877692,0.8461996512790504,1.0382268155130179,0.9454626579022432,5.979166666666667,7.041666666666667,2,1
1208120,39,2024,10,0.7,2.3,1.1,1.2,1.1116197826209409,1.055537943333176,1.008889971730596,0.7279308894532168,7.041666666666667,6.9375,1,0
1208115,39,2024,10,0.9,2.2,0.9,2.1,1.62321787230843,1.3473003083644781,1.7700855787863867,1.2348544441976288,7.041666666666667,7.833333333333333,1,1
1208596,140,2024,12,1.2,1.6,1.0,1.5,0.5864988146060524,0.7175102163288642,1.517958230153548,0.5875816639056217,6.947916666666667,6.135416666666667,4,3
1223704,135,2024,11,1.1,1.5,1.5,0.9,1.2584384838925762,1.409378439299497,1.598261467778305,1.600518045511453,2.9791666666666665,2.8854166666666665,0,2
1208122,39,2024,10,1.4,1.8,1.3,1.3,1.2063229446907946,1.1859400453694036,0.44981738987066266,0.612336662304572,7.145833333333333,6.1875,2,2
1223700,135,2024,11,0.7,1.8,1.6,1.1,1.418440091558943,0.8359556084392343,0.6632785169042181,0.9162550098058302,3.0,4.0,0,1
1223701,135,2024,11,1.6,0.7,2.1,1.0,1.037881266813623,0.218233211889482,1.2275836887829483,0.752272057159953,4.65625,3.65625,0,3
1208594,140,2024,12,1.8,0.8,1.1,1.6,0.6342486763061781,1.1899175872646632,1.1467540137737444,0.7108983820403373,6.854166666666667,7.854166666666667,2,0
1223703,135,2024,11,1.0,1.2,1.6,1.1,1.0320760827009607,1.0886403642229492,1.9869883078132018,0.4056623465131216,2.7604166666666665,2.8541666666666665,0,1
1208121,39,2024,10,1.7,1.7,1.5,1.3,1.0193599852145097,0.7194549845177074,1.0991602529490645,0.920683611252606,7.041666666666667,8.0,4,1
1212921,140,2024,12,2.7,1.0,1.1,1.3,1.5157756172221966,0.7536645857641504,0.8697815659490126,1.7859470109822668,7.84375,8.84375,3,1
1208117,39,2024,10,1.2,1.4,1.7,1.1,0.746201900773632,0.9989193351866408,1.211171111065541,0.8924428715196042,7.145833333333333,7.145833333333333,1,1
1223697,135,2024,11,0.9,1.7,1.5,0.9,0.8779254203903286,1.7034177301958409,0.6491373910675922,1.5209631048384056,4.979166666666667,2.8854166666666665,3,2
1208601,140,2024,12,1.1,1.4,0.9,1.2,1.3559410485875805,0.6764486090686567,0.817354046062488,0.8036067044631509,8.9375,6.895833333333333,0,2
1223698,135,2024,11,2.1,0.9,0.8,1.5,1.4505880347659539,1.4862057633752033,1.8658991252176151,1.5876298939810305,4.09375,4.09375,1,0
1208593,140,2024,12,1.4,0.8,1.5,1.3,1.0573834305739067,1.0790863075515438,0.8780809892091954,0.5193498008070772,6.0,7.145833333333333,1,1
1223696,135,2024,11,0.9,1.6,1.3,1.4,0.47531399601188845,0.7528411256656705,0.7825739125435958,1.7549274035272138,5.0,3.90625,1,0
1223702,135,2024,11,1.2,1.5,1.0,1.3,1.3564921049431276,1.0603534634530016,0.5291842935862909,1.3573451292084409,4.90625,4.0,0,1
1223699,135,2024,11,1.6,1.3,1.1,1.5,1.7660452428491005,0.7366892908725455,0.7342894956388722,1.3327372485455515,4.0,6.09375,2,1
1208114,39,2024,10,1.4,1.4,1.7,1.5,1.0666881253703944,1.204962587237854,1.216531719305344,2.1195470957293496,9.145833333333334,9.25,2,1
1208595,140,2024,12,1.6,1.5,0.9,1.0,0.4573456621996422,1.4057296233824732,1.081503152287505,0.8651449953099046,8.333333333333334,8.239583333333334,1,0
1223708,135,2024,12,1.0,1.3,1.3,1.4,0.6449697908310892,0.8822743339854866,0.5086730431533373,1.4990361456260224,3.09375,3.09375,1,1
1223711,135,2024,12,0.7,1.5,0.9,1.6,0.32784523829952694,0.7618538131798277,0.6672874307410608,0.48934673168268583,6.239583333333333,4.09375,1,1
1208609,140,2024,13,1.1,1.2,1.1,1.6,0.7208013628955914,0.7228324444722112,0.7453901089529339,0.7841325594373303,13.239583333333334,5.291666666666667,1,3
1208608,140,2024,13,2.1,1.0,1.3,1.4,0.645901629690447,1.1906586250070192,1.0896169767461992,0.4421532968246174,13.75,7.0,4,0
1223714,135,2024,12,0.8,1.5,1.2,1.5,1.2128344313914499,1.1752927644210032,0.8817198682130329,0.9902297512444511,5.760416666666667,4.854166666666667,1,2
1208132,39,2024,11,1.4,1.8,0.7,2.3,1.3456483755874782,1.2076131662422491,1.330886192036945,0.6860996631665645,6.895833333333333,7.0,2,0
1208131,39,2024,11,1.2,1.6,1.1,1.2,0.8468744934962988,1.392304059748131,0.6557784816248874,1.0814884114779242,7.0,7.0,0,0
1208123,39,2024,11,1.7,1.5,1.5,1.2,1.0054514999014148,1.8643722788907442,1.2043071035917257,0.7939453052873655,4.791666666666667,7.0,3,2
1208126,39,2024,11,1.3,1.3,1.4,1.4,0.7291334401680674,0.9595572920364333,1.180013948157423,0.9979315640575463,6.895833333333333,4.791666666666667,0,2
1208610,140,2024,13,1.9,1.3,1.0,1.3,0.6729997260766283,1.2194206734150803,0.7862044762673224,1.2558648858111932,14.135416666666666,7.802083333333333,3,0
1223706,135,2024,12,1.1,1.5,1.6,1.1,0.7930224378995326,1.2425292115546085,0.5879018693210751,0.5955657563737896,4.885416666666667,6.885416666666667,3,3
1208124,39,2024,11,1.7,1.6,1.9,1.2,0.9481094621690231,0.8922681189408059,0.7874140391173217,1.0202893156760693,7.104166666666667,7.104166666666667,2,1
1223710,135,2024,12,1.5,0.9,1.0,1.2,1.4402032873892316,1.0403367295824444,0.6708494537556245,0.942772486744917,7.114583333333333,6.239583333333333,2,0
1208604,140,2024,13,1.0,1.5,1.1,1.4,1.856204099599806,1.4124836370942098,0.8813616815819273,1.175802707005738,7.197916666666667,6.104166666666667,1,0
1208127,39,2024,11,2.3,1.1,1.5,1.3,0.9755631647913978,0.8232918054169442,0.914846321279637,1.5233312251422482,7.208333333333333,6.25,2,0
1223705,135,2024,12,2.1,1.0,1.1,1.5,1.7193579691374878,0.4889768371539695,0.8179850145301746,1.3174293188780064,7.0,7.770833333333333,2,1
1208602,140,2024,13,1.5,1.3,1.6,1.5,0.9572109763193103,0.5923850628322925,0.5871184304297674,0.9137242551986076,6.708333333333333,5.708333333333333,2,2
1223707,135,2024,12,1.6,1.1,0.9,1.7,1.526698650078581,0.26368052523352903,2.2428737454759355,1.4613391716861202,7.0,6.875,3,1
1223713,135,2024,12,1.5,0.9,1.5,1.2,0.7760569512527585,2.660848240367186,0.8112612684562551,0.5313450960653594,6.875,8.0,2,3
1208128,39,2024,11,1.2,1.4,0.9,2.1,0.872152447624073,0.8640034502242577,1.4086364342919595,1.073025759098829,6.895833333333333,7.958333333333333,3,0
1208130,39,2024,11,1.7,1.7,0.9,2.2,1.5874708682174856,0.668037896799255,1.32546198737085,1.133826008517719,7.0,7.958333333333333,1,2
1208129,39,2024,11,1.5,1.2,1.8,1.2,1.2583750793145607,0.5236720404194309,0.61558374424237,0.6392027207651588,7.958333333333333,8.0625,1,3
1208606,140,2024,13,0.9,1.2,1.8,0.8,0.5342527291890851,0.7397372098775327,0.7343102507101269,0.7734464317220311,8.802083333333334,7.09375,0,1
1208125,39,2024,11,1.7,1.1,1.8,0.9,1.0019671045455427,0.9672090786089549,0.6433557350561294,1.50229674400979,7.0,8.166666666666666,1,1
1223712,135,2024,12,0.7,1.8,1.6,1.3,0.921986059513313,0.7001419788188357,1.5241794078519153,0.7945823048014202,7.885416666666667,5.885416666666667,0,1
1208605,140,2024,13,0.7,2.4,1.4,0.8,1.316519232422958,0.6983531195869755,0.9421069221807317,1.0878644332418368,8.1875,6.895833333333333,1,1
1208603,140,2024,13,0.9,1.0,1.2,1.6,0.7029770489868782,0.852187996951438,1.4117797850494898,1.3359128906137614,5.895833333333333,8.09375,0,1
1223709,135,2024,12,2.1,0.9,1.6,0.7,1.0862155559312034,0.9660337461938822,0.674622823428855,1.0632801591567347,7.0,7.34375,1,1
1208607,140,2024,13,0.9,1.2,2.7,1.0,1.2673912410517283,0.522344357901048,1.3816216725619492,0.9114728898376068,7.104166666666667,7.197916666666667,1,0
1208612,140,2024,14,0.9,1.0,0.7,2.4,0.45693508184147086,0.940380531351768,1.6838625010749229,0.5919503610648674,12.104166666666666,12.104166666666666,2,0
1208139,39,2024,12,0.9,2.1,1.7,1.1,0.9156136822897737,1.3058000767475721,0.9852655460591779,0.8867667091766287,12.9375,12.833333333333334,1,2
1208617,140,2024,14,1.2,1.4,1.5,1.3,0.7897563693664222,1.344011294331451,1.0344093568297739,0.8309637523794516,26.947916666666668,13.0,4,2
1223718,135,2024,13,0.9,1.7,2.1,0.9,1.9139285406199642,1.4478484027724485,1.0131829684981393,0.94146360169269,13.0,12.760416666666666,0,5
1208137,39,2024,12,1.4,1.4,1.4,1.8,1.3285475278407866,0.6486555166374052,1.1920627484796869,0.784948558057462,14.0,14.0,1,4
1208133,39,2024,12,1.5,1.2,1.7,1.6,1.237021839556844,1.2675350366720814,1.1172515425667278,0.7480663825746817,14.0,13.895833333333334,1,2
1208136,39,2024,12,1.1,1.2,1.7,1.5,0.42625601305617683,0.7029674674606508,1.4050140631712136,1.666064203501206,14.0,14.0,0,0
1208135,39,2024,12,1.5,1.3,1.3,1.3,0.5946501088317641,1.331971316409351,0.4739367361092438,1.1852507013621432,13.791666666666666,14.0,2,2
1208134,39,2024,12,1.8,0.9,1.5,1.2,0.6762620358672922,1.3104798117109386,1.1018326904433533,1.0501090484948523,12.9375,13.041666666666666,3,0
1208619,140,2024,14,1.8,0.8,1.0,1.3,0.6920007370356566,0.5027401806193202,0.5110329095737596,1.3795712850890165,13.0,14.0,2,1
1223720,135,2024,13,1.6,1.1,1.5,0.9,0.9465112150586987,1.506539229246269,1.4377988034696672,0.6762188742285888,14.0,13.885416666666666,0,0
1208614,140,2024,14,1.1,1.6,0.9,1.2,1.5384808435466797,0.7731804818160828,0.3472642739729053,0.6955282604944704,14.895833333333334,13.09375,2,3
1212923,140,2024,14,1.2,1.6,1.1,1.3,1.3041151936155018,0.868343378898945,0.9869489269577673,1.5572330785059947,13.0,20.09375,4,1
1208140,39,2024,12,1.9,1.2,1.7,1.7,0.679911230689417,1.1641684473463076,1.1684870803841465,1.102198489128666,14.0,13.145833333333334,0,4
1223722,135,2024,13,1.2,1.5,2.1,1.0,1.0747845810051382,1.0198993383088932,1.4042493466060337,0.7282894896046256,14.239583333333334,13.34375,1,3
1208616,140,2024,14,1.6,1.5,2.7,1.0,0.8275404413178102,1.006142988101317,0.898054087165267,1.1077351561722222,13.291666666666666,13.0,2,2
1223717,135,2024,13,1.0,1.3,1.1,1.5,0.741730364040208,0.8406380804041758,1.634886072238002,1.3720189875104953,16.65625,14.770833333333334,2,2
1208613,140,2024,14,1.3,1.4,1.9,1.3,0.7082510348850295,0.9183520238883822,1.0007089312615494,0.7926234377198023,15.0,14.90625,2,2
1223715,135,2024,13,1.3,1.4,1.6,1.1,0.5977972413632786,1.2968734946569147,1.4903320637275481,0.6274529474623999,16.760416666666668,14.0,0,2
1223723,135,2024,13,1.0,1.2,0.7,1.8,0.43605214494115596,1.1144687830508628,0.5992909386836535,0.6118631195655765,14.760416666666666,13.875,1,1
1208142,39,2024,12,0.7,2.3,2.3,1.1,0.8650760248240142,0.763356085406093,0.9759220771812982,0.5351396735210138,14.958333333333334,14.75,2,3
1208618,140,2024,14,1.1,1.4,1.1,1.2,0.5728850930282527,1.0955217595537297,0.7320152040639526,1.52381836163421,14.802083333333334,15.802083333333334,1,0
1208138,39,2024,12,0.9,2.2,1.2,1.4,1.5295241480002026,0.8736179215792981,1.1752324242889807,0.5616022426457675,14.104166666666666,14.104166666666666,1,1
1223721,135,2024,13,1.6,0.7,1.5,0.9,0.7520465018954223,0.9982749605947348,1.00610368498096,2.7328846895720043,13.885416666666666,14.125,1,0
1208615,140,2024,14,1.0,1.5,2.1,1.0,1.537782664739874,0.9181143641112364,1.0507884402511714,0.7739281062545625,14.895833333333334,15.1875,0,3
1223719,135,2024,13,1.6,1.3,1.5,1.2,1.1474874484370783,0.5164784981209232,1.530653157829899,0.8470409791091503,14.114583333333334,14.239583333333334,3,0
1208611,140,2024,14,1.4,0.8,0.9,1.2,0.750390332750809,1.535236881607194,1.339082084461401,0.33952383263568126,14.104166666666666,14.0,1,0
1223716,135,2024,13,0.9,1.6,1.1,1.5,0.7681812744261338,0.7212003755937458,0.9421448048991589,1.142995723937371,16.90625,15.25,1,1
1223724,135,2024,13,0.8,1.5,0.7,1.5,1.1645923804044425,1.2656069635403187,0.6162244048946925,0.8296494230113324,16.239583333333332,17.0,0,1
1208141,39,2024,12,1.8,1.2,1.2,1.6,1.1098516559797627,0.6993706573862422,0.5504684207725943,0.9049976388362853,15.25,16.208333333333332,0,2
1223726,135,2024,14,1.1,1.5,0.9,1.7,1.6941444784232327,1.493812341881822,1.2440535514029767,1.5734544029785622,5.34375,6.239583333333333,1,0
1208621,140,2024,15,0.9,1.2,1.2,1.4,1.1918676114157214,1.1547448844729207,1.7024442041907384,1.31527400798211,6.104166666666667,6.291666666666667,2,1
1208144,39,2024,13,1.7,1.6,0.7,2.3,1.2271938948252359,0.6991598153402097,1.8895721434083366,0.785973516005454,6.208333333333333,5.25,1,1
1208620,140,2024,15,2.7,1.0,1.1,1.6,0.8127475023364359,1.2997153515119444,1.702664063456857,1.4687131465137868,6.708333333333333,6.8125,1,2
1223727,135,2024,14,1.3,1.4,0.7,1.8,0.3885682068861311,1.2460927715269945,0.9270391101443747,0.648544361050958,6.0,6.0,1,1
1208152,39,2024,13,1.4,1.8,1.5,1.2,1.8176979293689395,0.712994340515128,1.0169808623786152,1.3248781659937157,7.0,7.0,2,4
1208146,39,2024,13,1.3,1.3,1.8,1.2,0.9127926062816591,1.294515519987957,0.7214035763868457,1.1643131495232795,7.0,4.791666666666667,1,1
1208143,39,2024,13,1.7,1.5,0.9,2.1,0.9132591410612888,1.082941732275784,1.111310509649969,1.1350445596898435,7.0,7.104166666666667,4,1
1208149,39,2024,13,1.5,1.2,0.9,2.2,0.7161912487881796,1.3922931037438762,1.3997462517556873,0.7614122550871498,7.0,5.9375,1,0
1208622,140,2024,15,1.0,1.3,1.0,1.5,0.9118588912229437,1.293088856675382,0.9995587320809182,1.0384410033389702,7.0,5.90625,1,1
1223730,135,2024,14,1.6,1.1,0.9,1.6,0.6152322897881541,0.9792504990100749,0.8337622728214313,0.7253143350450257,7.0,4.979166666666667,3,0
1208151,39,2024,13,1.2,1.6,1.8,0.9,1.0675266957244085,0.5882484652435854,1.1492925455359622,0.8518118776121102,4.895833333333333,7.104166666666667,2,5
1212924,140,2024,15,1.1,1.3,1.6,1.5,0.905011120704367,2.2013040651314606,1.1175887868565766,0.8830052879448684,7.0,6.895833333333333,3,1
1223725,135,2024,14,1.5,1.2,0.8,1.5,0.9949245525894344,1.2560453864209478,0.7569850472628876,1.2526445263012072,6.0,5.0,3,0
1208624,140,2024,15,0.7,2.4,1.8,0.8,1.0945106256986998,0.814165882840312,0.846168000440698,0.906468617402558,8.0,7.197916666666667,0,5
1223734,135,2024,14,1.1,1.5,1.0,1.3,0.8689282140935441,1.0773916650037354,1.0841247366261353,1.1778832837312456,5.75,7.0,0,2
1208627,140,2024,15,1.9,1.3,1.2,1.6,0.9991450158463229,1.0640218025652086,2.03677743995264,0.8279175144661324,7.0,7.8125,2,2
1208145,39,2024,13,1.7,1.1,1.5,1.3,0.9266971147423873,1.0925599771264247,0.9106251348432106,1.4705150834767289,8.041666666666666,7.9375,3,0
1208150,39,2024,13,1.7,1.7,1.4,1.4,1.7614773865634208,0.7164290179336329,1.066333670874289,1.4644832286714564,7.833333333333333,7.9375,1,1
1208148,39,2024,13,1.2,1.4,1.1,1.2,0.9574616818484436,0.7705970132753044,0.2770664084865149,0.456928853849423,6.875,7.9375,4,0
1223733,135,2024,14,1.0,1.2,1.6,0.7,0.5342672275450846,1.2619047089830608,0.8023718928986912,0.6488787243865776,7.0,6.875,0,1
1223731,135,2024,14,1.2,1.5,1.6,1.3,1.0748599776533398,1.0929345699007804,1.4513355914841009,0.33571102377860007,7.760416666666667,6.760416666666667,3,1
1208626,140,2024,15,2.1,1.0,0.9,1.0,1.1246791528299278,0.5030532690654657,0.7264059513451042,0.6112473453786492,6.90625,8.802083333333334,2,0
1208147,39,2024,13,2.3,1.1,1.9,1.2,0.9241414106593373,1.675113515061386,0.441942299948121,1.7586702750888255,7.083333333333333,7.9375,2,0
1208623,140,2024,15,1.1,1.2,1.4,0.8,0.4758098826415692,1.341807692637994,0.7637953829546926,0.9979039730446762,7.09375,6.895833333333333,1,2
1223729,135,2024,14,0.7,1.5,1.5,0.9,0.8305458631815501,0.5392721249573661,0.9345692222552837,0.4395422682485828,6.0,8.114583333333334,1,1
1208625,140,2024,15,0.9,1.2,1.5,1.3,0.8704033548999107,0.49673215787985947,1.1140327486060198,1.7292290031492075,7.0,8.291666666666666,2,0
1223732,135,2024,14,1.5,0.9,2.1,1.0,0.6539673952376239,2.0899167148884694,1.3427620752939218,0.8496381682430066,8.114583333333334,9.0,0,2
1208628,140,2024,15,1.1,1.4,1.3,1.4,0.7237010680441218,0.7120891437099243,1.0091797407226064,0.9456130260537643,8.197916666666666,8.291666666666666,1,1
1208661,140,2024,19,0.9,1.2,2.7,1.0,1.51082505853133,1.0726327860185096,0.6356354135557203,1.687996796664582,3.9166666666666665,3.2083333333333335,1,5
1208158,39,2024,14,0.9,2.2,1.3,1.3,0.9098350636411968,0.6497664506551323,0.920879296647181,1.0598111563682404,3.1875,3.1875,0,1
1208159,39,2024,14,0.9,2.1,1.2,1.6,1.1008703497909984,1.3103279834062416,1.6401886485171615,1.2695142801861081,3.21875,3.1145833333333335,3,1
1208162,39,2024,14,0.7,2.3,1.7,1.1,1.6844718932154188,0.6415733224879441,1.2960182829535922,0.710163985132176,4.979166666666667,3.25,1,5
1208161,39,2024,14,1.8,1.2,2.3,1.1,0.687288393027518,1.0843676497542343,0.970981772001033,1.088823784789901,4.1875,3.1458333333333335,3,3
1208156,39,2024,14,1.1,1.2,1.4,1.8,0.18009316551623472,1.7164481994465692,1.789836987423144,1.2204833583718702,3.25,4.1875,4,0
1208160,39,2024,14,1.9,1.2,1.5,1.2,0.28726249496627865,1.5134255338802003,0.6203727965608016,0.9049905174335195,3.1458333333333335,4.1875,3,0
1208656,140,2024,19,1.4,0.8,2.1,1.0,1.0485503322538836,1.1756262188426758,1.1727081160061197,0.3269846248925527,3.1041666666666665,3.1979166666666665,2,1
1208155,39,2024,14,1.5,1.3,1.7,1.5,0.5919063376480869,1.6494999626309144,1.1661674612976811,1.082430644497778,3.28125,4.21875,3,1
1208154,39,2024,14,1.8,0.9,1.2,1.4,1.634192932376153,1.4999740167441677,2.0417945376459326,0.5008880586289479,4.114583333333333,3.28125,2,0
1208157,39,2024,14,1.4,1.4,1.7,1.6,0.907822768421229,1.1666199809893878,0.9283665687208023,0.9107038799711362,4.25,5.979166666666667,3,1
1208153,39,2024,14,1.5,1.2,1.7,1.7,1.4180745975831368,1.4695041412292484,1.3596661836191646,0.6803847440098025,5.21875,4.28125,1,0
1223739,135,2024,15,2.1,0.9,1.2,1.5,1.2909218707002612,0.6119513411002485,1.5669282162439018,0.8985324704355073,13.145833333333334,5.145833333333333,3,1
1223735,135,2024,15,2.1,1.0,1.6,1.1,1.3505731267188268,0.5522648093579543,0.9290025508623001,0.6365128243565487,4.0,6.114583333333333,2,1
1208631,140,2024,16,1.6,1.5,0.9,1.2,0.9493894422260055,1.4171352553459826,1.4973140658231423,1.4128748911589448,6.104166666666667,3.0833333333333335,2,0
1208633,140,2024,16,1.1,1.6,0.7,2.4,1.9499134594287753,1.0620130822709986,0.7114319067041549,1.065955509031388,7.0,6.708333333333333,2,1
1223737,135,2024,15,1.0,1.3,1.0,1.2,1.3066810788069878,0.7656241344253096,0.347273697904305,1.0553943108389896,6.104166666666667,6.0,0,0
1208163,39,2024,15,1.5,1.3,0.7,2.3,1.06607245280459,1.303396695167108,1.7585430942263858,1.0704753450391586,2.78125,2.8125,1,0
1208164,39,2024,15,1.7,1.5,1.8,1.2,0.9892305693005062,1.3849132522568892,1.2209798797103109,1.260273754948948,2.78125,2.8125,4,2
1208165,39,2024,15,1.3,1.3,1.9,1.2,0.7772428714919963,0.6888772516393563,0.8590890427807127,0.9837265970221303,3.8125,2.8125,2,2
1208635,140,2024,16,1.5,1.3,2.7,1.0,0.7241212865939128,1.9167338947820274,1.1288265990581317,1.612475695609756,5.802083333333333,3.8854166666666665,2,2
1223740,135,2024,15,1.5,0.9,1.5,1.2,0.8081366611326011,1.0023691410282454,1.2487009591831324,0.8164295011736161,5.885416666666667,6.885416666666667,2,2
1208170,39,2024,15,1.2,1.4,1.5,1.2,1.3271664494698563,0.7311327936643717,0.403242317764521,1.2606122573844192,2.8854166666666665,2.9166666666666665,2,3
1208636,140,2024,16,1.2,1.4,1.1,1.2,1.4286373438350912,1.5910392162994826,0.8362650600806563,1.4242583335480297,7.895833333333333,6.0,0,1
1223743,135,2024,15,1.5,0.9,0.7,1.5,0.42507880690445554,1.836223642455283,1.2565214777346743,0.5511935478889547,5.0,6.0,4,1
1208632,140,2024,16,1.2,1.6,2.1,1.0,1.918456618020498,0.8432450686135123,1.0383019420706443,0.8750400061801592,6.291666666666667,3.0,0,3
1223736,135,2024,15,1.6,1.1,1.1,1.5,1.3718408414229064,0.4078444158505599,1.342637761242481,0.9709780222231844,13.895833333333334,8.65625,1,0
1208634,140,2024,16,1.0,1.5,0.9,1.2,1.006443945083366,0.9841533188369973,1.3584972234199846,0.3228759026219087,7.90625,6.708333333333333,0,3
1223738,135,2024,15,0.9,1.7,0.9,1.6,0.8086348084119349,1.2641892122034453,0.5419454773339304,1.0005558802792667,8.760416666666666,7.875,1,4
1208168,39,2024,15,0.9,2.2,1.5,1.2,0.5913927913667779,0.6010195215971645,1.1221406452917841,0.9551776917990115,4.770833333333333,2.7395833333333335,1,2
1208169,39,2024,15,0.9,2.1,1.7,1.6,1.780149060697482,1.0544909669918348,0.8181441520214625,1.2763325219812387,4.739583333333333,2.7708333333333335,2,2
1208167,39,2024,15,1.4,1.4,1.8,0.9,1.274459799473799,0.9730088699960433,1.467780961600055,0.974983110883709,2.7708333333333335,3.7395833333333335,1,1
1208629,140,2024,16,1.4,0.8,1.9,1.3,1.3440577159650244,1.0401987089144058,0.9545429445106363,1.2861654537186675,3.8020833333333335,7.09375,2,0
1208171,39,2024,15,1.7,1.7,1.7,1.1,0.883783019352457,0.6426422404691168,1.4958645693418298,1.1252429539722781,2.84375,3.875,3,4
1223744,135,2024,15,0.8,1.5,1.3,1.4,0.49204028072087697,1.4162189420957847,0.4455180524247031,1.2706745872068321,7.885416666666667,8.125,2,2
1208637,140,2024,16,1.3,1.4,1.0,1.3,0.9107745237773865,0.9157848305713103,0.90187494596158,1.1972385260697676,5.895833333333333,8.09375,2,2
1223742,135,2024,15,1.6,0.7,1.6,1.3,0.7566979803841493,0.4217711708512754,1.1314931344646655,1.0864813962253208,7.239583333333333,7.239583333333333,0,1
1208630,140,2024,16,1.8,0.8,1.1,1.4,1.086756885471639,0.5892046013116627,0.7715420578650427,0.7176656357191431,8.0,6.0,4,3
1223741,135,2024,15,0.7,1.8,1.1,1.5,1.0632897073081293,0.6145025526318406,0.5648033391608037,1.302304582252428,9.239583333333334,8.34375,1,2
1208172,39,2024,15,1.2,1.6,1.4,1.8,1.2689003993139327,1.8897676154543033,1.1633940418250435,1.825637415264948,5.989583333333333,5.020833333333333,2,1
1212925,140,2024,16,0.9,1.0,1.1,1.3,0.47216386837431773,0.8389774411627886,1.4314390466396567,1.65380437310468,8.197916666666666,9.104166666666666,1,0
1223748,135,2024,16,0.9,1.6,1.0,1.2,1.5326567171297998,0.9639029888481899,0.22572790363779827,0.6860063020453433,5.239583333333333,6.239583333333333,0,1
1208645,140,2024,17,0.7,2.4,1.2,1.4,0.8764932393577007,1.0441968384461597,0.9286142734928093,1.3353118542310274,6.291666666666667,6.104166666666667,1,0
1212926,140,2024,17,1.1,1.3,1.3,1.4,0.9304353803157769,1.4713403638855633,1.1408200085026383,1.2577601398713516,4.708333333333333,5.8125,0,0
1223746,135,2024,16,1.1,1.5,2.1,1.0,0.8727145448076126,0.8192607144450699,1.268781623276328,0.6411596260826703,6.104166666666667,7.760416666666667,0,1
1208179,39,2024,16,1.8,1.2,0.9,2.1,1.1721554403302206,1.8211387250305417,1.8668191116755852,0.9716936383486143,7.0,6.041666666666667,4,0
1208182,39,2024,16,1.4,1.8,0.9,2.2,0.9843311271862784,1.6598124680703643,0.8575534625365537,0.7003596587351266,4.791666666666667,6.041666666666667,1,2
1208174,39,2024,16,1.8,0.9,1.1,1.2,1.1568354028178136,1.0392945776299665,1.1493837899087849,1.11569132964027,6.041666666666667,9.8125,0,0
1208177,39,2024,16,2.3,1.1,1.4,1.4,1.1865729344093672,1.4819778843558598,1.2339544252135248,0.8352335432752059,9.8125,6.041666666666667,2,2
1208644,140,2024,17,0.9,1.2,1.2,1.6,0.9732541427850425,1.4014415959199809,1.2469968017133237,0.9621717945987829,7.802083333333333,6.802083333333333,2,1
1223754,135,2024,16,1.1,1.5,1.6,0.7,0.8231827765151285,1.2764979784640782,0.491853687249697,0.677276261053329,4.885416666666667,5.885416666666667,1,3
1208643,140,2024,17,1.1,1.4,1.6,1.5,2.0824682467031868,1.202593774328554,1.1001760541135703,0.9211379159748887,5.895833333333333,7.895833333333333,1,0
1208180,39,2024,16,1.5,1.2,1.5,1.3,0.9921075065469387,1.5291201895220947,0.841063036351969,0.8472078518586202,7.0,7.104166666666667,2,1
1223749,135,2024,16,1.5,0.9,0.8,1.5,1.0269554964028575,1.3204288305572482,1.12607618246857,1.3836192354391832,7.114583333333333,6.114583333333333,2,2
1208640,140,2024,17,1.1,1.2,2.1,1.0,0.8447086526887901,0.9257679168062193,1.0889587623459187,0.5687760040171035,7.104166666666667,7.0,3,3
1223751,135,2024,16,0.7,1.5,0.7,1.8,1.533405627194205,1.1609424727944873,1.121138309750284,0.8554872652713024,7.65625,5.65625,2,1
1208638,140,2024,17,1.8,0.8,0.9,1.0,1.4425030866676765,1.9639488999434898,0.7032740358108278,0.5453353367558126,6.708333333333333,5.708333333333333,1,0
1208175,39,2024,16,1.7,1.6,1.3,1.3,0.8180682086178723,1.5393383615100271,1.1603360715980027,0.8615353957518164,7.0,7.958333333333333,1,3
1223753,135,2024,16,1.2,1.5,0.9,1.7,1.4365588961140916,1.0140461057830796,0.8391542921344243,2.0021151447949848,8.854166666666666,7.0,2,3
1223745,135,2024,16,1.5,1.2,1.6,1.1,1.4805445123579248,1.032345842429517,1.0798215469248893,0.26509887030286394,7.875,7.104166666666667,1,0
1208641,140,2024,17,1.0,1.3,1.4,0.8,1.248718714875027,1.327021609992686,1.3832528999926506,0.6761291607943638,6.90625,7.0,1,1
1208178,39,2024,16,1.9,1.2,1.2,1.4,0.9721730599936981,1.29455049319259,1.5723804143776288,1.2052363158818415,8.0625,7.958333333333333,1,2
1223747,135,2024,16,1.3,1.4,1.5,0.9,0.7526636571529801,1.632188481684441,1.0789678911545628,1.9102120342626008,7.0,7.885416666666667,2,0
1208646,140,2024,17,0.9,1.2,1.1,1.6,1.9135787507785458,0.20986933670424066,1.6187695062044616,1.1043710034761491,7.1875,8.1875,0,0
1208642,140,2024,17,1.9,1.3,1.5,1.3,0.6204529139319136,1.3456229295325186,1.0890121696193766,1.5101220458533322,7.09375,8.09375,1,2
1208181,39,2024,16,0.7,2.3,1.7,1.7,1.1430530112471509,0.8439249163044387,1.3942450588357813,1.124983892291085,8.166666666666666,7.104166666666667,0,5
1208176,39,2024,16,1.7,1.1,1.7,1.5,1.6795784060583485,1.5511940163386653,1.6449606543590547,1.2787121324854964,7.104166666666667,8.166666666666666,2,1
1223752,135,2024,16,1.6,1.1,1.0,1.3,0.8860391580604952,0.8046424267408474,0.8493427012245421,0.4976556873764513,9.0,8.239583333333334,0,0
1208639,140,2024,17,2.7,1.0,1.0,1.5,0.9979823036327998,1.6664425354796748,0.6541885643041879,1.670255212799604,8.197916666666666,7.291666666666667,0,1
1223750,135,2024,16,1.6,1.3,2.1,0.9,1.1385955374020327,0.7062129075464586,1.2690992159551697,0.8158239272707171,8.0,10.09375,0,6
1208173,39,2024,16,1.5,1.2,1.2,1.6,1.0390883891366294,1.0940136478175055,1.2979334077022044,1.456473950045297,8.25,7.0,1,1
1208599,140,2024,12,1.9,1.3,1.1,1.2,0.5910474304929908,1.3502959298371626,1.8138333515204406,1.153832479257376,3.125,4.020833333333333,1,1
1212922,140,2024,13,1.1,1.3,1.2,1.4,0.604782997205255,0.9563712365256162,0.6035992777703261,1.3411669909644535,4.3125,5.020833333333333,1,1
1223758,135,2024,17,0.9,1.7,1.6,1.1,1.548783623220709,1.7440219029402695,0.5759254527393218,0.5230175773815509,5.239583333333333,5.0,0,1
1208650,140,2024,18,1.2,1.6,0.7,2.4,1.1325965322247715,1.269508888711431,1.0429348912967913,0.6787279449900039,6.197916666666667,7.0,3,0
1208183,39,2024,17,1.5,1.3,1.9,1.2,0.8305798625176688,1.0747876678106671,0.8240177521537986,1.5511800427974056,6.791666666666667,5.833333333333333,2,1
1208649,140,2024,18,0.9,1.0,0.9,1.2,0.4571281232770381,0.612106857780167,1.2767124150324998,1.2329856484590986,6.0,6.90625,0,1
1223763,135,2024,17,1.0,1.2,1.5,1.2,0.42891063736456886,0.44590409632947314,1.2359902966690148,0.6710247975791861,7.760416666666667,6.0,0,2
1208188,39,2024,17,0.9,2.2,1.8,1.2,1.1882739481796243,0.6211428690869232,1.302641776955384,1.183740171269852,7.0,7.0,0,4
1208184,39,2024,17,1.7,1.5,1.5,1.2,1.342486457418947,1.231947199841063,1.1689724433580742,1.2778170120782506,5.833333333333333,6.895833333333333,0,2
1208192,39,2024,17,1.2,1.6,1.7,1.6,1.198517826117544,1.1596247341961097,0.7629660550586306,1.737589165750748,4.791666666666667,6.041666666666667,1,1
1208648,140,2024,18,1.6,1.5,0.9,1.2,0.7151144351738208,0.8798002514442836,1.2438261880060548,0.13641506885775642,6.90625,5.90625,2,0
1223757,135,2024,17,1.0,1.3,1.6,0.7,0.5520727557959524,0.32347619679469336,0.8840798967123029,1.0265932060483003,5.885416666666667,7.0,1,2
1208185,39,2024,17,1.3,1.3,1.8,0.9,1.4912376773079323,0.7912197266956942,0.7519430118315789,0.6755414754594782,6.145833333333333,7.104166666666667,1,5
1208653,140,2024,18,1.3,1.4,1.4,0.8,0.741533005526715,0.8175440909163786,1.1539220773029153,1.0191714545163364,7.1875,6.09375,1,2
1223760,135,2024,17,0.7,1.5,1.6,1.3,1.7133803243429,1.1846126073164167,0.7400870993113212,1.4513460822128903,6.34375,5.0,1,2
1208654,140,2024,18,2.7,1.0,1.8,0.8,0.64868849736132,1.5469376480617885,1.1952658952228785,1.2765667849632685,6.0,6.291666666666667,1,2
1223762,135,2024,17,1.5,0.9,1.2,1.5,0.7013291292504659,2.0134326940655622,1.376410341297689,1.662463302092335,6.770833333333333,6.895833333333333,5,0
1208655,140,2024,18,1.2,1.4,1.0,1.3,0.689615171576353,1.1728949077632584,1.3913546646687673,1.1173717388029383,3.6875,6.90625,2,2
1208186,39,2024,17,1.1,1.2,1.7,1.1,0.7470994634407102,0.7251993642661755,1.492510277663417,1.281538142705694,7.958333333333333,6.791666666666667,0,0
1223764,135,2024,17,0.8,1.5,1.1,1.5,1.986116185271237,1.3006858363688023,0.5672644541249482,0.6758527977226287,7.760416666666667,8.0,2,1
1208190,39,2024,17,1.2,1.4,1.5,1.2,1.731769491567681,0.9755088684810919,0.8883241196054756,1.0659699821924897,6.895833333333333,5.75,0,3
1208187,39,2024,17,1.4,1.4,0.7,2.3,1.4657067400251549,0.86029310747671,0.7429844573106481,1.20200388101988,7.958333333333333,6.791666666666667,0,0
1208189,39,2024,17,0.9,2.1,1.4,1.8,1.2134324225891304,1.17234160566734,0.8057243235801719,1.7097423017766011,7.958333333333333,7.958333333333333,0,3
1208651,140,2024,18,2.1,1.0,1.1,1.4,1.2599065288581803,1.634477129883844,1.6346649664176776,0.7816859533135601,7.802083333333333,7.90625,4,2
1208191,39,2024,17,1.7,1.7,2.3,1.1,1.5597119736652527,0.7312395299892054,1.0886637117139149,1.6269219884676724,6.895833333333333,8.0625,3,6
1223755,135,2024,17,2.1,1.0,0.9,1.6,0.9680413884629465,0.41675375695373573,0.99622686613437,0.9087244427513235,8.125,8.885416666666666,3,2
1212927,140,2024,18,1.1,1.6,1.1,1.3,1.0522001790329,0.717841152259497,0.6942453118197793,0.9189169447672915,7.0,3.875,1,0
1208652,140,2024,18,1.0,1.5,1.9,1.3,0.8889725667977222,1.0856658883197425,0.5875799526274617,1.2019930536948549,6.895833333333333,3.875,2,5
1223761,135,2024,17,0.7,1.8,1.5,0.9,1.1587399013376847,1.2727333890930133,1.0688544059951908,2.112445406528878,7.34375,8.0,1,2
1208647,140,2024,18,1.5,1.3,1.1,1.2,1.1834989358936203,1.169332366241913,1.5032923777889855,0.9533902343243119,7.104166666666667,3.9791666666666665,1,1
1223756,135,2024,17,1.6,1.1,1.1,1.5,0.701884005501178,0.44595062933322516,1.12143244109847,1.3940986860016507,8.145833333333334,9.020833333333334,1,2
1223759,135,2024,17,2.1,0.9,1.3,1.4,1.8172221826785524,0.5302855527259661,1.2610262489443087,1.0609225130948867,7.0,8.114583333333334,2,0
1208198,39,2024,18,1.9,1.2,1.1,1.2,0.7424941299930865,1.5760448055960916,0.48561465123646164,0.47137958677301406,5.0,3.9375,1,1
1208199,39,2024,18,1.8,1.2,1.5,1.3,1.3628787711826158,0.7694311113254039,1.1076546884142626,0.9054945751700512,5.0,5.104166666666667,3,0
1208193,39,2024,18,1.5,1.2,1.3,1.3,1.307410677743559,0.6928804884251184,1.4060566270022927,1.6061731642325427,4.041666666666667,4.895833333333333,0,0
1208196,39,2024,18,1.7,1.1,1.4,1.4,0.970131680481221,0.8329997927587012,0.9527093810163507,0.5591905198598615,4.041666666666667,4.041666666666667,1,2
1208200,39,2024,18,1.5,1.2,1.7,1.7,1.2140543104049706,0.8305810578508629,1.8335988791390987,1.2594489169993774,5.0,3.9375,1,0
1208201,39,2024,18,0.7,2.3,1.2,1.6,0.48293989725192127,0.7813025226629221,1.045182420309737,0.9416237242862948,4.041666666666667,5.0,0,1
1208202,39,2024,18,1.4,1.8,1.2,1.4,1.045149381755683,1.1113324961547908,1.1256501695189927,1.3640807645127098,4.145833333333333,4.145833333333333,2,0
1208197,39,2024,18,2.3,1.1,0.9,2.1,1.4917746351204386,1.8772853887606717,0.7887310746829348,1.2834506151123424,4.145833333333333,4.25,3,1
1208195,39,2024,18,1.7,1.6,1.7,1.5,0.6837955828469334,1.3955787910713195,0.8726161973223155,1.2549879021189132,6.1875,6.1875,0,0
1208194,39,2024,18,1.8,0.9,0.9,2.2,1.580643299570868,0.8758540958007974,0.7723780663167558,0.9199044810681163,6.114583333333333,6.21875,1,0
1223768,135,2024,18,0.9,1.6,1.0,1.3,1.6508807963206737,0.9937958877883603,1.003847291267369,0.6443941433011661,5.875,6.875,1,2
1223773,135,2024,18,1.2,1.5,0.7,1.8,0.8946667218434978,2.083934479693351,1.4698476025361618,1.161721147354903,6.104166666666667,5.760416666666667,2,1
1223766,135,2024,18,1.1,1.5,2.1,0.9,0.6423582588175799,1.1918043185197087,1.4883372758839162,0.34468560927187797,6.125,4.885416666666667,0,3
1223770,135,2024,18,1.6,1.3,2.1,1.0,0.8573066145523588,1.439528799592225,1.0323519025009151,1.2742232753532614,7.0,6.114583333333333,1,1
1223774,135,2024,18,1.1,1.5,1.0,1.2,1.4752120784495424,1.0942891459010728,0.27879191428696976,0.7915043292808243,5.75,7.895833333333333,2,2
1223772,135,2024,18,1.6,0.7,0.8,1.5,1.0087865482476124,1.3122855839313954,2.0434755204263038,1.1190821572760852,7.875,7.0,1,0
1208209,39,2024,19,0.9,2.1,1.9,1.2,1.0288368147055238,1.1516342041708487,0.7067439915130501,1.4115503357586716,2.7708333333333335,3.0833333333333335,0,2
1208211,39,2024,19,1.7,1.7,1.4,1.8,1.1918392714404142,1.0190339529123404,1.2007756695697656,0.722366122500614,3.0,2.8958333333333335,2,2
1208206,39,2024,19,1.1,1.2,1.5,1.2,0.7027707354249122,0.530519538420003,0.989527458625976,0.5398776876030609,3.1041666666666665,3.0,0,2
1208205,39,2024,19,1.3,1.3,0.7,2.3,0.9139368075514903,1.044012556751153,0.31391093321374886,0.6929915672671313,3.0,3.0,2,1
1208207,39,2024,19,1.4,1.4,1.5,1.2,1.2828974612969914,0.578179720261851,0.8498169405333134,0.450372317476327,3.0,3.0,2,2
1223769,135,2024,18,1.5,0.9,1.6,1.1,1.0291998083413183,2.0897561809104372,0.6443496035757657,1.0361489008021334,6.885416666666667,5.979166666666667,2,2
1208212,39,2024,19,1.2,1.6,2.3,1.1,0.8645135007375611,0.6120554207860917,1.287044817176111,1.7363971188560527,3.09375,2.8854166666666665,0,5
1223771,135,2024,18,1.6,1.1,1.5,0.9,0.5403441913393827,0.33996142529800805,1.459197267346136,1.3087312511426155,9.0,7.34375,1,1
1223767,135,2024,18,1.3,1.4,0.7,1.5,0.8196670618138007,0.9967424906545335,1.6098510569767313,1.1462481947556709,6.90625,8.90625,2,0
1208208,39,2024,19,0.9,2.2,1.7,1.1,0.5020457431058912,0.7269783167346797,0.8452914746657347,1.2050862289295194,2.9791666666666665,4.197916666666667,2,0
1223765,135,2024,18,1.5,1.2,0.9,1.7,1.3050603595015264,0.43616611842647096,1.006709355093461,1.2996068839699988,9.239583333333334,10.0,2,3
1208203,39,2024,19,1.5,1.3,1.7,1.6,0.7199755474692707,1.2436996789887385,0.44446712885050677,0.9071262141963577,4.197916666666667,3.0104166666666665,2,2
1208210,39,2024,19,1.2,1.4,1.8,1.2,0.7316726101873453,1.4080810683618328,1.5409994063969052,0.5001302223615125,4.104166666666667,4.208333333333333,0,2
1208204,39,2024,19,1.7,1.5,1.8,0.9,0.5672005282595052,0.8157421363772936,1.1564585487614683,0.5693051622705183,4.916666666666667,4.885416666666667,1,3
1208600,140,2024,12,1.2,1.4,2.1,1.0,1.0428011435759115,1.424881690046118,1.4498916247101983,1.9055919526063168,12.291666666666666,12.197916666666666,1,2
1208221,39,2024,20,1.7,1.7,1.8,1.2,1.1086824545408445,1.0917838340989037,1.407205169713544,0.32508464453498315,5.895833333333333,4.6875,1,2
1223784,135,2024,19,0.8,1.5,0.9,1.6,1.3282590882770975,0.9155284022294554,1.4589699535058738,1.2103423270624343,6.0,7.0,1,1
1208216,39,2024,20,1.3,1.3,1.7,1.1,0.9358649449753582,1.240146623426711,0.5494394585327276,1.81562928112742,6.0,4.802083333333333,1,1
1208219,39,2024,20,1.9,1.2,1.2,1.6,0.7155239453606755,0.9175077182431366,0.5619337754794147,1.092129501771829,6.020833333333333,5.90625,4,1
1208220,39,2024,20,0.7,2.3,1.7,1.5,0.7655805681273983,0.792250538790525,0.7026672714732536,1.0980101664230186,6.0,2.8958333333333335,0,5
1208213,39,2024,20,1.5,1.2,1.1,1.2,1.0390476780133204,0.9010753396929458,0.45680097802619296,0.9126154777507798,6.0,6.0,1,0
1208214,39,2024,20,1.5,1.3,0.9,2.1,0.8938174391883591,1.2708482302567072,0.6687439295585905,1.0047025835882446,4.802083333333333,6.020833333333333,2,1
1223777,135,2024,19,1.6,1.1,1.6,0.7,1.0459105756575808,1.2207695127941138,0.8438362563609481,0.852985629555407,6.0,6.125,0,3
1208215,39,2024,20,1.7,1.6,1.8,0.9,0.7513470726668565,1.0154653725609657,1.319475834472732,0.704035283580412,4.90625,3.0,1,1
1223778,135,2024,19,0.9,1.7,1.1,1.5,1.908527747477416,1.198862121639323,1.6429787600831114,1.3132879448356973,5.0,6.34375,0,0
1223781,135,2024,19,0.7,1.8,1.1,1.5,1.3854009416485051,1.1731743013362426,0.41753286823142693,1.2046728070378108,7.895833333333333,7.770833333333333,1,2
1223780,135,2024,19,0.7,1.5,1.0,1.3,1.0464031870348753,1.2081382496681092,1.21687573932379,0.8047536290431938,5.854166666666667,8.0,0,0
1208217,39,2024,20,1.4,1.4,0.9,2.2,1.4422166831763779,0.8624834848368699,1.3586529653420616,0.47253590587754185,6.958333333333333,5.760416666666667,2,2
1208218,39,2024,20,2.3,1.1,1.2,1.4,1.5308726094253418,1.1286581272564342,0.47558719662177446,1.3208082499907468,6.96875,5.854166666666667,2,2
1223783,135,2024,19,1.0,1.2,1.2,1.5,0.7832147442865303,1.1985687231234448,0.9995889247538291,1.7845574118006782,7.229166666666667,8.125,0,0
1223782,135,2024,19,1.5,0.9,1.6,1.3,1.222114587411352,1.1642169799093667,0.8394367994590333,1.1010783351195617,7.0,8.0,2,0
1208222,39,2024,20,1.4,1.8,1.5,1.2,1.2099159499262298,0.8035249077299743,1.2109706258846624,0.35092049694198957,8.208333333333334,8.208333333333334,0,3
1223788,135,2024,20,1.6,1.3,1.3,1.4,0.5456339196483716,1.178777840904638,0.9958605132558935,0.6478826189254467,5.0,11.09375,1,1
1208663,140,2024,19,1.1,1.2,1.6,1.5,1.3014407448635399,0.8773425411996916,0.9478972995296502,0.5718701634387844,19.0,20.197916666666668,2,1
1208660,140,2024,19,1.0,1.3,1.2,1.6,1.5668805320346988,1.320842912273192,1.219260662612768,0.8251807776624301,20.0,21.708333333333332,0,1
1223786,135,2024,20,0.9,1.6,0.7,1.5,1.2827749142232623,1.1394568875905822,0.680162071572669,0.785289862284271,7.0,6.0,1,3
1223793,135,2024,20,1.1,1.5,2.1,1.0,1.0679361940540224,0.8536371641432033,0.8364133520102102,1.11043262897962,6.760416666666667,13.760416666666666,0,0
1208662,140,2024,19,0.7,2.4,1.5,1.3,0.6779076793429144,0.9242460809101691,1.026913197219742,1.0843667373579426,21.802083333333332,19.802083333333332,1,0
1223792,135,2024,20,1.0,1.2,1.5,0.9,0.5090895837862447,0.7790696700302391,1.216252602694584,1.9854248509251176,6.0,13.0,1,1
1212928,140,2024,19,1.1,1.3,1.0,1.5,0.45125945268285655,0.9215967133994387,1.2912937068800578,1.5192793186359028,20.0,20.0,1,1
1223789,135,2024,20,1.6,1.1,1.1,1.5,0.6647653910372654,0.49461129008006877,0.7274569704110335,1.213037324574577,13.0,6.34375,1,1
1208659,140,2024,19,1.1,1.4,1.2,1.4,1.9057140463533084,1.139048250606195,1.0642790766576757,1.2416492890061672,20.197916666666668,8.0,1,1
1223787,135,2024,20,1.0,1.3,1.2,1.5,0.7909692305604634,0.523089858878076,0.649732801089989,1.1599623176704408,6.895833333333333,6.770833333333333,1,0
1208664,140,2024,19,1.1,1.6,0.9,1.0,1.0082308156720843,0.46659674896867304,0.2971332801300748,0.9131472353348864,20.8125,22.0,1,2
1223794,135,2024,20,0.8,1.5,2.1,0.9,1.2161027823801134,0.9295379058935904,1.3974192293245453,0.2240456460267207,8.0,14.875,0,1
1208657,140,2024,19,1.8,0.8,1.3,1.4,1.2922006096726488,1.0444674843001986,0.9279099151308262,1.0046179448099317,21.802083333333332,21.90625,1,0
1223785,135,2024,20,1.5,1.2,1.5,0.9,1.2024068807348158,1.5376746436438726,1.2574514048943017,0.7567410369410884,12.885416666666666,6.885416666666667,2,2
1223791,135,2024,20,1.6,0.7,0.9,1.7,1.318095839361889,0.5544406592110146,1.2405430358603204,0.7792603790655599,8.114583333333334,8.0,2,0
1223790,135,2024,20,0.7,1.8,1.6,1.1,1.3305106120715284,1.2186239019291636,0.6798418741774276,1.5631024560434468,8.34375,9.114583333333334,2,1
1208658,140,2024,19,0.9,1.2,1.9,1.3,0.8084870222039356,0.5717427114242084,1.1955234604359202,1.494757023363194,23.197916666666668,22.104166666666668,1,0
1223776,135,2024,19,1.3,1.4,1.6,1.1,0.9144690969299403,0.6226862023015404,0.6202225041742225,0.6946378344198132,3.90625,2.90625,1,2
1208230,39,2024,21,1.7,1.1,1.5,1.2,0.5883573675032865,1.5375016900754803,0.9592698795975472,0.5856989708004148,10.1875,10.1875,2,2
1208224,39,2024,21,1.7,1.5,1.9,1.2,1.1101864118796096,0.7137066081749621,1.1374589855370707,0.9512411279691498,10.1875,10.1875,2,2
1208229,39,2024,21,1.2,1.6,1.4,1.4,0.7201180651727306,1.3822525972043205,1.2692590258828274,1.3717253762550765,10.1875,9.229166666666666,3,2
1223775,135,2024,19,2.1,1.0,1.5,0.9,0.5436686788066366,0.721781208836753,1.0413975250848129,1.792192819767993,3.2395833333333335,3.1145833333333335,1,1
1208228,39,2024,21,1.5,1.2,2.3,1.1,1.3549086846028082,0.2280983230122932,1.3124585004742984,1.5078702069591063,8.0,9.145833333333334,1,1
1208227,39,2024,21,0.9,2.1,1.3,1.3,0.8714356909652206,0.9775011237768034,0.9656548715766401,1.0373170246843757,11.1875,11.1875,0,2
1208225,39,2024,21,1.1,1.2,1.5,1.3,0.2969206357170254,0.8770889494268959,0.9054257799168779,1.2628034864189965,11.1875,11.1875,0,1
1208231,39,2024,21,1.8,1.2,1.4,1.8,1.2486702884183787,0.46179521502617044,0.7864453674520494,1.090068967802261,11.291666666666666,8.979166666666666,3,0
1223779,135,2024,19,2.1,0.9,1.5,1.2,1.051655832394288,0.14562966991736845,1.450453361366519,1.5011551850351839,3.2395833333333335,3.1145833333333335,2,2
1208223,39,2024,21,1.8,0.9,1.7,1.7,1.0350898479628312,0.791609862431843,0.9711337915299803,1.0436464202688625,11.104166666666666,11.3125,2,1
1208226,39,2024,21,0.9,2.2,1.7,1.6,1.694235538583451,0.638966520638584,0.8223625253380319,0.8374830477201832,11.229166666666666,12.083333333333334,0,2
1208232,39,2024,21,1.2,1.4,0.7,2.3,1.0833741020465775,1.1759166668418115,0.4976273692828089,1.1684155356358361,11.145833333333334,12.208333333333334,3,1
1223804,135,2024,21,1.5,0.9,1.0,1.3,1.319010079847963,1.1607705629005962,0.8151299998643011,0.3400084082707494,5.114583333333333,5.34375,3,1
1212929,140,2024,20,1.1,1.3,0.7,2.4,0.5743792503044628,0.9557686329404044,0.950255376188279,0.60075995259161,6.104166666666667,6.197916666666667,2,1
1208240,39,2024,22,1.8,1.2,1.5,1.2,1.2847838356200942,0.3001668897670108,1.242919361132345,0.8816847231771323,2.7083333333333335,3.7083333333333335,1,4
1208665,140,2024,20,1.2,1.6,1.1,1.4,1.0897950717239402,0.5363675054805797,1.539850493766014,1.0164230295606935,7.0,6.708333333333333,1,2
1223796,135,2024,21,1.5,1.2,0.7,1.8,1.611683573777126,1.3340842036062028,2.0375591705737666,0.9488763695872897,2.7604166666666665,4.760416666666667,3,1
1208238,39,2024,22,0.9,2.1,1.4,1.4,0.5664331991273934,1.0097347048138965,1.2812683668238378,1.8041214945657997,2.8125,3.8125,0,2
1208242,39,2024,22,1.2,1.6,1.3,1.3,1.3805767423622748,1.3547141881828084,1.0020346408837904,0.6742560660448442,3.8125,2.8125,0,2
1208234,39,2024,22,1.7,1.5,2.3,1.1,1.222601559878609,0.8225057865417955,1.0382429528445258,1.2898126042203888,3.8125,3.7916666666666665,0,2
1208668,140,2024,20,1.0,1.5,1.8,0.8,1.1960716787028067,1.2685921631739427,1.0239581740649994,0.6789038647951291,6.90625,6.0,1,0
1223802,135,2024,21,1.5,0.9,1.6,1.1,0.9779083913051283,1.4038142217380845,0.8062696277132446,0.7672488581071443,3.8854166666666665,3.9791666666666665,2,0
1208233,39,2024,22,1.8,0.9,1.5,1.3,1.0067953292804155,0.8485333386852731,0.8724156458348595,0.8208222661723478,2.8958333333333335,2.9166666666666665,2,2
1208673,140,2024,20,1.5,1.3,1.0,1.3,0.6674935781928324,1.2144537638980475,1.0184723458225542,1.1558235340032157,7.09375,7.1875,1,3
1223795,135,2024,21,2.1,1.0,1.6,0.7,0.5922735301132026,0.7701577857438895,1.1887475897028748,0.3603864284871595,4.0,6.0,2,3
1208669,140,2024,20,0.9,1.0,2.7,1.0,0.8372338543067708,1.0151366120585852,0.6363465973589321,1.5207872490179402,6.291666666666667,28.0,1,1
1223799,135,2024,21,1.6,1.1,1.0,1.2,0.5986680515486613,2.1887438691555134,0.8325748961277257,0.7572286188529888,5.65625,7.770833333333333,1,1
1208667,140,2024,20,1.6,1.5,1.4,0.8,0.857669703027606,0.9338368183564218,1.2232636359611808,1.1083749069740803,8.708333333333334,28.8125,1,2
1223797,135,2024,21,1.1,1.5,0.7,1.5,0.8459875266349404,0.976599260973475,1.651480346522235,0.8448828549292204,7.760416666666667,8.0,4,1
1223803,135,2024,21,1.2,1.5,0.8,1.5,0.42232632070849285,1.0549755064857864,0.7904668085470737,0.7475329721641671,7.104166666666667,7.0,1,1
1208239,39,2024,22,1.2,1.4,1.7,1.6,1.259627948938971,1.285774404875749,0.8077976735552823,0.5443639810181191,2.75,2.7708333333333335,1,3
1208236,39,2024,22,1.1,1.2,1.7,1.7,0.19299841321606653,0.8539967060163713,0.9652238925990624,1.0123571012793358,3.7708333333333335,3.75,3,2
1208241,39,2024,22,1.5,1.2,0.7,2.3,1.190387614688795,0.33340883749422245,0.8448863614623973,1.314904880771989,4.75,2.75,3,2
1208672,140,2024,20,2.1,1.0,1.1,1.6,1.2579057465378194,1.6250931025274393,1.0769409392777638,0.9473851090518596,15.802083333333334,7.09375,4,1
1208237,39,2024,22,0.9,2.2,1.9,1.2,1.1012531000792432,0.688590270500641,1.097944831827166,1.1192871253368102,2.875,4.875,0,6
1223800,135,2024,21,0.9,1.7,1.6,1.3,0.8063529733092083,0.8385045405102609,0.5562245477714416,1.0333653599016241,6.885416666666667,8.885416666666666,0,3
1208666,140,2024,20,1.3,1.4,1.1,1.2,0.6031414448350371,0.8370294419042335,1.4080576962825129,0.811809110113133,7.09375,8.895833333333334,1,1
1223801,135,2024,21,2.1,0.9,0.9,1.6,1.0419096243896204,0.7635481743351783,1.168248138689565,1.9500219769338787,4.0,8.239583333333334,3,1
1208671,140,2024,20,1.2,1.4,0.9,1.2,0.9678230664941558,1.1082084014903724,0.9218840858000794,0.37163276242573545,8.0,6.0,1,0
1223798,135,2024,21,1.3,1.4,1.1,1.5,0.9101391787387269,0.8078710314960013,0.6941585261351146,0.5548641566930822,6.09375,9.239583333333334,4,1
1208235,39,2024,22,1.7,1.1,1.4,1.8,0.883412681033999,1.6187700379430017,0.5111894888438321,1.1816929772196176,6.020833333333333,5.020833333333333,3,1
1208670,140,2024,20,1.9,1.3,0.9,1.2,0.7770902492833481,1.3679595865535974,1.3451408475489026,0.8014406714984141,7.0,30.291666666666668,4,0
1223812,135,2024,22,1.0,1.2,1.1,1.5,0.9516282279375672,0.7273548522544427,1.6444373468581657,1.0647895196327588,5.34375,5.239583333333333,2,0
1208677,140,2024,21,1.1,1.6,1.3,1.4,1.1216025196214554,1.1678836542170419,0.689317580168415,0.8452055008741153,5.197916666666667,5.104166666666667,1,1
1208679,140,2024,21,0.9,1.2,1.5,1.3,0.8743415509067868,1.3345329277020395,0.6716913386458538,1.8595872542260383,4.708333333333333,6.8125,0,1
1223805,135,2024,22,1.3,1.4,2.1,1.0,1.5177443123340186,0.8182979886542191,0.9992635088592959,1.3471650607335282,4.760416666666667,6.760416666666667,1,2
1208245,39,2024,23,1.7,1.6,1.1,1.2,1.169186134869757,0.6199824209951108,0.9452350648471277,1.056078251067504,6.041666666666667,6.041666666666667,0,1
1208250,39,2024,23,0.7,2.3,1.8,1.2,1.7658428016172247,1.2990359985887494,1.0716835672271352,1.3306640339041127,6.041666666666667,7.104166666666667,1,3
1208248,39,2024,23,2.3,1.1,0.9,2.2,0.9710898034069129,0.8383781927432528,0.7158145150515081,1.1810764987919238,7.0,5.9375,4,1
1208252,39,2024,23,1.4,1.8,1.8,0.9,0.6640913495666727,1.2690808273496144,1.0911691007844069,1.3085837071824646,4.791666666666667,6.895833333333333,0,1
1208243,39,2024,23,1.5,1.2,1.5,1.2,1.94345314029158,0.8096691441392101,1.2180997756346734,1.4333824110379112,7.104166666666667,6.041666666666667,5,0
1208675,140,2024,21,1.8,0.8,1.9,1.3,0.6655728131422497,1.0209750121168337,1.3187051532622465,0.8891737312598383,7.0,4.802083333333333,1,1
1223811,135,2024,22,1.6,0.7,1.5,0.9,1.6192484333068686,0.8485368928023679,1.1829131816210605,0.9124792441297549,6.885416666666667,7.0,2,1
1208249,39,2024,23,1.9,1.2,1.7,1.1,1.447156963654165,0.7275366314689267,1.0751986348289622,1.384018706481133,6.041666666666667,4.895833333333333,3,1
1212930,140,2024,21,1.1,1.4,1.1,1.3,1.5278914573115454,0.9367166358811174,0.7246722702736583,1.1308649960266477,7.1875,7.895833333333333,1,1
1223806,135,2024,22,0.9,1.6,1.5,1.2,1.3167686975556245,1.670639285007021,1.5492609896217986,1.404654732344032,6.0,7.239583333333333,1,1
1208682,140,2024,21,0.7,2.4,2.1,1.0,1.127281379137766,0.7418197267603039,1.3697220685829157,1.4779014257337448,8.0,6.197916666666667,0,3
1223810,135,2024,22,1.6,1.1,1.2,1.5,0.524075258013609,1.045984485042371,0.5253454417938537,1.0619840792157613,7.770833333333333,6.895833333333333,3,2
1208681,140,2024,21,1.1,1.2,1.2,1.6,1.216373866219997,0.8249515625991775,0.9844084632872279,0.8756275149260131,6.8125,8.0,2,1
1208246,39,2024,23,1.3,1.3,1.7,1.5,1.1426686704206175,0.43826644292914874,0.794691013921096,0.8308606453101381,7.958333333333333,7.958333333333333,1,2
1208251,39,2024,23,1.7,1.7,0.9,2.1,1.1283759223462533,1.4778182120882528,0.3681815794328057,1.0039466057480804,7.0,7.958333333333333,1,2
1223813,135,2024,22,1.1,1.5,1.5,0.9,0.7443848601696428,1.2868155480043495,1.5519719365165605,1.256167532552054,5.760416666666667,8.760416666666666,1,2
1208680,140,2024,21,0.9,1.2,0.9,1.0,0.5992246557700517,0.5636099066878392,1.0594797830771787,0.8315980570973397,6.802083333333333,7.802083333333333,0,3
1208244,39,2024,23,1.5,1.3,1.2,1.6,1.3241072068296957,0.9702866097641627,0.8973748825354786,1.3719103761649794,7.958333333333333,8.0625,1,1
1223809,135,2024,22,0.7,1.5,2.1,0.9,1.5034622252394527,1.6437193102494476,1.0803662558532534,1.0537137207252734,7.125,6.885416666666667,0,4
1208674,140,2024,21,1.4,0.8,1.0,1.5,1.2367880300414342,1.082748377033152,1.3571340911568242,0.8245849060630628,7.1875,8.09375,0,0
1208247,39,2024,23,1.4,1.4,1.2,1.4,1.1804434860545423,1.17267897146777,1.0849040001436645,1.4798710102280603,8.166666666666666,7.208333333333333,0,1
1223808,135,2024,22,1.6,1.3,1.6,1.1,0.8595238972279076,0.6716874839360557,0.6242904835066299,1.833138060405629,7.114583333333333,7.34375,1,2
1208676,140,2024,21,2.7,1.0,1.2,1.4,0.5853845475425651,1.5037894896394388,0.9511336043323124,0.720335460968742,8.0,7.0,7,1
1223814,135,2024,22,0.8,1.5,0.9,1.7,0.890053425555598,0.736729765240042,0.5241294326509854,1.04300589250814,8.145833333333334,8.020833333333334,1,1
1223807,135,2024,22,1.0,1.3,0.7,1.8,1.0315011665784624,0.9156208499913717,1.8619134608729482,1.118436306898405,10.0,9.239583333333334,2,0
1208678,140,2024,21,1.0,1.3,1.6,1.5,1.7321993324769678,0.989105809922603,0.9197899944679438,1.0486605985983408,9.104166666666666,8.291666666666666,1,1
1223822,135,2024,23,1.2,1.5,0.7,1.5,1.025565446256914,1.2546646514902449,0.9772504464056443,1.6417508849954743,5.34375,5.114583333333333,1,3
1208688,140,2024,22,1.0,1.5,1.1,1.2,0.8821371592519357,0.5359801889409909,1.3176316494066345,0.8582671268005764,5.104166666666667,5.291666666666667,0,1
1208261,39,2024,24,1.5,1.2,1.7,1.6,0.7917648541625377,2.3511430116190866,0.7599709876653421,0.6933294827377311,6.895833333333333,6.895833333333333,7,0
1208684,140,2024,22,0.9,1.0,1.1,1.4,1.9768563034446105,0.5405387371132708,1.3174301465532037,0.91000217695909,5.90625,6.8125,0,0
1223821,135,2024,23,0.7,1.8,0.9,1.7,1.2102437495674163,1.2286502661506298,0.6751285756675849,1.009939124247938,4.760416666666667,4.854166666666667,0,1
1223824,135,2024,23,1.1,1.5,0.8,1.5,0.9399107651708738,1.2377634395361605,0.9105200207287858,0.8133187918504716,6.0,4.854166666666667,3,2
1208260,39,2024,24,1.8,1.2,1.4,1.4,1.0668841737701016,1.4732649553710067,0.7672882659354525,1.066407998120717,7.0,5.833333333333333,1,2
1208253,39,2024,24,1.5,1.2,2.3,1.1,2.6826889856339715,0.5262849436904866,1.0351609413844538,1.0611074414447303,7.0,7.0,0,2
1208257,39,2024,24,1.1,1.2,0.9,2.1,0.904743701241542,0.6864508631938776,0.907291882840474,0.7957025486382131,7.0,6.041666666666667,4,0
1208258,39,2024,24,0.9,2.2,0.7,2.3,0.9814410509450964,1.171652293384711,1.7561311543845295,1.214663254155151,7.0,7.0,1,2
1208687,140,2024,22,1.9,1.3,0.7,2.4,1.1622570338309866,0.7761466860026556,0.732732896439548,0.7582244890608643,7.0,6.802083333333333,5,1
1223815,135,2024,23,2.1,1.0,1.0,1.2,0.9566641379013996,1.2229649817844856,1.2205583481594187,0.4727806539653878,7.125,7.885416666666667,1,1
1208683,140,2024,22,1.8,0.8,0.9,1.2,0.6308060892262229,0.9687324420864682,0.5683220080894115,1.1250852918952146,7.09375,7.1875,2,0
1208262,39,2024,24,1.4,1.8,1.5,1.3,0.43165937721833725,0.9826185871599653,1.073586351105969,0.9582503989108084,7.104166666666667,6.041666666666667,2,0
1223816,135,2024,23,1.5,1.2,1.3,1.4,1.195144643254169,1.3310811315791762,1.3338414953248043,0.8390365497680996,7.0,7.239583333333333,2,0
1212931,140,2024,22,1.1,1.3,2.1,1.0,0.7721733393142416,1.0593629467180203,1.1663610112455618,0.9606359267269342,7.104166666666667,7.0,1,0
1223819,135,2024,23,1.5,0.9,0.9,1.6,1.1988935680536894,1.220194842017674,1.2739552089667114,1.2740405352545636,7.770833333333333,7.65625,4,1
1208691,140,2024,22,2.7,1.0,1.0,1.3,1.2392962521989637,1.3639215015989685,1.4350962327766956,0.8658755072189227,6.708333333333333,5.708333333333333,1,0
1208259,39,2024,24,1.2,1.4,1.3,1.3,1.0093542667600486,0.9619161566482393,1.0047859178246834,0.7473166268179738,6.791666666666667,7.0,0,2
1208255,39,2024,24,1.7,1.5,1.7,1.7,0.9789925979627396,0.8021107015028719,0.8765816044270255,1.6285556940665147,7.0,7.0,0,2
1223818,135,2024,23,1.6,1.1,1.0,1.3,0.8399234296639249,1.4480738301727496,1.1721424249426673,0.5951535524943916,6.760416666666667,5.760416666666667,2,1
1208690,140,2024,22,1.2,1.4,1.6,1.5,1.0046951761493363,1.3270143459259787,0.8208202271733942,0.9907960557555882,6.802083333333333,5.802083333333333,2,1
1208254,39,2024,24,1.8,0.9,1.9,1.2,0.8669759648925806,0.850579409668602,1.6741448493417144,0.7233890065332338,8.0625,7.958333333333333,5,1
1223820,135,2024,23,1.6,1.1,2.1,0.9,0.9050239177088457,1.3639808243684501,1.2755713996379479,0.6849139184714277,7.229166666666667,7.0,1,1
1208686,140,2024,22,1.3,1.4,0.9,1.2,0.6710131578787005,0.8505199392045386,0.3894960262505336,1.6545408837915396,8.895833333333334,7.09375,2,1
1223823,135,2024,23,1.5,0.9,1.6,0.7,1.4101150920690977,1.2725695022194412,1.679594814982798,0.9815489803215391,7.239583333333333,8.114583333333334,1,1
1208689,140,2024,22,1.5,1.3,1.4,0.8,0.694238259008694,1.208731715246925,0.8039122195269323,0.7037864450715489,8.291666666666666,7.104166666666667,2,2
1223817,135,2024,23,1.1,1.5,1.6,1.3,1.0688842754578076,1.2941131877612932,0.8152246241072307,0.8707314799430517,10.0,8.0,1,2
1208685,140,2024,22,1.2,1.6,1.1,1.6,0.9619141122478092,1.096146521065545,1.0301780013903097,0.982081106010308,8.291666666666666,10.0,2,1
1208256,39,2024,24,1.7,1.1,1.2,1.6,0.9493693087172568,1.6331049821792436,0.9108577762121637,1.1046584111739033,9.104166666666666,8.145833333333334,2,1
1223728,135,2024,14,1.6,1.1,2.1,0.9,0.9800848446661665,1.3517025350668326,1.0245759552192115,0.7587357136730946,4.239583333333333,4.114583333333333,3,0
1223826,135,2024,24,1.3,1.4,1.5,0.9,0.8669969719611228,0.9753737573492647,1.531780819234898,1.3505340547188955,6.0,5.34375,1,2
1208694,140,2024,23,1.1,1.2,0.7,2.4,1.1375211781749184,0.5578736324203747,0.985891767301091,1.0013437249071058,7.0,6.197916666666667,1,0
1208699,140,2024,23,1.6,1.5,1.5,1.3,0.7405643976627062,1.1592952140189101,1.2241715350223177,1.295290999525886,5.90625,5.708333333333333,3,2
1223828,135,2024,24,0.9,1.7,2.1,1.0,0.7175372778876339,0.6564604307611598,0.8009983563025764,1.2464272381599157,7.0,6.875,0,5
1208692,140,2024,23,1.4,0.8,1.2,1.6,1.0321583273078907,1.2303778559631733,1.1083170896277428,0.9759895568744223,5.802083333333333,4.802083333333333,3,0
1223827,135,2024,24,0.9,1.6,1.6,1.1,1.3854782932357699,1.5806263479154663,0.9018072131774163,1.082042081294038,6.229166666666667,6.0,0,2
1208695,140,2024,23,1.1,1.6,1.9,1.3,0.9331100190855195,1.121425635573367,1.2639648790076852,1.0141107305171109,4.895833333333333,7.09375,1,2
1223833,135,2024,24,1.0,1.2,1.0,1.3,1.2448629263036222,0.4864740917441688,1.1723471216672792,0.82098442450597,7.114583333333333,6.239583333333333,1,1
1208697,140,2024,23,2.1,1.0,1.8,0.8,0.7581346573096152,1.0460042614634162,0.8394221061451931,0.6296760873562044,7.0,7.104166666666667,1,1
1223834,135,2024,24,0.8,1.5,1.5,0.9,1.3443380134737106,1.3495663056118974,1.3465748098449135,1.1407118431093033,7.895833333333333,6.65625,0,1
1208696,140,2024,23,1.0,1.3,0.9,1.0,0.9328125513048522,0.694941586814807,1.284956597238997,0.35135017912362604,7.0,8.0,0,1
1223825,135,2024,24,1.1,1.5,1.2,1.5,1.0105090447818408,1.2174235720448405,0.9174508734003274,2.105532023468659,5.760416666666667,8.760416666666666,2,1
1223830,135,2024,24,1.6,1.3,0.7,1.8,0.9061460056696999,0.8817097276972493,0.7866584372188207,1.077326376701613,5.760416666666667,8.0,5,1
1208700,140,2024,23,1.2,1.4,1.0,1.5,1.1683296422748466,1.0695905748518861,0.5733891535137582,0.6294477288722501,7.0,8.802083333333334,2,0
1223831,135,2024,24,0.7,1.5,1.5,1.2,1.925212790163669,1.3179714085803917,1.2068440181152098,0.8652027355264645,8.885416666666666,7.885416666666667,0,0
1212932,140,2024,23,0.9,1.2,1.1,1.3,0.6212279726184023,1.6700028565157827,0.923503579645166,0.6885859153667132,7.0,7.895833333333333,2,1
1223832,135,2024,24,1.6,0.7,1.1,1.5,1.4052782964054853,1.0680068372090004,1.4318510882701587,1.5570462356985044,7.0,8.239583333333334,1,1
1208698,140,2024,23,1.1,1.4,2.7,1.0,0.8563295952595824,0.5915014150234086,0.9376650710518335,0.8865489760393296,8.291666666666666,7.291666666666667,1,4
1223829,135,2024,24,2.1,0.9,1.6,1.1,0.6659743708924876,1.4338032138875114,1.5776801490330081,0.8786066477934412,4.0,4.0,2,1
1208693,140,2024,23,0.9,1.2,1.3,1.4,0.3694093052581175,1.1607035878800376,1.0307098346724373,0.9208935160385057,9.104166666666666,8.104166666666666,1,1
1208166,39,2024,15,1.1,1.2,2.3,1.1,1.4729318906554871,0.44619306107602047,1.0431444669723589,0.6897198369390748,11.1875,11.1875,2,2
1223836,135,2024,25,1.5,1.2,1.0,1.2,0.7844486117748865,0.562381778092202,1.1564685944050468,0.6924581596337097,5.114583333333333,6.0,3,2
1208705,140,2024,24,1.2,1.6,0.9,1.0,0.7204061082580329,1.2554869619683746,1.2315893095728692,0.22837761643035692,6.197916666666667,5.291666666666667,1,2
1208264,39,2024,25,1.7,1.6,1.7,1.1,0.4939811419824724,1.9410808304461917,0.992825344783864,1.4486394505377205,13.3125,11.0,3,0
1208267,39,2024,25,0.9,2.1,1.8,0.9,0.5897397238463081,1.402055141463323,1.7464047475505478,0.8517070256413164,13.895833333333334,12.833333333333334,0,2
1208709,140,2024,24,1.0,1.5,1.0,1.3,0.37270294978394286,0.9244188015447404,0.6063281583481539,0.8480795527971459,5.90625,6.0,3,3
1223835,135,2024,25,2.1,1.0,1.1,1.5,1.1530018727731455,0.8101777048039452,1.2041036063809236,1.0421586551624797,7.0,6.0,0,0
1208270,39,2024,25,0.7,2.3,1.5,1.2,1.8051216139863078,1.0363910185824907,1.7437478406620814,0.7123750684712801,14.0,14.0,1,3
1208266,39,2024,25,1.4,1.4,1.5,1.2,1.1070707061913774,0.8959429765562439,2.005063821872316,1.5282429575524064,14.0,14.104166666666666,2,1
1208269,39,2024,25,1.9,1.2,1.8,1.2,1.3870245614288395,1.6530732246169721,0.8962524907283438,1.5659555543244876,12.9375,14.0,4,0
1208263,39,2024,25,1.5,1.3,0.9,2.2,0.6978311282188798,1.184401220830487,0.8847965864959552,1.4252103543364258,13.895833333333334,14.0,1,1
1208272,39,2024,25,1.2,1.6,1.7,1.5,0.9791787666591185,1.0937632613806842,0.6363451886757808,0.9221562697023569,11.791666666666666,13.041666666666666,0,1
1208704,140,2024,24,1.3,1.4,2.1,1.0,0.9672370335627252,0.9666363409805843,0.7688291939179164,0.9375416588401094,4.802083333333333,6.802083333333333,1,1
1223840,135,2024,25,1.6,1.3,1.6,0.7,1.3728490703519713,1.0692651691570583,1.1015558926635656,1.2805680805494868,6.125,5.885416666666667,2,2
1208265,39,2024,25,1.3,1.3,1.1,1.2,1.2146493081245058,0.485755807431683,1.8020338280996202,0.660315344771877,13.145833333333334,2.9166666666666665,1,2
1208701,140,2024,24,1.8,0.8,1.6,1.5,0.8032632578832644,0.6853311234481995,1.1502370507884514,1.1657641113345139,6.895833333333333,7.1875,1,1
1223841,135,2024,25,1.6,1.1,0.9,1.7,0.9389090635653206,0.7033273528411247,0.46639923062696204,1.0590522211712246,7.114583333333333,7.239583333333333,1,0
1208707,140,2024,24,1.9,1.3,1.2,1.4,1.1266758555655216,0.9834726741368214,1.274692045256428,0.695233873653726,7.104166666666667,6.197916666666667,1,1
1223837,135,2024,25,1.6,1.1,1.3,1.4,1.339033763538122,0.9620034119748275,0.9494454676721655,1.063992942277022,5.65625,8.65625,0,2
1212933,140,2024,24,1.1,1.3,1.4,0.8,0.9516030843451155,1.2403158877234062,1.2919966627501291,0.7997456063760626,6.8125,7.90625,1,1
1208268,39,2024,25,2.3,1.1,1.4,1.8,1.048333758604497,1.2929459931839522,0.8421170567303808,0.6387020816539775,3.7708333333333335,14.854166666666666,2,1
1223842,135,2024,25,0.7,1.8,0.7,1.5,1.0074818303460797,1.484116311522715,1.251388313606385,0.8566814155772546,7.0,6.875,0,0
1223844,135,2024,25,1.1,1.5,0.9,1.6,1.5170668437392396,1.2002050532040278,0.9005608906032504,1.3801415011450529,6.760416666666667,7.875,3,0
1208706,140,2024,24,0.7,2.4,1.1,1.4,0.6408296487457091,0.8265362999774976,0.9782051460096376,0.8752166605059564,8.802083333333334,6.802083333333333,0,4
1208271,39,2024,25,1.7,1.7,1.2,1.4,0.9705623566030568,1.0585612011432346,0.6560802733940316,1.186783963359817,14.104166666666666,14.104166666666666,1,0
1223843,135,2024,25,1.2,1.5,1.5,0.9,0.8471764010435462,1.9158685425273556,1.0759402930658606,0.7414626980210471,7.125,7.229166666666667,0,1
1208708,140,2024,24,0.9,1.2,1.1,1.6,0.6081716039733319,1.0517329731476655,0.930822211706287,1.0340253473332148,5.895833333333333,8.0,3,1
1223839,135,2024,25,1.5,0.9,2.1,0.9,1.4256575325026837,1.263744571464718,0.8237924319892077,1.245513755693549,9.0,6.0,1,0
1208703,140,2024,24,1.5,1.3,0.9,1.2,1.2079337199867288,1.5108093419995183,1.196533224937004,1.4368276143110164,8.291666666666666,7.104166666666667,3,0
1223838,135,2024,25,1.0,1.3,0.8,1.5,1.1382756290837315,0.8809475682365728,0.8738197087579119,1.0778847653144,9.0,8.34375,2,0
1208702,140,2024,24,2.7,1.0,1.1,1.2,1.1002230369244326,0.9978477435164733,0.9150516446015757,0.36261786107324356,8.0,10.0,1,0
1208305,39,2024,29,1.5,1.3,2.3,1.1,0.6084387181907567,1.2066129302919533,0.9282768464745655,1.1722330773877507,4.1875,3.2291666666666665,2,2
1223850,135,2024,26,0.7,1.5,1.1,1.5,0.8134024038441503,0.5568429201252155,1.7556957211577786,0.7801332845826181,5.239583333333333,5.239583333333333,0,1
1208711,140,2024,25,1.6,1.5,1.3,1.4,1.1099587705124934,0.9295059316266933,0.9854348410465406,0.786051716875475,6.104166666666667,6.197916666666667,1,0
1208279,39,2024,26,0.9,2.1,1.7,1.5,0.3833308205001003,1.1817062123215303,0.6014920196980811,0.5994015753065319,6.3125,6.208333333333333,0,4
1208276,39,2024,26,1.1,1.2,1.2,1.4,1.8860073029500677,0.7567690766658226,0.4264521777061206,0.9861154585368221,6.791666666666667,5.833333333333333,2,2
1212934,140,2024,25,1.0,1.3,1.1,1.3,1.3216133029263,1.6214440170104523,1.1455306411879613,1.0610130193279064,7.0,6.0,0,1
1223851,135,2024,26,1.2,1.5,1.5,1.2,0.550664660678305,1.4459812193094477,1.2623915976536764,1.1180481557599313,5.875,7.760416666666667,2,0
1223854,135,2024,26,0.8,1.5,1.6,1.3,0.5679828106926428,1.30262509745436,1.6986018957287814,1.1291569753367035,4.760416666666667,6.875,0,0
1208273,39,2024,26,1.5,1.2,1.4,1.8,1.5777839225173094,1.0713771278396653,0.8791942686929294,0.6620162564567279,7.0,6.041666666666667,0,1
1208277,39,2024,26,1.4,1.4,1.3,1.3,1.3279292923577286,0.8256962680948918,1.1170861528450313,1.0304265895159084,7.0,6.895833333333333,0,2
1208282,39,2024,26,0.7,2.3,1.7,1.6,1.7816623824244333,1.1180019881655754,1.1408738385452915,1.2617025397900246,7.0,7.791666666666667,0,4
1208274,39,2024,26,1.8,0.9,1.2,1.6,1.4055334562782265,0.5536095666668557,0.6364661983284271,0.8988137669562684,7.104166666666667,7.0,0,1
1208278,39,2024,26,0.9,2.2,1.7,1.7,1.0118699179745074,1.0812352151671616,0.845571414144928,0.6880647807431025,7.0,5.9375,1,4
1208712,140,2024,25,1.1,1.2,1.9,1.3,0.5947835689910242,0.378834325746991,0.906681411380747,0.9365328792145748,4.802083333333333,6.802083333333333,0,1
1223853,135,2024,26,1.0,1.2,1.6,1.1,1.5042045863632802,1.2025978037619114,0.776283538376282,0.45716277934673105,7.885416666666667,6.885416666666667,2,1
1208713,140,2024,25,1.2,1.4,1.8,0.8,1.1258254704423192,0.6262441231380798,0.6938803768833811,0.8077699177413296,6.895833333333333,7.0,0,3
1208275,39,2024,26,1.5,1.3,1.7,1.1,1.0148791062179312,1.1261044247566592,0.6453364741095116,1.7614017391062027,2.9166666666666665,7.895833333333333,2,1
1223849,135,2024,26,2.1,0.9,1.0,1.3,0.535465080792985,1.1440283856452511,1.3418791589044254,0.5726159193537723,6.0,5.0,1,0
1208714,140,2024,25,1.1,1.6,2.7,1.0,0.9563601951848442,1.6382623090999227,0.8582776900502639,0.6486010332857077,6.104166666666667,5.0,0,2
1223846,135,2024,26,1.3,1.4,1.6,0.7,1.2486080854554389,0.6915954124800643,1.150145945615933,1.6386192523571665,7.0,7.770833333333333,2,1
1208710,140,2024,25,1.4,0.8,0.7,2.4,1.0946055230952763,1.046823280508077,0.41653927168471094,1.2399001101368885,7.0,6.90625,7,1
1208281,39,2024,26,1.8,1.2,1.5,1.2,0.5825641189734235,1.9143623383810926,1.5466248175503388,1.6016912557423975,7.958333333333333,7.958333333333333,4,3
1223848,135,2024,26,0.9,1.7,1.6,1.1,0.30315949990752533,0.8543765908201195,0.8703719462997793,1.2567707492521691,7.760416666666667,7.104166666666667,1,0
1208716,140,2024,25,2.1,1.0,1.2,1.6,0.6574770712847409,0.9661328474768404,0.8547223037010547,1.4601637475016656,8.0,8.802083333333334,2,0
1208280,39,2024,26,1.9,1.2,2.3,1.1,1.7980571929989213,1.074497596001032,0.9451859702753571,1.3813454396959772,8.0625,3.875,0,2
1223847,135,2024,26,0.9,1.6,2.1,1.0,0.5853645788921128,1.666694248471557,0.7494512173025446,0.5266155081225644,7.125,8.125,0,5
1208715,140,2024,25,0.9,1.0,1.5,1.3,1.444630273444587,0.5349037840130654,1.5580735846580405,0.982026072299687,8.895833333333334,6.895833333333333,1,2
1223845,135,2024,26,1.1,1.5,1.5,0.9,0.7826673441476004,0.6774031258556119,1.2611218405711888,0.8214339714520668,8.239583333333334,7.0,0,1
1208718,140,2024,25,0.9,1.2,1.0,1.5,0.7777465962090526,1.7068546159688274,1.3124492250518702,1.5283722210040813,7.0,8.291666666666666,3,0
1223852,135,2024,26,1.5,0.9,0.7,1.8,0.9000278571594761,0.4819507537136807,0.6548631897249518,0.9646756024897647,8.114583333333334,8.239583333333334,4,0
1208717,140,2024,25,1.1,1.4,0.9,1.2,1.3384848600577794,0.5688908293288717,1.361457375915999,1.03495219012174,8.197916666666666,8.104166666666666,1,1
1208289,39,2024,27,1.3,1.3,1.5,1.3,1.2876444608877318,0.6697772831853405,1.2790653584355947,0.963189595548842,3.1875,3.0833333333333335,4,1
1208284,39,2024,27,1.7,1.6,1.5,1.2,1.2643301433920353,0.820106650863516,1.025559549636251,1.0005617997624492,3.1875,3.1875,2,1
1208288,39,2024,27,1.4,1.8,1.4,1.4,0.8756429413170708,0.4303105666968732,0.8631540400325236,1.0982410358001413,3.1875,3.1875,1,2
1208290,39,2024,27,1.7,1.1,0.7,2.3,0.6506904276281961,1.7643050698129712,1.1580805485758816,1.2494634406452199,3.1145833333333335,3.21875,4,0
1208286,39,2024,27,1.7,1.7,1.9,1.2,1.0961454833653261,0.7812290355875917,1.1687371754492988,1.0687132924731346,4.1875,3.125,0,1
1208292,39,2024,27,1.2,1.4,0.9,2.2,0.9869161377312006,1.304611411685298,0.9917023747880049,1.249326954029778,4.291666666666667,4.1875,3,2
1208285,39,2024,27,1.5,1.2,1.8,0.9,1.8569727980743869,1.9873956125288545,0.9135967465808472,0.8329943664816042,3.2291666666666665,4.1875,0,0
1208283,39,2024,27,1.7,1.5,1.1,1.2,0.963518832411596,0.3896110239492458,1.8895411105539077,1.201622122055007,4.979166666666667,4.291666666666667,1,1
1208291,39,2024,27,2.3,1.1,1.8,1.2,0.9846607357514459,0.8978745358023852,1.3249629736290214,2.0960021866143768,3.15625,3.2604166666666665,2,0
1223676,135,2024,9,1.5,1.2,1.6,1.1,0.8205545384748897,1.3538146345772888,0.7397405499445833,1.118064897484466,5.239583333333333,5.114583333333333,2,1
1208287,39,2024,27,1.2,1.6,0.9,2.1,0.8868511770616256,0.5842289485215745,0.2491650333250652,1.3406580576168379,5.208333333333333,6.0,2,0
1223857,135,2024,27,1.6,1.1,0.7,1.5,0.5657417650948566,1.272961593074516,0.5287115624986977,0.6355842617177536,5.239583333333333,7.0,1,0
1208726,140,2024,26,0.7,2.4,1.1,1.6,1.098875526595062,1.772080904922311,0.6216341268701487,1.279569574989024,5.291666666666667,6.0,1,1
1208724,140,2024,26,1.2,1.6,1.6,1.5,0.5555694974056856,1.2251481025427493,0.9285044508331207,0.6041788555573506,5.90625,7.708333333333333,2,2
1223855,135,2024,27,2.1,1.0,0.8,1.5,1.159018291246654,0.3423000802796669,0.3691888269502178,0.8467063133453341,5.875,7.0,0,0
1208722,140,2024,26,1.1,1.2,1.1,1.4,0.3866093198441658,0.44964143454256167,1.2213409166133142,0.7378345946193221,7.0,4.802083333333333,1,1
1223862,135,2024,27,1.6,0.7,2.1,0.9,0.9491573646503565,2.057410206339851,0.5134369179000556,0.7436184506694132,6.229166666666667,6.885416666666667,1,1
1208720,140,2024,26,1.5,1.3,2.1,1.0,1.6310811633610598,1.0346844683623178,0.7034017630017482,0.6279863508599463,6.0,6.09375,2,1
1223864,135,2024,27,1.1,1.5,1.2,1.5,1.4148385823889198,0.5070866349787018,0.9850153627742315,0.939887792551141,8.0,7.239583333333333,1,0
1208723,140,2024,26,1.8,0.8,1.4,0.8,1.0031055783075309,0.5250504465318643,1.677639423345263,1.50856013233025,7.104166666666667,6.291666666666667,1,0
1223861,135,2024,27,0.7,1.8,1.0,1.2,0.4256610733212187,1.2959280305072358,1.798642072045223,1.0168448224452424,5.65625,7.770833333333333,0,2
1208725,140,2024,26,1.0,1.5,0.9,1.0,0.8530919962837157,2.0239974992082086,1.3353771991065029,0.9660207929418259,6.708333333333333,6.8125,1,0
1223858,135,2024,27,1.0,1.3,0.9,1.6,0.8722214532878766,0.5375849629645674,0.3804869762798733,1.755226261506512,7.760416666666667,6.875,1,1
1223856,135,2024,27,1.5,1.2,1.1,1.5,1.0806331772814053,1.1151357624752378,0.5087337736959403,0.6409786984728144,2.7604166666666665,6.760416666666667,2,1
1208719,140,2024,26,2.7,1.0,0.9,1.2,0.7725795726067456,0.42159067163571,1.53609084309144,1.1094555003797377,7.802083333333333,6.802083333333333,4,0
1223863,135,2024,27,1.5,0.9,1.3,1.4,1.2539069960425482,0.31326798991389243,1.8039029478537276,0.6510995181120418,5.885416666666667,7.229166666666667,2,1
1208727,140,2024,26,0.9,1.2,1.0,1.3,1.253002849900955,1.0240446811548884,0.859048646902095,1.3782393103574933,5.895833333333333,8.1875,1,1
1223860,135,2024,27,1.6,1.1,1.6,1.3,0.7159876074639792,1.27401491063763,1.104091232223708,0.7339520339688572,3.0,8.239583333333334,1,2
1208721,140,2024,26,1.3,1.4,1.2,1.4,0.6405326466802513,0.7179648659690588,0.7317865557875075,0.9591420133730851,9.0,8.104166666666666,3,3
1223859,135,2024,27,1.5,0.9,0.9,1.7,1.0203958630379395,0.5339320814438434,0.6531142810004975,0.5553447840330777,8.0,8.239583333333334,2,0
1223865,135,2024,28,1.1,1.5,1.0,1.3,0.6727224074478158,0.8179694873406627,0.8491314446371199,0.7353276618244047,5.239583333333333,5.239583333333333,1,1
1208299,39,2024,28,1.5,1.2,1.9,1.2,1.2070323187483516,1.2918071481437554,0.9178834984073694,0.6946636401075376,9.708333333333334,9.708333333333334,1,0
1208731,140,2024,27,1.6,1.5,1.0,1.5,0.9658325805415284,0.9079940338900557,1.0182597975844152,1.3155983744853357,7.0,6.0,2,1
1223866,135,2024,28,1.3,1.4,0.8,1.5,1.558434352002359,0.8532146867728272,0.2399727375176416,0.5503591036744672,5.875,7.0,1,1
1223874,135,2024,28,1.2,1.5,1.0,1.2,0.6402599858032505,0.8845634287946053,1.6707840134960614,0.6609491345894076,6.760416666666667,6.104166666666667,2,2
1208297,39,2024,28,2.3,1.1,0.7,2.3,1.0103193333109035,0.5836184482715504,0.752752356574323,1.3349133847569887,9.78125,10.78125,3,1
1208294,39,2024,28,1.7,1.6,1.4,1.4,1.3227949853616856,0.7459859897279519,0.9666056815766959,0.9745709589843776,10.8125,10.8125,2,1
1208296,39,2024,28,1.3,1.3,0.9,2.2,2.046436355198327,0.6974065161217533,1.4557176547233142,1.3927443383011737,10.8125,9.8125,1,0
1208734,140,2024,27,1.0,1.3,1.9,1.3,0.9448399538196951,1.2922230730998918,0.7927420402045031,0.6087463714894736,5.90625,14.0,1,0
1223872,135,2024,28,0.7,1.5,1.6,1.1,0.3436625156241535,0.6012547701165398,0.6824592525438942,1.3411778737326412,7.885416666666667,5.885416666666667,2,3
1208733,140,2024,27,1.2,1.4,0.7,2.4,1.3037862612618798,1.3878653856155823,1.1283315922867905,1.3275154669873808,5.895833333333333,7.895833333333333,2,1
1208293,39,2024,28,1.7,1.5,1.5,1.3,0.8767774371459688,0.5629441352639795,1.0934437650344184,1.8355406927280487,9.916666666666666,10.916666666666666,0,1
1223869,135,2024,28,2.1,0.9,0.7,1.8,0.6408768537778933,0.7968936596017853,0.2766796976587922,1.34401988649637,7.114583333333333,6.34375,3,2
1208302,39,2024,28,1.4,1.8,1.1,1.2,0.8298821975703818,0.6852574239085231,1.5378986915570096,1.0315445754141859,11.020833333333334,10.020833333333334,1,1
1223868,135,2024,28,0.9,1.7,1.5,1.2,0.4245242826503234,0.7150917566803241,1.1037448985662468,1.0668837001543592,5.65625,6.895833333333333,1,2
1208735,140,2024,27,0.9,1.0,1.8,0.8,0.8679951794192269,1.0916635154121868,0.9740672370110062,0.3412827902457118,7.0,7.708333333333333,2,1
1223873,135,2024,28,1.6,0.7,1.6,1.1,0.9304939536893984,1.6444594912637602,0.5558571473116568,0.8274250354984354,7.875,8.760416666666666,2,1
1208300,39,2024,28,1.7,1.7,1.5,1.2,0.712494564187462,0.6660032074972597,0.8795303739302298,1.1513455620024549,10.770833333333334,11.770833333333334,2,2
1208295,39,2024,28,1.7,1.1,0.9,2.1,0.9457109262959233,1.1467982953784313,0.1619572716612924,1.2769832930065002,11.739583333333334,9.75,1,0
1208736,140,2024,27,2.1,1.0,1.1,1.2,0.6270829408229311,1.0265244613922984,0.5524324215350713,0.6435926900284226,7.90625,8.0,2,1
1208298,39,2024,28,1.2,1.4,1.8,0.9,1.2221773077070983,1.6591085287065548,0.5938378852775507,0.5414463382130428,10.875,10.875,1,1
1223867,135,2024,28,0.9,1.6,1.5,0.9,0.6332139704793535,1.423084569979233,1.2450395474276563,0.5895216293414659,7.125,7.0,0,1
1208730,140,2024,27,1.5,1.3,1.1,1.6,1.6785360895180221,0.8424166993073013,0.5797250612534754,1.2457827237428656,8.0,8.895833333333334,1,0
1208728,140,2024,27,1.4,0.8,0.9,1.2,1.090465625174421,1.3026126971257734,1.2108193738031419,1.0520873760840108,7.895833333333333,7.0,1,1
1223870,135,2024,28,1.5,0.9,2.1,1.0,1.0173749580334843,0.3470558529384982,0.7533618893103251,0.2224950521817835,6.0,8.239583333333334,0,4
1208732,140,2024,27,0.9,1.2,1.1,1.4,0.998459048009436,1.2936769394443601,1.1451973533744118,0.7807288501389229,7.197916666666667,8.197916666666666,0,1
1223871,135,2024,28,1.6,1.3,1.1,1.5,1.230727482763592,0.694136129772065,1.1932814421891615,0.32960631273615615,8.0,9.0,1,1
1212936,140,2024,27,1.1,1.3,1.2,1.6,1.0688956160728742,0.6896584625631391,0.8763979510914734,1.158650954152787,16.291666666666668,9.291666666666666,1,1
1208301,39,2024,28,1.2,1.6,1.8,1.2,0.9820088206456121,0.3797488165390234,0.861225932858864,1.7326912763718088,11.0,11.989583333333334,0,1
1223878,135,2024,29,1.0,1.3,0.7,1.5,0.8529354390141279,0.7936972459201287,1.3961079078829726,0.9551906005757507,7.0,6.114583333333333,2,1
1208745,140,2024,28,1.1,1.6,1.0,1.3,0.37682128981475904,1.0029879370995294,0.970876739213571,0.8399449975149297,5.104166666666667,6.197916666666667,2,2
1208742,140,2024,28,0.7,2.4,1.6,1.5,1.2066298207006996,1.1849336646529087,1.0142495106853269,0.8993627886952029,6.8125,7.0,0,1
1223880,135,2024,29,0.7,1.8,1.2,1.5,1.6131751368115483,1.2319462595559738,1.043252324105446,1.1769662287164935,6.760416666666667,7.0,1,1
1223883,135,2024,29,1.1,1.5,0.9,1.7,1.0913672031572208,0.4023691032785015,0.6939963392782658,0.8189272889010343,4.760416666666667,6.104166666666667,0,1
1208308,39,2024,29,0.9,2.2,1.5,1.2,0.9462164755701542,1.0839551485670915,1.0684598960753176,0.839674646293441,7.0,7.104166666666667,2,4
1208310,39,2024,29,1.9,1.2,1.7,1.6,0.5966242739647901,0.7354202549587883,1.289228505190978,0.7130158933231687,7.104166666666667,7.0,2,2
1208312,39,2024,29,0.7,2.3,1.4,1.8,1.1529253954096736,1.157485760583536,0.8435900950874149,0.7034981336213482,7.0,6.791666666666667,1,2
1208306,39,2024,29,1.1,1.2,1.2,1.6,1.2577149575928643,0.9746706406858874,0.6383057334196479,0.42426728630592075,6.791666666666667,4.791666666666667,1,1
1212937,140,2024,28,0.9,1.2,1.1,1.3,1.4311298151942644,0.9598984611212737,0.9582764686291865,0.7455536416916815,5.90625,4.802083333333333,2,1
1223879,135,2024,29,1.6,1.1,1.3,1.4,1.007973514153531,2.0444928906534896,1.2445207903399949,0.9577145464023378,7.0,7.125,2,1
1208303,39,2024,29,1.5,1.2,1.7,1.5,0.9724790567801396,1.2493550074584583,0.5699053341448798,0.5930247990326978,6.145833333333333,7.0,1,2
1208744,140,2024,28,1.9,1.3,2.1,1.0,0.515282326132927,0.752415910698927,0.7756594670904609,1.088831808995903,7.09375,6.09375,1,2
1223882,135,2024,29,1.0,1.2,0.9,1.6,1.68800960877244,1.0567002708164484,0.41158908081157974,1.1131299704865014,7.239583333333333,6.114583333333333,1,0
1208738,140,2024,28,1.2,1.6,1.2,1.4,0.8669343092350987,1.0166174383811297,1.169509680931333,1.3753267863644143,5.0,7.104166666666667,1,1
1223884,135,2024,29,0.8,1.5,1.6,0.7,0.5591072793864671,0.5892718789268652,1.1178892517162906,1.4720236693214441,7.895833333333333,6.895833333333333,0,0
1208741,140,2024,28,1.0,1.5,1.5,1.3,0.9710355350965365,1.2415972767488015,1.284277624853381,0.5475708545497459,8.0,6.8125,2,3
1208307,39,2024,29,1.4,1.4,1.7,1.7,0.8564186930248524,1.0628828880457277,0.9641018588787131,0.8336863985987091,7.9375,6.979166666666667,2,0
1208304,39,2024,29,1.8,0.9,1.7,1.1,0.5887724032081857,0.8250882679866258,0.757849356994311,0.7454188919959803,6.875,6.979166666666667,1,0
1223876,135,2024,29,1.5,1.2,1.6,1.3,1.0715518311268841,1.111529960655889,0.9880978637963348,0.7669227500861079,7.104166666666667,5.760416666666667,5,0
1223881,135,2024,29,1.5,0.9,1.1,1.5,0.9974007058279766,0.38318905907195283,0.7530038305753459,0.8326801667714308,6.916666666666667,8.802083333333334,1,0
1208740,140,2024,28,1.1,1.4,1.4,0.8,1.0957040372691251,0.5074737525902999,0.9848443230300403,1.4907954753539747,6.802083333333333,6.90625,0,1
1223877,135,2024,29,1.6,1.1,1.5,0.9,0.7644321457525769,1.0508944548921648,0.6612937227217648,1.1811418599655792,7.125,6.885416666666667,3,0
1208743,140,2024,28,1.3,1.4,0.9,1.0,1.1807692972652404,1.2948021628798883,1.8523913110669417,0.9672201739068103,13.895833333333334,7.1875,1,2
1208739,140,2024,28,1.1,1.2,0.9,1.2,0.7806719830887054,0.7863908040740302,0.6489983812061334,1.1922157682145915,7.09375,6.895833333333333,2,2
1208309,39,2024,29,0.9,2.1,1.2,1.4,0.10527222657984006,0.9731763953561859,1.2675633981577619,1.2811983214370384,7.208333333333333,7.104166666666667,0,3
1223875,135,2024,29,2.1,1.0,2.1,0.9,1.4452407836072667,0.14462178391815927,0.7749032882889639,1.9513142120744937,7.0,8.0,0,2
1208737,140,2024,28,1.8,0.8,2.7,1.0,0.8907825929460429,1.5100282581041569,1.0747075863919155,0.2740339365632115,7.291666666666667,14.197916666666666,2,4
1208729,140,2024,27,2.7,1.0,1.3,1.4,1.5573562274510415,0.6933998365438652,1.1242308124531755,1.5777325169830383,11.0,11.104166666666666,3,0
1208751,140,2024,29,0.9,1.2,0.7,2.4,1.280645244080283,1.4775917644909995,0.7843093834554548,0.8909751111910573,12.8125,14.0,2,1
1223894,135,2024,30,0.8,1.5,1.5,1.2,0.3634197316012036,0.38302672130246235,1.8542009979247824,0.7224944744263279,13.104166666666666,13.0,0,1
1223886,135,2024,30,1.3,1.4,0.9,1.6,1.1246727794552625,1.0256394551615196,0.2675329025275268,1.0057219808162259,13.875,13.760416666666666,1,1
1212938,140,2024,29,1.1,1.3,1.8,0.8,0.9742054621847287,1.2773449098346354,1.0942864631927056,1.8403146640639982,14.0,12.802083333333334,1,1
1223890,135,2024,30,1.5,0.9,1.0,1.3,0.4298409197691471,1.7083672089776263,1.156408035359183,1.0120570560019297,13.0,14.885416666666666,1,0
1208752,140,2024,29,1.0,1.3,1.1,1.2,1.210757380488821,1.1945656469861028,1.2100883041591737,1.369950318944416,14.895833333333334,13.0,0,2
1223892,135,2024,30,0.7,1.5,1.5,0.9,1.4036239862777784,1.2228738903742378,0.8489771254548515,0.24907288839676936,15.0,13.197916666666666,0,1
1208754,140,2024,29,2.1,1.0,1.0,1.5,0.8439222433523892,0.9518196232157581,1.3446346362742871,1.4253715632200543,14.104166666666666,13.291666666666666,3,2
1223885,135,2024,30,1.1,1.5,0.7,1.8,0.4894524898739749,0.7419087750680967,1.4785638389275064,1.0097928464891608,13.8125,14.854166666666666,3,0
1208750,140,2024,29,0.9,1.0,1.9,1.3,1.940165463304623,0.9854238822701958,0.5790124593548236,0.8288139316978922,13.770833333333334,14.770833333333334,1,2
1223887,135,2024,30,1.6,1.1,2.1,1.0,1.4375058947391748,0.6830813956799071,0.9394065093447234,0.5240041595468036,13.833333333333334,13.71875,1,0
1208747,140,2024,29,2.7,1.0,1.2,1.6,1.3803371033987326,0.4507098937535124,0.839548967669481,0.9023377932810677,2.7604166666666665,14.760416666666666,4,1
1223889,135,2024,30,2.1,0.9,1.1,1.5,0.9336871373878266,1.268354237848421,0.7093886820521935,0.5959843615754703,13.84375,15.083333333333334,2,1
1208753,140,2024,29,1.2,1.4,0.9,1.2,1.0017177509386999,1.170004077803536,1.7229694226113144,0.9752597573045854,14.854166666666666,15.052083333333334,1,0
1208746,140,2024,29,1.4,0.8,1.3,1.4,0.8767559528266691,0.9690170589800836,0.7307500280945641,1.3935816915945305,14.052083333333334,2.8541666666666665,0,0
1223893,135,2024,30,1.6,0.7,1.6,1.1,0.7266280136155889,0.9568153850589387,1.0583077841997952,1.644654644659034,14.302083333333334,15.072916666666666,2,1
1208748,140,2024,29,1.5,1.3,1.1,1.4,1.453113789488031,1.0693825939188732,0.7122076242249313,0.5664650820408378,14.25,14.15625,2,1
1223888,135,2024,30,0.9,1.7,1.2,1.5,0.7855420649753171,0.5323027377856723,0.8871417884463177,1.1950280486657208,16.104166666666668,16.104166666666668,0,0
1223891,135,2024,30,1.6,1.3,1.0,1.2,0.6422636114676177,1.6561920952482776,1.3793937457020862,0.6868551760306915,15.197916666666666,15.958333333333334,1,1
1208749,140,2024,29,1.6,1.5,1.1,1.6,0.7800304111121291,0.5845858126518819,0.8935352369809918,1.231629659114694,16.25,16.958333333333332,1,1
1208314,39,2024,30,1.8,0.9,1.4,1.4,0.6407828701661288,0.5363073741913068,0.9860839151720363,0.690873877229723,16.21875,16.21875,2,1
1208317,39,2024,30,1.4,1.8,1.2,1.6,0.8657248661546457,0.8628293424094318,0.7697598378338822,0.5661146451897575,17.15625,17.15625,1,0
1208316,39,2024,30,1.5,1.2,1.2,1.4,1.3138928718428957,1.4920848163870328,1.4322495421358785,0.832778908934075,17.166666666666668,16.0,1,0
1208313,39,2024,30,1.5,1.2,0.9,2.2,0.8592224980182019,1.3130611470048605,1.5613370054168962,1.3239647859625487,18.052083333333332,18.15625,1,2
1208321,39,2024,30,0.7,2.3,1.3,1.3,1.1549570625718435,1.0697570487271246,1.5088549595502414,0.4533142354791397,18.15625,25.15625,1,1
1208319,39,2024,30,1.9,1.2,0.9,2.1,0.7239899886034293,0.9790035578800751,0.06842694727689604,1.240897990314854,18.15625,16.989583333333332,2,0
1208320,39,2024,30,1.8,1.2,1.7,1.5,0.7372274119138171,1.1262493296416758,0.8714188593510346,0.6125772304823647,22.947916666666668,18.052083333333332,2,1
1208315,39,2024,30,1.7,1.6,1.5,1.3,1.3389789205309985,0.7996445411863755,0.9378495583834832,1.1931014502732316,18.15625,25.052083333333332,0,3
1208322,39,2024,30,2.3,1.1,1.1,1.2,0.9464996271435807,1.0429883550128713,1.1078556315262709,0.9883970275569379,25.166666666666668,18.166666666666668,1,0
1208318,39,2024,30,1.7,1.1,1.7,1.7,0.4926020820463022,0.7426030878781953,0.6266662082711636,0.9713079237950432,18.229166666666668,18.229166666666668,1,0
1223898,135,2024,31,1.0,1.3,1.1,1.5,0.7516652229834689,0.8893755479397158,0.9171632493945319,0.6740565016907223,6.072916666666667,5.114583333333333,1,0
1212939,140,2024,30,1.1,1.2,1.1,1.3,1.4351587963048613,0.8904677073138704,1.16022218678371,1.0284579520762736,6.0625,6.15625,0,4
1208326,39,2024,31,1.1,1.2,1.8,0.9,0.7201061604920761,0.8276029954482416,0.8220644211635393,0.7541553487799049,2.6875,3.6979166666666665,1,1
1208763,140,2024,30,1.2,1.6,1.0,1.3,0.932165162318496,1.0159177137808422,0.7869922973177337,1.4250690691423653,5.90625,6.770833333333333,0,1
1223901,135,2024,31,0.7,1.8,1.3,1.4,0.9610664953028792,1.3404562593088634,0.9481046143382283,1.0249989791883212,6.104166666666667,6.958333333333333,1,3
1208328,39,2024,31,0.9,2.2,1.4,1.8,1.9611653498172785,1.0154255957241416,0.7908461630005198,0.5608390725661306,2.8020833333333335,3.8020833333333335,1,2
1208332,39,2024,31,1.2,1.6,1.5,1.2,0.5003438945920234,0.5960995193733424,0.713343108560316,1.7997860418494556,3.8020833333333335,2.8020833333333335,2,2
1208325,39,2024,31,1.3,1.3,1.7,1.6,1.1516587337411017,0.8561927145999024,0.870336298345149,1.158518951771144,2.8020833333333335,2.8020833333333335,2,1
1208756,140,2024,30,2.1,1.0,1.2,1.4,0.9902161248457195,1.5461827550902427,0.9731651492212661,0.7605026505722985,6.760416666666667,5.90625,1,2
1223902,135,2024,31,1.2,1.5,2.1,0.9,0.5766421624901066,0.7767682316327186,0.8935633059687539,1.2804908606620797,4.979166666666667,6.0,2,2
1208323,39,2024,31,1.5,1.3,1.5,1.2,1.248352212949264,0.7755159426776005,1.0973637000312155,0.9698551306515714,2.90625,3.8958333333333335,2,1
1208761,140,2024,30,0.9,1.2,1.6,1.5,1.1199301246973543,0.9559674533590916,0.688172110972884,0.6610413842843292,6.0,4.895833333333333,1,2
1223900,135,2024,31,1.6,1.1,1.6,1.1,1.091025059729867,1.5820937008465539,1.2165663315804636,0.44400290719193963,6.0,6.239583333333333,2,2
1208755,140,2024,30,2.7,1.0,1.5,1.3,1.3266172653573243,0.6794197642731163,1.3861906298338869,1.0193993853479668,6.197916666666667,6.0,1,1
1223899,135,2024,31,0.7,1.5,0.8,1.5,0.912355591080556,0.9955346954099212,0.23622282554078236,0.4496340355132672,7.614583333333333,7.854166666666667,1,1
1208757,140,2024,30,1.1,1.6,0.9,1.2,0.8618585100982507,0.981711622174551,1.261817556800332,1.512517980252483,5.708333333333333,7.958333333333333,1,3
1208327,39,2024,31,1.4,1.4,2.3,1.1,1.0465101004173791,0.8546235757548755,0.8003696851795594,0.6779424307583664,4.760416666666667,3.75,3,2
1208331,39,2024,31,1.7,1.7,0.7,2.3,0.40733303537625637,0.808166759463318,1.3122605522101598,0.8662450917060758,2.75,3.7604166666666665,3,1
1208324,39,2024,31,1.7,1.5,1.7,1.1,0.8169124546566039,0.7766937183320555,0.4970079623266362,0.48269200712082694,3.7604166666666665,2.75,0,0
1223897,135,2024,31,0.9,1.6,1.1,1.5,0.5322297199762258,0.8707865952228546,1.0022350275089926,0.48224070379426287,7.958333333333333,7.104166666666667,0,0
1223904,135,2024,31,1.0,1.2,0.9,1.7,1.2439136270140483,0.6816121144199494,0.5106023422339562,0.345996779560687,5.760416666666667,5.854166666666667,1,1
1208760,140,2024,30,1.1,1.4,1.8,0.8,0.7872356550469046,0.8098689699932113,0.9094699617590193,1.7231931680052353,6.802083333333333,7.958333333333333,1,2
1208330,39,2024,31,1.2,1.4,1.9,1.2,0.9309622023883211,0.784639624140482,0.726733843469422,0.6363523126220488,4.854166666666667,3.8645833333333335,0,0
1223895,135,2024,31,2.1,1.0,1.6,1.3,0.6106142310740702,0.6227902037054223,0.6526275974539515,1.4238325542190728,7.125,5.885416666666667,0,1
1208762,140,2024,30,0.7,2.4,0.9,1.0,1.061884432579379,1.0085319704223354,1.6574750725155263,1.1286834182124694,8.145833333333334,7.1875,0,4
1223903,135,2024,31,1.5,0.9,1.5,0.9,0.7525017982123201,0.1618973774579001,0.5109350593884072,1.1104386858354571,7.958333333333333,8.072916666666666,1,1
1208759,140,2024,30,1.9,1.3,1.4,0.8,0.8645159933174775,0.9350965769711512,0.5698913693373349,0.6298610883370543,7.291666666666667,7.104166666666667,0,0
1223896,135,2024,31,1.5,1.2,1.6,0.7,1.4058973153177754,0.46962140837711314,0.9853763906683145,1.02505500028831,9.197916666666666,8.0,1,1
1208329,39,2024,31,0.9,2.1,1.8,1.2,0.044477515729982424,1.062724044581848,0.8577163362624995,0.9825522603455207,5.010416666666667,5.010416666666667,0,3
1208758,140,2024,30,1.0,1.5,1.3,1.4,1.8015125135782866,1.3681581827597018,0.4749875182614667,0.9058280995364448,8.958333333333334,8.104166666666666,1,1
1223913,135,2024,32,1.1,1.5,1.6,1.1,0.5961561121064457,0.7391367260989694,1.2222344706425954,1.5414290873684418,7.0,6.0,0,4
1208772,140,2024,31,1.2,1.4,1.1,1.4,1.4054740136604895,0.6520648181100892,1.0386918121441244,0.8944703860511429,6.197916666666667,5.197916666666667,1,0
1208338,39,2024,32,1.9,1.2,1.3,1.3,0.47237699825512436,0.41362900320433177,1.2399243307778698,0.7877469839469501,5.833333333333333,6.895833333333333,5,2
1208771,140,2024,31,0.9,1.2,0.9,1.2,1.786327245253549,1.3344624447398716,1.071473099571799,1.1044517613500762,6.0,6.8125,0,2
1223914,135,2024,32,0.8,1.5,0.7,1.8,0.5297948366015085,0.7222621230836237,1.0854075076611571,1.450142722396915,6.104166666666667,7.0,1,0
1208341,39,2024,32,0.7,2.3,1.5,1.3,1.282381123642486,0.9551309208621461,1.3792067161947994,0.7661366447917224,6.041666666666667,6.895833333333333,0,3
1208335,39,2024,32,1.7,1.6,0.9,2.1,0.7969403133813604,1.2443834724973974,0.028910385224488577,1.0963261845337566,7.0,4.791666666666667,2,2
1208340,39,2024,32,1.5,1.2,1.1,1.2,0.9753376870715722,1.1981836127012992,0.9842306204814657,0.774516021115431,6.895833333333333,7.104166666666667,0,1
1208767,140,2024,31,0.9,1.0,1.1,1.6,1.9361550934313885,0.7336442218381052,0.9115337891396205,1.6042583877467913,5.90625,6.09375,1,3
1223909,135,2024,32,2.1,0.9,1.1,1.5,0.8674828155463566,1.668430170541463,0.6514527678808453,0.3134564574662709,7.0,6.125,3,1
1208334,39,2024,32,1.8,0.9,1.7,1.5,0.7709159478303746,1.0063625928685545,0.5309930955267925,0.5048509169158361,7.208333333333333,6.145833333333333,1,1
1212940,140,2024,31,1.6,1.5,1.1,1.3,0.9303847887990413,0.7731954183033325,2.159447451712442,0.6684976688495778,7.0,7.895833333333333,0,2
1223910,135,2024,32,1.5,0.9,0.7,1.5,0.6665522330469091,1.0562295902374916,1.0230311342023615,1.0233475520164488,6.0,6.34375,2,1
1208769,140,2024,31,1.0,1.5,2.7,1.0,1.5022331338258863,1.127123331614319,0.994423729604768,0.7507895134441922,5.0,7.0,0,1
1223905,135,2024,32,2.1,1.0,1.5,1.2,0.39689925019814565,0.6870011324085245,1.343833254956554,0.5404101654451235,6.770833333333333,5.65625,2,0
1208770,140,2024,31,1.3,1.4,1.2,1.6,0.5465623996904662,0.9200382646986891,0.6059073555070225,0.9501902639575474,5.708333333333333,8.0,2,1
1223908,135,2024,32,0.9,1.7,1.0,1.3,0.749947078007627,0.4904861420085642,0.7895823949392549,0.5780941061608154,7.0,8.760416666666666,0,0
1208342,39,2024,32,1.4,1.8,1.7,1.7,0.8458681877685197,0.679977495933417,0.6568380842477636,0.9547201583570389,7.958333333333333,7.0,4,2
1208337,39,2024,32,2.3,1.1,1.2,1.6,0.8376315997145398,1.4361171254474834,1.0349457537070375,0.8132980209260057,7.0,7.958333333333333,2,1
1208336,39,2024,32,1.7,1.1,0.9,2.2,0.32305517551231355,0.3137498046285375,1.5901895761466633,0.9918448190388739,7.0,7.958333333333333,2,2
1223907,135,2024,32,1.6,1.1,1.2,1.5,1.303836297345483,0.8016700714929424,1.2109285167296804,0.7915660172279337,7.760416666666667,7.875,0,0
1208768,140,2024,31,1.0,1.3,2.1,1.0,0.8013887432565269,0.9262948949425375,0.801378576387813,1.7779354574753246,8.09375,8.0,0,1
1208339,39,2024,32,1.8,1.2,1.2,1.4,0.9630711741261802,0.6386589692245884,0.6051254315524087,0.5100157556913133,5.854166666666667,7.0,4,1
1223906,135,2024,32,1.3,1.4,1.0,1.2,1.1951141531660023,1.1269636221866945,1.0741320928532492,0.8611034299285226,8.125,7.125,1,0
1208766,140,2024,31,1.5,1.3,1.9,1.3,1.210190576058693,0.7947321075986855,0.5619353956563604,0.6078127750312483,7.895833333333333,6.895833333333333,1,2
1223911,135,2024,32,1.6,1.3,1.5,0.9,0.7063954383450685,0.9254911602423974,0.8235706132824525,0.43967773979207947,7.114583333333333,7.0,1,1
1208764,140,2024,31,1.4,0.8,1.1,1.2,0.37042939006926767,0.40940970741908533,0.9328532175981599,1.984107040057046,7.0,9.0,3,1
1223912,135,2024,32,1.6,0.7,0.9,1.6,0.8756509039344044,1.0962857501874015,0.3459493179845468,0.5660112868948555,7.0,8.239583333333334,3,0
1208765,140,2024,31,1.8,0.8,0.7,2.4,0.9592110306989181,1.6470641955670393,0.6902248811765964,1.5143420770708143,8.197916666666666,8.104166666666666,4,2
1208333,39,2024,32,1.5,1.2,1.4,1.4,0.8895063538975386,1.8795831494243682,1.6756861107258418,0.8728966285884951,9.208333333333334,8.25,1,0
1208311,39,2024,29,1.8,1.2,1.3,1.3,1.4371073742931282,0.7699894411070936,1.4610790201338206,1.5464484950311046,3.125,4.291666666666667,5,0
1212941,140,2024,32,1.1,1.3,0.9,1.0,1.9657620557342992,0.43452348475222563,1.5805494218415137,1.7416414714674953,6.104166666666667,6.197916666666667,1,0
1208774,140,2024,32,1.1,1.2,1.2,1.4,1.1333432278024402,2.11779457603708,1.1895997755459848,0.423842131771558,5.708333333333333,7.708333333333333,1,1
1223919,135,2024,33,0.7,1.5,1.3,1.4,1.3816369038982017,1.0665092421440252,1.0662472764809785,0.7325263544213515,6.760416666666667,5.875,0,3
1208346,39,2024,33,1.1,1.2,1.9,1.2,1.0268711154341648,0.5034354137250302,1.3414580043314177,0.9239870572110208,7.0,7.104166666666667,0,2
1208352,39,2024,33,1.2,1.6,0.7,2.3,1.0598359520307865,0.8063611049062516,0.833547730367616,1.0651829246473514,6.041666666666667,7.0,1,1
1208345,39,2024,33,1.3,1.3,1.5,1.2,0.9497013630869834,2.0970718636505596,0.8215124633667334,1.2217290471258393,2.8125,4.791666666666667,0,0
1208344,39,2024,33,1.7,1.5,1.7,1.6,0.6791324401969903,0.5174123552545526,0.8042857135018058,1.5185714793455305,6.895833333333333,7.0,4,2
1208773,140,2024,32,2.7,1.0,1.6,1.5,0.7608815970826054,0.48801318373872493,0.6047501127193768,1.0646982340183782,6.802083333333333,6.90625,4,3
1223921,135,2024,33,0.7,1.8,1.6,0.7,0.7055148799797522,1.2561344362246614,1.0982746500573626,0.712585737621811,7.125,4.885416666666667,0,1
1208781,140,2024,32,0.9,1.2,1.0,1.5,1.5552538110179657,0.7178936448775496,0.9764515369868262,0.8471363383888135,7.1875,6.895833333333333,0,0
1208343,39,2024,33,1.5,1.3,1.8,1.2,1.3408321916135761,0.49798881911461956,2.0260001351708747,0.5004931367196108,7.104166666666667,2.9166666666666665,4,1
1223923,135,2024,33,1.5,0.9,0.9,1.7,0.7668593601720557,0.5993321975315182,0.4874656007049576,0.31881599230556673,6.0,6.239583333333333,1,0
1208776,140,2024,32,1.1,1.6,1.8,0.8,1.8572696902134802,1.3648165631465252,1.052885318102445,2.7268417271185754,7.197916666666667,5.0,1,0
1208778,140,2024,32,0.7,2.4,1.3,1.4,2.1048961727647875,1.4137204982441776,0.8011790213372645,0.8740665387208146,5.708333333333333,7.0,2,3
1208350,39,2024,33,1.2,1.4,1.4,1.8,0.7481926416201767,1.1426213523104647,1.4086378514613025,0.7759723004612962,6.895833333333333,7.0,0,1
1208347,39,2024,33,1.4,1.4,1.7,1.1,1.0891959719717972,0.8107161419158553,0.48324789616856534,1.2362606053317817,5.75,7.0,1,2
1208348,39,2024,33,0.9,2.2,1.8,0.9,2.0659464568185637,0.9179611644608296,0.6903546253490028,0.9881226134691357,7.0,7.854166666666667,0,4
1223917,135,2024,33,0.9,1.6,0.8,1.5,0.22486705668995544,0.8970088989816559,0.6579083104576471,0.4694703800043554,5.760416666666667,8.0,2,2
1208779,140,2024,32,1.9,1.3,0.9,1.2,0.7407640800511281,0.6328988165908241,1.1611127094148068,1.7261968853772127,6.90625,8.09375,2,2
1208349,39,2024,33,0.9,2.1,2.3,1.1,0.7285139726181397,0.9988865297508633,0.8221779311187987,1.3205973436620764,8.0625,7.104166666666667,0,1
1223915,135,2024,33,1.5,1.2,2.1,0.9,0.87349161572176,0.7095999408726636,0.9938638301051318,1.540540216912557,7.229166666666667,8.0,1,0
1208780,140,2024,32,1.1,1.4,1.0,1.3,0.6751496778936809,0.8574474175999096,0.5209026831167425,0.7719634765844442,8.895833333333334,7.09375,1,1
1223920,135,2024,33,1.6,1.1,2.1,1.0,1.5469524059176871,1.0019289067894872,0.616317845962128,0.4465507360655409,9.0,7.34375,0,1
1208775,140,2024,32,2.1,1.0,1.4,0.8,0.6907678695238733,1.155658047358961,1.068904103545024,0.7931049461860418,7.197916666666667,7.0,1,0
1208351,39,2024,33,1.7,1.7,1.5,1.2,0.7609316828656214,1.4793916323438399,0.6339694965965219,1.1659405603770567,8.25,9.208333333333334,1,2
1208777,140,2024,32,1.2,1.6,1.5,1.3,0.6698814477462314,1.0635371331108674,1.0244443872586633,0.8920819428136395,8.291666666666666,8.104166666666666,1,3
1212942,140,2024,33,1.2,1.4,1.1,1.3,1.0952884652160013,0.5766337492878764,1.6993362453182037,0.28244026508894665,3.2083333333333335,3.9166666666666665,1,1
1208358,39,2024,34,1.9,1.2,1.5,1.3,1.3201933168505093,0.6005915871871635,2.00709648010438,0.5420688008005711,3.2083333333333335,3.1041666666666665,2,1
1208784,140,2024,33,2.7,1.0,0.9,1.2,0.9525977294617181,1.186739819430171,1.0109149771616777,0.46663086917040725,3.21875,3.125,1,0
1223922,135,2024,33,1.2,1.5,1.5,0.9,0.7871035358742923,0.5145179111981569,0.8345922848138243,1.4032159003210363,10.145833333333334,10.90625,1,0
1223924,135,2024,33,1.0,1.2,1.1,1.5,0.6981858603546119,0.8491403063766167,0.38750147286918973,1.23293887196433,10.020833333333334,11.90625,2,0
1223918,135,2024,33,1.0,1.3,1.6,1.3,0.5132285567105157,0.37576116900453,0.7726987015909611,0.8331077156960198,10.145833333333334,9.90625,0,2
1223916,135,2024,33,1.1,1.5,1.6,1.1,0.8795049051831554,0.633746697353076,0.8474935932745639,0.5210855464704126,11.020833333333334,10.145833333333334,1,2
1208786,140,2024,33,1.6,1.5,1.9,1.3,1.2626188232675948,1.1500785434699705,0.8882948976472684,1.2041192735190782,4.114583333333333,3.1145833333333335,3,0
1208782,140,2024,33,1.4,0.8,1.1,1.6,0.6947876673042656,0.7915598816875937,1.7342139350023986,0.8871307660452414,2.9166666666666665,3.9166666666666665,1,0
1208354,39,2024,34,1.8,0.9,1.3,1.3,0.964892122638468,0.6422796987549382,0.6173058860065392,1.3630967113728638,3.25,4.208333333333333,2,2
1208789,140,2024,33,1.0,1.3,0.9,1.2,0.6698367440258826,0.8260769590805879,1.547458303854667,1.5288262211092234,3.125,3.21875,1,0
1208787,140,2024,33,0.9,1.0,2.1,1.0,1.0273571241969839,1.553657865544781,0.7250407818571842,0.7511777307833247,5.020833333333333,3.0208333333333335,0,1
1208788,140,2024,33,1.3,1.4,1.1,1.4,0.9666798254076834,1.514571821597101,0.7631479899315918,0.8885908214399412,4.208333333333333,4.020833333333333,1,0
1208790,140,2024,33,1.0,1.5,1.2,1.6,0.634693499041437,0.5506386199527288,0.7326985820606914,1.2709866365220637,5.020833333333333,2.9166666666666665,1,1
1208785,140,2024,33,1.5,1.3,0.7,2.4,1.245576351718131,0.8771289038545067,2.3146110837256835,1.3648317853971768,3.0208333333333335,4.3125,5,1
1208783,140,2024,33,1.8,0.8,1.1,1.2,0.6843754567665892,2.2994357589907106,1.0378094617079499,1.6986150855352133,5.020833333333333,5.3125,3,0
1208356,39,2024,34,1.7,1.1,1.1,1.2,0.7435228972154497,1.1353875752838398,0.6674662250322071,0.7754786329563574,5.9375,6.895833333333333,1,0
1208355,39,2024,34,1.7,1.6,1.2,1.6,0.9235700275016641,1.738542049809889,0.8740382963562432,0.9803847181890635,7.0,7.0,3,2
1208361,39,2024,34,0.7,2.3,1.4,1.4,0.9980560247389505,0.8775138285570103,1.0397955635998501,0.9563772569511882,7.0,6.041666666666667,1,2
1208362,39,2024,34,1.4,1.8,0.9,2.1,1.1763288891641324,0.5043819952998425,0.4735340822017908,0.7550733457873365,6.041666666666667,5.9375,3,0
1208359,39,2024,34,1.8,1.2,0.9,2.2,1.5352761562371369,1.4608760944233028,1.3428651969320664,1.1128363730611555,6.895833333333333,6.041666666666667,3,0
1223934,135,2024,34,0.8,1.5,1.6,1.1,1.1331091517974703,0.9740446358917199,1.0055190638464966,0.846708334867712,6.895833333333333,6.65625,0,2
1223926,135,2024,34,1.3,1.4,1.0,1.3,1.3876761143280207,0.4761421303738785,0.33359856186183523,0.6783793752375599,7.895833333333333,3.75,1,0
1208353,39,2024,34,1.5,1.2,1.2,1.4,0.5339831011883768,0.7941238806317956,0.4863252170531149,1.0034181647160878,7.958333333333333,7.0,1,1
1223927,135,2024,34,1.6,1.1,0.9,1.6,0.9271208356284665,0.7118461010735366,0.8150524757373598,1.2885245343380762,3.8541666666666665,7.0,2,1
1223929,135,2024,34,2.1,0.9,1.5,0.9,0.6460114895683357,1.3357955854376065,0.675517407641248,0.38956592839548687,6.875,7.760416666666667,0,1
1212935,140,2024,26,1.9,1.3,1.1,1.3,0.5773916834707244,1.451547720095093,1.405704923093196,0.4808618133334563,3.8854166666666665,4.885416666666667,1,0
1208357,39,2024,34,2.3,1.1,1.7,1.7,0.6402127566764945,0.8583882733803496,0.7450957899410853,1.362388874748986,7.0,5.854166666666667,5,1
1223930,135,2024,34,1.5,0.9,0.7,1.8,0.5424849851289858,1.330145890764229,0.4585846719868389,0.9732582168793632,3.9791666666666665,8.0,2,0
1223932,135,2024,34,1.6,0.7,1.0,1.2,0.870649355870619,0.46318072945417715,1.0558208092304977,0.5519411991448009,8.114583333333334,4.09375,2,0
1223925,135,2024,34,2.1,1.0,0.7,1.5,0.5960611453299286,0.2902579784426016,0.8980639875338311,1.387846392009001,7.0,8.239583333333334,1,1
1223933,135,2024,34,1.1,1.5,1.5,1.2,0.2518759573649733,1.4034102667768145,0.9022139946635883,0.4612399615672314,5.0,8.020833333333334,0,0
1223928,135,2024,34,0.9,1.7,1.1,1.5,0.3168526404582224,0.3842892185280302,0.9448186842368196,0.7881853532794993,9.0,5.09375,0,2
1223931,135,2024,34,1.6,1.3,1.2,1.5,0.9363887714187401,0.5415200152024129,0.9296728538738455,0.33443664227880204,5.09375,5.09375,2,2
1208360,39,2024,34,1.5,1.2,1.7,1.5,0.8128644865132295,1.0083515603235182,1.1929066743633376,0.7371023446409495,9.979166666666666,12.1875,0,2
1223944,135,2024,35,1.0,1.2,0.8,1.5,0.6862835259998236,0.8290742794441206,0.7365209486683557,1.0093790133296179,5.0,5.34375,1,1
1208371,39,2024,35,1.9,1.2,1.4,1.8,1.271890838139066,0.6742734205605452,1.2860423493852573,0.32784829694489764,10.0,6.208333333333333,1,0
1208797,140,2024,34,1.1,1.2,0.9,1.0,0.6745761501101675,1.7481970278201109,0.6677821307280396,1.230710945937441,7.979166666666667,8.979166666666666,1,0
1208364,39,2024,35,1.5,1.3,1.4,1.4,1.5885016009567359,0.7661099027066061,0.9932584206877286,1.1430737884468438,10.6875,6.895833333333333,1,0
1208793,140,2024,34,1.0,1.3,1.8,0.8,0.821852216950157,0.5369500234023822,1.0889412691205052,1.494633243343962,9.6875,8.6875,0,0
1223942,135,2024,35,1.2,1.5,1.3,1.4,1.1831335088641535,0.5936338174812213,1.1691492376268229,0.30949238474302104,4.760416666666667,6.104166666666667,0,1
1223936,135,2024,35,1.1,1.5,1.1,1.5,1.0970198452886921,0.5123204796316746,0.16371937228723266,0.9122166734049294,4.760416666666667,4.854166666666667,1,2
1208370,39,2024,35,0.9,2.1,0.7,2.3,0.30779715343116404,1.0122262461903402,1.1701649875088893,0.8877752929098828,7.0,7.0,2,0
1208369,39,2024,35,1.1,1.2,0.9,2.2,0.43385304627093463,0.7545513075000637,0.8728623780058432,1.1104648546109632,7.104166666666667,7.0,2,2
1208798,140,2024,34,1.9,1.3,1.3,1.4,0.5630576306932178,0.9435060180618104,0.8831495788226866,0.9844716840381156,6.0,8.885416666666666,4,2
1223940,135,2024,35,0.7,1.5,1.6,0.7,1.2287415918969904,1.0454334881391838,1.0362345813159024,0.3010674741452152,5.885416666666667,5.885416666666667,0,1
1208363,39,2024,35,1.8,0.9,1.5,1.2,1.0639320164671409,1.290986077694983,0.5904223491057783,0.8710416335217782,9.895833333333334,6.145833333333333,1,2
1208792,140,2024,34,1.1,1.6,1.2,1.4,1.1272390577515592,0.783666247929407,1.0092131434160418,0.6759483006734832,9.979166666666666,10.979166666666666,2,3
1223939,135,2024,35,2.1,0.9,0.9,1.7,0.4199074682194182,1.2027115749788886,0.20595421629784458,0.7326756925779789,6.239583333333333,5.0,1,0
1208795,140,2024,34,0.7,2.4,2.7,1.0,2.014112589037079,1.531237882730387,0.7623212401994994,0.7713808826296112,8.979166666666666,10.979166666666666,1,2
1223937,135,2024,35,0.9,1.6,1.6,1.3,0.9858447152898899,1.1902753223197495,0.9849027014221811,0.9308341637277222,6.895833333333333,5.65625,0,1
1208796,140,2024,34,2.1,1.0,1.6,1.5,0.692109841540503,0.4882655250091611,1.4895724274316289,0.7475510532554809,10.6875,10.791666666666666,3,2
1208372,39,2024,35,1.2,1.6,1.7,1.7,1.1004165592982247,1.2008530079993618,0.7575742955472669,1.5390054540088358,7.958333333333333,6.895833333333333,1,1
1208365,39,2024,35,1.7,1.5,1.2,1.4,1.2763697304930322,0.4791165240166172,0.6709725021956358,0.8955551403987905,2.7708333333333335,7.0,4,3
1223941,135,2024,35,0.7,1.8,2.1,1.0,0.2980800367914453,0.9670622854160305,0.5307730777977869,0.833667685987691,6.875,6.760416666666667,0,4
1208366,39,2024,35,1.7,1.6,1.8,1.2,1.163923459052552,1.6623439990430944,1.385050713675351,0.9495694613751469,7.958333333333333,7.958333333333333,1,1
1208799,140,2024,34,1.1,1.4,1.0,1.5,0.4960461934555347,0.8323917262436542,0.7023945243769341,0.6155539918581626,9.885416666666666,9.885416666666666,2,2
1208367,39,2024,35,1.7,1.1,2.3,1.1,0.7337800792684737,0.7380019239344959,1.0695909772617163,0.8312144097827887,8.166666666666666,7.0,3,1
1223943,135,2024,35,1.5,0.9,1.6,1.1,0.7735307594112556,0.2532178534570665,0.955362918158503,0.9187605717584049,7.125,7.125,1,0
1212943,140,2024,34,1.1,1.3,1.5,1.3,0.9137082000105774,0.5003132151039935,1.4537218508390075,1.0797491721208141,7.09375,9.875,1,2
1223935,135,2024,35,1.5,1.2,1.5,0.9,0.5864390965313324,0.29980597501870043,0.6870596847782852,0.8645948289967489,6.09375,7.114583333333333,1,1
1208794,140,2024,34,0.9,1.2,1.4,0.8,1.0058478975055336,1.3801953770543287,0.6586432337477726,0.5145139230969359,10.979166666666666,11.083333333333334,0,0
1223938,135,2024,35,1.0,1.3,1.6,1.1,0.21683906521019292,0.7081063572180233,1.0298373915002228,0.5503604176640128,8.34375,8.34375,1,2
1208791,140,2024,34,1.2,1.6,0.9,1.2,0.7338929672283383,1.1159850637393414,0.6570947351550905,0.44644278101014745,11.083333333333334,12.979166666666666,1,0
1208368,39,2024,35,1.3,1.3,1.5,1.2,1.2747530994085239,1.322764999144498,0.5283619162335992,1.1564089063671497,12.0,4.020833333333333,1,1
1223950,135,2024,36,1.6,1.1,1.5,1.2,1.1035289198597602,0.7681888169361537,0.7156298571898105,0.44570721709548866,4.0,5.0,3,1
1208806,140,2024,35,1.1,1.6,1.1,1.2,1.3349781148112407,1.2339924361541146,0.860065406662518,1.136328068083072,6.104166666666667,7.0,0,1
1208807,140,2024,35,1.2,1.4,0.9,1.0,1.380597918220427,1.0416391227104913,0.43405838497322574,1.2215530239502457,6.8125,7.708333333333333,3,0
1223946,135,2024,36,1.3,1.4,1.1,1.5,0.9914854659958965,0.20117005008296368,0.9866992630740135,0.8802810390333156,7.0,7.0,3,1
1208374,39,2024,36,1.4,1.4,1.1,1.2,0.6456179734470237,0.9863312958237818,0.7043185296628842,1.4367546461713374,7.104166666666667,7.0,1,3
1208382,39,2024,36,1.4,1.8,1.7,1.6,0.8359275271004173,0.36251659769254607,1.0070404444625902,1.2579541549335669,7.791666666666667,6.041666666666667,0,2
1208380,39,2024,36,0.7,2.3,1.9,1.2,0.7606072418807781,1.0707737471547087,0.9761442494687554,0.4382777233643544,7.0,7.791666666666667,0,0
1208375,39,2024,36,0.9,2.2,1.7,1.5,1.5136568420000942,1.1441162050839029,1.6884638542322354,1.163092407277468,7.0,6.041666666666667,0,1
1208803,140,2024,35,1.6,1.5,1.1,1.4,1.5479095778305587,0.9275748512827291,0.8845512378673096,1.2035546220583753,6.09375,6.0,3,2
1223949,135,2024,36,1.6,1.3,1.5,0.9,0.8165539434244177,0.6050422064230194,0.6974221284392188,0.8964310832923312,6.229166666666667,5.885416666666667,1,1
1208804,140,2024,35,1.2,1.6,1.9,1.3,0.799079039809531,0.7253902914305719,1.063355881003223,1.162095479787514,4.895833333333333,7.09375,0,1
1208805,140,2024,35,0.9,1.2,0.7,2.4,0.4271115778508089,0.612236418767707,1.9716731828741012,1.1384373398241343,4.895833333333333,6.895833333333333,2,1
1208373,39,2024,36,1.5,1.2,1.5,1.3,1.140811563955793,0.8027511358632299,1.2758593739552118,0.49797143675929395,7.0,7.208333333333333,0,1
1223947,135,2024,36,0.9,1.6,1.2,1.5,0.6407990649384284,0.9500461470078372,0.7690367807616998,0.6174004429012554,6.34375,7.239583333333333,2,1
1208800,140,2024,35,1.8,0.8,0.9,1.2,0.7078118249283284,0.9715116081735753,0.6538011333785969,0.8971269950853137,7.291666666666667,6.0,4,0
1223953,135,2024,36,1.1,1.5,0.7,1.8,0.6536903192594283,0.8665772013495677,0.19375202391443944,1.1063682632981975,7.895833333333333,6.895833333333333,1,2
1208378,39,2024,36,1.8,1.2,1.7,1.1,1.0777135194445335,0.8677103459722768,1.2967431477811924,0.6816775351424026,6.916666666666667,6.8125,2,0
1212944,140,2024,35,1.0,1.5,1.1,1.3,1.1190564408450072,0.9622313068290178,0.9182110293075745,0.8008446154586213,6.90625,6.8125,3,2
1223948,135,2024,36,0.9,1.7,0.7,1.5,0.13387024059359898,0.6027097884109804,0.7986820347330438,0.8676567672904695,7.760416666666667,7.875,1,1
1208379,39,2024,36,1.5,1.2,0.9,2.1,0.6054865276031214,1.0792298917027499,0.6937879564935416,0.6579470600237212,5.760416666666667,7.96875,2,2
1208381,39,2024,36,1.7,1.7,1.3,1.3,0.680290939164547,1.2508437411841746,1.1561536171796432,1.1218485314952058,7.010416666666667,5.760416666666667,0,2
1208377,39,2024,36,1.2,1.4,1.2,1.6,1.28779879309383,1.4409343706709783,0.9657609596222775,0.9684221022584087,7.010416666666667,7.010416666666667,0,2
1208801,140,2024,35,2.7,1.0,2.1,1.0,0.6386415221790573,1.1638975737092472,0.8915380636679935,0.8970600912559547,7.802083333333333,7.09375,4,3
1208376,39,2024,36,2.3,1.1,1.8,0.9,0.8972104198050959,1.3600754626154972,0.9281298847777156,1.596177987538776,7.0,7.958333333333333,2,2
1223952,135,2024,36,1.0,1.2,2.1,0.9,0.7470842918998853,1.0092107816386784,0.399410442577916,0.7817625237362776,8.885416666666666,7.885416666666667,0,2
1208808,140,2024,35,1.4,0.8,1.0,1.3,0.42811810193605215,0.33443405001300835,0.534203941017602,0.34901751521154845,6.895833333333333,8.1875,1,0
1223951,135,2024,36,1.6,0.7,1.0,1.3,0.8616774778553365,0.19569385819438986,0.5513999378411708,0.8944037475763306,8.114583333333334,6.0,2,2
1208802,140,2024,35,1.5,1.3,1.3,1.4,1.4205602286863805,1.0261376611792283,1.1228637942820834,1.3372750156774067,7.104166666666667,8.197916666666666,1,1
1223954,135,2024,36,0.8,1.5,1.6,1.1,0.9490511166344312,0.9570963586642516,0.620985896803027,0.8708307352793268,9.90625,8.020833333333334,2,1
1223945,135,2024,36,2.1,1.0,1.5,0.9,0.8227802783463392,0.5418839958919992,0.7764313572536797,0.16459160474709322,8.239583333333334,8.114583333333334,2,1
1208814,140,2024,36,0.7,2.4,1.2,1.6,1.833670902201499,1.1693824190338353,0.5194013758761952,0.6240530315351349,3.0208333333333335,3.0208333333333335,0,1
1208813,140,2024,36,0.9,1.2,1.6,1.5,0.424970736696088,1.44192884310175,1.6272349755898632,1.1650448654549859,2.9583333333333335,3.15625,0,1
1208816,140,2024,36,1.1,1.4,1.1,1.6,1.1370795167349632,1.403404254337944,0.8677357746273066,1.0655894016819927,3.21875,4.020833333333333,1,0
1208809,140,2024,36,1.0,1.3,1.2,1.4,0.34723256166144134,0.4816690771951988,2.0567636468432777,0.6770654297618194,3.0208333333333335,4.208333333333333,1,0
1208817,140,2024,36,1.9,1.3,1.0,1.5,0.8437306647573583,0.7553620618618841,1.797578994241562,1.1875715615600737,4.020833333333333,3.2083333333333335,3,0
1208815,140,2024,36,2.1,1.0,0.9,1.2,1.2419997413841957,1.2701260963534076,0.707020673751174,0.9500370055323428,3.21875,4.125,2,1
1208811,140,2024,36,1.3,1.4,1.8,0.8,1.0042697503070228,1.0900620935236478,1.3188739824997098,0.631482545312824,3.9166666666666665,4.916666666666667,2,0
1208812,140,2024,36,1.1,1.2,1.5,1.3,0.8225368325124549,0.7386132442539969,1.1441974819794807,0.941397763790167,5.916666666666667,3.9166666666666665,2,2
1212945,140,2024,36,1.1,1.3,2.7,1.0,1.1589583811711355,1.5907413077404113,1.1021540264534244,1.4190334229110106,4.3125,4.21875,0,2
1208810,140,2024,36,0.9,1.0,1.4,0.8,0.28213795023259675,1.9533844655676595,0.5330844585661263,0.21738213250845545,5.3125,4.125,0,2
1208384,39,2024,37,1.5,1.3,1.7,1.7,1.1131974819597765,0.3236814338935411,0.4421891104569555,1.2754918706837406,6.083333333333333,5.21875,2,0
1208387,39,2024,37,1.7,1.1,1.2,1.4,0.8428830460577751,0.9592520140041778,0.8370692155109895,1.5449406742694691,5.34375,5.25,1,0
1223957,135,2024,37,1.0,1.3,2.1,1.0,1.6484099595967612,1.0154970513092303,1.012584958702898,0.6532245973297994,6.0,5.0,2,3
1208389,39,2024,37,1.1,1.2,0.7,2.3,1.4532615897354202,1.2380571866780359,0.4943947072225058,0.6960029356505607,7.875,7.875,2,0
1208392,39,2024,37,1.2,1.6,1.5,1.2,1.2360779570878138,0.6294743664679657,0.7180106873864733,1.6477957259030835,7.0,7.0,1,2
1208385,39,2024,37,1.7,1.5,1.4,1.4,1.234132521293734,0.7560100647303543,0.7238183494072321,1.6365698877400034,8.0,8.0,2,3
1208390,39,2024,37,0.9,2.1,0.9,2.2,1.397258468017098,0.7521100334598632,0.9838769473000613,0.8803065493473177,7.03125,8.0,2,0
1208383,39,2024,37,1.8,0.9,1.8,1.2,1.1194460412671314,1.5312354986634895,1.216675403800563,0.5640117248819799,7.0,7.1875,1,0
1208822,140,2024,37,0.9,1.2,0.9,1.0,0.9748412157160409,0.9855796091515783,0.1833896676511879,1.932199902618979,3.8958333333333335,2.8958333333333335,1,2
1212946,140,2024,37,1.3,1.4,1.1,1.3,1.5446022607764878,0.7085403607903711,0.7533229477612381,1.2982268642762818,3.0,2.8958333333333335,2,0
1208819,140,2024,37,2.7,1.0,1.9,1.3,0.9806451314397401,0.9223717248921569,1.036582826829125,0.4909853402102247,2.8958333333333335,4.0,2,3
1208821,140,2024,37,1.2,1.4,1.4,0.8,1.3368963704481305,0.7713425293451825,1.0090048980679822,0.14129838613049606,4.0,2.8958333333333335,0,1
1208826,140,2024,37,1.1,1.6,1.0,1.5,0.5640282535077493,0.9561274292751134,1.1684263462570155,1.26007940975089,4.895833333333333,4.0,0,1
1208824,140,2024,37,1.1,1.4,2.1,1.0,1.0025960040595443,0.9122127653196636,1.1753553874552827,1.3408597404074927,4.895833333333333,3.8958333333333335,0,2
1208820,140,2024,37,1.6,1.5,1.1,1.2,1.2992391924667444,0.7572791625457408,1.183250339734494,0.9953763865428757,4.958333333333333,3.0,1,2
1208823,140,2024,37,0.9,1.2,1.2,1.6,0.2762309788524572,1.1787902063494708,0.4986351998750824,0.4056344704978377,4.958333333333333,5.0,3,2
1208818,140,2024,37,1.8,0.8,1.5,1.3,0.8572680886248114,1.3022905775302585,1.2590061410644404,1.260509945065007,3.0,3.0,4,1
1208825,140,2024,37,0.7,2.4,1.0,1.3,1.1918860864309744,0.9211228779275485,0.5569511650799368,0.31308490017687923,5.0,4.0,0,1
1223958,135,2024,37,0.9,1.7,1.3,1.4,0.42146010083028373,0.7711731271730196,1.3390809375127173,0.4239423507357446,7.239583333333333,8.239583333333334,1,1
1223964,135,2024,37,1.5,0.9,1.6,1.1,0.8056803822148919,0.5847623208633883,1.4227625479088442,0.7729590946448635,6.0,9.0,3,1
1223956,135,2024,37,1.6,1.1,1.5,1.2,0.5917658329219675,1.5921763415679258,0.7387957708097403,0.9951784411120677,6.09375,9.0,3,2
1223960,135,2024,37,1.5,0.9,1.1,1.5,0.6848628450239538,0.8962218708066819,0.6529290105489314,1.423275180877219,8.114583333333334,7.34375,2,0
1223963,135,2024,37,1.2,1.5,1.6,0.7,0.7350301574951049,1.0701991767747048,0.9942249759905841,1.4172010078263535,8.0,7.0,0,0
1223959,135,2024,37,2.1,0.9,1.6,1.3,0.6179501210089788,0.5081456404285805,0.8443017298925382,0.6248158957134242,7.114583333333333,8.114583333333334,2,2
1223955,135,2024,37,1.1,1.5,0.8,1.5,0.934536339179927,1.2667980599870399,1.6430195894487438,0.8102376331317636,8.239583333333334,6.09375,3,0
1223961,135,2024,37,0.7,1.5,1.0,1.2,0.8985550872823607,0.8984213431832495,0.4856047897349255,1.0143203413984743,7.239583333333333,7.114583333333333,1,0
1223962,135,2024,37,0.7,1.8,0.9,1.6,0.9859388155443856,0.9471696741741314,1.0854082810988672,0.8526862455550941,7.34375,8.0,1,3
1208386,39,2024,37,1.7,1.6,2.3,1.1,0.9885632170052587,0.8176702007068185,1.0769065796365973,1.4002106668616894,9.208333333333334,8.145833333333334,3,2
1208388,39,2024,37,1.3,1.3,1.4,1.8,1.2139432900807952,0.7292015454718838,0.5433528926152713,0.5696227166047301,9.239583333333334,10.208333333333334,4,2
1208391,39,2024,37,1.9,1.2,1.5,1.2,0.6344937621546911,0.28488052018683035,0.7415275165712655,0.8056771271999883,10.208333333333334,10.104166666666666,3,1
1223971,135,2024,38,1.6,0.7,1.1,1.5,0.6462462343938797,0.9211806550871298,1.4283577113760435,0.8234187389915759,5.0,5.0,2,0
1223967,135,2024,38,1.3,1.4,2.1,0.9,1.074701251917203,0.6338958613115673,0.732436809425067,0.9573779996119105,5.0,5.0,0,2
1208828,140,2024,38,1.5,1.3,1.2,1.4,1.2048123250252196,1.612066507027297,0.8689826407912848,0.7379797869315115,5.083333333333333,5.083333333333333,1,1
1208829,140,2024,38,2.1,1.0,0.9,1.2,1.0794571923221241,0.8715588312648702,1.1456959695874303,1.4103108563493783,5.885416666666667,5.885416666666667,2,0
1223966,135,2024,38,1.5,1.2,1.0,1.3,1.0274899782990583,1.352334736722844,1.9744664737378947,1.1562269295048457,5.885416666666667,6.885416666666667,1,3
1212947,140,2024,38,1.1,1.3,1.1,1.6,0.4896599160448048,1.3926640298269204,0.36661836478003706,0.9113265790288236,5.979166666666667,5.979166666666667,2,0
1208831,140,2024,38,1.0,1.5,0.7,2.4,1.04932087506706,0.8190516163380785,0.7747259561801334,0.7919590373195733,5.979166666666667,5.979166666666667,3,0
1223970,135,2024,38,1.6,1.1,0.7,1.8,1.2383373228074155,1.323332502428252,1.0439852301038506,1.4517713993242964,6.0,6.0,2,0
1208834,140,2024,38,1.1,1.2,0.9,1.2,1.3312339329486331,0.8885311095862026,1.1489245679932043,1.499423042244822,6.083333333333333,6.083333333333333,0,0
1208833,140,2024,38,0.9,1.0,1.6,1.5,0.9779995802695685,1.771207714480114,1.086041933436717,1.0543526677759436,6.083333333333333,6.083333333333333,1,2
1208830,140,2024,38,1.0,1.3,1.3,1.4,0.5552474239686256,0.2035051851149715,1.5528080375520543,0.4605512345137412,6.083333333333333,6.083333333333333,1,1
1208832,140,2024,38,1.2,1.6,1.8,0.8,0.9682101021410259,1.2298082391569276,1.3499593003411698,1.2329472087280013,6.791666666666667,6.791666666666667,0,4
1208835,140,2024,38,1.9,1.3,1.1,1.4,1.4060156795441943,0.5833854853816602,0.6516874026387038,0.9084144879339718,6.885416666666667,6.885416666666667,4,2
1208394,39,2024,38,1.4,1.4,1.9,1.2,1.200481927114701,1.4931821917368846,1.084789366453181,0.46906122701032865,7.041666666666667,4.833333333333333,0,2
1208398,39,2024,38,1.8,1.2,1.1,1.2,0.7908390124703659,0.603181695247361,1.3485726024979836,0.8047371713407233,6.979166666666667,7.166666666666667,0,1
1208393,39,2024,38,1.5,1.2,0.9,2.1,0.7658817746602116,1.196058553732624,1.42437962037273,0.4888715217489111,4.833333333333333,7.041666666666667,2,0
1208402,39,2024,38,1.4,1.8,1.7,1.5,0.9147178417383879,1.2437590392973479,1.2315979035468094,1.2214065420747302,4.833333333333333,7.041666666666667,1,1
1208396,39,2024,38,2.3,1.1,1.3,1.3,0.9777066680681361,1.7299230297167827,1.6625674120567902,1.035519466095186,5.833333333333333,4.833333333333333,1,1
1208400,39,2024,38,0.7,2.3,1.8,0.9,0.3213565596946288,0.856354477342825,0.9642140008977095,0.9953030741312682,7.166666666666667,6.979166666666667,1,2
1208401,39,2024,38,1.7,1.7,1.7,1.6,0.2874229217970211,1.2298540296699216,1.4623521873101026,0.80920302176378,8.854166666666666,5.833333333333333,1,4
1208395,39,2024,38,0.9,2.2,1.2,1.6,0.6395200157450398,1.0883608732373726,1.1583117832181902,0.834991671537511,7.041666666666667,7.072916666666667,1,3
1208399,39,2024,38,1.5,1.2,1.7,1.1,0.8925402801345408,1.4259283329481154,0.7625798622904949,0.6235138091027156,7.072916666666667,8.822916666666666,0,1
1208397,39,2024,38,1.2,1.4,1.5,1.3,0.5440949900821431,1.218917320628096,1.124362676999345,0.21039293203080173,8.822916666666666,8.854166666666666,2,0
1223968,135,2024,38,0.9,1.6,0.9,1.7,1.5416264938253748,0.9573710596108111,0.6322823988730177,0.7055611751963993,7.0,7.0,1,2
1223969,135,2024,38,1.6,1.3,0.7,1.5,1.175879457763483,0.7368995629829564,1.1215608067335343,0.5839738730691122,7.0,7.0,0,1
1223973,135,2024,38,1.1,1.5,1.6,1.1,0.42440385685680543,1.3264622009035256,1.0901165413992788,1.582187349291879,7.0,7.0,2,3
1223965,135,2024,38,2.1,1.0,1.2,1.5,1.15433406931073,1.3275959882643695,0.4777696023718182,0.6956294649035581,8.0,7.0,2,3
1223972,135,2024,38,1.0,1.2,1.5,0.9,0.31564311332770156,1.1968082219090084,1.3446013393487706,0.6936371752278689,7.0,7.0,0,2
1223974,135,2024,38,0.8,1.5,1.5,0.9,1.0679627331416834,1.3475635524447371,0.8464941825989033,0.5825442160243433,7.0,7.0,2,3
1208827,140,2024,38,1.4,0.8,2.7,1.0,0.8924603266013313,0.09184395098482244,0.9016643496808453,1.3317784632851652,7.083333333333333,7.083333333333333,0,3
