league_id,league_name,season,fixture_id,date,status,referee,round,home_team_id,home_team_name,away_team_id,away_team_name,home_goals,away_goals
39,Premier League,2022,867946,2022-08-05T19:00:00+00:00,FT,A. Taylor,1,52,Crystal Palace,42,Arsenal,0,2
39,Premier League,2022,867947,2022-08-06T11:30:00+00:00,FT,A. Madley,1,36,Fulham,40,Liverpool,2,2
39,Premier League,2022,867951,2022-08-06T14:00:00+00:00,FT,S. Hooper,1,34,Newcastle,65,Nottingham Forest,2,0
39,Premier League,2022,867948,2022-08-06T14:00:00+00:00,FT,P. Bankes,1,35,Bournemouth,66,Aston Villa,2,0
39,Premier League,2022,867952,2022-08-06T14:00:00+00:00,FT,A. Marriner,1,47,Tottenham,41,Southampton,4,1
39,Premier League,2022,867949,2022-08-06T14:00:00+00:00,FT,R. Jones,1,63,Leeds,39,Wolves,2,1
39,Premier League,2022,867953,2022-08-06T16:30:00+00:00,FT,C. Pawson,1,45,Everton,49,Chelsea,0,1
39,Premier League,2022,867954,2022-08-07T13:00:00+00:00,FT,P. Tierney,1,33,Manchester United,51,Brighton,1,2
39,Premier League,2022,867950,2022-08-07T13:00:00+00:00,FT,J. Gillett,1,46,Leicester,55,Brentford,2,2
39,Premier League,2022,867955,2022-08-07T15:30:00+00:00,FT,M. Oliver,1,48,West Ham,50,Manchester City,0,2
39,Premier League,2022,867957,2022-08-13T11:30:00+00:00,FT,M. Oliver,2,66,Aston Villa,45,Everton,2,1
39,Premier League,2022,867965,2022-08-13T14:00:00+00:00,FT,J. Brooks,2,39,Wolves,36,Fulham,0,0
39,Premier League,2022,867964,2022-08-13T14:00:00+00:00,FT,T. Harrington,2,41,Southampton,63,Leeds,2,2
39,Premier League,2022,867956,2022-08-13T14:00:00+00:00,FT,D. England,2,42,Arsenal,46,Leicester,4,2
39,Premier League,2022,867962,2022-08-13T14:00:00+00:00,FT,D. Coote,2,50,Manchester City,35,Bournemouth,4,0
39,Premier League,2022,867959,2022-08-13T14:00:00+00:00,FT,G. Scott,2,51,Brighton,34,Newcastle,0,0
39,Premier League,2022,867958,2022-08-13T16:30:00+00:00,FT,S. Attwell,2,55,Brentford,33,Manchester United,4,0
39,Premier League,2022,867963,2022-08-14T13:00:00+00:00,FT,R. Jones,2,65,Nottingham Forest,48,West Ham,1,0
39,Premier League,2022,867960,2022-08-14T15:30:00+00:00,FT,A. Taylor,2,49,Chelsea,47,Tottenham,2,2
39,Premier League,2022,867961,2022-08-15T19:00:00+00:00,FT,P. Tierney,2,40,Liverpool,52,Crystal Palace,1,1
39,Premier League,2022,867974,2022-08-20T11:30:00+00:00,FT,S. Hooper,3,47,Tottenham,39,Wolves,1,0
39,Premier League,2022,867969,2022-08-20T14:00:00+00:00,FT,P. Bankes,3,36,Fulham,55,Brentford,3,2
39,Premier League,2022,867968,2022-08-20T14:00:00+00:00,FT,A. Marriner,3,45,Everton,65,Nottingham Forest,1,1
39,Premier League,2022,867971,2022-08-20T14:00:00+00:00,FT,M. Salisbury,3,46,Leicester,41,Southampton,1,2
39,Premier League,2022,867967,2022-08-20T14:00:00+00:00,FT,A. Madley,3,52,Crystal Palace,66,Aston Villa,3,1
39,Premier League,2022,867966,2022-08-20T16:30:00+00:00,FT,C. Pawson,3,35,Bournemouth,42,Arsenal,0,3
39,Premier League,2022,867975,2022-08-21T13:00:00+00:00,FT,A. Taylor,3,48,West Ham,51,Brighton,0,2
39,Premier League,2022,867970,2022-08-21T13:00:00+00:00,FT,S. Attwell,3,63,Leeds,49,Chelsea,3,0
39,Premier League,2022,867973,2022-08-21T15:30:00+00:00,FT,J. Gillett,3,34,Newcastle,50,Manchester City,3,3
39,Premier League,2022,867972,2022-08-22T19:00:00+00:00,FT,M. Oliver,3,33,Manchester United,40,Liverpool,2,1
39,Premier League,2022,867984,2022-08-27T11:30:00+00:00,FT,A. Madley,4,41,Southampton,33,Manchester United,0,1
39,Premier League,2022,867981,2022-08-27T14:00:00+00:00,FT,S. Attwell,4,40,Liverpool,35,Bournemouth,9,0
39,Premier League,2022,867980,2022-08-27T14:00:00+00:00,FT,P. Tierney,4,49,Chelsea,46,Leicester,2,1
39,Premier League,2022,867982,2022-08-27T14:00:00+00:00,FT,D. England,4,50,Manchester City,52,Crystal Palace,4,2
39,Premier League,2022,867979,2022-08-27T14:00:00+00:00,FT,M. Salisbury,4,51,Brighton,63,Leeds,1,0
39,Premier League,2022,867978,2022-08-27T14:00:00+00:00,FT,J. Brooks,4,55,Brentford,45,Everton,1,1
39,Premier League,2022,867976,2022-08-27T16:30:00+00:00,FT,J. Gillett,4,42,Arsenal,36,Fulham,2,1
39,Premier League,2022,867985,2022-08-28T13:00:00+00:00,FT,P. Bankes,4,39,Wolves,34,Newcastle,1,1
39,Premier League,2022,867977,2022-08-28T13:00:00+00:00,FT,D. Coote,4,66,Aston Villa,48,West Ham,0,1
39,Premier League,2022,867983,2022-08-28T15:30:00+00:00,FT,C. Pawson,4,65,Nottingham Forest,47,Tottenham,0,2
39,Premier League,2022,867988,2022-08-30T18:30:00+00:00,FT,T. Bramall,5,36,Fulham,51,Brighton,2,1
39,Premier League,2022,867992,2022-08-30T18:30:00+00:00,FT,S. Hooper,5,52,Crystal Palace,55,Brentford,1,1
39,Premier League,2022,867993,2022-08-30T18:45:00+00:00,FT,M. Oliver,5,41,Southampton,49,Chelsea,2,1
39,Premier League,2022,867989,2022-08-30T19:00:00+00:00,FT,D. England,5,63,Leeds,45,Everton,1,1
39,Premier League,2022,867986,2022-08-31T18:30:00+00:00,FT,A. Taylor,5,35,Bournemouth,39,Wolves,0,0
39,Premier League,2022,867987,2022-08-31T18:30:00+00:00,FT,R. Jones,5,42,Arsenal,66,Aston Villa,2,1
39,Premier League,2022,867995,2022-08-31T18:30:00+00:00,FT,P. Tierney,5,50,Manchester City,65,Nottingham Forest,6,0
39,Premier League,2022,867991,2022-08-31T18:45:00+00:00,FT,P. Bankes,5,48,West Ham,47,Tottenham,1,1
39,Premier League,2022,867994,2022-08-31T19:00:00+00:00,FT,A. Marriner,5,40,Liverpool,34,Newcastle,2,1
39,Premier League,2022,867990,2022-09-01T19:00:00+00:00,FT,C. Pawson,5,46,Leicester,33,Manchester United,0,1
39,Premier League,2022,868000,2022-09-03T11:30:00+00:00,FT,A. Taylor,6,45,Everton,40,Liverpool,0,0
39,Premier League,2022,868002,2022-09-03T14:00:00+00:00,FT,M. Salisbury,6,34,Newcastle,52,Crystal Palace,0,0
39,Premier League,2022,868005,2022-09-03T14:00:00+00:00,FT,J. Brooks,6,39,Wolves,41,Southampton,1,0
39,Premier League,2022,868004,2022-09-03T14:00:00+00:00,FT,S. Attwell,6,47,Tottenham,36,Fulham,2,1
39,Premier League,2022,867999,2022-09-03T14:00:00+00:00,FT,A. Madley,6,49,Chelsea,48,West Ham,2,1
39,Premier League,2022,867997,2022-09-03T14:00:00+00:00,FT,R. Jones,6,55,Brentford,63,Leeds,5,2
39,Premier League,2022,868003,2022-09-03T14:00:00+00:00,FT,M. Oliver,6,65,Nottingham Forest,35,Bournemouth,2,3
39,Premier League,2022,867996,2022-09-03T16:30:00+00:00,FT,S. Hooper,6,66,Aston Villa,50,Manchester City,1,1
39,Premier League,2022,867998,2022-09-04T13:00:00+00:00,FT,T. Harrington,6,51,Brighton,46,Leicester,5,2
39,Premier League,2022,868001,2022-09-04T15:30:00+00:00,FT,P. Tierney,6,33,Manchester United,42,Arsenal,3,1
39,Premier League,2022,868023,2022-09-16T19:00:00+00:00,FT,J. Gillett,8,65,Nottingham Forest,36,Fulham,2,3
39,Premier League,2022,868016,2022-09-16T19:00:00+00:00,FT,T. Harrington,8,66,Aston Villa,41,Southampton,1,0
39,Premier League,2022,868025,2022-09-17T11:30:00+00:00,FT,A. Taylor,8,39,Wolves,50,Manchester City,0,3
39,Premier League,2022,868022,2022-09-17T14:00:00+00:00,FT,C. Pawson,8,34,Newcastle,35,Bournemouth,1,1
39,Premier League,2022,868024,2022-09-17T16:30:00+00:00,FT,S. Hooper,8,47,Tottenham,46,Leicester,6,2
39,Premier League,2022,868017,2022-09-18T11:00:00+00:00,FT,D. Coote,8,55,Brentford,42,Arsenal,0,3
39,Premier League,2022,868020,2022-09-18T13:15:00+00:00,FT,M. Oliver,8,45,Everton,48,West Ham,1,0
39,Premier League,2022,868027,2022-10-01T11:30:00+00:00,FT,A. Taylor,9,42,Arsenal,47,Tottenham,3,1
39,Premier League,2022,868026,2022-10-01T14:00:00+00:00,FT,T. Bramall,9,35,Bournemouth,55,Brentford,0,0
39,Premier League,2022,868029,2022-10-01T14:00:00+00:00,FT,D. England,9,36,Fulham,34,Newcastle,1,4
39,Premier League,2022,868032,2022-10-01T14:00:00+00:00,FT,A. Madley,9,40,Liverpool,51,Brighton,3,3
39,Premier League,2022,868034,2022-10-01T14:00:00+00:00,FT,A. Marriner,9,41,Southampton,45,Everton,1,2
39,Premier League,2022,868028,2022-10-01T14:00:00+00:00,FT,C. Kavanagh,9,52,Crystal Palace,49,Chelsea,1,2
39,Premier League,2022,868035,2022-10-01T16:30:00+00:00,FT,P. Tierney,9,48,West Ham,39,Wolves,2,0
39,Premier League,2022,868033,2022-10-02T13:00:00+00:00,FT,M. Oliver,9,50,Manchester City,33,Manchester United,6,3
39,Premier League,2022,868030,2022-10-02T15:30:00+00:00,FT,S. Attwell,9,63,Leeds,66,Aston Villa,0,0
39,Premier League,2022,868031,2022-10-03T19:00:00+00:00,FT,R. Jones,9,46,Leicester,65,Nottingham Forest,4,0
39,Premier League,2022,868043,2022-10-08T14:00:00+00:00,FT,J. Brooks,10,34,Newcastle,55,Brentford,5,1
39,Premier League,2022,868036,2022-10-08T14:00:00+00:00,FT,M. Salisbury,10,35,Bournemouth,46,Leicester,2,1
39,Premier League,2022,868039,2022-10-08T14:00:00+00:00,FT,S. Hooper,10,49,Chelsea,39,Wolves,3,0
39,Premier League,2022,868042,2022-10-08T14:00:00+00:00,FT,A. Madley,10,50,Manchester City,41,Southampton,4,0
39,Premier League,2022,868038,2022-10-08T16:30:00+00:00,FT,T. Harrington,10,51,Brighton,47,Tottenham,0,1
39,Premier League,2022,868045,2022-10-09T13:00:00+00:00,FT,C. Kavanagh,10,48,West Ham,36,Fulham,3,1
39,Premier League,2022,868040,2022-10-09T13:00:00+00:00,FT,P. Tierney,10,52,Crystal Palace,63,Leeds,2,1
39,Premier League,2022,868037,2022-10-09T15:30:00+00:00,FT,M. Oliver,10,42,Arsenal,40,Liverpool,3,2
39,Premier League,2022,868041,2022-10-09T18:00:00+00:00,FT,D. Coote,10,45,Everton,33,Manchester United,1,2
39,Premier League,2022,868044,2022-10-10T19:00:00+00:00,FT,A. Taylor,10,65,Nottingham Forest,66,Aston Villa,1,1
39,Premier League,2022,868047,2022-10-14T19:00:00+00:00,FT,M. Salisbury,11,55,Brentford,51,Brighton,2,0
39,Premier League,2022,868050,2022-10-15T11:30:00+00:00,FT,A. Madley,11,46,Leicester,52,Crystal Palace,0,0
39,Premier League,2022,868048,2022-10-15T14:00:00+00:00,FT,G. Scott,11,36,Fulham,35,Bournemouth,2,2
39,Premier League,2022,868055,2022-10-15T14:00:00+00:00,FT,T. Bramall,11,39,Wolves,65,Nottingham Forest,1,0
39,Premier League,2022,868054,2022-10-15T16:30:00+00:00,FT,P. Tierney,11,47,Tottenham,45,Everton,2,0
39,Premier League,2022,868052,2022-10-16T13:00:00+00:00,FT,C. Pawson,11,33,Manchester United,34,Newcastle,0,0
39,Premier League,2022,868053,2022-10-16T13:00:00+00:00,FT,P. Bankes,11,41,Southampton,48,West Ham,1,1
39,Premier League,2022,868049,2022-10-16T13:00:00+00:00,FT,C. Kavanagh,11,63,Leeds,42,Arsenal,0,1
39,Premier League,2022,868046,2022-10-16T13:00:00+00:00,FT,R. Jones,11,66,Aston Villa,49,Chelsea,0,2
39,Premier League,2022,868051,2022-10-16T15:30:00+00:00,FT,A. Taylor,11,40,Liverpool,50,Manchester City,1,0
39,Premier League,2022,868059,2022-10-18T18:30:00+00:00,FT,D. England,12,51,Brighton,65,Nottingham Forest,0,0
39,Premier League,2022,868062,2022-10-18T19:15:00+00:00,FT,D. Coote,12,52,Crystal Palace,39,Wolves,2,1
39,Premier League,2022,868063,2022-10-19T18:30:00+00:00,FT,T. Harrington,12,34,Newcastle,45,Everton,1,0
39,Premier League,2022,868056,2022-10-19T18:30:00+00:00,FT,J. Brooks,12,35,Bournemouth,41,Southampton,0,1
39,Premier League,2022,868064,2022-10-19T18:30:00+00:00,FT,S. Attwell,12,40,Liverpool,48,West Ham,1,0
39,Premier League,2022,868058,2022-10-19T18:30:00+00:00,FT,J. Gillett,12,55,Brentford,49,Chelsea,0,0
39,Premier League,2022,868065,2022-10-19T19:15:00+00:00,FT,S. Hooper,12,33,Manchester United,47,Tottenham,2,0
39,Premier League,2022,868060,2022-10-20T18:30:00+00:00,FT,M. Oliver,12,36,Fulham,66,Aston Villa,3,0
39,Premier League,2022,868061,2022-10-20T19:15:00+00:00,FT,P. Bankes,12,46,Leicester,63,Leeds,2,0
39,Premier League,2022,868071,2022-10-22T11:30:00+00:00,FT,P. Tierney,13,65,Nottingham Forest,40,Liverpool,1,0
39,Premier League,2022,868068,2022-10-22T14:00:00+00:00,FT,S. Hooper,13,45,Everton,52,Crystal Palace,3,0
39,Premier League,2022,868070,2022-10-22T14:00:00+00:00,FT,C. Pawson,13,50,Manchester City,51,Brighton,3,1
39,Premier League,2022,868067,2022-10-22T16:30:00+00:00,FT,S. Attwell,13,49,Chelsea,33,Manchester United,1,1
39,Premier League,2022,868075,2022-10-23T13:00:00+00:00,FT,M. Oliver,13,39,Wolves,46,Leicester,0,4
39,Premier League,2022,868072,2022-10-23T13:00:00+00:00,FT,R. Jones,13,41,Southampton,42,Arsenal,1,1
39,Premier League,2022,868069,2022-10-23T13:00:00+00:00,FT,A. Taylor,13,63,Leeds,36,Fulham,2,3
39,Premier League,2022,868066,2022-10-23T13:00:00+00:00,FT,D. England,13,66,Aston Villa,55,Brentford,4,0
39,Premier League,2022,868073,2022-10-23T15:30:00+00:00,FT,J. Gillett,13,47,Tottenham,34,Newcastle,1,2
39,Premier League,2022,868074,2022-10-24T19:00:00+00:00,FT,D. Coote,13,48,West Ham,35,Bournemouth,2,0
39,Premier League,2022,868082,2022-10-29T11:30:00+00:00,FT,R. Jones,14,46,Leicester,50,Manchester City,0,1
39,Premier League,2022,868085,2022-10-29T14:00:00+00:00,FT,P. Tierney,14,34,Newcastle,66,Aston Villa,4,0
39,Premier League,2022,868076,2022-10-29T14:00:00+00:00,FT,A. Taylor,14,35,Bournemouth,47,Tottenham,2,3
39,Premier League,2022,868079,2022-10-29T14:00:00+00:00,FT,A. Madley,14,51,Brighton,49,Chelsea,4,1
39,Premier League,2022,868080,2022-10-29T14:00:00+00:00,FT,M. Salisbury,14,52,Crystal Palace,41,Southampton,1,0
39,Premier League,2022,868078,2022-10-29T14:00:00+00:00,FT,R. Madley,14,55,Brentford,39,Wolves,1,1
39,Premier League,2022,868081,2022-10-29T16:30:00+00:00,FT,J. Brooks,14,36,Fulham,45,Everton,0,0
39,Premier League,2022,868083,2022-10-29T18:45:00+00:00,FT,M. Oliver,14,40,Liverpool,63,Leeds,1,2
39,Premier League,2022,868077,2022-10-30T14:00:00+00:00,FT,S. Hooper,14,42,Arsenal,65,Nottingham Forest,5,0
39,Premier League,2022,868084,2022-10-30T16:15:00+00:00,FT,C. Kavanagh,14,33,Manchester United,48,West Ham,1,0
39,Premier League,2022,868095,2022-11-05T15:00:00+00:00,FT,G. Scott,15,39,Wolves,51,Brighton,2,3
39,Premier League,2022,868090,2022-11-05T15:00:00+00:00,FT,D. England,15,50,Manchester City,36,Fulham,2,1
39,Premier League,2022,868089,2022-11-05T15:00:00+00:00,FT,T. Harrington,15,63,Leeds,35,Bournemouth,4,3
39,Premier League,2022,868091,2022-11-05T15:00:00+00:00,FT,A. Marriner,15,65,Nottingham Forest,55,Brentford,2,2
39,Premier League,2022,868088,2022-11-05T17:30:00+00:00,FT,D. Coote,15,45,Everton,46,Leicester,0,2
39,Premier League,2022,868087,2022-11-06T12:00:00+00:00,FT,M. Oliver,15,49,Chelsea,42,Arsenal,0,1
39,Premier League,2022,868092,2022-11-06T14:00:00+00:00,FT,S. Attwell,15,41,Southampton,34,Newcastle,1,4
39,Premier League,2022,868094,2022-11-06T14:00:00+00:00,FT,P. Tierney,15,48,West Ham,52,Crystal Palace,1,2
39,Premier League,2022,868086,2022-11-06T14:00:00+00:00,FT,A. Taylor,15,66,Aston Villa,33,Manchester United,3,1
39,Premier League,2022,868093,2022-11-06T16:30:00+00:00,FT,A. Madley,15,47,Tottenham,40,Liverpool,1,2
39,Premier League,2022,868100,2022-11-12T12:30:00+00:00,FT,P. Bankes,16,50,Manchester City,55,Brentford,1,2
39,Premier League,2022,868096,2022-11-12T15:00:00+00:00,FT,C. Pawson,16,35,Bournemouth,45,Everton,3,0
39,Premier League,2022,868099,2022-11-12T15:00:00+00:00,FT,S. Hooper,16,40,Liverpool,41,Southampton,3,1
39,Premier League,2022,868103,2022-11-12T15:00:00+00:00,FT,M. Salisbury,16,47,Tottenham,63,Leeds,4,3
39,Premier League,2022,868104,2022-11-12T15:00:00+00:00,FT,J. Gillett,16,48,West Ham,46,Leicester,0,2
39,Premier League,2022,868102,2022-11-12T15:00:00+00:00,FT,J. Brooks,16,65,Nottingham Forest,52,Crystal Palace,1,0
39,Premier League,2022,868101,2022-11-12T17:30:00+00:00,FT,R. Jones,16,34,Newcastle,49,Chelsea,1,0
39,Premier League,2022,868105,2022-11-12T19:45:00+00:00,FT,S. Attwell,16,39,Wolves,42,Arsenal,0,2
39,Premier League,2022,868097,2022-11-13T14:00:00+00:00,FT,C. Kavanagh,16,51,Brighton,66,Aston Villa,1,2
39,Premier League,2022,868098,2022-11-13T16:30:00+00:00,FT,P. Tierney,16,36,Fulham,33,Manchester United,1,2
39,Premier League,2022,868108,2022-12-26T12:30:00+00:00,FT,D. Coote,17,55,Brentford,47,Tottenham,2,2
39,Premier League,2022,868115,2022-12-26T15:00:00+00:00,FT,R. Jones,17,41,Southampton,51,Brighton,1,3
39,Premier League,2022,868111,2022-12-26T15:00:00+00:00,FT,C. Pawson,17,45,Everton,39,Wolves,1,2
39,Premier League,2022,868113,2022-12-26T15:00:00+00:00,FT,J. Gillett,17,46,Leicester,34,Newcastle,0,3
39,Premier League,2022,868110,2022-12-26T15:00:00+00:00,FT,A. Madley,17,52,Crystal Palace,36,Fulham,0,3
39,Premier League,2022,868107,2022-12-26T17:30:00+00:00,FT,P. Tierney,17,66,Aston Villa,40,Liverpool,1,3
39,Premier League,2022,868106,2022-12-26T20:00:00+00:00,FT,M. Oliver,17,42,Arsenal,48,West Ham,3,1
39,Premier League,2022,868109,2022-12-27T17:30:00+00:00,FT,S. Hooper,17,49,Chelsea,35,Bournemouth,2,0
39,Premier League,2022,868114,2022-12-27T20:00:00+00:00,FT,A. Taylor,17,33,Manchester United,65,Nottingham Forest,3,0
39,Premier League,2022,868112,2022-12-28T20:00:00+00:00,FT,S. Attwell,17,63,Leeds,50,Manchester City,1,3
39,Premier League,2022,868124,2022-12-30T19:45:00+00:00,FT,D. England,18,48,West Ham,55,Brentford,0,2
39,Premier League,2022,868119,2022-12-30T20:00:00+00:00,FT,C. Pawson,18,40,Liverpool,46,Leicester,2,1
39,Premier League,2022,868125,2022-12-31T12:30:00+00:00,FT,R. Jones,18,39,Wolves,33,Manchester United,0,1
39,Premier League,2022,868121,2022-12-31T15:00:00+00:00,FT,S. Hooper,18,34,Newcastle,63,Leeds,0,0
39,Premier League,2022,868116,2022-12-31T15:00:00+00:00,FT,A. Marriner,18,35,Bournemouth,52,Crystal Palace,0,2
39,Premier League,2022,868118,2022-12-31T15:00:00+00:00,FT,G. Scott,18,36,Fulham,41,Southampton,2,1
39,Premier League,2022,868120,2022-12-31T15:00:00+00:00,FT,A. Madley,18,50,Manchester City,45,Everton,1,1
39,Premier League,2022,868117,2022-12-31T17:30:00+00:00,FT,A. Taylor,18,51,Brighton,42,Arsenal,2,4
39,Premier League,2022,868123,2023-01-01T14:00:00+00:00,FT,J. Brooks,18,47,Tottenham,66,Aston Villa,0,2
39,Premier League,2022,868122,2023-01-01T16:30:00+00:00,FT,P. Bankes,18,65,Nottingham Forest,49,Chelsea,1,1
39,Premier League,2022,868128,2023-01-02T17:30:00+00:00,FT,S. Attwell,19,55,Brentford,40,Liverpool,3,1
39,Premier League,2022,868126,2023-01-03T19:45:00+00:00,FT,A. Madley,19,42,Arsenal,34,Newcastle,0,0
39,Premier League,2022,868131,2023-01-03T19:45:00+00:00,FT,A. Marriner,19,45,Everton,51,Brighton,1,4
39,Premier League,2022,868133,2023-01-03T19:45:00+00:00,FT,D. Bond,19,46,Leicester,36,Fulham,0,1
39,Premier League,2022,868134,2023-01-03T20:00:00+00:00,FT,M. Salisbury,19,33,Manchester United,35,Bournemouth,3,0
39,Premier League,2022,868135,2023-01-04T19:30:00+00:00,FT,T. Bramall,19,41,Southampton,65,Nottingham Forest,0,1
39,Premier League,2022,868132,2023-01-04T19:45:00+00:00,FT,D. Coote,19,63,Leeds,48,West Ham,2,2
39,Premier League,2022,868130,2023-01-04T20:00:00+00:00,FT,M. Oliver,19,52,Crystal Palace,47,Tottenham,0,4
39,Premier League,2022,868127,2023-01-04T20:00:00+00:00,FT,J. Gillett,19,66,Aston Villa,39,Wolves,1,1
39,Premier League,2022,868129,2023-01-05T20:00:00+00:00,FT,P. Tierney,19,49,Chelsea,50,Manchester City,0,1
39,Premier League,2022,868009,2023-01-12T20:00:00+00:00,FT,D. Coote,7,36,Fulham,49,Chelsea,2,1
39,Premier League,2022,868136,2023-01-13T20:00:00+00:00,FT,M. Oliver,20,66,Aston Villa,63,Leeds,2,1
39,Premier League,2022,868141,2023-01-14T12:30:00+00:00,FT,S. Attwell,20,33,Manchester United,50,Manchester City,2,1
39,Premier League,2022,868145,2023-01-14T15:00:00+00:00,FT,S. Hooper,20,39,Wolves,48,West Ham,1,0
39,Premier League,2022,868140,2023-01-14T15:00:00+00:00,FT,J. Brooks,20,45,Everton,41,Southampton,1,2
39,Premier League,2022,868138,2023-01-14T15:00:00+00:00,FT,D. England,20,51,Brighton,40,Liverpool,3,0
39,Premier League,2022,868143,2023-01-14T15:00:00+00:00,FT,P. Tierney,20,65,Nottingham Forest,46,Leicester,2,0
39,Premier League,2022,868137,2023-01-14T17:30:00+00:00,FT,J. Gillett,20,55,Brentford,35,Bournemouth,2,0
39,Premier League,2022,868142,2023-01-15T14:00:00+00:00,FT,R. Jones,20,34,Newcastle,36,Fulham,1,0
39,Premier League,2022,868139,2023-01-15T14:00:00+00:00,FT,P. Bankes,20,49,Chelsea,52,Crystal Palace,1,0
39,Premier League,2022,868144,2023-01-15T16:30:00+00:00,FT,C. Pawson,20,47,Tottenham,42,Arsenal,0,2
39,Premier League,2022,868008,2023-01-18T20:00:00+00:00,FT,R. Jones,7,52,Crystal Palace,33,Manchester United,1,1
39,Premier League,2022,868013,2023-01-19T20:00:00+00:00,FT,S. Hooper,7,50,Manchester City,47,Tottenham,4,2
39,Premier League,2022,868152,2023-01-21T12:30:00+00:00,FT,M. Oliver,21,40,Liverpool,49,Chelsea,0,0
39,Premier League,2022,868146,2023-01-21T15:00:00+00:00,FT,A. Madley,21,35,Bournemouth,65,Nottingham Forest,1,1
39,Premier League,2022,868154,2023-01-21T15:00:00+00:00,FT,M. Salisbury,21,41,Southampton,66,Aston Villa,0,1
39,Premier League,2022,868151,2023-01-21T15:00:00+00:00,FT,T. Bramall,21,46,Leicester,51,Brighton,2,2
39,Premier League,2022,868155,2023-01-21T15:00:00+00:00,FT,S. Attwell,21,48,West Ham,45,Everton,2,0
39,Premier League,2022,868148,2023-01-21T17:30:00+00:00,FT,C. Pawson,21,52,Crystal Palace,34,Newcastle,0,0
39,Premier League,2022,868153,2023-01-22T14:00:00+00:00,FT,D. Coote,21,50,Manchester City,39,Wolves,3,0
39,Premier League,2022,868150,2023-01-22T14:00:00+00:00,FT,P. Bankes,21,63,Leeds,55,Brentford,0,0
39,Premier League,2022,868147,2023-01-22T16:30:00+00:00,FT,A. Taylor,21,42,Arsenal,33,Manchester United,3,2
39,Premier League,2022,868149,2023-01-23T20:00:00+00:00,FT,P. Tierney,21,36,Fulham,47,Tottenham,0,1
39,Premier League,2022,868159,2023-02-03T20:00:00+00:00,FT,S. Attwell,22,49,Chelsea,36,Fulham,0,0
39,Premier League,2022,868160,2023-02-04T12:30:00+00:00,FT,D. Coote,22,45,Everton,42,Arsenal,1,0
39,Premier League,2022,868161,2023-02-04T15:00:00+00:00,FT,A. Marriner,22,33,Manchester United,52,Crystal Palace,2,1
39,Premier League,2022,868165,2023-02-04T15:00:00+00:00,FT,P. Tierney,22,39,Wolves,40,Liverpool,3,0
39,Premier League,2022,868158,2023-02-04T15:00:00+00:00,FT,C. Pawson,22,51,Brighton,35,Bournemouth,1,0
39,Premier League,2022,868157,2023-02-04T15:00:00+00:00,FT,D. Bond,22,55,Brentford,41,Southampton,3,0
39,Premier League,2022,868156,2023-02-04T15:00:00+00:00,FT,D. England,22,66,Aston Villa,46,Leicester,2,4
39,Premier League,2022,868162,2023-02-04T17:30:00+00:00,FT,P. Bankes,22,34,Newcastle,48,West Ham,1,1
39,Premier League,2022,868163,2023-02-05T14:00:00+00:00,FT,R. Jones,22,65,Nottingham Forest,63,Leeds,1,0
39,Premier League,2022,868164,2023-02-05T16:30:00+00:00,FT,A. Madley,22,47,Tottenham,50,Manchester City,1,0
39,Premier League,2022,868021,2023-02-08T20:00:00+00:00,FT,S. Hooper,8,33,Manchester United,63,Leeds,2,2
39,Premier League,2022,868175,2023-02-11T12:30:00+00:00,FT,C. Pawson,23,48,West Ham,49,Chelsea,1,1
39,Premier League,2022,868169,2023-02-11T15:00:00+00:00,FT,A. Madley,23,36,Fulham,65,Nottingham Forest,2,0
39,Premier League,2022,868174,2023-02-11T15:00:00+00:00,FT,J. Gillett,23,41,Southampton,39,Wolves,1,2
39,Premier League,2022,868167,2023-02-11T15:00:00+00:00,FT,P. Bankes,23,42,Arsenal,55,Brentford,1,1
39,Premier League,2022,868171,2023-02-11T15:00:00+00:00,FT,M. Salisbury,23,46,Leicester,47,Tottenham,4,1
39,Premier League,2022,868168,2023-02-11T15:00:00+00:00,FT,M. Oliver,23,52,Crystal Palace,51,Brighton,1,1
39,Premier League,2022,868166,2023-02-11T17:30:00+00:00,FT,S. Attwell,23,35,Bournemouth,34,Newcastle,1,1
39,Premier League,2022,868170,2023-02-12T14:00:00+00:00,FT,P. Tierney,23,63,Leeds,33,Manchester United,0,2
39,Premier League,2022,868173,2023-02-12T16:30:00+00:00,FT,R. Jones,23,50,Manchester City,66,Aston Villa,3,1
39,Premier League,2022,868172,2023-02-13T20:00:00+00:00,FT,S. Hooper,23,40,Liverpool,45,Everton,2,0
39,Premier League,2022,868057,2023-02-15T19:30:00+00:00,FT,A. Taylor,12,42,Arsenal,50,Manchester City,1,3
39,Premier League,2022,868176,2023-02-18T12:30:00+00:00,FT,S. Hooper,24,66,Aston Villa,42,Arsenal,2,4
39,Premier League,2022,868185,2023-02-18T15:00:00+00:00,FT,M. Salisbury,24,39,Wolves,35,Bournemouth,0,1
39,Premier League,2022,868180,2023-02-18T15:00:00+00:00,FT,A. Madley,24,45,Everton,63,Leeds,1,0
39,Premier League,2022,868179,2023-02-18T15:00:00+00:00,FT,D. Coote,24,49,Chelsea,41,Southampton,0,1
39,Premier League,2022,868178,2023-02-18T15:00:00+00:00,FT,D. England,24,51,Brighton,36,Fulham,0,1
39,Premier League,2022,868177,2023-02-18T15:00:00+00:00,FT,P. Tierney,24,55,Brentford,52,Crystal Palace,1,1
39,Premier League,2022,868183,2023-02-18T15:00:00+00:00,FT,G. Scott,24,65,Nottingham Forest,50,Manchester City,1,1
39,Premier League,2022,868182,2023-02-18T17:30:00+00:00,FT,A. Taylor,24,34,Newcastle,40,Liverpool,0,2
39,Premier League,2022,868181,2023-02-19T14:00:00+00:00,FT,S. Attwell,24,33,Manchester United,46,Leicester,3,0
39,Premier League,2022,868184,2023-02-19T16:30:00+00:00,FT,M. Oliver,24,47,Tottenham,48,West Ham,2,0
39,Premier League,2022,868189,2023-02-24T20:00:00+00:00,FT,M. Oliver,25,36,Fulham,39,Wolves,1,1
39,Premier League,2022,868188,2023-02-25T15:00:00+00:00,FT,A. Taylor,25,45,Everton,66,Aston Villa,0,2
39,Premier League,2022,868191,2023-02-25T15:00:00+00:00,FT,C. Pawson,25,46,Leicester,42,Arsenal,0,1
39,Premier League,2022,868195,2023-02-25T15:00:00+00:00,FT,J. Gillett,25,48,West Ham,65,Nottingham Forest,4,0
39,Premier League,2022,868190,2023-02-25T15:00:00+00:00,FT,P. Bankes,25,63,Leeds,41,Southampton,1,0
39,Premier League,2022,868186,2023-02-25T17:30:00+00:00,FT,P. Tierney,25,35,Bournemouth,50,Manchester City,1,4
39,Premier League,2022,868187,2023-02-25T19:45:00+00:00,FT,D. England,25,52,Crystal Palace,40,Liverpool,0,0
39,Premier League,2022,868194,2023-02-26T13:30:00+00:00,FT,S. Attwell,25,47,Tottenham,49,Chelsea,2,0
39,Premier League,2022,868007,2023-03-01T19:45:00+00:00,FT,M. Oliver,7,42,Arsenal,45,Everton,4,0
39,Premier League,2022,868012,2023-03-01T20:00:00+00:00,FT,P. Tierney,7,40,Liverpool,39,Wolves,2,0
39,Premier League,2022,868202,2023-03-04T12:30:00+00:00,FT,S. Hooper,26,50,Manchester City,34,Newcastle,2,0
39,Premier League,2022,868205,2023-03-04T15:00:00+00:00,FT,T. Robinson,26,39,Wolves,47,Tottenham,1,0
39,Premier League,2022,868196,2023-03-04T15:00:00+00:00,FT,C. Kavanagh,26,42,Arsenal,35,Bournemouth,3,2
39,Premier League,2022,868200,2023-03-04T15:00:00+00:00,FT,M. Oliver,26,49,Chelsea,63,Leeds,1,0
39,Premier League,2022,868199,2023-03-04T15:00:00+00:00,FT,S. Attwell,26,51,Brighton,48,West Ham,4,0
39,Premier League,2022,868197,2023-03-04T15:00:00+00:00,FT,C. Pawson,26,66,Aston Villa,52,Crystal Palace,1,0
39,Premier League,2022,868204,2023-03-04T17:30:00+00:00,FT,R. Jones,26,41,Southampton,46,Leicester,1,0
39,Premier League,2022,868203,2023-03-05T14:00:00+00:00,FT,J. Brooks,26,65,Nottingham Forest,45,Everton,2,2
39,Premier League,2022,868201,2023-03-05T16:30:00+00:00,FT,A. Madley,26,40,Liverpool,33,Manchester United,7,0
39,Premier League,2022,868198,2023-03-06T20:00:00+00:00,FT,A. Taylor,26,55,Brentford,36,Fulham,3,2
39,Premier League,2022,868206,2023-03-11T12:30:00+00:00,FT,J. Brooks,27,35,Bournemouth,40,Liverpool,1,0
39,Premier League,2022,868208,2023-03-11T15:00:00+00:00,FT,S. Hooper,27,45,Everton,55,Brentford,1,0
39,Premier League,2022,868211,2023-03-11T15:00:00+00:00,FT,A. Marriner,27,46,Leicester,49,Chelsea,1,3
39,Premier League,2022,868214,2023-03-11T15:00:00+00:00,FT,C. Pawson,27,47,Tottenham,65,Nottingham Forest,3,1
39,Premier League,2022,868210,2023-03-11T15:00:00+00:00,FT,P. Tierney,27,63,Leeds,51,Brighton,2,2
39,Premier League,2022,868207,2023-03-11T17:30:00+00:00,FT,R. Jones,27,52,Crystal Palace,50,Manchester City,0,1
39,Premier League,2022,868212,2023-03-12T14:00:00+00:00,FT,A. Taylor,27,33,Manchester United,41,Southampton,0,0
39,Premier League,2022,868209,2023-03-12T14:00:00+00:00,FT,D. Coote,27,36,Fulham,42,Arsenal,0,3
39,Premier League,2022,868215,2023-03-12T14:00:00+00:00,FT,C. Kavanagh,27,48,West Ham,66,Aston Villa,1,1
39,Premier League,2022,868213,2023-03-12T16:30:00+00:00,FT,A. Madley,27,34,Newcastle,39,Wolves,2,1
39,Premier League,2022,868014,2023-03-15T19:30:00+00:00,FT,M. Salisbury,7,41,Southampton,55,Brentford,0,2
39,Premier League,2022,868018,2023-03-15T19:30:00+00:00,FT,P. Bankes,8,51,Brighton,52,Crystal Palace,1,0
39,Premier League,2022,868223,2023-03-17T20:00:00+00:00,FT,P. Tierney,28,65,Nottingham Forest,34,Newcastle,1,2
39,Premier League,2022,868225,2023-03-18T15:00:00+00:00,FT,M. Salisbury,28,39,Wolves,63,Leeds,2,4
39,Premier League,2022,868224,2023-03-18T15:00:00+00:00,FT,S. Hooper,28,41,Southampton,47,Tottenham,3,3
39,Premier League,2022,868218,2023-03-18T15:00:00+00:00,FT,D. Bond,28,55,Brentford,46,Leicester,1,1
39,Premier League,2022,868217,2023-03-18T15:00:00+00:00,FT,R. Jones,28,66,Aston Villa,35,Bournemouth,3,0
39,Premier League,2022,868220,2023-03-18T17:30:00+00:00,FT,D. England,28,49,Chelsea,45,Everton,2,2
39,Premier League,2022,868216,2023-03-19T14:00:00+00:00,FT,S. Attwell,28,42,Arsenal,52,Crystal Palace,4,1
39,Premier League,2022,868232,2023-04-01T11:30:00+00:00,FT,S. Hooper,29,50,Manchester City,40,Liverpool,4,1
39,Premier League,2022,868226,2023-04-01T14:00:00+00:00,FT,P. Bankes,29,35,Bournemouth,36,Fulham,2,1
39,Premier League,2022,868227,2023-04-01T14:00:00+00:00,FT,D. England,29,42,Arsenal,63,Leeds,4,1
39,Premier League,2022,868228,2023-04-01T14:00:00+00:00,FT,M. Oliver,29,51,Brighton,55,Brentford,3,3
39,Premier League,2022,868230,2023-04-01T14:00:00+00:00,FT,T. Robinson,29,52,Crystal Palace,46,Leicester,2,1
39,Premier League,2022,868234,2023-04-01T14:00:00+00:00,FT,C. Kavanagh,29,65,Nottingham Forest,39,Wolves,1,1
39,Premier League,2022,868229,2023-04-01T16:30:00+00:00,FT,A. Madley,29,49,Chelsea,66,Aston Villa,0,2
39,Premier League,2022,868235,2023-04-02T13:00:00+00:00,FT,P. Tierney,29,48,West Ham,41,Southampton,1,0
39,Premier League,2022,868233,2023-04-02T15:30:00+00:00,FT,S. Attwell,29,34,Newcastle,33,Manchester United,2,0
39,Premier League,2022,868231,2023-04-03T19:00:00+00:00,FT,D. Coote,29,45,Everton,47,Tottenham,1,1
39,Premier League,2022,868006,2023-04-04T18:45:00+00:00,FT,D. Bond,7,35,Bournemouth,51,Brighton,0,2
39,Premier League,2022,868011,2023-04-04T18:45:00+00:00,FT,G. Scott,7,46,Leicester,66,Aston Villa,1,2
39,Premier League,2022,868010,2023-04-04T18:45:00+00:00,FT,R. Jones,7,63,Leeds,65,Nottingham Forest,2,1
39,Premier League,2022,868019,2023-04-04T19:00:00+00:00,FT,A. Taylor,8,49,Chelsea,40,Liverpool,0,0
39,Premier League,2022,868192,2023-04-05T19:00:00+00:00,FT,J. Brooks,25,33,Manchester United,55,Brentford,1,0
39,Premier League,2022,868015,2023-04-05T19:00:00+00:00,FT,C. Pawson,7,48,West Ham,34,Newcastle,1,5
39,Premier League,2022,868242,2023-04-08T11:30:00+00:00,FT,M. Oliver,30,33,Manchester United,45,Everton,2,0
39,Premier League,2022,868238,2023-04-08T14:00:00+00:00,FT,J. Gillett,30,36,Fulham,48,West Ham,0,1
39,Premier League,2022,868245,2023-04-08T14:00:00+00:00,FT,P. Bankes,30,39,Wolves,49,Chelsea,1,0
39,Premier League,2022,868240,2023-04-08T14:00:00+00:00,FT,D. Coote,30,46,Leicester,35,Bournemouth,0,1
39,Premier League,2022,868244,2023-04-08T14:00:00+00:00,FT,S. Attwell,30,47,Tottenham,51,Brighton,2,1
39,Premier League,2022,868237,2023-04-08T14:00:00+00:00,FT,C. Kavanagh,30,55,Brentford,34,Newcastle,1,2
39,Premier League,2022,868236,2023-04-08T14:00:00+00:00,FT,A. Taylor,30,66,Aston Villa,65,Nottingham Forest,2,0
39,Premier League,2022,868243,2023-04-08T16:30:00+00:00,FT,R. Jones,30,41,Southampton,50,Manchester City,1,4
39,Premier League,2022,868239,2023-04-09T13:00:00+00:00,FT,S. Hooper,30,63,Leeds,52,Crystal Palace,1,5
39,Premier League,2022,868241,2023-04-09T15:30:00+00:00,FT,P. Tierney,30,40,Liverpool,42,Arsenal,2,2
39,Premier League,2022,868246,2023-04-15T11:30:00+00:00,FT,J. Brooks,31,66,Aston Villa,34,Newcastle,3,0
39,Premier League,2022,868255,2023-04-15T14:00:00+00:00,FT,P. Tierney,31,39,Wolves,55,Brentford,2,0
39,Premier League,2022,868252,2023-04-15T14:00:00+00:00,FT,M. Oliver,31,41,Southampton,52,Crystal Palace,0,2
39,Premier League,2022,868248,2023-04-15T14:00:00+00:00,FT,A. Taylor,31,45,Everton,36,Fulham,1,3
39,Premier League,2022,868247,2023-04-15T14:00:00+00:00,FT,R. Jones,31,49,Chelsea,51,Brighton,1,2
39,Premier League,2022,868253,2023-04-15T14:15:00+00:00,FT,A. Madley,31,47,Tottenham,35,Bournemouth,2,3
39,Premier League,2022,868250,2023-04-15T16:30:00+00:00,FT,D. England,31,50,Manchester City,46,Leicester,3,1
39,Premier League,2022,868254,2023-04-16T13:00:00+00:00,FT,D. Coote,31,48,West Ham,42,Arsenal,2,2
39,Premier League,2022,868251,2023-04-16T15:30:00+00:00,FT,S. Hooper,31,65,Nottingham Forest,33,Manchester United,0,2
39,Premier League,2022,868249,2023-04-17T19:00:00+00:00,FT,C. Pawson,31,63,Leeds,40,Liverpool,1,6
39,Premier League,2022,868257,2023-04-21T19:00:00+00:00,FT,S. Hooper,32,42,Arsenal,41,Southampton,3,3
39,Premier League,2022,868261,2023-04-22T11:30:00+00:00,FT,P. Bankes,32,36,Fulham,63,Leeds,2,1
39,Premier League,2022,868263,2023-04-22T14:00:00+00:00,FT,M. Oliver,32,40,Liverpool,65,Nottingham Forest,3,2
39,Premier League,2022,868262,2023-04-22T14:00:00+00:00,FT,A. Madley,32,46,Leicester,39,Wolves,2,1
39,Premier League,2022,868260,2023-04-22T14:00:00+00:00,FT,J. Brooks,32,52,Crystal Palace,45,Everton,0,0
39,Premier League,2022,868258,2023-04-22T14:00:00+00:00,FT,M. Salisbury,32,55,Brentford,66,Aston Villa,1,1
39,Premier League,2022,868265,2023-04-23T13:00:00+00:00,FT,D. Coote,32,34,Newcastle,47,Tottenham,6,1
39,Premier League,2022,868256,2023-04-23T13:00:00+00:00,FT,A. Taylor,32,35,Bournemouth,48,West Ham,0,4
39,Premier League,2022,868271,2023-04-25T18:30:00+00:00,FT,R. Jones,33,39,Wolves,52,Crystal Palace,2,0
39,Premier League,2022,868272,2023-04-25T18:45:00+00:00,FT,T. Bramall,33,66,Aston Villa,36,Fulham,1,0
39,Premier League,2022,868267,2023-04-25T19:00:00+00:00,FT,P. Tierney,33,63,Leeds,46,Leicester,1,1
39,Premier League,2022,868268,2023-04-26T18:30:00+00:00,FT,J. Gillett,33,65,Nottingham Forest,51,Brighton,3,1
39,Premier League,2022,868270,2023-04-26T18:45:00+00:00,FT,C. Kavanagh,33,48,West Ham,40,Liverpool,1,2
39,Premier League,2022,868273,2023-04-26T18:45:00+00:00,FT,A. Madley,33,49,Chelsea,55,Brentford,0,2
39,Premier League,2022,868275,2023-04-26T19:00:00+00:00,FT,M. Oliver,33,50,Manchester City,42,Arsenal,4,1
39,Premier League,2022,868274,2023-04-27T18:45:00+00:00,FT,D. England,33,41,Southampton,35,Bournemouth,0,1
39,Premier League,2022,868266,2023-04-27T18:45:00+00:00,FT,A. Marriner,33,45,Everton,34,Newcastle,1,4
39,Premier League,2022,868269,2023-04-27T19:15:00+00:00,FT,A. Taylor,33,47,Tottenham,33,Manchester United,2,2
39,Premier League,2022,868280,2023-04-29T11:30:00+00:00,FT,C. Pawson,34,52,Crystal Palace,48,West Ham,4,3
39,Premier League,2022,868279,2023-04-29T14:00:00+00:00,FT,D. Coote,34,51,Brighton,39,Wolves,6,0
39,Premier League,2022,868278,2023-04-29T14:00:00+00:00,FT,P. Bankes,34,55,Brentford,65,Nottingham Forest,2,1
39,Premier League,2022,868284,2023-04-30T13:00:00+00:00,FT,J. Gillett,34,33,Manchester United,66,Aston Villa,1,0
39,Premier League,2022,868285,2023-04-30T13:00:00+00:00,FT,A. Taylor,34,34,Newcastle,41,Southampton,3,1
39,Premier League,2022,868276,2023-04-30T13:00:00+00:00,FT,C. Kavanagh,34,35,Bournemouth,63,Leeds,4,1
39,Premier League,2022,868281,2023-04-30T13:00:00+00:00,FT,S. Hooper,34,36,Fulham,50,Manchester City,1,2
39,Premier League,2022,868283,2023-04-30T15:30:00+00:00,FT,P. Tierney,34,40,Liverpool,47,Tottenham,4,3
39,Premier League,2022,868282,2023-05-01T19:00:00+00:00,FT,M. Oliver,34,46,Leicester,45,Everton,2,2
39,Premier League,2022,868277,2023-05-02T19:00:00+00:00,FT,R. Jones,34,42,Arsenal,49,Chelsea,3,1
39,Premier League,2022,868221,2023-05-03T19:00:00+00:00,FT,S. Attwell,28,40,Liverpool,36,Fulham,1,0
39,Premier League,2022,868222,2023-05-03T19:00:00+00:00,FT,J. Brooks,28,50,Manchester City,48,West Ham,3,0
39,Premier League,2022,868219,2023-05-04T19:00:00+00:00,FT,A. Marriner,28,51,Brighton,33,Manchester United,1,0
39,Premier League,2022,868286,2023-05-06T14:00:00+00:00,FT,J. Brooks,35,35,Bournemouth,49,Chelsea,1,3
39,Premier League,2022,868295,2023-05-06T14:00:00+00:00,FT,S. Attwell,35,39,Wolves,66,Aston Villa,1,0
39,Premier League,2022,868293,2023-05-06T14:00:00+00:00,FT,D. England,35,47,Tottenham,52,Crystal Palace,1,0
39,Premier League,2022,868290,2023-05-06T14:00:00+00:00,FT,A. Madley,35,50,Manchester City,63,Leeds,2,1
39,Premier League,2022,868289,2023-05-06T16:30:00+00:00,FT,A. Taylor,35,40,Liverpool,55,Brentford,1,0
39,Premier League,2022,868291,2023-05-07T15:30:00+00:00,FT,C. Kavanagh,35,34,Newcastle,42,Arsenal,0,2
39,Premier League,2022,868294,2023-05-07T18:00:00+00:00,FT,P. Bankes,35,48,West Ham,33,Manchester United,1,0
39,Premier League,2022,868288,2023-05-08T14:00:00+00:00,FT,R. Jones,35,36,Fulham,46,Leicester,5,3
39,Premier League,2022,868287,2023-05-08T16:30:00+00:00,FT,S. Hooper,35,51,Brighton,45,Everton,1,5
39,Premier League,2022,868292,2023-05-08T19:00:00+00:00,FT,M. Oliver,35,65,Nottingham Forest,41,Southampton,4,3
39,Premier League,2022,868302,2023-05-13T11:30:00+00:00,FT,S. Hooper,36,63,Leeds,34,Newcastle,2,2
39,Premier League,2022,868304,2023-05-13T14:00:00+00:00,FT,J. Brooks,36,33,Manchester United,39,Wolves,2,0
39,Premier League,2022,868305,2023-05-13T14:00:00+00:00,FT,T. Bramall,36,41,Southampton,36,Fulham,0,2
39,Premier League,2022,868299,2023-05-13T14:00:00+00:00,FT,P. Tierney,36,49,Chelsea,65,Nottingham Forest,2,2
39,Premier League,2022,868300,2023-05-13T14:00:00+00:00,FT,M. Salisbury,36,52,Crystal Palace,35,Bournemouth,2,0
39,Premier League,2022,868297,2023-05-13T14:00:00+00:00,FT,P. Bankes,36,66,Aston Villa,47,Tottenham,2,1
39,Premier League,2022,868301,2023-05-14T13:00:00+00:00,FT,A. Taylor,36,45,Everton,50,Manchester City,0,3
39,Premier League,2022,868298,2023-05-14T13:00:00+00:00,FT,M. Oliver,36,55,Brentford,48,West Ham,2,0
39,Premier League,2022,868296,2023-05-14T15:30:00+00:00,FT,A. Madley,36,42,Arsenal,51,Brighton,0,3
39,Premier League,2022,868303,2023-05-15T19:00:00+00:00,FT,C. Pawson,36,46,Leicester,40,Liverpool,0,3
39,Premier League,2022,868193,2023-05-18T18:30:00+00:00,FT,R. Jones,25,34,Newcastle,51,Brighton,4,1
39,Premier League,2022,868313,2023-05-20T11:30:00+00:00,FT,J. Gillett,37,47,Tottenham,55,Brentford,1,3
39,Premier League,2022,868306,2023-05-20T14:00:00+00:00,FT,C. Kavanagh,37,35,Bournemouth,33,Manchester United,0,1
39,Premier League,2022,868308,2023-05-20T14:00:00+00:00,FT,J. Smith,37,36,Fulham,52,Crystal Palace,2,2
39,Premier League,2022,868315,2023-05-20T14:00:00+00:00,FT,D. Coote,37,39,Wolves,45,Everton,1,1
39,Premier League,2022,868309,2023-05-20T14:00:00+00:00,FT,J. Brooks,37,40,Liverpool,66,Aston Villa,1,1
39,Premier League,2022,868312,2023-05-20T16:30:00+00:00,FT,A. Taylor,37,65,Nottingham Forest,42,Arsenal,1,0
39,Premier League,2022,868314,2023-05-21T12:30:00+00:00,FT,P. Bankes,37,48,West Ham,63,Leeds,3,1
39,Premier League,2022,868307,2023-05-21T13:00:00+00:00,FT,P. Tierney,37,51,Brighton,41,Southampton,3,1
39,Premier League,2022,868310,2023-05-21T15:00:00+00:00,FT,M. Oliver,37,50,Manchester City,49,Chelsea,1,0
39,Premier League,2022,868311,2023-05-22T19:00:00+00:00,FT,A. Marriner,37,34,Newcastle,46,Leicester,0,0
39,Premier League,2022,868259,2023-05-24T19:00:00+00:00,FT,S. Hooper,32,51,Brighton,50,Manchester City,1,1
39,Premier League,2022,868264,2023-05-25T19:00:00+00:00,FT,S. Attwell,32,33,Manchester United,49,Chelsea,4,1
39,Premier League,2022,868324,2023-05-28T15:30:00+00:00,FT,R. Jones,38,33,Manchester United,36,Fulham,2,1
39,Premier League,2022,868325,2023-05-28T15:30:00+00:00,FT,D. England,38,41,Southampton,40,Liverpool,4,4
39,Premier League,2022,868316,2023-05-28T15:30:00+00:00,FT,A. Marriner,38,42,Arsenal,39,Wolves,5,0
39,Premier League,2022,868321,2023-05-28T15:30:00+00:00,FT,S. Attwell,38,45,Everton,35,Bournemouth,1,0
39,Premier League,2022,868323,2023-05-28T15:30:00+00:00,FT,S. Hooper,38,46,Leicester,48,West Ham,2,1
39,Premier League,2022,868319,2023-05-28T15:30:00+00:00,FT,J. Gillett,38,49,Chelsea,34,Newcastle,1,1
39,Premier League,2022,868320,2023-05-28T15:30:00+00:00,FT,T. Bramall,38,52,Crystal Palace,65,Nottingham Forest,1,1
39,Premier League,2022,868318,2023-05-28T15:30:00+00:00,FT,J. Brooks,38,55,Brentford,50,Manchester City,1,0
39,Premier League,2022,868322,2023-05-28T15:30:00+00:00,FT,A. Taylor,38,63,Leeds,47,Tottenham,1,4
39,Premier League,2022,868317,2023-05-28T15:30:00+00:00,FT,D. Coote,38,66,Aston Villa,51,Brighton,2,1
39,Premier League,2023,1035037,2023-08-11T19:00:00+00:00,FT,C. Pawson,1,44,Burnley,50,Manchester City,0,3
39,Premier League,2023,1035038,2023-08-12T11:30:00+00:00,FT,M. Oliver,1,42,Arsenal,65,Nottingham Forest,2,1
39,Premier League,2023,1035039,2023-08-12T14:00:00+00:00,FT,P. Bankes,1,35,Bournemouth,48,West Ham,1,1
39,Premier League,2023,1035041,2023-08-12T14:00:00+00:00,FT,S. Attwell,1,45,Everton,36,Fulham,0,1
39,Premier League,2023,1035040,2023-08-12T14:00:00+00:00,FT,D. Coote,1,51,Brighton,1359,Luton,4,1
39,Premier League,2023,1035042,2023-08-12T14:00:00+00:00,FT,J. Brooks,1,62,Sheffield Utd,52,Crystal Palace,0,1
39,Premier League,2023,1035043,2023-08-12T16:30:00+00:00,FT,A. Madley,1,34,Newcastle,66,Aston Villa,5,1
39,Premier League,2023,1035044,2023-08-13T13:00:00+00:00,FT,R. Jones,1,55,Brentford,47,Tottenham,2,2
39,Premier League,2023,1035045,2023-08-13T15:30:00+00:00,FT,A. Taylor,1,49,Chelsea,40,Liverpool,1,1
39,Premier League,2023,1035046,2023-08-14T19:00:00+00:00,FT,S. Hooper,1,33,Manchester United,39,Wolves,1,0
39,Premier League,2023,1035053,2023-08-18T18:45:00+00:00,FT,P. Bankes,2,65,Nottingham Forest,62,Sheffield Utd,2,1
39,Premier League,2023,1035049,2023-08-19T14:00:00+00:00,FT,D. Bond,2,36,Fulham,55,Brentford,0,3
39,Premier League,2023,1035056,2023-08-19T14:00:00+00:00,FT,A. Madley,2,39,Wolves,51,Brighton,1,4
39,Premier League,2023,1035050,2023-08-19T14:00:00+00:00,FT,T. Bramall,2,40,Liverpool,35,Bournemouth,3,1
39,Premier League,2023,1035054,2023-08-19T16:30:00+00:00,FT,M. Oliver,2,47,Tottenham,33,Manchester United,2,0
39,Premier League,2023,1035052,2023-08-19T19:00:00+00:00,FT,R. Jones,2,50,Manchester City,34,Newcastle,1,0
39,Premier League,2023,1035047,2023-08-20T13:00:00+00:00,FT,A. Taylor,2,66,Aston Villa,45,Everton,4,0
39,Premier League,2023,1035055,2023-08-20T15:30:00+00:00,FT,J. Brooks,2,48,West Ham,49,Chelsea,3,1
39,Premier League,2023,1035048,2023-08-21T19:00:00+00:00,FT,D. Coote,2,52,Crystal Palace,42,Arsenal,0,1
39,Premier League,2023,1035062,2023-08-25T19:00:00+00:00,FT,R. Jones,3,49,Chelsea,1359,Luton,3,0
39,Premier League,2023,1035057,2023-08-26T11:30:00+00:00,FT,T. Robinson,3,35,Bournemouth,47,Tottenham,0,2
39,Premier League,2023,1035064,2023-08-26T14:00:00+00:00,FT,S. Attwell,3,33,Manchester United,65,Nottingham Forest,3,2
39,Premier League,2023,1035058,2023-08-26T14:00:00+00:00,FT,P. Tierney,3,42,Arsenal,36,Fulham,2,2
39,Premier League,2023,1035063,2023-08-26T14:00:00+00:00,FT,C. Pawson,3,45,Everton,39,Wolves,0,1
39,Premier League,2023,1035059,2023-08-26T14:00:00+00:00,FT,P. Bankes,3,55,Brentford,52,Crystal Palace,1,1
39,Premier League,2023,1035060,2023-08-26T16:30:00+00:00,FT,A. Taylor,3,51,Brighton,48,West Ham,1,3
39,Premier League,2023,1035061,2023-08-27T13:00:00+00:00,FT,M. Salisbury,3,44,Burnley,66,Aston Villa,1,3
39,Premier League,2023,1035066,2023-08-27T13:00:00+00:00,FT,J. Gillett,3,62,Sheffield Utd,50,Manchester City,1,2
39,Premier League,2023,1035065,2023-08-27T15:30:00+00:00,FT,J. Brooks,3,34,Newcastle,40,Liverpool,1,2
39,Premier League,2023,1035074,2023-09-01T19:00:00+00:00,FT,P. Tierney,4,1359,Luton,48,West Ham,1,2
39,Premier League,2023,1035076,2023-09-02T11:30:00+00:00,FT,A. Madley,4,62,Sheffield Utd,45,Everton,2,2
39,Premier League,2023,1035070,2023-09-02T14:00:00+00:00,FT,D. England,4,44,Burnley,47,Tottenham,2,5
39,Premier League,2023,1035071,2023-09-02T14:00:00+00:00,FT,T. Robinson,4,49,Chelsea,65,Nottingham Forest,0,1
39,Premier League,2023,1035075,2023-09-02T14:00:00+00:00,FT,M. Oliver,4,50,Manchester City,36,Fulham,5,1
39,Premier League,2023,1035068,2023-09-02T14:00:00+00:00,FT,R. Madley,4,55,Brentford,35,Bournemouth,2,2
39,Premier League,2023,1035069,2023-09-02T16:30:00+00:00,FT,S. Attwell,4,51,Brighton,34,Newcastle,3,1
39,Premier League,2023,1035073,2023-09-03T13:00:00+00:00,FT,S. Hooper,4,40,Liverpool,66,Aston Villa,3,0
39,Premier League,2023,1035072,2023-09-03T13:00:00+00:00,FT,R. Jones,4,52,Crystal Palace,39,Wolves,3,2
39,Premier League,2023,1035067,2023-09-03T15:30:00+00:00,FT,A. Taylor,4,42,Arsenal,33,Manchester United,3,1
39,Premier League,2023,1035086,2023-09-16T11:30:00+00:00,FT,M. Oliver,5,39,Wolves,40,Liverpool,1,3
39,Premier League,2023,1035081,2023-09-16T14:00:00+00:00,FT,J. Gillett,5,33,Manchester United,51,Brighton,1,3
39,Premier League,2023,1035080,2023-09-16T14:00:00+00:00,FT,M. Salisbury,5,36,Fulham,1359,Luton,1,0
39,Premier League,2023,1035084,2023-09-16T14:00:00+00:00,FT,P. Bankes,5,47,Tottenham,62,Sheffield Utd,2,1
39,Premier League,2023,1035085,2023-09-16T14:00:00+00:00,FT,A. Madley,5,48,West Ham,50,Manchester City,1,3
39,Premier League,2023,1035078,2023-09-16T14:00:00+00:00,FT,D. England,5,66,Aston Villa,52,Crystal Palace,3,1
39,Premier League,2023,1035082,2023-09-16T16:30:00+00:00,FT,C. Pawson,5,34,Newcastle,55,Brentford,1,0
39,Premier League,2023,1035077,2023-09-17T13:00:00+00:00,FT,D. Coote,5,35,Bournemouth,49,Chelsea,0,0
39,Premier League,2023,1035079,2023-09-17T15:30:00+00:00,FT,S. Hooper,5,45,Everton,42,Arsenal,0,1
39,Premier League,2023,1035083,2023-09-18T18:45:00+00:00,FT,R. Jones,5,65,Nottingham Forest,44,Burnley,1,1
39,Premier League,2023,1035095,2023-09-23T14:00:00+00:00,FT,A. Taylor,6,50,Manchester City,65,Nottingham Forest,2,0
39,Premier League,2023,1035092,2023-09-23T14:00:00+00:00,FT,P. Tierney,6,52,Crystal Palace,36,Fulham,0,0
39,Premier League,2023,1035094,2023-09-23T14:00:00+00:00,FT,J. Smith,6,1359,Luton,39,Wolves,1,1
39,Premier League,2023,1035088,2023-09-23T16:30:00+00:00,FT,M. Oliver,6,55,Brentford,45,Everton,1,3
39,Premier League,2023,1035090,2023-09-23T19:00:00+00:00,FT,T. Harrington,6,44,Burnley,33,Manchester United,0,1
39,Premier League,2023,1035093,2023-09-24T13:00:00+00:00,FT,C. Kavanagh,6,40,Liverpool,48,West Ham,3,1
39,Premier League,2023,1035087,2023-09-24T13:00:00+00:00,FT,R. Jones,6,42,Arsenal,47,Tottenham,2,2
39,Premier League,2023,1035091,2023-09-24T13:00:00+00:00,FT,J. Gillett,6,49,Chelsea,66,Aston Villa,0,1
39,Premier League,2023,1035089,2023-09-24T13:00:00+00:00,FT,J. Brooks,6,51,Brighton,35,Bournemouth,3,1
39,Premier League,2023,1035096,2023-09-24T15:30:00+00:00,FT,S. Attwell,6,62,Sheffield Utd,34,Newcastle,0,8
39,Premier League,2023,1035098,2023-09-30T11:30:00+00:00,FT,A. Madley,7,66,Aston Villa,51,Brighton,6,1
39,Premier League,2023,1035101,2023-09-30T14:00:00+00:00,FT,C. Kavanagh,7,33,Manchester United,52,Crystal Palace,0,1
39,Premier League,2023,1035102,2023-09-30T14:00:00+00:00,FT,T. Bramall,7,34,Newcastle,44,Burnley,2,0
39,Premier League,2023,1035097,2023-09-30T14:00:00+00:00,FT,M. Salisbury,7,35,Bournemouth,42,Arsenal,0,4
39,Premier League,2023,1035106,2023-09-30T14:00:00+00:00,FT,C. Pawson,7,39,Wolves,50,Manchester City,2,1
39,Premier League,2023,1035099,2023-09-30T14:00:00+00:00,FT,A. Taylor,7,45,Everton,1359,Luton,1,2
39,Premier League,2023,1035105,2023-09-30T14:00:00+00:00,FT,G. Scott,7,48,West Ham,62,Sheffield Utd,2,0
39,Premier League,2023,1035104,2023-09-30T16:30:00+00:00,FT,S. Hooper,7,47,Tottenham,40,Liverpool,2,1
39,Premier League,2023,1035103,2023-10-01T13:00:00+00:00,FT,P. Tierney,7,65,Nottingham Forest,55,Brentford,1,1
39,Premier League,2023,1035100,2023-10-02T19:00:00+00:00,FT,T. Robinson,7,36,Fulham,49,Chelsea,0,2
39,Premier League,2023,1035051,2023-10-03T18:30:00+00:00,FT,P. Bankes,2,1359,Luton,44,Burnley,1,2
39,Premier League,2023,1035113,2023-10-07T11:30:00+00:00,FT,J. Brooks,8,1359,Luton,47,Tottenham,0,1
39,Premier League,2023,1035114,2023-10-07T14:00:00+00:00,FT,A. Madley,8,33,Manchester United,55,Brentford,2,1
39,Premier League,2023,1035112,2023-10-07T14:00:00+00:00,FT,S. Barrott,8,36,Fulham,62,Sheffield Utd,3,1
39,Premier League,2023,1035109,2023-10-07T14:00:00+00:00,FT,S. Attwell,8,44,Burnley,49,Chelsea,1,4
39,Premier League,2023,1035111,2023-10-07T14:00:00+00:00,FT,D. Coote,8,45,Everton,35,Bournemouth,3,0
39,Premier League,2023,1035110,2023-10-07T16:30:00+00:00,FT,C. Pawson,8,52,Crystal Palace,65,Nottingham Forest,0,0
39,Premier League,2023,1035116,2023-10-08T13:00:00+00:00,FT,R. Jones,8,39,Wolves,66,Aston Villa,1,1
39,Premier League,2023,1035115,2023-10-08T13:00:00+00:00,FT,P. Bankes,8,48,West Ham,34,Newcastle,2,2
39,Premier League,2023,1035108,2023-10-08T13:00:00+00:00,FT,A. Taylor,8,51,Brighton,40,Liverpool,2,2
39,Premier League,2023,1035107,2023-10-08T15:30:00+00:00,FT,M. Oliver,8,42,Arsenal,50,Manchester City,1,0
39,Premier League,2023,1035121,2023-10-21T11:30:00+00:00,FT,C. Pawson,9,40,Liverpool,45,Everton,2,0
39,Premier League,2023,1035123,2023-10-21T14:00:00+00:00,FT,T. Robinson,9,34,Newcastle,52,Crystal Palace,4,0
39,Premier League,2023,1035117,2023-10-21T14:00:00+00:00,FT,P. Tierney,9,35,Bournemouth,39,Wolves,1,2
39,Premier League,2023,1035122,2023-10-21T14:00:00+00:00,FT,R. Jones,9,50,Manchester City,51,Brighton,2,1
39,Premier League,2023,1035119,2023-10-21T14:00:00+00:00,FT,J. Smith,9,55,Brentford,44,Burnley,3,0
39,Premier League,2023,1035124,2023-10-21T14:00:00+00:00,FT,S. Barrott,9,65,Nottingham Forest,1359,Luton,2,2
39,Premier League,2023,1035120,2023-10-21T16:30:00+00:00,FT,C. Kavanagh,9,49,Chelsea,42,Arsenal,2,2
39,Premier League,2023,1035125,2023-10-21T19:00:00+00:00,FT,M. Oliver,9,62,Sheffield Utd,33,Manchester United,1,2
39,Premier League,2023,1035118,2023-10-22T15:30:00+00:00,FT,D. Coote,9,66,Aston Villa,48,West Ham,4,1
39,Premier League,2023,1035126,2023-10-23T19:00:00+00:00,FT,A. Taylor,9,47,Tottenham,36,Fulham,2,0
39,Premier League,2023,1035132,2023-10-27T19:00:00+00:00,FT,A. Madley,10,52,Crystal Palace,47,Tottenham,1,2
39,Premier League,2023,1035131,2023-10-28T11:30:00+00:00,FT,S. Hooper,10,49,Chelsea,55,Brentford,0,2
39,Premier League,2023,1035127,2023-10-28T14:00:00+00:00,FT,S. Barrott,10,35,Bournemouth,44,Burnley,2,1
39,Premier League,2023,1035128,2023-10-28T14:00:00+00:00,FT,T. Robinson,10,42,Arsenal,62,Sheffield Utd,5,0
39,Premier League,2023,1035136,2023-10-28T16:30:00+00:00,FT,A. Taylor,10,39,Wolves,34,Newcastle,2,2
39,Premier League,2023,1035135,2023-10-29T13:00:00+00:00,FT,S. Attwell,10,48,West Ham,45,Everton,0,1
39,Premier League,2023,1035133,2023-10-29T14:00:00+00:00,FT,C. Kavanagh,10,40,Liverpool,65,Nottingham Forest,3,0
39,Premier League,2023,1035130,2023-10-29T14:00:00+00:00,FT,M. Salisbury,10,51,Brighton,36,Fulham,1,1
39,Premier League,2023,1035129,2023-10-29T14:00:00+00:00,FT,J. Brooks,10,66,Aston Villa,1359,Luton,3,1
39,Premier League,2023,1035134,2023-10-29T15:30:00+00:00,FT,P. Tierney,10,33,Manchester United,50,Manchester City,0,3
39,Premier League,2023,1035140,2023-11-04T12:30:00+00:00,FT,J. Brooks,11,36,Fulham,33,Manchester United,0,1
39,Premier League,2023,1035138,2023-11-04T15:00:00+00:00,FT,P. Bankes,11,44,Burnley,52,Crystal Palace,0,2
39,Premier League,2023,1035139,2023-11-04T15:00:00+00:00,FT,T. Robinson,11,45,Everton,51,Brighton,1,1
39,Premier League,2023,1035142,2023-11-04T15:00:00+00:00,FT,C. Pawson,11,50,Manchester City,35,Bournemouth,6,1
39,Premier League,2023,1035137,2023-11-04T15:00:00+00:00,FT,T. Bramall,11,55,Brentford,48,West Ham,3,2
39,Premier League,2023,1035145,2023-11-04T15:00:00+00:00,FT,R. Jones,11,62,Sheffield Utd,39,Wolves,2,1
39,Premier League,2023,1035143,2023-11-04T17:30:00+00:00,FT,S. Attwell,11,34,Newcastle,42,Arsenal,1,0
39,Premier League,2023,1035144,2023-11-05T14:00:00+00:00,FT,J. Gillett,11,65,Nottingham Forest,66,Aston Villa,2,0
39,Premier League,2023,1035141,2023-11-05T16:30:00+00:00,FT,A. Madley,11,1359,Luton,40,Liverpool,1,1
39,Premier League,2023,1035146,2023-11-06T20:00:00+00:00,FT,M. Oliver,11,47,Tottenham,49,Chelsea,1,4
39,Premier League,2023,1035156,2023-11-11T12:30:00+00:00,FT,T. Robinson,12,39,Wolves,47,Tottenham,2,1
39,Premier League,2023,1035154,2023-11-11T15:00:00+00:00,FT,G. Scott,12,33,Manchester United,1359,Luton,1,0
39,Premier League,2023,1035148,2023-11-11T15:00:00+00:00,FT,M. Oliver,12,42,Arsenal,44,Burnley,3,1
39,Premier League,2023,1035152,2023-11-11T15:00:00+00:00,FT,S. Barrott,12,52,Crystal Palace,45,Everton,2,3
39,Premier League,2023,1035147,2023-11-11T17:30:00+00:00,FT,C. Kavanagh,12,35,Bournemouth,34,Newcastle,2,0
39,Premier League,2023,1035153,2023-11-12T14:00:00+00:00,FT,P. Tierney,12,40,Liverpool,55,Brentford,3,0
39,Premier League,2023,1035155,2023-11-12T14:00:00+00:00,FT,M. Salisbury,12,48,West Ham,65,Nottingham Forest,3,2
39,Premier League,2023,1035150,2023-11-12T14:00:00+00:00,FT,J. Brooks,12,51,Brighton,62,Sheffield Utd,1,1
39,Premier League,2023,1035149,2023-11-12T14:00:00+00:00,FT,S. Hooper,12,66,Aston Villa,36,Fulham,3,1
39,Premier League,2023,1035151,2023-11-12T16:30:00+00:00,FT,A. Taylor,12,49,Chelsea,50,Manchester City,4,4
39,Premier League,2023,1035299,2023-11-25T12:30:00+00:00,FT,C. Kavanagh,13,50,Manchester City,40,Liverpool,1,1
39,Premier League,2023,1035300,2023-11-25T15:00:00+00:00,FT,S. Hooper,13,34,Newcastle,49,Chelsea,4,1
39,Premier League,2023,1035295,2023-11-25T15:00:00+00:00,FT,S. Barrott,13,44,Burnley,48,West Ham,1,2
39,Premier League,2023,1035302,2023-11-25T15:00:00+00:00,FT,A. Madley,13,62,Sheffield Utd,35,Bournemouth,1,3
39,Premier League,2023,1035301,2023-11-25T15:00:00+00:00,FT,A. Taylor,13,65,Nottingham Forest,51,Brighton,2,3
39,Premier League,2023,1035298,2023-11-25T15:00:00+00:00,FT,J. Gillett,13,1359,Luton,52,Crystal Palace,2,1
39,Premier League,2023,1035294,2023-11-25T17:30:00+00:00,FT,T. Robinson,13,55,Brentford,42,Arsenal,0,1
39,Premier League,2023,1035303,2023-11-26T14:00:00+00:00,FT,R. Jones,13,47,Tottenham,66,Aston Villa,1,2
39,Premier League,2023,1035296,2023-11-26T16:30:00+00:00,FT,J. Brooks,13,45,Everton,33,Manchester United,0,3
39,Premier League,2023,1035297,2023-11-27T20:00:00+00:00,FT,M. Salisbury,13,36,Fulham,39,Wolves,3,2
39,Premier League,2023,1035305,2023-12-02T15:00:00+00:00,FT,P. Bankes,14,42,Arsenal,39,Wolves,2,1
39,Premier League,2023,1035307,2023-12-02T15:00:00+00:00,FT,C. Kavanagh,14,44,Burnley,62,Sheffield Utd,5,0
39,Premier League,2023,1035306,2023-12-02T15:00:00+00:00,FT,A. Taylor,14,55,Brentford,1359,Luton,3,1
39,Premier League,2023,1035312,2023-12-02T17:30:00+00:00,FT,P. Tierney,14,65,Nottingham Forest,45,Everton,0,1
39,Premier League,2023,1035311,2023-12-02T20:00:00+00:00,FT,R. Jones,14,34,Newcastle,33,Manchester United,1,0
39,Premier League,2023,1035304,2023-12-03T14:00:00+00:00,FT,T. Bramall,14,35,Bournemouth,66,Aston Villa,2,2
39,Premier League,2023,1035309,2023-12-03T14:00:00+00:00,FT,S. Attwell,14,40,Liverpool,36,Fulham,4,3
39,Premier League,2023,1035313,2023-12-03T14:00:00+00:00,FT,M. Oliver,14,48,West Ham,52,Crystal Palace,1,1
39,Premier League,2023,1035308,2023-12-03T14:00:00+00:00,FT,C. Pawson,14,49,Chelsea,51,Brighton,3,2
39,Premier League,2023,1035310,2023-12-03T16:30:00+00:00,FT,S. Hooper,14,50,Manchester City,47,Tottenham,3,3
39,Premier League,2023,1035321,2023-12-05T19:30:00+00:00,FT,J. Gillett,15,39,Wolves,44,Burnley,1,0
39,Premier League,2023,1035318,2023-12-05T20:15:00+00:00,FT,S. Barrott,15,1359,Luton,42,Arsenal,3,4
39,Premier League,2023,1035317,2023-12-06T19:30:00+00:00,FT,J. Smith,15,36,Fulham,65,Nottingham Forest,5,0
39,Premier League,2023,1035315,2023-12-06T19:30:00+00:00,FT,P. Bankes,15,51,Brighton,55,Brentford,2,1
39,Premier League,2023,1035322,2023-12-06T19:30:00+00:00,FT,C. Pawson,15,52,Crystal Palace,35,Bournemouth,0,2
39,Premier League,2023,1035319,2023-12-06T19:30:00+00:00,FT,S. Hooper,15,62,Sheffield Utd,40,Liverpool,0,2
39,Premier League,2023,1035323,2023-12-06T20:15:00+00:00,FT,C. Kavanagh,15,33,Manchester United,49,Chelsea,2,1
39,Premier League,2023,1035314,2023-12-06T20:15:00+00:00,FT,J. Brooks,15,66,Aston Villa,50,Manchester City,1,0
39,Premier League,2023,1035316,2023-12-07T19:30:00+00:00,FT,T. Robinson,15,45,Everton,34,Newcastle,3,0
39,Premier League,2023,1035320,2023-12-07T20:15:00+00:00,FT,M. Salisbury,15,47,Tottenham,48,West Ham,1,2
39,Premier League,2023,1035326,2023-12-09T12:30:00+00:00,FT,A. Madley,16,52,Crystal Palace,40,Liverpool,1,2
39,Premier League,2023,1035330,2023-12-09T15:00:00+00:00,FT,P. Bankes,16,33,Manchester United,35,Bournemouth,0,3
39,Premier League,2023,1035333,2023-12-09T15:00:00+00:00,FT,S. Barrott,16,39,Wolves,65,Nottingham Forest,1,1
39,Premier League,2023,1035325,2023-12-09T15:00:00+00:00,FT,S. Hooper,16,51,Brighton,44,Burnley,1,1
39,Premier League,2023,1035331,2023-12-09T15:00:00+00:00,FT,S. Attwell,16,62,Sheffield Utd,55,Brentford,1,0
39,Premier League,2023,1035324,2023-12-09T17:30:00+00:00,FT,J. Gillett,16,66,Aston Villa,42,Arsenal,1,0
39,Premier League,2023,1035328,2023-12-10T14:00:00+00:00,FT,P. Tierney,16,36,Fulham,48,West Ham,5,0
39,Premier League,2023,1035327,2023-12-10T14:00:00+00:00,FT,M. Oliver,16,45,Everton,49,Chelsea,2,0
39,Premier League,2023,1035329,2023-12-10T14:00:00+00:00,FT,T. Robinson,16,1359,Luton,50,Manchester City,1,2
39,Premier League,2023,1035332,2023-12-10T16:30:00+00:00,FT,C. Kavanagh,16,47,Tottenham,34,Newcastle,4,1
39,Premier League,2023,1035342,2023-12-15T20:00:00+00:00,FT,J. Gillett,17,65,Nottingham Forest,47,Tottenham,0,2
39,Premier League,2023,1035341,2023-12-16T15:00:00+00:00,FT,S. Barrott,17,34,Newcastle,36,Fulham,3,0
39,Premier League,2023,1035338,2023-12-16T15:00:00+00:00,FT,A. Madley,17,49,Chelsea,62,Sheffield Utd,2,0
39,Premier League,2023,1035340,2023-12-16T15:00:00+00:00,FT,P. Tierney,17,50,Manchester City,52,Crystal Palace,2,2
39,Premier League,2023,1035337,2023-12-16T17:30:00+00:00,FT,A. Taylor,17,44,Burnley,45,Everton,0,2
39,Premier League,2023,1035335,2023-12-17T14:00:00+00:00,FT,T. Robinson,17,42,Arsenal,51,Brighton,2,0
39,Premier League,2023,1035343,2023-12-17T14:00:00+00:00,FT,C. Kavanagh,17,48,West Ham,39,Wolves,3,0
39,Premier League,2023,1035336,2023-12-17T14:00:00+00:00,FT,D. Coote,17,55,Brentford,66,Aston Villa,1,2
39,Premier League,2023,1035339,2023-12-17T16:30:00+00:00,FT,M. Oliver,17,40,Liverpool,33,Manchester United,0,0
39,Premier League,2023,1035345,2023-12-21T20:00:00+00:00,FT,J. Brooks,18,52,Crystal Palace,51,Brighton,1,1
39,Premier League,2023,1035344,2023-12-22T20:00:00+00:00,FT,A. Taylor,18,66,Aston Villa,62,Sheffield Utd,1,1
39,Premier League,2023,1035352,2023-12-23T12:30:00+00:00,FT,S. Hooper,18,48,West Ham,33,Manchester United,2,0
39,Premier League,2023,1035346,2023-12-23T15:00:00+00:00,FT,R. Welch,18,36,Fulham,44,Burnley,0,2
39,Premier League,2023,1035351,2023-12-23T15:00:00+00:00,FT,S. Attwell,18,47,Tottenham,45,Everton,2,1
39,Premier League,2023,1035350,2023-12-23T15:00:00+00:00,FT,R. Jones,18,65,Nottingham Forest,35,Bournemouth,2,3
39,Premier League,2023,1035348,2023-12-23T15:00:00+00:00,FT,D. England,18,1359,Luton,34,Newcastle,1,0
39,Premier League,2023,1035347,2023-12-23T17:30:00+00:00,FT,C. Kavanagh,18,40,Liverpool,42,Arsenal,1,1
39,Premier League,2023,1035353,2023-12-24T13:00:00+00:00,FT,D. Coote,18,39,Wolves,49,Chelsea,2,1
39,Premier League,2023,1035362,2023-12-26T12:30:00+00:00,FT,C. Kavanagh,19,34,Newcastle,65,Nottingham Forest,1,3
39,Premier League,2023,1035354,2023-12-26T15:00:00+00:00,FT,T. Robinson,19,35,Bournemouth,36,Fulham,3,0
39,Premier League,2023,1035363,2023-12-26T15:00:00+00:00,FT,S. Allison,19,62,Sheffield Utd,1359,Luton,2,3
39,Premier League,2023,1035358,2023-12-26T17:30:00+00:00,FT,P. Tierney,19,44,Burnley,40,Liverpool,0,2
39,Premier League,2023,1035361,2023-12-26T20:00:00+00:00,FT,C. Pawson,19,33,Manchester United,66,Aston Villa,3,2
39,Premier League,2023,1035359,2023-12-27T19:30:00+00:00,FT,M. Salisbury,19,49,Chelsea,52,Crystal Palace,2,1
39,Premier League,2023,1035356,2023-12-27T19:30:00+00:00,FT,A. Madley,19,55,Brentford,39,Wolves,1,4
39,Premier League,2023,1035360,2023-12-27T20:15:00+00:00,FT,J. Brooks,19,45,Everton,50,Manchester City,1,3
39,Premier League,2023,1035357,2023-12-28T19:30:00+00:00,FT,J. Gillett,19,51,Brighton,47,Tottenham,4,2
39,Premier League,2023,1035355,2023-12-28T20:15:00+00:00,FT,M. Oliver,19,42,Arsenal,48,West Ham,0,2
39,Premier League,2023,1035368,2023-12-30T12:30:00+00:00,FT,P. Tierney,20,1359,Luton,49,Chelsea,2,3
39,Premier League,2023,1035373,2023-12-30T15:00:00+00:00,FT,T. Bramall,20,39,Wolves,45,Everton,3,0
39,Premier League,2023,1035369,2023-12-30T15:00:00+00:00,FT,D. Coote,20,50,Manchester City,62,Sheffield Utd,2,0
39,Premier League,2023,1035365,2023-12-30T15:00:00+00:00,FT,R. Jones,20,52,Crystal Palace,55,Brentford,3,1
39,Premier League,2023,1035364,2023-12-30T15:00:00+00:00,FT,S. Attwell,20,66,Aston Villa,44,Burnley,3,2
39,Premier League,2023,1035370,2023-12-30T17:30:00+00:00,FT,T. Robinson,20,65,Nottingham Forest,33,Manchester United,2,1
39,Premier League,2023,1035366,2023-12-31T14:00:00+00:00,FT,J. Smith,20,36,Fulham,42,Arsenal,2,1
39,Premier League,2023,1035371,2023-12-31T14:00:00+00:00,FT,S. Hooper,20,47,Tottenham,35,Bournemouth,3,1
39,Premier League,2023,1035367,2024-01-01T20:00:00+00:00,FT,A. Taylor,20,40,Liverpool,34,Newcastle,4,2
39,Premier League,2023,1035372,2024-01-02T19:30:00+00:00,FT,S. Barrott,20,48,West Ham,51,Brighton,0,0
39,Premier League,2023,1035378,2024-01-12T19:45:00+00:00,FT,T. Harrington,21,44,Burnley,1359,Luton,1,1
39,Premier League,2023,1035379,2024-01-13T12:30:00+00:00,FT,A. Taylor,21,49,Chelsea,36,Fulham,1,0
39,Premier League,2023,1035382,2024-01-13T17:30:00+00:00,FT,C. Kavanagh,21,34,Newcastle,50,Manchester City,2,3
39,Premier League,2023,1035380,2024-01-14T14:00:00+00:00,FT,D. Coote,21,45,Everton,66,Aston Villa,0,0
39,Premier League,2023,1035381,2024-01-14T16:30:00+00:00,FT,J. Brooks,21,33,Manchester United,47,Tottenham,2,2
39,Premier League,2023,1035375,2024-01-20T12:30:00+00:00,FT,P. Tierney,21,42,Arsenal,52,Crystal Palace,5,0
39,Premier League,2023,1035376,2024-01-20T17:30:00+00:00,FT,D. England,21,55,Brentford,65,Nottingham Forest,3,2
39,Premier League,2023,1035383,2024-01-21T14:00:00+00:00,FT,M. Salisbury,21,62,Sheffield Utd,48,West Ham,2,2
39,Premier League,2023,1035374,2024-01-21T16:30:00+00:00,FT,A. Madley,21,35,Bournemouth,40,Liverpool,0,4
39,Premier League,2023,1035377,2024-01-22T19:45:00+00:00,FT,C. Pawson,21,51,Brighton,39,Wolves,0,0
39,Premier League,2023,1035387,2024-01-30T19:30:00+00:00,FT,S. Hooper,22,65,Nottingham Forest,42,Arsenal,1,2
39,Premier League,2023,1035385,2024-01-30T19:45:00+00:00,FT,T. Bramall,22,36,Fulham,45,Everton,0,0
39,Premier League,2023,1035386,2024-01-30T19:45:00+00:00,FT,R. Jones,22,1359,Luton,51,Brighton,4,0
39,Premier League,2023,1035391,2024-01-30T20:00:00+00:00,FT,T. Harrington,22,52,Crystal Palace,62,Sheffield Utd,3,2
39,Premier League,2023,1035384,2024-01-30T20:15:00+00:00,FT,J. Brooks,22,66,Aston Villa,34,Newcastle,1,3
39,Premier League,2023,1035388,2024-01-31T19:30:00+00:00,FT,D. Coote,22,47,Tottenham,55,Brentford,3,2
39,Premier League,2023,1035393,2024-01-31T19:30:00+00:00,FT,S. Barrott,22,50,Manchester City,44,Burnley,3,1
39,Premier League,2023,1035392,2024-01-31T20:15:00+00:00,FT,P. Tierney,22,40,Liverpool,49,Chelsea,4,1
39,Premier League,2023,1035389,2024-02-01T19:30:00+00:00,FT,T. Robinson,22,48,West Ham,35,Bournemouth,1,1
39,Premier League,2023,1035390,2024-02-01T20:15:00+00:00,FT,J. Gillett,22,39,Wolves,33,Manchester United,3,4
39,Premier League,2023,1035400,2024-02-03T12:30:00+00:00,FT,M. Oliver,23,45,Everton,47,Tottenham,2,2
39,Premier League,2023,1035402,2024-02-03T15:00:00+00:00,FT,T. Bramall,23,34,Newcastle,1359,Luton,4,4
39,Premier League,2023,1035398,2024-02-03T15:00:00+00:00,FT,D. Bond,23,44,Burnley,36,Fulham,2,2
39,Premier League,2023,1035397,2024-02-03T15:00:00+00:00,FT,S. Hooper,23,51,Brighton,52,Crystal Palace,4,1
39,Premier League,2023,1035403,2024-02-03T17:30:00+00:00,FT,P. Tierney,23,62,Sheffield Utd,66,Aston Villa,0,5
39,Premier League,2023,1035401,2024-02-04T14:00:00+00:00,FT,A. Madley,23,33,Manchester United,48,West Ham,3,0
39,Premier League,2023,1035394,2024-02-04T14:00:00+00:00,FT,R. Welch,23,35,Bournemouth,65,Nottingham Forest,1,1
39,Premier League,2023,1035399,2024-02-04T14:00:00+00:00,FT,T. Robinson,23,49,Chelsea,39,Wolves,2,4
39,Premier League,2023,1035395,2024-02-04T16:30:00+00:00,FT,A. Taylor,23,42,Arsenal,40,Liverpool,3,1
39,Premier League,2023,1035396,2024-02-05T20:00:00+00:00,FT,J. Gillett,23,55,Brentford,50,Manchester City,1,3
39,Premier League,2023,1035409,2024-02-10T12:30:00+00:00,FT,J. Brooks,24,50,Manchester City,45,Everton,2,0
39,Premier League,2023,1035406,2024-02-10T15:00:00+00:00,FT,D. England,24,36,Fulham,35,Bournemouth,3,1
39,Premier League,2023,1035413,2024-02-10T15:00:00+00:00,FT,S. Hooper,24,39,Wolves,55,Brentford,0,2
39,Premier League,2023,1035407,2024-02-10T15:00:00+00:00,FT,T. Robinson,24,40,Liverpool,44,Burnley,3,1
39,Premier League,2023,1035411,2024-02-10T15:00:00+00:00,FT,S. Barrott,24,47,Tottenham,51,Brighton,2,1
39,Premier League,2023,1035408,2024-02-10T15:00:00+00:00,FT,C. Kavanagh,24,1359,Luton,62,Sheffield Utd,1,3
39,Premier League,2023,1035410,2024-02-10T17:30:00+00:00,FT,A. Taylor,24,65,Nottingham Forest,34,Newcastle,2,3
39,Premier League,2023,1035412,2024-02-11T14:00:00+00:00,FT,C. Pawson,24,48,West Ham,42,Arsenal,0,6
39,Premier League,2023,1035404,2024-02-11T16:30:00+00:00,FT,R. Jones,24,66,Aston Villa,33,Manchester United,1,2
39,Premier League,2023,1035405,2024-02-12T20:00:00+00:00,FT,M. Oliver,24,52,Crystal Palace,49,Chelsea,1,3
39,Premier League,2023,1035414,2024-02-17T12:30:00+00:00,FT,M. Oliver,25,55,Brentford,40,Liverpool,1,4
39,Premier League,2023,1035420,2024-02-17T15:00:00+00:00,FT,M. Salisbury,25,34,Newcastle,35,Bournemouth,2,2
39,Premier League,2023,1035417,2024-02-17T15:00:00+00:00,FT,L. Smith,25,36,Fulham,66,Aston Villa,1,2
39,Premier League,2023,1035415,2024-02-17T15:00:00+00:00,FT,J. Gillett,25,44,Burnley,42,Arsenal,0,5
39,Premier League,2023,1035423,2024-02-17T15:00:00+00:00,FT,A. Taylor,25,47,Tottenham,39,Wolves,1,2
39,Premier League,2023,1035421,2024-02-17T15:00:00+00:00,FT,T. Bramall,25,65,Nottingham Forest,48,West Ham,2,0
39,Premier League,2023,1035419,2024-02-17T17:30:00+00:00,FT,A. Madley,25,50,Manchester City,49,Chelsea,1,1
39,Premier League,2023,1035422,2024-02-18T14:00:00+00:00,FT,S. Attwell,25,62,Sheffield Utd,51,Brighton,0,5
39,Premier League,2023,1035418,2024-02-18T16:30:00+00:00,FT,D. Coote,25,1359,Luton,33,Manchester United,1,2
39,Premier League,2023,1035416,2024-02-19T20:00:00+00:00,FT,P. Tierney,25,45,Everton,52,Crystal Palace,1,1
39,Premier League,2023,1035349,2024-02-20T19:30:00+00:00,FT,D. England,18,50,Manchester City,55,Brentford,1,0
39,Premier League,2023,1035430,2024-02-21T19:30:00+00:00,FT,A. Madley,26,40,Liverpool,1359,Luton,4,1
39,Premier League,2023,1035431,2024-02-24T15:00:00+00:00,FT,M. Oliver,26,33,Manchester United,36,Fulham,1,2
39,Premier League,2023,1035427,2024-02-24T15:00:00+00:00,FT,T. Harrington,26,51,Brighton,45,Everton,1,1
39,Premier League,2023,1035429,2024-02-24T15:00:00+00:00,FT,L. Smith,26,52,Crystal Palace,44,Burnley,3,0
39,Premier League,2023,1035426,2024-02-24T15:00:00+00:00,FT,S. Barrott,26,66,Aston Villa,65,Nottingham Forest,4,2
39,Premier League,2023,1035424,2024-02-24T17:30:00+00:00,FT,J. Gillett,26,35,Bournemouth,50,Manchester City,0,1
39,Premier League,2023,1035425,2024-02-24T20:00:00+00:00,FT,P. Tierney,26,42,Arsenal,34,Newcastle,4,1
39,Premier League,2023,1035433,2024-02-25T13:30:00+00:00,FT,D. Bond,26,39,Wolves,62,Sheffield Utd,1,0
39,Premier League,2023,1035432,2024-02-26T20:00:00+00:00,FT,S. Hooper,26,48,West Ham,55,Brentford,4,2
39,Premier League,2023,1035440,2024-03-02T15:00:00+00:00,FT,T. Robinson,27,34,Newcastle,39,Wolves,3,0
39,Premier League,2023,1035437,2024-03-02T15:00:00+00:00,FT,S. Hooper,27,36,Fulham,51,Brighton,3,0
39,Premier League,2023,1035436,2024-03-02T15:00:00+00:00,FT,C. Pawson,27,45,Everton,48,West Ham,1,3
39,Premier League,2023,1035443,2024-03-02T15:00:00+00:00,FT,J. Brooks,27,47,Tottenham,52,Crystal Palace,3,1
39,Premier League,2023,1035434,2024-03-02T15:00:00+00:00,FT,J. Gillett,27,55,Brentford,49,Chelsea,2,2
39,Premier League,2023,1035441,2024-03-02T15:00:00+00:00,FT,P. Tierney,27,65,Nottingham Forest,40,Liverpool,0,1
39,Premier League,2023,1035438,2024-03-02T17:30:00+00:00,FT,M. Oliver,27,1359,Luton,66,Aston Villa,2,3
39,Premier League,2023,1035435,2024-03-03T13:00:00+00:00,FT,D. Coote,27,44,Burnley,35,Bournemouth,0,2
39,Premier League,2023,1035439,2024-03-03T15:30:00+00:00,FT,A. Madley,27,50,Manchester City,33,Manchester United,3,1
39,Premier League,2023,1035442,2024-03-04T20:00:00+00:00,FT,S. Barrott,27,62,Sheffield Utd,42,Arsenal,0,6
39,Premier League,2023,1035451,2024-03-09T12:30:00+00:00,FT,S. Hooper,28,33,Manchester United,45,Everton,2,0
39,Premier League,2023,1035444,2024-03-09T15:00:00+00:00,FT,A. Taylor,28,35,Bournemouth,62,Sheffield Utd,2,2
39,Premier League,2023,1035453,2024-03-09T15:00:00+00:00,FT,T. Harrington,28,39,Wolves,36,Fulham,2,1
39,Premier League,2023,1035449,2024-03-09T15:00:00+00:00,FT,S. Singh,28,52,Crystal Palace,1359,Luton,1,1
39,Premier League,2023,1035445,2024-03-09T17:30:00+00:00,FT,R. Jones,28,42,Arsenal,55,Brentford,2,1
39,Premier League,2023,1035446,2024-03-10T13:00:00+00:00,FT,C. Kavanagh,28,66,Aston Villa,47,Tottenham,0,4
39,Premier League,2023,1035452,2024-03-10T14:00:00+00:00,FT,D. England,28,48,West Ham,44,Burnley,2,2
39,Premier League,2023,1035447,2024-03-10T14:00:00+00:00,FT,M. Salisbury,28,51,Brighton,65,Nottingham Forest,1,0
39,Premier League,2023,1035450,2024-03-10T15:45:00+00:00,FT,M. Oliver,28,40,Liverpool,50,Manchester City,1,1
39,Premier League,2023,1035448,2024-03-11T20:00:00+00:00,FT,J. Brooks,28,49,Chelsea,34,Newcastle,3,2
39,Premier League,2023,1035334,2024-03-13T19:30:00+00:00,FT,S. Allison,17,35,Bournemouth,1359,Luton,4,3
39,Premier League,2023,1035456,2024-03-16T15:00:00+00:00,FT,D. Bond,29,44,Burnley,55,Brentford,2,1
39,Premier League,2023,1035460,2024-03-16T15:00:00+00:00,FT,D. England,29,1359,Luton,65,Nottingham Forest,1,1
39,Premier League,2023,1035459,2024-03-16T17:30:00+00:00,FT,R. Jones,29,36,Fulham,47,Tottenham,3,0
39,Premier League,2023,1035462,2024-03-17T14:00:00+00:00,FT,J. Gillett,29,48,West Ham,66,Aston Villa,1,1
39,Premier League,2023,1035470,2024-03-30T12:30:00+00:00,FT,R. Jones,30,34,Newcastle,48,West Ham,4,3
39,Premier League,2023,1035464,2024-03-30T15:00:00+00:00,FT,S. Barrott,30,35,Bournemouth,45,Everton,2,1
39,Premier League,2023,1035473,2024-03-30T15:00:00+00:00,FT,J. Gillett,30,47,Tottenham,1359,Luton,2,1
39,Premier League,2023,1035467,2024-03-30T15:00:00+00:00,FT,D. England,30,49,Chelsea,44,Burnley,2,2
39,Premier League,2023,1035472,2024-03-30T15:00:00+00:00,FT,T. Robinson,30,62,Sheffield Utd,36,Fulham,3,3
39,Premier League,2023,1035471,2024-03-30T15:00:00+00:00,FT,C. Kavanagh,30,65,Nottingham Forest,52,Crystal Palace,1,1
39,Premier League,2023,1035465,2024-03-30T17:30:00+00:00,FT,P. Tierney,30,66,Aston Villa,39,Wolves,2,0
39,Premier League,2023,1035466,2024-03-30T20:00:00+00:00,FT,S. Hooper,30,55,Brentford,33,Manchester United,1,1
39,Premier League,2023,1035468,2024-03-31T13:00:00+00:00,FT,D. Coote,30,40,Liverpool,51,Brighton,2,1
39,Premier League,2023,1035469,2024-03-31T15:30:00+00:00,FT,A. Taylor,30,50,Manchester City,42,Arsenal,0,0
39,Premier League,2023,1035481,2024-04-02T18:30:00+00:00,FT,T. Harrington,31,34,Newcastle,45,Everton,1,1
39,Premier League,2023,1035478,2024-04-02T18:30:00+00:00,FT,M. Oliver,31,65,Nottingham Forest,36,Fulham,3,1
39,Premier League,2023,1035474,2024-04-02T18:45:00+00:00,FT,G. Scott,31,35,Bournemouth,52,Crystal Palace,1,0
39,Premier League,2023,1035477,2024-04-02T18:45:00+00:00,FT,T. Bramall,31,44,Burnley,39,Wolves,1,1
39,Premier League,2023,1035479,2024-04-02T19:15:00+00:00,FT,J. Brooks,31,48,West Ham,47,Tottenham,1,1
39,Premier League,2023,1035475,2024-04-03T18:30:00+00:00,FT,C. Pawson,31,42,Arsenal,1359,Luton,2,0
39,Premier League,2023,1035476,2024-04-03T18:30:00+00:00,FT,A. Madley,31,55,Brentford,51,Brighton,0,0
39,Premier League,2023,1035483,2024-04-03T19:15:00+00:00,FT,D. England,31,50,Manchester City,66,Aston Villa,4,1
39,Premier League,2023,1035482,2024-04-04T18:30:00+00:00,FT,S. Attwell,31,40,Liverpool,62,Sheffield Utd,3,1
39,Premier League,2023,1035480,2024-04-04T19:15:00+00:00,FT,J. Gillett,31,49,Chelsea,33,Manchester United,4,3
39,Premier League,2023,1035486,2024-04-06T11:30:00+00:00,FT,P. Tierney,32,52,Crystal Palace,50,Manchester City,2,4
39,Premier League,2023,1035488,2024-04-06T14:00:00+00:00,FT,S. Allison,32,36,Fulham,34,Newcastle,0,1
39,Premier League,2023,1035493,2024-04-06T14:00:00+00:00,FT,T. Harrington,32,39,Wolves,48,West Ham,1,2
39,Premier League,2023,1035487,2024-04-06T14:00:00+00:00,FT,M. Oliver,32,45,Everton,44,Burnley,1,0
39,Premier League,2023,1035484,2024-04-06T14:00:00+00:00,FT,M. Salisbury,32,66,Aston Villa,55,Brentford,3,3
39,Premier League,2023,1035489,2024-04-06T14:00:00+00:00,FT,A. Madley,32,1359,Luton,35,Bournemouth,2,1
39,Premier League,2023,1035485,2024-04-06T16:30:00+00:00,FT,J. Brooks,32,51,Brighton,42,Arsenal,0,3
39,Premier League,2023,1035490,2024-04-07T14:30:00+00:00,FT,A. Taylor,32,33,Manchester United,40,Liverpool,2,2
39,Premier League,2023,1035491,2024-04-07T16:30:00+00:00,FT,R. Jones,32,62,Sheffield Utd,49,Chelsea,2,2
39,Premier League,2023,1035492,2024-04-07T17:00:00+00:00,FT,S. Hooper,32,47,Tottenham,65,Nottingham Forest,3,1
39,Premier League,2023,1035501,2024-04-13T11:30:00+00:00,FT,T. Robinson,33,34,Newcastle,47,Tottenham,4,0
39,Premier League,2023,1035497,2024-04-13T14:00:00+00:00,FT,S. Hooper,33,44,Burnley,51,Brighton,1,1
39,Premier League,2023,1035500,2024-04-13T14:00:00+00:00,FT,J. Brooks,33,50,Manchester City,1359,Luton,5,1
39,Premier League,2023,1035496,2024-04-13T14:00:00+00:00,FT,S. Barrott,33,55,Brentford,62,Sheffield Utd,2,0
39,Premier League,2023,1035502,2024-04-13T14:00:00+00:00,FT,C. Pawson,33,65,Nottingham Forest,39,Wolves,2,2
39,Premier League,2023,1035494,2024-04-13T16:30:00+00:00,FT,T. Harrington,33,35,Bournemouth,33,Manchester United,2,2
39,Premier League,2023,1035499,2024-04-14T13:00:00+00:00,FT,C. Kavanagh,33,40,Liverpool,52,Crystal Palace,0,1
39,Premier League,2023,1035503,2024-04-14T13:00:00+00:00,FT,S. Attwell,33,48,West Ham,36,Fulham,0,2
39,Premier League,2023,1035495,2024-04-14T15:30:00+00:00,FT,D. Coote,33,42,Arsenal,66,Aston Villa,0,2
39,Premier League,2023,1035498,2024-04-15T19:00:00+00:00,FT,P. Tierney,33,49,Chelsea,45,Everton,6,0
39,Premier League,2023,1035511,2024-04-20T14:00:00+00:00,FT,A. Madley,34,62,Sheffield Utd,44,Burnley,1,4
39,Premier League,2023,1035509,2024-04-20T14:00:00+00:00,FT,J. Gillett,34,1359,Luton,55,Brentford,1,5
39,Premier League,2023,1035513,2024-04-20T18:30:00+00:00,FT,P. Tierney,34,39,Wolves,42,Arsenal,0,2
39,Premier League,2023,1035507,2024-04-21T12:30:00+00:00,FT,A. Taylor,34,45,Everton,65,Nottingham Forest,2,0
39,Premier League,2023,1035506,2024-04-21T14:00:00+00:00,FT,G. Scott,34,52,Crystal Palace,48,West Ham,5,2
39,Premier League,2023,1035504,2024-04-21T14:00:00+00:00,FT,T. Robinson,34,66,Aston Villa,35,Bournemouth,3,1
39,Premier League,2023,1035508,2024-04-21T15:30:00+00:00,FT,C. Pawson,34,36,Fulham,40,Liverpool,1,3
39,Premier League,2023,1035454,2024-04-23T19:00:00+00:00,FT,S. Hooper,29,42,Arsenal,49,Chelsea,5,0
39,Premier League,2023,1035463,2024-04-24T18:45:00+00:00,FT,S. Attwell,29,39,Wolves,35,Bournemouth,0,1
39,Premier League,2023,1035461,2024-04-24T19:00:00+00:00,FT,M. Salisbury,29,33,Manchester United,62,Sheffield Utd,4,2
39,Premier League,2023,1035458,2024-04-24T19:00:00+00:00,FT,A. Madley,29,45,Everton,40,Liverpool,2,0
39,Premier League,2023,1035457,2024-04-24T19:00:00+00:00,FT,T. Bramall,29,52,Crystal Palace,34,Newcastle,2,0
39,Premier League,2023,1035455,2024-04-25T19:00:00+00:00,FT,J. Gillett,29,51,Brighton,50,Manchester City,0,4
39,Premier League,2023,1035522,2024-04-27T11:30:00+00:00,FT,A. Taylor,35,48,West Ham,40,Liverpool,2,2
39,Premier League,2023,1035518,2024-04-27T14:00:00+00:00,FT,J. Brooks,35,33,Manchester United,44,Burnley,1,1
39,Premier League,2023,1035519,2024-04-27T14:00:00+00:00,FT,T. Harrington,35,34,Newcastle,62,Sheffield Utd,5,1
39,Premier League,2023,1035517,2024-04-27T14:00:00+00:00,FT,S. Attwell,35,36,Fulham,52,Crystal Palace,1,1
39,Premier League,2023,1035523,2024-04-27T14:00:00+00:00,FT,D. Coote,35,39,Wolves,1359,Luton,2,1
39,Premier League,2023,1035516,2024-04-27T16:30:00+00:00,FT,D. England,35,45,Everton,55,Brentford,1,0
39,Premier League,2023,1035515,2024-04-27T19:00:00+00:00,FT,C. Pawson,35,66,Aston Villa,49,Chelsea,2,2
39,Premier League,2023,1035514,2024-04-28T13:00:00+00:00,FT,P. Tierney,35,35,Bournemouth,51,Brighton,3,0
39,Premier League,2023,1035521,2024-04-28T13:00:00+00:00,FT,M. Oliver,35,47,Tottenham,42,Arsenal,2,3
39,Premier League,2023,1035520,2024-04-28T15:30:00+00:00,FT,S. Hooper,35,65,Nottingham Forest,50,Manchester City,0,2
39,Premier League,2023,1035428,2024-05-02T18:30:00+00:00,FT,R. Jones,26,49,Chelsea,47,Tottenham,2,0
39,Premier League,2023,1035531,2024-05-03T19:00:00+00:00,FT,T. Robinson,36,1359,Luton,45,Everton,1,1
39,Premier League,2023,1035524,2024-05-04T11:30:00+00:00,FT,D. Coote,36,42,Arsenal,35,Bournemouth,3,0
39,Premier League,2023,1035527,2024-05-04T14:00:00+00:00,FT,A. Taylor,36,44,Burnley,34,Newcastle,1,4
39,Premier League,2023,1035525,2024-05-04T14:00:00+00:00,FT,G. Scott,36,55,Brentford,36,Fulham,0,0
39,Premier League,2023,1035533,2024-05-04T14:00:00+00:00,FT,C. Kavanagh,36,62,Sheffield Utd,65,Nottingham Forest,1,3
39,Premier League,2023,1035532,2024-05-04T16:30:00+00:00,FT,C. Pawson,36,50,Manchester City,39,Wolves,5,1
39,Premier League,2023,1035528,2024-05-05T13:00:00+00:00,FT,A. Madley,36,49,Chelsea,48,West Ham,5,0
39,Premier League,2023,1035526,2024-05-05T13:00:00+00:00,FT,R. Jones,36,51,Brighton,66,Aston Villa,1,0
39,Premier League,2023,1035530,2024-05-05T15:30:00+00:00,FT,P. Tierney,36,40,Liverpool,47,Tottenham,4,2
39,Premier League,2023,1035529,2024-05-06T19:00:00+00:00,FT,J. Gillett,36,52,Crystal Palace,33,Manchester United,4,0
39,Premier League,2023,1035537,2024-05-11T11:30:00+00:00,FT,A. Taylor,37,36,Fulham,50,Manchester City,0,4
39,Premier League,2023,1035539,2024-05-11T14:00:00+00:00,FT,D. England,37,34,Newcastle,51,Brighton,1,1
39,Premier League,2023,1035534,2024-05-11T14:00:00+00:00,FT,M. Donohue,37,35,Bournemouth,55,Brentford,1,2
39,Premier League,2023,1035543,2024-05-11T14:00:00+00:00,FT,T. Bramall,37,39,Wolves,52,Crystal Palace,1,3
39,Premier League,2023,1035536,2024-05-11T14:00:00+00:00,FT,S. Attwell,37,45,Everton,62,Sheffield Utd,1,0
39,Premier League,2023,1035541,2024-05-11T14:00:00+00:00,FT,J. Gillett,37,47,Tottenham,44,Burnley,2,1
39,Premier League,2023,1035542,2024-05-11T14:00:00+00:00,FT,M. Oliver,37,48,West Ham,1359,Luton,3,1
39,Premier League,2023,1035540,2024-05-11T16:30:00+00:00,FT,T. Harrington,37,65,Nottingham Forest,49,Chelsea,2,3
39,Premier League,2023,1035538,2024-05-12T15:30:00+00:00,FT,P. Tierney,37,33,Manchester United,42,Arsenal,0,1
39,Premier League,2023,1035535,2024-05-13T19:00:00+00:00,FT,S. Hooper,37,66,Aston Villa,40,Liverpool,3,3
39,Premier League,2023,1035512,2024-05-14T19:00:00+00:00,FT,C. Kavanagh,34,47,Tottenham,50,Manchester City,0,2
39,Premier League,2023,1035505,2024-05-15T18:45:00+00:00,FT,M. Salisbury,34,51,Brighton,49,Chelsea,1,2
39,Premier League,2023,1035510,2024-05-15T19:00:00+00:00,FT,R. Jones,34,33,Manchester United,34,Newcastle,3,2
39,Premier League,2023,1035550,2024-05-19T15:00:00+00:00,FT,C. Kavanagh,38,40,Liverpool,39,Wolves,2,0
39,Premier League,2023,1035544,2024-05-19T15:00:00+00:00,FT,M. Oliver,38,42,Arsenal,45,Everton,2,1
39,Premier League,2023,1035547,2024-05-19T15:00:00+00:00,FT,G. Scott,38,44,Burnley,65,Nottingham Forest,1,2
39,Premier League,2023,1035548,2024-05-19T15:00:00+00:00,FT,A. Taylor,38,49,Chelsea,35,Bournemouth,2,1
39,Premier League,2023,1035552,2024-05-19T15:00:00+00:00,FT,J. Brooks,38,50,Manchester City,48,West Ham,3,1
39,Premier League,2023,1035546,2024-05-19T15:00:00+00:00,FT,C. Pawson,38,51,Brighton,33,Manchester United,0,2
39,Premier League,2023,1035549,2024-05-19T15:00:00+00:00,FT,D. Bond,38,52,Crystal Palace,66,Aston Villa,5,0
39,Premier League,2023,1035545,2024-05-19T15:00:00+00:00,FT,S. Hooper,38,55,Brentford,34,Newcastle,2,4
39,Premier League,2023,1035553,2024-05-19T15:00:00+00:00,FT,A. Madley,38,62,Sheffield Utd,47,Tottenham,0,3
39,Premier League,2023,1035551,2024-05-19T15:00:00+00:00,FT,M. Donohue,38,1359,Luton,36,Fulham,2,4
39,Premier League,2024,1208021,2024-08-16T19:00:00+00:00,FT,R. Jones,1,33,Manchester United,36,Fulham,1,0
39,Premier League,2024,1208022,2024-08-17T11:30:00+00:00,FT,T. Robinson,1,57,Ipswich,40,Liverpool,0,2
39,Premier League,2024,1208025,2024-08-17T14:00:00+00:00,FT,C. Pawson,1,34,Newcastle,41,Southampton,1,0
39,Premier League,2024,1208023,2024-08-17T14:00:00+00:00,FT,J. Gillett,1,42,Arsenal,39,Wolves,2,0
39,Premier League,2024,1208024,2024-08-17T14:00:00+00:00,FT,S. Hooper,1,45,Everton,51,Brighton,0,3
39,Premier League,2024,1208026,2024-08-17T14:00:00+00:00,FT,M. Oliver,1,65,Nottingham Forest,35,Bournemouth,1,1
39,Premier League,2024,1208027,2024-08-17T16:30:00+00:00,FT,T. Harrington,1,48,West Ham,66,Aston Villa,1,2
39,Premier League,2024,1208028,2024-08-18T13:00:00+00:00,FT,S. Barrott,1,55,Brentford,52,Crystal Palace,2,1
39,Premier League,2024,1208029,2024-08-18T15:30:00+00:00,FT,A. Taylor,1,49,Chelsea,50,Manchester City,0,2
39,Premier League,2024,1208030,2024-08-19T19:00:00+00:00,FT,C. Kavanagh,1,46,Leicester,47,Tottenham,1,1
39,Premier League,2024,1208033,2024-08-24T11:30:00+00:00,FT,C. Pawson,2,51,Brighton,33,Manchester United,2,1
39,Premier League,2024,1208035,2024-08-24T14:00:00+00:00,FT,D. Bond,2,36,Fulham,46,Leicester,2,1
39,Premier League,2024,1208038,2024-08-24T14:00:00+00:00,FT,S. Barrott,2,41,Southampton,65,Nottingham Forest,0,1
39,Premier League,2024,1208039,2024-08-24T14:00:00+00:00,FT,A. Taylor,2,47,Tottenham,45,Everton,4,0
39,Premier League,2024,1208037,2024-08-24T14:00:00+00:00,FT,S. Allison,2,50,Manchester City,57,Ipswich,4,1
39,Premier League,2024,1208034,2024-08-24T14:00:00+00:00,FT,R. Jones,2,52,Crystal Palace,48,West Ham,0,2
39,Premier League,2024,1208032,2024-08-24T16:30:00+00:00,FT,M. Oliver,2,66,Aston Villa,42,Arsenal,0,2
39,Premier League,2024,1208031,2024-08-25T13:00:00+00:00,FT,D. Coote,2,35,Bournemouth,34,Newcastle,1,1
39,Premier League,2024,1208040,2024-08-25T13:00:00+00:00,FT,D. England,2,39,Wolves,49,Chelsea,2,6
39,Premier League,2024,1208036,2024-08-25T15:30:00+00:00,FT,S. Attwell,2,40,Liverpool,55,Brentford,2,0
39,Premier League,2024,1208041,2024-08-31T11:30:00+00:00,FT,C. Kavanagh,3,42,Arsenal,51,Brighton,1,1
39,Premier League,2024,1208044,2024-08-31T14:00:00+00:00,FT,S. Attwell,3,45,Everton,35,Bournemouth,2,3
39,Premier League,2024,1208046,2024-08-31T14:00:00+00:00,FT,D. Coote,3,46,Leicester,66,Aston Villa,1,2
39,Premier League,2024,1208042,2024-08-31T14:00:00+00:00,FT,J. Smith,3,55,Brentford,41,Southampton,3,1
39,Premier League,2024,1208045,2024-08-31T14:00:00+00:00,FT,L. Smith,3,57,Ipswich,36,Fulham,1,1
39,Premier League,2024,1208049,2024-08-31T14:00:00+00:00,FT,S. Hooper,3,65,Nottingham Forest,39,Wolves,1,1
39,Premier League,2024,1208050,2024-08-31T16:30:00+00:00,FT,M. Oliver,3,48,West Ham,50,Manchester City,1,3
39,Premier League,2024,1208048,2024-09-01T12:30:00+00:00,FT,R. Jones,3,34,Newcastle,47,Tottenham,2,1
39,Premier League,2024,1208043,2024-09-01T12:30:00+00:00,FT,J. Gillett,3,49,Chelsea,52,Crystal Palace,1,1
39,Premier League,2024,1208047,2024-09-01T15:00:00+00:00,FT,A. Taylor,3,33,Manchester United,40,Liverpool,0,3
39,Premier League,2024,1208058,2024-09-14T11:30:00+00:00,FT,S. Attwell,4,41,Southampton,33,Manchester United,0,3
39,Premier League,2024,1208055,2024-09-14T14:00:00+00:00,FT,T. Robinson,4,36,Fulham,48,West Ham,1,1
39,Premier League,2024,1208056,2024-09-14T14:00:00+00:00,FT,M. Oliver,4,40,Liverpool,65,Nottingham Forest,0,1
39,Premier League,2024,1208057,2024-09-14T14:00:00+00:00,FT,D. Bond,4,50,Manchester City,55,Brentford,2,1
39,Premier League,2024,1208053,2024-09-14T14:00:00+00:00,FT,S. Barrott,4,51,Brighton,57,Ipswich,0,0
39,Premier League,2024,1208054,2024-09-14T14:00:00+00:00,FT,T. Harrington,4,52,Crystal Palace,46,Leicester,2,2
39,Premier League,2024,1208052,2024-09-14T16:30:00+00:00,FT,C. Pawson,4,66,Aston Villa,45,Everton,3,2
39,Premier League,2024,1208051,2024-09-14T19:00:00+00:00,FT,A. Taylor,4,35,Bournemouth,49,Chelsea,0,1
39,Premier League,2024,1208059,2024-09-15T13:00:00+00:00,FT,J. Gillett,4,47,Tottenham,42,Arsenal,0,1
39,Premier League,2024,1208060,2024-09-15T15:30:00+00:00,FT,C. Kavanagh,4,39,Wolves,34,Newcastle,1,2
39,Premier League,2024,1208070,2024-09-21T11:30:00+00:00,FT,S. Barrott,5,48,West Ham,49,Chelsea,0,3
39,Premier League,2024,1208064,2024-09-21T14:00:00+00:00,FT,P. Bankes,5,36,Fulham,34,Newcastle,3,1
39,Premier League,2024,1208066,2024-09-21T14:00:00+00:00,FT,T. Harrington,5,40,Liverpool,35,Bournemouth,3,0
39,Premier League,2024,1208068,2024-09-21T14:00:00+00:00,FT,S. Allison,5,41,Southampton,57,Ipswich,1,1
39,Premier League,2024,1208065,2024-09-21T14:00:00+00:00,FT,D. England,5,46,Leicester,45,Everton,1,1
39,Premier League,2024,1208069,2024-09-21T14:00:00+00:00,FT,J. Brooks,5,47,Tottenham,55,Brentford,3,1
39,Premier League,2024,1208061,2024-09-21T14:00:00+00:00,FT,T. Robinson,5,66,Aston Villa,39,Wolves,3,1
39,Premier League,2024,1208063,2024-09-21T16:30:00+00:00,FT,D. Coote,5,52,Crystal Palace,33,Manchester United,0,0
39,Premier League,2024,1208062,2024-09-22T13:00:00+00:00,FT,R. Jones,5,51,Brighton,65,Nottingham Forest,2,2
39,Premier League,2024,1208067,2024-09-22T15:30:00+00:00,FT,M. Oliver,5,50,Manchester City,42,Arsenal,2,2
39,Premier League,2024,1208078,2024-09-28T11:30:00+00:00,FT,J. Gillett,6,34,Newcastle,50,Manchester City,1,1
39,Premier League,2024,1208072,2024-09-28T14:00:00+00:00,FT,S. Barrott,6,42,Arsenal,46,Leicester,4,2
39,Premier League,2024,1208075,2024-09-28T14:00:00+00:00,FT,A. Madley,6,45,Everton,52,Crystal Palace,2,1
39,Premier League,2024,1208074,2024-09-28T14:00:00+00:00,FT,P. Bankes,6,49,Chelsea,51,Brighton,4,2
39,Premier League,2024,1208073,2024-09-28T14:00:00+00:00,FT,S. Hooper,6,55,Brentford,48,West Ham,1,1
39,Premier League,2024,1208079,2024-09-28T14:00:00+00:00,FT,J. Smith,6,65,Nottingham Forest,36,Fulham,0,1
39,Premier League,2024,1208080,2024-09-28T16:30:00+00:00,FT,A. Taylor,6,39,Wolves,40,Liverpool,1,2
39,Premier League,2024,1208076,2024-09-29T13:00:00+00:00,FT,S. Attwell,6,57,Ipswich,66,Aston Villa,2,2
39,Premier League,2024,1208077,2024-09-29T15:30:00+00:00,FT,C. Kavanagh,6,33,Manchester United,47,Tottenham,0,3
39,Premier League,2024,1208071,2024-09-30T19:00:00+00:00,FT,M. Oliver,6,35,Bournemouth,41,Southampton,3,1
39,Premier League,2024,1208086,2024-10-05T11:30:00+00:00,FT,S. Hooper,7,52,Crystal Palace,40,Liverpool,0,1
39,Premier League,2024,1208081,2024-10-05T14:00:00+00:00,FT,T. Harrington,7,42,Arsenal,41,Southampton,3,1
39,Premier League,2024,1208088,2024-10-05T14:00:00+00:00,FT,D. Bond,7,46,Leicester,35,Bournemouth,1,0
39,Premier League,2024,1208090,2024-10-05T14:00:00+00:00,FT,A. Taylor,7,48,West Ham,57,Ipswich,4,1
39,Premier League,2024,1208089,2024-10-05T14:00:00+00:00,FT,P. Bankes,7,50,Manchester City,36,Fulham,3,2
39,Premier League,2024,1208083,2024-10-05T14:00:00+00:00,FT,A. Madley,7,55,Brentford,39,Wolves,5,3
39,Premier League,2024,1208087,2024-10-05T16:30:00+00:00,FT,C. Pawson,7,45,Everton,34,Newcastle,0,0
39,Premier League,2024,1208085,2024-10-06T13:00:00+00:00,FT,C. Kavanagh,7,49,Chelsea,65,Nottingham Forest,1,1
39,Premier League,2024,1208082,2024-10-06T13:00:00+00:00,FT,R. Jones,7,66,Aston Villa,33,Manchester United,0,0
39,Premier League,2024,1208084,2024-10-06T15:30:00+00:00,FT,D. Coote,7,51,Brighton,47,Tottenham,3,2
39,Premier League,2024,1208099,2024-10-19T11:30:00+00:00,FT,A. Madley,8,47,Tottenham,48,West Ham,4,1
39,Premier League,2024,1208095,2024-10-19T14:00:00+00:00,FT,S. Barrott,8,33,Manchester United,55,Brentford,2,1
39,Premier League,2024,1208096,2024-10-19T14:00:00+00:00,FT,P. Bankes,8,34,Newcastle,51,Brighton,0,1
39,Premier League,2024,1208092,2024-10-19T14:00:00+00:00,FT,D. England,8,36,Fulham,66,Aston Villa,1,3
39,Premier League,2024,1208098,2024-10-19T14:00:00+00:00,FT,A. Taylor,8,41,Southampton,46,Leicester,2,3
39,Premier League,2024,1208093,2024-10-19T14:00:00+00:00,FT,M. Oliver,8,57,Ipswich,45,Everton,0,2
39,Premier League,2024,1208091,2024-10-19T16:30:00+00:00,FT,R. Jones,8,35,Bournemouth,42,Arsenal,2,0
39,Premier League,2024,1208100,2024-10-20T13:00:00+00:00,FT,C. Kavanagh,8,39,Wolves,50,Manchester City,1,2
39,Premier League,2024,1208094,2024-10-20T15:30:00+00:00,FT,J. Brooks,8,40,Liverpool,49,Chelsea,2,1
39,Premier League,2024,1208097,2024-10-21T19:00:00+00:00,FT,T. Robinson,8,65,Nottingham Forest,52,Crystal Palace,1,0
39,Premier League,2024,1208110,2024-10-25T19:00:00+00:00,FT,C. Pawson,9,46,Leicester,65,Nottingham Forest,1,3
39,Premier League,2024,1208111,2024-10-26T14:00:00+00:00,FT,T. Harrington,9,50,Manchester City,41,Southampton,1,0
39,Premier League,2024,1208106,2024-10-26T14:00:00+00:00,FT,M. Oliver,9,51,Brighton,39,Wolves,2,2
39,Premier League,2024,1208105,2024-10-26T14:00:00+00:00,FT,L. Smith,9,55,Brentford,57,Ipswich,4,3
39,Premier League,2024,1208104,2024-10-26T14:00:00+00:00,FT,C. Kavanagh,9,66,Aston Villa,35,Bournemouth,1,1
39,Premier League,2024,1208109,2024-10-26T16:30:00+00:00,FT,J. Brooks,9,45,Everton,36,Fulham,1,1
39,Premier League,2024,1208112,2024-10-27T13:00:00+00:00,FT,D. Coote,9,48,West Ham,33,Manchester United,2,1
39,Premier League,2024,1208107,2024-10-27T13:00:00+00:00,FT,S. Hooper,9,49,Chelsea,34,Newcastle,2,1
39,Premier League,2024,1208108,2024-10-27T13:00:00+00:00,FT,D. Bond,9,52,Crystal Palace,47,Tottenham,1,0
39,Premier League,2024,1208103,2024-10-27T15:30:00+00:00,FT,A. Taylor,9,42,Arsenal,40,Liverpool,2,2
39,Premier League,2024,1208118,2024-11-02T12:30:00+00:00,FT,J. Brooks,10,34,Newcastle,42,Arsenal,1,0
39,Premier League,2024,1208113,2024-11-02T15:00:00+00:00,FT,M. Oliver,10,35,Bournemouth,50,Manchester City,2,1
39,Premier League,2024,1208116,2024-11-02T15:00:00+00:00,FT,T. Harrington,10,40,Liverpool,51,Brighton,2,1
39,Premier League,2024,1208120,2024-11-02T15:00:00+00:00,FT,A. Madley,10,41,Southampton,45,Everton,1,0
39,Premier League,2024,1208115,2024-11-02T15:00:00+00:00,FT,T. Robinson,10,57,Ipswich,46,Leicester,1,1
39,Premier League,2024,1208119,2024-11-02T15:00:00+00:00,FT,P. Bankes,10,65,Nottingham Forest,48,West Ham,3,0
39,Premier League,2024,1208122,2024-11-02T17:30:00+00:00,FT,A. Taylor,10,39,Wolves,52,Crystal Palace,2,2
39,Premier League,2024,1208121,2024-11-03T14:00:00+00:00,FT,C. Pawson,10,47,Tottenham,66,Aston Villa,4,1
39,Premier League,2024,1208117,2024-11-03T16:30:00+00:00,FT,R. Jones,10,33,Manchester United,49,Chelsea,1,1
39,Premier League,2024,1208114,2024-11-04T20:00:00+00:00,FT,S. Attwell,10,36,Fulham,55,Brentford,2,1
39,Premier League,2024,1208132,2024-11-09T15:00:00+00:00,FT,T. Bramall,11,39,Wolves,41,Southampton,2,0
39,Premier League,2024,1208131,2024-11-09T15:00:00+00:00,FT,S. Attwell,11,48,West Ham,45,Everton,0,0
39,Premier League,2024,1208126,2024-11-09T15:00:00+00:00,FT,M. Salisbury,11,52,Crystal Palace,36,Fulham,0,2
39,Premier League,2024,1208123,2024-11-09T15:00:00+00:00,FT,D. Bond,11,55,Brentford,35,Bournemouth,3,2
39,Premier League,2024,1208124,2024-11-09T17:30:00+00:00,FT,S. Barrott,11,51,Brighton,50,Manchester City,2,1
39,Premier League,2024,1208127,2024-11-09T20:00:00+00:00,FT,D. Coote,11,40,Liverpool,66,Aston Villa,2,0
39,Premier League,2024,1208128,2024-11-10T14:00:00+00:00,FT,P. Bankes,11,33,Manchester United,46,Leicester,3,0
39,Premier League,2024,1208130,2024-11-10T14:00:00+00:00,FT,D. England,11,47,Tottenham,57,Ipswich,1,2
39,Premier League,2024,1208129,2024-11-10T14:00:00+00:00,FT,A. Taylor,11,65,Nottingham Forest,34,Newcastle,1,3
39,Premier League,2024,1208125,2024-11-10T16:30:00+00:00,FT,M. Oliver,11,49,Chelsea,42,Arsenal,1,1
39,Premier League,2024,1208139,2024-11-23T12:30:00+00:00,FT,A. Madley,12,46,Leicester,49,Chelsea,1,2
39,Premier League,2024,1208133,2024-11-23T15:00:00+00:00,FT,S. Attwell,12,35,Bournemouth,51,Brighton,1,2
39,Premier League,2024,1208137,2024-11-23T15:00:00+00:00,FT,R. Jones,12,36,Fulham,39,Wolves,1,4
39,Premier League,2024,1208134,2024-11-23T15:00:00+00:00,FT,S. Hooper,12,42,Arsenal,65,Nottingham Forest,3,0
39,Premier League,2024,1208136,2024-11-23T15:00:00+00:00,FT,C. Kavanagh,12,45,Everton,55,Brentford,0,0
39,Premier League,2024,1208135,2024-11-23T15:00:00+00:00,FT,T. Robinson,12,66,Aston Villa,52,Crystal Palace,2,2
39,Premier League,2024,1208140,2024-11-23T17:30:00+00:00,FT,J. Brooks,12,50,Manchester City,47,Tottenham,0,4
39,Premier League,2024,1208142,2024-11-24T14:00:00+00:00,FT,S. Barrott,12,41,Southampton,40,Liverpool,2,3
39,Premier League,2024,1208138,2024-11-24T16:30:00+00:00,FT,A. Taylor,12,57,Ipswich,33,Manchester United,1,1
39,Premier League,2024,1208141,2024-11-25T20:00:00+00:00,FT,C. Pawson,12,34,Newcastle,48,West Ham,0,2
39,Premier League,2024,1208144,2024-11-29T20:00:00+00:00,FT,R. Jones,13,51,Brighton,41,Southampton,1,1
39,Premier League,2024,1208152,2024-11-30T15:00:00+00:00,FT,P. Bankes,13,39,Wolves,35,Bournemouth,2,4
39,Premier League,2024,1208146,2024-11-30T15:00:00+00:00,FT,D. England,13,52,Crystal Palace,34,Newcastle,1,1
39,Premier League,2024,1208143,2024-11-30T15:00:00+00:00,FT,M. Oliver,13,55,Brentford,46,Leicester,4,1
39,Premier League,2024,1208149,2024-11-30T15:00:00+00:00,FT,T. Harrington,13,65,Nottingham Forest,57,Ipswich,1,0
39,Premier League,2024,1208151,2024-11-30T17:30:00+00:00,FT,A. Taylor,13,48,West Ham,42,Arsenal,2,5
39,Premier League,2024,1208148,2024-12-01T13:30:00+00:00,FT,J. Brooks,13,33,Manchester United,45,Everton,4,0
39,Premier League,2024,1208150,2024-12-01T13:30:00+00:00,FT,D. Bond,13,47,Tottenham,36,Fulham,1,1
39,Premier League,2024,1208145,2024-12-01T13:30:00+00:00,FT,S. Attwell,13,49,Chelsea,66,Aston Villa,3,0
39,Premier League,2024,1208147,2024-12-01T16:00:00+00:00,FT,C. Kavanagh,13,40,Liverpool,50,Manchester City,2,0
39,Premier League,2024,1208158,2024-12-03T19:30:00+00:00,FT,C. Pawson,14,57,Ipswich,52,Crystal Palace,0,1
39,Premier League,2024,1208159,2024-12-03T20:15:00+00:00,FT,J. Smith,14,46,Leicester,48,West Ham,3,1
39,Premier League,2024,1208161,2024-12-04T19:30:00+00:00,FT,A. Madley,14,34,Newcastle,40,Liverpool,3,3
39,Premier League,2024,1208162,2024-12-04T19:30:00+00:00,FT,T. Harrington,14,41,Southampton,49,Chelsea,1,5
39,Premier League,2024,1208156,2024-12-04T19:30:00+00:00,FT,M. Salisbury,14,45,Everton,39,Wolves,4,0
39,Premier League,2024,1208160,2024-12-04T19:30:00+00:00,FT,M. Oliver,14,50,Manchester City,65,Nottingham Forest,3,0
39,Premier League,2024,1208154,2024-12-04T20:15:00+00:00,FT,S. Barrott,14,42,Arsenal,33,Manchester United,2,0
39,Premier League,2024,1208155,2024-12-04T20:15:00+00:00,FT,L. Smith,14,66,Aston Villa,55,Brentford,3,1
39,Premier League,2024,1208157,2024-12-05T19:30:00+00:00,FT,P. Bankes,14,36,Fulham,51,Brighton,3,1
39,Premier League,2024,1208153,2024-12-05T20:15:00+00:00,FT,S. Hooper,14,35,Bournemouth,47,Tottenham,1,0
39,Premier League,2024,1208165,2024-12-07T15:00:00+00:00,FT,R. Jones,15,52,Crystal Palace,50,Manchester City,2,2
39,Premier League,2024,1208164,2024-12-07T15:00:00+00:00,FT,S. Hooper,15,55,Brentford,34,Newcastle,4,2
39,Premier League,2024,1208163,2024-12-07T15:00:00+00:00,FT,D. Bond,15,66,Aston Villa,41,Southampton,1,0
39,Premier League,2024,1208170,2024-12-07T17:30:00+00:00,FT,D. England,15,33,Manchester United,65,Nottingham Forest,2,3
39,Premier League,2024,1208167,2024-12-08T14:00:00+00:00,FT,C. Kavanagh,15,36,Fulham,42,Arsenal,1,1
39,Premier League,2024,1208169,2024-12-08T14:00:00+00:00,FT,S. Attwell,15,46,Leicester,51,Brighton,2,2
39,Premier League,2024,1208168,2024-12-08T14:00:00+00:00,FT,M. Salisbury,15,57,Ipswich,35,Bournemouth,1,2
39,Premier League,2024,1208171,2024-12-08T16:30:00+00:00,FT,A. Taylor,15,47,Tottenham,49,Chelsea,3,4
39,Premier League,2024,1208172,2024-12-09T20:00:00+00:00,FT,J. Brooks,15,48,West Ham,39,Wolves,2,1
39,Premier League,2024,1208179,2024-12-14T15:00:00+00:00,FT,T. Bramall,16,34,Newcastle,46,Leicester,4,0
39,Premier League,2024,1208182,2024-12-14T15:00:00+00:00,FT,S. Hooper,16,39,Wolves,57,Ipswich,1,2
39,Premier League,2024,1208177,2024-12-14T15:00:00+00:00,FT,T. Harrington,16,40,Liverpool,36,Fulham,2,2
39,Premier League,2024,1208174,2024-12-14T15:00:00+00:00,FT,C. Pawson,16,42,Arsenal,45,Everton,0,0
39,Premier League,2024,1208180,2024-12-14T17:30:00+00:00,FT,S. Barrott,16,65,Nottingham Forest,66,Aston Villa,2,1
39,Premier League,2024,1208175,2024-12-15T14:00:00+00:00,FT,M. Oliver,16,51,Brighton,52,Crystal Palace,1,3
39,Premier League,2024,1208178,2024-12-15T16:30:00+00:00,FT,A. Taylor,16,50,Manchester City,33,Manchester United,1,2
39,Premier League,2024,1208181,2024-12-15T19:00:00+00:00,FT,D. England,16,41,Southampton,47,Tottenham,0,5
39,Premier League,2024,1208176,2024-12-15T19:00:00+00:00,FT,P. Bankes,16,49,Chelsea,55,Brentford,2,1
39,Premier League,2024,1208173,2024-12-16T20:00:00+00:00,FT,C. Kavanagh,16,35,Bournemouth,48,West Ham,1,1
39,Premier League,2024,1208183,2024-12-21T12:30:00+00:00,FT,P. Bankes,17,66,Aston Villa,50,Manchester City,2,1
39,Premier League,2024,1208192,2024-12-21T15:00:00+00:00,FT,R. Jones,17,48,West Ham,51,Brighton,1,1
39,Premier League,2024,1208184,2024-12-21T15:00:00+00:00,FT,M. Oliver,17,55,Brentford,65,Nottingham Forest,0,2
39,Premier League,2024,1208188,2024-12-21T15:00:00+00:00,FT,S. Attwell,17,57,Ipswich,34,Newcastle,0,4
39,Premier League,2024,1208185,2024-12-21T17:30:00+00:00,FT,S. Hooper,17,52,Crystal Palace,42,Arsenal,1,5
39,Premier League,2024,1208190,2024-12-22T14:00:00+00:00,FT,C. Pawson,17,33,Manchester United,35,Bournemouth,0,3
39,Premier League,2024,1208187,2024-12-22T14:00:00+00:00,FT,T. Robinson,17,36,Fulham,41,Southampton,0,0
39,Premier League,2024,1208186,2024-12-22T14:00:00+00:00,FT,C. Kavanagh,17,45,Everton,49,Chelsea,0,0
39,Premier League,2024,1208189,2024-12-22T14:00:00+00:00,FT,A. Taylor,17,46,Leicester,39,Wolves,0,3
39,Premier League,2024,1208191,2024-12-22T16:30:00+00:00,FT,S. Barrott,17,47,Tottenham,40,Liverpool,3,6
39,Premier League,2024,1208198,2024-12-26T12:30:00+00:00,FT,S. Hooper,18,50,Manchester City,45,Everton,1,1
39,Premier League,2024,1208199,2024-12-26T15:00:00+00:00,FT,A. Taylor,18,34,Newcastle,66,Aston Villa,3,0
39,Premier League,2024,1208193,2024-12-26T15:00:00+00:00,FT,T. Bramall,18,35,Bournemouth,52,Crystal Palace,0,0
39,Premier League,2024,1208201,2024-12-26T15:00:00+00:00,FT,L. Smith,18,41,Southampton,48,West Ham,0,1
39,Premier League,2024,1208196,2024-12-26T15:00:00+00:00,FT,S. Barrott,18,49,Chelsea,36,Fulham,1,2
39,Premier League,2024,1208200,2024-12-26T15:00:00+00:00,FT,C. Pawson,18,65,Nottingham Forest,47,Tottenham,1,0
39,Premier League,2024,1208202,2024-12-26T17:30:00+00:00,FT,T. Harrington,18,39,Wolves,33,Manchester United,2,0
39,Premier League,2024,1208197,2024-12-26T20:00:00+00:00,FT,D. Bond,18,40,Liverpool,46,Leicester,3,1
39,Premier League,2024,1208195,2024-12-27T19:30:00+00:00,FT,A. Madley,18,51,Brighton,55,Brentford,0,0
39,Premier League,2024,1208194,2024-12-27T20:15:00+00:00,FT,D. England,18,42,Arsenal,57,Ipswich,1,0
39,Premier League,2024,1208209,2024-12-29T14:30:00+00:00,FT,M. Oliver,19,46,Leicester,50,Manchester City,0,2
39,Premier League,2024,1208207,2024-12-29T15:00:00+00:00,FT,R. Jones,19,36,Fulham,35,Bournemouth,2,2
39,Premier League,2024,1208206,2024-12-29T15:00:00+00:00,FT,T. Harrington,19,45,Everton,65,Nottingham Forest,0,2
39,Premier League,2024,1208211,2024-12-29T15:00:00+00:00,FT,C. Kavanagh,19,47,Tottenham,39,Wolves,2,2
39,Premier League,2024,1208205,2024-12-29T15:00:00+00:00,FT,M. Salisbury,19,52,Crystal Palace,41,Southampton,2,1
39,Premier League,2024,1208212,2024-12-29T17:15:00+00:00,FT,A. Taylor,19,48,West Ham,40,Liverpool,0,5
39,Premier League,2024,1208208,2024-12-30T19:45:00+00:00,FT,J. Brooks,19,57,Ipswich,49,Chelsea,2,0
39,Premier League,2024,1208203,2024-12-30T19:45:00+00:00,FT,C. Pawson,19,66,Aston Villa,51,Brighton,2,2
39,Premier League,2024,1208210,2024-12-30T20:00:00+00:00,FT,S. Hooper,19,33,Manchester United,34,Newcastle,0,2
39,Premier League,2024,1208204,2025-01-01T17:30:00+00:00,FT,P. Bankes,19,55,Brentford,42,Arsenal,1,3
39,Premier League,2024,1208221,2025-01-04T12:30:00+00:00,FT,A. Madley,20,47,Tottenham,34,Newcastle,1,2
39,Premier League,2024,1208213,2025-01-04T15:00:00+00:00,FT,J. Brooks,20,35,Bournemouth,45,Everton,1,0
39,Premier League,2024,1208220,2025-01-04T15:00:00+00:00,FT,S. Attwell,20,41,Southampton,55,Brentford,0,5
39,Premier League,2024,1208219,2025-01-04T15:00:00+00:00,FT,M. Salisbury,20,50,Manchester City,48,West Ham,4,1
39,Premier League,2024,1208216,2025-01-04T15:00:00+00:00,FT,T. Robinson,20,52,Crystal Palace,49,Chelsea,1,1
39,Premier League,2024,1208214,2025-01-04T15:00:00+00:00,FT,J. Gillett,20,66,Aston Villa,46,Leicester,2,1
39,Premier League,2024,1208215,2025-01-04T17:30:00+00:00,FT,A. Taylor,20,51,Brighton,42,Arsenal,1,1
39,Premier League,2024,1208217,2025-01-05T14:00:00+00:00,FT,D. Bond,20,36,Fulham,57,Ipswich,2,2
39,Premier League,2024,1208218,2025-01-05T16:30:00+00:00,FT,M. Oliver,20,40,Liverpool,33,Manchester United,2,2
39,Premier League,2024,1208222,2025-01-06T20:00:00+00:00,FT,P. Bankes,20,39,Wolves,65,Nottingham Forest,0,3
39,Premier League,2024,1208229,2025-01-14T19:30:00+00:00,FT,C. Pawson,21,48,West Ham,36,Fulham,3,2
39,Premier League,2024,1208230,2025-01-14T19:30:00+00:00,FT,R. Jones,21,49,Chelsea,35,Bournemouth,2,2
39,Premier League,2024,1208224,2025-01-14T19:30:00+00:00,FT,A. Taylor,21,55,Brentford,50,Manchester City,2,2
39,Premier League,2024,1208228,2025-01-14T20:00:00+00:00,FT,C. Kavanagh,21,65,Nottingham Forest,40,Liverpool,1,1
39,Premier League,2024,1208231,2025-01-15T19:30:00+00:00,FT,D. England,21,34,Newcastle,39,Wolves,3,0
39,Premier League,2024,1208225,2025-01-15T19:30:00+00:00,FT,S. Barrott,21,45,Everton,66,Aston Villa,0,1
39,Premier League,2024,1208227,2025-01-15T19:30:00+00:00,FT,A. Madley,21,46,Leicester,52,Crystal Palace,0,2
39,Premier League,2024,1208223,2025-01-15T20:00:00+00:00,FT,S. Hooper,21,42,Arsenal,47,Tottenham,2,1
39,Premier League,2024,1208226,2025-01-16T19:30:00+00:00,FT,T. Harrington,21,57,Ipswich,51,Brighton,0,2
39,Premier League,2024,1208232,2025-01-16T20:00:00+00:00,FT,J. Brooks,21,33,Manchester United,41,Southampton,3,1
39,Premier League,2024,1208240,2025-01-18T12:30:00+00:00,FT,S. Attwell,22,34,Newcastle,35,Bournemouth,1,4
39,Premier League,2024,1208238,2025-01-18T15:00:00+00:00,FT,M. Salisbury,22,46,Leicester,36,Fulham,0,2
39,Premier League,2024,1208242,2025-01-18T15:00:00+00:00,FT,T. Bramall,22,48,West Ham,52,Crystal Palace,0,2
39,Premier League,2024,1208234,2025-01-18T15:00:00+00:00,FT,A. Madley,22,55,Brentford,40,Liverpool,0,2
39,Premier League,2024,1208233,2025-01-18T17:30:00+00:00,FT,C. Kavanagh,22,42,Arsenal,66,Aston Villa,2,2
39,Premier League,2024,1208239,2025-01-19T14:00:00+00:00,FT,P. Bankes,22,33,Manchester United,51,Brighton,1,3
39,Premier League,2024,1208236,2025-01-19T14:00:00+00:00,FT,D. England,22,45,Everton,47,Tottenham,3,2
39,Premier League,2024,1208241,2025-01-19T14:00:00+00:00,FT,A. Taylor,22,65,Nottingham Forest,41,Southampton,3,2
39,Premier League,2024,1208237,2025-01-19T16:30:00+00:00,FT,S. Barrott,22,57,Ipswich,50,Manchester City,0,6
39,Premier League,2024,1208235,2025-01-20T20:00:00+00:00,FT,S. Hooper,22,49,Chelsea,39,Wolves,3,1
39,Premier League,2024,1208243,2025-01-25T15:00:00+00:00,FT,C. Pawson,23,35,Bournemouth,65,Nottingham Forest,5,0
39,Premier League,2024,1208252,2025-01-25T15:00:00+00:00,FT,M. Oliver,23,39,Wolves,42,Arsenal,0,1
39,Premier League,2024,1208248,2025-01-25T15:00:00+00:00,FT,M. Salisbury,23,40,Liverpool,57,Ipswich,4,1
39,Premier League,2024,1208250,2025-01-25T15:00:00+00:00,FT,S. Barrott,23,41,Southampton,34,Newcastle,1,3
39,Premier League,2024,1208245,2025-01-25T15:00:00+00:00,FT,T. Robinson,23,51,Brighton,45,Everton,0,1
39,Premier League,2024,1208249,2025-01-25T17:30:00+00:00,FT,J. Brooks,23,50,Manchester City,49,Chelsea,3,1
39,Premier League,2024,1208251,2025-01-26T14:00:00+00:00,FT,R. Jones,23,47,Tottenham,46,Leicester,1,2
39,Premier League,2024,1208246,2025-01-26T14:00:00+00:00,FT,T. Harrington,23,52,Crystal Palace,55,Brentford,1,2
39,Premier League,2024,1208244,2025-01-26T16:30:00+00:00,FT,P. Bankes,23,66,Aston Villa,48,West Ham,1,1
39,Premier League,2024,1208247,2025-01-26T19:00:00+00:00,FT,A. Taylor,23,36,Fulham,33,Manchester United,0,1
39,Premier League,2024,1208261,2025-02-01T12:30:00+00:00,FT,S. Hooper,24,65,Nottingham Forest,51,Brighton,7,0
39,Premier League,2024,1208260,2025-02-01T15:00:00+00:00,FT,C. Kavanagh,24,34,Newcastle,36,Fulham,1,2
39,Premier League,2024,1208253,2025-02-01T15:00:00+00:00,FT,D. England,24,35,Bournemouth,40,Liverpool,0,2
39,Premier League,2024,1208257,2025-02-01T15:00:00+00:00,FT,D. Bond,24,45,Everton,46,Leicester,4,0
39,Premier League,2024,1208258,2025-02-01T15:00:00+00:00,FT,M. Oliver,24,57,Ipswich,41,Southampton,1,2
39,Premier League,2024,1208262,2025-02-01T17:30:00+00:00,FT,A. Madley,24,39,Wolves,66,Aston Villa,2,0
39,Premier League,2024,1208259,2025-02-02T14:00:00+00:00,FT,J. Brooks,24,33,Manchester United,52,Crystal Palace,0,2
39,Premier League,2024,1208255,2025-02-02T14:00:00+00:00,FT,J. Gillett,24,55,Brentford,47,Tottenham,0,2
39,Premier League,2024,1208254,2025-02-02T16:30:00+00:00,FT,P. Bankes,24,42,Arsenal,50,Manchester City,5,1
39,Premier League,2024,1208256,2025-02-03T20:00:00+00:00,FT,S. Attwell,24,49,Chelsea,48,West Ham,2,1
39,Premier League,2024,1208166,2025-02-12T19:30:00+00:00,FT,M. Oliver,15,45,Everton,40,Liverpool,2,2
39,Premier League,2024,1208264,2025-02-14T20:00:00+00:00,FT,C. Kavanagh,25,51,Brighton,49,Chelsea,3,0
39,Premier League,2024,1208267,2025-02-15T12:30:00+00:00,FT,S. Barrott,25,46,Leicester,42,Arsenal,0,2
39,Premier League,2024,1208266,2025-02-15T15:00:00+00:00,FT,T. Bramall,25,36,Fulham,65,Nottingham Forest,2,1
39,Premier League,2024,1208270,2025-02-15T15:00:00+00:00,FT,J. Gillett,25,41,Southampton,35,Bournemouth,1,3
39,Premier League,2024,1208272,2025-02-15T15:00:00+00:00,FT,D. England,25,48,West Ham,55,Brentford,0,1
39,Premier League,2024,1208269,2025-02-15T15:00:00+00:00,FT,A. Madley,25,50,Manchester City,34,Newcastle,4,0
39,Premier League,2024,1208263,2025-02-15T15:00:00+00:00,FT,R. Jones,25,66,Aston Villa,57,Ipswich,1,1
39,Premier League,2024,1208265,2025-02-15T17:30:00+00:00,FT,A. Taylor,25,52,Crystal Palace,45,Everton,1,2
39,Premier League,2024,1208268,2025-02-16T14:00:00+00:00,FT,S. Hooper,25,40,Liverpool,39,Wolves,2,1
39,Premier League,2024,1208271,2025-02-16T16:30:00+00:00,FT,P. Bankes,25,47,Tottenham,33,Manchester United,1,0
39,Premier League,2024,1208305,2025-02-19T19:30:00+00:00,FT,C. Pawson,29,66,Aston Villa,40,Liverpool,2,2
39,Premier League,2024,1208279,2025-02-21T20:00:00+00:00,FT,T. Harrington,26,46,Leicester,55,Brentford,0,4
39,Premier League,2024,1208276,2025-02-22T12:30:00+00:00,FT,A. Madley,26,45,Everton,33,Manchester United,2,2
39,Premier League,2024,1208273,2025-02-22T15:00:00+00:00,FT,M. Salisbury,26,35,Bournemouth,39,Wolves,0,1
39,Premier League,2024,1208277,2025-02-22T15:00:00+00:00,FT,R. Jones,26,36,Fulham,52,Crystal Palace,0,2
39,Premier League,2024,1208282,2025-02-22T15:00:00+00:00,FT,D. Bond,26,41,Southampton,51,Brighton,0,4
39,Premier League,2024,1208274,2025-02-22T15:00:00+00:00,FT,C. Pawson,26,42,Arsenal,48,West Ham,0,1
39,Premier League,2024,1208278,2025-02-22T15:00:00+00:00,FT,T. Robinson,26,57,Ipswich,47,Tottenham,1,4
39,Premier League,2024,1208275,2025-02-22T17:30:00+00:00,FT,M. Oliver,26,66,Aston Villa,49,Chelsea,2,1
39,Premier League,2024,1208281,2025-02-23T14:00:00+00:00,FT,J. Gillett,26,34,Newcastle,65,Nottingham Forest,4,3
39,Premier League,2024,1208280,2025-02-23T16:30:00+00:00,FT,A. Taylor,26,50,Manchester City,40,Liverpool,0,2
39,Premier League,2024,1208288,2025-02-25T19:30:00+00:00,FT,P. Bankes,27,39,Wolves,36,Fulham,1,2
39,Premier League,2024,1208284,2025-02-25T19:30:00+00:00,FT,M. Oliver,27,51,Brighton,35,Bournemouth,2,1
39,Premier League,2024,1208289,2025-02-25T19:30:00+00:00,FT,S. Barrott,27,52,Crystal Palace,66,Aston Villa,4,1
39,Premier League,2024,1208290,2025-02-25T20:15:00+00:00,FT,T. Bramall,27,49,Chelsea,41,Southampton,4,0
39,Premier League,2024,1208292,2025-02-26T19:30:00+00:00,FT,D. England,27,33,Manchester United,57,Ipswich,3,2
39,Premier League,2024,1208286,2025-02-26T19:30:00+00:00,FT,J. Gillett,27,47,Tottenham,50,Manchester City,0,1
39,Premier League,2024,1208283,2025-02-26T19:30:00+00:00,FT,S. Hooper,27,55,Brentford,45,Everton,1,1
39,Premier League,2024,1208285,2025-02-26T19:30:00+00:00,FT,A. Madley,27,65,Nottingham Forest,42,Arsenal,0,0
39,Premier League,2024,1208291,2025-02-26T20:15:00+00:00,FT,S. Attwell,27,40,Liverpool,34,Newcastle,2,0
39,Premier League,2024,1208287,2025-02-27T20:00:00+00:00,FT,A. Taylor,27,48,West Ham,46,Leicester,2,0
39,Premier League,2024,1208299,2025-03-08T12:30:00+00:00,FT,C. Kavanagh,28,65,Nottingham Forest,50,Manchester City,1,0
39,Premier League,2024,1208297,2025-03-08T15:00:00+00:00,FT,L. Smith,28,40,Liverpool,41,Southampton,3,1
39,Premier League,2024,1208294,2025-03-08T15:00:00+00:00,FT,S. Barrott,28,51,Brighton,36,Fulham,2,1
39,Premier League,2024,1208296,2025-03-08T15:00:00+00:00,FT,S. Hooper,28,52,Crystal Palace,57,Ipswich,1,0
39,Premier League,2024,1208293,2025-03-08T17:30:00+00:00,FT,J. Gillett,28,55,Brentford,66,Aston Villa,0,1
39,Premier League,2024,1208302,2025-03-08T20:00:00+00:00,FT,S. Attwell,28,39,Wolves,45,Everton,1,1
39,Premier League,2024,1208300,2025-03-09T14:00:00+00:00,FT,J. Brooks,28,47,Tottenham,35,Bournemouth,2,2
39,Premier League,2024,1208295,2025-03-09T14:00:00+00:00,FT,T. Robinson,28,49,Chelsea,46,Leicester,1,0
39,Premier League,2024,1208298,2025-03-09T16:30:00+00:00,FT,A. Taylor,28,33,Manchester United,42,Arsenal,1,1
39,Premier League,2024,1208301,2025-03-10T20:00:00+00:00,FT,M. Salisbury,28,48,West Ham,34,Newcastle,0,1
39,Premier League,2024,1208312,2025-03-15T15:00:00+00:00,FT,R. Jones,29,41,Southampton,39,Wolves,1,2
39,Premier League,2024,1208306,2025-03-15T15:00:00+00:00,FT,D. Bond,29,45,Everton,48,West Ham,1,1
39,Premier League,2024,1208310,2025-03-15T15:00:00+00:00,FT,S. Hooper,29,50,Manchester City,51,Brighton,2,2
39,Premier League,2024,1208308,2025-03-15T15:00:00+00:00,FT,M. Salisbury,29,57,Ipswich,65,Nottingham Forest,2,4
39,Premier League,2024,1208303,2025-03-15T17:30:00+00:00,FT,C. Pawson,29,35,Bournemouth,55,Brentford,1,2
39,Premier League,2024,1208307,2025-03-16T13:30:00+00:00,FT,A. Madley,29,36,Fulham,47,Tottenham,2,0
39,Premier League,2024,1208304,2025-03-16T13:30:00+00:00,FT,C. Kavanagh,29,42,Arsenal,49,Chelsea,1,0
39,Premier League,2024,1208309,2025-03-16T19:00:00+00:00,FT,T. Bramall,29,46,Leicester,33,Manchester United,0,3
39,Premier League,2024,1208317,2025-04-01T18:45:00+00:00,FT,T. Harrington,30,39,Wolves,48,West Ham,1,0
39,Premier League,2024,1208314,2025-04-01T18:45:00+00:00,FT,J. Brooks,30,42,Arsenal,36,Fulham,2,1
39,Premier League,2024,1208316,2025-04-01T19:00:00+00:00,FT,J. Gillett,30,65,Nottingham Forest,33,Manchester United,1,0
39,Premier League,2024,1208320,2025-04-02T18:45:00+00:00,FT,P. Bankes,30,34,Newcastle,55,Brentford,2,1
39,Premier League,2024,1208313,2025-04-02T18:45:00+00:00,FT,R. Jones,30,35,Bournemouth,57,Ipswich,1,2
39,Premier League,2024,1208321,2025-04-02T18:45:00+00:00,FT,A. Madley,30,41,Southampton,52,Crystal Palace,1,1
39,Premier League,2024,1208319,2025-04-02T18:45:00+00:00,FT,D. England,30,50,Manchester City,46,Leicester,2,0
39,Premier League,2024,1208315,2025-04-02T18:45:00+00:00,FT,S. Attwell,30,51,Brighton,66,Aston Villa,0,3
39,Premier League,2024,1208322,2025-04-02T19:00:00+00:00,FT,S. Barrott,30,40,Liverpool,45,Everton,1,0
39,Premier League,2024,1208318,2025-04-03T19:00:00+00:00,FT,C. Pawson,30,49,Chelsea,47,Tottenham,1,0
39,Premier League,2024,1208326,2025-04-05T11:30:00+00:00,FT,D. England,31,45,Everton,42,Arsenal,1,1
39,Premier League,2024,1208332,2025-04-05T14:00:00+00:00,FT,T. Robinson,31,48,West Ham,35,Bournemouth,2,2
39,Premier League,2024,1208325,2025-04-05T14:00:00+00:00,FT,A. Taylor,31,52,Crystal Palace,51,Brighton,2,1
39,Premier League,2024,1208328,2025-04-05T14:00:00+00:00,FT,P. Bankes,31,57,Ipswich,39,Wolves,1,2
39,Premier League,2024,1208323,2025-04-05T16:30:00+00:00,FT,S. Hooper,31,66,Aston Villa,65,Nottingham Forest,2,1
39,Premier League,2024,1208327,2025-04-06T13:00:00+00:00,FT,C. Kavanagh,31,36,Fulham,40,Liverpool,3,2
39,Premier League,2024,1208331,2025-04-06T13:00:00+00:00,FT,M. Salisbury,31,47,Tottenham,41,Southampton,3,1
39,Premier League,2024,1208324,2025-04-06T13:00:00+00:00,FT,M. Oliver,31,55,Brentford,49,Chelsea,0,0
39,Premier League,2024,1208330,2025-04-06T15:30:00+00:00,FT,J. Brooks,31,33,Manchester United,50,Manchester City,0,0
39,Premier League,2024,1208329,2025-04-07T19:00:00+00:00,FT,R. Jones,31,46,Leicester,34,Newcastle,0,3
39,Premier League,2024,1208338,2025-04-12T11:30:00+00:00,FT,J. Gillett,32,50,Manchester City,52,Crystal Palace,5,2
39,Premier League,2024,1208341,2025-04-12T14:00:00+00:00,FT,T. Bramall,32,41,Southampton,66,Aston Villa,0,3
39,Premier League,2024,1208335,2025-04-12T14:00:00+00:00,FT,D. Bond,32,51,Brighton,46,Leicester,2,2
39,Premier League,2024,1208340,2025-04-12T14:00:00+00:00,FT,C. Pawson,32,65,Nottingham Forest,45,Everton,0,1
39,Premier League,2024,1208334,2025-04-12T16:30:00+00:00,FT,S. Hooper,32,42,Arsenal,55,Brentford,1,1
39,Premier League,2024,1208342,2025-04-13T13:00:00+00:00,FT,A. Taylor,32,39,Wolves,47,Tottenham,4,2
39,Premier League,2024,1208337,2025-04-13T13:00:00+00:00,FT,A. Madley,32,40,Liverpool,48,West Ham,2,1
39,Premier League,2024,1208336,2025-04-13T13:00:00+00:00,FT,S. Attwell,32,49,Chelsea,57,Ipswich,2,2
39,Premier League,2024,1208339,2025-04-13T15:30:00+00:00,FT,C. Kavanagh,32,34,Newcastle,33,Manchester United,4,1
39,Premier League,2024,1208333,2025-04-14T19:00:00+00:00,FT,M. Oliver,32,35,Bournemouth,36,Fulham,1,0
39,Premier League,2024,1208311,2025-04-16T18:30:00+00:00,FT,D. England,29,34,Newcastle,52,Crystal Palace,5,0
39,Premier League,2024,1208346,2025-04-19T14:00:00+00:00,FT,S. Hooper,33,45,Everton,50,Manchester City,0,2
39,Premier League,2024,1208352,2025-04-19T14:00:00+00:00,FT,A. Kitchen,33,48,West Ham,41,Southampton,1,1
39,Premier League,2024,1208345,2025-04-19T14:00:00+00:00,FT,S. Barrott,33,52,Crystal Palace,35,Bournemouth,0,0
39,Premier League,2024,1208344,2025-04-19T14:00:00+00:00,FT,T. Robinson,33,55,Brentford,51,Brighton,4,2
39,Premier League,2024,1208343,2025-04-19T16:30:00+00:00,FT,J. Gillett,33,66,Aston Villa,34,Newcastle,4,1
39,Premier League,2024,1208350,2025-04-20T13:00:00+00:00,FT,R. Jones,33,33,Manchester United,39,Wolves,0,1
39,Premier League,2024,1208347,2025-04-20T13:00:00+00:00,FT,A. Taylor,33,36,Fulham,49,Chelsea,1,2
39,Premier League,2024,1208348,2025-04-20T13:00:00+00:00,FT,C. Kavanagh,33,57,Ipswich,42,Arsenal,0,4
39,Premier League,2024,1208349,2025-04-20T15:30:00+00:00,FT,S. Attwell,33,46,Leicester,40,Liverpool,0,1
39,Premier League,2024,1208351,2025-04-21T19:00:00+00:00,FT,P. Bankes,33,47,Tottenham,65,Nottingham Forest,1,2
39,Premier League,2024,1208358,2025-04-22T19:00:00+00:00,FT,C. Pawson,34,50,Manchester City,66,Aston Villa,2,1
39,Premier League,2024,1208354,2025-04-23T19:00:00+00:00,FT,M. Salisbury,34,42,Arsenal,52,Crystal Palace,2,2
39,Premier League,2024,1208356,2025-04-26T11:30:00+00:00,FT,C. Kavanagh,34,49,Chelsea,45,Everton,1,0
39,Premier League,2024,1208359,2025-04-26T14:00:00+00:00,FT,M. Salisbury,34,34,Newcastle,57,Ipswich,3,0
39,Premier League,2024,1208362,2025-04-26T14:00:00+00:00,FT,S. Barrott,34,39,Wolves,46,Leicester,3,0
39,Premier League,2024,1208361,2025-04-26T14:00:00+00:00,FT,T. Harrington,34,41,Southampton,36,Fulham,1,2
39,Premier League,2024,1208355,2025-04-26T14:00:00+00:00,FT,D. England,34,51,Brighton,48,West Ham,3,2
39,Premier League,2024,1208353,2025-04-27T13:00:00+00:00,FT,P. Bankes,34,35,Bournemouth,33,Manchester United,1,1
39,Premier League,2024,1208357,2025-04-27T15:30:00+00:00,FT,T. Bramall,34,40,Liverpool,47,Tottenham,5,1
39,Premier League,2024,1208360,2025-05-01T18:30:00+00:00,FT,D. England,34,65,Nottingham Forest,55,Brentford,0,2
39,Premier League,2024,1208371,2025-05-02T19:00:00+00:00,FT,P. Bankes,35,50,Manchester City,39,Wolves,1,0
39,Premier League,2024,1208364,2025-05-03T11:30:00+00:00,FT,R. Jones,35,66,Aston Villa,36,Fulham,1,0
39,Premier League,2024,1208369,2025-05-03T14:00:00+00:00,FT,L. Smith,35,45,Everton,57,Ipswich,2,2
39,Premier League,2024,1208370,2025-05-03T14:00:00+00:00,FT,D. Webb,35,46,Leicester,41,Southampton,2,0
39,Premier League,2024,1208363,2025-05-03T16:30:00+00:00,FT,J. Gillett,35,42,Arsenal,35,Bournemouth,1,2
39,Premier League,2024,1208372,2025-05-04T13:00:00+00:00,FT,M. Oliver,35,48,West Ham,47,Tottenham,1,1
39,Premier League,2024,1208366,2025-05-04T13:00:00+00:00,FT,C. Pawson,35,51,Brighton,34,Newcastle,1,1
39,Premier League,2024,1208365,2025-05-04T13:00:00+00:00,FT,A. Taylor,35,55,Brentford,33,Manchester United,4,3
39,Premier League,2024,1208367,2025-05-04T15:30:00+00:00,FT,S. Hooper,35,49,Chelsea,40,Liverpool,3,1
39,Premier League,2024,1208368,2025-05-05T19:00:00+00:00,FT,A. Madley,35,52,Crystal Palace,65,Nottingham Forest,1,1
39,Premier League,2024,1208374,2025-05-10T14:00:00+00:00,FT,D. England,36,36,Fulham,45,Everton,1,3
39,Premier League,2024,1208382,2025-05-10T14:00:00+00:00,FT,M. Oliver,36,39,Wolves,51,Brighton,0,2
39,Premier League,2024,1208380,2025-05-10T14:00:00+00:00,FT,T. Robinson,36,41,Southampton,50,Manchester City,0,0
39,Premier League,2024,1208375,2025-05-10T14:00:00+00:00,FT,S. Barrott,36,57,Ipswich,55,Brentford,0,1
39,Premier League,2024,1208373,2025-05-10T16:30:00+00:00,FT,S. Attwell,36,35,Bournemouth,66,Aston Villa,0,1
39,Premier League,2024,1208378,2025-05-11T11:00:00+00:00,FT,J. Brooks,36,34,Newcastle,49,Chelsea,2,0
39,Premier League,2024,1208377,2025-05-11T13:15:00+00:00,FT,J. Gillett,36,33,Manchester United,48,West Ham,0,2
39,Premier League,2024,1208381,2025-05-11T13:15:00+00:00,FT,C. Kavanagh,36,47,Tottenham,52,Crystal Palace,0,2
39,Premier League,2024,1208379,2025-05-11T13:15:00+00:00,FT,T. Harrington,36,65,Nottingham Forest,46,Leicester,2,2
39,Premier League,2024,1208376,2025-05-11T15:30:00+00:00,FT,A. Taylor,36,40,Liverpool,42,Arsenal,2,2
39,Premier League,2024,1208384,2025-05-16T18:30:00+00:00,FT,P. Bankes,37,66,Aston Villa,47,Tottenham,2,0
39,Premier League,2024,1208387,2025-05-16T19:15:00+00:00,FT,C. Kavanagh,37,49,Chelsea,33,Manchester United,1,0
39,Premier League,2024,1208389,2025-05-18T11:00:00+00:00,FT,M. Oliver,37,45,Everton,41,Southampton,2,0
39,Premier League,2024,1208392,2025-05-18T13:15:00+00:00,FT,S. Barrott,37,48,West Ham,65,Nottingham Forest,1,2
39,Premier League,2024,1208390,2025-05-18T14:00:00+00:00,FT,A. Kitchen,37,46,Leicester,57,Ipswich,2,0
39,Premier League,2024,1208385,2025-05-18T14:00:00+00:00,FT,J. Gillett,37,55,Brentford,36,Fulham,2,3
39,Premier League,2024,1208383,2025-05-18T15:30:00+00:00,FT,S. Hooper,37,42,Arsenal,34,Newcastle,1,0
39,Premier League,2024,1208386,2025-05-19T19:00:00+00:00,FT,A. Madley,37,51,Brighton,40,Liverpool,3,2
39,Premier League,2024,1208391,2025-05-20T19:00:00+00:00,FT,T. Bramall,37,50,Manchester City,35,Bournemouth,3,1
39,Premier League,2024,1208388,2025-05-20T19:00:00+00:00,FT,D. Webb,37,52,Crystal Palace,39,Wolves,4,2
39,Premier League,2024,1208397,2025-05-25T15:00:00+00:00,FT,T. Bramall,38,33,Manchester United,66,Aston Villa,2,0
39,Premier League,2024,1208398,2025-05-25T15:00:00+00:00,FT,T. Harrington,38,34,Newcastle,45,Everton,0,1
39,Premier League,2024,1208393,2025-05-25T15:00:00+00:00,FT,L. Smith,38,35,Bournemouth,46,Leicester,2,0
39,Premier League,2024,1208394,2025-05-25T15:00:00+00:00,FT,A. Madley,38,36,Fulham,50,Manchester City,0,2
39,Premier League,2024,1208402,2025-05-25T15:00:00+00:00,FT,C. Pawson,38,39,Wolves,55,Brentford,1,1
39,Premier League,2024,1208396,2025-05-25T15:00:00+00:00,FT,D. England,38,40,Liverpool,52,Crystal Palace,1,1
39,Premier League,2024,1208400,2025-05-25T15:00:00+00:00,FT,D. Bond,38,41,Southampton,42,Arsenal,1,2
39,Premier League,2024,1208401,2025-05-25T15:00:00+00:00,FT,R. Jones,38,47,Tottenham,51,Brighton,1,4
39,Premier League,2024,1208395,2025-05-25T15:00:00+00:00,FT,T. Robinson,38,57,Ipswich,48,West Ham,1,3
39,Premier League,2024,1208399,2025-05-25T15:00:00+00:00,FT,A. Taylor,38,65,Nottingham Forest,49,Chelsea,0,1
140,La Liga,2022,877947,2022-08-12T19:00:00+00:00,FT,Carlos del Cerro,1,727,Osasuna,536,Sevilla,2,1
140,La Liga,2022,877945,2022-08-13T15:00:00+00:00,FT,Miguel Ortiz,1,538,Celta Vigo,540,Espanyol,2,2
140,La Liga,2022,877950,2022-08-13T17:00:00+00:00,FT,Mario Melero,1,720,Valladolid,533,Villarreal,0,3
140,La Liga,2022,877943,2022-08-13T19:00:00+00:00,FT,Alejandro Hernández,1,529,Barcelona,728,Rayo Vallecano,0,0
140,La Liga,2022,877946,2022-08-14T15:30:00+00:00,FT,Isidro Díaz de Mera,1,724,Cadiz,548,Real Sociedad,0,1
140,La Liga,2022,877951,2022-08-14T17:30:00+00:00,FT,Jorge Figueroa,1,532,Valencia,547,Girona,1,0
140,La Liga,2022,877948,2022-08-14T20:00:00+00:00,FT,Juan Martínez,1,723,Almeria,541,Real Madrid,1,2
140,La Liga,2022,877942,2022-08-15T15:30:00+00:00,FT,Javier Iglesias,1,531,Athletic Club,798,Mallorca,0,0
140,La Liga,2022,877949,2022-08-15T17:30:00+00:00,FT,José Sánchez,1,546,Getafe,530,Atletico Madrid,0,3
140,La Liga,2022,877944,2022-08-15T19:30:00+00:00,FT,Guillermo Cuadra,1,543,Real Betis,797,Elche,3,0
140,La Liga,2022,877955,2022-08-19T18:00:00+00:00,FT,Jorge Figueroa,2,540,Espanyol,728,Rayo Vallecano,0,2
140,La Liga,2022,877956,2022-08-19T20:00:00+00:00,FT,Juan Pulido,2,536,Sevilla,720,Valladolid,1,1
140,La Liga,2022,877960,2022-08-20T15:30:00+00:00,FT,Antonio Mateu,2,727,Osasuna,724,Cadiz,2,0
140,La Liga,2022,877958,2022-08-20T17:30:00+00:00,FT,Pablo González,2,798,Mallorca,543,Real Betis,1,2
140,La Liga,2022,877954,2022-08-20T20:00:00+00:00,FT,Jesús Gil,2,538,Celta Vigo,541,Real Madrid,1,4
140,La Liga,2022,877952,2022-08-21T15:30:00+00:00,FT,César Soto,2,531,Athletic Club,532,Valencia,1,0
140,La Liga,2022,877953,2022-08-21T17:30:00+00:00,FT,Ricardo De Burgos,2,530,Atletico Madrid,533,Villarreal,0,2
140,La Liga,2022,877957,2022-08-21T20:00:00+00:00,FT,José Munuera,2,548,Real Sociedad,529,Barcelona,1,4
140,La Liga,2022,877961,2022-08-22T18:00:00+00:00,FT,Isidro Díaz de Mera,2,797,Elche,723,Almeria,1,1
140,La Liga,2022,877959,2022-08-22T20:00:00+00:00,FT,Alejandro Muñiz,2,547,Girona,546,Getafe,3,1
140,La Liga,2022,877970,2022-08-26T18:00:00+00:00,FT,Carlos del Cerro,3,547,Girona,538,Celta Vigo,0,1
140,La Liga,2022,877963,2022-08-26T20:00:00+00:00,FT,Juan Martínez,3,543,Real Betis,727,Osasuna,1,0
140,La Liga,2022,877964,2022-08-27T15:30:00+00:00,FT,Javier Iglesias,3,797,Elche,548,Real Sociedad,0,1
140,La Liga,2022,877971,2022-08-27T17:30:00+00:00,FT,José Sánchez,3,728,Rayo Vallecano,798,Mallorca,0,2
140,La Liga,2022,877967,2022-08-27T20:00:00+00:00,FT,Jesús Gil,3,723,Almeria,536,Sevilla,2,1
140,La Liga,2022,877965,2022-08-28T15:30:00+00:00,FT,Jorge Figueroa,3,546,Getafe,533,Villarreal,0,0
140,La Liga,2022,877962,2022-08-28T17:30:00+00:00,FT,Ricardo De Burgos,3,529,Barcelona,720,Valladolid,4,0
140,La Liga,2022,877966,2022-08-28T20:00:00+00:00,FT,Mario Melero,3,540,Espanyol,541,Real Madrid,1,3
140,La Liga,2022,877968,2022-08-29T18:00:00+00:00,FT,Miguel Ortiz,3,724,Cadiz,531,Athletic Club,0,4
140,La Liga,2022,877969,2022-08-29T20:00:00+00:00,FT,Guillermo Cuadra,3,532,Valencia,530,Atletico Madrid,0,1
140,La Liga,2022,877979,2022-09-02T19:00:00+00:00,FT,Juan Pulido,4,538,Celta Vigo,724,Cadiz,3,0
140,La Liga,2022,877981,2022-09-03T12:00:00+00:00,FT,Isidro Díaz de Mera,4,798,Mallorca,547,Girona,1,1
140,La Liga,2022,877976,2022-09-03T14:15:00+00:00,FT,José Sánchez,4,541,Real Madrid,543,Real Betis,2,1
140,La Liga,2022,877974,2022-09-03T16:30:00+00:00,FT,César Soto,4,548,Real Sociedad,530,Atletico Madrid,1,1
140,La Liga,2022,877975,2022-09-03T19:00:00+00:00,FT,Antonio Mateu,4,536,Sevilla,529,Barcelona,0,3
140,La Liga,2022,877973,2022-09-04T12:00:00+00:00,FT,Alejandro Muñiz,4,727,Osasuna,728,Rayo Vallecano,2,1
140,La Liga,2022,877972,2022-09-04T14:15:00+00:00,FT,Juan Martínez,4,531,Athletic Club,540,Espanyol,0,1
140,La Liga,2022,877977,2022-09-04T16:30:00+00:00,FT,Miguel Ortiz,4,533,Villarreal,797,Elche,4,0
140,La Liga,2022,877978,2022-09-04T19:00:00+00:00,FT,José Munuera,4,532,Valencia,546,Getafe,5,1
140,La Liga,2022,877980,2022-09-05T19:00:00+00:00,FT,Pablo González,4,720,Valladolid,723,Almeria,1,0
140,La Liga,2022,877988,2022-09-09T19:00:00+00:00,FT,César Soto,5,547,Girona,720,Valladolid,2,1
140,La Liga,2022,877986,2022-09-10T12:00:00+00:00,FT,Jesús Gil,5,728,Rayo Vallecano,532,Valencia,2,1
140,La Liga,2022,877985,2022-09-10T14:15:00+00:00,FT,Guillermo Cuadra,5,540,Espanyol,536,Sevilla,2,3
140,La Liga,2022,877990,2022-09-10T16:30:00+00:00,FT,Carlos del Cerro,5,724,Cadiz,529,Barcelona,0,4
140,La Liga,2022,877982,2022-09-10T19:00:00+00:00,FT,Alejandro Hernández,5,530,Atletico Madrid,538,Celta Vigo,4,1
140,La Liga,2022,877991,2022-09-11T12:00:00+00:00,FT,Jorge Figueroa,5,541,Real Madrid,798,Mallorca,4,1
140,La Liga,2022,877989,2022-09-11T14:15:00+00:00,FT,Mario Melero,5,797,Elche,531,Athletic Club,1,4
140,La Liga,2022,877984,2022-09-11T16:30:00+00:00,FT,Juan Pulido,5,546,Getafe,548,Real Sociedad,2,1
140,La Liga,2022,877983,2022-09-11T19:00:00+00:00,FT,Ricardo De Burgos,5,543,Real Betis,533,Villarreal,1,0
140,La Liga,2022,877987,2022-09-12T19:00:00+00:00,FT,Javier Iglesias,5,723,Almeria,727,Osasuna,0,1
140,La Liga,2022,877998,2022-09-16T19:00:00+00:00,FT,José Sánchez,6,720,Valladolid,724,Cadiz,0,1
140,La Liga,2022,878001,2022-09-17T12:00:00+00:00,FT,Juan Martínez,6,798,Mallorca,723,Almeria,1,0
140,La Liga,2022,877994,2022-09-17T14:15:00+00:00,FT,Alejandro Muñiz,6,529,Barcelona,797,Elche,3,0
140,La Liga,2022,877996,2022-09-17T16:30:00+00:00,FT,Pablo González,6,532,Valencia,538,Celta Vigo,3,0
140,La Liga,2022,877992,2022-09-17T19:00:00+00:00,FT,Antonio Mateu,6,531,Athletic Club,728,Rayo Vallecano,3,2
140,La Liga,2022,877997,2022-09-18T12:00:00+00:00,FT,Isidro Díaz de Mera,6,727,Osasuna,546,Getafe,0,2
140,La Liga,2022,878000,2022-09-18T14:15:00+00:00,FT,Alejandro Hernández,6,533,Villarreal,536,Sevilla,1,1
140,La Liga,2022,877995,2022-09-18T16:30:00+00:00,FT,Miguel Ortiz,6,543,Real Betis,547,Girona,2,1
140,La Liga,2022,877999,2022-09-18T16:30:00+00:00,FT,Carlos del Cerro,6,548,Real Sociedad,540,Espanyol,2,1
140,La Liga,2022,877993,2022-09-18T19:00:00+00:00,FT,José Munuera,6,530,Atletico Madrid,541,Real Madrid,1,2
140,La Liga,2022,878011,2022-09-30T19:00:00+00:00,FT,Juan Pulido,7,531,Athletic Club,723,Almeria,4,0
140,La Liga,2022,878003,2022-10-01T12:00:00+00:00,FT,Javier Iglesias,7,724,Cadiz,533,Villarreal,0,0
140,La Liga,2022,878002,2022-10-01T14:15:00+00:00,FT,Alejandro Muñiz,7,546,Getafe,720,Valladolid,2,3
140,La Liga,2022,878006,2022-10-01T16:30:00+00:00,FT,Ricardo De Burgos,7,536,Sevilla,530,Atletico Madrid,0,2
140,La Liga,2022,878007,2022-10-01T19:00:00+00:00,FT,Jesús Gil,7,798,Mallorca,529,Barcelona,0,1
140,La Liga,2022,878004,2022-10-02T12:00:00+00:00,FT,Valentín Pizarro,7,540,Espanyol,532,Valencia,2,2
140,La Liga,2022,878008,2022-10-02T14:15:00+00:00,FT,César Soto,7,538,Celta Vigo,543,Real Betis,1,0
140,La Liga,2022,878005,2022-10-02T16:30:00+00:00,FT,Mario Melero,7,547,Girona,548,Real Sociedad,3,5
140,La Liga,2022,878010,2022-10-02T19:00:00+00:00,FT,Guillermo Cuadra,7,541,Real Madrid,727,Osasuna,1,1
140,La Liga,2022,878009,2022-10-03T19:00:00+00:00,FT,Jorge Figueroa,7,728,Rayo Vallecano,797,Elche,2,1
140,La Liga,2022,878017,2022-10-07T19:00:00+00:00,FT,Miguel Ortiz,8,727,Osasuna,532,Valencia,1,2
140,La Liga,2022,878019,2022-10-08T12:00:00+00:00,FT,Pablo González,8,723,Almeria,728,Rayo Vallecano,3,1
140,La Liga,2022,878012,2022-10-08T14:15:00+00:00,FT,Juan Martínez,8,530,Atletico Madrid,547,Girona,2,1
140,La Liga,2022,878020,2022-10-08T16:30:00+00:00,FT,Jesús Gil,8,536,Sevilla,531,Athletic Club,1,1
140,La Liga,2022,878015,2022-10-08T19:00:00+00:00,FT,Antonio Mateu,8,546,Getafe,541,Real Madrid,0,1
140,La Liga,2022,878021,2022-10-09T12:00:00+00:00,FT,Carlos del Cerro,8,720,Valladolid,543,Real Betis,0,0
140,La Liga,2022,878016,2022-10-09T14:15:00+00:00,FT,Alejandro Hernández,8,724,Cadiz,540,Espanyol,2,2
140,La Liga,2022,878018,2022-10-09T16:30:00+00:00,FT,César Soto,8,548,Real Sociedad,533,Villarreal,1,0
140,La Liga,2022,878013,2022-10-09T19:00:00+00:00,FT,José Munuera,8,529,Barcelona,538,Celta Vigo,1,0
140,La Liga,2022,878014,2022-10-10T19:00:00+00:00,FT,Valentín Pizarro,8,797,Elche,798,Mallorca,1,1
140,La Liga,2022,878028,2022-10-14T19:00:00+00:00,FT,Mario Melero,9,728,Rayo Vallecano,546,Getafe,0,0
140,La Liga,2022,878029,2022-10-15T12:00:00+00:00,FT,Ricardo De Burgos,9,547,Girona,724,Cadiz,1,1
140,La Liga,2022,878027,2022-10-15T14:15:00+00:00,FT,Juan Pulido,9,532,Valencia,797,Elche,2,2
140,La Liga,2022,878024,2022-10-15T16:30:00+00:00,FT,Javier Iglesias,9,798,Mallorca,536,Sevilla,0,1
140,La Liga,2022,878022,2022-10-15T19:00:00+00:00,FT,Jorge Figueroa,9,531,Athletic Club,530,Atletico Madrid,0,1
140,La Liga,2022,878023,2022-10-16T12:00:00+00:00,FT,Guillermo Cuadra,9,538,Celta Vigo,548,Real Sociedad,1,2
140,La Liga,2022,878026,2022-10-16T14:15:00+00:00,FT,José Sánchez,9,541,Real Madrid,529,Barcelona,3,1
140,La Liga,2022,878025,2022-10-16T16:30:00+00:00,FT,Antonio Mateu,9,540,Espanyol,720,Valladolid,1,0
140,La Liga,2022,878031,2022-10-16T19:00:00+00:00,FT,Alejandro Muñiz,9,543,Real Betis,723,Almeria,3,1
140,La Liga,2022,878030,2022-10-17T19:00:00+00:00,FT,Pablo González,9,533,Villarreal,727,Osasuna,2,0
140,La Liga,2022,878035,2022-10-18T17:00:00+00:00,FT,César Soto,10,536,Sevilla,532,Valencia,1,1
140,La Liga,2022,878037,2022-10-18T18:00:00+00:00,FT,José Munuera,10,546,Getafe,531,Athletic Club,2,2
140,La Liga,2022,878032,2022-10-18T19:00:00+00:00,FT,Javier Iglesias,10,530,Atletico Madrid,728,Rayo Vallecano,1,1
140,La Liga,2022,878039,2022-10-19T17:00:00+00:00,FT,Valentín Pizarro,10,720,Valladolid,538,Celta Vigo,4,1
140,La Liga,2022,878038,2022-10-19T17:00:00+00:00,FT,Antonio Mateu,10,724,Cadiz,543,Real Betis,0,0
140,La Liga,2022,878040,2022-10-19T18:00:00+00:00,FT,Miguel Ortiz,10,548,Real Sociedad,798,Mallorca,1,0
140,La Liga,2022,878034,2022-10-19T19:00:00+00:00,FT,Jesús Gil,10,797,Elche,541,Real Madrid,0,3
140,La Liga,2022,878036,2022-10-20T17:00:00+00:00,FT,Guillermo Cuadra,10,723,Almeria,547,Girona,3,2
140,La Liga,2022,878041,2022-10-20T18:00:00+00:00,FT,Mario Melero,10,727,Osasuna,540,Espanyol,1,0
140,La Liga,2022,878033,2022-10-20T19:00:00+00:00,FT,Carlos del Cerro,10,529,Barcelona,533,Villarreal,3,0
140,La Liga,2022,878049,2022-10-22T12:00:00+00:00,FT,Alejandro Muñiz,11,728,Rayo Vallecano,724,Cadiz,5,1
140,La Liga,2022,878050,2022-10-22T14:15:00+00:00,FT,Jorge Figueroa,11,720,Valladolid,548,Real Sociedad,1,0
140,La Liga,2022,878048,2022-10-22T16:30:00+00:00,FT,José Sánchez,11,532,Valencia,798,Mallorca,1,2
140,La Liga,2022,878043,2022-10-22T19:00:00+00:00,FT,Alejandro Hernández,11,541,Real Madrid,536,Sevilla,3,1
140,La Liga,2022,878047,2022-10-23T12:00:00+00:00,FT,José Munuera,11,540,Espanyol,797,Elche,2,2
140,La Liga,2022,878046,2022-10-23T14:15:00+00:00,FT,Jesús Gil,11,543,Real Betis,530,Atletico Madrid,1,2
140,La Liga,2022,878051,2022-10-23T16:30:00+00:00,FT,Ricardo De Burgos,11,533,Villarreal,723,Almeria,2,1
140,La Liga,2022,878044,2022-10-23T16:30:00+00:00,FT,Juan Pulido,11,547,Girona,727,Osasuna,1,1
140,La Liga,2022,878045,2022-10-23T19:00:00+00:00,FT,Juan Martínez,11,529,Barcelona,531,Athletic Club,4,0
140,La Liga,2022,878042,2022-10-24T19:00:00+00:00,FT,Pablo González,11,538,Celta Vigo,546,Getafe,1,1
140,La Liga,2022,878059,2022-10-28T19:00:00+00:00,FT,Isidro Díaz de Mera,12,798,Mallorca,540,Espanyol,1,1
140,La Liga,2022,878055,2022-10-29T12:00:00+00:00,FT,Carlos del Cerro,12,723,Almeria,538,Celta Vigo,3,1
140,La Liga,2022,878056,2022-10-29T14:15:00+00:00,FT,José Sánchez,12,724,Cadiz,530,Atletico Madrid,3,2
140,La Liga,2022,878060,2022-10-29T16:30:00+00:00,FT,Antonio Mateu,12,536,Sevilla,728,Rayo Vallecano,0,1
140,La Liga,2022,878057,2022-10-29T19:00:00+00:00,FT,Ricardo De Burgos,12,532,Valencia,529,Barcelona,0,1
140,La Liga,2022,878054,2022-10-30T13:00:00+00:00,FT,Guillermo Cuadra,12,727,Osasuna,720,Valladolid,2,0
140,La Liga,2022,878061,2022-10-30T15:15:00+00:00,FT,Mario Melero,12,541,Real Madrid,547,Girona,1,1
140,La Liga,2022,878052,2022-10-30T17:30:00+00:00,FT,Miguel Ortiz,12,531,Athletic Club,533,Villarreal,1,0
140,La Liga,2022,878058,2022-10-30T20:00:00+00:00,FT,Javier Iglesias,12,548,Real Sociedad,543,Real Betis,0,2
140,La Liga,2022,878053,2022-10-31T20:00:00+00:00,FT,César Soto,12,797,Elche,546,Getafe,0,1
140,La Liga,2022,878067,2022-11-04T20:00:00+00:00,FT,Valentín Pizarro,13,547,Girona,531,Athletic Club,2,1
140,La Liga,2022,878070,2022-11-05T13:00:00+00:00,FT,Alejandro Hernández,13,546,Getafe,724,Cadiz,0,0
140,La Liga,2022,878068,2022-11-05T15:15:00+00:00,FT,Ricardo De Burgos,13,720,Valladolid,797,Elche,2,1
140,La Liga,2022,878064,2022-11-05T17:30:00+00:00,FT,Jorge Figueroa,13,538,Celta Vigo,727,Osasuna,1,2
140,La Liga,2022,878071,2022-11-05T20:00:00+00:00,FT,Pablo González,13,529,Barcelona,723,Almeria,2,0
140,La Liga,2022,878062,2022-11-06T13:00:00+00:00,FT,Juan Pulido,13,530,Atletico Madrid,540,Espanyol,1,1
140,La Liga,2022,878065,2022-11-06T15:15:00+00:00,FT,José Munuera,13,548,Real Sociedad,532,Valencia,1,1
140,La Liga,2022,878069,2022-11-06T17:30:00+00:00,FT,Alejandro Muñiz,13,533,Villarreal,798,Mallorca,0,2
140,La Liga,2022,878063,2022-11-06T20:00:00+00:00,FT,José Sánchez,13,543,Real Betis,536,Sevilla,1,1
140,La Liga,2022,878066,2022-11-07T20:00:00+00:00,FT,Juan Martínez,13,728,Rayo Vallecano,541,Real Madrid,3,2
140,La Liga,2022,878073,2022-11-08T18:00:00+00:00,FT,Pablo González,14,797,Elche,547,Girona,1,2
140,La Liga,2022,878072,2022-11-08T19:00:00+00:00,FT,Isidro Díaz de Mera,14,531,Athletic Club,720,Valladolid,3,0
140,La Liga,2022,878077,2022-11-08T20:30:00+00:00,FT,Jesús Gil,14,727,Osasuna,529,Barcelona,1,2
140,La Liga,2022,878081,2022-11-09T18:00:00+00:00,FT,Carlos del Cerro,14,536,Sevilla,548,Real Sociedad,1,2
140,La Liga,2022,878075,2022-11-09T18:00:00+00:00,FT,Alejandro Muñiz,14,723,Almeria,546,Getafe,1,0
140,La Liga,2022,878074,2022-11-09T19:00:00+00:00,FT,Javier Iglesias,14,540,Espanyol,533,Villarreal,0,1
140,La Liga,2022,878076,2022-11-09T20:30:00+00:00,FT,Mario Melero,14,798,Mallorca,530,Atletico Madrid,1,0
140,La Liga,2022,878079,2022-11-10T18:00:00+00:00,FT,José Munuera,14,728,Rayo Vallecano,538,Celta Vigo,0,0
140,La Liga,2022,878078,2022-11-10T19:00:00+00:00,FT,Miguel Ortiz,14,532,Valencia,543,Real Betis,3,0
140,La Liga,2022,878080,2022-11-10T20:30:00+00:00,FT,César Soto,14,541,Real Madrid,724,Cadiz,2,1
140,La Liga,2022,878086,2022-12-29T16:00:00+00:00,FT,Jorge Figueroa,15,547,Girona,728,Rayo Vallecano,2,2
140,La Liga,2022,878087,2022-12-29T18:15:00+00:00,FT,Alejandro Hernández,15,543,Real Betis,531,Athletic Club,0,0
140,La Liga,2022,878082,2022-12-29T20:30:00+00:00,FT,Guillermo Cuadra,15,530,Atletico Madrid,797,Elche,2,0
140,La Liga,2022,878085,2022-12-30T16:00:00+00:00,FT,Javier Alberola,15,546,Getafe,798,Mallorca,2,0
140,La Liga,2022,878084,2022-12-30T18:15:00+00:00,FT,Ricardo De Burgos,15,538,Celta Vigo,536,Sevilla,1,1
140,La Liga,2022,878091,2022-12-30T18:15:00+00:00,FT,Juan Martínez,15,724,Cadiz,723,Almeria,1,1
140,La Liga,2022,878089,2022-12-30T20:30:00+00:00,FT,José Munuera,15,720,Valladolid,541,Real Madrid,0,2
140,La Liga,2022,878083,2022-12-31T13:00:00+00:00,FT,Antonio Mateu,15,529,Barcelona,540,Espanyol,1,1
140,La Liga,2022,878090,2022-12-31T15:15:00+00:00,FT,José Sánchez,15,533,Villarreal,532,Valencia,2,1
140,La Liga,2022,878088,2022-12-31T15:15:00+00:00,FT,Valentín Pizarro,15,548,Real Sociedad,727,Osasuna,2,0
140,La Liga,2022,878098,2023-01-06T17:30:00+00:00,FT,Miguel Ortiz,16,797,Elche,538,Celta Vigo,0,1
140,La Liga,2022,878100,2023-01-06T20:00:00+00:00,FT,Pablo González,16,532,Valencia,724,Cadiz,0,1
140,La Liga,2022,878101,2023-01-07T15:15:00+00:00,FT,César Soto,16,533,Villarreal,541,Real Madrid,2,1
140,La Liga,2022,878094,2023-01-07T17:30:00+00:00,FT,Valentín Pizarro,16,798,Mallorca,720,Valladolid,1,0
140,La Liga,2022,878095,2023-01-07T20:00:00+00:00,FT,Carlos del Cerro,16,540,Espanyol,547,Girona,2,2
140,La Liga,2022,878096,2023-01-08T13:00:00+00:00,FT,Javier Alberola,16,723,Almeria,548,Real Sociedad,0,2
140,La Liga,2022,878097,2023-01-08T15:15:00+00:00,FT,Isidro Díaz de Mera,16,728,Rayo Vallecano,543,Real Betis,1,2
140,La Liga,2022,878099,2023-01-08T17:30:00+00:00,FT,Juan Martínez,16,536,Sevilla,546,Getafe,2,1
140,La Liga,2022,878093,2023-01-08T20:00:00+00:00,FT,José Munuera,16,530,Atletico Madrid,529,Barcelona,0,1
140,La Liga,2022,878092,2023-01-09T20:00:00+00:00,FT,Mario Melero,16,531,Athletic Club,727,Osasuna,0,0
140,La Liga,2022,878102,2023-01-13T20:00:00+00:00,FT,Javier Alberola,17,538,Celta Vigo,533,Villarreal,1,1
140,La Liga,2022,878111,2023-01-14T13:00:00+00:00,FT,Mario Melero,17,720,Valladolid,728,Rayo Vallecano,0,1
140,La Liga,2022,878106,2023-01-14T15:15:00+00:00,FT,Valentín Pizarro,17,547,Girona,536,Sevilla,2,1
140,La Liga,2022,878109,2023-01-14T17:30:00+00:00,FT,César Soto,17,727,Osasuna,798,Mallorca,1,0
140,La Liga,2022,878107,2023-01-14T20:00:00+00:00,FT,Guillermo Cuadra,17,548,Real Sociedad,531,Athletic Club,3,1
140,La Liga,2022,878110,2023-01-15T13:00:00+00:00,FT,Jorge Figueroa,17,546,Getafe,540,Espanyol,1,2
140,La Liga,2022,878105,2023-01-15T15:15:00+00:00,FT,José Sánchez,17,723,Almeria,530,Atletico Madrid,1,1
140,La Liga,2022,878103,2023-01-16T20:00:00+00:00,FT,Carlos del Cerro,17,724,Cadiz,797,Elche,1,1
140,La Liga,2022,878118,2023-01-20T20:00:00+00:00,FT,Juan Pulido,18,798,Mallorca,538,Celta Vigo,1,0
140,La Liga,2022,878116,2023-01-21T13:00:00+00:00,FT,Antonio Mateu,18,728,Rayo Vallecano,548,Real Sociedad,0,2
140,La Liga,2022,878117,2023-01-21T15:15:00+00:00,FT,Pablo González,18,540,Espanyol,543,Real Betis,1,0
140,La Liga,2022,878113,2023-01-21T17:30:00+00:00,FT,Ricardo De Burgos,18,530,Atletico Madrid,720,Valladolid,3,0
140,La Liga,2022,878119,2023-01-21T20:00:00+00:00,FT,Alejandro Hernández,18,536,Sevilla,724,Cadiz,1,0
140,La Liga,2022,878121,2023-01-22T13:00:00+00:00,FT,Carlos del Cerro,18,533,Villarreal,547,Girona,1,0
140,La Liga,2022,878115,2023-01-22T15:15:00+00:00,FT,Alejandro Muñiz,18,797,Elche,727,Osasuna,1,1
140,La Liga,2022,878114,2023-01-22T17:30:00+00:00,FT,Javier Iglesias,18,529,Barcelona,546,Getafe,1,0
140,La Liga,2022,878112,2023-01-22T20:00:00+00:00,FT,José Sánchez,18,531,Athletic Club,541,Real Madrid,0,2
140,La Liga,2022,878120,2023-01-23T20:00:00+00:00,FT,Jesús Gil,18,532,Valencia,723,Almeria,2,2
140,La Liga,2022,878124,2023-01-27T20:00:00+00:00,FT,Javier Iglesias,19,723,Almeria,540,Espanyol,3,1
140,La Liga,2022,878122,2023-01-28T13:00:00+00:00,FT,Ricardo De Burgos,19,724,Cadiz,798,Mallorca,2,0
140,La Liga,2022,878127,2023-01-28T15:15:00+00:00,FT,Alejandro Muñiz,19,547,Girona,529,Barcelona,0,1
140,La Liga,2022,878129,2023-01-28T17:30:00+00:00,FT,César Soto,19,536,Sevilla,797,Elche,3,0
140,La Liga,2022,878128,2023-01-28T20:00:00+00:00,FT,Guillermo Cuadra,19,546,Getafe,543,Real Betis,0,1
140,La Liga,2022,878130,2023-01-29T13:00:00+00:00,FT,Jorge Figueroa,19,720,Valladolid,532,Valencia,1,0
140,La Liga,2022,878126,2023-01-29T15:15:00+00:00,FT,Javier Alberola,19,727,Osasuna,530,Atletico Madrid,0,1
140,La Liga,2022,878125,2023-01-29T17:30:00+00:00,FT,Isidro Díaz de Mera,19,538,Celta Vigo,531,Athletic Club,1,0
140,La Liga,2022,878123,2023-01-29T20:00:00+00:00,FT,Mario Melero,19,541,Real Madrid,548,Real Sociedad,0,0
140,La Liga,2022,878131,2023-01-30T20:00:00+00:00,FT,Juan Pulido,19,533,Villarreal,728,Rayo Vallecano,0,1
140,La Liga,2022,878108,2023-02-01T20:00:00+00:00,FT,Ricardo De Burgos,17,543,Real Betis,529,Barcelona,1,2
140,La Liga,2022,878104,2023-02-02T20:00:00+00:00,FT,Javier Alberola,17,541,Real Madrid,532,Valencia,2,0
140,La Liga,2022,878132,2023-02-03T20:00:00+00:00,FT,Valentín Pizarro,20,531,Athletic Club,724,Cadiz,4,1
140,La Liga,2022,878138,2023-02-04T13:00:00+00:00,FT,Jesús Gil,20,540,Espanyol,727,Osasuna,1,1
140,La Liga,2022,878136,2023-02-04T15:15:00+00:00,FT,José Munuera,20,797,Elche,533,Villarreal,3,1
140,La Liga,2022,878133,2023-02-04T17:30:00+00:00,FT,Antonio Mateu,20,530,Atletico Madrid,546,Getafe,1,1
140,La Liga,2022,878135,2023-02-04T20:00:00+00:00,FT,Carlos del Cerro,20,543,Real Betis,538,Celta Vigo,3,4
140,La Liga,2022,878137,2023-02-05T13:00:00+00:00,FT,Alejandro Hernández,20,798,Mallorca,541,Real Madrid,1,0
140,La Liga,2022,878140,2023-02-05T15:15:00+00:00,FT,Javier Iglesias,20,547,Girona,532,Valencia,1,0
140,La Liga,2022,878139,2023-02-05T17:30:00+00:00,FT,Pablo González,20,548,Real Sociedad,720,Valladolid,0,1
140,La Liga,2022,878134,2023-02-05T20:00:00+00:00,FT,José Sánchez,20,529,Barcelona,536,Sevilla,3,0
140,La Liga,2022,878141,2023-02-06T20:00:00+00:00,FT,César Soto,20,728,Rayo Vallecano,723,Almeria,2,0
140,La Liga,2022,878143,2023-02-10T20:00:00+00:00,FT,Juan Pulido,21,724,Cadiz,547,Girona,2,0
140,La Liga,2022,878145,2023-02-11T15:15:00+00:00,FT,Javier Alberola,21,723,Almeria,543,Real Betis,2,3
140,La Liga,2022,878150,2023-02-11T17:30:00+00:00,FT,Javier Iglesias,21,536,Sevilla,798,Mallorca,2,0
140,La Liga,2022,878146,2023-02-11T20:00:00+00:00,FT,César Soto,21,532,Valencia,531,Athletic Club,1,2
140,La Liga,2022,878142,2023-02-12T13:00:00+00:00,FT,Isidro Díaz de Mera,21,546,Getafe,728,Rayo Vallecano,1,1
140,La Liga,2022,878147,2023-02-12T15:15:00+00:00,FT,Jorge Figueroa,21,538,Celta Vigo,530,Atletico Madrid,0,1
140,La Liga,2022,878151,2023-02-12T17:30:00+00:00,FT,Guillermo Cuadra,21,720,Valladolid,727,Osasuna,0,0
140,La Liga,2022,878148,2023-02-12T20:00:00+00:00,FT,Alejandro Hernández,21,533,Villarreal,529,Barcelona,0,1
140,La Liga,2022,878144,2023-02-13T20:00:00+00:00,FT,Alejandro Muñiz,21,540,Espanyol,548,Real Sociedad,2,3
140,La Liga,2022,878149,2023-02-15T20:00:00+00:00,FT,Ricardo De Burgos,21,541,Real Madrid,797,Elche,4,0
140,La Liga,2022,878161,2023-02-17T20:00:00+00:00,FT,Valentín Pizarro,22,547,Girona,723,Almeria,6,2
140,La Liga,2022,878160,2023-02-18T13:00:00+00:00,FT,Miguel Ortiz,22,548,Real Sociedad,538,Celta Vigo,1,1
140,La Liga,2022,878153,2023-02-18T15:15:00+00:00,FT,Antonio Mateu,22,543,Real Betis,720,Valladolid,2,1
140,La Liga,2022,878155,2023-02-18T17:30:00+00:00,FT,José Sánchez,22,798,Mallorca,533,Villarreal,4,2
140,La Liga,2022,878157,2023-02-18T20:00:00+00:00,FT,José Munuera,22,727,Osasuna,541,Real Madrid,0,2
140,La Liga,2022,878154,2023-02-19T13:00:00+00:00,FT,Carlos del Cerro,22,797,Elche,540,Espanyol,0,1
140,La Liga,2022,878158,2023-02-19T15:15:00+00:00,FT,Jesús Gil,22,728,Rayo Vallecano,536,Sevilla,1,1
140,La Liga,2022,878159,2023-02-19T17:30:00+00:00,FT,Juan Martínez,22,530,Atletico Madrid,531,Athletic Club,1,0
140,La Liga,2022,878152,2023-02-19T20:00:00+00:00,FT,Pablo González,22,529,Barcelona,724,Cadiz,2,0
140,La Liga,2022,878156,2023-02-20T20:00:00+00:00,FT,Mario Melero,22,546,Getafe,532,Valencia,1,0
140,La Liga,2022,878168,2023-02-24T20:00:00+00:00,FT,Javier Iglesias,23,797,Elche,543,Real Betis,2,3
140,La Liga,2022,878165,2023-02-25T13:00:00+00:00,FT,Javier Alberola,23,540,Espanyol,798,Mallorca,2,1
140,La Liga,2022,878164,2023-02-25T15:15:00+00:00,FT,Alejandro Muñiz,23,724,Cadiz,728,Rayo Vallecano,1,0
140,La Liga,2022,878167,2023-02-25T17:30:00+00:00,FT,Jesús Gil,23,541,Real Madrid,530,Atletico Madrid,1,1
140,La Liga,2022,878171,2023-02-25T20:00:00+00:00,FT,Alejandro Hernández,23,532,Valencia,548,Real Sociedad,1,0
140,La Liga,2022,878162,2023-02-26T13:00:00+00:00,FT,Isidro Díaz de Mera,23,531,Athletic Club,547,Girona,2,3
140,La Liga,2022,878163,2023-02-26T15:15:00+00:00,FT,Ricardo De Burgos,23,538,Celta Vigo,720,Valladolid,3,0
140,La Liga,2022,878166,2023-02-26T17:30:00+00:00,FT,Miguel Ortiz,23,723,Almeria,529,Barcelona,1,0
140,La Liga,2022,878170,2023-02-26T20:00:00+00:00,FT,Juan Pulido,23,536,Sevilla,727,Osasuna,2,3
140,La Liga,2022,878169,2023-02-27T20:00:00+00:00,FT,Jorge Figueroa,23,533,Villarreal,546,Getafe,2,1
140,La Liga,2022,878180,2023-03-03T20:00:00+00:00,FT,Antonio Mateu,24,548,Real Sociedad,724,Cadiz,0,0
140,La Liga,2022,878175,2023-03-04T13:00:00+00:00,FT,Juan Martínez,24,546,Getafe,547,Girona,3,2
140,La Liga,2022,878176,2023-03-04T15:15:00+00:00,FT,Pablo González,24,723,Almeria,533,Villarreal,0,2
140,La Liga,2022,878179,2023-03-04T17:30:00+00:00,FT,José Munuera,24,798,Mallorca,797,Elche,0,1
140,La Liga,2022,878172,2023-03-04T20:00:00+00:00,FT,Guillermo Cuadra,24,530,Atletico Madrid,536,Sevilla,6,1
140,La Liga,2022,878181,2023-03-05T13:00:00+00:00,FT,Valentín Pizarro,24,720,Valladolid,540,Espanyol,2,1
140,La Liga,2022,878173,2023-03-05T15:15:00+00:00,FT,Javier Alberola,24,529,Barcelona,532,Valencia,1,0
140,La Liga,2022,878177,2023-03-05T17:30:00+00:00,FT,Mario Melero,24,728,Rayo Vallecano,531,Athletic Club,0,0
140,La Liga,2022,878174,2023-03-05T20:00:00+00:00,FT,César Soto,24,543,Real Betis,541,Real Madrid,0,0
140,La Liga,2022,878178,2023-03-06T20:00:00+00:00,FT,José Sánchez,24,727,Osasuna,538,Celta Vigo,0,0
140,La Liga,2022,878186,2023-03-10T20:00:00+00:00,FT,Alejandro Hernández,25,724,Cadiz,546,Getafe,2,2
140,La Liga,2022,878189,2023-03-11T13:00:00+00:00,FT,Jorge Figueroa,25,541,Real Madrid,540,Espanyol,3,1
140,La Liga,2022,878184,2023-03-11T15:15:00+00:00,FT,Isidro Díaz de Mera,25,797,Elche,720,Valladolid,1,1
140,La Liga,2022,878183,2023-03-11T17:30:00+00:00,FT,Juan Pulido,25,538,Celta Vigo,728,Rayo Vallecano,3,0
140,La Liga,2022,878190,2023-03-11T20:00:00+00:00,FT,Javier Iglesias,25,532,Valencia,727,Osasuna,1,0
140,La Liga,2022,878185,2023-03-12T13:00:00+00:00,FT,Juan Martínez,25,798,Mallorca,548,Real Sociedad,1,1
140,La Liga,2022,878191,2023-03-12T15:15:00+00:00,FT,Ricardo De Burgos,25,536,Sevilla,723,Almeria,2,1
140,La Liga,2022,878188,2023-03-12T17:30:00+00:00,FT,Miguel Ortiz,25,533,Villarreal,543,Real Betis,1,1
140,La Liga,2022,878182,2023-03-12T20:00:00+00:00,FT,Jesús Gil,25,531,Athletic Club,529,Barcelona,0,1
140,La Liga,2022,878187,2023-03-13T20:00:00+00:00,FT,Mario Melero,25,547,Girona,530,Atletico Madrid,0,1
140,La Liga,2022,878198,2023-03-17T20:00:00+00:00,FT,Javier Alberola,26,720,Valladolid,531,Athletic Club,1,3
140,La Liga,2022,878197,2023-03-18T13:00:00+00:00,FT,Carlos del Cerro,26,723,Almeria,724,Cadiz,1,1
140,La Liga,2022,878201,2023-03-18T15:15:00+00:00,FT,Pablo González,26,728,Rayo Vallecano,547,Girona,2,2
140,La Liga,2022,878199,2023-03-18T17:30:00+00:00,FT,Guillermo Cuadra,26,540,Espanyol,538,Celta Vigo,1,3
140,La Liga,2022,878192,2023-03-18T20:00:00+00:00,FT,José Munuera,26,530,Atletico Madrid,532,Valencia,3,0
140,La Liga,2022,878194,2023-03-19T13:00:00+00:00,FT,Valentín Pizarro,26,543,Real Betis,798,Mallorca,1,0
140,La Liga,2022,878200,2023-03-19T15:15:00+00:00,FT,José Sánchez,26,548,Real Sociedad,797,Elche,2,0
140,La Liga,2022,878196,2023-03-19T15:15:00+00:00,FT,Alejandro Muñiz,26,727,Osasuna,533,Villarreal,0,3
140,La Liga,2022,878195,2023-03-19T17:30:00+00:00,FT,Antonio Mateu,26,546,Getafe,536,Sevilla,2,0
140,La Liga,2022,878193,2023-03-19T20:00:00+00:00,FT,Ricardo De Burgos,26,529,Barcelona,541,Real Madrid,2,1
140,La Liga,2022,878204,2023-03-31T19:00:00+00:00,FT,Isidro Díaz de Mera,27,798,Mallorca,727,Osasuna,0,0
140,La Liga,2022,878208,2023-04-01T12:00:00+00:00,FT,Miguel Ortiz,27,547,Girona,540,Espanyol,2,1
140,La Liga,2022,878202,2023-04-01T14:15:00+00:00,FT,Javier Iglesias,27,531,Athletic Club,546,Getafe,0,0
140,La Liga,2022,878205,2023-04-01T16:30:00+00:00,FT,César Soto,27,724,Cadiz,536,Sevilla,0,2
140,La Liga,2022,878207,2023-04-01T19:00:00+00:00,FT,Carlos del Cerro,27,797,Elche,529,Barcelona,0,4
140,La Liga,2022,878211,2023-04-02T12:00:00+00:00,FT,Alejandro Hernández,27,538,Celta Vigo,723,Almeria,2,2
140,La Liga,2022,878206,2023-04-02T14:15:00+00:00,FT,Juan Pulido,27,541,Real Madrid,720,Valladolid,6,0
140,La Liga,2022,878209,2023-04-02T16:30:00+00:00,FT,Jesús Gil,27,533,Villarreal,548,Real Sociedad,2,0
140,La Liga,2022,878203,2023-04-02T19:00:00+00:00,FT,Juan Martínez,27,530,Atletico Madrid,543,Real Betis,1,0
140,La Liga,2022,878210,2023-04-03T19:00:00+00:00,FT,Jorge Figueroa,27,532,Valencia,728,Rayo Vallecano,1,1
140,La Liga,2022,878218,2023-04-07T19:00:00+00:00,FT,Valentín Pizarro,28,536,Sevilla,538,Celta Vigo,2,2
140,La Liga,2022,878219,2023-04-08T12:00:00+00:00,FT,Pablo González,28,727,Osasuna,797,Elche,2,1
140,La Liga,2022,878216,2023-04-08T14:15:00+00:00,FT,José Munuera,28,540,Espanyol,531,Athletic Club,1,2
140,La Liga,2022,878221,2023-04-08T16:30:00+00:00,FT,Mario Melero,28,548,Real Sociedad,546,Getafe,2,0
140,La Liga,2022,878214,2023-04-08T19:00:00+00:00,FT,Javier Alberola,28,541,Real Madrid,533,Villarreal,2,3
140,La Liga,2022,878220,2023-04-09T12:00:00+00:00,FT,Alejandro Muñiz,28,720,Valladolid,798,Mallorca,3,3
140,La Liga,2022,878213,2023-04-09T14:15:00+00:00,FT,Guillermo Cuadra,28,543,Real Betis,724,Cadiz,0,2
140,La Liga,2022,878215,2023-04-09T16:30:00+00:00,FT,José Sánchez,28,723,Almeria,532,Valencia,2,1
140,La Liga,2022,878217,2023-04-09T19:00:00+00:00,FT,Ricardo De Burgos,28,728,Rayo Vallecano,530,Atletico Madrid,1,2
140,La Liga,2022,878212,2023-04-10T19:00:00+00:00,FT,Antonio Mateu,28,529,Barcelona,547,Girona,0,0
140,La Liga,2022,878229,2023-04-14T19:00:00+00:00,FT,José Munuera,29,728,Rayo Vallecano,727,Osasuna,2,1
140,La Liga,2022,878226,2023-04-15T12:00:00+00:00,FT,Javier Iglesias,29,533,Villarreal,720,Valladolid,1,2
140,La Liga,2022,878222,2023-04-15T14:15:00+00:00,FT,César Soto,29,531,Athletic Club,548,Real Sociedad,2,0
140,La Liga,2022,878223,2023-04-15T16:30:00+00:00,FT,Alejandro Hernández,29,543,Real Betis,540,Espanyol,3,1
140,La Liga,2022,878225,2023-04-15T19:00:00+00:00,FT,Jesús Gil,29,724,Cadiz,541,Real Madrid,0,2
140,La Liga,2022,878228,2023-04-16T12:00:00+00:00,FT,Jorge Figueroa,29,547,Girona,797,Elche,2,0
140,La Liga,2022,878227,2023-04-16T14:15:00+00:00,FT,Juan Pulido,29,546,Getafe,529,Barcelona,0,0
140,La Liga,2022,878231,2023-04-16T16:30:00+00:00,FT,Isidro Díaz de Mera,29,530,Atletico Madrid,723,Almeria,2,1
140,La Liga,2022,878230,2023-04-16T19:00:00+00:00,FT,Carlos del Cerro,29,532,Valencia,536,Sevilla,0,2
140,La Liga,2022,878224,2023-04-17T19:00:00+00:00,FT,Miguel Ortiz,29,538,Celta Vigo,798,Mallorca,0,1
140,La Liga,2022,878239,2023-04-21T19:00:00+00:00,FT,Juan Martínez,30,540,Espanyol,724,Cadiz,0,0
140,La Liga,2022,878236,2023-04-22T12:00:00+00:00,FT,Javier Alberola,30,727,Osasuna,543,Real Betis,3,2
140,La Liga,2022,878234,2023-04-22T14:15:00+00:00,FT,Valentín Pizarro,30,723,Almeria,531,Athletic Club,1,2
140,La Liga,2022,878240,2023-04-22T16:30:00+00:00,FT,Alejandro Muñiz,30,548,Real Sociedad,728,Rayo Vallecano,2,1
140,La Liga,2022,878241,2023-04-22T16:30:00+00:00,FT,Mario Melero,30,720,Valladolid,547,Girona,1,0
140,La Liga,2022,878237,2023-04-22T19:00:00+00:00,FT,Antonio Mateu,30,541,Real Madrid,538,Celta Vigo,2,0
140,La Liga,2022,878232,2023-04-23T12:00:00+00:00,FT,Guillermo Cuadra,30,797,Elche,532,Valencia,0,2
140,La Liga,2022,878235,2023-04-23T14:15:00+00:00,FT,José Sánchez,30,529,Barcelona,530,Atletico Madrid,1,0
140,La Liga,2022,878238,2023-04-23T16:30:00+00:00,FT,Pablo González,30,798,Mallorca,546,Getafe,3,1
140,La Liga,2022,878233,2023-04-23T19:00:00+00:00,FT,Ricardo De Burgos,30,536,Sevilla,533,Villarreal,2,1
140,La Liga,2022,878248,2023-04-25T17:30:00+00:00,FT,Javier Iglesias,31,547,Girona,541,Real Madrid,4,2
140,La Liga,2022,878246,2023-04-25T17:30:00+00:00,FT,Carlos del Cerro,31,724,Cadiz,727,Osasuna,0,1
140,La Liga,2022,878244,2023-04-25T20:00:00+00:00,FT,Juan Martínez,31,543,Real Betis,548,Real Sociedad,0,0
140,La Liga,2022,878243,2023-04-26T17:30:00+00:00,FT,Juan Pulido,31,530,Atletico Madrid,798,Mallorca,3,1
140,La Liga,2022,878251,2023-04-26T17:30:00+00:00,FT,Javier Alberola,31,546,Getafe,723,Almeria,1,2
140,La Liga,2022,878245,2023-04-26T20:00:00+00:00,FT,Isidro Díaz de Mera,31,538,Celta Vigo,797,Elche,1,0
140,La Liga,2022,878249,2023-04-26T20:00:00+00:00,FT,Jesús Gil,31,728,Rayo Vallecano,529,Barcelona,2,1
140,La Liga,2022,878247,2023-04-27T17:30:00+00:00,FT,José Munuera,31,532,Valencia,720,Valladolid,2,1
140,La Liga,2022,878250,2023-04-27T17:30:00+00:00,FT,César Soto,31,533,Villarreal,540,Espanyol,4,2
140,La Liga,2022,878242,2023-04-27T20:00:00+00:00,FT,Alejandro Hernández,31,531,Athletic Club,536,Sevilla,0,1
140,La Liga,2022,878256,2023-04-28T19:00:00+00:00,FT,Valentín Pizarro,32,727,Osasuna,548,Real Sociedad,0,2
140,La Liga,2022,878253,2023-04-29T14:15:00+00:00,FT,Mario Melero,32,797,Elche,728,Rayo Vallecano,4,0
140,La Liga,2022,878260,2023-04-29T16:30:00+00:00,FT,Guillermo Cuadra,32,541,Real Madrid,723,Almeria,4,2
140,La Liga,2022,878252,2023-04-29T19:00:00+00:00,FT,Carlos del Cerro,32,529,Barcelona,543,Real Betis,4,0
140,La Liga,2022,878254,2023-04-30T12:00:00+00:00,FT,Ricardo De Burgos,32,724,Cadiz,532,Valencia,2,1
140,La Liga,2022,878259,2023-04-30T14:15:00+00:00,FT,Pablo González,32,533,Villarreal,538,Celta Vigo,3,1
140,La Liga,2022,878255,2023-04-30T16:30:00+00:00,FT,José Sánchez,32,540,Espanyol,546,Getafe,1,0
140,La Liga,2022,878258,2023-04-30T19:00:00+00:00,FT,Antonio Mateu,32,720,Valladolid,530,Atletico Madrid,2,5
140,La Liga,2022,878257,2023-05-01T17:00:00+00:00,FT,Jorge Figueroa,32,798,Mallorca,531,Athletic Club,1,1
140,La Liga,2022,878261,2023-05-01T19:00:00+00:00,FT,Alejandro Muñiz,32,536,Sevilla,547,Girona,0,2
140,La Liga,2022,878264,2023-05-02T17:30:00+00:00,FT,Javier Iglesias,33,529,Barcelona,727,Osasuna,1,0
140,La Liga,2022,878267,2023-05-02T17:30:00+00:00,FT,Alejandro Hernández,33,723,Almeria,797,Elche,2,1
140,La Liga,2022,878271,2023-05-02T20:00:00+00:00,FT,Juan Pulido,33,548,Real Sociedad,541,Real Madrid,2,0
140,La Liga,2022,878265,2023-05-03T17:30:00+00:00,FT,Jesús Gil,33,532,Valencia,533,Villarreal,1,1
140,La Liga,2022,878263,2023-05-03T20:00:00+00:00,FT,César Soto,33,530,Atletico Madrid,724,Cadiz,5,1
140,La Liga,2022,878269,2023-05-03T20:00:00+00:00,FT,Guillermo Cuadra,33,546,Getafe,538,Celta Vigo,1,0
140,La Liga,2022,878270,2023-05-04T17:30:00+00:00,FT,Javier Alberola,33,536,Sevilla,540,Espanyol,3,2
140,La Liga,2022,878268,2023-05-04T17:30:00+00:00,FT,Juan Martínez,33,547,Girona,798,Mallorca,2,1
140,La Liga,2022,878262,2023-05-04T20:00:00+00:00,FT,Miguel Ortiz,33,531,Athletic Club,543,Real Betis,0,1
140,La Liga,2022,878266,2023-05-04T20:00:00+00:00,FT,Isidro Díaz de Mera,33,728,Rayo Vallecano,720,Valladolid,2,1
140,La Liga,2022,878278,2023-05-12T19:00:00+00:00,FT,José Sánchez,34,798,Mallorca,724,Cadiz,1,0
140,La Liga,2022,878281,2023-05-13T12:00:00+00:00,FT,Jorge Figueroa,34,548,Real Sociedad,547,Girona,2,2
140,La Liga,2022,878280,2023-05-13T14:15:00+00:00,FT,Antonio Mateu,34,727,Osasuna,723,Almeria,3,1
140,La Liga,2022,878274,2023-05-13T16:30:00+00:00,FT,Carlos del Cerro,34,533,Villarreal,531,Athletic Club,5,1
140,La Liga,2022,878277,2023-05-13T19:00:00+00:00,FT,Juan Martínez,34,541,Real Madrid,546,Getafe,1,0
140,La Liga,2022,878273,2023-05-14T12:00:00+00:00,FT,César Soto,34,538,Celta Vigo,532,Valencia,1,2
140,La Liga,2022,878275,2023-05-14T14:15:00+00:00,FT,Alejandro Muñiz,34,797,Elche,530,Atletico Madrid,1,0
140,La Liga,2022,878279,2023-05-14T16:30:00+00:00,FT,Miguel Ortiz,34,720,Valladolid,536,Sevilla,0,3
140,La Liga,2022,878276,2023-05-14T19:00:00+00:00,FT,Ricardo De Burgos,34,540,Espanyol,529,Barcelona,2,4
140,La Liga,2022,878272,2023-05-15T19:00:00+00:00,FT,Juan Pulido,34,543,Real Betis,728,Rayo Vallecano,3,1
140,La Liga,2022,878285,2023-05-19T19:00:00+00:00,FT,Juan Martínez,35,724,Cadiz,720,Valladolid,2,0
140,La Liga,2022,878287,2023-05-20T12:00:00+00:00,FT,Valentín Pizarro,35,547,Girona,533,Villarreal,1,2
140,La Liga,2022,878282,2023-05-20T14:15:00+00:00,FT,Mario Melero,35,531,Athletic Club,538,Celta Vigo,2,1
140,La Liga,2022,878289,2023-05-20T16:30:00+00:00,FT,Javier Iglesias,35,546,Getafe,797,Elche,1,1
140,La Liga,2022,878286,2023-05-20T16:30:00+00:00,FT,Carlos del Cerro,35,723,Almeria,798,Mallorca,3,0
140,La Liga,2022,878284,2023-05-20T19:00:00+00:00,FT,Javier Alberola,35,529,Barcelona,548,Real Sociedad,1,2
140,La Liga,2022,878290,2023-05-21T12:00:00+00:00,FT,Alejandro Hernández,35,728,Rayo Vallecano,540,Espanyol,1,2
140,La Liga,2022,878283,2023-05-21T14:15:00+00:00,FT,Pablo González,35,530,Atletico Madrid,727,Osasuna,3,0
140,La Liga,2022,878291,2023-05-21T16:30:00+00:00,FT,Ricardo De Burgos,35,532,Valencia,541,Real Madrid,1,0
140,La Liga,2022,878288,2023-05-21T19:00:00+00:00,FT,Jesús Gil,35,536,Sevilla,543,Real Betis,0,0
140,La Liga,2022,878293,2023-05-23T17:30:00+00:00,FT,Antonio Mateu,36,538,Celta Vigo,547,Girona,1,1
140,La Liga,2022,878301,2023-05-23T17:30:00+00:00,FT,Pablo González,36,548,Real Sociedad,723,Almeria,1,0
140,La Liga,2022,878298,2023-05-23T20:00:00+00:00,FT,César Soto,36,720,Valladolid,529,Barcelona,3,1
140,La Liga,2022,878299,2023-05-24T17:30:00+00:00,FT,Juan Pulido,36,533,Villarreal,724,Cadiz,2,0
140,La Liga,2022,878300,2023-05-24T17:30:00+00:00,FT,Jesús Gil,36,541,Real Madrid,728,Rayo Vallecano,2,1
140,La Liga,2022,878294,2023-05-24T17:30:00+00:00,FT,Isidro Díaz de Mera,36,797,Elche,536,Sevilla,1,1
140,La Liga,2022,878297,2023-05-24T20:00:00+00:00,FT,Mario Melero,36,540,Espanyol,530,Atletico Madrid,3,3
140,La Liga,2022,878292,2023-05-24T20:00:00+00:00,FT,Ricardo De Burgos,36,543,Real Betis,546,Getafe,0,1
140,La Liga,2022,878295,2023-05-25T17:30:00+00:00,FT,Alejandro Hernández,36,798,Mallorca,532,Valencia,1,0
140,La Liga,2022,878296,2023-05-25T19:30:00+00:00,FT,Alejandro Muñiz,36,727,Osasuna,531,Athletic Club,2,0
140,La Liga,2022,878311,2023-05-27T17:00:00+00:00,FT,César Soto,37,536,Sevilla,541,Real Madrid,1,2
140,La Liga,2022,878304,2023-05-28T17:00:00+00:00,FT,Jorge Figueroa,37,529,Barcelona,798,Mallorca,3,0
140,La Liga,2022,878303,2023-05-28T17:00:00+00:00,FT,Juan Pulido,37,530,Atletico Madrid,548,Real Sociedad,2,1
140,La Liga,2022,878302,2023-05-28T17:00:00+00:00,FT,Valentín Pizarro,37,531,Athletic Club,797,Elche,0,1
140,La Liga,2022,878310,2023-05-28T17:00:00+00:00,FT,Jesús Gil,37,532,Valencia,540,Espanyol,2,2
140,La Liga,2022,878305,2023-05-28T17:00:00+00:00,FT,Antonio Mateu,37,546,Getafe,727,Osasuna,2,1
140,La Liga,2022,878309,2023-05-28T17:00:00+00:00,FT,Isidro Díaz de Mera,37,547,Girona,543,Real Betis,1,2
140,La Liga,2022,878308,2023-05-28T17:00:00+00:00,FT,Javier Alberola,37,723,Almeria,720,Valladolid,0,0
140,La Liga,2022,878306,2023-05-28T17:00:00+00:00,FT,Ricardo De Burgos,37,724,Cadiz,538,Celta Vigo,1,0
140,La Liga,2022,878307,2023-05-28T17:00:00+00:00,FT,Javier Iglesias,37,728,Rayo Vallecano,533,Villarreal,2,1
140,La Liga,2022,878316,2023-06-04T16:30:00+00:00,FT,Ricardo De Burgos,38,533,Villarreal,530,Atletico Madrid,2,2
140,La Liga,2022,878315,2023-06-04T16:30:00+00:00,FT,Isidro Díaz de Mera,38,541,Real Madrid,531,Athletic Club,1,1
140,La Liga,2022,878314,2023-06-04T16:30:00+00:00,FT,Carlos del Cerro,38,548,Real Sociedad,536,Sevilla,2,1
140,La Liga,2022,878321,2023-06-04T16:30:00+00:00,FT,Miguel Ortiz,38,727,Osasuna,547,Girona,2,1
140,La Liga,2022,878313,2023-06-04T16:30:00+00:00,FT,Antonio Mateu,38,798,Mallorca,728,Rayo Vallecano,3,0
140,La Liga,2022,878317,2023-06-04T19:00:00+00:00,FT,Juan Pulido,38,538,Celta Vigo,529,Barcelona,2,1
140,La Liga,2022,878320,2023-06-04T19:00:00+00:00,FT,César Soto,38,540,Espanyol,723,Almeria,3,3
140,La Liga,2022,878312,2023-06-04T19:00:00+00:00,FT,Javier Alberola,38,543,Real Betis,532,Valencia,1,1
140,La Liga,2022,878318,2023-06-04T19:00:00+00:00,FT,José Munuera,38,720,Valladolid,546,Getafe,0,0
140,La Liga,2022,878319,2023-06-04T19:00:00+00:00,FT,Jesús Gil,38,797,Elche,724,Cadiz,1,1
140,La Liga,2023,1037952,2023-08-11T17:30:00+00:00,FT,"Antonio Alberola Rojas, Spain",1,723,Almeria,728,Rayo Vallecano,0,2
140,La Liga,2023,1037956,2023-08-11T20:00:00+00:00,FT,"Jose Maria Sanchez Martinez, Spain",1,536,Sevilla,532,Valencia,1,2
140,La Liga,2023,1037960,2023-08-12T15:00:00+00:00,FT,"Francisco Hernandez Maeso, Spain",1,548,Real Sociedad,547,Girona,1,1
140,La Liga,2023,1037957,2023-08-12T17:30:00+00:00,FT,"Victor Garcia Verdura, Spain",1,534,Las Palmas,798,Mallorca,1,1
140,La Liga,2023,1037953,2023-08-12T19:30:00+00:00,FT,"Jesus Gil Manzano, Spain",1,531,Athletic Club,541,Real Madrid,0,2
140,La Liga,2023,1037955,2023-08-13T15:00:00+00:00,FT,"Pablo Gonzales Fuertes, Spain",1,538,Celta Vigo,727,Osasuna,0,2
140,La Liga,2023,1037959,2023-08-13T17:30:00+00:00,FT,"Miguel Angel Ortiz Arias, Spain",1,533,Villarreal,543,Real Betis,1,2
140,La Liga,2023,1037958,2023-08-13T19:30:00+00:00,FT,"Cesar Soto Grado, Spain",1,546,Getafe,529,Barcelona,0,0
140,La Liga,2023,1037961,2023-08-14T17:30:00+00:00,FT,"Isidro Diaz de Mera Escuderos, Spain",1,724,Cadiz,542,Alaves,1,0
140,La Liga,2023,1037954,2023-08-14T19:30:00+00:00,FT,"Juan Luis Pulido Santana, Spain",1,530,Atletico Madrid,715,Granada CF,3,1
140,La Liga,2023,1037964,2023-08-18T17:30:00+00:00,FT,"Javier Alberola Rojas, Spain",2,798,Mallorca,533,Villarreal,0,1
140,La Liga,2023,1037971,2023-08-18T19:30:00+00:00,FT,"Javier Iglesias Villanueva, Spain",2,532,Valencia,534,Las Palmas,1,0
140,La Liga,2023,1037969,2023-08-19T15:00:00+00:00,FT,"Miguel Angel Ortiz Arias, Spain",2,548,Real Sociedad,538,Celta Vigo,1,1
140,La Liga,2023,1037962,2023-08-19T17:30:00+00:00,FT,"Jose Maria Sanchez Martinez, Spain",2,723,Almeria,541,Real Madrid,1,3
140,La Liga,2023,1037967,2023-08-19T19:30:00+00:00,FT,"José Luis Munuera Montero, Spain",2,727,Osasuna,531,Athletic Club,0,2
140,La Liga,2023,1037970,2023-08-20T17:00:00+00:00,FT,"Jorge Figueroa Vazquez, Spain",2,547,Girona,546,Getafe,3,0
140,La Liga,2023,1037963,2023-08-20T17:30:00+00:00,FT,"Alejandro Muniz Ruiz, Spain",2,529,Barcelona,724,Cadiz,2,0
140,La Liga,2023,1037968,2023-08-20T19:30:00+00:00,FT,"Ricardo De Burgos Bengoetxea, Spain",2,543,Real Betis,530,Atletico Madrid,0,0
140,La Liga,2023,1037966,2023-08-21T17:00:00+00:00,FT,"Guillermo Cuadra Fernandez, Spain",2,542,Alaves,536,Sevilla,4,3
140,La Liga,2023,1037965,2023-08-21T19:30:00+00:00,FT,"Pablo Gonzales Fuertes, Spain",2,715,Granada CF,728,Rayo Vallecano,0,2
140,La Liga,2023,1037975,2023-08-25T17:30:00+00:00,FT,"Guillermo Cuadra Fernandez, Spain",3,534,Las Palmas,548,Real Sociedad,0,0
140,La Liga,2023,1037973,2023-08-25T19:30:00+00:00,FT,"Isidro Diaz de Mera Escuderos, Spain",3,538,Celta Vigo,541,Real Madrid,0,1
140,La Liga,2023,1037976,2023-08-26T17:00:00+00:00,FT,"Victor Garcia Verdura, Spain",3,724,Cadiz,723,Almeria,1,1
140,La Liga,2023,1037974,2023-08-26T17:30:00+00:00,FT,"Francisco Hernandez Maeso, Spain",3,715,Granada CF,798,Mallorca,3,2
140,La Liga,2023,1037979,2023-08-26T19:30:00+00:00,FT,"Jesus Gil Manzano, Spain",3,536,Sevilla,547,Girona,1,2
140,La Liga,2023,1037978,2023-08-27T15:30:00+00:00,FT,"Alejandro Hernandez, Spain",3,533,Villarreal,529,Barcelona,3,4
140,La Liga,2023,1037980,2023-08-27T17:30:00+00:00,FT,"Juan Luis Pulido Santana, Spain",3,532,Valencia,727,Osasuna,1,2
140,La Liga,2023,1037972,2023-08-27T19:30:00+00:00,FT,"Cesar Soto Grado, Spain",3,531,Athletic Club,543,Real Betis,4,2
140,La Liga,2023,1037981,2023-08-28T17:30:00+00:00,FT,"Juan Martinez Munuera, Spain",3,546,Getafe,542,Alaves,1,0
140,La Liga,2023,1037977,2023-08-28T19:30:00+00:00,FT,"José Luis Munuera Montero, Spain",3,728,Rayo Vallecano,530,Atletico Madrid,0,7
140,La Liga,2023,1037985,2023-09-01T17:30:00+00:00,FT,"Juan Luis Pulido Santana, Spain",4,724,Cadiz,533,Villarreal,3,1
140,La Liga,2023,1037982,2023-09-01T20:00:00+00:00,FT,"Ricardo De Burgos Bengoetxea, Spain",4,723,Almeria,538,Celta Vigo,2,3
140,La Liga,2023,1037991,2023-09-02T12:00:00+00:00,FT,"Javier Iglesias Villanueva, Spain",4,548,Real Sociedad,715,Granada CF,5,3
140,La Liga,2023,1037990,2023-09-02T14:15:00+00:00,FT,"Mario Melero Lopez, Spain",4,541,Real Madrid,546,Getafe,2,1
140,La Liga,2023,1037987,2023-09-02T16:30:00+00:00,FT,"Pablo Gonzales Fuertes, Spain",4,542,Alaves,532,Valencia,1,0
140,La Liga,2023,1037984,2023-09-02T19:00:00+00:00,FT,"Alejandro Muniz Ruiz, Spain",4,543,Real Betis,728,Rayo Vallecano,1,0
140,La Liga,2023,1037986,2023-09-03T12:00:00+00:00,FT,"Mateo Busquets Ferrer, Spain",4,547,Girona,534,Las Palmas,1,0
140,La Liga,2023,1037988,2023-09-03T14:15:00+00:00,FT,"Jorge Figueroa Vazquez, Spain",4,798,Mallorca,531,Athletic Club,0,0
140,La Liga,2023,1037989,2023-09-03T19:00:00+00:00,FT,"Miguel Angel Ortiz Arias, Spain",4,727,Osasuna,529,Barcelona,1,2
140,La Liga,2023,1038001,2023-09-15T19:00:00+00:00,FT,"Victor Garcia Verdura, Spain",5,728,Rayo Vallecano,542,Alaves,2,0
140,La Liga,2023,1037992,2023-09-16T12:00:00+00:00,FT,"Guillermo Cuadra Fernandez, Spain",5,531,Athletic Club,724,Cadiz,3,0
140,La Liga,2023,1037998,2023-09-16T14:15:00+00:00,FT,"Jesus Gil Manzano, Spain",5,532,Valencia,530,Atletico Madrid,3,0
140,La Liga,2023,1037994,2023-09-16T16:30:00+00:00,FT,"José Luis Munuera Montero, Spain",5,538,Celta Vigo,798,Mallorca,0,1
140,La Liga,2023,1037993,2023-09-16T19:00:00+00:00,FT,"Jose Maria Sanchez Martinez, Spain",5,529,Barcelona,543,Real Betis,5,0
140,La Liga,2023,1037995,2023-09-17T12:00:00+00:00,FT,"Alejandro Hernandez, Spain",5,546,Getafe,727,Osasuna,3,2
140,La Liga,2023,1037997,2023-09-17T14:15:00+00:00,FT,"Francisco Hernandez Maeso, Spain",5,533,Villarreal,723,Almeria,2,1
140,La Liga,2023,1038000,2023-09-17T16:30:00+00:00,FT,"Juan Martinez Munuera, Spain",5,536,Sevilla,534,Las Palmas,1,0
140,La Liga,2023,1037996,2023-09-17T19:00:00+00:00,FT,"Cesar Soto Grado, Spain",5,541,Real Madrid,548,Real Sociedad,2,1
140,La Liga,2023,1037999,2023-09-18T19:00:00+00:00,FT,"Isidro Diaz de Mera Escuderos, Spain",5,715,Granada CF,547,Girona,2,4
140,La Liga,2023,1038009,2023-09-22T19:00:00+00:00,FT,"Alejandro Muniz Ruiz, Spain",6,542,Alaves,531,Athletic Club,0,2
140,La Liga,2023,1038006,2023-09-23T12:00:00+00:00,FT,"Pablo Gonzales Fuertes, Spain",6,547,Girona,798,Mallorca,5,3
140,La Liga,2023,1038007,2023-09-23T14:15:00+00:00,FT,"Javier Iglesias Villanueva, Spain",6,727,Osasuna,536,Sevilla,0,0
140,La Liga,2023,1038004,2023-09-23T16:30:00+00:00,FT,"Mario Melero Lopez, Spain",6,529,Barcelona,538,Celta Vigo,3,2
140,La Liga,2023,1038002,2023-09-23T19:00:00+00:00,FT,"Mateo Busquets Ferrer, Spain",6,723,Almeria,532,Valencia,2,2
140,La Liga,2023,1038010,2023-09-24T12:00:00+00:00,FT,"Juan Luis Pulido Santana, Spain",6,548,Real Sociedad,546,Getafe,4,3
140,La Liga,2023,1038008,2023-09-24T14:15:00+00:00,FT,"Jorge Figueroa Vazquez, Spain",6,728,Rayo Vallecano,533,Villarreal,1,1
140,La Liga,2023,1038011,2023-09-24T16:30:00+00:00,FT,"Ricardo De Burgos Bengoetxea, Spain",6,534,Las Palmas,715,Granada CF,1,0
140,La Liga,2023,1038005,2023-09-24T16:30:00+00:00,FT,"Miguel Angel Ortiz Arias, Spain",6,543,Real Betis,724,Cadiz,1,1
140,La Liga,2023,1038003,2023-09-24T19:00:00+00:00,FT,"Javier Alberola Rojas, Spain",6,530,Atletico Madrid,541,Real Madrid,3,1
140,La Liga,2023,1038014,2023-09-26T17:00:00+00:00,FT,"Guillermo Cuadra Fernandez, Spain",7,536,Sevilla,723,Almeria,5,1
140,La Liga,2023,1038016,2023-09-26T19:30:00+00:00,FT,"Alejandro Ruiz Aguilera, Spain",7,798,Mallorca,529,Barcelona,2,2
140,La Liga,2023,1038012,2023-09-27T17:00:00+00:00,FT,"Isidro Diaz de Mera Escuderos, Spain",7,531,Athletic Club,546,Getafe,2,2
140,La Liga,2023,1038018,2023-09-27T17:00:00+00:00,FT,"Jose Maria Sanchez Martinez, Spain",7,533,Villarreal,547,Girona,1,2
140,La Liga,2023,1038020,2023-09-27T17:00:00+00:00,FT,"José Luis Munuera Montero, Spain",7,541,Real Madrid,534,Las Palmas,2,0
140,La Liga,2023,1038019,2023-09-27T19:30:00+00:00,FT,"Alejandro Hernandez, Spain",7,532,Valencia,548,Real Sociedad,0,1
140,La Liga,2023,1038013,2023-09-27T19:30:00+00:00,FT,"Francisco Hernandez Maeso, Spain",7,724,Cadiz,728,Rayo Vallecano,0,0
140,La Liga,2023,1038021,2023-09-28T17:00:00+00:00,FT,"Cesar Soto Grado, Spain",7,538,Celta Vigo,542,Alaves,1,1
140,La Liga,2023,1038017,2023-09-28T17:00:00+00:00,FT,"Victor Garcia Verdura, Spain",7,715,Granada CF,543,Real Betis,1,1
140,La Liga,2023,1038015,2023-09-28T19:30:00+00:00,FT,"Juan Martinez Munuera, Spain",7,727,Osasuna,530,Atletico Madrid,0,2
140,La Liga,2023,1038024,2023-09-29T19:00:00+00:00,FT,"Miguel Angel Ortiz Arias, Spain",8,529,Barcelona,536,Sevilla,1,0
140,La Liga,2023,1038026,2023-09-30T12:00:00+00:00,FT,"Mateo Busquets Ferrer, Spain",8,546,Getafe,533,Villarreal,0,0
140,La Liga,2023,1038031,2023-09-30T14:15:00+00:00,FT,"Mario Melero Lopez, Spain",8,728,Rayo Vallecano,798,Mallorca,2,2
140,La Liga,2023,1038027,2023-09-30T16:30:00+00:00,FT,"Juan Luis Pulido Santana, Spain",8,547,Girona,541,Real Madrid,0,3
140,La Liga,2023,1038029,2023-09-30T19:00:00+00:00,FT,"Jesus Gil Manzano, Spain",8,548,Real Sociedad,531,Athletic Club,3,0
140,La Liga,2023,1038022,2023-10-01T12:00:00+00:00,FT,"Pablo Gonzales Fuertes, Spain",8,723,Almeria,715,Granada CF,3,3
140,La Liga,2023,1038028,2023-10-01T14:15:00+00:00,FT,"Jorge Figueroa Vazquez, Spain",8,542,Alaves,727,Osasuna,0,2
140,La Liga,2023,1038023,2023-10-01T19:00:00+00:00,FT,"Javier Iglesias Villanueva, Spain",8,530,Atletico Madrid,724,Cadiz,3,2
140,La Liga,2023,1038025,2023-10-01T19:00:00+00:00,FT,"Ricardo De Burgos Bengoetxea, Spain",8,543,Real Betis,532,Valencia,3,0
140,La Liga,2023,1038030,2023-10-02T19:00:00+00:00,FT,"Javier Alberola Rojas, Spain",8,534,Las Palmas,538,Celta Vigo,2,1
140,La Liga,2023,1038037,2023-10-06T19:00:00+00:00,FT,"Victor Garcia Verdura, Spain",9,531,Athletic Club,723,Almeria,3,0
140,La Liga,2023,1038033,2023-10-07T12:00:00+00:00,FT,"Juan Martinez Munuera, Spain",9,724,Cadiz,547,Girona,0,1
140,La Liga,2023,1038039,2023-10-07T14:15:00+00:00,FT,"Guillermo Cuadra Fernandez, Spain",9,541,Real Madrid,727,Osasuna,4,0
140,La Liga,2023,1038035,2023-10-07T16:30:00+00:00,FT,"Francisco Hernandez Maeso, Spain",9,798,Mallorca,532,Valencia,1,1
140,La Liga,2023,1038040,2023-10-07T19:00:00+00:00,FT,"Isidro Diaz de Mera Escuderos, Spain",9,536,Sevilla,728,Rayo Vallecano,2,2
140,La Liga,2023,1038041,2023-10-08T12:00:00+00:00,FT,"Alejandro Muniz Ruiz, Spain",9,533,Villarreal,534,Las Palmas,1,2
140,La Liga,2023,1038032,2023-10-08T14:15:00+00:00,FT,"José Luis Munuera Montero, Spain",9,530,Atletico Madrid,548,Real Sociedad,2,1
140,La Liga,2023,1038034,2023-10-08T16:30:00+00:00,FT,"Jose Maria Sanchez Martinez, Spain",9,538,Celta Vigo,546,Getafe,2,2
140,La Liga,2023,1038036,2023-10-08T16:30:00+00:00,FT,"Alejandro Hernandez, Spain",9,542,Alaves,543,Real Betis,1,1
140,La Liga,2023,1038038,2023-10-08T19:00:00+00:00,FT,"Cesar Soto Grado, Spain",9,715,Granada CF,529,Barcelona,2,2
140,La Liga,2023,1038050,2023-10-20T19:00:00+00:00,FT,"Mateo Busquets Ferrer, Spain",10,727,Osasuna,715,Granada CF,2,0
140,La Liga,2023,1038048,2023-10-21T12:00:00+00:00,FT,"Jorge Figueroa Vazquez, Spain",10,548,Real Sociedad,798,Mallorca,1,0
140,La Liga,2023,1038046,2023-10-21T14:15:00+00:00,FT,"Cesar Soto Grado, Spain",10,546,Getafe,543,Real Betis,1,1
140,La Liga,2023,1038049,2023-10-21T16:30:00+00:00,FT,"Ricardo De Burgos Bengoetxea, Spain",10,536,Sevilla,541,Real Madrid,1,1
140,La Liga,2023,1038045,2023-10-21T19:00:00+00:00,FT,"Guillermo Cuadra Fernandez, Spain",10,538,Celta Vigo,530,Atletico Madrid,0,3
140,La Liga,2023,1038042,2023-10-22T12:00:00+00:00,FT,"Javier Iglesias Villanueva, Spain",10,534,Las Palmas,728,Rayo Vallecano,0,1
140,La Liga,2023,1038043,2023-10-22T14:15:00+00:00,FT,"Miguel Angel Ortiz Arias, Spain",10,547,Girona,723,Almeria,5,2
140,La Liga,2023,1038051,2023-10-22T16:30:00+00:00,FT,"Jesus Gil Manzano, Spain",10,533,Villarreal,542,Alaves,1,1
140,La Liga,2023,1038044,2023-10-22T19:00:00+00:00,FT,"Juan Martinez Munuera, Spain",10,529,Barcelona,531,Athletic Club,1,0
140,La Liga,2023,1038047,2023-10-23T19:00:00+00:00,FT,"Pablo Gonzales Fuertes, Spain",10,532,Valencia,724,Cadiz,2,0
140,La Liga,2023,1038059,2023-10-27T19:00:00+00:00,FT,"Isidro Diaz de Mera Escuderos, Spain",11,547,Girona,538,Celta Vigo,1,0
140,La Liga,2023,1038052,2023-10-28T12:00:00+00:00,FT,"Francisco Hernandez Maeso, Spain",11,723,Almeria,534,Las Palmas,1,2
140,La Liga,2023,1038054,2023-10-28T14:15:00+00:00,FT,"Jesus Gil Manzano, Spain",11,529,Barcelona,541,Real Madrid,1,2
140,La Liga,2023,1038060,2023-10-28T16:30:00+00:00,FT,"Pablo Gonzales Fuertes, Spain",11,798,Mallorca,546,Getafe,0,0
140,La Liga,2023,1038056,2023-10-28T19:00:00+00:00,FT,"Cesar Soto Grado, Spain",11,724,Cadiz,536,Sevilla,2,2
140,La Liga,2023,1038055,2023-10-29T13:00:00+00:00,FT,"Jose Maria Sanchez Martinez, Spain",11,543,Real Betis,727,Osasuna,2,1
140,La Liga,2023,1038057,2023-10-29T15:15:00+00:00,FT,"Mateo Busquets Ferrer, Spain",11,728,Rayo Vallecano,548,Real Sociedad,2,2
140,La Liga,2023,1038053,2023-10-29T17:30:00+00:00,FT,"Jorge Figueroa Vazquez, Spain",11,531,Athletic Club,532,Valencia,2,2
140,La Liga,2023,1038061,2023-10-29T20:00:00+00:00,FT,"Alejandro Muniz Ruiz, Spain",11,530,Atletico Madrid,542,Alaves,2,1
140,La Liga,2023,1038058,2023-10-30T20:00:00+00:00,FT,"Javier Iglesias Villanueva, Spain",11,715,Granada CF,533,Villarreal,2,3
140,La Liga,2023,1038066,2023-11-03T20:00:00+00:00,FT,"Mario Melero Lopez, Spain",12,534,Las Palmas,530,Atletico Madrid,2,1
140,La Liga,2023,1038069,2023-11-04T13:00:00+00:00,FT,"José Luis Munuera Montero, Spain",12,727,Osasuna,547,Girona,2,4
140,La Liga,2023,1038062,2023-11-04T15:15:00+00:00,FT,"Miguel Angel Ortiz Arias, Spain",12,543,Real Betis,798,Mallorca,2,0
140,La Liga,2023,1038063,2023-11-04T17:30:00+00:00,FT,"Alejandro Hernandez, Spain",12,538,Celta Vigo,536,Sevilla,1,1
140,La Liga,2023,1038067,2023-11-04T20:00:00+00:00,FT,"Javier Alberola Rojas, Spain",12,548,Real Sociedad,529,Barcelona,0,1
140,La Liga,2023,1038064,2023-11-05T13:00:00+00:00,FT,"Juan Luis Pulido Santana, Spain",12,542,Alaves,723,Almeria,1,0
140,La Liga,2023,1038071,2023-11-05T15:15:00+00:00,FT,"Victor Garcia Verdura, Spain",12,532,Valencia,715,Granada CF,1,0
140,La Liga,2023,1038065,2023-11-05T17:30:00+00:00,FT,"Guillermo Cuadra Fernandez, Spain",12,533,Villarreal,531,Athletic Club,2,3
140,La Liga,2023,1038070,2023-11-05T20:00:00+00:00,FT,"Juan Martinez Munuera, Spain",12,541,Real Madrid,728,Rayo Vallecano,0,0
140,La Liga,2023,1038068,2023-11-06T20:00:00+00:00,FT,"Ricardo De Burgos Bengoetxea, Spain",12,546,Getafe,724,Cadiz,1,0
140,La Liga,2023,1038073,2023-11-10T20:00:00+00:00,FT,"Juan Luis Pulido Santana, Spain",13,531,Athletic Club,538,Celta Vigo,4,3
140,La Liga,2023,1038079,2023-11-11T13:00:00+00:00,FT,"Pablo Gonzales Fuertes, Spain",13,728,Rayo Vallecano,547,Girona,1,2
140,La Liga,2023,1038072,2023-11-11T15:15:00+00:00,FT,"Isidro Diaz de Mera Escuderos, Spain",13,723,Almeria,548,Real Sociedad,1,3
140,La Liga,2023,1038078,2023-11-11T17:30:00+00:00,FT,"Alejandro Muniz Ruiz, Spain",13,715,Granada CF,546,Getafe,1,1
140,La Liga,2023,1038080,2023-11-11T17:30:00+00:00,FT,"Jorge Figueroa Vazquez, Spain",13,727,Osasuna,534,Las Palmas,1,1
140,La Liga,2023,1038075,2023-11-11T20:00:00+00:00,FT,"Jose Maria Sanchez Martinez, Spain",13,541,Real Madrid,532,Valencia,5,1
140,La Liga,2023,1038081,2023-11-12T15:15:00+00:00,FT,"Mateo Busquets Ferrer, Spain",13,529,Barcelona,542,Alaves,2,1
140,La Liga,2023,1038076,2023-11-12T17:30:00+00:00,FT,"Jesus Gil Manzano, Spain",13,536,Sevilla,543,Real Betis,1,1
140,La Liga,2023,1038074,2023-11-12T20:00:00+00:00,FT,"Francisco Hernandez Maeso, Spain",13,530,Atletico Madrid,533,Villarreal,3,1
140,La Liga,2023,1038086,2023-11-24T20:00:00+00:00,FT,"Javier Alberola Rojas, Spain",14,542,Alaves,715,Granada CF,3,1
140,La Liga,2023,1038089,2023-11-25T13:00:00+00:00,FT,"José Luis Munuera Montero, Spain",14,728,Rayo Vallecano,529,Barcelona,1,1
140,La Liga,2023,1038090,2023-11-25T15:15:00+00:00,FT,"Cesar Soto Grado, Spain",14,532,Valencia,538,Celta Vigo,0,0
140,La Liga,2023,1038087,2023-11-25T17:30:00+00:00,FT,"Alejandro Hernandez, Spain",14,546,Getafe,723,Almeria,2,1
140,La Liga,2023,1038082,2023-11-25T20:00:00+00:00,FT,"Juan Martinez Munuera, Spain",14,530,Atletico Madrid,798,Mallorca,1,0
140,La Liga,2023,1038091,2023-11-26T13:00:00+00:00,FT,"Ricardo De Burgos Bengoetxea, Spain",14,533,Villarreal,727,Osasuna,3,1
140,La Liga,2023,1038085,2023-11-26T15:15:00+00:00,FT,"Miguel Angel Ortiz Arias, Spain",14,548,Real Sociedad,536,Sevilla,2,1
140,La Liga,2023,1038084,2023-11-26T17:30:00+00:00,FT,"Guillermo Cuadra Fernandez, Spain",14,724,Cadiz,541,Real Madrid,0,3
140,La Liga,2023,1038083,2023-11-26T20:00:00+00:00,FT,"Victor Garcia Verdura, Spain",14,543,Real Betis,534,Las Palmas,1,0
140,La Liga,2023,1038088,2023-11-27T20:00:00+00:00,FT,"Mario Melero Lopez, Spain",14,547,Girona,531,Athletic Club,1,1
140,La Liga,2023,1038077,2023-11-29T20:00:00+00:00,FT,"Javier Iglesias Villanueva, Spain",13,798,Mallorca,724,Cadiz,1,1
140,La Liga,2023,1038099,2023-12-01T20:00:00+00:00,FT,"Mateo Busquets Ferrer, Spain",15,534,Las Palmas,546,Getafe,2,0
140,La Liga,2023,1038094,2023-12-02T13:00:00+00:00,FT,"Ignacio Iglesias Villanueva, Spain",15,547,Girona,532,Valencia,2,1
140,La Liga,2023,1038093,2023-12-02T15:15:00+00:00,FT,"Alejandro Hernandez, Spain",15,531,Athletic Club,728,Rayo Vallecano,4,0
140,La Liga,2023,1038100,2023-12-02T17:30:00+00:00,FT,"Pablo Gonzales Fuertes, Spain",15,541,Real Madrid,715,Granada CF,2,0
140,La Liga,2023,1038095,2023-12-02T20:00:00+00:00,FT,"Juan Luis Pulido Santana, Spain",15,727,Osasuna,548,Real Sociedad,1,1
140,La Liga,2023,1038101,2023-12-03T13:00:00+00:00,FT,"Jorge Figueroa Vazquez, Spain",15,798,Mallorca,542,Alaves,0,0
140,La Liga,2023,1038092,2023-12-03T15:15:00+00:00,FT,"Alejandro Muniz Ruiz, Spain",15,723,Almeria,543,Real Betis,0,0
140,La Liga,2023,1038096,2023-12-03T17:30:00+00:00,FT,"Isidro Diaz de Mera Escuderos, Spain",15,536,Sevilla,533,Villarreal,1,1
140,La Liga,2023,1038097,2023-12-03T20:00:00+00:00,FT,"Jose Maria Sanchez Martinez, Spain",15,529,Barcelona,530,Atletico Madrid,1,0
140,La Liga,2023,1038098,2023-12-04T20:00:00+00:00,FT,"Jesus Gil Manzano, Spain",15,538,Celta Vigo,724,Cadiz,1,1
140,La Liga,2023,1038105,2023-12-08T20:00:00+00:00,FT,"Guillermo Cuadra Fernandez, Spain",16,546,Getafe,532,Valencia,1,0
140,La Liga,2023,1038107,2023-12-09T13:00:00+00:00,FT,"José Luis Munuera Montero, Spain",16,542,Alaves,534,Las Palmas,0,1
140,La Liga,2023,1038103,2023-12-09T15:15:00+00:00,FT,"Cesar Soto Grado, Spain",16,543,Real Betis,541,Real Madrid,1,1
140,La Liga,2023,1038111,2023-12-09T17:30:00+00:00,FT,"Mario Melero Lopez, Spain",16,533,Villarreal,548,Real Sociedad,0,3
140,La Liga,2023,1038106,2023-12-09T20:00:00+00:00,FT,"Javier Alberola Rojas, Spain",16,798,Mallorca,536,Sevilla,1,0
140,La Liga,2023,1038108,2023-12-10T13:00:00+00:00,FT,"Ricardo De Burgos Bengoetxea, Spain",16,530,Atletico Madrid,723,Almeria,2,1
140,La Liga,2023,1038104,2023-12-10T17:30:00+00:00,FT,"Juan Martinez Munuera, Spain",16,724,Cadiz,727,Osasuna,1,1
140,La Liga,2023,1038102,2023-12-10T20:00:00+00:00,FT,"Isidro Diaz de Mera Escuderos, Spain",16,529,Barcelona,547,Girona,2,4
140,La Liga,2023,1038109,2023-12-11T15:15:00+00:00,FT,"Miguel Angel Ortiz Arias, Spain",16,715,Granada CF,531,Athletic Club,1,1
140,La Liga,2023,1038110,2023-12-11T20:00:00+00:00,FT,"Victor Garcia Verdura, Spain",16,728,Rayo Vallecano,538,Celta Vigo,0,0
140,La Liga,2023,1038115,2023-12-15T20:00:00+00:00,FT,"Javier Iglesias Villanueva, Spain",17,727,Osasuna,728,Rayo Vallecano,1,0
140,La Liga,2023,1038114,2023-12-16T13:00:00+00:00,FT,"Jose Maria Sanchez Martinez, Spain",17,538,Celta Vigo,715,Granada CF,1,0
140,La Liga,2023,1038113,2023-12-16T15:15:00+00:00,FT,"Jesus Gil Manzano, Spain",17,531,Athletic Club,530,Atletico Madrid,2,0
140,La Liga,2023,1038120,2023-12-16T17:30:00+00:00,FT,"Juan Luis Pulido Santana, Spain",17,536,Sevilla,546,Getafe,0,3
140,La Liga,2023,1038117,2023-12-16T20:00:00+00:00,FT,"Miguel Angel Ortiz Arias, Spain",17,532,Valencia,529,Barcelona,1,1
140,La Liga,2023,1038112,2023-12-17T13:00:00+00:00,FT,"Pablo Gonzales Fuertes, Spain",17,723,Almeria,798,Mallorca,0,0
140,La Liga,2023,1038118,2023-12-17T15:15:00+00:00,FT,"Mateo Busquets Ferrer, Spain",17,548,Real Sociedad,543,Real Betis,0,0
140,La Liga,2023,1038119,2023-12-17T17:30:00+00:00,FT,"Alejandro Muniz Ruiz, Spain",17,534,Las Palmas,724,Cadiz,1,1
140,La Liga,2023,1038116,2023-12-17T20:00:00+00:00,FT,"Jorge Figueroa Vazquez, Spain",17,541,Real Madrid,533,Villarreal,4,1
140,La Liga,2023,1038121,2023-12-18T20:00:00+00:00,FT,"Francisco Hernandez Maeso, Spain",17,547,Girona,542,Alaves,3,0
140,La Liga,2023,1038127,2023-12-19T18:00:00+00:00,FT,"Javier Alberola Rojas, Spain",18,728,Rayo Vallecano,532,Valencia,0,1
140,La Liga,2023,1038123,2023-12-19T20:30:00+00:00,FT,"José Luis Munuera Montero, Spain",18,530,Atletico Madrid,546,Getafe,3,3
140,La Liga,2023,1038128,2023-12-19T20:30:00+00:00,FT,"Mateo Busquets Ferrer, Spain",18,715,Granada CF,536,Sevilla,0,3
140,La Liga,2023,1038130,2023-12-20T18:00:00+00:00,FT,"Guillermo Cuadra Fernandez, Spain",18,529,Barcelona,723,Almeria,3,2
140,La Liga,2023,1038122,2023-12-20T20:30:00+00:00,FT,"Juan Martinez Munuera, Spain",18,531,Athletic Club,534,Las Palmas,1,0
140,La Liga,2023,1038131,2023-12-20T20:30:00+00:00,FT,"Cesar Soto Grado, Spain",18,533,Villarreal,538,Celta Vigo,3,2
140,La Liga,2023,1038124,2023-12-21T18:00:00+00:00,FT,"Ricardo De Burgos Bengoetxea, Spain",18,543,Real Betis,547,Girona,1,1
140,La Liga,2023,1038125,2023-12-21T18:00:00+00:00,FT,"Javier Iglesias Villanueva, Spain",18,724,Cadiz,548,Real Sociedad,0,0
140,La Liga,2023,1038129,2023-12-21T20:30:00+00:00,FT,"Isidro Diaz de Mera Escuderos, Spain",18,542,Alaves,541,Real Madrid,0,1
140,La Liga,2023,1038126,2023-12-21T20:30:00+00:00,FT,"Mario Melero Lopez, Spain",18,798,Mallorca,727,Osasuna,3,2
140,La Liga,2023,1037983,2023-12-23T15:15:00+00:00,FT,"Cesar Soto Grado, Spain",4,530,Atletico Madrid,536,Sevilla,1,0
140,La Liga,2023,1038132,2024-01-02T16:00:00+00:00,FT,"Jorge Figueroa Vazquez, Spain",19,546,Getafe,728,Rayo Vallecano,0,2
140,La Liga,2023,1038141,2024-01-02T18:15:00+00:00,FT,"Victor Garcia Verdura, Spain",19,548,Real Sociedad,542,Alaves,1,1
140,La Liga,2023,1038133,2024-01-02T20:30:00+00:00,FT,"Jesus Gil Manzano, Spain",19,532,Valencia,533,Villarreal,3,1
140,La Liga,2023,1038139,2024-01-03T16:00:00+00:00,FT,"Juan Luis Pulido Santana, Spain",19,715,Granada CF,724,Cadiz,2,0
140,La Liga,2023,1038138,2024-01-03T18:15:00+00:00,FT,"Miguel Angel Ortiz Arias, Spain",19,538,Celta Vigo,543,Real Betis,2,1
140,La Liga,2023,1038140,2024-01-03T18:15:00+00:00,FT,"Alejandro Muniz Ruiz, Spain",19,541,Real Madrid,798,Mallorca,1,0
140,La Liga,2023,1038136,2024-01-03T20:30:00+00:00,FT,"Alejandro Hernandez, Spain",19,547,Girona,530,Atletico Madrid,4,3
140,La Liga,2023,1038134,2024-01-04T16:00:00+00:00,FT,"Cesar Soto Grado, Spain",19,727,Osasuna,723,Almeria,1,0
140,La Liga,2023,1038135,2024-01-04T18:15:00+00:00,FT,"Jose Maria Sanchez Martinez, Spain",19,536,Sevilla,531,Athletic Club,0,2
140,La Liga,2023,1038137,2024-01-04T20:30:00+00:00,FT,"Pablo González Fuertes, Spain",19,534,Las Palmas,529,Barcelona,1,2
140,La Liga,2023,1038151,2024-01-12T20:00:00+00:00,FT,"Alejandro Hernandez, Spain",20,536,Sevilla,542,Alaves,2,3
140,La Liga,2023,1038149,2024-01-13T13:00:00+00:00,FT,"Javier Iglesias Villanueva, Spain",20,534,Las Palmas,533,Villarreal,3,0
140,La Liga,2023,1038150,2024-01-13T15:15:00+00:00,FT,"Victor Garcia Verdura, Spain",20,798,Mallorca,538,Celta Vigo,1,1
140,La Liga,2023,1038143,2024-01-13T17:30:00+00:00,FT,"José Luis Munuera Montero, Spain",20,531,Athletic Club,548,Real Sociedad,2,1
140,La Liga,2023,1038146,2024-01-13T20:00:00+00:00,FT,"Guillermo Cuadra Fernandez, Spain",20,543,Real Betis,715,Granada CF,1,0
140,La Liga,2023,1038142,2024-01-14T13:00:00+00:00,FT,"Mateo Busquets Ferrer, Spain",20,723,Almeria,547,Girona,0,0
140,La Liga,2023,1038147,2024-01-14T15:15:00+00:00,FT,"Isidro Diaz de Mera Escuderos, Spain",20,724,Cadiz,532,Valencia,1,4
140,La Liga,2023,1038154,2024-01-19T20:00:00+00:00,FT,"Alejandro Muniz Ruiz, Spain",21,542,Alaves,724,Cadiz,1,0
140,La Liga,2023,1038161,2024-01-20T13:00:00+00:00,FT,"Mario Melero Lopez, Spain",21,728,Rayo Vallecano,534,Las Palmas,0,2
140,La Liga,2023,1038160,2024-01-20T15:15:00+00:00,FT,"Miguel Angel Ortiz Arias, Spain",21,533,Villarreal,798,Mallorca,1,1
140,La Liga,2023,1038156,2024-01-20T17:30:00+00:00,FT,"Juan Luis Pulido Santana, Spain",21,532,Valencia,531,Athletic Club,1,0
140,La Liga,2023,1038152,2024-01-20T20:00:00+00:00,FT,"Jorge Figueroa Vazquez, Spain",21,538,Celta Vigo,548,Real Sociedad,0,1
140,La Liga,2023,1038159,2024-01-21T13:00:00+00:00,FT,"Jose Maria Sanchez Martinez, Spain",21,727,Osasuna,546,Getafe,3,2
140,La Liga,2023,1038155,2024-01-21T15:15:00+00:00,FT,"Francisco Hernandez Maeso, Spain",21,541,Real Madrid,723,Almeria,3,2
140,La Liga,2023,1038158,2024-01-21T17:30:00+00:00,FT,"Jesus Gil Manzano, Spain",21,543,Real Betis,529,Barcelona,2,4
140,La Liga,2023,1038153,2024-01-21T20:00:00+00:00,FT,"Pablo González Fuertes, Spain",21,547,Girona,536,Sevilla,5,1
140,La Liga,2023,1038157,2024-01-22T20:00:00+00:00,FT,"Juan Martinez Munuera, Spain",21,715,Granada CF,530,Atletico Madrid,0,1
140,La Liga,2023,1038171,2024-01-26T20:00:00+00:00,FT,"Miguel Angel Ortiz Arias, Spain",22,723,Almeria,542,Alaves,0,3
140,La Liga,2023,1038170,2024-01-27T13:00:00+00:00,FT,"Alejandro Hernandez, Spain",22,548,Real Sociedad,728,Rayo Vallecano,0,0
140,La Liga,2023,1038166,2024-01-27T15:15:00+00:00,FT,"Cesar Soto Grado, Spain",22,534,Las Palmas,541,Real Madrid,1,2
140,La Liga,2023,1038163,2024-01-27T17:30:00+00:00,FT,"José Luis Munuera Montero, Spain",22,529,Barcelona,533,Villarreal,3,5
140,La Liga,2023,1038168,2024-01-27T20:00:00+00:00,FT,"Javier Iglesias Villanueva, Spain",22,798,Mallorca,543,Real Betis,0,1
140,La Liga,2023,1038164,2024-01-28T13:00:00+00:00,FT,"Mario Melero Lopez, Spain",22,538,Celta Vigo,547,Girona,0,1
140,La Liga,2023,1038167,2024-01-28T15:15:00+00:00,FT,"Mateo Busquets Ferrer, Spain",22,724,Cadiz,531,Athletic Club,0,0
140,La Liga,2023,1038169,2024-01-28T17:30:00+00:00,FT,"Guillermo Cuadra Fernandez, Spain",22,536,Sevilla,727,Osasuna,1,1
140,La Liga,2023,1038162,2024-01-28T20:00:00+00:00,FT,"Ricardo De Burgos Bengoetxea, Spain",22,530,Atletico Madrid,532,Valencia,2,0
140,La Liga,2023,1038165,2024-01-29T20:00:00+00:00,FT,"Victor Garcia Verdura, Spain",22,546,Getafe,715,Granada CF,2,0
140,La Liga,2023,1038145,2024-01-31T18:00:00+00:00,FT,"Jorge Figueroa Vazquez, Spain",20,529,Barcelona,727,Osasuna,1,0
140,La Liga,2023,1038144,2024-01-31T20:00:00+00:00,FT,"Cesar Soto Grado, Spain",20,530,Atletico Madrid,728,Rayo Vallecano,2,1
140,La Liga,2023,1038148,2024-02-01T20:00:00+00:00,FT,"Ricardo De Burgos Bengoetxea, Spain",20,546,Getafe,541,Real Madrid,0,2
140,La Liga,2023,1038172,2024-02-02T20:00:00+00:00,FT,"Jorge Figueroa Vazquez, Spain",23,531,Athletic Club,798,Mallorca,4,0
140,La Liga,2023,1038178,2024-02-03T13:00:00+00:00,FT,"Alejandro Muniz Ruiz, Spain",23,532,Valencia,723,Almeria,2,1
140,La Liga,2023,1038176,2024-02-03T15:15:00+00:00,FT,"Mateo Busquets Ferrer, Spain",23,715,Granada CF,534,Las Palmas,1,1
140,La Liga,2023,1038177,2024-02-03T17:30:00+00:00,FT,"Juan Martinez Munuera, Spain",23,542,Alaves,529,Barcelona,1,3
140,La Liga,2023,1038174,2024-02-03T20:00:00+00:00,FT,"Jesus Gil Manzano, Spain",23,547,Girona,548,Real Sociedad,0,0
140,La Liga,2023,1038180,2024-02-04T13:00:00+00:00,FT,"Pablo González Fuertes, Spain",23,533,Villarreal,724,Cadiz,0,0
140,La Liga,2023,1038181,2024-02-04T15:15:00+00:00,FT,"Javier Alberola Rojas, Spain",23,727,Osasuna,538,Celta Vigo,0,3
140,La Liga,2023,1038173,2024-02-04T17:30:00+00:00,FT,"Juan Luis Pulido Santana, Spain",23,543,Real Betis,546,Getafe,1,1
140,La Liga,2023,1038179,2024-02-04T20:00:00+00:00,FT,"Jose Maria Sanchez Martinez, Spain",23,541,Real Madrid,530,Atletico Madrid,1,1
140,La Liga,2023,1038175,2024-02-05T20:00:00+00:00,FT,"Francisco Hernandez Maeso, Spain",23,728,Rayo Vallecano,536,Sevilla,1,2
140,La Liga,2023,1038188,2024-02-09T20:00:00+00:00,FT,"Ricardo De Burgos Bengoetxea, Spain",24,724,Cadiz,543,Real Betis,0,2
140,La Liga,2023,1038186,2024-02-10T13:00:00+00:00,FT,"Mario Melero Lopez, Spain",24,542,Alaves,533,Villarreal,1,1
140,La Liga,2023,1038191,2024-02-10T15:15:00+00:00,FT,"Isidro Diaz de Mera Escuderos, Spain",24,548,Real Sociedad,727,Osasuna,0,1
140,La Liga,2023,1038190,2024-02-10T17:30:00+00:00,FT,"Juan Martinez Munuera, Spain",24,541,Real Madrid,547,Girona,4,0
140,La Liga,2023,1038185,2024-02-10T20:00:00+00:00,FT,"Guillermo Cuadra Fernandez, Spain",24,534,Las Palmas,532,Valencia,2,0
140,La Liga,2023,1038189,2024-02-11T13:00:00+00:00,FT,"Alejandro Hernandez, Spain",24,546,Getafe,538,Celta Vigo,3,2
140,La Liga,2023,1038184,2024-02-11T15:15:00+00:00,FT,"José Luis Munuera Montero, Spain",24,798,Mallorca,728,Rayo Vallecano,2,1
140,La Liga,2023,1038187,2024-02-11T17:30:00+00:00,FT,"Javier Iglesias Villanueva, Spain",24,536,Sevilla,530,Atletico Madrid,1,0
140,La Liga,2023,1038183,2024-02-11T20:00:00+00:00,FT,"Miguel Angel Ortiz Arias, Spain",24,529,Barcelona,715,Granada CF,3,3
140,La Liga,2023,1038182,2024-02-12T20:00:00+00:00,FT,"Victor Garcia Verdura, Spain",24,723,Almeria,531,Athletic Club,0,0
140,La Liga,2023,1038199,2024-02-16T20:00:00+00:00,FT,"Javier Alberola Rojas, Spain",25,533,Villarreal,546,Getafe,1,1
140,La Liga,2023,1038193,2024-02-17T13:00:00+00:00,FT,"Jorge Figueroa Vazquez, Spain",25,530,Atletico Madrid,534,Las Palmas,5,0
140,La Liga,2023,1038198,2024-02-17T15:15:00+00:00,FT,"Francisco Hernandez Maeso, Spain",25,727,Osasuna,724,Cadiz,2,0
140,La Liga,2023,1038197,2024-02-17T17:30:00+00:00,FT,"Juan Luis Pulido Santana, Spain",25,538,Celta Vigo,529,Barcelona,1,2
140,La Liga,2023,1038200,2024-02-17T20:00:00+00:00,FT,"Cesar Soto Grado, Spain",25,532,Valencia,536,Sevilla,0,0
140,La Liga,2023,1038195,2024-02-18T13:00:00+00:00,FT,"Alejandro Muniz Ruiz, Spain",25,728,Rayo Vallecano,541,Real Madrid,1,1
140,La Liga,2023,1038196,2024-02-18T15:15:00+00:00,FT,"Jesus Gil Manzano, Spain",25,715,Granada CF,723,Almeria,1,1
140,La Liga,2023,1038194,2024-02-18T17:30:00+00:00,FT,"Pablo González Fuertes, Spain",25,798,Mallorca,548,Real Sociedad,1,2
140,La Liga,2023,1038201,2024-02-18T20:00:00+00:00,FT,"Mateo Busquets Ferrer, Spain",25,543,Real Betis,542,Alaves,0,0
140,La Liga,2023,1038192,2024-02-19T20:00:00+00:00,FT,"Jose Maria Sanchez Martinez, Spain",25,531,Athletic Club,547,Girona,3,2
140,La Liga,2023,1038207,2024-02-23T20:00:00+00:00,FT,"Javier Iglesias Villanueva, Spain",26,548,Real Sociedad,533,Villarreal,1,3
140,La Liga,2023,1038203,2024-02-24T15:15:00+00:00,FT,"Alejandro Muniz Ruiz, Spain",26,529,Barcelona,546,Getafe,4,0
140,La Liga,2023,1038210,2024-02-24T17:30:00+00:00,FT,"Victor Garcia Verdura, Spain",26,542,Alaves,798,Mallorca,1,1
140,La Liga,2023,1038202,2024-02-24T20:00:00+00:00,FT,"Javier Alberola Rojas, Spain",26,723,Almeria,530,Atletico Madrid,2,2
140,La Liga,2023,1038204,2024-02-25T13:00:00+00:00,FT,"Miguel Angel Ortiz Arias, Spain",26,724,Cadiz,538,Celta Vigo,2,2
140,La Liga,2023,1038211,2024-02-25T15:15:00+00:00,FT,"Guillermo Cuadra Fernandez, Spain",26,543,Real Betis,531,Athletic Club,3,1
140,La Liga,2023,1038209,2024-02-25T17:30:00+00:00,FT,"José Luis Munuera Montero, Spain",26,534,Las Palmas,727,Osasuna,1,1
140,La Liga,2023,1038206,2024-02-25T20:00:00+00:00,FT,"Isidro Diaz de Mera Escuderos, Spain",26,541,Real Madrid,536,Sevilla,1,0
140,La Liga,2023,1038205,2024-02-26T20:00:00+00:00,FT,"Ricardo De Burgos Bengoetxea, Spain",26,547,Girona,728,Rayo Vallecano,3,0
140,La Liga,2023,1038215,2024-03-01T20:00:00+00:00,FT,"Jose Maria Sanchez Martinez, Spain",27,538,Celta Vigo,723,Almeria,1,0
140,La Liga,2023,1038219,2024-03-02T13:00:00+00:00,FT,"Mateo Busquets Ferrer, Spain",27,536,Sevilla,548,Real Sociedad,3,2
140,La Liga,2023,1038216,2024-03-02T15:15:00+00:00,FT,"Javier Alberola Rojas, Spain",27,728,Rayo Vallecano,724,Cadiz,1,1
140,La Liga,2023,1038214,2024-03-02T17:30:00+00:00,FT,"Pablo González Fuertes, Spain",27,546,Getafe,534,Las Palmas,3,3
140,La Liga,2023,1038218,2024-03-02T20:00:00+00:00,FT,"Jesus Gil Manzano, Spain",27,532,Valencia,541,Real Madrid,2,2
140,La Liga,2023,1038220,2024-03-03T13:00:00+00:00,FT,"Juan Luis Pulido Santana, Spain",27,533,Villarreal,715,Granada CF,5,1
140,La Liga,2023,1038213,2024-03-03T15:15:00+00:00,FT,"Cesar Soto Grado, Spain",27,530,Atletico Madrid,543,Real Betis,2,1
140,La Liga,2023,1038217,2024-03-03T17:30:00+00:00,FT,"Francisco Hernandez Maeso, Spain",27,798,Mallorca,547,Girona,1,0
140,La Liga,2023,1038212,2024-03-03T20:00:00+00:00,FT,"Alejandro Hernandez, Spain",27,531,Athletic Club,529,Barcelona,0,0
140,La Liga,2023,1038221,2024-03-04T20:00:00+00:00,FT,"Jorge Figueroa Vazquez, Spain",27,727,Osasuna,542,Alaves,1,0
140,La Liga,2023,1038223,2024-03-08T20:00:00+00:00,FT,"Javier Iglesias Villanueva, Spain",28,529,Barcelona,798,Mallorca,1,0
140,La Liga,2023,1038231,2024-03-09T13:00:00+00:00,FT,"Juan Luis Pulido Santana, Spain",28,532,Valencia,546,Getafe,1,0
140,La Liga,2023,1038229,2024-03-09T15:15:00+00:00,FT,"Pablo González Fuertes, Spain",28,724,Cadiz,530,Atletico Madrid,2,0
140,La Liga,2023,1038226,2024-03-09T17:30:00+00:00,FT,"Juan Martinez Munuera, Spain",28,715,Granada CF,548,Real Sociedad,2,3
140,La Liga,2023,1038225,2024-03-09T20:00:00+00:00,FT,"Mateo Busquets Ferrer, Spain",28,547,Girona,727,Osasuna,2,0
140,La Liga,2023,1038227,2024-03-10T13:00:00+00:00,FT,"José Luis Munuera Montero, Spain",28,542,Alaves,728,Rayo Vallecano,1,0
140,La Liga,2023,1038228,2024-03-10T15:15:00+00:00,FT,"Miguel Angel Ortiz Arias, Spain",28,534,Las Palmas,531,Athletic Club,0,2
140,La Liga,2023,1038230,2024-03-10T17:30:00+00:00,FT,"Mario Melero Lopez, Spain",28,541,Real Madrid,538,Celta Vigo,4,0
140,La Liga,2023,1038224,2024-03-10T20:00:00+00:00,FT,"Alejandro Hernandez, Spain",28,543,Real Betis,533,Villarreal,2,3
140,La Liga,2023,1038222,2024-03-11T20:00:00+00:00,FT,"Ricardo De Burgos Bengoetxea, Spain",28,723,Almeria,536,Sevilla,2,2
140,La Liga,2023,1038237,2024-03-15T20:00:00+00:00,FT,"Cesar Soto Grado, Spain",29,548,Real Sociedad,724,Cadiz,2,0
140,La Liga,2023,1038240,2024-03-16T13:00:00+00:00,FT,"Ricardo De Burgos Bengoetxea, Spain",29,798,Mallorca,715,Granada CF,1,0
140,La Liga,2023,1038234,2024-03-16T15:15:00+00:00,FT,"Juan Martinez Munuera, Spain",29,727,Osasuna,541,Real Madrid,2,4
140,La Liga,2023,1038233,2024-03-16T17:30:00+00:00,FT,"José Luis Munuera Montero, Spain",29,546,Getafe,547,Girona,1,0
140,La Liga,2023,1038241,2024-03-16T20:00:00+00:00,FT,"Alejandro Muniz Ruiz, Spain",29,531,Athletic Club,542,Alaves,2,0
140,La Liga,2023,1038238,2024-03-17T13:00:00+00:00,FT,"Francisco Hernandez Maeso, Spain",29,536,Sevilla,538,Celta Vigo,1,2
140,La Liga,2023,1038239,2024-03-17T15:15:00+00:00,FT,"Jorge Figueroa Vazquez, Spain",29,533,Villarreal,532,Valencia,1,0
140,La Liga,2023,1038235,2024-03-17T15:15:00+00:00,FT,"Victor Garcia Verdura, Spain",29,534,Las Palmas,723,Almeria,0,1
140,La Liga,2023,1038236,2024-03-17T17:30:00+00:00,FT,"Juan Luis Pulido Santana, Spain",29,728,Rayo Vallecano,543,Real Betis,2,0
140,La Liga,2023,1038232,2024-03-17T20:00:00+00:00,FT,"Jose Maria Sanchez Martinez, Spain",29,530,Atletico Madrid,529,Barcelona,0,3
140,La Liga,2023,1038244,2024-03-29T20:00:00+00:00,FT,"Guillermo Cuadra Fernandez, Spain",30,724,Cadiz,715,Granada CF,1,0
140,La Liga,2023,1038246,2024-03-30T13:00:00+00:00,FT,"Javier Iglesias Villanueva, Spain",30,546,Getafe,536,Sevilla,0,1
140,La Liga,2023,1038242,2024-03-30T15:15:00+00:00,FT,"Pablo González Fuertes, Spain",30,723,Almeria,727,Osasuna,0,3
140,La Liga,2023,1038251,2024-03-30T17:30:00+00:00,FT,"Miguel Angel Ortiz Arias, Spain",30,532,Valencia,798,Mallorca,0,0
140,La Liga,2023,1038243,2024-03-30T20:00:00+00:00,FT,"Mateo Busquets Ferrer, Spain",30,529,Barcelona,534,Las Palmas,1,0
140,La Liga,2023,1038245,2024-03-31T12:00:00+00:00,FT,"Alejandro Hernandez, Spain",30,538,Celta Vigo,728,Rayo Vallecano,0,0
140,La Liga,2023,1038250,2024-03-31T14:15:00+00:00,FT,"Jesus Gil Manzano, Spain",30,547,Girona,543,Real Betis,3,2
140,La Liga,2023,1038247,2024-03-31T16:30:00+00:00,FT,"Francisco Hernandez Maeso, Spain",30,542,Alaves,548,Real Sociedad,0,1
140,La Liga,2023,1038248,2024-03-31T19:00:00+00:00,FT,"Javier Alberola Rojas, Spain",30,541,Real Madrid,531,Athletic Club,2,0
140,La Liga,2023,1038249,2024-04-01T19:00:00+00:00,FT,"Mario Melero Lopez, Spain",30,533,Villarreal,530,Atletico Madrid,1,2
140,La Liga,2023,1038208,2024-04-04T18:00:00+00:00,FT,"Alejandro Hernandez, Spain",26,715,Granada CF,532,Valencia,0,1
140,La Liga,2023,1038254,2024-04-12T19:00:00+00:00,FT,"Juan Martinez Munuera, Spain",31,543,Real Betis,538,Celta Vigo,2,1
140,La Liga,2023,1038253,2024-04-13T12:00:00+00:00,FT,"Ricardo De Burgos Bengoetxea, Spain",31,530,Atletico Madrid,547,Girona,3,1
140,La Liga,2023,1038260,2024-04-13T14:15:00+00:00,FT,"Jorge Figueroa Vazquez, Spain",31,728,Rayo Vallecano,546,Getafe,0,0
140,La Liga,2023,1038255,2024-04-13T16:30:00+00:00,FT,"Jose Maria Sanchez Martinez, Spain",31,798,Mallorca,541,Real Madrid,0,1
140,La Liga,2023,1038259,2024-04-13T19:00:00+00:00,FT,"Juan Luis Pulido Santana, Spain",31,724,Cadiz,529,Barcelona,0,1
140,La Liga,2023,1038257,2024-04-14T12:00:00+00:00,FT,"Alejandro Muniz Ruiz, Spain",31,534,Las Palmas,536,Sevilla,0,2
140,La Liga,2023,1038261,2024-04-14T14:15:00+00:00,FT,"Victor Garcia Verdura, Spain",31,715,Granada CF,542,Alaves,2,0
140,La Liga,2023,1038252,2024-04-14T16:30:00+00:00,FT,"Guillermo Cuadra Fernandez, Spain",31,531,Athletic Club,533,Villarreal,1,1
140,La Liga,2023,1038258,2024-04-14T19:00:00+00:00,FT,"Isidro Diaz de Mera Escuderos, Spain",31,548,Real Sociedad,723,Almeria,2,2
140,La Liga,2023,1038256,2024-04-15T19:00:00+00:00,FT,"José Luis Munuera Montero, Spain",31,727,Osasuna,532,Valencia,0,1
140,La Liga,2023,1038263,2024-04-19T19:00:00+00:00,FT,"Javier Iglesias Villanueva, Spain",32,531,Athletic Club,715,Granada CF,1,1
140,La Liga,2023,1038264,2024-04-20T12:00:00+00:00,FT,"Francisco Hernandez Maeso, Spain",32,538,Celta Vigo,534,Las Palmas,4,1
140,La Liga,2023,1038271,2024-04-20T14:15:00+00:00,FT,"Mario Melero Lopez, Spain",32,728,Rayo Vallecano,727,Osasuna,2,1
140,La Liga,2023,1038268,2024-04-20T16:30:00+00:00,FT,"Mateo Busquets Ferrer, Spain",32,532,Valencia,543,Real Betis,1,2
140,La Liga,2023,1038269,2024-04-20T19:00:00+00:00,FT,"Javier Alberola Rojas, Spain",32,547,Girona,724,Cadiz,4,1
140,La Liga,2023,1038265,2024-04-21T12:00:00+00:00,FT,"Victor Garcia Verdura, Spain",32,546,Getafe,548,Real Sociedad,1,1
140,La Liga,2023,1038262,2024-04-21T14:15:00+00:00,FT,"Miguel Angel Ortiz Arias, Spain",32,723,Almeria,533,Villarreal,1,2
140,La Liga,2023,1038266,2024-04-21T16:30:00+00:00,FT,"Jesus Gil Manzano, Spain",32,542,Alaves,530,Atletico Madrid,2,0
140,La Liga,2023,1038267,2024-04-21T19:00:00+00:00,FT,"Cesar Soto Grado, Spain",32,541,Real Madrid,529,Barcelona,3,2
140,La Liga,2023,1038270,2024-04-22T19:00:00+00:00,FT,"Alejandro Hernandez, Spain",32,536,Sevilla,798,Mallorca,2,1
140,La Liga,2023,1038281,2024-04-26T19:00:00+00:00,FT,"José Luis Munuera Montero, Spain",33,548,Real Sociedad,541,Real Madrid,0,1
140,La Liga,2023,1038279,2024-04-27T12:00:00+00:00,FT,"Jorge Figueroa Vazquez, Spain",33,534,Las Palmas,547,Girona,0,2
140,La Liga,2023,1038272,2024-04-27T14:15:00+00:00,FT,"Guillermo Cuadra Fernandez, Spain",33,723,Almeria,546,Getafe,1,3
140,La Liga,2023,1038277,2024-04-27T16:30:00+00:00,FT,"Juan Luis Pulido Santana, Spain",33,542,Alaves,538,Celta Vigo,3,0
140,La Liga,2023,1038278,2024-04-27T19:00:00+00:00,FT,"Juan Martinez Munuera, Spain",33,530,Atletico Madrid,531,Athletic Club,3,1
140,La Liga,2023,1038275,2024-04-28T12:00:00+00:00,FT,"Isidro Diaz de Mera Escuderos, Spain",33,724,Cadiz,798,Mallorca,1,1
140,La Liga,2023,1038276,2024-04-28T14:15:00+00:00,FT,"Alejandro Muniz Ruiz, Spain",33,715,Granada CF,727,Osasuna,3,0
140,La Liga,2023,1038280,2024-04-28T16:30:00+00:00,FT,"Pablo González Fuertes, Spain",33,533,Villarreal,728,Rayo Vallecano,3,0
140,La Liga,2023,1038274,2024-04-28T19:00:00+00:00,FT,"Jose Maria Sanchez Martinez, Spain",33,543,Real Betis,536,Sevilla,1,1
140,La Liga,2023,1038273,2024-04-29T19:00:00+00:00,FT,"Ricardo De Burgos Bengoetxea, Spain",33,529,Barcelona,532,Valencia,4,2
140,La Liga,2023,1038284,2024-05-03T19:00:00+00:00,FT,"Jesus Gil Manzano, Spain",34,546,Getafe,531,Athletic Club,0,2
140,La Liga,2023,1038290,2024-05-04T12:00:00+00:00,FT,"Miguel Angel Ortiz Arias, Spain",34,548,Real Sociedad,534,Las Palmas,2,0
140,La Liga,2023,1038288,2024-05-04T14:15:00+00:00,FT,"Javier Iglesias Villanueva, Spain",34,541,Real Madrid,724,Cadiz,3,0
140,La Liga,2023,1038286,2024-05-04T16:30:00+00:00,FT,"Alejandro Hernandez, Spain",34,547,Girona,529,Barcelona,4,2
140,La Liga,2023,1038285,2024-05-04T19:00:00+00:00,FT,"Javier Alberola Rojas, Spain",34,798,Mallorca,530,Atletico Madrid,0,1
140,La Liga,2023,1038287,2024-05-05T12:00:00+00:00,FT,"Victor Garcia Verdura, Spain",34,727,Osasuna,543,Real Betis,0,2
140,La Liga,2023,1038282,2024-05-05T14:15:00+00:00,FT,"Cesar Soto Grado, Spain",34,538,Celta Vigo,533,Villarreal,3,2
140,La Liga,2023,1038291,2024-05-05T16:30:00+00:00,FT,"Mario Melero Lopez, Spain",34,532,Valencia,542,Alaves,0,1
140,La Liga,2023,1038289,2024-05-05T19:00:00+00:00,FT,"Mateo Busquets Ferrer, Spain",34,536,Sevilla,715,Granada CF,3,0
140,La Liga,2023,1038283,2024-05-05T19:00:00+00:00,FT,"Francisco Hernandez Maeso, Spain",34,728,Rayo Vallecano,723,Almeria,0,1
140,La Liga,2023,1038297,2024-05-10T19:00:00+00:00,FT,"José Luis Munuera Montero, Spain",35,542,Alaves,547,Girona,2,2
140,La Liga,2023,1038301,2024-05-11T12:00:00+00:00,FT,"Juan Martinez Munuera, Spain",35,798,Mallorca,534,Las Palmas,1,0
140,La Liga,2023,1038300,2024-05-11T14:15:00+00:00,FT,"Isidro Diaz de Mera Escuderos, Spain",35,533,Villarreal,536,Sevilla,3,2
140,La Liga,2023,1038296,2024-05-11T16:30:00+00:00,FT,"Pablo González Fuertes, Spain",35,715,Granada CF,541,Real Madrid,0,4
140,La Liga,2023,1038292,2024-05-11T19:00:00+00:00,FT,"Jose Maria Sanchez Martinez, Spain",35,531,Athletic Club,727,Osasuna,2,2
140,La Liga,2023,1038295,2024-05-12T12:00:00+00:00,FT,"Ricardo De Burgos Bengoetxea, Spain",35,724,Cadiz,546,Getafe,1,0
140,La Liga,2023,1038293,2024-05-12T14:15:00+00:00,FT,"Jorge Figueroa Vazquez, Spain",35,530,Atletico Madrid,538,Celta Vigo,1,0
140,La Liga,2023,1038299,2024-05-12T16:30:00+00:00,FT,"Juan Luis Pulido Santana, Spain",35,532,Valencia,728,Rayo Vallecano,0,0
140,La Liga,2023,1038298,2024-05-12T19:00:00+00:00,FT,"Alejandro Muniz Ruiz, Spain",35,543,Real Betis,723,Almeria,3,2
140,La Liga,2023,1038294,2024-05-13T19:00:00+00:00,FT,"Guillermo Cuadra Fernandez, Spain",35,529,Barcelona,548,Real Sociedad,2,0
140,La Liga,2023,1038309,2024-05-14T17:30:00+00:00,FT,"Francisco Hernandez Maeso, Spain",36,727,Osasuna,798,Mallorca,1,1
140,La Liga,2023,1038311,2024-05-14T19:30:00+00:00,FT,"Mateo Busquets Ferrer, Spain",36,541,Real Madrid,542,Alaves,5,0
140,La Liga,2023,1038303,2024-05-14T20:00:00+00:00,FT,"Jose Maria Sanchez Martinez, Spain",36,547,Girona,533,Villarreal,0,1
140,La Liga,2023,1038308,2024-05-15T17:30:00+00:00,FT,"Miguel Angel Ortiz Arias, Spain",36,536,Sevilla,724,Cadiz,0,1
140,La Liga,2023,1038310,2024-05-15T17:30:00+00:00,FT,"Isidro Diaz de Mera Escuderos, Spain",36,728,Rayo Vallecano,715,Granada CF,2,1
140,La Liga,2023,1038305,2024-05-15T20:00:00+00:00,FT,"Victor Garcia Verdura, Spain",36,538,Celta Vigo,531,Athletic Club,2,1
140,La Liga,2023,1038306,2024-05-15T20:00:00+00:00,FT,"Mario Melero Lopez, Spain",36,546,Getafe,530,Atletico Madrid,0,3
140,La Liga,2023,1038307,2024-05-16T17:30:00+00:00,FT,"Javier Iglesias Villanueva, Spain",36,534,Las Palmas,543,Real Betis,2,2
140,La Liga,2023,1038302,2024-05-16T19:30:00+00:00,FT,"Javier Alberola Rojas, Spain",36,723,Almeria,529,Barcelona,0,2
140,La Liga,2023,1038304,2024-05-16T20:00:00+00:00,FT,"Cesar Soto Grado, Spain",36,548,Real Sociedad,532,Valencia,1,0
140,La Liga,2023,1038317,2024-05-18T19:00:00+00:00,FT,"Jorge Figueroa Vazquez, Spain",37,542,Alaves,546,Getafe,1,0
140,La Liga,2023,1038314,2024-05-19T17:00:00+00:00,FT,"Jesus Gil Manzano, Spain",37,529,Barcelona,728,Rayo Vallecano,3,0
140,La Liga,2023,1038313,2024-05-19T17:00:00+00:00,FT,"Pablo González Fuertes, Spain",37,530,Atletico Madrid,727,Osasuna,1,4
140,La Liga,2023,1038312,2024-05-19T17:00:00+00:00,FT,"Juan Luis Pulido Santana, Spain",37,531,Athletic Club,536,Sevilla,2,0
140,La Liga,2023,1038320,2024-05-19T17:00:00+00:00,FT,"Guillermo Cuadra Fernandez, Spain",37,532,Valencia,547,Girona,1,3
140,La Liga,2023,1038321,2024-05-19T17:00:00+00:00,FT,"Alejandro Hernandez, Spain",37,533,Villarreal,541,Real Madrid,4,4
140,La Liga,2023,1038315,2024-05-19T17:00:00+00:00,FT,"Miguel Martinez Munuera, Spain",37,543,Real Betis,548,Real Sociedad,0,2
140,La Liga,2023,1038319,2024-05-19T17:00:00+00:00,FT,"Javier Alberola Rojas, Spain",37,715,Granada CF,538,Celta Vigo,1,2
140,La Liga,2023,1038316,2024-05-19T17:00:00+00:00,FT,"Cesar Soto Grado, Spain",37,724,Cadiz,534,Las Palmas,0,0
140,La Liga,2023,1038318,2024-05-19T17:00:00+00:00,FT,"Ricardo De Burgos Bengoetxea, Spain",37,798,Mallorca,723,Almeria,2,2
140,La Liga,2023,1038325,2024-05-24T19:00:00+00:00,FT,"Alejandro Muniz Ruiz, Spain",38,547,Girona,715,Granada CF,7,0
140,La Liga,2023,1038326,2024-05-25T12:00:00+00:00,FT,"Mario Melero Lopez, Spain",38,727,Osasuna,533,Villarreal,1,1
140,La Liga,2023,1038328,2024-05-25T14:15:00+00:00,FT,"Jose Maria Sanchez Martinez, Spain",38,548,Real Sociedad,530,Atletico Madrid,0,2
140,La Liga,2023,1038322,2024-05-25T16:30:00+00:00,FT,"Mateo Busquets Ferrer, Spain",38,723,Almeria,724,Cadiz,6,1
140,La Liga,2023,1038327,2024-05-25T16:30:00+00:00,FT,"José Luis Munuera Montero, Spain",38,728,Rayo Vallecano,531,Athletic Club,0,1
140,La Liga,2023,1038330,2024-05-25T19:00:00+00:00,FT,"Isidro Diaz de Mera Escuderos, Spain",38,541,Real Madrid,543,Real Betis,0,0
140,La Liga,2023,1038324,2024-05-26T12:00:00+00:00,FT,"Victor Garcia Verdura, Spain",38,546,Getafe,798,Mallorca,1,2
140,La Liga,2023,1038331,2024-05-26T14:15:00+00:00,FT,"Francisco Hernandez Maeso, Spain",38,534,Las Palmas,542,Alaves,1,1
140,La Liga,2023,1038323,2024-05-26T14:15:00+00:00,FT,"Miguel Angel Ortiz Arias, Spain",38,538,Celta Vigo,532,Valencia,2,2
140,La Liga,2023,1038329,2024-05-26T19:00:00+00:00,FT,"Javier Iglesias Villanueva, Spain",38,536,Sevilla,529,Barcelona,1,2
140,La Liga,2024,1208494,2024-08-15T17:00:00+00:00,FT,Alejandro Muñiz,1,531,Athletic Club,546,Getafe,1,1
140,La Liga,2024,1208495,2024-08-15T19:30:00+00:00,FT,Miguel Ortiz,1,543,Real Betis,547,Girona,1,1
140,La Liga,2024,1208501,2024-08-16T17:00:00+00:00,FT,Alejandro Quintero,1,538,Celta Vigo,542,Alaves,2,1
140,La Liga,2024,1208497,2024-08-16T19:30:00+00:00,FT,Francisco Hernández,1,534,Las Palmas,536,Sevilla,2,2
140,La Liga,2024,1208502,2024-08-17T17:00:00+00:00,FT,Juan Pulido,1,727,Osasuna,537,Leganes,1,1
140,La Liga,2024,1208499,2024-08-17T19:30:00+00:00,FT,José Sánchez,1,532,Valencia,529,Barcelona,1,2
140,La Liga,2024,1208500,2024-08-18T17:00:00+00:00,FT,Alejandro Hernández,1,548,Real Sociedad,728,Rayo Vallecano,1,2
140,La Liga,2024,1208496,2024-08-18T19:30:00+00:00,FT,César Soto,1,798,Mallorca,541,Real Madrid,1,1
140,La Liga,2024,1212910,2024-08-19T17:00:00+00:00,FT,Pablo González,1,720,Valladolid,540,Espanyol,1,0
140,La Liga,2024,1208498,2024-08-19T19:30:00+00:00,FT,Guillermo Cuadra,1,533,Villarreal,530,Atletico Madrid,2,2
140,La Liga,2024,1208504,2024-08-23T17:00:00+00:00,FT,José Munuera,2,538,Celta Vigo,532,Valencia,3,1
140,La Liga,2024,1208507,2024-08-23T19:30:00+00:00,FT,Isidro Díaz de Mera,2,536,Sevilla,533,Villarreal,1,2
140,La Liga,2024,1208511,2024-08-24T15:00:00+00:00,FT,Adrián Cordero,2,727,Osasuna,798,Mallorca,1,0
140,La Liga,2024,1208510,2024-08-24T17:00:00+00:00,FT,Gil Manzano,2,529,Barcelona,531,Athletic Club,2,1
140,La Liga,2024,1212911,2024-08-24T19:30:00+00:00,FT,Mario Melero,2,540,Espanyol,548,Real Sociedad,0,1
140,La Liga,2024,1208505,2024-08-24T19:30:00+00:00,FT,Javier Alberola,2,546,Getafe,728,Rayo Vallecano,0,0
140,La Liga,2024,1208506,2024-08-25T15:00:00+00:00,FT,Víctor García,2,541,Real Madrid,720,Valladolid,3,0
140,La Liga,2024,1208509,2024-08-25T17:00:00+00:00,FT,Ricardo De Burgos,2,537,Leganes,534,Las Palmas,2,1
140,La Liga,2024,1208508,2024-08-25T17:15:00+00:00,FT,Mateo Busquets,2,542,Alaves,543,Real Betis,0,0
140,La Liga,2024,1208503,2024-08-25T19:30:00+00:00,FT,Juan Martínez,2,530,Atletico Madrid,547,Girona,3,0
140,La Liga,2024,1208518,2024-08-26T19:30:00+00:00,FT,Miguel Ortiz,3,533,Villarreal,538,Celta Vigo,4,3
140,La Liga,2024,1208515,2024-08-27T17:00:00+00:00,FT,Alejandro Muñiz,3,798,Mallorca,536,Sevilla,0,0
140,La Liga,2024,1208517,2024-08-27T19:30:00+00:00,FT,César Soto,3,728,Rayo Vallecano,529,Barcelona,1,2
140,La Liga,2024,1208512,2024-08-28T17:00:00+00:00,FT,Pablo González,3,531,Athletic Club,532,Valencia,1,0
140,La Liga,2024,1208520,2024-08-28T17:00:00+00:00,FT,Alejandro Quintero,3,720,Valladolid,537,Leganes,0,0
140,La Liga,2024,1212912,2024-08-28T19:30:00+00:00,FT,Ricardo De Burgos,3,530,Atletico Madrid,540,Espanyol,0,0
140,La Liga,2024,1208519,2024-08-28T19:30:00+00:00,FT,José Sánchez,3,548,Real Sociedad,542,Alaves,1,2
140,La Liga,2024,1208514,2024-08-29T17:00:00+00:00,FT,Francisco Hernández,3,547,Girona,727,Osasuna,4,0
140,La Liga,2024,1208516,2024-08-29T19:30:00+00:00,FT,Mateo Busquets,3,534,Las Palmas,541,Real Madrid,1,1
140,La Liga,2024,1208522,2024-08-31T15:00:00+00:00,FT,Isidro Díaz de Mera,4,529,Barcelona,720,Valladolid,7,0
140,La Liga,2024,1208521,2024-08-31T17:00:00+00:00,FT,Alejandro Hernández,4,531,Athletic Club,530,Atletico Madrid,0,1
140,La Liga,2024,1212913,2024-08-31T17:15:00+00:00,FT,Adrián Cordero,4,540,Espanyol,728,Rayo Vallecano,2,1
140,La Liga,2024,1208524,2024-08-31T19:30:00+00:00,FT,Gil Manzano,4,532,Valencia,533,Villarreal,1,1
140,La Liga,2024,1208526,2024-08-31T19:30:00+00:00,FT,Mario Melero,4,537,Leganes,798,Mallorca,0,1
140,La Liga,2024,1208525,2024-09-01T15:00:00+00:00,FT,Víctor García,4,542,Alaves,534,Las Palmas,2,0
140,La Liga,2024,1208528,2024-09-01T15:00:00+00:00,FT,Juan Martínez,4,727,Osasuna,538,Celta Vigo,3,2
140,La Liga,2024,1208529,2024-09-01T17:00:00+00:00,FT,José Sánchez,4,536,Sevilla,547,Girona,0,2
140,La Liga,2024,1208523,2024-09-01T17:15:00+00:00,FT,José Munuera,4,546,Getafe,548,Real Sociedad,0,0
140,La Liga,2024,1208527,2024-09-01T19:30:00+00:00,FT,Javier Alberola,4,541,Real Madrid,543,Real Betis,2,0
140,La Liga,2024,1208531,2024-09-13T19:00:00+00:00,FT,Pablo González,5,543,Real Betis,537,Leganes,2,0
140,La Liga,2024,1208533,2024-09-14T12:00:00+00:00,FT,Ricardo De Burgos,5,798,Mallorca,533,Villarreal,1,2
140,La Liga,2024,1212914,2024-09-14T14:15:00+00:00,FT,Juan Pulido,5,540,Espanyol,542,Alaves,3,2
140,La Liga,2024,1208536,2024-09-14T16:30:00+00:00,FT,Mateo Busquets,5,536,Sevilla,546,Getafe,1,0
140,La Liga,2024,1208538,2024-09-14T19:00:00+00:00,FT,Juan Martínez,5,548,Real Sociedad,541,Real Madrid,0,2
140,La Liga,2024,1208532,2024-09-15T12:00:00+00:00,FT,Francisco Hernández,5,538,Celta Vigo,720,Valladolid,3,1
140,La Liga,2024,1208535,2024-09-15T14:15:00+00:00,FT,Alejandro Muñiz,5,547,Girona,529,Barcelona,1,4
140,La Liga,2024,1208534,2024-09-15T16:30:00+00:00,FT,Miguel Ortiz,5,534,Las Palmas,531,Athletic Club,2,3
140,La Liga,2024,1208530,2024-09-15T19:00:00+00:00,FT,César Soto,5,530,Atletico Madrid,532,Valencia,3,0
140,La Liga,2024,1208537,2024-09-16T19:00:00+00:00,FT,Alejandro Quintero,5,728,Rayo Vallecano,727,Osasuna,3,1
140,La Liga,2024,1208550,2024-09-17T17:00:00+00:00,FT,Adrián Cordero,7,798,Mallorca,548,Real Sociedad,1,0
140,La Liga,2024,1208513,2024-09-18T17:00:00+00:00,FT,Juan Pulido,3,543,Real Betis,546,Getafe,2,1
140,La Liga,2024,1208552,2024-09-19T17:00:00+00:00,FT,Francisco Hernández,7,537,Leganes,531,Athletic Club,0,2
140,La Liga,2024,1208542,2024-09-20T19:00:00+00:00,FT,Javier Alberola,6,542,Alaves,536,Sevilla,2,1
140,La Liga,2024,1208546,2024-09-21T12:00:00+00:00,FT,Guillermo Cuadra,6,720,Valladolid,548,Real Sociedad,0,0
140,La Liga,2024,1208547,2024-09-21T14:15:00+00:00,FT,Isidro Díaz de Mera,6,727,Osasuna,534,Las Palmas,2,1
140,La Liga,2024,1208545,2024-09-21T16:30:00+00:00,FT,Alejandro Hernández,6,532,Valencia,547,Girona,2,0
140,La Liga,2024,1212915,2024-09-21T19:00:00+00:00,FT,José Munuera,6,541,Real Madrid,540,Espanyol,4,1
140,La Liga,2024,1208541,2024-09-22T12:00:00+00:00,FT,Adrián Cordero,6,546,Getafe,537,Leganes,1,1
140,La Liga,2024,1208539,2024-09-22T14:15:00+00:00,FT,José Sánchez,6,531,Athletic Club,538,Celta Vigo,3,1
140,La Liga,2024,1208544,2024-09-22T16:30:00+00:00,FT,Mateo Busquets,6,533,Villarreal,529,Barcelona,1,5
140,La Liga,2024,1208543,2024-09-22T19:00:00+00:00,FT,Mario Melero,6,728,Rayo Vallecano,530,Atletico Madrid,1,1
140,La Liga,2024,1208540,2024-09-23T19:00:00+00:00,FT,Víctor García,6,543,Real Betis,798,Mallorca,1,2
140,La Liga,2024,1208555,2024-09-24T17:00:00+00:00,FT,Miguel Ortiz,7,532,Valencia,727,Osasuna,0,0
140,La Liga,2024,1208551,2024-09-24T17:00:00+00:00,FT,Juan Pulido,7,536,Sevilla,720,Valladolid,2,1
140,La Liga,2024,1208556,2024-09-24T19:00:00+00:00,FT,Alejandro Muñiz,7,541,Real Madrid,542,Alaves,3,2
140,La Liga,2024,1208549,2024-09-25T17:00:00+00:00,FT,Juan Martínez,7,547,Girona,728,Rayo Vallecano,0,0
140,La Liga,2024,1208548,2024-09-25T19:00:00+00:00,FT,Pablo González,7,529,Barcelona,546,Getafe,1,0
140,La Liga,2024,1208554,2024-09-26T17:00:00+00:00,FT,José Sánchez,7,534,Las Palmas,543,Real Betis,1,1
140,La Liga,2024,1212916,2024-09-26T17:00:00+00:00,FT,Alejandro Quintero,7,540,Espanyol,533,Villarreal,1,2
140,La Liga,2024,1208553,2024-09-26T19:00:00+00:00,FT,Víctor García,7,538,Celta Vigo,530,Atletico Madrid,0,1
140,La Liga,2024,1208562,2024-09-27T19:00:00+00:00,FT,José Munuera,8,720,Valladolid,798,Mallorca,1,2
140,La Liga,2024,1208564,2024-09-28T12:00:00+00:00,FT,Isidro Díaz de Mera,8,546,Getafe,542,Alaves,2,0
140,La Liga,2024,1208565,2024-09-28T14:15:00+00:00,FT,Alejandro Muñiz,8,728,Rayo Vallecano,537,Leganes,1,1
140,La Liga,2024,1208560,2024-09-28T16:30:00+00:00,FT,Javier Alberola,8,548,Real Sociedad,532,Valencia,3,0
140,La Liga,2024,1208561,2024-09-28T19:00:00+00:00,FT,Guillermo Cuadra,8,727,Osasuna,529,Barcelona,4,2
140,La Liga,2024,1208559,2024-09-29T12:00:00+00:00,FT,Ricardo De Burgos,8,538,Celta Vigo,547,Girona,1,1
140,La Liga,2024,1208557,2024-09-29T14:15:00+00:00,FT,César Soto,8,531,Athletic Club,536,Sevilla,1,1
140,La Liga,2024,1212917,2024-09-29T16:30:00+00:00,FT,Alejandro Hernández,8,543,Real Betis,540,Espanyol,1,0
140,La Liga,2024,1208558,2024-09-29T19:00:00+00:00,FT,Mateo Busquets,8,530,Atletico Madrid,541,Real Madrid,1,1
140,La Liga,2024,1208563,2024-09-30T19:00:00+00:00,FT,Mario Melero,8,533,Villarreal,534,Las Palmas,3,1
140,La Liga,2024,1208569,2024-10-04T19:00:00+00:00,FT,Alejandro Quintero,9,537,Leganes,532,Valencia,0,0
140,La Liga,2024,1212918,2024-10-05T12:00:00+00:00,FT,Francisco Hernández,9,540,Espanyol,798,Mallorca,2,1
140,La Liga,2024,1208566,2024-10-05T14:15:00+00:00,FT,José Sánchez,9,546,Getafe,727,Osasuna,1,1
140,La Liga,2024,1208573,2024-10-05T16:30:00+00:00,FT,Adrián Cordero,9,534,Las Palmas,538,Celta Vigo,0,1
140,La Liga,2024,1208574,2024-10-05T16:30:00+00:00,FT,Pablo González,9,720,Valladolid,728,Rayo Vallecano,1,2
140,La Liga,2024,1208567,2024-10-05T19:00:00+00:00,FT,Guillermo Cuadra,9,541,Real Madrid,533,Villarreal,2,0
140,La Liga,2024,1208570,2024-10-06T12:00:00+00:00,FT,Juan Pulido,9,547,Girona,531,Athletic Club,2,1
140,La Liga,2024,1208568,2024-10-06T14:15:00+00:00,FT,Miguel Ortiz,9,542,Alaves,529,Barcelona,0,3
140,La Liga,2024,1208572,2024-10-06T16:30:00+00:00,FT,Juan Martínez,9,536,Sevilla,543,Real Betis,1,0
140,La Liga,2024,1208571,2024-10-06T19:00:00+00:00,FT,Isidro Díaz de Mera,9,548,Real Sociedad,530,Atletico Madrid,1,1
140,La Liga,2024,1208580,2024-10-18T19:00:00+00:00,FT,Mario Melero,10,542,Alaves,720,Valladolid,2,3
140,La Liga,2024,1212919,2024-10-19T12:00:00+00:00,FT,Mateo Busquets,10,531,Athletic Club,540,Espanyol,4,1
140,La Liga,2024,1208581,2024-10-19T14:15:00+00:00,FT,Alejandro Muñiz,10,727,Osasuna,543,Real Betis,1,2
140,La Liga,2024,1208578,2024-10-19T16:30:00+00:00,FT,César Soto,10,547,Girona,548,Real Sociedad,0,1
140,La Liga,2024,1208577,2024-10-19T19:00:00+00:00,FT,Alejandro Hernández,10,538,Celta Vigo,541,Real Madrid,1,2
140,La Liga,2024,1208579,2024-10-20T12:00:00+00:00,FT,Javier Alberola,10,798,Mallorca,728,Rayo Vallecano,1,0
140,La Liga,2024,1208575,2024-10-20T14:15:00+00:00,FT,José Munuera,10,530,Atletico Madrid,537,Leganes,3,1
140,La Liga,2024,1208582,2024-10-20T16:30:00+00:00,FT,Víctor García,10,533,Villarreal,546,Getafe,1,1
140,La Liga,2024,1208576,2024-10-20T19:00:00+00:00,FT,Ricardo De Burgos,10,529,Barcelona,536,Sevilla,5,1
140,La Liga,2024,1208583,2024-10-21T19:00:00+00:00,FT,Gil Manzano,10,532,Valencia,534,Las Palmas,2,3
140,La Liga,2024,1212920,2024-10-25T19:00:00+00:00,FT,Miguel Ortiz,11,540,Espanyol,536,Sevilla,0,2
140,La Liga,2024,1208591,2024-10-26T12:00:00+00:00,FT,Francisco Hernández,11,720,Valladolid,533,Villarreal,1,2
140,La Liga,2024,1208592,2024-10-26T14:15:00+00:00,FT,Adrián Cordero,11,728,Rayo Vallecano,542,Alaves,1,0
140,La Liga,2024,1208589,2024-10-26T16:30:00+00:00,FT,Alejandro Quintero,11,534,Las Palmas,547,Girona,1,0
140,La Liga,2024,1208587,2024-10-26T19:00:00+00:00,FT,José Sánchez,11,541,Real Madrid,529,Barcelona,0,4
140,La Liga,2024,1208588,2024-10-27T12:00:00+00:00,FT,Mario Melero,11,537,Leganes,538,Celta Vigo,3,0
140,La Liga,2024,1208584,2024-10-27T14:15:00+00:00,FT,Guillermo Cuadra,11,546,Getafe,532,Valencia,1,1
140,La Liga,2024,1208586,2024-10-27T16:30:00+00:00,FT,Gil Manzano,11,543,Real Betis,530,Atletico Madrid,1,0
140,La Liga,2024,1208590,2024-10-27T20:00:00+00:00,FT,Juan Pulido,11,548,Real Sociedad,727,Osasuna,0,2
140,La Liga,2024,1208585,2024-10-28T20:00:00+00:00,FT,Juan Martínez,11,798,Mallorca,531,Athletic Club,0,0
140,La Liga,2024,1208598,2024-11-01T20:00:00+00:00,FT,Pablo González,12,542,Alaves,798,Mallorca,1,0
140,La Liga,2024,1208597,2024-11-02T13:00:00+00:00,FT,Víctor García,12,727,Osasuna,720,Valladolid,1,0
140,La Liga,2024,1208596,2024-11-02T15:15:00+00:00,FT,Mateo Busquets,12,547,Girona,537,Leganes,4,3
140,La Liga,2024,1208594,2024-11-03T13:00:00+00:00,FT,Ricardo De Burgos,12,530,Atletico Madrid,534,Las Palmas,2,0
140,La Liga,2024,1212921,2024-11-03T15:15:00+00:00,FT,José Munuera,12,529,Barcelona,540,Espanyol,3,1
140,La Liga,2024,1208601,2024-11-03T17:30:00+00:00,FT,Alejandro Muñiz,12,536,Sevilla,548,Real Sociedad,0,2
140,La Liga,2024,1208593,2024-11-03T20:00:00+00:00,FT,Javier Alberola,12,531,Athletic Club,543,Real Betis,1,1
140,La Liga,2024,1208595,2024-11-04T20:00:00+00:00,FT,Gil Manzano,12,538,Celta Vigo,546,Getafe,1,0
140,La Liga,2024,1208609,2024-11-08T20:00:00+00:00,FT,Francisco Hernández,13,728,Rayo Vallecano,534,Las Palmas,1,3
140,La Liga,2024,1208608,2024-11-09T13:00:00+00:00,FT,Mario Melero,13,541,Real Madrid,727,Osasuna,4,0
140,La Liga,2024,1208610,2024-11-09T15:15:00+00:00,FT,Alejandro Quintero,13,533,Villarreal,542,Alaves,3,0
140,La Liga,2024,1208604,2024-11-09T20:00:00+00:00,FT,Juan Pulido,13,537,Leganes,536,Sevilla,1,0
140,La Liga,2024,1208602,2024-11-10T13:00:00+00:00,FT,Miguel Ortiz,13,543,Real Betis,538,Celta Vigo,2,2
140,La Liga,2024,1208606,2024-11-10T15:15:00+00:00,FT,José Sánchez,13,798,Mallorca,530,Atletico Madrid,0,1
140,La Liga,2024,1208603,2024-11-10T17:30:00+00:00,FT,Juan Martínez,13,546,Getafe,547,Girona,0,1
140,La Liga,2024,1208605,2024-11-10T17:30:00+00:00,FT,Adrián Cordero,13,720,Valladolid,531,Athletic Club,1,1
140,La Liga,2024,1208607,2024-11-10T20:00:00+00:00,FT,Guillermo Cuadra,13,548,Real Sociedad,529,Barcelona,1,0
140,La Liga,2024,1208612,2024-11-22T20:00:00+00:00,FT,Pablo González,14,546,Getafe,720,Valladolid,2,0
140,La Liga,2024,1208617,2024-11-23T13:00:00+00:00,FT,Ricardo De Burgos,14,532,Valencia,543,Real Betis,4,2
140,La Liga,2024,1208619,2024-11-23T15:15:00+00:00,FT,Víctor García,14,530,Atletico Madrid,542,Alaves,2,1
140,La Liga,2024,1208614,2024-11-23T17:30:00+00:00,FT,Alejandro Muñiz,14,534,Las Palmas,798,Mallorca,2,3
140,La Liga,2024,1212923,2024-11-23T17:30:00+00:00,FT,Alejandro Hernández,14,547,Girona,540,Espanyol,4,1
140,La Liga,2024,1208616,2024-11-23T20:00:00+00:00,FT,César Soto,14,538,Celta Vigo,529,Barcelona,2,2
140,La Liga,2024,1208613,2024-11-24T13:00:00+00:00,FT,José Munuera,14,727,Osasuna,533,Villarreal,2,2
140,La Liga,2024,1208618,2024-11-24T15:15:00+00:00,FT,Mateo Busquets,14,536,Sevilla,728,Rayo Vallecano,1,0
140,La Liga,2024,1208615,2024-11-24T17:30:00+00:00,FT,Javier Alberola,14,537,Leganes,541,Real Madrid,0,3
140,La Liga,2024,1208611,2024-11-24T20:00:00+00:00,FT,Gil Manzano,14,531,Athletic Club,548,Real Sociedad,1,0
140,La Liga,2024,1208621,2024-11-29T20:00:00+00:00,FT,Alejandro Quintero,15,798,Mallorca,532,Valencia,2,1
140,La Liga,2024,1208620,2024-11-30T13:00:00+00:00,FT,Adrián Cordero,15,529,Barcelona,534,Las Palmas,1,2
140,La Liga,2024,1208622,2024-11-30T15:15:00+00:00,FT,Isidro Díaz de Mera,15,542,Alaves,537,Leganes,1,1
140,La Liga,2024,1212924,2024-11-30T17:30:00+00:00,FT,José Sánchez,15,540,Espanyol,538,Celta Vigo,3,1
140,La Liga,2024,1208624,2024-11-30T20:00:00+00:00,FT,Guillermo Cuadra,15,720,Valladolid,530,Atletico Madrid,0,5
140,La Liga,2024,1208627,2024-12-01T13:00:00+00:00,FT,Miguel Ortiz,15,533,Villarreal,547,Girona,2,2
140,La Liga,2024,1208626,2024-12-01T15:15:00+00:00,FT,Alejandro Hernández,15,541,Real Madrid,546,Getafe,2,0
140,La Liga,2024,1208623,2024-12-01T17:30:00+00:00,FT,Mario Melero,15,728,Rayo Vallecano,531,Athletic Club,1,2
140,La Liga,2024,1208625,2024-12-01T20:00:00+00:00,FT,Francisco Hernández,15,548,Real Sociedad,543,Real Betis,2,0
140,La Liga,2024,1208628,2024-12-02T20:00:00+00:00,FT,Juan Martínez,15,536,Sevilla,727,Osasuna,1,1
140,La Liga,2024,1208661,2024-12-03T18:00:00+00:00,FT,Gil Manzano,19,798,Mallorca,529,Barcelona,1,5
140,La Liga,2024,1208656,2024-12-04T20:00:00+00:00,FT,José Sánchez,19,531,Athletic Club,541,Real Madrid,2,1
140,La Liga,2024,1208631,2024-12-06T20:00:00+00:00,FT,Ricardo De Burgos,16,538,Celta Vigo,798,Mallorca,2,0
140,La Liga,2024,1208633,2024-12-07T13:00:00+00:00,FT,Isidro Díaz de Mera,16,534,Las Palmas,720,Valladolid,2,1
140,La Liga,2024,1208635,2024-12-07T15:15:00+00:00,FT,Alejandro Muñiz,16,543,Real Betis,529,Barcelona,2,2
140,La Liga,2024,1208636,2024-12-07T17:30:00+00:00,FT,José Munuera,16,532,Valencia,728,Rayo Vallecano,0,1
140,La Liga,2024,1208632,2024-12-07T20:00:00+00:00,FT,Gil Manzano,16,547,Girona,541,Real Madrid,0,3
140,La Liga,2024,1208634,2024-12-08T13:00:00+00:00,FT,Pablo González,16,537,Leganes,548,Real Sociedad,0,3
140,La Liga,2024,1208629,2024-12-08T15:15:00+00:00,FT,Víctor García,16,531,Athletic Club,533,Villarreal,2,0
140,La Liga,2024,1208637,2024-12-08T17:30:00+00:00,FT,César Soto,16,727,Osasuna,542,Alaves,2,2
140,La Liga,2024,1208630,2024-12-08T20:00:00+00:00,FT,Javier Alberola,16,530,Atletico Madrid,536,Sevilla,4,3
140,La Liga,2024,1212925,2024-12-09T20:00:00+00:00,FT,Mateo Busquets,16,546,Getafe,540,Espanyol,1,0
140,La Liga,2024,1208645,2024-12-13T20:00:00+00:00,FT,Miguel Ortiz,17,720,Valladolid,532,Valencia,1,0
140,La Liga,2024,1212926,2024-12-14T13:00:00+00:00,FT,Adrián Cordero,17,540,Espanyol,727,Osasuna,0,0
140,La Liga,2024,1208644,2024-12-14T15:15:00+00:00,FT,Francisco Hernández,17,798,Mallorca,547,Girona,2,1
140,La Liga,2024,1208643,2024-12-14T17:30:00+00:00,FT,Gil Manzano,17,536,Sevilla,538,Celta Vigo,1,0
140,La Liga,2024,1208640,2024-12-14T20:00:00+00:00,FT,Juan Martínez,17,728,Rayo Vallecano,541,Real Madrid,3,3
140,La Liga,2024,1208638,2024-12-15T13:00:00+00:00,FT,César Soto,17,530,Atletico Madrid,546,Getafe,1,0
140,La Liga,2024,1208641,2024-12-15T15:15:00+00:00,FT,José Sánchez,17,542,Alaves,531,Athletic Club,1,1
140,La Liga,2024,1208642,2024-12-15T17:30:00+00:00,FT,Guillermo Cuadra,17,533,Villarreal,543,Real Betis,1,2
140,La Liga,2024,1208646,2024-12-15T17:30:00+00:00,FT,Mario Melero,17,548,Real Sociedad,534,Las Palmas,0,0
140,La Liga,2024,1208639,2024-12-15T20:00:00+00:00,FT,Alejandro Quintero,17,529,Barcelona,537,Leganes,0,1
140,La Liga,2024,1208599,2024-12-18T20:30:00+00:00,FT,Alejandro Hernández,12,533,Villarreal,728,Rayo Vallecano,1,1
140,La Liga,2024,1212922,2024-12-18T20:30:00+00:00,FT,Pablo González,13,540,Espanyol,532,Valencia,1,1
140,La Liga,2024,1208650,2024-12-20T20:00:00+00:00,FT,Pablo González,18,547,Girona,720,Valladolid,3,0
140,La Liga,2024,1208649,2024-12-21T13:00:00+00:00,FT,José Munuera,18,546,Getafe,798,Mallorca,0,1
140,La Liga,2024,1208648,2024-12-21T15:15:00+00:00,FT,Mateo Busquets,18,538,Celta Vigo,548,Real Sociedad,2,0
140,La Liga,2024,1208653,2024-12-21T17:30:00+00:00,FT,Alejandro Quintero,18,727,Osasuna,531,Athletic Club,1,2
140,La Liga,2024,1208654,2024-12-21T20:00:00+00:00,FT,Ricardo De Burgos,18,529,Barcelona,530,Atletico Madrid,1,2
140,La Liga,2024,1208655,2024-12-22T13:00:00+00:00,FT,Javier Alberola,18,532,Valencia,542,Alaves,2,2
140,La Liga,2024,1208651,2024-12-22T15:15:00+00:00,FT,Isidro Díaz de Mera,18,541,Real Madrid,536,Sevilla,4,2
140,La Liga,2024,1212927,2024-12-22T17:30:00+00:00,FT,César Soto,18,534,Las Palmas,540,Espanyol,1,0
140,La Liga,2024,1208652,2024-12-22T17:30:00+00:00,FT,Alejandro Muñiz,18,537,Leganes,533,Villarreal,2,5
140,La Liga,2024,1208647,2024-12-22T20:00:00+00:00,FT,Víctor García,18,543,Real Betis,728,Rayo Vallecano,1,1
140,La Liga,2024,1208600,2025-01-03T20:00:00+00:00,FT,César Soto,12,532,Valencia,541,Real Madrid,1,2
140,La Liga,2024,1208663,2025-01-10T20:00:00+00:00,FT,Guillermo Cuadra,19,728,Rayo Vallecano,538,Celta Vigo,2,1
140,La Liga,2024,1208660,2025-01-11T13:00:00+00:00,FT,Mateo Busquets,19,542,Alaves,547,Girona,0,1
140,La Liga,2024,1208662,2025-01-11T15:15:00+00:00,FT,Adrián Cordero,19,720,Valladolid,543,Real Betis,1,0
140,La Liga,2024,1212928,2025-01-11T17:30:00+00:00,FT,Juan Martínez,19,540,Espanyol,537,Leganes,1,1
140,La Liga,2024,1208659,2025-01-11T20:00:00+00:00,FT,Francisco Hernández,19,536,Sevilla,532,Valencia,1,1
140,La Liga,2024,1208664,2025-01-12T13:00:00+00:00,FT,Javier Alberola,19,534,Las Palmas,546,Getafe,1,2
140,La Liga,2024,1208657,2025-01-12T15:15:00+00:00,FT,Isidro Díaz de Mera,19,530,Atletico Madrid,727,Osasuna,1,0
140,La Liga,2024,1208658,2025-01-13T20:00:00+00:00,FT,César Soto,19,548,Real Sociedad,533,Villarreal,1,0
140,La Liga,2024,1212929,2025-01-17T20:00:00+00:00,FT,Ricardo De Burgos,20,540,Espanyol,720,Valladolid,2,1
140,La Liga,2024,1208665,2025-01-18T13:00:00+00:00,FT,Juan Martínez,20,547,Girona,536,Sevilla,1,2
140,La Liga,2024,1208668,2025-01-18T15:15:00+00:00,FT,Mario Melero,20,537,Leganes,530,Atletico Madrid,1,0
140,La Liga,2024,1208673,2025-01-18T17:30:00+00:00,FT,Alejandro Hernández,20,543,Real Betis,542,Alaves,1,3
140,La Liga,2024,1208669,2025-01-18T20:00:00+00:00,FT,Pablo González,20,546,Getafe,529,Barcelona,1,1
140,La Liga,2024,1208667,2025-01-19T13:00:00+00:00,FT,Miguel Ortiz,20,538,Celta Vigo,531,Athletic Club,1,2
140,La Liga,2024,1208672,2025-01-19T15:15:00+00:00,FT,Alejandro Quintero,20,541,Real Madrid,534,Las Palmas,4,1
140,La Liga,2024,1208666,2025-01-19T17:30:00+00:00,FT,Alejandro Muñiz,20,727,Osasuna,728,Rayo Vallecano,1,1
140,La Liga,2024,1208671,2025-01-19T20:00:00+00:00,FT,Víctor García,20,532,Valencia,548,Real Sociedad,1,0
140,La Liga,2024,1208670,2025-01-20T20:00:00+00:00,FT,José Munuera,20,533,Villarreal,798,Mallorca,4,0
140,La Liga,2024,1208677,2025-01-24T20:00:00+00:00,FT,Gil Manzano,21,534,Las Palmas,727,Osasuna,1,1
140,La Liga,2024,1208679,2025-01-25T13:00:00+00:00,FT,Javier Alberola,21,798,Mallorca,543,Real Betis,0,1
140,La Liga,2024,1208675,2025-01-25T15:15:00+00:00,FT,José Sánchez,21,530,Atletico Madrid,533,Villarreal,1,1
140,La Liga,2024,1212930,2025-01-25T17:30:00+00:00,FT,Adrián Cordero,21,536,Sevilla,540,Espanyol,1,1
140,La Liga,2024,1208682,2025-01-25T20:00:00+00:00,FT,Mateo Busquets,21,720,Valladolid,541,Real Madrid,0,3
140,La Liga,2024,1208681,2025-01-26T13:00:00+00:00,FT,Isidro Díaz de Mera,21,728,Rayo Vallecano,547,Girona,2,1
140,La Liga,2024,1208680,2025-01-26T15:15:00+00:00,FT,Guillermo Cuadra,21,548,Real Sociedad,546,Getafe,0,3
140,La Liga,2024,1208674,2025-01-26T17:30:00+00:00,FT,Alejandro Hernández,21,531,Athletic Club,537,Leganes,0,0
140,La Liga,2024,1208676,2025-01-26T20:00:00+00:00,FT,César Soto,21,529,Barcelona,532,Valencia,7,1
140,La Liga,2024,1208678,2025-01-27T20:00:00+00:00,FT,Francisco Hernández,21,542,Alaves,538,Celta Vigo,1,1
140,La Liga,2024,1208688,2025-01-31T20:00:00+00:00,FT,Alejandro Quintero,22,537,Leganes,728,Rayo Vallecano,0,1
140,La Liga,2024,1208684,2025-02-01T13:00:00+00:00,FT,Ricardo De Burgos,22,546,Getafe,536,Sevilla,0,0
140,La Liga,2024,1208687,2025-02-01T15:15:00+00:00,FT,Isidro Díaz de Mera,22,533,Villarreal,720,Valladolid,5,1
140,La Liga,2024,1208683,2025-02-01T17:30:00+00:00,FT,Víctor García,22,530,Atletico Madrid,798,Mallorca,2,0
140,La Liga,2024,1212931,2025-02-01T20:00:00+00:00,FT,Alejandro Muñiz,22,540,Espanyol,541,Real Madrid,1,0
140,La Liga,2024,1208691,2025-02-02T13:00:00+00:00,FT,José Munuera,22,529,Barcelona,542,Alaves,1,0
140,La Liga,2024,1208690,2025-02-02T15:15:00+00:00,FT,Pablo González,22,532,Valencia,538,Celta Vigo,2,1
140,La Liga,2024,1208686,2025-02-02T17:30:00+00:00,FT,Miguel Ortiz,22,727,Osasuna,548,Real Sociedad,2,1
140,La Liga,2024,1208689,2025-02-02T20:00:00+00:00,FT,Juan Martínez,22,543,Real Betis,531,Athletic Club,2,2
140,La Liga,2024,1208685,2025-02-03T20:00:00+00:00,FT,Mario Melero,22,547,Girona,534,Las Palmas,2,1
140,La Liga,2024,1208694,2025-02-07T20:00:00+00:00,FT,Gil Manzano,23,728,Rayo Vallecano,720,Valladolid,1,0
140,La Liga,2024,1208699,2025-02-08T13:00:00+00:00,FT,Mateo Busquets,23,538,Celta Vigo,543,Real Betis,3,2
140,La Liga,2024,1208692,2025-02-08T15:15:00+00:00,FT,José Sánchez,23,531,Athletic Club,547,Girona,3,0
140,La Liga,2024,1208695,2025-02-08T17:30:00+00:00,FT,Francisco Hernández,23,534,Las Palmas,533,Villarreal,1,2
140,La Liga,2024,1208697,2025-02-08T20:00:00+00:00,FT,César Soto,23,541,Real Madrid,530,Atletico Madrid,1,1
140,La Liga,2024,1208696,2025-02-09T13:00:00+00:00,FT,Isidro Díaz de Mera,23,542,Alaves,546,Getafe,0,1
140,La Liga,2024,1208700,2025-02-09T15:15:00+00:00,FT,Guillermo Cuadra,23,532,Valencia,537,Leganes,2,0
140,La Liga,2024,1212932,2025-02-09T17:30:00+00:00,FT,Javier Alberola,23,548,Real Sociedad,540,Espanyol,2,1
140,La Liga,2024,1208698,2025-02-09T20:00:00+00:00,FT,Alejandro Hernández,23,536,Sevilla,529,Barcelona,1,4
140,La Liga,2024,1208693,2025-02-10T20:00:00+00:00,FT,Adrián Cordero,23,798,Mallorca,727,Osasuna,1,1
140,La Liga,2024,1208705,2025-02-14T20:00:00+00:00,FT,Alejandro Quintero,24,547,Girona,546,Getafe,1,2
140,La Liga,2024,1208709,2025-02-15T13:00:00+00:00,FT,Pablo González,24,537,Leganes,542,Alaves,3,3
140,La Liga,2024,1208704,2025-02-15T15:15:00+00:00,FT,José Munuera,24,727,Osasuna,541,Real Madrid,1,1
140,La Liga,2024,1208701,2025-02-15T17:30:00+00:00,FT,Juan Martínez,24,530,Atletico Madrid,538,Celta Vigo,1,1
140,La Liga,2024,1208707,2025-02-15T20:00:00+00:00,FT,Ricardo De Burgos,24,533,Villarreal,532,Valencia,1,1
140,La Liga,2024,1212933,2025-02-16T13:00:00+00:00,FT,Guillermo Cuadra,24,540,Espanyol,531,Athletic Club,1,1
140,La Liga,2024,1208706,2025-02-16T15:15:00+00:00,FT,Javier Alberola,24,720,Valladolid,536,Sevilla,0,4
140,La Liga,2024,1208708,2025-02-16T17:30:00+00:00,FT,Miguel Ortiz,24,798,Mallorca,534,Las Palmas,3,1
140,La Liga,2024,1208703,2025-02-16T20:00:00+00:00,FT,Gil Manzano,24,543,Real Betis,548,Real Sociedad,3,0
140,La Liga,2024,1208702,2025-02-17T20:00:00+00:00,FT,Mario Melero,24,529,Barcelona,728,Rayo Vallecano,1,0
140,La Liga,2024,1208711,2025-02-21T20:00:00+00:00,FT,José Sánchez,25,538,Celta Vigo,727,Osasuna,1,0
140,La Liga,2024,1212934,2025-02-22T13:00:00+00:00,FT,Juan Pulido,25,542,Alaves,540,Espanyol,0,1
140,La Liga,2024,1208712,2025-02-22T15:15:00+00:00,FT,Víctor García,25,728,Rayo Vallecano,533,Villarreal,0,1
140,La Liga,2024,1208713,2025-02-22T17:30:00+00:00,FT,Mateo Busquets,25,532,Valencia,530,Atletico Madrid,0,3
140,La Liga,2024,1208714,2025-02-22T20:00:00+00:00,FT,Adrián Cordero,25,534,Las Palmas,529,Barcelona,0,2
140,La Liga,2024,1208710,2025-02-23T13:00:00+00:00,FT,César Soto,25,531,Athletic Club,720,Valladolid,7,1
140,La Liga,2024,1208716,2025-02-23T15:15:00+00:00,FT,Guillermo Cuadra,25,541,Real Madrid,547,Girona,2,0
140,La Liga,2024,1208715,2025-02-23T17:30:00+00:00,FT,Javier Alberola,25,546,Getafe,543,Real Betis,1,2
140,La Liga,2024,1208718,2025-02-23T20:00:00+00:00,FT,Francisco Hernández,25,548,Real Sociedad,537,Leganes,3,0
140,La Liga,2024,1208717,2025-02-24T20:00:00+00:00,FT,Alejandro Muñiz,25,536,Sevilla,798,Mallorca,1,1
140,La Liga,2024,1208726,2025-02-28T20:00:00+00:00,FT,Ricardo De Burgos,26,720,Valladolid,534,Las Palmas,1,1
140,La Liga,2024,1208724,2025-03-01T13:00:00+00:00,FT,Miguel Ortiz,26,547,Girona,538,Celta Vigo,2,2
140,La Liga,2024,1208722,2025-03-01T15:15:00+00:00,FT,Pablo González,26,728,Rayo Vallecano,536,Sevilla,1,1
140,La Liga,2024,1208720,2025-03-01T17:30:00+00:00,FT,Alejandro Hernández,26,543,Real Betis,541,Real Madrid,2,1
140,La Liga,2024,1208723,2025-03-01T20:00:00+00:00,FT,Gil Manzano,26,530,Atletico Madrid,531,Athletic Club,1,0
140,La Liga,2024,1208725,2025-03-02T13:00:00+00:00,FT,Alejandro Muñiz,26,537,Leganes,546,Getafe,1,0
140,La Liga,2024,1208719,2025-03-02T15:15:00+00:00,FT,Alejandro Quintero,26,529,Barcelona,548,Real Sociedad,4,0
140,La Liga,2024,1208727,2025-03-02T17:30:00+00:00,FT,César Soto,26,798,Mallorca,542,Alaves,1,1
140,La Liga,2024,1208721,2025-03-02T20:00:00+00:00,FT,Mario Melero,26,727,Osasuna,532,Valencia,3,3
140,La Liga,2024,1208731,2025-03-08T13:00:00+00:00,FT,Isidro Díaz de Mera,27,538,Celta Vigo,537,Leganes,2,1
140,La Liga,2024,1208734,2025-03-08T15:15:00+00:00,FT,Miguel Ortiz,27,542,Alaves,533,Villarreal,1,0
140,La Liga,2024,1208733,2025-03-08T17:30:00+00:00,FT,Juan Pulido,27,532,Valencia,720,Valladolid,2,1
140,La Liga,2024,1208735,2025-03-09T13:00:00+00:00,FT,Guillermo Cuadra,27,546,Getafe,530,Atletico Madrid,2,1
140,La Liga,2024,1208736,2025-03-09T15:15:00+00:00,FT,Francisco Hernández,27,541,Real Madrid,728,Rayo Vallecano,2,1
140,La Liga,2024,1208728,2025-03-09T17:30:00+00:00,FT,Alejandro Hernández,27,531,Athletic Club,798,Mallorca,1,1
140,La Liga,2024,1208730,2025-03-09T17:30:00+00:00,FT,José Sánchez,27,543,Real Betis,534,Las Palmas,1,0
140,La Liga,2024,1208732,2025-03-09T20:00:00+00:00,FT,Víctor García,27,548,Real Sociedad,536,Sevilla,0,1
140,La Liga,2024,1212936,2025-03-10T20:00:00+00:00,FT,Adrián Cordero,27,540,Espanyol,547,Girona,1,1
140,La Liga,2024,1208745,2025-03-14T20:00:00+00:00,FT,Mario Melero,28,534,Las Palmas,542,Alaves,2,2
140,La Liga,2024,1208742,2025-03-15T13:00:00+00:00,FT,Víctor García,28,720,Valladolid,538,Celta Vigo,0,1
140,La Liga,2024,1212937,2025-03-15T15:15:00+00:00,FT,Alejandro Quintero,28,798,Mallorca,540,Espanyol,2,1
140,La Liga,2024,1208744,2025-03-15T17:30:00+00:00,FT,Gil Manzano,28,533,Villarreal,541,Real Madrid,1,2
140,La Liga,2024,1208738,2025-03-15T20:00:00+00:00,FT,José Munuera,28,547,Girona,532,Valencia,1,1
140,La Liga,2024,1208741,2025-03-16T13:00:00+00:00,FT,César Soto,28,537,Leganes,543,Real Betis,2,3
140,La Liga,2024,1208740,2025-03-16T15:15:00+00:00,FT,Juan Pulido,28,536,Sevilla,531,Athletic Club,0,1
140,La Liga,2024,1208743,2025-03-16T17:30:00+00:00,FT,Alejandro Hernández,28,727,Osasuna,546,Getafe,1,2
140,La Liga,2024,1208739,2025-03-16T17:30:00+00:00,FT,Alejandro Muñiz,28,728,Rayo Vallecano,548,Real Sociedad,2,2
140,La Liga,2024,1208737,2025-03-16T20:00:00+00:00,FT,Ricardo De Burgos,28,530,Atletico Madrid,529,Barcelona,2,4
140,La Liga,2024,1208729,2025-03-27T20:00:00+00:00,FT,Mateo Busquets,27,529,Barcelona,727,Osasuna,3,0
140,La Liga,2024,1208751,2025-03-29T13:00:00+00:00,FT,Adrián Cordero,29,548,Real Sociedad,720,Valladolid,2,1
140,La Liga,2024,1212938,2025-03-29T15:15:00+00:00,FT,Javier Alberola,29,540,Espanyol,530,Atletico Madrid,1,1
140,La Liga,2024,1208752,2025-03-29T17:30:00+00:00,FT,José Munuera,29,542,Alaves,728,Rayo Vallecano,0,2
140,La Liga,2024,1208754,2025-03-29T20:00:00+00:00,FT,Pablo González,29,541,Real Madrid,537,Leganes,3,2
140,La Liga,2024,1208750,2025-03-30T12:00:00+00:00,FT,Isidro Díaz de Mera,29,546,Getafe,533,Villarreal,1,2
140,La Liga,2024,1208747,2025-03-30T14:15:00+00:00,FT,Juan Pulido,29,529,Barcelona,547,Girona,4,1
140,La Liga,2024,1208746,2025-03-30T16:30:00+00:00,FT,Guillermo Cuadra,29,531,Athletic Club,727,Osasuna,0,0
140,La Liga,2024,1208753,2025-03-30T16:30:00+00:00,FT,Francisco Hernández,29,532,Valencia,798,Mallorca,1,0
140,La Liga,2024,1208748,2025-03-30T19:00:00+00:00,FT,Mateo Busquets,29,543,Real Betis,536,Sevilla,2,1
140,La Liga,2024,1208749,2025-03-31T19:00:00+00:00,FT,Juan Martínez,29,538,Celta Vigo,534,Las Palmas,1,1
140,La Liga,2024,1212939,2025-04-04T19:00:00+00:00,FT,Alejandro Hernández,30,728,Rayo Vallecano,540,Espanyol,0,4
140,La Liga,2024,1208763,2025-04-05T12:00:00+00:00,FT,Alejandro Muñiz,30,547,Girona,542,Alaves,0,1
140,La Liga,2024,1208756,2025-04-05T14:15:00+00:00,FT,Guillermo Cuadra,30,541,Real Madrid,532,Valencia,1,2
140,La Liga,2024,1208761,2025-04-05T16:30:00+00:00,FT,Ricardo De Burgos,30,798,Mallorca,538,Celta Vigo,1,2
140,La Liga,2024,1208755,2025-04-05T19:00:00+00:00,FT,Gil Manzano,30,529,Barcelona,543,Real Betis,1,1
140,La Liga,2024,1208757,2025-04-06T12:00:00+00:00,FT,Miguel Ortiz,30,534,Las Palmas,548,Real Sociedad,1,3
140,La Liga,2024,1208760,2025-04-06T14:15:00+00:00,FT,César Soto,30,536,Sevilla,530,Atletico Madrid,1,2
140,La Liga,2024,1208762,2025-04-06T16:30:00+00:00,FT,Alejandro Quintero,30,720,Valladolid,546,Getafe,0,4
140,La Liga,2024,1208759,2025-04-06T19:00:00+00:00,FT,Mario Melero,30,533,Villarreal,531,Athletic Club,0,0
140,La Liga,2024,1208758,2025-04-07T19:00:00+00:00,FT,Víctor García,30,537,Leganes,727,Osasuna,1,1
140,La Liga,2024,1208772,2025-04-11T19:00:00+00:00,FT,José Sánchez,31,532,Valencia,536,Sevilla,1,0
140,La Liga,2024,1208771,2025-04-12T12:00:00+00:00,FT,José Munuera,31,548,Real Sociedad,798,Mallorca,0,2
140,La Liga,2024,1208767,2025-04-12T14:15:00+00:00,FT,Javier Alberola,31,546,Getafe,534,Las Palmas,1,3
140,La Liga,2024,1212940,2025-04-12T16:30:00+00:00,FT,Mateo Busquets,31,538,Celta Vigo,540,Espanyol,0,2
140,La Liga,2024,1208769,2025-04-12T19:00:00+00:00,FT,Francisco Hernández,31,537,Leganes,529,Barcelona,0,1
140,La Liga,2024,1208770,2025-04-13T12:00:00+00:00,FT,Pablo González,31,727,Osasuna,547,Girona,2,1
140,La Liga,2024,1208768,2025-04-13T14:15:00+00:00,FT,César Soto,31,542,Alaves,541,Real Madrid,0,1
140,La Liga,2024,1208766,2025-04-13T16:30:00+00:00,FT,Juan Pulido,31,543,Real Betis,533,Villarreal,1,2
140,La Liga,2024,1208764,2025-04-13T19:00:00+00:00,FT,Adrián Cordero,31,531,Athletic Club,728,Rayo Vallecano,3,1
140,La Liga,2024,1208765,2025-04-14T19:00:00+00:00,FT,Isidro Díaz de Mera,31,530,Atletico Madrid,720,Valladolid,4,2
140,La Liga,2024,1212941,2025-04-18T19:00:00+00:00,FT,Ricardo De Burgos,32,540,Espanyol,546,Getafe,1,0
140,La Liga,2024,1208774,2025-04-19T12:00:00+00:00,FT,Alejandro Quintero,32,728,Rayo Vallecano,532,Valencia,1,1
140,La Liga,2024,1208773,2025-04-19T14:15:00+00:00,FT,Mario Melero,32,529,Barcelona,538,Celta Vigo,4,3
140,La Liga,2024,1208781,2025-04-19T16:30:00+00:00,FT,Alejandro Muñiz,32,798,Mallorca,537,Leganes,0,0
140,La Liga,2024,1208776,2025-04-19T19:00:00+00:00,FT,Víctor García,32,534,Las Palmas,530,Atletico Madrid,1,0
140,La Liga,2024,1208778,2025-04-20T12:00:00+00:00,FT,Gil Manzano,32,720,Valladolid,727,Osasuna,2,3
140,La Liga,2024,1208779,2025-04-20T14:15:00+00:00,FT,Guillermo Cuadra,32,533,Villarreal,548,Real Sociedad,2,2
140,La Liga,2024,1208780,2025-04-20T16:30:00+00:00,FT,Miguel Ortiz,32,536,Sevilla,542,Alaves,1,1
140,La Liga,2024,1208775,2025-04-20T19:00:00+00:00,FT,Juan Martínez,32,541,Real Madrid,531,Athletic Club,1,0
140,La Liga,2024,1208777,2025-04-21T19:00:00+00:00,FT,Alejandro Hernández,32,547,Girona,543,Real Betis,1,3
140,La Liga,2024,1212942,2025-04-22T17:00:00+00:00,FT,Juan Pulido,33,532,Valencia,540,Espanyol,1,1
140,La Liga,2024,1208784,2025-04-22T19:30:00+00:00,FT,Miguel Ortiz,33,529,Barcelona,798,Mallorca,1,0
140,La Liga,2024,1208782,2025-04-23T17:00:00+00:00,FT,Isidro Díaz de Mera,33,531,Athletic Club,534,Las Palmas,1,0
140,La Liga,2024,1208786,2025-04-23T17:00:00+00:00,FT,Javier Alberola,33,538,Celta Vigo,533,Villarreal,3,0
140,La Liga,2024,1208789,2025-04-23T19:30:00+00:00,FT,Mateo Busquets,33,542,Alaves,548,Real Sociedad,1,0
140,La Liga,2024,1208787,2025-04-23T19:30:00+00:00,FT,José Sánchez,33,546,Getafe,541,Real Madrid,0,1
140,La Liga,2024,1208790,2025-04-24T17:00:00+00:00,FT,José Munuera,33,537,Leganes,547,Girona,1,1
140,La Liga,2024,1208788,2025-04-24T17:00:00+00:00,FT,Adrián Cordero,33,727,Osasuna,536,Sevilla,1,0
140,La Liga,2024,1208783,2025-04-24T19:30:00+00:00,FT,Pablo González,33,530,Atletico Madrid,728,Rayo Vallecano,3,0
140,La Liga,2024,1208785,2025-04-24T19:30:00+00:00,FT,Francisco Hernández,33,543,Real Betis,720,Valladolid,5,1
140,La Liga,2024,1212935,2025-04-27T14:15:00+00:00,FT,José Munuera,26,533,Villarreal,540,Espanyol,1,0
140,La Liga,2024,1208797,2025-05-02T19:00:00+00:00,FT,Víctor García,34,728,Rayo Vallecano,546,Getafe,1,0
140,La Liga,2024,1208793,2025-05-03T12:00:00+00:00,FT,Juan Martínez,34,542,Alaves,530,Atletico Madrid,0,0
140,La Liga,2024,1208798,2025-05-03T14:15:00+00:00,FT,Alejandro Quintero,34,533,Villarreal,727,Osasuna,4,2
140,La Liga,2024,1208792,2025-05-03T16:30:00+00:00,FT,Ricardo De Burgos,34,534,Las Palmas,532,Valencia,2,3
140,La Liga,2024,1208795,2025-05-03T19:00:00+00:00,FT,Alejandro Muñiz,34,720,Valladolid,529,Barcelona,1,2
140,La Liga,2024,1208796,2025-05-04T12:00:00+00:00,FT,Gil Manzano,34,541,Real Madrid,538,Celta Vigo,3,2
140,La Liga,2024,1208799,2025-05-04T14:15:00+00:00,FT,Alejandro Hernández,34,536,Sevilla,537,Leganes,2,2
140,La Liga,2024,1212943,2025-05-04T16:30:00+00:00,FT,Guillermo Cuadra,34,540,Espanyol,543,Real Betis,1,2
140,La Liga,2024,1208794,2025-05-04T19:00:00+00:00,FT,César Soto,34,548,Real Sociedad,531,Athletic Club,0,0
140,La Liga,2024,1208791,2025-05-05T19:00:00+00:00,FT,Mario Melero,34,547,Girona,798,Mallorca,1,0
140,La Liga,2024,1208806,2025-05-09T19:00:00+00:00,FT,Francisco Hernández,35,534,Las Palmas,728,Rayo Vallecano,0,1
140,La Liga,2024,1208807,2025-05-10T12:00:00+00:00,FT,Adrián Cordero,35,532,Valencia,546,Getafe,3,0
140,La Liga,2024,1208803,2025-05-10T14:15:00+00:00,FT,Pablo González,35,538,Celta Vigo,536,Sevilla,3,2
140,La Liga,2024,1208804,2025-05-10T16:30:00+00:00,FT,Isidro Díaz de Mera,35,547,Girona,533,Villarreal,0,1
140,La Liga,2024,1208805,2025-05-10T16:30:00+00:00,FT,Juan Pulido,35,798,Mallorca,720,Valladolid,2,1
140,La Liga,2024,1208800,2025-05-10T19:00:00+00:00,FT,José Sánchez,35,530,Atletico Madrid,548,Real Sociedad,4,0
140,La Liga,2024,1212944,2025-05-11T12:00:00+00:00,FT,Javier Alberola,35,537,Leganes,540,Espanyol,3,2
140,La Liga,2024,1208801,2025-05-11T14:15:00+00:00,FT,Alejandro Hernández,35,529,Barcelona,541,Real Madrid,4,3
140,La Liga,2024,1208808,2025-05-11T16:30:00+00:00,FT,José Munuera,35,531,Athletic Club,542,Alaves,1,0
140,La Liga,2024,1208802,2025-05-11T19:00:00+00:00,FT,Miguel Ortiz,35,543,Real Betis,727,Osasuna,1,1
140,La Liga,2024,1208814,2025-05-13T17:00:00+00:00,FT,Alejandro Quintero,36,720,Valladolid,547,Girona,0,1
140,La Liga,2024,1208813,2025-05-13T18:00:00+00:00,FT,Víctor García,36,548,Real Sociedad,538,Celta Vigo,0,1
140,La Liga,2024,1208816,2025-05-13T19:30:00+00:00,FT,Juan Martínez,36,536,Sevilla,534,Las Palmas,1,0
140,La Liga,2024,1208817,2025-05-14T17:00:00+00:00,FT,Ricardo De Burgos,36,533,Villarreal,537,Leganes,3,0
140,La Liga,2024,1208809,2025-05-14T17:00:00+00:00,FT,Gil Manzano,36,542,Alaves,532,Valencia,1,0
140,La Liga,2024,1208815,2025-05-14T19:30:00+00:00,FT,Javier Alberola,36,541,Real Madrid,798,Mallorca,2,1
140,La Liga,2024,1208811,2025-05-15T17:00:00+00:00,FT,Mario Melero,36,727,Osasuna,530,Atletico Madrid,2,0
140,La Liga,2024,1208812,2025-05-15T17:00:00+00:00,FT,Pablo González,36,728,Rayo Vallecano,543,Real Betis,2,2
140,La Liga,2024,1212945,2025-05-15T19:30:00+00:00,FT,César Soto,36,540,Espanyol,529,Barcelona,0,2
140,La Liga,2024,1208810,2025-05-15T19:30:00+00:00,FT,Guillermo Cuadra,36,546,Getafe,531,Athletic Club,0,2
140,La Liga,2024,1208819,2025-05-18T17:00:00+00:00,FT,José Munuera,37,529,Barcelona,533,Villarreal,2,3
140,La Liga,2024,1208818,2025-05-18T17:00:00+00:00,FT,Adrián Cordero,37,530,Atletico Madrid,543,Real Betis,4,1
140,La Liga,2024,1208821,2025-05-18T17:00:00+00:00,FT,Alejandro Muñiz,37,532,Valencia,531,Athletic Club,0,1
140,La Liga,2024,1208826,2025-05-18T17:00:00+00:00,FT,José Sánchez,37,534,Las Palmas,537,Leganes,0,1
140,La Liga,2024,1208824,2025-05-18T17:00:00+00:00,FT,Mateo Busquets,37,536,Sevilla,541,Real Madrid,0,2
140,La Liga,2024,1208820,2025-05-18T17:00:00+00:00,FT,Juan Pulido,37,538,Celta Vigo,728,Rayo Vallecano,1,2
140,La Liga,2024,1208823,2025-05-18T17:00:00+00:00,FT,Miguel Ortiz,37,548,Real Sociedad,547,Girona,3,2
140,La Liga,2024,1208825,2025-05-18T17:00:00+00:00,FT,Isidro Díaz de Mera,37,720,Valladolid,542,Alaves,0,1
140,La Liga,2024,1212946,2025-05-18T17:00:00+00:00,FT,Francisco Hernández,37,727,Osasuna,540,Espanyol,2,0
140,La Liga,2024,1208822,2025-05-18T17:00:00+00:00,FT,Alejandro Hernández,37,798,Mallorca,546,Getafe,1,2
140,La Liga,2024,1208828,2025-05-23T19:00:00+00:00,FT,Víctor García,38,543,Real Betis,532,Valencia,1,1
140,La Liga,2024,1208829,2025-05-24T14:15:00+00:00,FT,Mario Melero,38,541,Real Madrid,548,Real Sociedad,2,0
140,La Liga,2024,1208831,2025-05-24T16:30:00+00:00,FT,César Soto,38,537,Leganes,720,Valladolid,3,0
140,La Liga,2024,1212947,2025-05-24T16:30:00+00:00,FT,Alejandro Muñiz,38,540,Espanyol,534,Las Palmas,2,0
140,La Liga,2024,1208830,2025-05-24T19:00:00+00:00,FT,Guillermo Cuadra,38,542,Alaves,727,Osasuna,1,1
140,La Liga,2024,1208833,2025-05-24T19:00:00+00:00,FT,Juan Martínez,38,546,Getafe,538,Celta Vigo,1,2
140,La Liga,2024,1208834,2025-05-24T19:00:00+00:00,FT,Ricardo De Burgos,38,728,Rayo Vallecano,798,Mallorca,0,0
140,La Liga,2024,1208832,2025-05-25T12:00:00+00:00,FT,Gil Manzano,38,547,Girona,530,Atletico Madrid,0,4
140,La Liga,2024,1208835,2025-05-25T14:15:00+00:00,FT,Javier Alberola,38,533,Villarreal,536,Sevilla,4,2
140,La Liga,2024,1208827,2025-05-25T19:00:00+00:00,FT,Pablo González,38,531,Athletic Club,529,Barcelona,0,3
135,Serie A,2022,881780,2022-08-13T16:30:00+00:00,FT,L. Marinelli,1,489,AC Milan,494,Udinese,4,2
135,Serie A,2022,881781,2022-08-13T16:30:00+00:00,FT,F. Dionisi,1,498,Sampdoria,499,Atalanta,0,2
135,Serie A,2022,881782,2022-08-13T18:45:00+00:00,FT,A. Prontera,1,867,Lecce,505,Inter,1,2
135,Serie A,2022,881783,2022-08-13T18:45:00+00:00,FT,M. Mariani,1,1579,Monza,503,Torino,1,2
135,Serie A,2022,881785,2022-08-14T16:30:00+00:00,FT,L. Massimi,1,487,Lazio,500,Bologna,2,1
135,Serie A,2022,881784,2022-08-14T16:30:00+00:00,FT,J. Sacchi,1,502,Fiorentina,520,Cremonese,3,2
135,Serie A,2022,881786,2022-08-14T18:45:00+00:00,FT,S. Sozza,1,514,Salernitana,497,AS Roma,0,1
135,Serie A,2022,881787,2022-08-14T18:45:00+00:00,FT,D. Chiffi,1,515,Spezia,511,Empoli,1,0
135,Serie A,2022,881788,2022-08-15T16:30:00+00:00,FT,M. Fabbri,1,504,Hellas Verona,492,Napoli,2,5
135,Serie A,2022,881789,2022-08-15T18:45:00+00:00,FT,A. Rapuano,1,496,Juventus,488,Sassuolo,3,0
135,Serie A,2022,881791,2022-08-20T16:30:00+00:00,FT,G. Aureliano,2,494,Udinese,514,Salernitana,0,0
135,Serie A,2022,881790,2022-08-20T16:30:00+00:00,FT,M. Piccinini,2,503,Torino,487,Lazio,0,0
135,Serie A,2022,881793,2022-08-20T18:45:00+00:00,FT,A. Colombo,2,488,Sassuolo,867,Lecce,1,0
135,Serie A,2022,881792,2022-08-20T18:45:00+00:00,FT,D. Ghersini,2,505,Inter,515,Spezia,3,0
135,Serie A,2022,881795,2022-08-21T16:30:00+00:00,FT,F. Fourneau,2,492,Napoli,1579,Monza,4,0
135,Serie A,2022,881794,2022-08-21T16:30:00+00:00,FT,M. Marchetti,2,511,Empoli,502,Fiorentina,0,0
135,Serie A,2022,881796,2022-08-21T18:45:00+00:00,FT,F. Maresca,2,499,Atalanta,489,AC Milan,1,1
135,Serie A,2022,881797,2022-08-21T18:45:00+00:00,FT,M. Marcenaro,2,500,Bologna,504,Hellas Verona,1,1
135,Serie A,2022,881798,2022-08-22T16:30:00+00:00,FT,L. Massimi,2,497,AS Roma,520,Cremonese,1,0
135,Serie A,2022,881799,2022-08-22T18:45:00+00:00,FT,R. Abisso,2,498,Sampdoria,496,Juventus,0,0
135,Serie A,2022,881800,2022-08-26T16:30:00+00:00,FT,M. Di Bello,3,1579,Monza,494,Udinese,1,2
135,Serie A,2022,881801,2022-08-26T18:45:00+00:00,FT,M. Fabbri,3,487,Lazio,505,Inter,3,1
135,Serie A,2022,881803,2022-08-27T16:30:00+00:00,FT,M. Irrati,3,496,Juventus,497,AS Roma,1,1
135,Serie A,2022,881802,2022-08-27T16:30:00+00:00,FT,P. Valeri,3,520,Cremonese,503,Torino,1,2
135,Serie A,2022,881804,2022-08-27T18:45:00+00:00,FT,G. Manganiello,3,489,AC Milan,500,Bologna,2,0
135,Serie A,2022,881805,2022-08-27T18:45:00+00:00,FT,F. Cosso,3,515,Spezia,488,Sassuolo,2,2
135,Serie A,2022,881806,2022-08-28T16:30:00+00:00,FT,A. Prontera,3,504,Hellas Verona,499,Atalanta,0,1
135,Serie A,2022,881807,2022-08-28T16:30:00+00:00,FT,D. Massa,3,514,Salernitana,498,Sampdoria,4,0
135,Serie A,2022,881808,2022-08-28T18:45:00+00:00,FT,L. Marinelli,3,502,Fiorentina,492,Napoli,0,0
135,Serie A,2022,881809,2022-08-28T18:45:00+00:00,FT,A. Santoro,3,867,Lecce,511,Empoli,1,1
135,Serie A,2022,881810,2022-08-30T16:30:00+00:00,FT,G. Ayroldi,4,488,Sassuolo,489,AC Milan,0,0
135,Serie A,2022,881812,2022-08-30T18:45:00+00:00,FT,M. Piccinini,4,497,AS Roma,1579,Monza,3,0
135,Serie A,2022,881811,2022-08-30T18:45:00+00:00,FT,F. Fourneau,4,505,Inter,520,Cremonese,3,1
135,Serie A,2022,881815,2022-08-31T16:30:00+00:00,FT,M. Mariani,4,494,Udinese,502,Fiorentina,1,0
135,Serie A,2022,881814,2022-08-31T16:30:00+00:00,FT,G. Aureliano,4,498,Sampdoria,487,Lazio,1,1
135,Serie A,2022,881813,2022-08-31T16:30:00+00:00,FT,M. Serra,4,511,Empoli,504,Hellas Verona,1,1
135,Serie A,2022,881817,2022-08-31T18:45:00+00:00,FT,M. Marcenaro,4,492,Napoli,867,Lecce,1,1
135,Serie A,2022,881816,2022-08-31T18:45:00+00:00,FT,A. Colombo,4,496,Juventus,515,Spezia,2,0
135,Serie A,2022,881818,2022-09-01T18:45:00+00:00,FT,M. Di Bello,4,499,Atalanta,503,Torino,3,1
135,Serie A,2022,881819,2022-09-01T18:45:00+00:00,FT,D. Ghersini,4,500,Bologna,514,Salernitana,1,1
135,Serie A,2022,881820,2022-09-03T13:00:00+00:00,FT,D. Doveri,5,502,Fiorentina,496,Juventus,1,1
135,Serie A,2022,881821,2022-09-03T16:00:00+00:00,FT,D. Chiffi,5,489,AC Milan,505,Inter,3,2
135,Serie A,2022,881822,2022-09-03T18:45:00+00:00,FT,S. Sozza,5,487,Lazio,492,Napoli,1,2
135,Serie A,2022,881823,2022-09-04T10:30:00+00:00,FT,L. Pairetto,5,520,Cremonese,488,Sassuolo,0,0
135,Serie A,2022,881824,2022-09-04T13:00:00+00:00,FT,A. Giua,5,515,Spezia,500,Bologna,2,2
135,Serie A,2022,881825,2022-09-04T16:00:00+00:00,FT,P. Valeri,5,504,Hellas Verona,498,Sampdoria,2,1
135,Serie A,2022,881826,2022-09-04T18:45:00+00:00,FT,F. Maresca,5,494,Udinese,497,AS Roma,4,0
135,Serie A,2022,881828,2022-09-05T16:30:00+00:00,FT,R. Abisso,5,514,Salernitana,511,Empoli,2,2
135,Serie A,2022,881827,2022-09-05T16:30:00+00:00,FT,J. Sacchi,5,1579,Monza,499,Atalanta,0,2
135,Serie A,2022,881829,2022-09-05T18:45:00+00:00,FT,M. Volpi,5,503,Torino,867,Lecce,1,0
135,Serie A,2022,881837,2022-09-10T13:00:00+00:00,FT,A. Santoro,6,492,Napoli,515,Spezia,1,0
135,Serie A,2022,881833,2022-09-10T16:00:00+00:00,FT,G. Ayroldi,6,505,Inter,503,Torino,1,0
135,Serie A,2022,881838,2022-09-10T18:45:00+00:00,FT,M. Fabbri,6,498,Sampdoria,489,AC Milan,1,2
135,Serie A,2022,881830,2022-09-11T10:30:00+00:00,FT,A. Colombo,6,499,Atalanta,520,Cremonese,1,1
135,Serie A,2022,881839,2022-09-11T13:00:00+00:00,FT,G. Camplone,6,488,Sassuolo,494,Udinese,1,3
135,Serie A,2022,881831,2022-09-11T13:00:00+00:00,FT,D. Orsato,6,500,Bologna,502,Fiorentina,2,1
135,Serie A,2022,881836,2022-09-11T13:00:00+00:00,FT,L. Pairetto,6,867,Lecce,1579,Monza,1,1
135,Serie A,2022,881835,2022-09-11T16:00:00+00:00,FT,M. Irrati,6,487,Lazio,504,Hellas Verona,2,0
135,Serie A,2022,881834,2022-09-11T18:45:00+00:00,FT,M. Marcenaro,6,496,Juventus,514,Salernitana,2,2
135,Serie A,2022,881832,2022-09-12T18:45:00+00:00,FT,L. Marinelli,6,511,Empoli,497,AS Roma,1,2
135,Serie A,2022,881846,2022-09-16T18:45:00+00:00,FT,D. Doveri,7,514,Salernitana,867,Lecce,1,2
135,Serie A,2022,881840,2022-09-17T13:00:00+00:00,FT,M. Volpi,7,500,Bologna,511,Empoli,0,1
135,Serie A,2022,881847,2022-09-17T16:00:00+00:00,FT,S. Sozza,7,515,Spezia,498,Sampdoria,2,1
135,Serie A,2022,881848,2022-09-17T18:45:00+00:00,FT,N. Baroni,7,503,Torino,488,Sassuolo,0,1
135,Serie A,2022,881849,2022-09-18T10:30:00+00:00,FT,P. Valeri,7,494,Udinese,505,Inter,3,1
135,Serie A,2022,881842,2022-09-18T13:00:00+00:00,FT,A. Rapuano,7,502,Fiorentina,504,Hellas Verona,2,0
135,Serie A,2022,881841,2022-09-18T13:00:00+00:00,FT,D. Orsato,7,520,Cremonese,487,Lazio,0,4
135,Serie A,2022,881844,2022-09-18T13:00:00+00:00,FT,F. Maresca,7,1579,Monza,496,Juventus,1,0
135,Serie A,2022,881845,2022-09-18T16:00:00+00:00,FT,D. Chiffi,7,497,AS Roma,499,Atalanta,0,1
135,Serie A,2022,881843,2022-09-18T18:45:00+00:00,FT,M. Mariani,7,489,AC Milan,492,Napoli,1,2
135,Serie A,2022,881857,2022-10-01T13:00:00+00:00,FT,L. Massimi,8,492,Napoli,503,Torino,3,1
135,Serie A,2022,881853,2022-10-01T16:00:00+00:00,FT,D. Massa,8,505,Inter,497,AS Roma,1,2
135,Serie A,2022,881851,2022-10-01T18:45:00+00:00,FT,G. Aureliano,8,511,Empoli,489,AC Milan,1,3
135,Serie A,2022,881855,2022-10-02T10:30:00+00:00,FT,J. Sacchi,8,487,Lazio,515,Spezia,4,0
135,Serie A,2022,881859,2022-10-02T13:00:00+00:00,FT,M. Ferrieri Caputi,8,488,Sassuolo,514,Salernitana,5,0
135,Serie A,2022,881858,2022-10-02T13:00:00+00:00,FT,G. Ayroldi,8,498,Sampdoria,1579,Monza,0,3
135,Serie A,2022,881856,2022-10-02T13:00:00+00:00,FT,L. Marinelli,8,867,Lecce,520,Cremonese,1,1
135,Serie A,2022,881850,2022-10-02T16:00:00+00:00,FT,M. Irrati,8,499,Atalanta,502,Fiorentina,1,0
135,Serie A,2022,881854,2022-10-02T18:45:00+00:00,FT,R. Abisso,8,496,Juventus,500,Bologna,3,0
135,Serie A,2022,881852,2022-10-03T18:45:00+00:00,FT,D. Minelli,8,504,Hellas Verona,494,Udinese,1,2
135,Serie A,2022,881867,2022-10-08T13:00:00+00:00,FT,S. Sozza,9,488,Sassuolo,505,Inter,1,2
135,Serie A,2022,881863,2022-10-08T16:00:00+00:00,FT,D. Orsato,9,489,AC Milan,496,Juventus,2,0
135,Serie A,2022,881860,2022-10-08T18:45:00+00:00,FT,M. Piccinini,9,500,Bologna,498,Sampdoria,1,1
135,Serie A,2022,881868,2022-10-09T10:30:00+00:00,FT,F. Fourneau,9,503,Torino,511,Empoli,1,1
135,Serie A,2022,881869,2022-10-09T13:00:00+00:00,FT,D. Doveri,9,494,Udinese,499,Atalanta,2,2
135,Serie A,2022,881866,2022-10-09T13:00:00+00:00,FT,D. Ghersini,9,514,Salernitana,504,Hellas Verona,2,1
135,Serie A,2022,881864,2022-10-09T13:00:00+00:00,FT,D. Perenzoni,9,1579,Monza,515,Spezia,2,0
135,Serie A,2022,881861,2022-10-09T16:00:00+00:00,FT,R. Abisso,9,520,Cremonese,492,Napoli,1,4
135,Serie A,2022,881865,2022-10-09T18:45:00+00:00,FT,A. Prontera,9,497,AS Roma,867,Lecce,2,1
135,Serie A,2022,881862,2022-10-10T18:45:00+00:00,FT,F. Maresca,9,502,Fiorentina,487,Lazio,0,4
135,Serie A,2022,881871,2022-10-15T13:00:00+00:00,FT,A. Rapuano,10,511,Empoli,1579,Monza,1,0
135,Serie A,2022,881879,2022-10-15T16:00:00+00:00,FT,M. Mariani,10,503,Torino,496,Juventus,0,1
135,Serie A,2022,881870,2022-10-15T18:45:00+00:00,FT,M. Marcenaro,10,499,Atalanta,488,Sassuolo,2,1
135,Serie A,2022,881873,2022-10-16T10:30:00+00:00,FT,J. Sacchi,10,505,Inter,514,Salernitana,2,0
135,Serie A,2022,881874,2022-10-16T13:00:00+00:00,FT,A. Colombo,10,487,Lazio,494,Udinese,0,0
135,Serie A,2022,881878,2022-10-16T13:00:00+00:00,FT,G. Manganiello,10,515,Spezia,520,Cremonese,2,2
135,Serie A,2022,881876,2022-10-16T16:00:00+00:00,FT,F. Cosso,10,492,Napoli,500,Bologna,3,2
135,Serie A,2022,881872,2022-10-16T18:45:00+00:00,FT,D. Massa,10,504,Hellas Verona,489,AC Milan,1,2
135,Serie A,2022,881877,2022-10-17T16:30:00+00:00,FT,M. Di Bello,10,498,Sampdoria,497,AS Roma,0,1
135,Serie A,2022,881875,2022-10-17T18:45:00+00:00,FT,L. Massimi,10,867,Lecce,502,Fiorentina,1,1
135,Serie A,2022,881884,2022-10-21T18:45:00+00:00,FT,M. Fabbri,11,496,Juventus,511,Empoli,4,0
135,Serie A,2022,881887,2022-10-22T13:00:00+00:00,FT,D. Chiffi,11,514,Salernitana,515,Spezia,1,0
135,Serie A,2022,881885,2022-10-22T16:00:00+00:00,FT,L. Marinelli,11,489,AC Milan,1579,Monza,4,1
135,Serie A,2022,881883,2022-10-22T18:45:00+00:00,FT,P. Valeri,11,502,Fiorentina,505,Inter,3,4
135,Serie A,2022,881889,2022-10-23T10:30:00+00:00,FT,M. Marchetti,11,494,Udinese,503,Torino,1,2
135,Serie A,2022,881881,2022-10-23T13:00:00+00:00,FT,S. Sozza,11,500,Bologna,867,Lecce,2,0
135,Serie A,2022,881880,2022-10-23T16:00:00+00:00,FT,R. Abisso,11,499,Atalanta,487,Lazio,0,2
135,Serie A,2022,881886,2022-10-23T18:45:00+00:00,FT,M. Irrati,11,497,AS Roma,492,Napoli,0,1
135,Serie A,2022,881882,2022-10-24T16:30:00+00:00,FT,F. Maresca,11,520,Cremonese,498,Sampdoria,0,1
135,Serie A,2022,881888,2022-10-24T18:45:00+00:00,FT,A. Santoro,11,488,Sassuolo,504,Hellas Verona,2,1
135,Serie A,2022,881894,2022-10-29T13:00:00+00:00,FT,A. Rapuano,12,492,Napoli,488,Sassuolo,4,0
135,Serie A,2022,881898,2022-10-29T16:00:00+00:00,FT,D. Chiffi,12,867,Lecce,496,Juventus,0,1
135,Serie A,2022,881892,2022-10-29T18:45:00+00:00,FT,L. Massimi,12,505,Inter,498,Sampdoria,3,0
135,Serie A,2022,881895,2022-10-30T11:30:00+00:00,FT,G. Ayroldi,12,511,Empoli,499,Atalanta,0,2
135,Serie A,2022,881897,2022-10-30T14:00:00+00:00,FT,D. Massa,12,515,Spezia,502,Fiorentina,1,2
135,Serie A,2022,881890,2022-10-30T14:00:00+00:00,FT,M. Irrati,12,520,Cremonese,494,Udinese,0,0
135,Serie A,2022,881893,2022-10-30T17:00:00+00:00,FT,G. Manganiello,12,487,Lazio,514,Salernitana,1,3
135,Serie A,2022,881899,2022-10-30T19:45:00+00:00,FT,R. Abisso,12,503,Torino,489,AC Milan,2,1
135,Serie A,2022,881891,2022-10-31T17:30:00+00:00,FT,J. Sacchi,12,504,Hellas Verona,497,AS Roma,1,3
135,Serie A,2022,881896,2022-10-31T19:45:00+00:00,FT,L. Pairetto,12,1579,Monza,500,Bologna,1,2
135,Serie A,2022,881909,2022-11-04T19:45:00+00:00,FT,F. Fourneau,13,494,Udinese,867,Lecce,1,1
135,Serie A,2022,881902,2022-11-05T14:00:00+00:00,FT,E. Feliciani,13,511,Empoli,488,Sassuolo,1,0
135,Serie A,2022,881904,2022-11-05T14:00:00+00:00,FT,M. Marchetti,13,514,Salernitana,520,Cremonese,2,2
135,Serie A,2022,881900,2022-11-05T17:00:00+00:00,FT,M. Mariani,13,499,Atalanta,492,Napoli,1,2
135,Serie A,2022,881903,2022-11-05T19:45:00+00:00,FT,M. Fabbri,13,489,AC Milan,515,Spezia,2,1
135,Serie A,2022,881901,2022-11-06T11:30:00+00:00,FT,A. Giua,13,500,Bologna,503,Torino,2,1
135,Serie A,2022,881905,2022-11-06T14:00:00+00:00,FT,L. Marinelli,13,498,Sampdoria,502,Fiorentina,0,2
135,Serie A,2022,881906,2022-11-06T14:00:00+00:00,FT,F. Cosso,13,1579,Monza,504,Hellas Verona,2,0
135,Serie A,2022,881908,2022-11-06T17:00:00+00:00,FT,D. Orsato,13,497,AS Roma,487,Lazio,0,1
135,Serie A,2022,881907,2022-11-06T19:45:00+00:00,FT,D. Doveri,13,496,Juventus,505,Inter,2,0
135,Serie A,2022,881916,2022-11-08T17:30:00+00:00,FT,L. Pairetto,14,492,Napoli,511,Empoli,2,0
135,Serie A,2022,881918,2022-11-08T17:30:00+00:00,FT,M. Piccinini,14,515,Spezia,494,Udinese,1,1
135,Serie A,2022,881910,2022-11-08T19:45:00+00:00,FT,A. Rapuano,14,520,Cremonese,489,AC Milan,0,0
135,Serie A,2022,881917,2022-11-09T17:30:00+00:00,FT,G. Ayroldi,14,488,Sassuolo,497,AS Roma,1,1
135,Serie A,2022,881915,2022-11-09T17:30:00+00:00,FT,G. Aureliano,14,867,Lecce,499,Atalanta,2,1
135,Serie A,2022,881911,2022-11-09T19:45:00+00:00,FT,F. La Penna,14,502,Fiorentina,514,Salernitana,2,1
135,Serie A,2022,881919,2022-11-09T19:45:00+00:00,FT,D. Massa,14,503,Torino,498,Sampdoria,2,0
135,Serie A,2022,881913,2022-11-09T19:45:00+00:00,FT,A. Colombo,14,505,Inter,500,Bologna,6,1
135,Serie A,2022,881912,2022-11-10T17:30:00+00:00,FT,M. Di Bello,14,504,Hellas Verona,496,Juventus,0,1
135,Serie A,2022,881914,2022-11-10T19:45:00+00:00,FT,A. Santoro,14,487,Lazio,1579,Monza,1,0
135,Serie A,2022,881922,2022-11-11T19:45:00+00:00,FT,F. Dionisi,15,511,Empoli,520,Cremonese,2,0
135,Serie A,2022,881927,2022-11-12T14:00:00+00:00,FT,G. Ayroldi,15,492,Napoli,494,Udinese,3,2
135,Serie A,2022,881929,2022-11-12T17:00:00+00:00,FT,D. Doveri,15,498,Sampdoria,867,Lecce,0,2
135,Serie A,2022,881921,2022-11-12T19:45:00+00:00,FT,I. Pezzuto,15,500,Bologna,488,Sassuolo,3,0
135,Serie A,2022,881920,2022-11-13T11:30:00+00:00,FT,D. Chiffi,15,499,Atalanta,505,Inter,2,3
135,Serie A,2022,881928,2022-11-13T14:00:00+00:00,FT,A. Rapuano,15,497,AS Roma,503,Torino,1,1
135,Serie A,2022,881923,2022-11-13T14:00:00+00:00,FT,F. Maresca,15,504,Hellas Verona,515,Spezia,1,2
135,Serie A,2022,881926,2022-11-13T14:00:00+00:00,FT,A. Giua,15,1579,Monza,514,Salernitana,3,0
135,Serie A,2022,881925,2022-11-13T17:00:00+00:00,FT,S. Sozza,15,489,AC Milan,502,Fiorentina,2,1
135,Serie A,2022,881924,2022-11-13T19:45:00+00:00,FT,D. Massa,15,496,Juventus,487,Lazio,3,0
135,Serie A,2022,881939,2023-01-04T11:30:00+00:00,FT,F. Maresca,16,488,Sassuolo,498,Sampdoria,1,2
135,Serie A,2022,881938,2023-01-04T11:30:00+00:00,FT,F. Fourneau,16,514,Salernitana,489,AC Milan,1,2
135,Serie A,2022,881936,2023-01-04T13:30:00+00:00,FT,F. Dionisi,16,503,Torino,504,Hellas Verona,1,1
135,Serie A,2022,881933,2023-01-04T13:30:00+00:00,FT,A. Giua,16,515,Spezia,499,Atalanta,2,2
135,Serie A,2022,881934,2023-01-04T15:30:00+00:00,FT,A. Santoro,16,497,AS Roma,500,Bologna,1,0
135,Serie A,2022,881937,2023-01-04T15:30:00+00:00,FT,L. Marinelli,16,867,Lecce,487,Lazio,2,1
135,Serie A,2022,881931,2023-01-04T17:30:00+00:00,FT,E. Feliciani,16,502,Fiorentina,1579,Monza,1,1
135,Serie A,2022,881930,2023-01-04T17:30:00+00:00,FT,G. Ayroldi,16,520,Cremonese,496,Juventus,0,1
135,Serie A,2022,881935,2023-01-04T19:45:00+00:00,FT,M. Serra,16,494,Udinese,511,Empoli,1,1
135,Serie A,2022,881932,2023-01-04T19:45:00+00:00,FT,S. Sozza,16,505,Inter,492,Napoli,1,0
135,Serie A,2022,881941,2023-01-07T14:00:00+00:00,FT,G. Manganiello,17,502,Fiorentina,488,Sassuolo,2,1
135,Serie A,2022,881943,2023-01-07T17:00:00+00:00,FT,M. Marchetti,17,496,Juventus,494,Udinese,1,0
135,Serie A,2022,881946,2023-01-07T19:45:00+00:00,FT,J. Sacchi,17,1579,Monza,505,Inter,2,2
135,Serie A,2022,881947,2023-01-08T11:30:00+00:00,FT,A. Colombo,17,514,Salernitana,503,Torino,1,1
135,Serie A,2022,881944,2023-01-08T14:00:00+00:00,FT,I. Pezzuto,17,487,Lazio,511,Empoli,2,2
135,Serie A,2022,881949,2023-01-08T14:00:00+00:00,FT,D. Chiffi,17,515,Spezia,867,Lecce,0,0
135,Serie A,2022,881948,2023-01-08T17:00:00+00:00,FT,R. Abisso,17,498,Sampdoria,492,Napoli,0,2
135,Serie A,2022,881945,2023-01-08T19:45:00+00:00,FT,D. Massa,17,489,AC Milan,497,AS Roma,2,2
135,Serie A,2022,881942,2023-01-09T17:30:00+00:00,FT,M. Mariani,17,504,Hellas Verona,520,Cremonese,2,0
135,Serie A,2022,881940,2023-01-09T19:45:00+00:00,FT,M. Di Bello,17,500,Bologna,499,Atalanta,1,2
135,Serie A,2022,881955,2023-01-13T19:45:00+00:00,FT,D. Doveri,18,492,Napoli,496,Juventus,5,1
135,Serie A,2022,881951,2023-01-14T14:00:00+00:00,FT,D. Massa,18,520,Cremonese,1579,Monza,2,3
135,Serie A,2022,881954,2023-01-14T17:00:00+00:00,FT,D. Orsato,18,867,Lecce,489,AC Milan,2,2
135,Serie A,2022,881953,2023-01-14T19:45:00+00:00,FT,M. Fabbri,18,505,Inter,504,Hellas Verona,1,0
135,Serie A,2022,881957,2023-01-15T11:30:00+00:00,FT,L. Pairetto,18,488,Sassuolo,487,Lazio,0,2
135,Serie A,2022,881959,2023-01-15T14:00:00+00:00,FT,M. Volpi,18,494,Udinese,500,Bologna,1,2
135,Serie A,2022,881958,2023-01-15T14:00:00+00:00,FT,D. Ghersini,18,503,Torino,515,Spezia,0,1
135,Serie A,2022,881950,2023-01-15T17:00:00+00:00,FT,G. Aureliano,18,499,Atalanta,514,Salernitana,8,2
135,Serie A,2022,881956,2023-01-15T19:45:00+00:00,FT,A. Giua,18,497,AS Roma,502,Fiorentina,2,0
135,Serie A,2022,881952,2023-01-16T19:45:00+00:00,FT,A. Santoro,18,511,Empoli,498,Sampdoria,1,0
135,Serie A,2022,881962,2023-01-21T14:00:00+00:00,FT,F. La Penna,19,504,Hellas Verona,867,Lecce,2,0
135,Serie A,2022,881967,2023-01-21T17:00:00+00:00,FT,D. Chiffi,19,514,Salernitana,492,Napoli,0,2
135,Serie A,2022,881961,2023-01-21T19:45:00+00:00,FT,F. Dionisi,19,502,Fiorentina,503,Torino,0,1
135,Serie A,2022,881968,2023-01-22T11:30:00+00:00,FT,M. Mariani,19,498,Sampdoria,494,Udinese,0,1
135,Serie A,2022,881966,2023-01-22T14:00:00+00:00,FT,A. Prontera,19,1579,Monza,488,Sassuolo,1,1
135,Serie A,2022,881969,2023-01-22T17:00:00+00:00,FT,S. Sozza,19,515,Spezia,497,AS Roma,0,2
135,Serie A,2022,881964,2023-01-22T19:45:00+00:00,FT,L. Marinelli,19,496,Juventus,499,Atalanta,3,3
135,Serie A,2022,881960,2023-01-23T17:30:00+00:00,FT,M. Marchetti,19,500,Bologna,520,Cremonese,1,1
135,Serie A,2022,881963,2023-01-23T19:45:00+00:00,FT,A. Rapuano,19,505,Inter,511,Empoli,0,1
135,Serie A,2022,881965,2023-01-24T19:45:00+00:00,FT,M. Di Bello,19,487,Lazio,489,AC Milan,4,0
135,Serie A,2022,881971,2023-01-27T17:30:00+00:00,FT,L. Massimi,20,500,Bologna,515,Spezia,2,0
135,Serie A,2022,881975,2023-01-27T19:45:00+00:00,FT,D. Massa,20,867,Lecce,514,Salernitana,1,2
135,Serie A,2022,881973,2023-01-28T14:00:00+00:00,FT,M. Marcenaro,20,511,Empoli,503,Torino,2,2
135,Serie A,2022,881972,2023-01-28T17:00:00+00:00,FT,M. Mariani,20,520,Cremonese,505,Inter,1,2
135,Serie A,2022,881970,2023-01-28T19:45:00+00:00,FT,D. Doveri,20,499,Atalanta,498,Sampdoria,2,0
135,Serie A,2022,881976,2023-01-29T11:30:00+00:00,FT,A. Giua,20,489,AC Milan,488,Sassuolo,2,5
135,Serie A,2022,881974,2023-01-29T14:00:00+00:00,FT,G. Aureliano,20,496,Juventus,1579,Monza,0,2
135,Serie A,2022,881978,2023-01-29T17:00:00+00:00,FT,A. Colombo,20,487,Lazio,502,Fiorentina,1,1
135,Serie A,2022,881977,2023-01-29T19:45:00+00:00,FT,D. Orsato,20,492,Napoli,497,AS Roma,2,1
135,Serie A,2022,881979,2023-01-30T19:45:00+00:00,FT,L. Pairetto,20,494,Udinese,504,Hellas Verona,1,1
135,Serie A,2022,881980,2023-02-04T14:00:00+00:00,FT,D. Orsato,21,520,Cremonese,867,Lecce,0,2
135,Serie A,2022,881985,2023-02-04T17:00:00+00:00,FT,F. Dionisi,21,497,AS Roma,511,Empoli,2,0
135,Serie A,2022,881987,2023-02-04T19:45:00+00:00,FT,M. Marcenaro,21,488,Sassuolo,499,Atalanta,1,0
135,Serie A,2022,881988,2023-02-05T11:30:00+00:00,FT,M. Di Bello,21,515,Spezia,492,Napoli,0,3
135,Serie A,2022,881989,2023-02-05T14:00:00+00:00,FT,A. Prontera,21,503,Torino,494,Udinese,1,0
135,Serie A,2022,881981,2023-02-05T17:00:00+00:00,FT,L. Pairetto,21,502,Fiorentina,500,Bologna,1,2
135,Serie A,2022,881983,2023-02-05T19:45:00+00:00,FT,D. Massa,21,505,Inter,489,AC Milan,1,0
135,Serie A,2022,881982,2023-02-06T17:30:00+00:00,FT,G. Ayroldi,21,504,Hellas Verona,487,Lazio,1,1
135,Serie A,2022,881984,2023-02-06T19:45:00+00:00,FT,D. Chiffi,21,1579,Monza,498,Sampdoria,2,2
135,Serie A,2022,881986,2023-02-07T19:45:00+00:00,FT,A. Rapuano,21,514,Salernitana,496,Juventus,0,3
135,Serie A,2022,881996,2023-02-10T19:45:00+00:00,FT,G. Ayroldi,22,489,AC Milan,503,Torino,1,0
135,Serie A,2022,881991,2023-02-11T14:00:00+00:00,FT,A. Giua,22,511,Empoli,515,Spezia,2,2
135,Serie A,2022,881995,2023-02-11T17:00:00+00:00,FT,G. Aureliano,22,867,Lecce,497,AS Roma,1,1
135,Serie A,2022,881994,2023-02-11T19:45:00+00:00,FT,D. Orsato,22,487,Lazio,499,Atalanta,0,2
135,Serie A,2022,881999,2023-02-12T11:30:00+00:00,FT,I. Pezzuto,22,494,Udinese,488,Sassuolo,2,2
135,Serie A,2022,881990,2023-02-12T14:00:00+00:00,FT,L. Zufferli,22,500,Bologna,1579,Monza,0,1
135,Serie A,2022,881993,2023-02-12T17:00:00+00:00,FT,M. Fabbri,22,496,Juventus,502,Fiorentina,1,0
135,Serie A,2022,881997,2023-02-12T19:45:00+00:00,FT,L. Massimi,22,492,Napoli,520,Cremonese,3,0
135,Serie A,2022,881992,2023-02-13T17:30:00+00:00,FT,P. Valeri,22,504,Hellas Verona,514,Salernitana,1,0
135,Serie A,2022,881998,2023-02-13T19:45:00+00:00,FT,F. Maresca,22,498,Sampdoria,505,Inter,0,0
135,Serie A,2022,882007,2023-02-17T19:45:00+00:00,FT,A. Colombo,23,488,Sassuolo,492,Napoli,0,2
135,Serie A,2022,882006,2023-02-18T14:00:00+00:00,FT,M. Irrati,23,498,Sampdoria,500,Bologna,1,2
135,Serie A,2022,882003,2023-02-18T17:00:00+00:00,FT,A. Rapuano,23,1579,Monza,489,AC Milan,0,1
135,Serie A,2022,882002,2023-02-18T19:45:00+00:00,FT,F. Dionisi,23,505,Inter,494,Udinese,3,1
135,Serie A,2022,882000,2023-02-19T11:30:00+00:00,FT,M. Piccinini,23,499,Atalanta,867,Lecce,1,2
135,Serie A,2022,882001,2023-02-19T14:00:00+00:00,FT,A. Prontera,23,502,Fiorentina,511,Empoli,1,1
135,Serie A,2022,882005,2023-02-19T14:00:00+00:00,FT,R. Abisso,23,514,Salernitana,487,Lazio,0,2
135,Serie A,2022,882008,2023-02-19T17:00:00+00:00,FT,F. La Penna,23,515,Spezia,496,Juventus,0,2
135,Serie A,2022,882004,2023-02-19T19:45:00+00:00,FT,S. Sozza,23,497,AS Roma,504,Hellas Verona,1,0
135,Serie A,2022,882009,2023-02-20T19:45:00+00:00,FT,G. Camplone,23,503,Torino,520,Cremonese,2,2
135,Serie A,2022,882012,2023-02-25T17:00:00+00:00,FT,G. Ayroldi,24,511,Empoli,492,Napoli,0,2
135,Serie A,2022,882015,2023-02-25T19:45:00+00:00,FT,N. Baroni,24,867,Lecce,488,Sassuolo,0,1
135,Serie A,2022,882010,2023-02-26T11:30:00+00:00,FT,D. Orsato,24,500,Bologna,505,Inter,1,0
135,Serie A,2022,882018,2023-02-26T14:00:00+00:00,FT,L. Marinelli,24,514,Salernitana,1579,Monza,3,0
135,Serie A,2022,882019,2023-02-26T17:00:00+00:00,FT,M. Marchetti,24,494,Udinese,515,Spezia,2,2
135,Serie A,2022,882016,2023-02-26T19:45:00+00:00,FT,M. Mariani,24,489,AC Milan,499,Atalanta,2,0
135,Serie A,2022,882017,2023-02-27T17:30:00+00:00,FT,F. La Penna,24,504,Hellas Verona,502,Fiorentina,0,3
135,Serie A,2022,882014,2023-02-27T19:45:00+00:00,FT,A. Colombo,24,487,Lazio,498,Sampdoria,1,0
135,Serie A,2022,882011,2023-02-28T17:30:00+00:00,FT,M. Piccinini,24,520,Cremonese,497,AS Roma,2,1
135,Serie A,2022,882013,2023-02-28T19:45:00+00:00,FT,D. Chiffi,24,496,Juventus,503,Torino,4,2
135,Serie A,2022,882024,2023-03-03T19:45:00+00:00,FT,L. Pairetto,25,492,Napoli,487,Lazio,0,1
135,Serie A,2022,882023,2023-03-04T14:00:00+00:00,FT,E. Feliciani,25,1579,Monza,511,Empoli,2,1
135,Serie A,2022,882020,2023-03-04T17:00:00+00:00,FT,D. Ghersini,25,499,Atalanta,494,Udinese,0,0
135,Serie A,2022,882021,2023-03-04T19:45:00+00:00,FT,M. Di Bello,25,502,Fiorentina,489,AC Milan,2,1
135,Serie A,2022,882028,2023-03-05T11:30:00+00:00,FT,D. Doveri,25,515,Spezia,504,Hellas Verona,0,0
135,Serie A,2022,882026,2023-03-05T14:00:00+00:00,FT,D. Massa,25,498,Sampdoria,514,Salernitana,0,0
135,Serie A,2022,882022,2023-03-05T17:00:00+00:00,FT,G. Manganiello,25,505,Inter,867,Lecce,2,0
135,Serie A,2022,882025,2023-03-05T19:45:00+00:00,FT,F. Maresca,25,497,AS Roma,496,Juventus,1,0
135,Serie A,2022,882027,2023-03-06T17:30:00+00:00,FT,F. Fourneau,25,488,Sassuolo,520,Cremonese,3,2
135,Serie A,2022,882029,2023-03-06T19:45:00+00:00,FT,A. Rapuano,25,503,Torino,500,Bologna,1,0
135,Serie A,2022,882039,2023-03-10T19:45:00+00:00,FT,L. Marinelli,26,515,Spezia,505,Inter,2,1
135,Serie A,2022,882032,2023-03-11T14:00:00+00:00,FT,F. Cosso,26,511,Empoli,494,Udinese,0,1
135,Serie A,2022,882038,2023-03-11T17:00:00+00:00,FT,A. Colombo,26,492,Napoli,499,Atalanta,2,0
135,Serie A,2022,882030,2023-03-11T19:45:00+00:00,FT,F. Maresca,26,500,Bologna,487,Lazio,0,0
135,Serie A,2022,882035,2023-03-12T11:30:00+00:00,FT,J. Sacchi,26,867,Lecce,503,Torino,0,2
135,Serie A,2022,882033,2023-03-12T14:00:00+00:00,FT,M. Piccinini,26,504,Hellas Verona,1579,Monza,1,1
135,Serie A,2022,882031,2023-03-12T14:00:00+00:00,FT,M. Marcenaro,26,520,Cremonese,502,Fiorentina,0,2
135,Serie A,2022,882037,2023-03-12T17:00:00+00:00,FT,M. Fabbri,26,497,AS Roma,488,Sassuolo,3,4
135,Serie A,2022,882034,2023-03-12T19:45:00+00:00,FT,A. Prontera,26,496,Juventus,498,Sampdoria,4,2
135,Serie A,2022,882036,2023-03-13T19:45:00+00:00,FT,F. La Penna,26,489,AC Milan,514,Salernitana,1,1
135,Serie A,2022,882044,2023-03-17T17:30:00+00:00,FT,D. Ghersini,27,488,Sassuolo,515,Spezia,1,0
135,Serie A,2022,882040,2023-03-17T19:45:00+00:00,FT,F. Dionisi,27,499,Atalanta,511,Empoli,2,1
135,Serie A,2022,882046,2023-03-18T14:00:00+00:00,FT,A. Giua,27,1579,Monza,520,Cremonese,1,1
135,Serie A,2022,882045,2023-03-18T17:00:00+00:00,FT,L. Pairetto,27,514,Salernitana,500,Bologna,2,2
135,Serie A,2022,882048,2023-03-18T19:45:00+00:00,FT,D. Doveri,27,494,Udinese,489,AC Milan,3,1
135,Serie A,2022,882047,2023-03-19T11:30:00+00:00,FT,M. Mariani,27,498,Sampdoria,504,Hellas Verona,3,1
135,Serie A,2022,882041,2023-03-19T14:00:00+00:00,FT,R. Abisso,27,502,Fiorentina,867,Lecce,1,0
135,Serie A,2022,882049,2023-03-19T14:00:00+00:00,FT,M. Marchetti,27,503,Torino,492,Napoli,0,4
135,Serie A,2022,882043,2023-03-19T17:00:00+00:00,FT,D. Massa,27,487,Lazio,497,AS Roma,1,0
135,Serie A,2022,882042,2023-03-19T19:45:00+00:00,FT,D. Chiffi,27,505,Inter,496,Juventus,0,1
135,Serie A,2022,882054,2023-04-01T13:00:00+00:00,FT,L. Marinelli,28,520,Cremonese,499,Atalanta,1,3
135,Serie A,2022,882055,2023-04-01T16:00:00+00:00,FT,F. Maresca,28,505,Inter,502,Fiorentina,0,1
135,Serie A,2022,882056,2023-04-01T18:45:00+00:00,FT,M. Marchetti,28,496,Juventus,504,Hellas Verona,1,0
135,Serie A,2022,882050,2023-04-02T10:30:00+00:00,FT,M. Ferrieri Caputi,28,500,Bologna,494,Udinese,3,0
135,Serie A,2022,882059,2023-04-02T13:00:00+00:00,FT,D. Orsato,28,515,Spezia,514,Salernitana,1,1
135,Serie A,2022,882057,2023-04-02T13:00:00+00:00,FT,M. Marcenaro,28,1579,Monza,487,Lazio,0,2
135,Serie A,2022,882052,2023-04-02T16:00:00+00:00,FT,M. Irrati,28,497,AS Roma,498,Sampdoria,3,0
135,Serie A,2022,882058,2023-04-02T18:45:00+00:00,FT,A. Rapuano,28,492,Napoli,489,AC Milan,0,4
135,Serie A,2022,882051,2023-04-03T16:30:00+00:00,FT,M. Fabbri,28,511,Empoli,867,Lecce,1,0
135,Serie A,2022,882053,2023-04-03T18:45:00+00:00,FT,I. Pezzuto,28,488,Sassuolo,503,Torino,1,1
135,Serie A,2022,882066,2023-04-07T15:00:00+00:00,FT,M. Fabbri,29,514,Salernitana,505,Inter,1,1
135,Serie A,2022,882063,2023-04-07T17:00:00+00:00,FT,G. Manganiello,29,867,Lecce,492,Napoli,1,2
135,Serie A,2022,882065,2023-04-07T19:00:00+00:00,FT,M. Marcenaro,29,489,AC Milan,511,Empoli,0,0
135,Serie A,2022,882068,2023-04-08T10:30:00+00:00,FT,L. Massimi,29,494,Udinese,1579,Monza,2,2
135,Serie A,2022,882061,2023-04-08T12:30:00+00:00,FT,F. Dionisi,29,502,Fiorentina,515,Spezia,1,1
135,Serie A,2022,882064,2023-04-08T14:30:00+00:00,FT,D. Doveri,29,498,Sampdoria,520,Cremonese,2,3
135,Serie A,2022,882060,2023-04-08T14:30:00+00:00,FT,D. Orsato,29,499,Atalanta,500,Bologna,0,2
135,Serie A,2022,882069,2023-04-08T16:30:00+00:00,FT,A. Colombo,29,503,Torino,497,AS Roma,0,1
135,Serie A,2022,882062,2023-04-08T16:30:00+00:00,FT,F. Fourneau,29,504,Hellas Verona,488,Sassuolo,2,1
135,Serie A,2022,882067,2023-04-08T18:45:00+00:00,FT,M. Di Bello,29,487,Lazio,496,Juventus,2,1
135,Serie A,2022,882071,2023-04-14T16:30:00+00:00,FT,L. Zufferli,30,520,Cremonese,511,Empoli,1,0
135,Serie A,2022,882078,2023-04-14T18:45:00+00:00,FT,M. Irrati,30,515,Spezia,487,Lazio,0,3
135,Serie A,2022,882070,2023-04-15T13:00:00+00:00,FT,D. Massa,30,500,Bologna,489,AC Milan,1,1
135,Serie A,2022,882076,2023-04-15T16:00:00+00:00,FT,F. La Penna,30,492,Napoli,504,Hellas Verona,0,0
135,Serie A,2022,882072,2023-04-15T18:45:00+00:00,FT,L. Pairetto,30,505,Inter,1579,Monza,0,1
135,Serie A,2022,882073,2023-04-16T10:30:00+00:00,FT,M. Mariani,30,867,Lecce,498,Sampdoria,1,1
135,Serie A,2022,882079,2023-04-16T13:00:00+00:00,FT,G. Aureliano,30,503,Torino,514,Salernitana,1,1
135,Serie A,2022,882077,2023-04-16T16:00:00+00:00,FT,A. Rapuano,30,488,Sassuolo,496,Juventus,1,0
135,Serie A,2022,882074,2023-04-16T18:45:00+00:00,FT,A. Giua,30,497,AS Roma,494,Udinese,3,0
135,Serie A,2022,882075,2023-04-17T18:45:00+00:00,FT,M. Guida,30,502,Fiorentina,499,Atalanta,1,1
135,Serie A,2022,882086,2023-04-21T18:45:00+00:00,FT,M. Mariani,31,504,Hellas Verona,500,Bologna,2,1
135,Serie A,2022,882084,2023-04-22T13:00:00+00:00,FT,G. Camplone,31,514,Salernitana,488,Sassuolo,3,0
135,Serie A,2022,882083,2023-04-22T16:00:00+00:00,FT,D. Ghersini,31,487,Lazio,503,Torino,0,1
135,Serie A,2022,882085,2023-04-22T18:45:00+00:00,FT,F. Maresca,31,498,Sampdoria,515,Spezia,1,1
135,Serie A,2022,882081,2023-04-23T10:30:00+00:00,FT,L. Marinelli,31,511,Empoli,505,Inter,0,3
135,Serie A,2022,882087,2023-04-23T13:00:00+00:00,FT,F. Fourneau,31,494,Udinese,520,Cremonese,3,0
135,Serie A,2022,882088,2023-04-23T13:00:00+00:00,FT,J. Sacchi,31,1579,Monza,502,Fiorentina,3,2
135,Serie A,2022,882089,2023-04-23T16:00:00+00:00,FT,D. Chiffi,31,489,AC Milan,867,Lecce,2,0
135,Serie A,2022,882082,2023-04-23T18:45:00+00:00,FT,M. Fabbri,31,496,Juventus,492,Napoli,0,1
135,Serie A,2022,882080,2023-04-24T18:45:00+00:00,FT,M. Irrati,31,499,Atalanta,497,AS Roma,3,1
135,Serie A,2022,882094,2023-04-28T16:30:00+00:00,FT,M. Marchetti,32,867,Lecce,494,Udinese,1,0
135,Serie A,2022,882099,2023-04-28T18:45:00+00:00,FT,A. Rapuano,32,515,Spezia,1579,Monza,0,2
135,Serie A,2022,882098,2023-04-29T16:00:00+00:00,FT,D. Orsato,32,497,AS Roma,489,AC Milan,1,1
135,Serie A,2022,882096,2023-04-29T18:45:00+00:00,FT,J. Sacchi,32,503,Torino,499,Atalanta,1,2
135,Serie A,2022,882093,2023-04-30T10:30:00+00:00,FT,M. Guida,32,505,Inter,487,Lazio,3,1
135,Serie A,2022,882097,2023-04-30T13:00:00+00:00,FT,F. Dionisi,32,488,Sassuolo,511,Empoli,2,1
135,Serie A,2022,882095,2023-04-30T13:00:00+00:00,FT,M. Marcenaro,32,492,Napoli,514,Salernitana,1,1
135,Serie A,2022,882091,2023-04-30T13:00:00+00:00,FT,D. Doveri,32,520,Cremonese,504,Hellas Verona,1,1
135,Serie A,2022,882092,2023-04-30T16:00:00+00:00,FT,A. Giua,32,502,Fiorentina,498,Sampdoria,5,0
135,Serie A,2022,882090,2023-04-30T18:45:00+00:00,FT,S. Sozza,32,500,Bologna,496,Juventus,1,1
135,Serie A,2022,882102,2023-05-03T16:00:00+00:00,FT,F. Fourneau,33,496,Juventus,867,Lecce,2,1
135,Serie A,2022,882105,2023-05-03T16:00:00+00:00,FT,G. Camplone,33,498,Sampdoria,503,Torino,0,2
135,Serie A,2022,882100,2023-05-03T16:00:00+00:00,FT,L. Marinelli,33,499,Atalanta,515,Spezia,3,2
135,Serie A,2022,882108,2023-05-03T16:00:00+00:00,FT,I. Pezzuto,33,514,Salernitana,502,Fiorentina,3,3
135,Serie A,2022,882103,2023-05-03T19:00:00+00:00,FT,M. Irrati,33,487,Lazio,488,Sassuolo,2,0
135,Serie A,2022,882107,2023-05-03T19:00:00+00:00,FT,L. Pairetto,33,489,AC Milan,520,Cremonese,1,1
135,Serie A,2022,882101,2023-05-03T19:00:00+00:00,FT,D. Orsato,33,504,Hellas Verona,505,Inter,0,6
135,Serie A,2022,882104,2023-05-03T19:00:00+00:00,FT,D. Chiffi,33,1579,Monza,497,AS Roma,1,1
135,Serie A,2022,882109,2023-05-04T18:45:00+00:00,FT,R. Abisso,33,494,Udinese,492,Napoli,1,1
135,Serie A,2022,882106,2023-05-04T18:45:00+00:00,FT,F. La Penna,33,511,Empoli,500,Bologna,3,1
135,Serie A,2022,882117,2023-05-06T13:00:00+00:00,FT,A. Rapuano,34,489,AC Milan,487,Lazio,2,0
135,Serie A,2022,882116,2023-05-06T16:00:00+00:00,FT,F. Maresca,34,497,AS Roma,505,Inter,0,2
135,Serie A,2022,882111,2023-05-06T18:45:00+00:00,FT,M. Guida,34,520,Cremonese,515,Spezia,2,0
135,Serie A,2022,882110,2023-05-07T10:30:00+00:00,FT,D. Doveri,34,499,Atalanta,496,Juventus,0,2
135,Serie A,2022,882118,2023-05-07T13:00:00+00:00,FT,L. Zufferli,34,503,Torino,1579,Monza,1,1
135,Serie A,2022,882114,2023-05-07T16:00:00+00:00,FT,M. Marchetti,34,492,Napoli,502,Fiorentina,1,0
135,Serie A,2022,882115,2023-05-07T18:45:00+00:00,FT,D. Massa,34,867,Lecce,504,Hellas Verona,0,1
135,Serie A,2022,882119,2023-05-08T16:30:00+00:00,FT,N. Baroni,34,494,Udinese,498,Sampdoria,2,0
135,Serie A,2022,882112,2023-05-08T16:30:00+00:00,FT,M. Volpi,34,511,Empoli,514,Salernitana,2,1
135,Serie A,2022,882113,2023-05-08T18:45:00+00:00,FT,M. Ferrieri Caputi,34,488,Sassuolo,500,Bologna,1,1
135,Serie A,2022,882124,2023-05-12T18:45:00+00:00,FT,F. Maresca,35,487,Lazio,867,Lecce,2,2
135,Serie A,2022,882126,2023-05-13T13:00:00+00:00,FT,M. Piccinini,35,514,Salernitana,499,Atalanta,1,0
135,Serie A,2022,882129,2023-05-13T16:00:00+00:00,FT,D. Doveri,35,515,Spezia,489,AC Milan,2,0
135,Serie A,2022,882123,2023-05-13T18:45:00+00:00,FT,M. Marcenaro,35,505,Inter,488,Sassuolo,4,2
135,Serie A,2022,882122,2023-05-14T10:30:00+00:00,FT,M. Di Bello,35,504,Hellas Verona,503,Torino,0,1
135,Serie A,2022,882121,2023-05-14T13:00:00+00:00,FT,D. Paterna,35,502,Fiorentina,494,Udinese,2,0
135,Serie A,2022,882125,2023-05-14T13:00:00+00:00,FT,F. Cosso,35,1579,Monza,492,Napoli,2,0
135,Serie A,2022,882120,2023-05-14T16:00:00+00:00,FT,D. Orsato,35,500,Bologna,497,AS Roma,0,0
135,Serie A,2022,882127,2023-05-14T18:45:00+00:00,FT,D. Chiffi,35,496,Juventus,520,Cremonese,2,0
135,Serie A,2022,882128,2023-05-15T18:45:00+00:00,FT,E. Feliciani,35,498,Sampdoria,511,Empoli,1,1
135,Serie A,2022,882139,2023-05-19T18:45:00+00:00,FT,A. Santoro,36,488,Sassuolo,1579,Monza,1,2
135,Serie A,2022,882135,2023-05-20T13:00:00+00:00,FT,P. Valeri,36,520,Cremonese,500,Bologna,1,5
135,Serie A,2022,882130,2023-05-20T16:00:00+00:00,FT,S. Sozza,36,499,Atalanta,504,Hellas Verona,3,1
135,Serie A,2022,882133,2023-05-20T18:45:00+00:00,FT,F. Fourneau,36,489,AC Milan,498,Sampdoria,5,1
135,Serie A,2022,882132,2023-05-21T10:30:00+00:00,FT,M. Mariani,36,867,Lecce,515,Spezia,0,0
135,Serie A,2022,882136,2023-05-21T13:00:00+00:00,FT,L. Massimi,36,503,Torino,502,Fiorentina,1,1
135,Serie A,2022,882137,2023-05-21T16:00:00+00:00,FT,L. Marinelli,36,492,Napoli,505,Inter,3,1
135,Serie A,2022,882138,2023-05-21T18:45:00+00:00,FT,L. Pairetto,36,494,Udinese,487,Lazio,0,1
135,Serie A,2022,882134,2023-05-22T16:30:00+00:00,FT,A. Colombo,36,497,AS Roma,514,Salernitana,2,2
135,Serie A,2022,882131,2023-05-22T18:45:00+00:00,FT,G. Ayroldi,36,511,Empoli,496,Juventus,4,1
135,Serie A,2022,882144,2023-05-26T18:45:00+00:00,FT,F. Meraviglia,37,498,Sampdoria,488,Sassuolo,2,2
135,Serie A,2022,882143,2023-05-27T13:00:00+00:00,FT,N. Baroni,37,514,Salernitana,494,Udinese,3,2
135,Serie A,2022,882145,2023-05-27T13:00:00+00:00,FT,M. Guida,37,515,Spezia,503,Torino,0,4
135,Serie A,2022,882141,2023-05-27T16:00:00+00:00,FT,G. Ayroldi,37,502,Fiorentina,497,AS Roma,2,1
135,Serie A,2022,882146,2023-05-27T18:45:00+00:00,FT,D. Orsato,37,505,Inter,499,Atalanta,3,2
135,Serie A,2022,882148,2023-05-28T10:30:00+00:00,FT,D. Chiffi,37,504,Hellas Verona,511,Empoli,1,1
135,Serie A,2022,882140,2023-05-28T13:00:00+00:00,FT,M. Marcenaro,37,500,Bologna,492,Napoli,2,2
135,Serie A,2022,882149,2023-05-28T13:00:00+00:00,FT,D. Doveri,37,1579,Monza,867,Lecce,0,1
135,Serie A,2022,882147,2023-05-28T16:00:00+00:00,FT,A. Giua,37,487,Lazio,520,Cremonese,3,2
135,Serie A,2022,882142,2023-05-28T18:45:00+00:00,FT,M. Mariani,37,496,Juventus,489,AC Milan,0,1
135,Serie A,2022,882156,2023-06-02T18:30:00+00:00,FT,M. Marchetti,38,488,Sassuolo,502,Fiorentina,1,3
135,Serie A,2022,882158,2023-06-03T16:30:00+00:00,FT,M. Fabbri,38,503,Torino,505,Inter,0,1
135,Serie A,2022,882152,2023-06-03T19:00:00+00:00,FT,L. Massimi,38,511,Empoli,487,Lazio,0,2
135,Serie A,2022,882151,2023-06-03T19:00:00+00:00,FT,D. Perenzoni,38,520,Cremonese,514,Salernitana,2,0
135,Serie A,2022,882153,2023-06-04T16:30:00+00:00,FT,E. Feliciani,38,492,Napoli,498,Sampdoria,2,0
135,Serie A,2022,882157,2023-06-04T19:00:00+00:00,FT,P. Valeri,38,489,AC Milan,504,Hellas Verona,3,1
135,Serie A,2022,882159,2023-06-04T19:00:00+00:00,FT,M. Guida,38,494,Udinese,496,Juventus,0,1
135,Serie A,2022,882154,2023-06-04T19:00:00+00:00,FT,F. Maresca,38,497,AS Roma,515,Spezia,2,1
135,Serie A,2022,882150,2023-06-04T19:00:00+00:00,FT,M. Di Bello,38,499,Atalanta,1579,Monza,5,2
135,Serie A,2022,882155,2023-06-04T19:00:00+00:00,FT,M. Piccinini,38,867,Lecce,500,Bologna,2,3
135,Serie A,2022,1030674,2023-06-11T18:45:00+00:00,FT,D. Orsato,39,515,Spezia,504,Hellas Verona,1,3
135,Serie A,2023,1052254,2023-08-19T16:30:00+00:00,FT,L. Massimi,1,511,Empoli,504,Hellas Verona,0,1
135,Serie A,2023,1052255,2023-08-19T16:30:00+00:00,FT,M. Marcenaro,1,512,Frosinone,492,Napoli,1,3
135,Serie A,2023,1052256,2023-08-19T18:45:00+00:00,FT,G. Ayroldi,1,495,Genoa,502,Fiorentina,1,4
135,Serie A,2023,1052257,2023-08-19T18:45:00+00:00,FT,A. Colombo,1,505,Inter,1579,Monza,2,0
135,Serie A,2023,1052260,2023-08-20T16:30:00+00:00,FT,M. Marchetti,1,488,Sassuolo,499,Atalanta,0,2
135,Serie A,2023,1052259,2023-08-20T16:30:00+00:00,FT,E. Feliciani,1,497,AS Roma,514,Salernitana,2,2
135,Serie A,2023,1052262,2023-08-20T18:45:00+00:00,FT,A. Rapuano,1,494,Udinese,496,Juventus,0,3
135,Serie A,2023,1052258,2023-08-20T18:45:00+00:00,FT,F. Dionisi,1,867,Lecce,487,Lazio,2,1
135,Serie A,2023,1052261,2023-08-21T16:30:00+00:00,FT,F. Cosso,1,503,Torino,490,Cagliari,0,0
135,Serie A,2023,1052253,2023-08-21T18:45:00+00:00,FT,L. Pairetto,1,500,Bologna,489,AC Milan,0,2
135,Serie A,2023,1052265,2023-08-26T16:30:00+00:00,FT,J. Sacchi,2,512,Frosinone,499,Atalanta,2,1
135,Serie A,2023,1052270,2023-08-26T16:30:00+00:00,FT,G. Aureliano,2,1579,Monza,511,Empoli,2,0
135,Serie A,2023,1052269,2023-08-26T18:45:00+00:00,FT,M. Mariani,2,489,AC Milan,503,Torino,4,1
135,Serie A,2023,1052266,2023-08-26T18:45:00+00:00,FT,D. Doveri,2,504,Hellas Verona,497,AS Roma,2,1
135,Serie A,2023,1052267,2023-08-27T16:30:00+00:00,FT,M. Di Bello,2,496,Juventus,500,Bologna,1,1
135,Serie A,2023,1052264,2023-08-27T16:30:00+00:00,FT,M. Ferrieri Caputi,2,502,Fiorentina,867,Lecce,2,2
135,Serie A,2023,1052268,2023-08-27T18:45:00+00:00,FT,L. Marinelli,2,487,Lazio,495,Genoa,0,1
135,Serie A,2023,1052271,2023-08-27T18:45:00+00:00,FT,A. Giua,2,492,Napoli,488,Sassuolo,2,0
135,Serie A,2023,1052272,2023-08-28T16:30:00+00:00,FT,D. Massa,2,514,Salernitana,494,Udinese,1,1
135,Serie A,2023,1052263,2023-08-28T18:45:00+00:00,FT,M. Fabbri,2,490,Cagliari,505,Inter,0,2
135,Serie A,2023,1052280,2023-09-01T16:30:00+00:00,FT,M. Piccinini,3,488,Sassuolo,504,Hellas Verona,3,1
135,Serie A,2023,1052279,2023-09-01T18:45:00+00:00,FT,A. Rapuano,3,497,AS Roma,489,AC Milan,1,2
135,Serie A,2023,1052282,2023-09-02T16:30:00+00:00,FT,M. Guida,3,494,Udinese,512,Frosinone,0,0
135,Serie A,2023,1052274,2023-09-02T16:30:00+00:00,FT,D. Orsato,3,500,Bologna,490,Cagliari,2,1
135,Serie A,2023,1052278,2023-09-02T18:45:00+00:00,FT,A. Colombo,3,492,Napoli,487,Lazio,1,2
135,Serie A,2023,1052273,2023-09-02T18:45:00+00:00,FT,M. Marcenaro,3,499,Atalanta,1579,Monza,3,0
135,Serie A,2023,1052281,2023-09-03T16:30:00+00:00,FT,D. Chiffi,3,503,Torino,495,Genoa,1,0
135,Serie A,2023,1052276,2023-09-03T16:30:00+00:00,FT,M. Marchetti,3,505,Inter,502,Fiorentina,4,0
135,Serie A,2023,1052275,2023-09-03T18:45:00+00:00,FT,G. Ayroldi,3,511,Empoli,496,Juventus,0,2
135,Serie A,2023,1052277,2023-09-03T18:45:00+00:00,FT,L. Massimi,3,867,Lecce,514,Salernitana,2,0
135,Serie A,2023,1052289,2023-09-16T13:00:00+00:00,FT,F. Maresca,4,496,Juventus,487,Lazio,3,1
135,Serie A,2023,1052288,2023-09-16T16:00:00+00:00,FT,S. Sozza,4,505,Inter,489,AC Milan,5,1
135,Serie A,2023,1052286,2023-09-16T18:45:00+00:00,FT,M. Fabbri,4,495,Genoa,492,Napoli,2,2
135,Serie A,2023,1052283,2023-09-17T10:30:00+00:00,FT,D. Doveri,4,490,Cagliari,494,Udinese,0,0
135,Serie A,2023,1052285,2023-09-17T13:00:00+00:00,FT,A. Prontera,4,512,Frosinone,488,Sassuolo,4,2
135,Serie A,2023,1052290,2023-09-17T13:00:00+00:00,FT,L. Marinelli,4,1579,Monza,867,Lecce,1,1
135,Serie A,2023,1052284,2023-09-17T16:00:00+00:00,FT,L. Pairetto,4,502,Fiorentina,499,Atalanta,3,2
135,Serie A,2023,1052291,2023-09-17T18:45:00+00:00,FT,J. Sacchi,4,497,AS Roma,511,Empoli,7,0
135,Serie A,2023,1052292,2023-09-18T16:30:00+00:00,FT,A. Giua,4,514,Salernitana,503,Torino,0,3
135,Serie A,2023,1052287,2023-09-18T18:45:00+00:00,FT,F. La Penna,4,504,Hellas Verona,500,Bologna,0,0
135,Serie A,2023,1052299,2023-09-22T16:30:00+00:00,FT,M. Piccinini,5,514,Salernitana,512,Frosinone,1,1
135,Serie A,2023,1052297,2023-09-22T18:45:00+00:00,FT,A. Rapuano,5,867,Lecce,495,Genoa,1,0
135,Serie A,2023,1052298,2023-09-23T13:00:00+00:00,FT,F. Maresca,5,489,AC Milan,504,Hellas Verona,1,0
135,Serie A,2023,1052300,2023-09-23T16:00:00+00:00,FT,A. Colombo,5,488,Sassuolo,496,Juventus,4,2
135,Serie A,2023,1052296,2023-09-23T18:45:00+00:00,FT,R. Abisso,5,487,Lazio,1579,Monza,1,1
135,Serie A,2023,1052295,2023-09-24T10:30:00+00:00,FT,M. Marcenaro,5,511,Empoli,505,Inter,0,1
135,Serie A,2023,1052302,2023-09-24T13:00:00+00:00,FT,D. Chiffi,5,494,Udinese,502,Fiorentina,0,2
135,Serie A,2023,1052293,2023-09-24T13:00:00+00:00,FT,E. Feliciani,5,499,Atalanta,490,Cagliari,2,0
135,Serie A,2023,1052294,2023-09-24T16:00:00+00:00,FT,G. Ayroldi,5,500,Bologna,492,Napoli,0,0
135,Serie A,2023,1052301,2023-09-24T18:45:00+00:00,FT,M. Guida,5,503,Torino,497,AS Roma,1,1
135,Serie A,2023,1052309,2023-09-26T18:45:00+00:00,FT,A. Giua,6,496,Juventus,867,Lecce,1,0
135,Serie A,2023,1052303,2023-09-27T16:30:00+00:00,FT,F. La Penna,6,490,Cagliari,489,AC Milan,1,3
135,Serie A,2023,1052307,2023-09-27T16:30:00+00:00,FT,F. Dionisi,6,504,Hellas Verona,499,Atalanta,0,1
135,Serie A,2023,1052304,2023-09-27T16:30:00+00:00,FT,A. Rapuano,6,511,Empoli,514,Salernitana,1,0
135,Serie A,2023,1052310,2023-09-27T18:45:00+00:00,FT,M. Fabbri,6,487,Lazio,503,Torino,2,0
135,Serie A,2023,1052312,2023-09-27T18:45:00+00:00,FT,G. Manganiello,6,492,Napoli,494,Udinese,4,1
135,Serie A,2023,1052308,2023-09-27T18:45:00+00:00,FT,L. Massimi,6,505,Inter,488,Sassuolo,1,2
135,Serie A,2023,1052305,2023-09-28T16:30:00+00:00,FT,F. Fourneau,6,512,Frosinone,502,Fiorentina,1,1
135,Serie A,2023,1052311,2023-09-28T16:30:00+00:00,FT,I. Pezzuto,6,1579,Monza,500,Bologna,0,0
135,Serie A,2023,1052306,2023-09-28T18:45:00+00:00,FT,D. Orsato,6,495,Genoa,497,AS Roma,4,1
135,Serie A,2023,1052316,2023-09-30T13:00:00+00:00,FT,L. Pairetto,7,867,Lecce,492,Napoli,0,4
135,Serie A,2023,1052317,2023-09-30T16:00:00+00:00,FT,D. Massa,7,489,AC Milan,487,Lazio,2,0
135,Serie A,2023,1052319,2023-09-30T18:45:00+00:00,FT,R. Abisso,7,514,Salernitana,505,Inter,0,4
135,Serie A,2023,1052314,2023-10-01T10:30:00+00:00,FT,F. Maresca,7,500,Bologna,511,Empoli,3,0
135,Serie A,2023,1052322,2023-10-01T13:00:00+00:00,FT,M. Mariani,7,494,Udinese,495,Genoa,2,2
135,Serie A,2023,1052313,2023-10-01T16:00:00+00:00,FT,D. Chiffi,7,499,Atalanta,496,Juventus,0,0
135,Serie A,2023,1052318,2023-10-01T18:45:00+00:00,FT,M. Marchetti,7,497,AS Roma,512,Frosinone,2,0
135,Serie A,2023,1052320,2023-10-02T16:30:00+00:00,FT,L. Zufferli,7,488,Sassuolo,1579,Monza,0,1
135,Serie A,2023,1052321,2023-10-02T16:30:00+00:00,FT,E. Feliciani,7,503,Torino,504,Hellas Verona,0,0
135,Serie A,2023,1052315,2023-10-02T18:45:00+00:00,FT,M. Di Bello,7,502,Fiorentina,490,Cagliari,3,0
135,Serie A,2023,1052324,2023-10-06T16:30:00+00:00,FT,M. Fabbri,8,511,Empoli,494,Udinese,0,0
135,Serie A,2023,1052330,2023-10-06T18:45:00+00:00,FT,J. Sacchi,8,867,Lecce,488,Sassuolo,1,1
135,Serie A,2023,1052327,2023-10-07T13:00:00+00:00,FT,M. Guida,8,505,Inter,500,Bologna,2,2
135,Serie A,2023,1052328,2023-10-07T16:00:00+00:00,FT,D. Massa,8,496,Juventus,503,Torino,2,0
135,Serie A,2023,1052326,2023-10-07T18:45:00+00:00,FT,M. Piccinini,8,495,Genoa,489,AC Milan,0,1
135,Serie A,2023,1052331,2023-10-08T10:30:00+00:00,FT,L. Massimi,8,1579,Monza,514,Salernitana,3,0
135,Serie A,2023,1052329,2023-10-08T13:00:00+00:00,FT,D. Orsato,8,487,Lazio,499,Atalanta,3,2
135,Serie A,2023,1052325,2023-10-08T13:00:00+00:00,FT,M. Ferrieri Caputi,8,512,Frosinone,504,Hellas Verona,2,1
135,Serie A,2023,1052323,2023-10-08T16:00:00+00:00,FT,S. Sozza,8,490,Cagliari,497,AS Roma,1,4
135,Serie A,2023,1052332,2023-10-08T18:45:00+00:00,FT,F. La Penna,8,492,Napoli,502,Fiorentina,1,3
135,Serie A,2023,1052336,2023-10-21T13:00:00+00:00,FT,R. Abisso,9,504,Hellas Verona,492,Napoli,1,3
135,Serie A,2023,1052341,2023-10-21T16:00:00+00:00,FT,M. Marchetti,9,503,Torino,505,Inter,0,3
135,Serie A,2023,1052340,2023-10-21T18:45:00+00:00,FT,M. Di Bello,9,488,Sassuolo,487,Lazio,0,2
135,Serie A,2023,1052338,2023-10-22T10:30:00+00:00,FT,G. Ayroldi,9,497,AS Roma,1579,Monza,1,0
135,Serie A,2023,1052334,2023-10-22T13:00:00+00:00,FT,D. Doveri,9,500,Bologna,512,Frosinone,2,1
135,Serie A,2023,1052339,2023-10-22T13:00:00+00:00,FT,D. Chiffi,9,514,Salernitana,490,Cagliari,2,2
135,Serie A,2023,1052333,2023-10-22T16:00:00+00:00,FT,L. Marinelli,9,499,Atalanta,495,Genoa,2,0
135,Serie A,2023,1052337,2023-10-22T18:45:00+00:00,FT,M. Mariani,9,489,AC Milan,496,Juventus,0,1
135,Serie A,2023,1052342,2023-10-23T16:30:00+00:00,FT,P. Tremolada,9,494,Udinese,867,Lecce,1,1
135,Serie A,2023,1052335,2023-10-23T18:45:00+00:00,FT,F. Dionisi,9,502,Fiorentina,511,Empoli,0,2
135,Serie A,2023,1052345,2023-10-27T18:45:00+00:00,FT,D. Massa,10,495,Genoa,514,Salernitana,1,0
135,Serie A,2023,1052352,2023-10-28T13:00:00+00:00,FT,A. Giua,10,488,Sassuolo,500,Bologna,1,1
135,Serie A,2023,1052349,2023-10-28T16:00:00+00:00,FT,G. Aureliano,10,867,Lecce,503,Torino,0,1
135,Serie A,2023,1052347,2023-10-28T18:45:00+00:00,FT,E. Feliciani,10,496,Juventus,504,Hellas Verona,1,0
135,Serie A,2023,1052343,2023-10-29T11:30:00+00:00,FT,L. Pairetto,10,490,Cagliari,512,Frosinone,4,3
135,Serie A,2023,1052350,2023-10-29T14:00:00+00:00,FT,A. Prontera,10,1579,Monza,494,Udinese,1,1
135,Serie A,2023,1052346,2023-10-29T17:00:00+00:00,FT,F. Maresca,10,505,Inter,497,AS Roma,1,0
135,Serie A,2023,1052351,2023-10-29T19:45:00+00:00,FT,D. Orsato,10,492,Napoli,489,AC Milan,2,2
135,Serie A,2023,1052344,2023-10-30T17:30:00+00:00,FT,L. Massimi,10,511,Empoli,499,Atalanta,0,3
135,Serie A,2023,1052348,2023-10-30T19:45:00+00:00,FT,M. Marcenaro,10,487,Lazio,502,Fiorentina,1,0
135,Serie A,2023,1052354,2023-11-03T19:45:00+00:00,FT,F. La Penna,11,500,Bologna,487,Lazio,1,0
135,Serie A,2023,1052361,2023-11-04T14:00:00+00:00,FT,A. Rapuano,11,514,Salernitana,492,Napoli,0,2
135,Serie A,2023,1052353,2023-11-04T17:00:00+00:00,FT,S. Sozza,11,499,Atalanta,505,Inter,1,2
135,Serie A,2023,1052359,2023-11-04T19:45:00+00:00,FT,J. Sacchi,11,489,AC Milan,494,Udinese,0,1
135,Serie A,2023,1052358,2023-11-05T11:30:00+00:00,FT,G. Collu,11,504,Hellas Verona,1579,Monza,1,3
135,Serie A,2023,1052355,2023-11-05T14:00:00+00:00,FT,M. Guida,11,490,Cagliari,495,Genoa,2,1
135,Serie A,2023,1052360,2023-11-05T17:00:00+00:00,FT,A. Colombo,11,497,AS Roma,867,Lecce,2,1
135,Serie A,2023,1052356,2023-11-05T19:45:00+00:00,FT,D. Chiffi,11,502,Fiorentina,496,Juventus,0,1
135,Serie A,2023,1052357,2023-11-06T17:30:00+00:00,FT,G. Manganiello,11,512,Frosinone,511,Empoli,2,1
135,Serie A,2023,1052362,2023-11-06T19:45:00+00:00,FT,M. Ferrieri Caputi,11,503,Torino,488,Sassuolo,2,1
135,Serie A,2023,1052371,2023-11-10T17:30:00+00:00,FT,D. Ghersini,12,488,Sassuolo,514,Salernitana,2,2
135,Serie A,2023,1052364,2023-11-10T19:45:00+00:00,FT,D. Orsato,12,495,Genoa,504,Hellas Verona,1,0
135,Serie A,2023,1052368,2023-11-11T14:00:00+00:00,FT,R. Abisso,12,867,Lecce,489,AC Milan,2,2
135,Serie A,2023,1052366,2023-11-11T17:00:00+00:00,FT,M. Piccinini,12,496,Juventus,490,Cagliari,2,1
135,Serie A,2023,1052369,2023-11-11T19:45:00+00:00,FT,D. Doveri,12,1579,Monza,503,Torino,1,1
135,Serie A,2023,1052370,2023-11-12T11:30:00+00:00,FT,A. Prontera,12,492,Napoli,511,Empoli,0,1
135,Serie A,2023,1052372,2023-11-12T14:00:00+00:00,FT,G. Aureliano,12,494,Udinese,499,Atalanta,1,1
135,Serie A,2023,1052363,2023-11-12T14:00:00+00:00,FT,F. Maresca,12,502,Fiorentina,500,Bologna,2,1
135,Serie A,2023,1052367,2023-11-12T17:00:00+00:00,FT,D. Massa,12,487,Lazio,497,AS Roma,0,0
135,Serie A,2023,1052365,2023-11-12T19:45:00+00:00,FT,F. Dionisi,12,505,Inter,512,Frosinone,2,0
135,Serie A,2023,1052382,2023-11-25T14:00:00+00:00,FT,A. Prontera,13,514,Salernitana,487,Lazio,2,1
135,Serie A,2023,1052373,2023-11-25T17:00:00+00:00,FT,M. Mariani,13,499,Atalanta,492,Napoli,1,2
135,Serie A,2023,1052380,2023-11-25T19:45:00+00:00,FT,M. Di Bello,13,489,AC Milan,502,Fiorentina,1,0
135,Serie A,2023,1052375,2023-11-26T11:30:00+00:00,FT,M. Marchetti,13,490,Cagliari,1579,Monza,1,1
135,Serie A,2023,1052376,2023-11-26T14:00:00+00:00,FT,S. Sozza,13,511,Empoli,488,Sassuolo,3,4
135,Serie A,2023,1052377,2023-11-26T14:00:00+00:00,FT,L. Zufferli,13,512,Frosinone,495,Genoa,2,1
135,Serie A,2023,1052381,2023-11-26T17:00:00+00:00,FT,L. Massimi,13,497,AS Roma,494,Udinese,3,1
135,Serie A,2023,1052379,2023-11-26T19:45:00+00:00,FT,M. Guida,13,496,Juventus,505,Inter,1,1
135,Serie A,2023,1052378,2023-11-27T17:30:00+00:00,FT,F. La Penna,13,504,Hellas Verona,867,Lecce,2,2
135,Serie A,2023,1052374,2023-11-27T19:45:00+00:00,FT,A. Colombo,13,500,Bologna,503,Torino,2,0
135,Serie A,2023,1052388,2023-12-01T19:45:00+00:00,FT,M. Fabbri,14,1579,Monza,496,Juventus,1,2
135,Serie A,2023,1052384,2023-12-02T14:00:00+00:00,FT,G. Aureliano,14,495,Genoa,511,Empoli,1,1
135,Serie A,2023,1052385,2023-12-02T17:00:00+00:00,FT,F. Dionisi,14,487,Lazio,490,Cagliari,1,0
135,Serie A,2023,1052387,2023-12-02T19:45:00+00:00,FT,M. Marchetti,14,489,AC Milan,512,Frosinone,3,1
135,Serie A,2023,1052386,2023-12-03T11:30:00+00:00,FT,D. Doveri,14,867,Lecce,500,Bologna,1,1
135,Serie A,2023,1052392,2023-12-03T14:00:00+00:00,FT,F. Maresca,14,494,Udinese,504,Hellas Verona,3,3
135,Serie A,2023,1052383,2023-12-03T14:00:00+00:00,FT,P. Tremolada,14,502,Fiorentina,514,Salernitana,3,0
135,Serie A,2023,1052390,2023-12-03T17:00:00+00:00,FT,M. Marcenaro,14,488,Sassuolo,497,AS Roma,1,2
135,Serie A,2023,1052389,2023-12-03T19:45:00+00:00,FT,D. Massa,14,492,Napoli,505,Inter,0,3
135,Serie A,2023,1052391,2023-12-04T19:45:00+00:00,FT,M. Piccinini,14,503,Torino,499,Atalanta,3,0
135,Serie A,2023,1052399,2023-12-08T19:45:00+00:00,FT,D. Orsato,15,496,Juventus,492,Napoli,1,0
135,Serie A,2023,1052397,2023-12-09T14:00:00+00:00,FT,G. Ayroldi,15,504,Hellas Verona,487,Lazio,1,1
135,Serie A,2023,1052393,2023-12-09T17:00:00+00:00,FT,F. La Penna,15,499,Atalanta,489,AC Milan,3,2
135,Serie A,2023,1052398,2023-12-09T19:45:00+00:00,FT,M. Di Bello,15,505,Inter,494,Udinese,4,0
135,Serie A,2023,1052396,2023-12-10T11:30:00+00:00,FT,L. Massimi,15,512,Frosinone,503,Torino,0,0
135,Serie A,2023,1052400,2023-12-10T14:00:00+00:00,FT,G. Collu,15,1579,Monza,495,Genoa,1,0
135,Serie A,2023,1052402,2023-12-10T17:00:00+00:00,FT,S. Sozza,15,514,Salernitana,500,Bologna,1,2
135,Serie A,2023,1052401,2023-12-10T19:45:00+00:00,FT,A. Rapuano,15,497,AS Roma,502,Fiorentina,1,1
135,Serie A,2023,1052395,2023-12-11T17:30:00+00:00,FT,A. Colombo,15,511,Empoli,867,Lecce,1,1
135,Serie A,2023,1052394,2023-12-11T19:45:00+00:00,FT,M. Mariani,15,490,Cagliari,488,Sassuolo,2,1
135,Serie A,2023,1052406,2023-12-15T19:45:00+00:00,FT,D. Massa,16,495,Genoa,496,Juventus,1,1
135,Serie A,2023,1052408,2023-12-16T14:00:00+00:00,FT,L. Zufferli,16,867,Lecce,512,Frosinone,2,1
135,Serie A,2023,1052410,2023-12-16T17:00:00+00:00,FT,M. Marcenaro,16,492,Napoli,490,Cagliari,2,1
135,Serie A,2023,1052411,2023-12-16T19:45:00+00:00,FT,L. Marinelli,16,503,Torino,511,Empoli,1,0
135,Serie A,2023,1052409,2023-12-17T11:30:00+00:00,FT,G. Aureliano,16,489,AC Milan,1579,Monza,3,0
135,Serie A,2023,1052412,2023-12-17T14:00:00+00:00,FT,G. Manganiello,16,494,Udinese,488,Sassuolo,2,2
135,Serie A,2023,1052405,2023-12-17T14:00:00+00:00,FT,M. Ferrieri Caputi,16,502,Fiorentina,504,Hellas Verona,1,0
135,Serie A,2023,1052404,2023-12-17T17:00:00+00:00,FT,M. Guida,16,500,Bologna,497,AS Roma,2,0
135,Serie A,2023,1052407,2023-12-17T19:45:00+00:00,FT,F. Maresca,16,487,Lazio,505,Inter,0,2
135,Serie A,2023,1052403,2023-12-18T19:45:00+00:00,FT,E. Feliciani,16,499,Atalanta,514,Salernitana,4,1
135,Serie A,2023,1052421,2023-12-22T17:30:00+00:00,FT,M. Guida,17,488,Sassuolo,495,Genoa,1,2
135,Serie A,2023,1052414,2023-12-22T17:30:00+00:00,FT,M. Marchetti,17,511,Empoli,487,Lazio,0,2
135,Serie A,2023,1052420,2023-12-22T19:45:00+00:00,FT,D. Doveri,17,514,Salernitana,489,AC Milan,2,2
135,Serie A,2023,1052418,2023-12-22T19:45:00+00:00,FT,J. Sacchi,17,1579,Monza,502,Fiorentina,0,1
135,Serie A,2023,1052415,2023-12-23T11:30:00+00:00,FT,M. Mariani,17,512,Frosinone,496,Juventus,1,2
135,Serie A,2023,1052413,2023-12-23T14:00:00+00:00,FT,A. Rapuano,17,500,Bologna,499,Atalanta,1,0
135,Serie A,2023,1052422,2023-12-23T14:00:00+00:00,FT,M. Fabbri,17,503,Torino,494,Udinese,1,1
135,Serie A,2023,1052416,2023-12-23T17:00:00+00:00,FT,D. Orsato,17,504,Hellas Verona,490,Cagliari,2,0
135,Serie A,2023,1052417,2023-12-23T17:00:00+00:00,FT,M. Marcenaro,17,505,Inter,867,Lecce,2,0
135,Serie A,2023,1052419,2023-12-23T19:45:00+00:00,FT,A. Colombo,17,497,AS Roma,492,Napoli,2,0
135,Serie A,2023,1052431,2023-12-29T17:30:00+00:00,FT,M. Di Bello,18,492,Napoli,1579,Monza,0,0
135,Serie A,2023,1052425,2023-12-29T17:30:00+00:00,FT,F. La Penna,18,502,Fiorentina,503,Torino,1,0
135,Serie A,2023,1052429,2023-12-29T19:45:00+00:00,FT,E. Feliciani,18,487,Lazio,512,Frosinone,3,1
135,Serie A,2023,1052426,2023-12-29T19:45:00+00:00,FT,D. Doveri,18,495,Genoa,505,Inter,1,1
135,Serie A,2023,1052423,2023-12-30T11:30:00+00:00,FT,G. Manganiello,18,499,Atalanta,867,Lecce,1,0
135,Serie A,2023,1052424,2023-12-30T14:00:00+00:00,FT,F. Maresca,18,490,Cagliari,511,Empoli,0,0
135,Serie A,2023,1052432,2023-12-30T14:00:00+00:00,FT,D. Orsato,18,494,Udinese,500,Bologna,3,0
135,Serie A,2023,1052430,2023-12-30T17:00:00+00:00,FT,L. Marinelli,18,489,AC Milan,488,Sassuolo,1,0
135,Serie A,2023,1052427,2023-12-30T17:00:00+00:00,FT,M. Mariani,18,504,Hellas Verona,514,Salernitana,0,1
135,Serie A,2023,1052428,2023-12-30T19:45:00+00:00,FT,S. Sozza,18,496,Juventus,497,AS Roma,1,0
135,Serie A,2023,1052433,2024-01-05T19:45:00+00:00,FT,A. Colombo,19,500,Bologna,495,Genoa,1,1
135,Serie A,2023,1052436,2024-01-06T11:30:00+00:00,FT,M. Fabbri,19,505,Inter,504,Hellas Verona,2,1
135,Serie A,2023,1052435,2024-01-06T14:00:00+00:00,FT,M. Ferrieri Caputi,19,512,Frosinone,1579,Monza,2,3
135,Serie A,2023,1052437,2024-01-06T17:00:00+00:00,FT,D. Massa,19,867,Lecce,490,Cagliari,1,1
135,Serie A,2023,1052440,2024-01-06T19:45:00+00:00,FT,R. Abisso,19,488,Sassuolo,502,Fiorentina,1,0
135,Serie A,2023,1052434,2024-01-07T11:30:00+00:00,FT,F. La Penna,19,511,Empoli,489,AC Milan,0,3
135,Serie A,2023,1052442,2024-01-07T14:00:00+00:00,FT,J. Sacchi,19,494,Udinese,487,Lazio,1,2
135,Serie A,2023,1052441,2024-01-07T14:00:00+00:00,FT,M. Mariani,19,503,Torino,492,Napoli,3,0
135,Serie A,2023,1052439,2024-01-07T17:00:00+00:00,FT,M. Guida,19,514,Salernitana,496,Juventus,1,2
135,Serie A,2023,1052438,2024-01-07T19:45:00+00:00,FT,G. Aureliano,19,497,AS Roma,499,Atalanta,1,1
135,Serie A,2023,1052452,2024-01-13T14:00:00+00:00,FT,L. Marinelli,20,492,Napoli,514,Salernitana,2,1
135,Serie A,2023,1052446,2024-01-13T14:00:00+00:00,FT,A. Giua,20,495,Genoa,503,Torino,0,0
135,Serie A,2023,1052447,2024-01-13T17:00:00+00:00,FT,D. Doveri,20,504,Hellas Verona,511,Empoli,2,1
135,Serie A,2023,1052451,2024-01-13T19:45:00+00:00,FT,A. Rapuano,20,1579,Monza,505,Inter,1,5
135,Serie A,2023,1052449,2024-01-14T11:30:00+00:00,FT,M. Ferrieri Caputi,20,487,Lazio,867,Lecce,1,0
135,Serie A,2023,1052444,2024-01-14T14:00:00+00:00,FT,G. Manganiello,20,490,Cagliari,500,Bologna,2,1
135,Serie A,2023,1052445,2024-01-14T17:00:00+00:00,FT,L. Pairetto,20,502,Fiorentina,494,Udinese,2,2
135,Serie A,2023,1052450,2024-01-14T19:45:00+00:00,FT,M. Guida,20,489,AC Milan,497,AS Roma,3,1
135,Serie A,2023,1052443,2024-01-15T19:45:00+00:00,FT,A. Prontera,20,499,Atalanta,512,Frosinone,5,0
135,Serie A,2023,1052448,2024-01-16T19:45:00+00:00,FT,M. Piccinini,20,496,Juventus,488,Sassuolo,3,0
135,Serie A,2023,1052458,2024-01-20T17:00:00+00:00,FT,J. Sacchi,21,497,AS Roma,504,Hellas Verona,2,1
135,Serie A,2023,1052462,2024-01-20T19:45:00+00:00,FT,F. Maresca,21,494,Udinese,489,AC Milan,2,3
135,Serie A,2023,1052455,2024-01-21T11:30:00+00:00,FT,F. Dionisi,21,512,Frosinone,490,Cagliari,3,1
135,Serie A,2023,1052454,2024-01-21T14:00:00+00:00,FT,A. Giua,21,511,Empoli,1579,Monza,3,0
135,Serie A,2023,1052459,2024-01-21T17:00:00+00:00,FT,D. Orsato,21,514,Salernitana,495,Genoa,1,2
135,Serie A,2023,1052457,2024-01-21T19:45:00+00:00,FT,D. Doveri,21,867,Lecce,496,Juventus,0,3
135,Serie A,2023,1052464,2024-01-26T19:45:00+00:00,FT,A. Colombo,22,490,Cagliari,503,Torino,1,2
135,Serie A,2023,1052463,2024-01-27T14:00:00+00:00,FT,M. Piccinini,22,499,Atalanta,494,Udinese,2,0
135,Serie A,2023,1052468,2024-01-27T17:00:00+00:00,FT,L. Marinelli,22,496,Juventus,511,Empoli,1,1
135,Serie A,2023,1052470,2024-01-27T19:45:00+00:00,FT,D. Massa,22,489,AC Milan,500,Bologna,2,2
135,Serie A,2023,1052466,2024-01-28T11:30:00+00:00,FT,L. Pairetto,22,495,Genoa,867,Lecce,2,1
135,Serie A,2023,1052467,2024-01-28T14:00:00+00:00,FT,F. La Penna,22,504,Hellas Verona,512,Frosinone,1,1
135,Serie A,2023,1052471,2024-01-28T14:00:00+00:00,FT,G. Manganiello,22,1579,Monza,488,Sassuolo,1,0
135,Serie A,2023,1052469,2024-01-28T17:00:00+00:00,FT,D. Orsato,22,487,Lazio,492,Napoli,0,0
135,Serie A,2023,1052465,2024-01-28T19:45:00+00:00,FT,G. Aureliano,22,502,Fiorentina,505,Inter,0,1
135,Serie A,2023,1052472,2024-01-29T19:45:00+00:00,FT,M. Di Bello,22,514,Salernitana,497,AS Roma,1,2
135,Serie A,2023,1052478,2024-02-02T19:45:00+00:00,FT,A. Giua,23,867,Lecce,502,Fiorentina,3,2
135,Serie A,2023,1052482,2024-02-03T14:00:00+00:00,FT,A. Prontera,23,494,Udinese,1579,Monza,0,0
135,Serie A,2023,1052475,2024-02-03T14:00:00+00:00,FT,E. Feliciani,23,511,Empoli,495,Genoa,0,0
135,Serie A,2023,1052476,2024-02-03T17:00:00+00:00,FT,L. Pairetto,23,512,Frosinone,489,AC Milan,2,3
135,Serie A,2023,1052474,2024-02-03T19:45:00+00:00,FT,J. Sacchi,23,500,Bologna,488,Sassuolo,4,2
135,Serie A,2023,1052481,2024-02-04T11:30:00+00:00,FT,D. Chiffi,23,503,Torino,514,Salernitana,0,0
135,Serie A,2023,1052479,2024-02-04T14:00:00+00:00,FT,M. Piccinini,23,492,Napoli,504,Hellas Verona,2,1
135,Serie A,2023,1052473,2024-02-04T17:00:00+00:00,FT,M. Guida,23,499,Atalanta,487,Lazio,3,1
135,Serie A,2023,1052477,2024-02-04T19:45:00+00:00,FT,F. Maresca,23,505,Inter,496,Juventus,1,0
135,Serie A,2023,1052480,2024-02-05T19:45:00+00:00,FT,M. Marcenaro,23,497,AS Roma,490,Cagliari,4,0
135,Serie A,2023,1052491,2024-02-09T19:45:00+00:00,FT,M. Mariani,24,514,Salernitana,511,Empoli,1,3
135,Serie A,2023,1052484,2024-02-10T14:00:00+00:00,FT,M. Di Bello,24,490,Cagliari,487,Lazio,1,3
135,Serie A,2023,1052490,2024-02-10T17:00:00+00:00,FT,M. Guida,24,497,AS Roma,505,Inter,2,4
135,Serie A,2023,1052492,2024-02-10T19:45:00+00:00,FT,D. Orsato,24,488,Sassuolo,503,Torino,1,1
135,Serie A,2023,1052485,2024-02-11T11:30:00+00:00,FT,E. Feliciani,24,502,Fiorentina,512,Frosinone,5,1
135,Serie A,2023,1052483,2024-02-11T14:00:00+00:00,FT,G. Manganiello,24,500,Bologna,867,Lecce,4,0
135,Serie A,2023,1052489,2024-02-11T14:00:00+00:00,FT,D. Massa,24,1579,Monza,504,Hellas Verona,0,0
135,Serie A,2023,1052486,2024-02-11T17:00:00+00:00,FT,A. Colombo,24,495,Genoa,499,Atalanta,1,4
135,Serie A,2023,1052488,2024-02-11T19:45:00+00:00,FT,D. Doveri,24,489,AC Milan,492,Napoli,1,0
135,Serie A,2023,1052487,2024-02-12T19:45:00+00:00,FT,R. Abisso,24,496,Juventus,494,Udinese,0,1
135,Serie A,2023,1052453,2024-02-14T18:00:00+00:00,FT,D. Chiffi,21,500,Bologna,502,Fiorentina,2,0
135,Serie A,2023,1052501,2024-02-16T18:00:00+00:00,FT,G. Ayroldi,25,503,Torino,867,Lecce,2,0
135,Serie A,2023,1052497,2024-02-16T20:00:00+00:00,FT,M. Piccinini,25,505,Inter,514,Salernitana,4,0
135,Serie A,2023,1052500,2024-02-17T14:00:00+00:00,FT,J. Sacchi,25,492,Napoli,495,Genoa,1,1
135,Serie A,2023,1052496,2024-02-17T17:00:00+00:00,FT,M. Di Bello,25,504,Hellas Verona,496,Juventus,2,2
135,Serie A,2023,1052493,2024-02-17T19:45:00+00:00,FT,A. Prontera,25,499,Atalanta,488,Sassuolo,3,0
135,Serie A,2023,1052498,2024-02-18T11:30:00+00:00,FT,F. Maresca,25,487,Lazio,500,Bologna,1,2
135,Serie A,2023,1052502,2024-02-18T14:00:00+00:00,FT,M. Mariani,25,494,Udinese,490,Cagliari,1,1
135,Serie A,2023,1052494,2024-02-18T14:00:00+00:00,FT,L. Pairetto,25,511,Empoli,502,Fiorentina,1,1
135,Serie A,2023,1052495,2024-02-18T17:00:00+00:00,FT,A. Giua,25,512,Frosinone,497,AS Roma,0,3
135,Serie A,2023,1052499,2024-02-18T19:45:00+00:00,FT,A. Colombo,25,1579,Monza,489,AC Milan,4,2
135,Serie A,2023,1052461,2024-02-22T19:45:00+00:00,FT,F. La Penna,21,503,Torino,487,Lazio,0,2
135,Serie A,2023,1052503,2024-02-23T19:45:00+00:00,FT,R. Abisso,26,500,Bologna,504,Hellas Verona,2,0
135,Serie A,2023,1052512,2024-02-24T14:00:00+00:00,FT,G. Aureliano,26,488,Sassuolo,511,Empoli,2,3
135,Serie A,2023,1052511,2024-02-24T17:00:00+00:00,FT,M. Fabbri,26,514,Salernitana,1579,Monza,0,2
135,Serie A,2023,1052506,2024-02-24T19:45:00+00:00,FT,F. Fourneau,26,495,Genoa,494,Udinese,2,0
135,Serie A,2023,1052507,2024-02-25T11:30:00+00:00,FT,A. Rapuano,26,496,Juventus,512,Frosinone,3,2
135,Serie A,2023,1052504,2024-02-25T14:00:00+00:00,FT,L. Pairetto,26,490,Cagliari,492,Napoli,1,1
135,Serie A,2023,1052508,2024-02-25T17:00:00+00:00,FT,D. Doveri,26,867,Lecce,505,Inter,0,4
135,Serie A,2023,1052509,2024-02-25T19:45:00+00:00,FT,D. Orsato,26,489,AC Milan,499,Atalanta,1,1
135,Serie A,2023,1052510,2024-02-26T17:30:00+00:00,FT,J. Sacchi,26,497,AS Roma,503,Torino,3,2
135,Serie A,2023,1052505,2024-02-26T19:45:00+00:00,FT,M. Guida,26,502,Fiorentina,487,Lazio,2,1
135,Serie A,2023,1052460,2024-02-28T17:00:00+00:00,FT,D. Chiffi,21,488,Sassuolo,492,Napoli,1,6
135,Serie A,2023,1052456,2024-02-28T19:45:00+00:00,FT,A. Colombo,21,505,Inter,499,Atalanta,4,0
135,Serie A,2023,1052518,2024-03-01T19:45:00+00:00,FT,M. Di Bello,27,487,Lazio,489,AC Milan,0,1
135,Serie A,2023,1052522,2024-03-02T14:00:00+00:00,FT,G. Manganiello,27,494,Udinese,514,Salernitana,1,1
135,Serie A,2023,1052519,2024-03-02T17:00:00+00:00,FT,M. Piccinini,27,1579,Monza,497,AS Roma,1,4
135,Serie A,2023,1052521,2024-03-02T19:45:00+00:00,FT,M. Marchetti,27,503,Torino,502,Fiorentina,0,0
135,Serie A,2023,1052516,2024-03-03T11:30:00+00:00,FT,F. Maresca,27,504,Hellas Verona,488,Sassuolo,1,0
135,Serie A,2023,1052514,2024-03-03T14:00:00+00:00,FT,A. Rapuano,27,511,Empoli,490,Cagliari,0,1
135,Serie A,2023,1052515,2024-03-03T14:00:00+00:00,FT,M. Guida,27,512,Frosinone,867,Lecce,1,1
135,Serie A,2023,1052513,2024-03-03T17:00:00+00:00,FT,F. La Penna,27,499,Atalanta,500,Bologna,1,2
135,Serie A,2023,1052520,2024-03-03T19:45:00+00:00,FT,M. Mariani,27,492,Napoli,496,Juventus,2,1
135,Serie A,2023,1052517,2024-03-04T19:45:00+00:00,FT,G. Ayroldi,27,505,Inter,495,Genoa,2,1
135,Serie A,2023,1052531,2024-03-08T19:45:00+00:00,FT,D. Orsato,28,492,Napoli,503,Torino,1,1
135,Serie A,2023,1052532,2024-03-09T14:00:00+00:00,FT,F. La Penna,28,488,Sassuolo,512,Frosinone,1,0
135,Serie A,2023,1052524,2024-03-09T14:00:00+00:00,FT,F. Fourneau,28,490,Cagliari,514,Salernitana,4,2
135,Serie A,2023,1052523,2024-03-09T17:00:00+00:00,FT,L. Pairetto,28,500,Bologna,505,Inter,0,1
135,Serie A,2023,1052526,2024-03-09T19:45:00+00:00,FT,E. Feliciani,28,495,Genoa,1579,Monza,2,3
135,Serie A,2023,1052529,2024-03-10T11:30:00+00:00,FT,D. Chiffi,28,867,Lecce,504,Hellas Verona,0,1
135,Serie A,2023,1052530,2024-03-10T14:00:00+00:00,FT,J. Sacchi,28,489,AC Milan,511,Empoli,1,0
135,Serie A,2023,1052527,2024-03-10T17:00:00+00:00,FT,M. Guida,28,496,Juventus,499,Atalanta,2,2
135,Serie A,2023,1052525,2024-03-10T19:45:00+00:00,FT,D. Massa,28,502,Fiorentina,497,AS Roma,2,2
135,Serie A,2023,1052528,2024-03-11T19:45:00+00:00,FT,G. Aureliano,28,487,Lazio,494,Udinese,1,2
135,Serie A,2023,1052534,2024-03-15T19:45:00+00:00,FT,M. Fabbri,29,511,Empoli,500,Bologna,0,1
135,Serie A,2023,1052542,2024-03-16T14:00:00+00:00,FT,A. Colombo,29,494,Udinese,503,Torino,0,2
135,Serie A,2023,1052539,2024-03-16T14:00:00+00:00,FT,M. Marcenaro,29,1579,Monza,490,Cagliari,1,0
135,Serie A,2023,1052541,2024-03-16T17:00:00+00:00,FT,F. Maresca,29,514,Salernitana,867,Lecce,0,1
135,Serie A,2023,1052535,2024-03-16T19:45:00+00:00,FT,A. Rapuano,29,512,Frosinone,487,Lazio,2,3
135,Serie A,2023,1052538,2024-03-17T11:30:00+00:00,FT,A. Giua,29,496,Juventus,495,Genoa,0,0
135,Serie A,2023,1052536,2024-03-17T14:00:00+00:00,FT,M. Mariani,29,504,Hellas Verona,489,AC Milan,1,3
135,Serie A,2023,1052540,2024-03-17T17:00:00+00:00,FT,G. Manganiello,29,497,AS Roma,488,Sassuolo,1,0
135,Serie A,2023,1052537,2024-03-17T19:45:00+00:00,FT,F. La Penna,29,505,Inter,492,Napoli,1,1
135,Serie A,2023,1052550,2024-03-30T11:30:00+00:00,FT,L. Pairetto,30,492,Napoli,499,Atalanta,0,3
135,Serie A,2023,1052546,2024-03-30T14:00:00+00:00,FT,J. Sacchi,30,495,Genoa,512,Frosinone,1,1
135,Serie A,2023,1052552,2024-03-30T14:00:00+00:00,FT,G. Aureliano,30,503,Torino,1579,Monza,1,0
135,Serie A,2023,1052548,2024-03-30T17:00:00+00:00,FT,A. Colombo,30,487,Lazio,496,Juventus,1,0
135,Serie A,2023,1052545,2024-03-30T19:45:00+00:00,FT,F. Maresca,30,502,Fiorentina,489,AC Milan,1,2
135,Serie A,2023,1052543,2024-04-01T10:30:00+00:00,FT,E. Feliciani,30,500,Bologna,514,Salernitana,3,0
135,Serie A,2023,1052551,2024-04-01T13:00:00+00:00,FT,M. Fabbri,30,488,Sassuolo,494,Udinese,1,1
135,Serie A,2023,1052544,2024-04-01T13:00:00+00:00,FT,D. Doveri,30,490,Cagliari,504,Hellas Verona,1,1
135,Serie A,2023,1052549,2024-04-01T16:00:00+00:00,FT,M. Marcenaro,30,867,Lecce,497,AS Roma,0,0
135,Serie A,2023,1052547,2024-04-01T18:45:00+00:00,FT,F. Dionisi,30,505,Inter,511,Empoli,2,0
135,Serie A,2023,1052561,2024-04-05T18:45:00+00:00,FT,S. Sozza,31,514,Salernitana,488,Sassuolo,2,2
135,Serie A,2023,1052558,2024-04-06T13:00:00+00:00,FT,L. Massimi,31,489,AC Milan,867,Lecce,3,0
135,Serie A,2023,1052560,2024-04-06T16:00:00+00:00,FT,M. Guida,31,497,AS Roma,487,Lazio,1,0
135,Serie A,2023,1052554,2024-04-06T18:45:00+00:00,FT,D. Massa,31,511,Empoli,503,Torino,3,2
135,Serie A,2023,1052555,2024-04-07T10:30:00+00:00,FT,D. Orsato,31,512,Frosinone,500,Bologna,0,0
135,Serie A,2023,1052559,2024-04-07T13:00:00+00:00,FT,D. Doveri,31,1579,Monza,492,Napoli,2,4
135,Serie A,2023,1052553,2024-04-07T16:00:00+00:00,FT,A. Rapuano,31,490,Cagliari,499,Atalanta,2,1
135,Serie A,2023,1052556,2024-04-07T16:00:00+00:00,FT,G. Manganiello,31,504,Hellas Verona,495,Genoa,1,2
135,Serie A,2023,1052557,2024-04-07T18:45:00+00:00,FT,F. La Penna,31,496,Juventus,502,Fiorentina,1,0
135,Serie A,2023,1052562,2024-04-08T18:45:00+00:00,FT,M. Piccinini,31,494,Udinese,505,Inter,1,2
135,Serie A,2023,1052567,2024-04-12T18:45:00+00:00,FT,L. Zufferli,32,487,Lazio,514,Salernitana,4,1
135,Serie A,2023,1052568,2024-04-13T13:00:00+00:00,FT,M. Mariani,32,867,Lecce,511,Empoli,1,0
135,Serie A,2023,1052571,2024-04-13T16:00:00+00:00,FT,F. Maresca,32,503,Torino,496,Juventus,0,0
135,Serie A,2023,1052564,2024-04-13T18:45:00+00:00,FT,F. La Penna,32,500,Bologna,1579,Monza,0,0
135,Serie A,2023,1052569,2024-04-14T10:30:00+00:00,FT,M. Fabbri,32,492,Napoli,512,Frosinone,2,2
135,Serie A,2023,1052570,2024-04-14T13:00:00+00:00,FT,D. Massa,32,488,Sassuolo,489,AC Milan,3,3
135,Serie A,2023,1052566,2024-04-14T18:45:00+00:00,FT,F. Fourneau,32,505,Inter,490,Cagliari,2,2
135,Serie A,2023,1052565,2024-04-15T16:30:00+00:00,FT,D. Di Marco,32,502,Fiorentina,495,Genoa,1,1
135,Serie A,2023,1052563,2024-04-15T18:45:00+00:00,FT,J. Sacchi,32,499,Atalanta,504,Hellas Verona,2,2
135,Serie A,2023,1052575,2024-04-19T16:30:00+00:00,FT,E. Feliciani,33,495,Genoa,487,Lazio,0,1
135,Serie A,2023,1052573,2024-04-19T18:45:00+00:00,FT,M. Piccinini,33,490,Cagliari,496,Juventus,2,2
135,Serie A,2023,1052574,2024-04-20T16:00:00+00:00,FT,G. Manganiello,33,511,Empoli,492,Napoli,1,0
135,Serie A,2023,1052576,2024-04-20T18:45:00+00:00,FT,M. Guida,33,504,Hellas Verona,494,Udinese,1,0
135,Serie A,2023,1052581,2024-04-21T10:30:00+00:00,FT,D. Doveri,33,488,Sassuolo,867,Lecce,0,3
135,Serie A,2023,1052582,2024-04-21T13:00:00+00:00,FT,A. Rapuano,33,503,Torino,512,Frosinone,0,0
135,Serie A,2023,1052580,2024-04-21T16:00:00+00:00,FT,M. Marchetti,33,514,Salernitana,502,Fiorentina,0,2
135,Serie A,2023,1052578,2024-04-21T18:45:00+00:00,FT,A. Giua,33,1579,Monza,499,Atalanta,1,2
135,Serie A,2023,1052579,2024-04-22T16:30:00+00:00,FT,F. Maresca,33,497,AS Roma,500,Bologna,1,3
135,Serie A,2023,1052577,2024-04-22T18:45:00+00:00,FT,A. Colombo,33,489,AC Milan,505,Inter,1,2
135,Serie A,2023,1052572,2024-04-25T16:00:00+00:00,FT,L. Pairetto,32,494,Udinese,497,AS Roma,1,2
135,Serie A,2023,1052586,2024-04-26T18:45:00+00:00,FT,F. Fourneau,34,512,Frosinone,514,Salernitana,3,0
135,Serie A,2023,1052591,2024-04-27T13:00:00+00:00,FT,A. Santoro,34,867,Lecce,1579,Monza,1,1
135,Serie A,2023,1052589,2024-04-27T16:00:00+00:00,FT,M. Mariani,34,496,Juventus,489,AC Milan,0,0
135,Serie A,2023,1052590,2024-04-27T18:45:00+00:00,FT,D. Massa,34,487,Lazio,504,Hellas Verona,1,0
135,Serie A,2023,1052588,2024-04-28T10:30:00+00:00,FT,M. Ferrieri Caputi,34,505,Inter,503,Torino,2,0
135,Serie A,2023,1052584,2024-04-28T13:00:00+00:00,FT,J. Sacchi,34,500,Bologna,494,Udinese,1,1
135,Serie A,2023,1052592,2024-04-28T16:00:00+00:00,FT,S. Sozza,34,492,Napoli,497,AS Roma,2,2
135,Serie A,2023,1052583,2024-04-28T16:00:00+00:00,FT,M. Fabbri,34,499,Atalanta,511,Empoli,2,0
135,Serie A,2023,1052585,2024-04-28T18:45:00+00:00,FT,M. Marcenaro,34,502,Fiorentina,488,Sassuolo,5,1
135,Serie A,2023,1052587,2024-04-29T18:45:00+00:00,FT,F. Dionisi,34,495,Genoa,490,Cagliari,3,0
135,Serie A,2023,1052601,2024-05-03T18:45:00+00:00,FT,S. Sozza,35,503,Torino,500,Bologna,0,0
135,Serie A,2023,1052597,2024-05-04T16:00:00+00:00,FT,L. Pairetto,35,1579,Monza,487,Lazio,2,2
135,Serie A,2023,1052600,2024-05-04T18:45:00+00:00,FT,M. Marchetti,35,488,Sassuolo,505,Inter,1,0
135,Serie A,2023,1052593,2024-05-05T10:30:00+00:00,FT,M. Marcenaro,35,490,Cagliari,867,Lecce,1,1
135,Serie A,2023,1052595,2024-05-05T13:00:00+00:00,FT,A. Rapuano,35,504,Hellas Verona,502,Fiorentina,2,1
135,Serie A,2023,1052594,2024-05-05T13:00:00+00:00,FT,D. Doveri,35,511,Empoli,512,Frosinone,0,0
135,Serie A,2023,1052596,2024-05-05T16:00:00+00:00,FT,A. Prontera,35,489,AC Milan,495,Genoa,3,3
135,Serie A,2023,1052598,2024-05-05T18:45:00+00:00,FT,A. Colombo,35,497,AS Roma,496,Juventus,1,1
135,Serie A,2023,1052599,2024-05-06T16:00:00+00:00,FT,E. Feliciani,35,514,Salernitana,499,Atalanta,1,2
135,Serie A,2023,1052602,2024-05-06T18:45:00+00:00,FT,G. Aureliano,35,494,Udinese,492,Napoli,1,1
135,Serie A,2023,1052605,2024-05-10T18:45:00+00:00,FT,A. Giua,36,512,Frosinone,505,Inter,0,5
135,Serie A,2023,1052612,2024-05-11T16:00:00+00:00,FT,L. Pairetto,36,492,Napoli,500,Bologna,0,2
135,Serie A,2023,1052611,2024-05-11T18:45:00+00:00,FT,S. Sozza,36,489,AC Milan,490,Cagliari,5,1
135,Serie A,2023,1052609,2024-05-12T10:30:00+00:00,FT,G. Aureliano,36,487,Lazio,511,Empoli,2,0
135,Serie A,2023,1052606,2024-05-12T13:00:00+00:00,FT,M. Mariani,36,495,Genoa,488,Sassuolo,2,1
135,Serie A,2023,1052607,2024-05-12T13:00:00+00:00,FT,L. Marinelli,36,504,Hellas Verona,503,Torino,1,2
135,Serie A,2023,1052608,2024-05-12T16:00:00+00:00,FT,A. Santoro,36,496,Juventus,514,Salernitana,1,1
135,Serie A,2023,1052603,2024-05-12T18:45:00+00:00,FT,M. Guida,36,499,Atalanta,497,AS Roma,2,1
135,Serie A,2023,1052610,2024-05-13T16:30:00+00:00,FT,D. Massa,36,867,Lecce,494,Udinese,0,2
135,Serie A,2023,1052604,2024-05-13T18:45:00+00:00,FT,L. Zufferli,36,502,Fiorentina,1579,Monza,2,1
135,Serie A,2023,1052614,2024-05-17T18:45:00+00:00,FT,M. Marchetti,37,502,Fiorentina,492,Napoli,2,2
135,Serie A,2023,1052616,2024-05-18T16:00:00+00:00,FT,A. Rapuano,37,867,Lecce,499,Atalanta,0,2
135,Serie A,2023,1052621,2024-05-18T18:45:00+00:00,FT,E. Feliciani,37,503,Torino,489,AC Milan,3,1
135,Serie A,2023,1052620,2024-05-19T10:30:00+00:00,FT,D. Doveri,37,488,Sassuolo,490,Cagliari,0,2
135,Serie A,2023,1052622,2024-05-19T13:00:00+00:00,FT,M. Guida,37,494,Udinese,511,Empoli,1,1
135,Serie A,2023,1052617,2024-05-19T13:00:00+00:00,FT,M. Fabbri,37,1579,Monza,512,Frosinone,0,1
135,Serie A,2023,1052615,2024-05-19T16:00:00+00:00,FT,J. Sacchi,37,505,Inter,487,Lazio,1,1
135,Serie A,2023,1052618,2024-05-19T18:45:00+00:00,FT,G. Manganiello,37,497,AS Roma,495,Genoa,1,0
135,Serie A,2023,1052619,2024-05-20T16:30:00+00:00,FT,M. Di Bello,37,514,Salernitana,504,Hellas Verona,1,2
135,Serie A,2023,1052613,2024-05-20T18:45:00+00:00,FT,G. Ayroldi,37,500,Bologna,496,Juventus,3,3
135,Serie A,2023,1052624,2024-05-23T18:45:00+00:00,FT,A. Prontera,38,490,Cagliari,502,Fiorentina,2,3
135,Serie A,2023,1052627,2024-05-24T18:45:00+00:00,FT,A. Santoro,38,495,Genoa,500,Bologna,2,0
135,Serie A,2023,1052629,2024-05-25T16:00:00+00:00,FT,M. Ferrieri Caputi,38,496,Juventus,1579,Monza,2,0
135,Serie A,2023,1052631,2024-05-25T18:45:00+00:00,FT,D. Di Marco,38,489,AC Milan,514,Salernitana,3,3
135,Serie A,2023,1052632,2024-05-26T16:00:00+00:00,FT,F. Dionisi,38,492,Napoli,867,Lecce,0,0
135,Serie A,2023,1052623,2024-05-26T16:00:00+00:00,FT,S. Sozza,38,499,Atalanta,503,Torino,3,0
135,Serie A,2023,1052630,2024-05-26T18:45:00+00:00,FT,P. Tremolada,38,487,Lazio,488,Sassuolo,1,1
135,Serie A,2023,1052628,2024-05-26T18:45:00+00:00,FT,L. Zufferli,38,504,Hellas Verona,505,Inter,2,2
135,Serie A,2023,1052625,2024-05-26T18:45:00+00:00,FT,D. Massa,38,511,Empoli,497,AS Roma,2,1
135,Serie A,2023,1052626,2024-05-26T18:45:00+00:00,FT,D. Doveri,38,512,Frosinone,494,Udinese,0,1
135,Serie A,2023,1052533,2024-06-02T16:00:00+00:00,FT,D. Orsato,29,499,Atalanta,502,Fiorentina,2,3
135,Serie A,2024,1223598,2024-08-17T16:30:00+00:00,FT,E. Feliciani,1,495,Genoa,505,Inter,2,2
135,Serie A,2024,1223604,2024-08-17T16:30:00+00:00,FT,G. Ayroldi,1,523,Parma,502,Fiorentina,1,1
135,Serie A,2024,1223603,2024-08-17T18:45:00+00:00,FT,F. Maresca,1,489,AC Milan,503,Torino,2,2
135,Serie A,2024,1223597,2024-08-17T18:45:00+00:00,FT,M. Fabbri,1,511,Empoli,1579,Monza,0,0
135,Serie A,2024,1223595,2024-08-18T16:30:00+00:00,FT,M. Ferrieri Caputi,1,500,Bologna,494,Udinese,1,1
135,Serie A,2024,1223599,2024-08-18T16:30:00+00:00,FT,M. Marchetti,1,504,Hellas Verona,492,Napoli,3,0
135,Serie A,2024,1223601,2024-08-18T18:45:00+00:00,FT,P. Tremolada,1,487,Lazio,517,Venezia,3,1
135,Serie A,2024,1223596,2024-08-18T18:45:00+00:00,FT,L. Marinelli,1,490,Cagliari,497,AS Roma,0,0
135,Serie A,2024,1223602,2024-08-19T16:30:00+00:00,FT,D. Massa,1,867,Lecce,499,Atalanta,0,4
135,Serie A,2024,1223600,2024-08-19T18:45:00+00:00,FT,M. Marcenaro,1,496,Juventus,895,Como,3,0
135,Serie A,2024,1223614,2024-08-24T16:30:00+00:00,FT,D. Doveri,2,494,Udinese,487,Lazio,2,1
135,Serie A,2024,1223611,2024-08-24T16:30:00+00:00,FT,J. Sacchi,2,523,Parma,489,AC Milan,2,1
135,Serie A,2024,1223608,2024-08-24T18:45:00+00:00,FT,D. Di Marco,2,505,Inter,867,Lecce,2,0
135,Serie A,2024,1223609,2024-08-24T18:45:00+00:00,FT,M. Mariani,2,1579,Monza,495,Genoa,0,1
135,Serie A,2024,1223606,2024-08-25T16:30:00+00:00,FT,S. Sozza,2,502,Fiorentina,517,Venezia,0,0
135,Serie A,2024,1223613,2024-08-25T16:30:00+00:00,FT,A. Rapuano,2,503,Torino,499,Atalanta,2,1
135,Serie A,2024,1223610,2024-08-25T18:45:00+00:00,FT,L. Pairetto,2,492,Napoli,500,Bologna,3,0
135,Serie A,2024,1223612,2024-08-25T18:45:00+00:00,FT,L. Zufferli,2,497,AS Roma,511,Empoli,1,2
135,Serie A,2024,1223605,2024-08-26T16:30:00+00:00,FT,M. Di Bello,2,490,Cagliari,895,Como,1,1
135,Serie A,2024,1223607,2024-08-26T18:45:00+00:00,FT,A. Giua,2,504,Hellas Verona,496,Juventus,0,3
135,Serie A,2024,1223624,2024-08-30T16:30:00+00:00,FT,M. Marcenaro,3,517,Venezia,503,Torino,0,1
135,Serie A,2024,1223618,2024-08-30T18:45:00+00:00,FT,M. Marchetti,3,505,Inter,499,Atalanta,4,0
135,Serie A,2024,1223615,2024-08-31T16:30:00+00:00,FT,L. Marinelli,3,500,Bologna,511,Empoli,1,1
135,Serie A,2024,1223621,2024-08-31T16:30:00+00:00,FT,M. Fabbri,3,867,Lecce,490,Cagliari,1,0
135,Serie A,2024,1223620,2024-08-31T18:45:00+00:00,FT,D. Massa,3,487,Lazio,489,AC Milan,2,2
135,Serie A,2024,1223622,2024-08-31T18:45:00+00:00,FT,P. Tremolada,3,492,Napoli,523,Parma,2,1
135,Serie A,2024,1223617,2024-09-01T16:30:00+00:00,FT,G. Ayroldi,3,495,Genoa,504,Hellas Verona,0,2
135,Serie A,2024,1223616,2024-09-01T16:30:00+00:00,FT,A. Colombo,3,502,Fiorentina,1579,Monza,2,2
135,Serie A,2024,1223623,2024-09-01T18:45:00+00:00,FT,A. Prontera,3,494,Udinese,895,Como,1,0
135,Serie A,2024,1223619,2024-09-01T18:45:00+00:00,FT,M. Guida,3,496,Juventus,497,AS Roma,0,0
135,Serie A,2024,1223627,2024-09-14T13:00:00+00:00,FT,M. Piccinini,4,895,Como,500,Bologna,2,2
135,Serie A,2024,1223628,2024-09-14T16:00:00+00:00,FT,M. Di Bello,4,511,Empoli,496,Juventus,0,0
135,Serie A,2024,1223631,2024-09-14T18:45:00+00:00,FT,D. Di Marco,4,489,AC Milan,517,Venezia,4,0
135,Serie A,2024,1223629,2024-09-15T10:30:00+00:00,FT,A. Giua,4,495,Genoa,497,AS Roma,1,1
135,Serie A,2024,1223625,2024-09-15T13:00:00+00:00,FT,J. Sacchi,4,499,Atalanta,502,Fiorentina,3,2
135,Serie A,2024,1223634,2024-09-15T13:00:00+00:00,FT,A. Colombo,4,503,Torino,867,Lecce,0,0
135,Serie A,2024,1223626,2024-09-15T16:00:00+00:00,FT,F. La Penna,4,490,Cagliari,492,Napoli,0,4
135,Serie A,2024,1223632,2024-09-15T18:45:00+00:00,FT,L. Pairetto,4,1579,Monza,505,Inter,1,1
135,Serie A,2024,1223633,2024-09-16T16:30:00+00:00,FT,R. Abisso,4,523,Parma,494,Udinese,2,3
135,Serie A,2024,1223630,2024-09-16T18:45:00+00:00,FT,L. Zufferli,4,487,Lazio,504,Hellas Verona,2,1
135,Serie A,2024,1223636,2024-09-20T16:30:00+00:00,FT,S. Sozza,5,490,Cagliari,511,Empoli,0,2
135,Serie A,2024,1223638,2024-09-20T18:45:00+00:00,FT,L. Marinelli,5,504,Hellas Verona,503,Torino,2,3
135,Serie A,2024,1223644,2024-09-21T13:00:00+00:00,FT,M. Marchetti,5,517,Venezia,495,Genoa,2,0
135,Serie A,2024,1223640,2024-09-21T16:00:00+00:00,FT,D. Doveri,5,496,Juventus,492,Napoli,0,0
135,Serie A,2024,1223641,2024-09-21T18:45:00+00:00,FT,M. Guida,5,867,Lecce,523,Parma,2,2
135,Serie A,2024,1223637,2024-09-22T10:30:00+00:00,FT,M. Marcenaro,5,502,Fiorentina,487,Lazio,2,1
135,Serie A,2024,1223642,2024-09-22T13:00:00+00:00,FT,D. Massa,5,1579,Monza,500,Bologna,1,2
135,Serie A,2024,1223643,2024-09-22T16:00:00+00:00,FT,E. Feliciani,5,497,AS Roma,494,Udinese,3,0
135,Serie A,2024,1223639,2024-09-22T18:45:00+00:00,FT,M. Mariani,5,505,Inter,489,AC Milan,1,2
135,Serie A,2024,1223635,2024-09-24T18:45:00+00:00,FT,P. Tremolada,5,499,Atalanta,895,Como,2,3
135,Serie A,2024,1223649,2024-09-27T18:45:00+00:00,FT,L. Zufferli,6,489,AC Milan,867,Lecce,3,0
135,Serie A,2024,1223654,2024-09-28T13:00:00+00:00,FT,J. Sacchi,6,494,Udinese,505,Inter,2,3
135,Serie A,2024,1223648,2024-09-28T16:00:00+00:00,FT,A. Colombo,6,495,Genoa,496,Juventus,0,3
135,Serie A,2024,1223645,2024-09-28T18:45:00+00:00,FT,A. Rapuano,6,500,Bologna,499,Atalanta,1,1
135,Serie A,2024,1223653,2024-09-29T10:30:00+00:00,FT,S. Sozza,6,503,Torino,487,Lazio,2,3
135,Serie A,2024,1223652,2024-09-29T13:00:00+00:00,FT,R. Abisso,6,497,AS Roma,517,Venezia,2,1
135,Serie A,2024,1223646,2024-09-29T13:00:00+00:00,FT,A. Giua,6,895,Como,504,Hellas Verona,3,2
135,Serie A,2024,1223647,2024-09-29T16:00:00+00:00,FT,G. Aureliano,6,511,Empoli,502,Fiorentina,0,0
135,Serie A,2024,1223650,2024-09-29T18:45:00+00:00,FT,G. Manganiello,6,492,Napoli,1579,Monza,2,0
135,Serie A,2024,1223651,2024-09-30T18:45:00+00:00,FT,F. Fourneau,6,523,Parma,490,Cagliari,2,3
135,Serie A,2024,1223663,2024-10-04T16:30:00+00:00,FT,E. Feliciani,7,492,Napoli,895,Como,3,1
135,Serie A,2024,1223658,2024-10-04T18:45:00+00:00,FT,M. Guida,7,504,Hellas Verona,517,Venezia,2,1
135,Serie A,2024,1223664,2024-10-05T13:00:00+00:00,FT,M. Mariani,7,494,Udinese,867,Lecce,1,0
135,Serie A,2024,1223655,2024-10-05T16:00:00+00:00,FT,D. Chiffi,7,499,Atalanta,495,Genoa,5,1
135,Serie A,2024,1223659,2024-10-05T18:45:00+00:00,FT,M. Marcenaro,7,505,Inter,503,Torino,3,2
135,Serie A,2024,1223660,2024-10-06T10:30:00+00:00,FT,L. Marinelli,7,496,Juventus,490,Cagliari,1,1
135,Serie A,2024,1223661,2024-10-06T13:00:00+00:00,FT,G. Ayroldi,7,487,Lazio,511,Empoli,2,1
135,Serie A,2024,1223656,2024-10-06T13:00:00+00:00,FT,M. Di Bello,7,500,Bologna,523,Parma,0,0
135,Serie A,2024,1223662,2024-10-06T16:00:00+00:00,FT,F. La Penna,7,1579,Monza,497,AS Roma,1,1
135,Serie A,2024,1223657,2024-10-06T18:45:00+00:00,FT,L. Pairetto,7,502,Fiorentina,489,AC Milan,2,1
135,Serie A,2024,1223668,2024-10-19T13:00:00+00:00,FT,D. Doveri,8,495,Genoa,500,Bologna,2,2
135,Serie A,2024,1223666,2024-10-19T13:00:00+00:00,FT,M. Fabbri,8,895,Como,523,Parma,1,1
135,Serie A,2024,1223672,2024-10-19T16:00:00+00:00,FT,D. Chiffi,8,489,AC Milan,494,Udinese,1,0
135,Serie A,2024,1223670,2024-10-19T18:45:00+00:00,FT,J. Sacchi,8,496,Juventus,487,Lazio,1,0
135,Serie A,2024,1223667,2024-10-20T10:30:00+00:00,FT,R. Abisso,8,511,Empoli,492,Napoli,0,1
135,Serie A,2024,1223674,2024-10-20T13:00:00+00:00,FT,L. Zufferli,8,517,Venezia,499,Atalanta,0,2
135,Serie A,2024,1223671,2024-10-20T13:00:00+00:00,FT,F. Fourneau,8,867,Lecce,502,Fiorentina,0,6
135,Serie A,2024,1223665,2024-10-20T16:00:00+00:00,FT,G. Aureliano,8,490,Cagliari,503,Torino,3,2
135,Serie A,2024,1223673,2024-10-20T18:45:00+00:00,FT,D. Massa,8,497,AS Roma,505,Inter,0,1
135,Serie A,2024,1223669,2024-10-21T18:45:00+00:00,FT,F. Dionisi,8,504,Hellas Verona,1579,Monza,0,3
135,Serie A,2024,1223684,2024-10-25T16:30:00+00:00,FT,G. Manganiello,9,494,Udinese,490,Cagliari,2,0
135,Serie A,2024,1223683,2024-10-25T18:45:00+00:00,FT,G. Ayroldi,9,503,Torino,895,Como,1,0
135,Serie A,2024,1223681,2024-10-26T13:00:00+00:00,FT,P. Tremolada,9,492,Napoli,867,Lecce,1,0
135,Serie A,2024,1223675,2024-10-26T18:45:00+00:00,FT,E. Feliciani,9,499,Atalanta,504,Hellas Verona,6,1
135,Serie A,2024,1223682,2024-10-27T10:30:00+00:00,FT,F. La Penna,9,523,Parma,511,Empoli,1,1
135,Serie A,2024,1223679,2024-10-27T13:00:00+00:00,FT,M. Piccinini,9,487,Lazio,495,Genoa,3,0
135,Serie A,2024,1223680,2024-10-27T13:00:00+00:00,FT,A. Rapuano,9,1579,Monza,517,Venezia,2,2
135,Serie A,2024,1223678,2024-10-27T16:00:00+00:00,FT,M. Guida,9,505,Inter,496,Juventus,4,4
135,Serie A,2024,1223677,2024-10-27T19:45:00+00:00,FT,S. Sozza,9,502,Fiorentina,497,AS Roma,5,1
135,Serie A,2024,1223686,2024-10-29T17:30:00+00:00,FT,F. Fourneau,10,490,Cagliari,500,Bologna,0,2
135,Serie A,2024,1223691,2024-10-29T17:30:00+00:00,FT,M. Mariani,10,867,Lecce,504,Hellas Verona,1,0
135,Serie A,2024,1223692,2024-10-29T19:45:00+00:00,FT,A. Colombo,10,489,AC Milan,492,Napoli,0,2
135,Serie A,2024,1223688,2024-10-30T17:30:00+00:00,FT,M. Marchetti,10,511,Empoli,505,Inter,0,3
135,Serie A,2024,1223694,2024-10-30T17:30:00+00:00,FT,D. Massa,10,517,Venezia,494,Udinese,3,2
135,Serie A,2024,1223690,2024-10-30T19:45:00+00:00,FT,L. Zufferli,10,496,Juventus,523,Parma,2,2
135,Serie A,2024,1223685,2024-10-30T19:45:00+00:00,FT,M. Piccinini,10,499,Atalanta,1579,Monza,2,0
135,Serie A,2024,1223689,2024-10-31T17:30:00+00:00,FT,D. Chiffi,10,495,Genoa,502,Fiorentina,0,1
135,Serie A,2024,1223693,2024-10-31T19:45:00+00:00,FT,M. Fabbri,10,497,AS Roma,503,Torino,1,0
135,Serie A,2024,1223687,2024-10-31T19:45:00+00:00,FT,L. Pairetto,10,895,Como,487,Lazio,1,5
135,Serie A,2024,1223695,2024-11-02T14:00:00+00:00,FT,G. Collu,11,500,Bologna,867,Lecce,1,0
135,Serie A,2024,1223704,2024-11-02T17:00:00+00:00,FT,R. Abisso,11,494,Udinese,496,Juventus,0,2
135,Serie A,2024,1223700,2024-11-02T19:45:00+00:00,FT,E. Feliciani,11,1579,Monza,489,AC Milan,0,1
135,Serie A,2024,1223701,2024-11-03T11:30:00+00:00,FT,D. Doveri,11,492,Napoli,499,Atalanta,0,3
135,Serie A,2024,1223703,2024-11-03T14:00:00+00:00,FT,F. La Penna,11,503,Torino,502,Fiorentina,0,1
135,Serie A,2024,1223697,2024-11-03T17:00:00+00:00,FT,M. Marcenaro,11,504,Hellas Verona,497,AS Roma,3,2
135,Serie A,2024,1223698,2024-11-03T19:45:00+00:00,FT,M. Ferrieri Caputi,11,505,Inter,517,Venezia,1,0
135,Serie A,2024,1223696,2024-11-04T17:30:00+00:00,FT,M. Di Bello,11,511,Empoli,895,Como,1,0
135,Serie A,2024,1223702,2024-11-04T17:30:00+00:00,FT,M. Guida,11,523,Parma,495,Genoa,0,1
135,Serie A,2024,1223699,2024-11-04T19:45:00+00:00,FT,G. Ayroldi,11,487,Lazio,490,Cagliari,2,1
135,Serie A,2024,1223708,2024-11-07T19:45:00+00:00,FT,A. Rapuano,12,495,Genoa,895,Como,1,1
135,Serie A,2024,1223711,2024-11-08T19:45:00+00:00,FT,J. Sacchi,12,867,Lecce,511,Empoli,1,1
135,Serie A,2024,1223714,2024-11-09T14:00:00+00:00,FT,D. Chiffi,12,517,Venezia,523,Parma,1,2
135,Serie A,2024,1223706,2024-11-09T17:00:00+00:00,FT,M. Fabbri,12,490,Cagliari,489,AC Milan,3,3
135,Serie A,2024,1223710,2024-11-09T19:45:00+00:00,FT,S. Sozza,12,496,Juventus,503,Torino,2,0
135,Serie A,2024,1223705,2024-11-10T11:30:00+00:00,FT,M. Di Bello,12,499,Atalanta,494,Udinese,2,1
135,Serie A,2024,1223713,2024-11-10T14:00:00+00:00,FT,G. Manganiello,12,497,AS Roma,500,Bologna,2,3
135,Serie A,2024,1223707,2024-11-10T14:00:00+00:00,FT,L. Zufferli,12,502,Fiorentina,504,Hellas Verona,3,1
135,Serie A,2024,1223712,2024-11-10T17:00:00+00:00,FT,A. Colombo,12,1579,Monza,487,Lazio,0,1
135,Serie A,2024,1223709,2024-11-10T19:45:00+00:00,FT,M. Mariani,12,505,Inter,492,Napoli,1,1
135,Serie A,2024,1223718,2024-11-23T14:00:00+00:00,FT,A. Colombo,13,504,Hellas Verona,505,Inter,0,5
135,Serie A,2024,1223720,2024-11-23T17:00:00+00:00,FT,D. Chiffi,13,489,AC Milan,496,Juventus,0,0
135,Serie A,2024,1223722,2024-11-23T19:45:00+00:00,FT,G. Manganiello,13,523,Parma,499,Atalanta,1,3
135,Serie A,2024,1223717,2024-11-24T11:30:00+00:00,FT,S. Sozza,13,495,Genoa,490,Cagliari,2,2
135,Serie A,2024,1223723,2024-11-24T14:00:00+00:00,FT,R. Abisso,13,503,Torino,1579,Monza,1,1
135,Serie A,2024,1223715,2024-11-24T14:00:00+00:00,FT,M. Marchetti,13,895,Como,502,Fiorentina,0,2
135,Serie A,2024,1223721,2024-11-24T17:00:00+00:00,FT,D. Massa,13,492,Napoli,497,AS Roma,1,0
135,Serie A,2024,1223719,2024-11-24T19:45:00+00:00,FT,A. Rapuano,13,487,Lazio,500,Bologna,3,0
135,Serie A,2024,1223716,2024-11-25T17:30:00+00:00,FT,L. Marinelli,13,511,Empoli,494,Udinese,1,1
135,Serie A,2024,1223724,2024-11-25T19:45:00+00:00,FT,L. Pairetto,13,517,Venezia,867,Lecce,0,1
135,Serie A,2024,1223726,2024-11-29T19:45:00+00:00,FT,M. Mariani,14,490,Cagliari,504,Hellas Verona,1,0
135,Serie A,2024,1223727,2024-11-30T14:00:00+00:00,FT,J. Sacchi,14,895,Como,1579,Monza,1,1
135,Serie A,2024,1223730,2024-11-30T17:00:00+00:00,FT,F. Dionisi,14,489,AC Milan,511,Empoli,3,0
135,Serie A,2024,1223725,2024-11-30T19:45:00+00:00,FT,L. Massimi,14,500,Bologna,517,Venezia,3,0
135,Serie A,2024,1223734,2024-12-01T11:30:00+00:00,FT,G. Aureliano,14,494,Udinese,495,Genoa,0,2
135,Serie A,2024,1223733,2024-12-01T14:00:00+00:00,FT,M. Fabbri,14,503,Torino,492,Napoli,0,1
135,Serie A,2024,1223731,2024-12-01T14:00:00+00:00,FT,L. Zufferli,14,523,Parma,487,Lazio,3,1
135,Serie A,2024,1223729,2024-12-01T19:45:00+00:00,FT,A. Rapuano,14,867,Lecce,496,Juventus,1,1
135,Serie A,2024,1223732,2024-12-02T19:45:00+00:00,FT,M. Guida,14,497,AS Roma,499,Atalanta,0,2
135,Serie A,2024,1223739,2024-12-06T17:30:00+00:00,FT,R. Abisso,15,505,Inter,523,Parma,3,1
135,Serie A,2024,1223735,2024-12-06T19:45:00+00:00,FT,F. La Penna,15,499,Atalanta,489,AC Milan,2,1
135,Serie A,2024,1223737,2024-12-07T14:00:00+00:00,FT,L. Marinelli,15,495,Genoa,503,Torino,0,0
135,Serie A,2024,1223740,2024-12-07T17:00:00+00:00,FT,M. Marchetti,15,496,Juventus,500,Bologna,2,2
135,Serie A,2024,1223743,2024-12-07T19:45:00+00:00,FT,D. Chiffi,15,497,AS Roma,867,Lecce,4,1
135,Serie A,2024,1223736,2024-12-08T11:30:00+00:00,FT,M. Piccinini,15,502,Fiorentina,490,Cagliari,1,0
135,Serie A,2024,1223738,2024-12-08T14:00:00+00:00,FT,M. Di Bello,15,504,Hellas Verona,511,Empoli,1,4
135,Serie A,2024,1223744,2024-12-08T17:00:00+00:00,FT,D. Doveri,15,517,Venezia,895,Como,2,2
135,Serie A,2024,1223742,2024-12-08T19:45:00+00:00,FT,A. Colombo,15,492,Napoli,487,Lazio,0,1
135,Serie A,2024,1223741,2024-12-09T19:45:00+00:00,FT,G. Manganiello,15,1579,Monza,494,Udinese,1,2
135,Serie A,2024,1223748,2024-12-13T19:45:00+00:00,FT,K. Bonacina,16,511,Empoli,503,Torino,0,1
135,Serie A,2024,1223746,2024-12-14T14:00:00+00:00,FT,L. Pairetto,16,490,Cagliari,499,Atalanta,0,1
135,Serie A,2024,1223754,2024-12-14T17:00:00+00:00,FT,D. Doveri,16,494,Udinese,492,Napoli,1,3
135,Serie A,2024,1223749,2024-12-14T19:45:00+00:00,FT,A. Giua,16,496,Juventus,517,Venezia,2,2
135,Serie A,2024,1223751,2024-12-15T11:30:00+00:00,FT,M. Mariani,16,867,Lecce,1579,Monza,2,1
135,Serie A,2024,1223745,2024-12-15T14:00:00+00:00,FT,M. Fabbri,16,500,Bologna,502,Fiorentina,1,0
135,Serie A,2024,1223753,2024-12-15T14:00:00+00:00,FT,S. Sozza,16,523,Parma,504,Hellas Verona,2,3
135,Serie A,2024,1223747,2024-12-15T17:00:00+00:00,FT,A. Rapuano,16,895,Como,497,AS Roma,2,0
135,Serie A,2024,1223752,2024-12-15T19:45:00+00:00,FT,M. Guida,16,489,AC Milan,495,Genoa,0,0
135,Serie A,2024,1223750,2024-12-16T19:45:00+00:00,FT,D. Chiffi,16,487,Lazio,505,Inter,0,6
135,Serie A,2024,1223758,2024-12-20T19:45:00+00:00,FT,L. Marinelli,17,504,Hellas Verona,489,AC Milan,0,1
135,Serie A,2024,1223763,2024-12-21T14:00:00+00:00,FT,M. Piccinini,17,503,Torino,500,Bologna,0,2
135,Serie A,2024,1223757,2024-12-21T17:00:00+00:00,FT,F. La Penna,17,495,Genoa,492,Napoli,1,2
135,Serie A,2024,1223760,2024-12-21T19:45:00+00:00,FT,G. Manganiello,17,867,Lecce,487,Lazio,1,2
135,Serie A,2024,1223762,2024-12-22T11:30:00+00:00,FT,M. Di Bello,17,497,AS Roma,523,Parma,5,0
135,Serie A,2024,1223764,2024-12-22T14:00:00+00:00,FT,M. Guida,17,517,Venezia,490,Cagliari,2,1
135,Serie A,2024,1223755,2024-12-22T17:00:00+00:00,FT,E. Feliciani,17,499,Atalanta,511,Empoli,3,2
135,Serie A,2024,1223761,2024-12-22T19:45:00+00:00,FT,D. Massa,17,1579,Monza,496,Juventus,1,2
135,Serie A,2024,1223756,2024-12-23T17:30:00+00:00,FT,M. Marcenaro,17,502,Fiorentina,494,Udinese,1,2
135,Serie A,2024,1223759,2024-12-23T19:45:00+00:00,FT,A. Giua,17,505,Inter,895,Como,2,0
135,Serie A,2024,1223768,2024-12-28T14:00:00+00:00,FT,A. Rapuano,18,511,Empoli,495,Genoa,1,2
135,Serie A,2024,1223773,2024-12-28T14:00:00+00:00,FT,F. La Penna,18,523,Parma,1579,Monza,2,1
135,Serie A,2024,1223766,2024-12-28T17:00:00+00:00,FT,D. Doveri,18,490,Cagliari,505,Inter,0,3
135,Serie A,2024,1223770,2024-12-28T19:45:00+00:00,FT,D. Massa,18,487,Lazio,499,Atalanta,1,1
135,Serie A,2024,1223774,2024-12-29T11:30:00+00:00,FT,F. Fourneau,18,494,Udinese,503,Torino,2,2
135,Serie A,2024,1223772,2024-12-29T14:00:00+00:00,FT,F. Cosso,18,492,Napoli,517,Venezia,1,0
135,Serie A,2024,1223769,2024-12-29T17:00:00+00:00,FT,M. Mariani,18,496,Juventus,502,Fiorentina,2,2
135,Serie A,2024,1223771,2024-12-29T19:45:00+00:00,FT,M. Fabbri,18,489,AC Milan,497,AS Roma,1,1
135,Serie A,2024,1223767,2024-12-30T17:30:00+00:00,FT,M. Piccinini,18,895,Como,867,Lecce,2,0
135,Serie A,2024,1223765,2024-12-30T19:45:00+00:00,FT,G. Ayroldi,18,500,Bologna,504,Hellas Verona,2,3
135,Serie A,2024,1223784,2025-01-04T14:00:00+00:00,FT,J. Sacchi,19,517,Venezia,511,Empoli,1,1
135,Serie A,2024,1223777,2025-01-04T17:00:00+00:00,FT,G. Manganiello,19,502,Fiorentina,492,Napoli,0,3
135,Serie A,2024,1223778,2025-01-04T19:45:00+00:00,FT,F. Dionisi,19,504,Hellas Verona,494,Udinese,0,0
135,Serie A,2024,1223781,2025-01-05T11:30:00+00:00,FT,M. Di Bello,19,1579,Monza,490,Cagliari,1,2
135,Serie A,2024,1223780,2025-01-05T14:00:00+00:00,FT,L. Marinelli,19,867,Lecce,495,Genoa,0,0
135,Serie A,2024,1223783,2025-01-05T17:00:00+00:00,FT,E. Feliciani,19,503,Torino,523,Parma,0,0
135,Serie A,2024,1223782,2025-01-05T19:45:00+00:00,FT,L. Pairetto,19,497,AS Roma,487,Lazio,2,0
135,Serie A,2024,1223788,2025-01-10T19:45:00+00:00,FT,P. Tremolada,20,487,Lazio,895,Como,1,1
135,Serie A,2024,1223793,2025-01-11T14:00:00+00:00,FT,M. Mariani,20,494,Udinese,499,Atalanta,0,0
135,Serie A,2024,1223786,2025-01-11T14:00:00+00:00,FT,D. Chiffi,20,511,Empoli,867,Lecce,1,3
135,Serie A,2024,1223792,2025-01-11T17:00:00+00:00,FT,M. Fabbri,20,503,Torino,496,Juventus,1,1
135,Serie A,2024,1223789,2025-01-11T19:45:00+00:00,FT,F. Fourneau,20,489,AC Milan,490,Cagliari,1,1
135,Serie A,2024,1223787,2025-01-12T11:30:00+00:00,FT,A. Colombo,20,495,Genoa,523,Parma,1,0
135,Serie A,2024,1223794,2025-01-12T14:00:00+00:00,FT,M. Piccinini,20,517,Venezia,505,Inter,0,1
135,Serie A,2024,1223785,2025-01-12T17:00:00+00:00,FT,R. Abisso,20,500,Bologna,497,AS Roma,2,2
135,Serie A,2024,1223791,2025-01-12T19:45:00+00:00,FT,L. Zufferli,20,492,Napoli,504,Hellas Verona,2,0
135,Serie A,2024,1223790,2025-01-13T19:45:00+00:00,FT,F. Dionisi,20,1579,Monza,502,Fiorentina,2,1
135,Serie A,2024,1223776,2025-01-14T17:30:00+00:00,FT,G. Manganiello,19,895,Como,489,AC Milan,1,2
135,Serie A,2024,1223775,2025-01-14T19:45:00+00:00,FT,D. Doveri,19,499,Atalanta,496,Juventus,1,1
135,Serie A,2024,1223779,2025-01-15T19:45:00+00:00,FT,L. Pairetto,19,505,Inter,500,Bologna,2,2
135,Serie A,2024,1223804,2025-01-17T19:45:00+00:00,FT,L. Zufferli,21,497,AS Roma,495,Genoa,3,1
135,Serie A,2024,1223796,2025-01-18T14:00:00+00:00,FT,M. Mariani,21,500,Bologna,1579,Monza,3,1
135,Serie A,2024,1223802,2025-01-18T17:00:00+00:00,FT,D. Massa,21,496,Juventus,489,AC Milan,2,0
135,Serie A,2024,1223795,2025-01-18T19:45:00+00:00,FT,A. Colombo,21,499,Atalanta,492,Napoli,2,3
135,Serie A,2024,1223799,2025-01-19T11:30:00+00:00,FT,L. Marinelli,21,502,Fiorentina,503,Torino,1,1
135,Serie A,2024,1223797,2025-01-19T14:00:00+00:00,FT,J. Sacchi,21,490,Cagliari,867,Lecce,4,1
135,Serie A,2024,1223803,2025-01-19T14:00:00+00:00,FT,F. Fourneau,21,523,Parma,517,Venezia,1,1
135,Serie A,2024,1223800,2025-01-19T17:00:00+00:00,FT,M. Fabbri,21,504,Hellas Verona,487,Lazio,0,3
135,Serie A,2024,1223801,2025-01-19T19:45:00+00:00,FT,E. Feliciani,21,505,Inter,511,Empoli,3,1
135,Serie A,2024,1223798,2025-01-20T19:45:00+00:00,FT,F. Cosso,21,895,Como,494,Udinese,4,1
135,Serie A,2024,1223812,2025-01-24T19:45:00+00:00,FT,K. Bonacina,22,503,Torino,490,Cagliari,2,0
135,Serie A,2024,1223805,2025-01-25T14:00:00+00:00,FT,L. Pairetto,22,895,Como,499,Atalanta,1,2
135,Serie A,2024,1223811,2025-01-25T17:00:00+00:00,FT,D. Chiffi,22,492,Napoli,496,Juventus,2,1
135,Serie A,2024,1223806,2025-01-25T19:45:00+00:00,FT,F. La Penna,22,511,Empoli,500,Bologna,1,1
135,Serie A,2024,1223810,2025-01-26T11:30:00+00:00,FT,R. Abisso,22,489,AC Milan,523,Parma,3,2
135,Serie A,2024,1223813,2025-01-26T14:00:00+00:00,FT,S. Sozza,22,494,Udinese,497,AS Roma,1,2
135,Serie A,2024,1223809,2025-01-26T17:00:00+00:00,FT,L. Marinelli,22,867,Lecce,505,Inter,0,4
135,Serie A,2024,1223808,2025-01-26T19:45:00+00:00,FT,A. Rapuano,22,487,Lazio,502,Fiorentina,1,2
135,Serie A,2024,1223814,2025-01-27T17:30:00+00:00,FT,G. Manganiello,22,517,Venezia,504,Hellas Verona,1,1
135,Serie A,2024,1223807,2025-01-27T19:45:00+00:00,FT,D. Doveri,22,495,Genoa,1579,Monza,2,0
135,Serie A,2024,1223822,2025-01-31T19:45:00+00:00,FT,S. Sozza,23,523,Parma,867,Lecce,1,3
135,Serie A,2024,1223824,2025-02-01T14:00:00+00:00,FT,M. Mariani,23,494,Udinese,517,Venezia,3,2
135,Serie A,2024,1223821,2025-02-01T14:00:00+00:00,FT,D. Massa,23,1579,Monza,504,Hellas Verona,0,1
135,Serie A,2024,1223815,2025-02-01T17:00:00+00:00,FT,M. Piccinini,23,499,Atalanta,503,Torino,1,1
135,Serie A,2024,1223816,2025-02-01T19:45:00+00:00,FT,L. Massimi,23,500,Bologna,895,Como,2,0
135,Serie A,2024,1223819,2025-02-02T11:30:00+00:00,FT,L. Zufferli,23,496,Juventus,511,Empoli,4,1
135,Serie A,2024,1223818,2025-02-02T14:00:00+00:00,FT,G. Collu,23,502,Fiorentina,495,Genoa,2,1
135,Serie A,2024,1223820,2025-02-02T17:00:00+00:00,FT,D. Chiffi,23,489,AC Milan,505,Inter,1,1
135,Serie A,2024,1223823,2025-02-02T19:45:00+00:00,FT,M. Fabbri,23,497,AS Roma,492,Napoli,1,1
135,Serie A,2024,1223817,2025-02-03T19:45:00+00:00,FT,G. Manganiello,23,490,Cagliari,487,Lazio,1,2
135,Serie A,2024,1223728,2025-02-06T19:45:00+00:00,FT,D. Doveri,14,502,Fiorentina,505,Inter,3,0
135,Serie A,2024,1223826,2025-02-07T19:45:00+00:00,FT,R. Abisso,24,895,Como,496,Juventus,1,2
135,Serie A,2024,1223828,2025-02-08T14:00:00+00:00,FT,S. Sozza,24,504,Hellas Verona,499,Atalanta,0,5
135,Serie A,2024,1223827,2025-02-08T17:00:00+00:00,FT,L. Pairetto,24,511,Empoli,489,AC Milan,0,2
135,Serie A,2024,1223833,2025-02-08T19:45:00+00:00,FT,E. Feliciani,24,503,Torino,495,Genoa,1,1
135,Serie A,2024,1223834,2025-02-09T11:30:00+00:00,FT,L. Zufferli,24,517,Venezia,497,AS Roma,0,1
135,Serie A,2024,1223830,2025-02-09T14:00:00+00:00,FT,G. Aureliano,24,487,Lazio,1579,Monza,5,1
135,Serie A,2024,1223825,2025-02-09T14:00:00+00:00,FT,M. Di Bello,24,490,Cagliari,523,Parma,2,1
135,Serie A,2024,1223831,2025-02-09T17:00:00+00:00,FT,F. Fourneau,24,867,Lecce,500,Bologna,0,0
135,Serie A,2024,1223832,2025-02-09T19:45:00+00:00,FT,L. Marinelli,24,492,Napoli,494,Udinese,1,1
135,Serie A,2024,1223829,2025-02-10T19:45:00+00:00,FT,F. La Penna,24,505,Inter,502,Fiorentina,2,1
135,Serie A,2024,1223836,2025-02-14T19:45:00+00:00,FT,M. Fabbri,25,500,Bologna,503,Torino,3,2
135,Serie A,2024,1223835,2025-02-15T14:00:00+00:00,FT,M. Marchetti,25,499,Atalanta,490,Cagliari,0,0
135,Serie A,2024,1223840,2025-02-15T17:00:00+00:00,FT,D. Massa,25,487,Lazio,492,Napoli,2,2
135,Serie A,2024,1223841,2025-02-15T19:45:00+00:00,FT,F. Fourneau,25,489,AC Milan,504,Hellas Verona,1,0
135,Serie A,2024,1223837,2025-02-16T11:30:00+00:00,FT,M. Piccinini,25,502,Fiorentina,895,Como,0,2
135,Serie A,2024,1223844,2025-02-16T14:00:00+00:00,FT,D. Doveri,25,494,Udinese,511,Empoli,3,0
135,Serie A,2024,1223842,2025-02-16T14:00:00+00:00,FT,G. Collu,25,1579,Monza,867,Lecce,0,0
135,Serie A,2024,1223843,2025-02-16T17:00:00+00:00,FT,D. Chiffi,25,523,Parma,497,AS Roma,0,1
135,Serie A,2024,1223839,2025-02-16T19:45:00+00:00,FT,M. Mariani,25,496,Juventus,505,Inter,1,0
135,Serie A,2024,1223838,2025-02-17T19:45:00+00:00,FT,L. Marinelli,25,495,Genoa,517,Venezia,2,0
135,Serie A,2024,1223850,2025-02-21T19:45:00+00:00,FT,K. Bonacina,26,867,Lecce,494,Udinese,0,1
135,Serie A,2024,1223854,2025-02-22T14:00:00+00:00,FT,M. Marchetti,26,517,Venezia,487,Lazio,0,0
135,Serie A,2024,1223851,2025-02-22T14:00:00+00:00,FT,R. Abisso,26,523,Parma,500,Bologna,2,0
135,Serie A,2024,1223853,2025-02-22T17:00:00+00:00,FT,S. Sozza,26,503,Torino,489,AC Milan,2,1
135,Serie A,2024,1223849,2025-02-22T19:45:00+00:00,FT,M. Piccinini,26,505,Inter,495,Genoa,1,0
135,Serie A,2024,1223846,2025-02-23T11:30:00+00:00,FT,G. Manganiello,26,895,Como,492,Napoli,2,1
135,Serie A,2024,1223848,2025-02-23T14:00:00+00:00,FT,M. Di Bello,26,504,Hellas Verona,502,Fiorentina,1,0
135,Serie A,2024,1223847,2025-02-23T17:00:00+00:00,FT,M. Mariani,26,511,Empoli,499,Atalanta,0,5
135,Serie A,2024,1223845,2025-02-23T19:45:00+00:00,FT,A. Colombo,26,490,Cagliari,496,Juventus,0,1
135,Serie A,2024,1223852,2025-02-24T19:45:00+00:00,FT,F. Maresca,26,497,AS Roma,1579,Monza,4,0
135,Serie A,2024,1223676,2025-02-27T19:45:00+00:00,FT,M. Mariani,9,500,Bologna,489,AC Milan,2,1
135,Serie A,2024,1223857,2025-02-28T19:45:00+00:00,FT,L. Marinelli,27,502,Fiorentina,867,Lecce,1,0
135,Serie A,2024,1223855,2025-03-01T14:00:00+00:00,FT,G. Collu,27,499,Atalanta,517,Venezia,0,0
135,Serie A,2024,1223862,2025-03-01T17:00:00+00:00,FT,D. Doveri,27,492,Napoli,505,Inter,1,1
135,Serie A,2024,1223864,2025-03-01T19:45:00+00:00,FT,F. Maresca,27,494,Udinese,523,Parma,1,0
135,Serie A,2024,1223861,2025-03-02T11:30:00+00:00,FT,A. Rapuano,27,1579,Monza,503,Torino,0,2
135,Serie A,2024,1223858,2025-03-02T14:00:00+00:00,FT,D. Massa,27,495,Genoa,511,Empoli,1,1
135,Serie A,2024,1223856,2025-03-02T14:00:00+00:00,FT,L. Zufferli,27,500,Bologna,490,Cagliari,2,1
135,Serie A,2024,1223863,2025-03-02T17:00:00+00:00,FT,L. Pairetto,27,497,AS Roma,895,Como,2,1
135,Serie A,2024,1223860,2025-03-02T19:45:00+00:00,FT,G. Manganiello,27,489,AC Milan,487,Lazio,1,2
135,Serie A,2024,1223859,2025-03-03T19:45:00+00:00,FT,M. Marchetti,27,496,Juventus,504,Hellas Verona,2,0
135,Serie A,2024,1223865,2025-03-07T19:45:00+00:00,FT,M. Fabbri,28,490,Cagliari,495,Genoa,1,1
135,Serie A,2024,1223874,2025-03-08T14:00:00+00:00,FT,F. Fourneau,28,523,Parma,503,Torino,2,2
135,Serie A,2024,1223866,2025-03-08T14:00:00+00:00,FT,G. Ayroldi,28,895,Como,517,Venezia,1,1
135,Serie A,2024,1223872,2025-03-08T17:00:00+00:00,FT,D. Doveri,28,867,Lecce,489,AC Milan,2,3
135,Serie A,2024,1223869,2025-03-08T19:45:00+00:00,FT,L. Zufferli,28,505,Inter,1579,Monza,3,2
135,Serie A,2024,1223868,2025-03-09T11:30:00+00:00,FT,A. Rapuano,28,504,Hellas Verona,500,Bologna,1,2
135,Serie A,2024,1223873,2025-03-09T14:00:00+00:00,FT,A. Colombo,28,492,Napoli,502,Fiorentina,2,1
135,Serie A,2024,1223867,2025-03-09T17:00:00+00:00,FT,M. Di Bello,28,511,Empoli,497,AS Roma,0,1
135,Serie A,2024,1223870,2025-03-09T19:45:00+00:00,FT,S. Sozza,28,496,Juventus,499,Atalanta,0,4
135,Serie A,2024,1223871,2025-03-10T19:45:00+00:00,FT,M. Piccinini,28,487,Lazio,494,Udinese,1,1
135,Serie A,2024,1223878,2025-03-14T19:45:00+00:00,FT,F. Maresca,29,495,Genoa,867,Lecce,2,1
135,Serie A,2024,1223883,2025-03-15T14:00:00+00:00,FT,G. Ayroldi,29,494,Udinese,504,Hellas Verona,0,1
135,Serie A,2024,1223880,2025-03-15T14:00:00+00:00,FT,G. Manganiello,29,1579,Monza,523,Parma,1,1
135,Serie A,2024,1223879,2025-03-15T17:00:00+00:00,FT,M. Marchetti,29,489,AC Milan,895,Como,2,1
135,Serie A,2024,1223882,2025-03-15T19:45:00+00:00,FT,D. Chiffi,29,503,Torino,511,Empoli,1,0
135,Serie A,2024,1223884,2025-03-16T11:30:00+00:00,FT,M. Mariani,29,517,Venezia,492,Napoli,0,0
135,Serie A,2024,1223876,2025-03-16T14:00:00+00:00,FT,A. Colombo,29,500,Bologna,487,Lazio,5,0
135,Serie A,2024,1223881,2025-03-16T15:00:00+00:00,FT,M. Piccinini,29,497,AS Roma,490,Cagliari,1,0
135,Serie A,2024,1223877,2025-03-16T17:00:00+00:00,FT,M. Fabbri,29,502,Fiorentina,496,Juventus,3,0
135,Serie A,2024,1223875,2025-03-16T19:45:00+00:00,FT,D. Massa,29,499,Atalanta,505,Inter,0,2
135,Serie A,2024,1223894,2025-03-29T14:00:00+00:00,FT,M. Di Bello,30,517,Venezia,500,Bologna,0,1
135,Serie A,2024,1223886,2025-03-29T14:00:00+00:00,FT,M. Mariani,30,895,Como,511,Empoli,1,1
135,Serie A,2024,1223890,2025-03-29T17:00:00+00:00,FT,A. Rapuano,30,496,Juventus,495,Genoa,1,0
135,Serie A,2024,1223892,2025-03-29T19:45:00+00:00,FT,G. Manganiello,30,867,Lecce,497,AS Roma,0,1
135,Serie A,2024,1223885,2025-03-30T10:30:00+00:00,FT,F. Fourneau,30,490,Cagliari,1579,Monza,3,0
135,Serie A,2024,1223887,2025-03-30T13:00:00+00:00,FT,D. Doveri,30,502,Fiorentina,499,Atalanta,1,0
135,Serie A,2024,1223889,2025-03-30T16:00:00+00:00,FT,D. Chiffi,30,505,Inter,494,Udinese,2,1
135,Serie A,2024,1223893,2025-03-30T18:45:00+00:00,FT,S. Sozza,30,492,Napoli,489,AC Milan,2,1
135,Serie A,2024,1223888,2025-03-31T16:30:00+00:00,FT,J. Sacchi,30,504,Hellas Verona,523,Parma,0,0
135,Serie A,2024,1223891,2025-03-31T18:45:00+00:00,FT,D. Massa,30,487,Lazio,503,Torino,1,1
135,Serie A,2024,1223898,2025-04-04T18:45:00+00:00,FT,D. Perenzoni,31,495,Genoa,494,Udinese,1,0
135,Serie A,2024,1223901,2025-04-05T13:00:00+00:00,FT,G. Collu,31,1579,Monza,895,Como,1,3
135,Serie A,2024,1223902,2025-04-05T16:00:00+00:00,FT,D. Doveri,31,523,Parma,505,Inter,2,2
135,Serie A,2024,1223900,2025-04-05T18:45:00+00:00,FT,G. Ayroldi,31,489,AC Milan,502,Fiorentina,2,2
135,Serie A,2024,1223899,2025-04-06T10:30:00+00:00,FT,M. Piccinini,31,867,Lecce,517,Venezia,1,1
135,Serie A,2024,1223904,2025-04-06T13:00:00+00:00,FT,K. Bonacina,31,503,Torino,504,Hellas Verona,1,1
135,Serie A,2024,1223897,2025-04-06T13:00:00+00:00,FT,F. La Penna,31,511,Empoli,490,Cagliari,0,0
135,Serie A,2024,1223895,2025-04-06T16:00:00+00:00,FT,D. Chiffi,31,499,Atalanta,487,Lazio,0,1
135,Serie A,2024,1223903,2025-04-06T18:45:00+00:00,FT,A. Colombo,31,497,AS Roma,496,Juventus,1,1
135,Serie A,2024,1223896,2025-04-07T18:45:00+00:00,FT,D. Massa,31,500,Bologna,492,Napoli,1,1
135,Serie A,2024,1223913,2025-04-11T18:45:00+00:00,FT,J. Sacchi,32,494,Udinese,489,AC Milan,0,4
135,Serie A,2024,1223914,2025-04-12T13:00:00+00:00,FT,F. Maresca,32,517,Venezia,1579,Monza,1,0
135,Serie A,2024,1223909,2025-04-12T16:00:00+00:00,FT,M. Di Bello,32,505,Inter,490,Cagliari,3,1
135,Serie A,2024,1223910,2025-04-12T18:45:00+00:00,FT,L. Zufferli,32,496,Juventus,867,Lecce,2,1
135,Serie A,2024,1223905,2025-04-13T10:30:00+00:00,FT,M. Mariani,32,499,Atalanta,500,Bologna,2,0
135,Serie A,2024,1223907,2025-04-13T13:00:00+00:00,FT,G. Manganiello,32,502,Fiorentina,523,Parma,0,0
135,Serie A,2024,1223908,2025-04-13T13:00:00+00:00,FT,M. Marchetti,32,504,Hellas Verona,495,Genoa,0,0
135,Serie A,2024,1223906,2025-04-13T16:00:00+00:00,FT,M. Marcenaro,32,895,Como,503,Torino,1,0
135,Serie A,2024,1223911,2025-04-13T18:45:00+00:00,FT,S. Sozza,32,487,Lazio,497,AS Roma,1,1
135,Serie A,2024,1223912,2025-04-14T18:45:00+00:00,FT,M. Fabbri,32,492,Napoli,511,Empoli,3,0
135,Serie A,2024,1223919,2025-04-19T13:00:00+00:00,FT,S. Sozza,33,867,Lecce,895,Como,0,3
135,Serie A,2024,1223921,2025-04-19T16:00:00+00:00,FT,F. La Penna,33,1579,Monza,492,Napoli,0,1
135,Serie A,2024,1223923,2025-04-19T18:45:00+00:00,FT,L. Pairetto,33,497,AS Roma,504,Hellas Verona,1,0
135,Serie A,2024,1223917,2025-04-20T13:00:00+00:00,FT,D. Massa,33,511,Empoli,517,Venezia,2,2
135,Serie A,2024,1223915,2025-04-20T16:00:00+00:00,FT,A. Colombo,33,500,Bologna,505,Inter,1,0
135,Serie A,2024,1223920,2025-04-20T18:45:00+00:00,FT,M. Piccinini,33,489,AC Milan,499,Atalanta,0,1
135,Serie A,2024,1223916,2025-04-23T16:30:00+00:00,FT,L. Marinelli,33,490,Cagliari,502,Fiorentina,1,2
135,Serie A,2024,1223918,2025-04-23T16:30:00+00:00,FT,G. Ayroldi,33,495,Genoa,487,Lazio,0,2
135,Serie A,2024,1223924,2025-04-23T16:30:00+00:00,FT,G. Collu,33,503,Torino,494,Udinese,2,0
135,Serie A,2024,1223922,2025-04-23T16:30:00+00:00,FT,D. Chiffi,33,523,Parma,496,Juventus,1,0
135,Serie A,2024,1223934,2025-04-27T10:30:00+00:00,FT,G. Manganiello,34,517,Venezia,489,AC Milan,0,2
135,Serie A,2024,1223926,2025-04-27T10:30:00+00:00,FT,A. Arena,34,895,Como,495,Genoa,1,0
135,Serie A,2024,1223927,2025-04-27T13:00:00+00:00,FT,A. Rapuano,34,502,Fiorentina,511,Empoli,2,1
135,Serie A,2024,1223929,2025-04-27T13:00:00+00:00,FT,M. Fabbri,34,505,Inter,497,AS Roma,0,1
135,Serie A,2024,1223930,2025-04-27T16:00:00+00:00,FT,D. Perenzoni,34,496,Juventus,1579,Monza,2,0
135,Serie A,2024,1223932,2025-04-27T18:45:00+00:00,FT,M. Mariani,34,492,Napoli,503,Torino,2,0
135,Serie A,2024,1223925,2025-04-27T18:45:00+00:00,FT,F. La Penna,34,499,Atalanta,867,Lecce,1,1
135,Serie A,2024,1223933,2025-04-28T16:30:00+00:00,FT,F. Maresca,34,494,Udinese,500,Bologna,0,0
135,Serie A,2024,1223931,2025-04-28T18:45:00+00:00,FT,J. Sacchi,34,487,Lazio,523,Parma,2,2
135,Serie A,2024,1223928,2025-04-28T18:45:00+00:00,FT,R. Abisso,34,504,Hellas Verona,490,Cagliari,0,2
135,Serie A,2024,1223944,2025-05-02T18:45:00+00:00,FT,S. Sozza,35,503,Torino,517,Venezia,1,1
135,Serie A,2024,1223936,2025-05-03T13:00:00+00:00,FT,E. Feliciani,35,490,Cagliari,494,Udinese,1,2
135,Serie A,2024,1223942,2025-05-03T13:00:00+00:00,FT,M. Di Bello,35,523,Parma,895,Como,0,1
135,Serie A,2024,1223940,2025-05-03T16:00:00+00:00,FT,D. Massa,35,867,Lecce,492,Napoli,0,1
135,Serie A,2024,1223939,2025-05-03T18:45:00+00:00,FT,G. Manganiello,35,505,Inter,504,Hellas Verona,1,0
135,Serie A,2024,1223937,2025-05-04T10:30:00+00:00,FT,A. Colombo,35,511,Empoli,487,Lazio,0,1
135,Serie A,2024,1223941,2025-05-04T13:00:00+00:00,FT,L. Pairetto,35,1579,Monza,499,Atalanta,0,4
135,Serie A,2024,1223943,2025-05-04T16:00:00+00:00,FT,D. Chiffi,35,497,AS Roma,502,Fiorentina,1,0
135,Serie A,2024,1223935,2025-05-04T18:45:00+00:00,FT,D. Doveri,35,500,Bologna,496,Juventus,1,1
135,Serie A,2024,1223938,2025-05-05T18:45:00+00:00,FT,G. Collu,35,495,Genoa,489,AC Milan,1,2
135,Serie A,2024,1223950,2025-05-09T18:45:00+00:00,FT,L. Marinelli,36,489,AC Milan,500,Bologna,3,1
135,Serie A,2024,1223946,2025-05-10T13:00:00+00:00,FT,F. Fourneau,36,895,Como,490,Cagliari,3,1
135,Serie A,2024,1223949,2025-05-10T16:00:00+00:00,FT,D. Massa,36,487,Lazio,496,Juventus,1,1
135,Serie A,2024,1223947,2025-05-10T18:45:00+00:00,FT,M. Fabbri,36,511,Empoli,523,Parma,2,1
135,Serie A,2024,1223953,2025-05-11T10:30:00+00:00,FT,V. Crezzini,36,494,Udinese,1579,Monza,1,2
135,Serie A,2024,1223948,2025-05-11T13:00:00+00:00,FT,F. Maresca,36,504,Hellas Verona,867,Lecce,1,1
135,Serie A,2024,1223952,2025-05-11T16:00:00+00:00,FT,F. La Penna,36,503,Torino,505,Inter,0,2
135,Serie A,2024,1223951,2025-05-11T18:45:00+00:00,FT,M. Piccinini,36,492,Napoli,495,Genoa,2,2
135,Serie A,2024,1223954,2025-05-12T16:30:00+00:00,FT,M. Marchetti,36,517,Venezia,502,Fiorentina,2,1
135,Serie A,2024,1223945,2025-05-12T18:45:00+00:00,FT,S. Sozza,36,499,Atalanta,497,AS Roma,2,1
135,Serie A,2024,1223957,2025-05-17T18:45:00+00:00,FT,D. Ghersini,37,495,Genoa,499,Atalanta,2,3
135,Serie A,2024,1223955,2025-05-18T18:45:00+00:00,FT,L. Pairetto,37,490,Cagliari,517,Venezia,3,0
135,Serie A,2024,1223960,2025-05-18T18:45:00+00:00,FT,G. Ayroldi,37,496,Juventus,494,Udinese,2,0
135,Serie A,2024,1223964,2025-05-18T18:45:00+00:00,FT,M. Piccinini,37,497,AS Roma,489,AC Milan,3,1
135,Serie A,2024,1223956,2025-05-18T18:45:00+00:00,FT,L. Zufferli,37,502,Fiorentina,500,Bologna,3,2
135,Serie A,2024,1223958,2025-05-18T18:45:00+00:00,FT,R. Abisso,37,504,Hellas Verona,895,Como,1,1
135,Serie A,2024,1223959,2025-05-18T18:45:00+00:00,FT,D. Chiffi,37,505,Inter,487,Lazio,2,2
135,Serie A,2024,1223963,2025-05-18T18:45:00+00:00,FT,D. Doveri,37,523,Parma,492,Napoli,0,0
135,Serie A,2024,1223961,2025-05-18T18:45:00+00:00,FT,A. Rapuano,37,867,Lecce,503,Torino,1,0
135,Serie A,2024,1223962,2025-05-18T18:45:00+00:00,FT,L. Marinelli,37,1579,Monza,511,Empoli,1,3
135,Serie A,2024,1223971,2025-05-23T18:45:00+00:00,FT,F. La Penna,38,492,Napoli,490,Cagliari,2,0
135,Serie A,2024,1223967,2025-05-23T18:45:00+00:00,FT,D. Massa,38,895,Como,505,Inter,0,2
135,Serie A,2024,1223966,2025-05-24T16:00:00+00:00,FT,M. Monaldi,38,500,Bologna,495,Genoa,1,3
135,Serie A,2024,1223970,2025-05-24T18:45:00+00:00,FT,D. Rutella,38,489,AC Milan,1579,Monza,2,0
135,Serie A,2024,1223969,2025-05-25T18:45:00+00:00,FT,M. Fabbri,38,487,Lazio,867,Lecce,0,1
135,Serie A,2024,1223973,2025-05-25T18:45:00+00:00,FT,M. Marcenaro,38,494,Udinese,502,Fiorentina,2,3
135,Serie A,2024,1223965,2025-05-25T18:45:00+00:00,FT,L. Marinelli,38,499,Atalanta,523,Parma,2,3
135,Serie A,2024,1223972,2025-05-25T18:45:00+00:00,FT,M. Di Bello,38,503,Torino,497,AS Roma,0,2
135,Serie A,2024,1223968,2025-05-25T18:45:00+00:00,FT,D. Doveri,38,511,Empoli,504,Hellas Verona,1,2
135,Serie A,2024,1223974,2025-05-25T18:45:00+00:00,FT,A. Colombo,38,517,Venezia,496,Juventus,2,3
