team_id,team_name,player_id,player_name,type,reason,fixture_id,fixture_date
33,Manchester United,153434,W. Fish,Missing Fixture,Ankle Injury,1208021,2024-08-16T19:00:00+00:00
33,Manchester United,288006,R. Hojlund,Missing Fixture,Muscle Injury,1208021,2024-08-16T19:00:00+00:00
33,Manchester United,37145,T. Malacia,Missing Fixture,Knee Injury,1208021,2024-08-16T19:00:00+00:00
33,Manchester United,891,L. Shaw,Missing Fixture,Health problems,1208021,2024-08-16T19:00:00+00:00
33,Manchester United,342970,L. Yoro,Missing Fixture,Ankle Injury,1208021,2024-08-16T19:00:00+00:00
33,Manchester United,889,V. Lindelof,Questionable,Injury,1208021,2024-08-16T19:00:00+00:00
57,Ipswich,126791,N. Broadhead,Missing Fixture,Thigh Injury,1208022,2024-08-17T11:30:00+00:00
57,Ipswich,138836,H. Clarke,Missing Fixture,Achilles Tendon Injury,1208022,2024-08-17T11:30:00+00:00
57,Ipswich,20167,J. Donacien,Missing Fixture,Groin Injury,1208022,2024-08-17T11:30:00+00:00
57,Ipswich,8794,G. Hirst,Missing Fixture,Knee Injury,1208022,2024-08-17T11:30:00+00:00
57,Ipswich,326763,C. Humphreys,Questionable,Injury,1208022,2024-08-17T11:30:00+00:00
40,Liverpool,334729,B. Clark,Missing Fixture,Back Injury,1208022,2024-08-17T11:30:00+00:00
42,Arsenal,1117,K. Tierney,Missing Fixture,Muscle Injury,1208023,2024-08-17T14:00:00+00:00
42,Arsenal,2597,T. Tomiyasu,Missing Fixture,Knee Injury,1208023,2024-08-17T14:00:00+00:00
42,Arsenal,41725,F. Vieira,Questionable,Groin Injury,1208023,2024-08-17T14:00:00+00:00
39,Wolves,380653,L. Chiwome,Missing Fixture,Ankle Injury,1208023,2024-08-17T14:00:00+00:00
39,Wolves,385726,E. Gonzalez,Missing Fixture,Knee Injury,1208023,2024-08-17T14:00:00+00:00
39,Wolves,7722,S. Kalajdzic,Missing Fixture,Knee Injury,1208023,2024-08-17T14:00:00+00:00
39,Wolves,130,N. Semedo,Missing Fixture,Red Card,1208023,2024-08-17T14:00:00+00:00
45,Everton,330412,Chermiti,Missing Fixture,Ankle Injury,1208024,2024-08-17T14:00:00+00:00
45,Everton,18758,S. Coleman,Missing Fixture,Calf Injury,1208024,2024-08-17T14:00:00+00:00
45,Everton,895,J. Garner,Missing Fixture,Calf Injury,1208024,2024-08-17T14:00:00+00:00
45,Everton,138417,N. Patterson,Missing Fixture,Thigh Injury,1208024,2024-08-17T14:00:00+00:00
45,Everton,17661,J. Branthwaite,Questionable,Groin Injury,1208024,2024-08-17T14:00:00+00:00
51,Brighton,70747,J. Enciso,Missing Fixture,Knee Injury,1208024,2024-08-17T14:00:00+00:00
51,Brighton,18973,S. March,Missing Fixture,Knee Injury,1208024,2024-08-17T14:00:00+00:00
51,Brighton,129058,B. Verbruggen,Missing Fixture,Injury,1208024,2024-08-17T14:00:00+00:00
51,Brighton,46731,P. Estupinan,Questionable,Ankle Injury,1208024,2024-08-17T14:00:00+00:00
51,Brighton,129643,E. Ferguson,Questionable,Ankle Injury,1208024,2024-08-17T14:00:00+00:00
51,Brighton,138815,T. Lamptey,Questionable,Injury,1208024,2024-08-17T14:00:00+00:00
34,Newcastle,38734,S. Botman,Missing Fixture,Knee Injury,1208025,2024-08-17T14:00:00+00:00
34,Newcastle,18894,J. Lascelles,Missing Fixture,Knee Injury,1208025,2024-08-17T14:00:00+00:00
34,Newcastle,328105,L. Miley,Missing Fixture,Back Injury,1208025,2024-08-17T14:00:00+00:00
34,Newcastle,31146,S. Tonali,Missing Fixture,Suspended,1208025,2024-08-17T14:00:00+00:00
34,Newcastle,2939,C. Wilson,Missing Fixture,Back Injury,1208025,2024-08-17T14:00:00+00:00
41,Southampton,105971,G. Bazunu,Missing Fixture,Achilles Tendon Injury,1208025,2024-08-17T14:00:00+00:00
41,Southampton,295,A. Lallana,Questionable,Injury,1208025,2024-08-17T14:00:00+00:00
41,Southampton,45078,R. Stewart,Questionable,Injury,1208025,2024-08-17T14:00:00+00:00
41,Southampton,199837,K. Sulemana,Questionable,Ankle Injury,1208025,2024-08-17T14:00:00+00:00
35,Bournemouth,1150,T. Adams,Missing Fixture,Back Injury,1208026,2024-08-17T14:00:00+00:00
35,Bournemouth,18870,D. Brooks,Missing Fixture,Shoulder Injury,1208026,2024-08-17T14:00:00+00:00
35,Bournemouth,47499,E. Unal,Missing Fixture,Ankle Injury,1208026,2024-08-17T14:00:00+00:00
48,West Ham,2869,E. Alvarez,Missing Fixture,Thigh Injury,1208027,2024-08-17T16:30:00+00:00
66,Aston Villa,1904,B. Kamara,Missing Fixture,Knee Injury,1208027,2024-08-17T16:30:00+00:00
66,Aston Villa,19179,T. Mings,Missing Fixture,Knee Injury,1208027,2024-08-17T16:30:00+00:00
55,Brentford,19362,J. Dasilva,Missing Fixture,Knee Injury,1208028,2024-08-18T13:00:00+00:00
55,Brentford,19346,R. Henry,Missing Fixture,Knee Injury,1208028,2024-08-18T13:00:00+00:00
55,Brentford,44871,A. Hickey,Missing Fixture,Thigh Injury,1208028,2024-08-18T13:00:00+00:00
55,Brentford,196156,I. Thiago,Missing Fixture,Knee Injury,1208028,2024-08-18T13:00:00+00:00
55,Brentford,19974,I. Toney,Missing Fixture,Coach's decision,1208028,2024-08-18T13:00:00+00:00
52,Crystal Palace,311157,Matheus Franca,Missing Fixture,Muscle Injury,1208028,2024-08-18T13:00:00+00:00
49,Chelsea,67972,C. Gallagher,Missing Fixture,Injury,1208029,2024-08-18T15:30:00+00:00
49,Chelsea,329347,O. Kellyman,Missing Fixture,Injury,1208029,2024-08-18T15:30:00+00:00
50,Manchester City,278133,O. Bobb,Missing Fixture,Leg Injury,1208029,2024-08-18T15:30:00+00:00
50,Manchester City,44,Rodri,Questionable,Leg Injury,1208029,2024-08-18T15:30:00+00:00
46,Leicester,18741,C. Coady,Missing Fixture,Thigh Injury,1208030,2024-08-19T19:00:00+00:00
46,Leicester,1098,P. Daka,Missing Fixture,Ankle Injury,1208030,2024-08-19T19:00:00+00:00
46,Leicester,405905,N. Opoku,Questionable,Broken Leg,1208030,2024-08-19T19:00:00+00:00
46,Leicester,152969,L. Thomas,Questionable,Injury,1208030,2024-08-19T19:00:00+00:00
47,Tottenham,18968,Y. Bissouma,Missing Fixture,Suspended,1208030,2024-08-19T19:00:00+00:00
47,Tottenham,18932,F. Forster,Missing Fixture,Ankle Injury,1208030,2024-08-19T19:00:00+00:00
51,Brighton,18973,S. March,Missing Fixture,Knee Injury,1208033,2024-08-24T11:30:00+00:00
51,Brighton,129058,B. Verbruggen,Missing Fixture,Injury,1208033,2024-08-24T11:30:00+00:00
51,Brighton,46731,P. Estupinan,Questionable,Ankle Injury,1208033,2024-08-24T11:30:00+00:00
51,Brighton,129643,E. Ferguson,Questionable,Ankle Injury,1208033,2024-08-24T11:30:00+00:00
33,Manchester United,288006,R. Hojlund,Missing Fixture,Muscle Injury,1208033,2024-08-24T11:30:00+00:00
33,Manchester United,889,V. Lindelof,Missing Fixture,Injury,1208033,2024-08-24T11:30:00+00:00
33,Manchester United,37145,T. Malacia,Missing Fixture,Knee Injury,1208033,2024-08-24T11:30:00+00:00
33,Manchester United,891,L. Shaw,Missing Fixture,Health problems,1208033,2024-08-24T11:30:00+00:00
33,Manchester United,342970,L. Yoro,Missing Fixture,Ankle Injury,1208033,2024-08-24T11:30:00+00:00
52,Crystal Palace,311157,Matheus Franca,Missing Fixture,Muscle Injury,1208034,2024-08-24T14:00:00+00:00
52,Crystal Palace,18806,W. Hughes,Questionable,Illness,1208034,2024-08-24T14:00:00+00:00
46,Leicester,18741,C. Coady,Missing Fixture,Thigh Injury,1208035,2024-08-24T14:00:00+00:00
46,Leicester,1098,P. Daka,Missing Fixture,Ankle Injury,1208035,2024-08-24T14:00:00+00:00
46,Leicester,405905,N. Opoku,Missing Fixture,Broken Leg,1208035,2024-08-24T14:00:00+00:00
46,Leicester,152970,J. Stolarczyk,Missing Fixture,Ankle Injury,1208035,2024-08-24T14:00:00+00:00
46,Leicester,152969,L. Thomas,Questionable,Injury,1208035,2024-08-24T14:00:00+00:00
50,Manchester City,278133,O. Bobb,Missing Fixture,Leg Injury,1208037,2024-08-24T14:00:00+00:00
50,Manchester City,44,Rodri,Questionable,Leg Injury,1208037,2024-08-24T14:00:00+00:00
57,Ipswich,126791,N. Broadhead,Missing Fixture,Thigh Injury,1208037,2024-08-24T14:00:00+00:00
57,Ipswich,20089,W. Burns,Missing Fixture,Thigh Injury,1208037,2024-08-24T14:00:00+00:00
57,Ipswich,138836,H. Clarke,Missing Fixture,Achilles Tendon Injury,1208037,2024-08-24T14:00:00+00:00
57,Ipswich,20167,J. Donacien,Missing Fixture,Groin Injury,1208037,2024-08-24T14:00:00+00:00
57,Ipswich,8794,G. Hirst,Missing Fixture,Knee Injury,1208037,2024-08-24T14:00:00+00:00
57,Ipswich,19130,K. Phillips,Missing Fixture,Injury,1208037,2024-08-24T14:00:00+00:00
41,Southampton,105971,G. Bazunu,Missing Fixture,Achilles Tendon Injury,1208038,2024-08-24T14:00:00+00:00
41,Southampton,295,A. Lallana,Questionable,Injury,1208038,2024-08-24T14:00:00+00:00
41,Southampton,284264,J. Larios,Questionable,Lacking Match Fitness,1208038,2024-08-24T14:00:00+00:00
41,Southampton,45078,R. Stewart,Questionable,Injury,1208038,2024-08-24T14:00:00+00:00
41,Southampton,199837,K. Sulemana,Questionable,Ankle Injury,1208038,2024-08-24T14:00:00+00:00
65,Nottingham Forest,275170,Danilo,Missing Fixture,Ankle Injury,1208038,2024-08-24T14:00:00+00:00
47,Tottenham,863,R. Bentancur,Missing Fixture,Head Injury,1208039,2024-08-24T14:00:00+00:00
47,Tottenham,18883,D. Solanke,Missing Fixture,Ankle Injury,1208039,2024-08-24T14:00:00+00:00
45,Everton,17661,J. Branthwaite,Missing Fixture,Groin Injury,1208039,2024-08-24T14:00:00+00:00
45,Everton,330412,Chermiti,Missing Fixture,Ankle Injury,1208039,2024-08-24T14:00:00+00:00
45,Everton,18758,S. Coleman,Missing Fixture,Calf Injury,1208039,2024-08-24T14:00:00+00:00
45,Everton,895,J. Garner,Missing Fixture,Calf Injury,1208039,2024-08-24T14:00:00+00:00
45,Everton,138417,N. Patterson,Missing Fixture,Thigh Injury,1208039,2024-08-24T14:00:00+00:00
45,Everton,894,A. Young,Missing Fixture,Red Card,1208039,2024-08-24T14:00:00+00:00
66,Aston Villa,1904,B. Kamara,Missing Fixture,Knee Injury,1208032,2024-08-24T16:30:00+00:00
66,Aston Villa,19179,T. Mings,Missing Fixture,Knee Injury,1208032,2024-08-24T16:30:00+00:00
42,Arsenal,643,Gabriel Jesus,Missing Fixture,Groin Injury,1208032,2024-08-24T16:30:00+00:00
42,Arsenal,1117,K. Tierney,Missing Fixture,Muscle Injury,1208032,2024-08-24T16:30:00+00:00
42,Arsenal,2597,T. Tomiyasu,Missing Fixture,Knee Injury,1208032,2024-08-24T16:30:00+00:00
42,Arsenal,41725,F. Vieira,Questionable,Groin Injury,1208032,2024-08-24T16:30:00+00:00
35,Bournemouth,1150,T. Adams,Missing Fixture,Back Injury,1208031,2024-08-25T13:00:00+00:00
35,Bournemouth,18870,D. Brooks,Missing Fixture,Shoulder Injury,1208031,2024-08-25T13:00:00+00:00
35,Bournemouth,47499,E. Unal,Missing Fixture,Ankle Injury,1208031,2024-08-25T13:00:00+00:00
34,Newcastle,38734,S. Botman,Missing Fixture,Knee Injury,1208031,2024-08-25T13:00:00+00:00
34,Newcastle,18894,J. Lascelles,Missing Fixture,Knee Injury,1208031,2024-08-25T13:00:00+00:00
34,Newcastle,328105,L. Miley,Missing Fixture,Back Injury,1208031,2024-08-25T13:00:00+00:00
34,Newcastle,2806,F. Schar,Missing Fixture,Red Card,1208031,2024-08-25T13:00:00+00:00
34,Newcastle,31146,S. Tonali,Missing Fixture,Suspended,1208031,2024-08-25T13:00:00+00:00
34,Newcastle,138906,J. White,Missing Fixture,Injury,1208031,2024-08-25T13:00:00+00:00
34,Newcastle,2939,C. Wilson,Missing Fixture,Back Injury,1208031,2024-08-25T13:00:00+00:00
39,Wolves,380653,L. Chiwome,Missing Fixture,Ankle Injury,1208040,2024-08-25T13:00:00+00:00
39,Wolves,385726,E. Gonzalez,Missing Fixture,Knee Injury,1208040,2024-08-25T13:00:00+00:00
39,Wolves,7722,S. Kalajdzic,Missing Fixture,Knee Injury,1208040,2024-08-25T13:00:00+00:00
39,Wolves,130,N. Semedo,Missing Fixture,Suspended,1208040,2024-08-25T13:00:00+00:00
55,Brentford,19362,J. Dasilva,Missing Fixture,Knee Injury,1208036,2024-08-25T15:30:00+00:00
55,Brentford,19346,R. Henry,Missing Fixture,Knee Injury,1208036,2024-08-25T15:30:00+00:00
55,Brentford,44871,A. Hickey,Missing Fixture,Thigh Injury,1208036,2024-08-25T15:30:00+00:00
55,Brentford,196156,I. Thiago,Missing Fixture,Knee Injury,1208036,2024-08-25T15:30:00+00:00
42,Arsenal,643,Gabriel Jesus,Missing Fixture,Groin Injury,1208041,2024-08-31T11:30:00+00:00
42,Arsenal,47311,M. Merino,Missing Fixture,Shoulder Injury,1208041,2024-08-31T11:30:00+00:00
42,Arsenal,1117,K. Tierney,Missing Fixture,Muscle Injury,1208041,2024-08-31T11:30:00+00:00
42,Arsenal,2597,T. Tomiyasu,Missing Fixture,Knee Injury,1208041,2024-08-31T11:30:00+00:00
51,Brighton,18973,S. March,Missing Fixture,Knee Injury,1208041,2024-08-31T11:30:00+00:00
51,Brighton,19030,M. O'Riley,Missing Fixture,Ankle Injury,1208041,2024-08-31T11:30:00+00:00
51,Brighton,328225,B. Gruda,Questionable,Lacking Match Fitness,1208041,2024-08-31T11:30:00+00:00
51,Brighton,92993,M. Wieffer,Questionable,Lacking Match Fitness,1208041,2024-08-31T11:30:00+00:00
55,Brentford,19362,J. Dasilva,Missing Fixture,Knee Injury,1208042,2024-08-31T14:00:00+00:00
55,Brentford,19346,R. Henry,Missing Fixture,Knee Injury,1208042,2024-08-31T14:00:00+00:00
55,Brentford,44871,A. Hickey,Missing Fixture,Thigh Injury,1208042,2024-08-31T14:00:00+00:00
55,Brentford,196156,I. Thiago,Missing Fixture,Knee Injury,1208042,2024-08-31T14:00:00+00:00
41,Southampton,105971,G. Bazunu,Missing Fixture,Achilles Tendon Injury,1208042,2024-08-31T14:00:00+00:00
41,Southampton,45078,R. Stewart,Missing Fixture,Injury,1208042,2024-08-31T14:00:00+00:00
41,Southampton,199837,K. Sulemana,Questionable,Ankle Injury,1208042,2024-08-31T14:00:00+00:00
45,Everton,17661,J. Branthwaite,Missing Fixture,Groin Injury,1208044,2024-08-31T14:00:00+00:00
45,Everton,330412,Chermiti,Missing Fixture,Ankle Injury,1208044,2024-08-31T14:00:00+00:00
45,Everton,138417,N. Patterson,Missing Fixture,Thigh Injury,1208044,2024-08-31T14:00:00+00:00
35,Bournemouth,1150,T. Adams,Missing Fixture,Back Injury,1208044,2024-08-31T14:00:00+00:00
35,Bournemouth,47499,E. Unal,Missing Fixture,Ankle Injury,1208044,2024-08-31T14:00:00+00:00
57,Ipswich,126791,N. Broadhead,Missing Fixture,Thigh Injury,1208045,2024-08-31T14:00:00+00:00
57,Ipswich,20089,W. Burns,Missing Fixture,Thigh Injury,1208045,2024-08-31T14:00:00+00:00
57,Ipswich,138836,H. Clarke,Missing Fixture,Achilles Tendon Injury,1208045,2024-08-31T14:00:00+00:00
57,Ipswich,20167,J. Donacien,Missing Fixture,Groin Injury,1208045,2024-08-31T14:00:00+00:00
57,Ipswich,8794,G. Hirst,Missing Fixture,Knee Injury,1208045,2024-08-31T14:00:00+00:00
46,Leicester,1098,P. Daka,Missing Fixture,Ankle Injury,1208046,2024-08-31T14:00:00+00:00
46,Leicester,405905,N. Opoku,Missing Fixture,Broken Leg,1208046,2024-08-31T14:00:00+00:00
46,Leicester,152970,J. Stolarczyk,Missing Fixture,Ankle Injury,1208046,2024-08-31T14:00:00+00:00
66,Aston Villa,19298,M. Cash,Missing Fixture,Thigh Injury,1208046,2024-08-31T14:00:00+00:00
66,Aston Villa,21090,Diego Carlos,Missing Fixture,Injury,1208046,2024-08-31T14:00:00+00:00
66,Aston Villa,1904,B. Kamara,Missing Fixture,Knee Injury,1208046,2024-08-31T14:00:00+00:00
66,Aston Villa,19179,T. Mings,Missing Fixture,Knee Injury,1208046,2024-08-31T14:00:00+00:00
65,Nottingham Forest,275170,Danilo,Missing Fixture,Ankle Injury,1208049,2024-08-31T14:00:00+00:00
39,Wolves,380653,L. Chiwome,Missing Fixture,Ankle Injury,1208049,2024-08-31T14:00:00+00:00
39,Wolves,385726,E. Gonzalez,Missing Fixture,Knee Injury,1208049,2024-08-31T14:00:00+00:00
39,Wolves,7722,S. Kalajdzic,Missing Fixture,Knee Injury,1208049,2024-08-31T14:00:00+00:00
39,Wolves,157912,B. Traore,Questionable,Knee Injury,1208049,2024-08-31T14:00:00+00:00
48,West Ham,18813,A. Cresswell,Missing Fixture,Thigh Injury,1208050,2024-08-31T16:30:00+00:00
50,Manchester City,278133,O. Bobb,Missing Fixture,Leg Injury,1208050,2024-08-31T16:30:00+00:00
50,Manchester City,631,P. Foden,Questionable,Illness,1208050,2024-08-31T16:30:00+00:00
49,Chelsea,282125,R. Lavia,Questionable,Thigh Injury,1208043,2024-09-01T12:30:00+00:00
52,Crystal Palace,311157,Matheus Franca,Missing Fixture,Muscle Injury,1208043,2024-09-01T12:30:00+00:00
52,Crystal Palace,278898,C. Riad,Missing Fixture,Knee Injury,1208043,2024-09-01T12:30:00+00:00
34,Newcastle,38734,S. Botman,Missing Fixture,Knee Injury,1208048,2024-09-01T12:30:00+00:00
34,Newcastle,18894,J. Lascelles,Missing Fixture,Knee Injury,1208048,2024-09-01T12:30:00+00:00
34,Newcastle,328105,L. Miley,Missing Fixture,Back Injury,1208048,2024-09-01T12:30:00+00:00
34,Newcastle,2806,F. Schar,Missing Fixture,Red Card,1208048,2024-09-01T12:30:00+00:00
34,Newcastle,2939,C. Wilson,Missing Fixture,Back Injury,1208048,2024-09-01T12:30:00+00:00
34,Newcastle,1463,J. Willock,Questionable,Thigh Injury,1208048,2024-09-01T12:30:00+00:00
47,Tottenham,2413,Richarlison,Missing Fixture,Injury,1208048,2024-09-01T12:30:00+00:00
47,Tottenham,18883,D. Solanke,Missing Fixture,Ankle Injury,1208048,2024-09-01T12:30:00+00:00
33,Manchester United,288006,R. Hojlund,Missing Fixture,Muscle Injury,1208047,2024-09-01T15:00:00+00:00
33,Manchester United,889,V. Lindelof,Missing Fixture,Injury,1208047,2024-09-01T15:00:00+00:00
33,Manchester United,37145,T. Malacia,Missing Fixture,Knee Injury,1208047,2024-09-01T15:00:00+00:00
33,Manchester United,19220,M. Mount,Missing Fixture,Muscle Injury,1208047,2024-09-01T15:00:00+00:00
33,Manchester United,891,L. Shaw,Missing Fixture,Health problems,1208047,2024-09-01T15:00:00+00:00
33,Manchester United,342970,L. Yoro,Missing Fixture,Ankle Injury,1208047,2024-09-01T15:00:00+00:00
40,Liverpool,30410,F. Chiesa,Questionable,Injury,1208047,2024-09-01T15:00:00+00:00
40,Liverpool,293,C. Jones,Questionable,Injury,1208047,2024-09-01T15:00:00+00:00
41,Southampton,105971,G. Bazunu,Missing Fixture,Achilles Tendon Injury,1208058,2024-09-14T11:30:00+00:00
41,Southampton,199837,K. Sulemana,Missing Fixture,Ankle Injury,1208058,2024-09-14T11:30:00+00:00
33,Manchester United,288006,R. Hojlund,Missing Fixture,Muscle Injury,1208058,2024-09-14T11:30:00+00:00
33,Manchester United,889,V. Lindelof,Missing Fixture,Injury,1208058,2024-09-14T11:30:00+00:00
33,Manchester United,37145,T. Malacia,Missing Fixture,Knee Injury,1208058,2024-09-14T11:30:00+00:00
33,Manchester United,19220,M. Mount,Missing Fixture,Muscle Injury,1208058,2024-09-14T11:30:00+00:00
33,Manchester United,891,L. Shaw,Missing Fixture,Health problems,1208058,2024-09-14T11:30:00+00:00
33,Manchester United,342970,L. Yoro,Missing Fixture,Ankle Injury,1208058,2024-09-14T11:30:00+00:00
36,Fulham,104,Carlos Vinicius,Missing Fixture,Injury,1208055,2024-09-14T14:00:00+00:00
48,West Ham,25391,N. Fullkrug,Questionable,Achilles Tendon Injury,1208055,2024-09-14T14:00:00+00:00
51,Brighton,18973,S. March,Missing Fixture,Knee Injury,1208053,2024-09-14T14:00:00+00:00
51,Brighton,296,J. Milner,Missing Fixture,Thigh Injury,1208053,2024-09-14T14:00:00+00:00
51,Brighton,19030,M. O'Riley,Missing Fixture,Ankle Injury,1208053,2024-09-14T14:00:00+00:00
51,Brighton,328225,B. Gruda,Questionable,Lacking Match Fitness,1208053,2024-09-14T14:00:00+00:00
51,Brighton,92993,M. Wieffer,Questionable,Lacking Match Fitness,1208053,2024-09-14T14:00:00+00:00
57,Ipswich,126791,N. Broadhead,Missing Fixture,Thigh Injury,1208053,2024-09-14T14:00:00+00:00
57,Ipswich,138836,H. Clarke,Missing Fixture,Achilles Tendon Injury,1208053,2024-09-14T14:00:00+00:00
57,Ipswich,20167,J. Donacien,Missing Fixture,Groin Injury,1208053,2024-09-14T14:00:00+00:00
52,Crystal Palace,19720,T. Chalobah,Missing Fixture,Injury,1208054,2024-09-14T14:00:00+00:00
52,Crystal Palace,1440,R. Holding,Missing Fixture,Lacking Match Fitness,1208054,2024-09-14T14:00:00+00:00
52,Crystal Palace,311157,Matheus Franca,Missing Fixture,Muscle Injury,1208054,2024-09-14T14:00:00+00:00
52,Crystal Palace,278898,C. Riad,Missing Fixture,Knee Injury,1208054,2024-09-14T14:00:00+00:00
46,Leicester,1098,P. Daka,Missing Fixture,Ankle Injury,1208054,2024-09-14T14:00:00+00:00
46,Leicester,1135,O. Edouard,Missing Fixture,Lacking Match Fitness,1208054,2024-09-14T14:00:00+00:00
46,Leicester,405905,N. Opoku,Missing Fixture,Broken Leg,1208054,2024-09-14T14:00:00+00:00
46,Leicester,152970,J. Stolarczyk,Missing Fixture,Ankle Injury,1208054,2024-09-14T14:00:00+00:00
40,Liverpool,19035,H. Elliott,Missing Fixture,Broken ankle,1208056,2024-09-14T14:00:00+00:00
40,Liverpool,30410,F. Chiesa,Questionable,Lacking Match Fitness,1208056,2024-09-14T14:00:00+00:00
65,Nottingham Forest,275170,Danilo,Missing Fixture,Ankle Injury,1208056,2024-09-14T14:00:00+00:00
65,Nottingham Forest,18739,W. Boly,Questionable,Calf Injury,1208056,2024-09-14T14:00:00+00:00
65,Nottingham Forest,22149,I. Sangare,Questionable,Lacking Match Fitness,1208056,2024-09-14T14:00:00+00:00
50,Manchester City,18861,N. Ake,Missing Fixture,Muscle Injury,1208057,2024-09-14T14:00:00+00:00
50,Manchester City,278133,O. Bobb,Missing Fixture,Leg Injury,1208057,2024-09-14T14:00:00+00:00
55,Brentford,19362,J. Dasilva,Missing Fixture,Knee Injury,1208057,2024-09-14T14:00:00+00:00
55,Brentford,427736,Gustavo Nunes,Missing Fixture,Back Injury,1208057,2024-09-14T14:00:00+00:00
55,Brentford,19346,R. Henry,Missing Fixture,Knee Injury,1208057,2024-09-14T14:00:00+00:00
55,Brentford,44871,A. Hickey,Missing Fixture,Thigh Injury,1208057,2024-09-14T14:00:00+00:00
55,Brentford,47438,M. Jensen,Missing Fixture,Knock,1208057,2024-09-14T14:00:00+00:00
55,Brentford,196156,I. Thiago,Missing Fixture,Knee Injury,1208057,2024-09-14T14:00:00+00:00
66,Aston Villa,983,L. Bailey,Missing Fixture,Muscle Injury,1208052,2024-09-14T16:30:00+00:00
66,Aston Villa,19298,M. Cash,Missing Fixture,Thigh Injury,1208052,2024-09-14T16:30:00+00:00
66,Aston Villa,1904,B. Kamara,Missing Fixture,Knee Injury,1208052,2024-09-14T16:30:00+00:00
66,Aston Villa,19179,T. Mings,Missing Fixture,Knee Injury,1208052,2024-09-14T16:30:00+00:00
45,Everton,17661,J. Branthwaite,Missing Fixture,Groin Injury,1208052,2024-09-14T16:30:00+00:00
45,Everton,138822,A. Broja,Missing Fixture,Calf Injury,1208052,2024-09-14T16:30:00+00:00
45,Everton,330412,Chermiti,Missing Fixture,Ankle Injury,1208052,2024-09-14T16:30:00+00:00
45,Everton,138417,N. Patterson,Missing Fixture,Thigh Injury,1208052,2024-09-14T16:30:00+00:00
45,Everton,18758,S. Coleman,Questionable,Calf Injury,1208052,2024-09-14T16:30:00+00:00
35,Bournemouth,1150,T. Adams,Missing Fixture,Back Injury,1208051,2024-09-14T19:00:00+00:00
35,Bournemouth,2273,K. Arrizabalaga,Missing Fixture,Loan agreement,1208051,2024-09-14T19:00:00+00:00
35,Bournemouth,284797,D. Ouattara,Missing Fixture,Ankle Injury,1208051,2024-09-14T19:00:00+00:00
49,Chelsea,161907,M. Gusto,Missing Fixture,Thigh Injury,1208051,2024-09-14T19:00:00+00:00
49,Chelsea,19545,R. James,Missing Fixture,Muscle Injury,1208051,2024-09-14T19:00:00+00:00
49,Chelsea,329347,O. Kellyman,Missing Fixture,Muscle Injury,1208051,2024-09-14T19:00:00+00:00
49,Chelsea,282125,R. Lavia,Questionable,Thigh Injury,1208051,2024-09-14T19:00:00+00:00
47,Tottenham,2413,Richarlison,Missing Fixture,Injury,1208059,2024-09-15T13:00:00+00:00
47,Tottenham,18968,Y. Bissouma,Questionable,Groin Injury,1208059,2024-09-15T13:00:00+00:00
42,Arsenal,47311,M. Merino,Missing Fixture,Shoulder Injury,1208059,2024-09-15T13:00:00+00:00
42,Arsenal,37127,M. Odegaard,Missing Fixture,Ankle Injury,1208059,2024-09-15T13:00:00+00:00
42,Arsenal,2937,D. Rice,Missing Fixture,Red Card,1208059,2024-09-15T13:00:00+00:00
42,Arsenal,1117,K. Tierney,Missing Fixture,Muscle Injury,1208059,2024-09-15T13:00:00+00:00
42,Arsenal,2597,T. Tomiyasu,Missing Fixture,Knee Injury,1208059,2024-09-15T13:00:00+00:00
42,Arsenal,157052,R. Calafiori,Questionable,Calf Injury,1208059,2024-09-15T13:00:00+00:00
39,Wolves,380653,L. Chiwome,Missing Fixture,Ankle Injury,1208060,2024-09-15T15:30:00+00:00
39,Wolves,385726,E. Gonzalez,Missing Fixture,Knee Injury,1208060,2024-09-15T15:30:00+00:00
39,Wolves,7722,S. Kalajdzic,Missing Fixture,Knee Injury,1208060,2024-09-15T15:30:00+00:00
39,Wolves,157912,B. Traore,Questionable,Knee Injury,1208060,2024-09-15T15:30:00+00:00
34,Newcastle,38734,S. Botman,Missing Fixture,Knee Injury,1208060,2024-09-15T15:30:00+00:00
34,Newcastle,18894,J. Lascelles,Missing Fixture,Knee Injury,1208060,2024-09-15T15:30:00+00:00
34,Newcastle,328105,L. Miley,Missing Fixture,Back Injury,1208060,2024-09-15T15:30:00+00:00
34,Newcastle,2939,C. Wilson,Missing Fixture,Back Injury,1208060,2024-09-15T15:30:00+00:00
48,West Ham,25391,N. Fullkrug,Questionable,Achilles Tendon Injury,1208070,2024-09-21T11:30:00+00:00
49,Chelsea,161907,M. Gusto,Missing Fixture,Thigh Injury,1208070,2024-09-21T11:30:00+00:00
49,Chelsea,19545,R. James,Missing Fixture,Muscle Injury,1208070,2024-09-21T11:30:00+00:00
49,Chelsea,329347,O. Kellyman,Missing Fixture,Muscle Injury,1208070,2024-09-21T11:30:00+00:00
49,Chelsea,282125,R. Lavia,Questionable,Thigh Injury,1208070,2024-09-21T11:30:00+00:00
66,Aston Villa,19298,M. Cash,Missing Fixture,Thigh Injury,1208061,2024-09-21T14:00:00+00:00
66,Aston Villa,1904,B. Kamara,Missing Fixture,Knee Injury,1208061,2024-09-21T14:00:00+00:00
66,Aston Villa,19179,T. Mings,Missing Fixture,Knee Injury,1208061,2024-09-21T14:00:00+00:00
66,Aston Villa,138931,J. Philogene,Missing Fixture,Injury,1208061,2024-09-21T14:00:00+00:00
39,Wolves,380653,L. Chiwome,Missing Fixture,Ankle Injury,1208061,2024-09-21T14:00:00+00:00
39,Wolves,385726,E. Gonzalez,Missing Fixture,Knee Injury,1208061,2024-09-21T14:00:00+00:00
39,Wolves,7722,S. Kalajdzic,Missing Fixture,Knee Injury,1208061,2024-09-21T14:00:00+00:00
39,Wolves,388777,B. Meupiyou,Missing Fixture,Injury,1208061,2024-09-21T14:00:00+00:00
39,Wolves,157912,B. Traore,Missing Fixture,Knee Injury,1208061,2024-09-21T14:00:00+00:00
39,Wolves,41606,Toti,Questionable,Thigh Injury,1208061,2024-09-21T14:00:00+00:00
36,Fulham,104,Carlos Vinicius,Missing Fixture,Injury,1208064,2024-09-21T14:00:00+00:00
34,Newcastle,38734,S. Botman,Missing Fixture,Knee Injury,1208064,2024-09-21T14:00:00+00:00
34,Newcastle,18894,J. Lascelles,Missing Fixture,Knee Injury,1208064,2024-09-21T14:00:00+00:00
34,Newcastle,328105,L. Miley,Missing Fixture,Back Injury,1208064,2024-09-21T14:00:00+00:00
34,Newcastle,2939,C. Wilson,Missing Fixture,Back Injury,1208064,2024-09-21T14:00:00+00:00
46,Leicester,1098,P. Daka,Missing Fixture,Ankle Injury,1208065,2024-09-21T14:00:00+00:00
46,Leicester,405905,N. Opoku,Missing Fixture,Broken Leg,1208065,2024-09-21T14:00:00+00:00
46,Leicester,152970,J. Stolarczyk,Missing Fixture,Ankle Injury,1208065,2024-09-21T14:00:00+00:00
45,Everton,138822,A. Broja,Missing Fixture,Calf Injury,1208065,2024-09-21T14:00:00+00:00
45,Everton,330412,Chermiti,Missing Fixture,Ankle Injury,1208065,2024-09-21T14:00:00+00:00
45,Everton,2990,I. Gueye,Missing Fixture,Injury,1208065,2024-09-21T14:00:00+00:00
45,Everton,17661,J. Branthwaite,Questionable,Groin Injury,1208065,2024-09-21T14:00:00+00:00
45,Everton,18758,S. Coleman,Questionable,Calf Injury,1208065,2024-09-21T14:00:00+00:00
45,Everton,138417,N. Patterson,Questionable,Thigh Injury,1208065,2024-09-21T14:00:00+00:00
40,Liverpool,19035,H. Elliott,Missing Fixture,Broken ankle,1208066,2024-09-21T14:00:00+00:00
40,Liverpool,280,Alisson,Questionable,Thigh Injury,1208066,2024-09-21T14:00:00+00:00
35,Bournemouth,1150,T. Adams,Missing Fixture,Back Injury,1208066,2024-09-21T14:00:00+00:00
41,Southampton,105971,G. Bazunu,Missing Fixture,Achilles Tendon Injury,1208068,2024-09-21T14:00:00+00:00
41,Southampton,18940,J. Stephens,Missing Fixture,Red Card,1208068,2024-09-21T14:00:00+00:00
41,Southampton,199837,K. Sulemana,Missing Fixture,Ankle Injury,1208068,2024-09-21T14:00:00+00:00
41,Southampton,130421,W. Smallbone,Questionable,Thigh Injury,1208068,2024-09-21T14:00:00+00:00
57,Ipswich,20167,J. Donacien,Missing Fixture,Groin Injury,1208068,2024-09-21T14:00:00+00:00
57,Ipswich,126791,N. Broadhead,Questionable,Thigh Injury,1208068,2024-09-21T14:00:00+00:00
57,Ipswich,138836,H. Clarke,Questionable,Achilles Tendon Injury,1208068,2024-09-21T14:00:00+00:00
47,Tottenham,336564,W. Odobert,Missing Fixture,Thigh Injury,1208069,2024-09-21T14:00:00+00:00
47,Tottenham,2413,Richarlison,Missing Fixture,Injury,1208069,2024-09-21T14:00:00+00:00
55,Brentford,19362,J. Dasilva,Missing Fixture,Knee Injury,1208069,2024-09-21T14:00:00+00:00
55,Brentford,427736,Gustavo Nunes,Missing Fixture,Back Injury,1208069,2024-09-21T14:00:00+00:00
55,Brentford,19346,R. Henry,Missing Fixture,Knee Injury,1208069,2024-09-21T14:00:00+00:00
55,Brentford,44871,A. Hickey,Missing Fixture,Thigh Injury,1208069,2024-09-21T14:00:00+00:00
55,Brentford,47438,M. Jensen,Missing Fixture,Knock,1208069,2024-09-21T14:00:00+00:00
55,Brentford,196156,I. Thiago,Missing Fixture,Knee Injury,1208069,2024-09-21T14:00:00+00:00
55,Brentford,20649,Y. Wissa,Missing Fixture,Ankle Injury,1208069,2024-09-21T14:00:00+00:00
52,Crystal Palace,3339,C. Doucoure,Missing Fixture,Ankle Injury,1208063,2024-09-21T16:30:00+00:00
52,Crystal Palace,1440,R. Holding,Missing Fixture,Lacking Match Fitness,1208063,2024-09-21T16:30:00+00:00
52,Crystal Palace,311157,Matheus Franca,Missing Fixture,Muscle Injury,1208063,2024-09-21T16:30:00+00:00
52,Crystal Palace,278898,C. Riad,Missing Fixture,Knee Injury,1208063,2024-09-21T16:30:00+00:00
52,Crystal Palace,19720,T. Chalobah,Questionable,Injury,1208063,2024-09-21T16:30:00+00:00
33,Manchester United,889,V. Lindelof,Missing Fixture,Injury,1208063,2024-09-21T16:30:00+00:00
33,Manchester United,37145,T. Malacia,Missing Fixture,Knee Injury,1208063,2024-09-21T16:30:00+00:00
33,Manchester United,891,L. Shaw,Missing Fixture,Health problems,1208063,2024-09-21T16:30:00+00:00
33,Manchester United,342970,L. Yoro,Missing Fixture,Ankle Injury,1208063,2024-09-21T16:30:00+00:00
33,Manchester United,288006,R. Hojlund,Questionable,Muscle Injury,1208063,2024-09-21T16:30:00+00:00
33,Manchester United,19220,M. Mount,Questionable,Muscle Injury,1208063,2024-09-21T16:30:00+00:00
51,Brighton,328225,B. Gruda,Missing Fixture,Lacking Match Fitness,1208062,2024-09-22T13:00:00+00:00
51,Brighton,18973,S. March,Missing Fixture,Knee Injury,1208062,2024-09-22T13:00:00+00:00
51,Brighton,296,J. Milner,Missing Fixture,Thigh Injury,1208062,2024-09-22T13:00:00+00:00
51,Brighton,19030,M. O'Riley,Missing Fixture,Ankle Injury,1208062,2024-09-22T13:00:00+00:00
65,Nottingham Forest,275170,Danilo,Missing Fixture,Ankle Injury,1208062,2024-09-22T13:00:00+00:00
65,Nottingham Forest,22149,I. Sangare,Missing Fixture,Lacking Match Fitness,1208062,2024-09-22T13:00:00+00:00
65,Nottingham Forest,18739,W. Boly,Questionable,Calf Injury,1208062,2024-09-22T13:00:00+00:00
50,Manchester City,18861,N. Ake,Missing Fixture,Muscle Injury,1208067,2024-09-22T15:30:00+00:00
50,Manchester City,278133,O. Bobb,Missing Fixture,Leg Injury,1208067,2024-09-22T15:30:00+00:00
50,Manchester City,629,K. De Bruyne,Questionable,Injury,1208067,2024-09-22T15:30:00+00:00
42,Arsenal,47311,M. Merino,Missing Fixture,Shoulder Injury,1208067,2024-09-22T15:30:00+00:00
42,Arsenal,37127,M. Odegaard,Missing Fixture,Ankle Injury,1208067,2024-09-22T15:30:00+00:00
42,Arsenal,1117,K. Tierney,Missing Fixture,Muscle Injury,1208067,2024-09-22T15:30:00+00:00
42,Arsenal,2597,T. Tomiyasu,Missing Fixture,Knee Injury,1208067,2024-09-22T15:30:00+00:00
42,Arsenal,641,O. Zinchenko,Missing Fixture,Calf Injury,1208067,2024-09-22T15:30:00+00:00
35,Bournemouth,1150,T. Adams,Missing Fixture,Back Injury,1208071,2024-09-30T19:00:00+00:00
41,Southampton,105971,G. Bazunu,Missing Fixture,Achilles Tendon Injury,1208071,2024-09-30T19:00:00+00:00
41,Southampton,18940,J. Stephens,Missing Fixture,Red Card,1208071,2024-09-30T19:00:00+00:00
41,Southampton,199837,K. Sulemana,Missing Fixture,Ankle Injury,1208071,2024-09-30T19:00:00+00:00
41,Southampton,130421,W. Smallbone,Questionable,Thigh Injury,1208071,2024-09-30T19:00:00+00:00
52,Crystal Palace,3339,C. Doucoure,Missing Fixture,Ankle Injury,1208086,2024-10-05T11:30:00+00:00
52,Crystal Palace,1440,R. Holding,Missing Fixture,Lacking Match Fitness,1208086,2024-10-05T11:30:00+00:00
52,Crystal Palace,311157,Matheus Franca,Missing Fixture,Muscle Injury,1208086,2024-10-05T11:30:00+00:00
52,Crystal Palace,278898,C. Riad,Missing Fixture,Knee Injury,1208086,2024-10-05T11:30:00+00:00
52,Crystal Palace,126949,C. Richards,Missing Fixture,Thigh Injury,1208086,2024-10-05T11:30:00+00:00
40,Liverpool,19035,H. Elliott,Missing Fixture,Broken ankle,1208086,2024-10-05T11:30:00+00:00
40,Liverpool,30410,F. Chiesa,Questionable,Injury,1208086,2024-10-05T11:30:00+00:00
42,Arsenal,37127,M. Odegaard,Missing Fixture,Ankle Injury,1208081,2024-10-05T14:00:00+00:00
42,Arsenal,1117,K. Tierney,Missing Fixture,Muscle Injury,1208081,2024-10-05T14:00:00+00:00
42,Arsenal,641,O. Zinchenko,Missing Fixture,Calf Injury,1208081,2024-10-05T14:00:00+00:00
42,Arsenal,38746,J. Timber,Questionable,Muscle Injury,1208081,2024-10-05T14:00:00+00:00
42,Arsenal,19959,B. White,Questionable,Knee Injury,1208081,2024-10-05T14:00:00+00:00
41,Southampton,105971,G. Bazunu,Missing Fixture,Achilles Tendon Injury,1208081,2024-10-05T14:00:00+00:00
41,Southampton,130421,W. Smallbone,Missing Fixture,Thigh Injury,1208081,2024-10-05T14:00:00+00:00
41,Southampton,18940,J. Stephens,Missing Fixture,Red Card,1208081,2024-10-05T14:00:00+00:00
41,Southampton,199837,K. Sulemana,Missing Fixture,Ankle Injury,1208081,2024-10-05T14:00:00+00:00
55,Brentford,19362,J. Dasilva,Missing Fixture,Knee Injury,1208083,2024-10-05T14:00:00+00:00
55,Brentford,427736,Gustavo Nunes,Missing Fixture,Back Injury,1208083,2024-10-05T14:00:00+00:00
55,Brentford,19346,R. Henry,Missing Fixture,Knee Injury,1208083,2024-10-05T14:00:00+00:00
55,Brentford,44871,A. Hickey,Missing Fixture,Thigh Injury,1208083,2024-10-05T14:00:00+00:00
55,Brentford,196156,I. Thiago,Missing Fixture,Knee Injury,1208083,2024-10-05T14:00:00+00:00
55,Brentford,20649,Y. Wissa,Missing Fixture,Ankle Injury,1208083,2024-10-05T14:00:00+00:00
55,Brentford,47438,M. Jensen,Questionable,Knock,1208083,2024-10-05T14:00:00+00:00
39,Wolves,380653,L. Chiwome,Missing Fixture,Ankle Injury,1208083,2024-10-05T14:00:00+00:00
39,Wolves,385726,E. Gonzalez,Missing Fixture,Knee Injury,1208083,2024-10-05T14:00:00+00:00
39,Wolves,7722,S. Kalajdzic,Missing Fixture,Knee Injury,1208083,2024-10-05T14:00:00+00:00
39,Wolves,195717,Y. Mosquera,Missing Fixture,Knee Injury,1208083,2024-10-05T14:00:00+00:00
39,Wolves,157912,B. Traore,Missing Fixture,Knee Injury,1208083,2024-10-05T14:00:00+00:00
39,Wolves,388777,B. Meupiyou,Questionable,Injury,1208083,2024-10-05T14:00:00+00:00
46,Leicester,18779,H. Choudhury,Missing Fixture,Shoulder Injury,1208088,2024-10-05T14:00:00+00:00
46,Leicester,1098,P. Daka,Missing Fixture,Ankle Injury,1208088,2024-10-05T14:00:00+00:00
46,Leicester,405905,N. Opoku,Missing Fixture,Broken Leg,1208088,2024-10-05T14:00:00+00:00
46,Leicester,152970,J. Stolarczyk,Missing Fixture,Ankle Injury,1208088,2024-10-05T14:00:00+00:00
46,Leicester,18943,J. Vestergaard,Questionable,Ankle Injury,1208088,2024-10-05T14:00:00+00:00
35,Bournemouth,1150,T. Adams,Questionable,Back Injury,1208088,2024-10-05T14:00:00+00:00
50,Manchester City,18861,N. Ake,Missing Fixture,Muscle Injury,1208089,2024-10-05T14:00:00+00:00
50,Manchester City,278133,O. Bobb,Missing Fixture,Leg Injury,1208089,2024-10-05T14:00:00+00:00
50,Manchester City,629,K. De Bruyne,Missing Fixture,Muscle Injury,1208089,2024-10-05T14:00:00+00:00
50,Manchester City,44,Rodri,Missing Fixture,Knee Injury,1208089,2024-10-05T14:00:00+00:00
36,Fulham,104,Carlos Vinicius,Missing Fixture,Calf Injury,1208089,2024-10-05T14:00:00+00:00
36,Fulham,131,J. Cuenca,Missing Fixture,Ankle Injury,1208089,2024-10-05T14:00:00+00:00
48,West Ham,25391,N. Fullkrug,Questionable,Achilles Tendon Injury,1208090,2024-10-05T14:00:00+00:00
57,Ipswich,20167,J. Donacien,Missing Fixture,Groin Injury,1208090,2024-10-05T14:00:00+00:00
57,Ipswich,126791,N. Broadhead,Questionable,Thigh Injury,1208090,2024-10-05T14:00:00+00:00
57,Ipswich,15797,J. Cajuste,Questionable,Knee Injury,1208090,2024-10-05T14:00:00+00:00
45,Everton,138822,A. Broja,Missing Fixture,Calf Injury,1208087,2024-10-05T16:30:00+00:00
45,Everton,330412,Chermiti,Missing Fixture,Ankle Injury,1208087,2024-10-05T16:30:00+00:00
45,Everton,18758,S. Coleman,Questionable,Calf Injury,1208087,2024-10-05T16:30:00+00:00
45,Everton,138417,N. Patterson,Questionable,Lacking Match Fitness,1208087,2024-10-05T16:30:00+00:00
34,Newcastle,38734,S. Botman,Missing Fixture,Knee Injury,1208087,2024-10-05T16:30:00+00:00
34,Newcastle,2864,A. Isak,Missing Fixture,Finger Injury,1208087,2024-10-05T16:30:00+00:00
34,Newcastle,18894,J. Lascelles,Missing Fixture,Knee Injury,1208087,2024-10-05T16:30:00+00:00
34,Newcastle,328105,L. Miley,Missing Fixture,Back Injury,1208087,2024-10-05T16:30:00+00:00
34,Newcastle,2939,C. Wilson,Missing Fixture,Back Injury,1208087,2024-10-05T16:30:00+00:00
34,Newcastle,18941,M. Targett,Questionable,Injury,1208087,2024-10-05T16:30:00+00:00
66,Aston Villa,19191,J. McGinn,Missing Fixture,Thigh Injury,1208082,2024-10-06T13:00:00+00:00
66,Aston Villa,162714,A. Onana,Questionable,Thigh Injury,1208082,2024-10-06T13:00:00+00:00
66,Aston Villa,19192,J. Ramsey,Questionable,Groin Injury,1208082,2024-10-06T13:00:00+00:00
33,Manchester United,37145,T. Malacia,Missing Fixture,Knee Injury,1208082,2024-10-06T13:00:00+00:00
33,Manchester United,342970,L. Yoro,Missing Fixture,Ankle Injury,1208082,2024-10-06T13:00:00+00:00
33,Manchester United,19220,M. Mount,Questionable,Head Injury,1208082,2024-10-06T13:00:00+00:00
33,Manchester United,891,L. Shaw,Questionable,Health problems,1208082,2024-10-06T13:00:00+00:00
49,Chelsea,19545,R. James,Missing Fixture,Muscle Injury,1208085,2024-10-06T13:00:00+00:00
49,Chelsea,329347,O. Kellyman,Missing Fixture,Muscle Injury,1208085,2024-10-06T13:00:00+00:00
65,Nottingham Forest,275170,Danilo,Missing Fixture,Ankle Injury,1208085,2024-10-06T13:00:00+00:00
65,Nottingham Forest,22149,I. Sangare,Missing Fixture,Lacking Match Fitness,1208085,2024-10-06T13:00:00+00:00
51,Brighton,10329,Joao Pedro,Missing Fixture,Injury,1208084,2024-10-06T15:30:00+00:00
51,Brighton,19030,M. O'Riley,Missing Fixture,Ankle Injury,1208084,2024-10-06T15:30:00+00:00
51,Brighton,38695,J. P. van Hecke,Missing Fixture,Muscle Injury,1208084,2024-10-06T15:30:00+00:00
51,Brighton,301771,S. Adingra,Questionable,Knock,1208084,2024-10-06T15:30:00+00:00
51,Brighton,18973,S. March,Questionable,Knee Injury,1208084,2024-10-06T15:30:00+00:00
51,Brighton,296,J. Milner,Questionable,Thigh Injury,1208084,2024-10-06T15:30:00+00:00
47,Tottenham,336564,W. Odobert,Missing Fixture,Thigh Injury,1208084,2024-10-06T15:30:00+00:00
47,Tottenham,2413,Richarlison,Missing Fixture,Injury,1208084,2024-10-06T15:30:00+00:00
47,Tottenham,186,Son Heung-Min,Missing Fixture,Injury,1208084,2024-10-06T15:30:00+00:00
47,Tottenham,336564,W. Odobert,Missing Fixture,Thigh Injury,1208099,2024-10-19T11:30:00+00:00
48,West Ham,25391,N. Fullkrug,Missing Fixture,Achilles Tendon Injury,1208099,2024-10-19T11:30:00+00:00
36,Fulham,104,Carlos Vinicius,Missing Fixture,Calf Injury,1208092,2024-10-19T14:00:00+00:00
36,Fulham,2920,T. Castagne,Missing Fixture,Thigh Injury,1208092,2024-10-19T14:00:00+00:00
36,Fulham,131,J. Cuenca,Missing Fixture,Ankle Injury,1208092,2024-10-19T14:00:00+00:00
36,Fulham,2823,S. Lukic,Missing Fixture,Shoulder Injury,1208092,2024-10-19T14:00:00+00:00
66,Aston Villa,766,R. Olsen,Missing Fixture,Lacking Match Fitness,1208092,2024-10-19T14:00:00+00:00
66,Aston Villa,19179,T. Mings,Questionable,Lacking Match Fitness,1208092,2024-10-19T14:00:00+00:00
57,Ipswich,20167,J. Donacien,Missing Fixture,Groin Injury,1208093,2024-10-19T14:00:00+00:00
57,Ipswich,2752,M. Luongo,Missing Fixture,Ankle Injury,1208093,2024-10-19T14:00:00+00:00
57,Ipswich,19182,A. Tuanzebe,Missing Fixture,Finger Injury,1208093,2024-10-19T14:00:00+00:00
57,Ipswich,299813,A. Al-Hamadi,Questionable,Knock,1208093,2024-10-19T14:00:00+00:00
57,Ipswich,15797,J. Cajuste,Questionable,Knee Injury,1208093,2024-10-19T14:00:00+00:00
45,Everton,138822,A. Broja,Missing Fixture,Calf Injury,1208093,2024-10-19T14:00:00+00:00
45,Everton,330412,Chermiti,Missing Fixture,Ankle Injury,1208093,2024-10-19T14:00:00+00:00
45,Everton,895,J. Garner,Missing Fixture,Lower Back Injury,1208093,2024-10-19T14:00:00+00:00
45,Everton,284500,T. Iroegbunam,Missing Fixture,Ankle Injury,1208093,2024-10-19T14:00:00+00:00
45,Everton,17661,J. Branthwaite,Questionable,Muscle Injury,1208093,2024-10-19T14:00:00+00:00
33,Manchester United,2935,H. Maguire,Missing Fixture,Muscle Injury,1208095,2024-10-19T14:00:00+00:00
33,Manchester United,284322,K. Mainoo,Missing Fixture,Muscle Injury,1208095,2024-10-19T14:00:00+00:00
33,Manchester United,342970,L. Yoro,Missing Fixture,Ankle Injury,1208095,2024-10-19T14:00:00+00:00
33,Manchester United,37145,T. Malacia,Questionable,Knee Injury,1208095,2024-10-19T14:00:00+00:00
33,Manchester United,19220,M. Mount,Questionable,Head Injury,1208095,2024-10-19T14:00:00+00:00
33,Manchester United,891,L. Shaw,Questionable,Health problems,1208095,2024-10-19T14:00:00+00:00
55,Brentford,19362,J. Dasilva,Missing Fixture,Knee Injury,1208095,2024-10-19T14:00:00+00:00
55,Brentford,427736,Gustavo Nunes,Missing Fixture,Back Injury,1208095,2024-10-19T14:00:00+00:00
55,Brentford,19346,R. Henry,Missing Fixture,Knee Injury,1208095,2024-10-19T14:00:00+00:00
55,Brentford,44871,A. Hickey,Missing Fixture,Thigh Injury,1208095,2024-10-19T14:00:00+00:00
55,Brentford,196156,I. Thiago,Missing Fixture,Knee Injury,1208095,2024-10-19T14:00:00+00:00
55,Brentford,47438,M. Jensen,Questionable,Knock,1208095,2024-10-19T14:00:00+00:00
34,Newcastle,38734,S. Botman,Missing Fixture,Knee Injury,1208096,2024-10-19T14:00:00+00:00
34,Newcastle,18894,J. Lascelles,Missing Fixture,Knee Injury,1208096,2024-10-19T14:00:00+00:00
34,Newcastle,169,K. Trippier,Missing Fixture,Muscle Injury,1208096,2024-10-19T14:00:00+00:00
34,Newcastle,2939,C. Wilson,Questionable,Back Injury,1208096,2024-10-19T14:00:00+00:00
51,Brighton,10329,Joao Pedro,Missing Fixture,Injury,1208096,2024-10-19T14:00:00+00:00
51,Brighton,18973,S. March,Missing Fixture,Knee Injury,1208096,2024-10-19T14:00:00+00:00
51,Brighton,296,J. Milner,Missing Fixture,Thigh Injury,1208096,2024-10-19T14:00:00+00:00
51,Brighton,19030,M. O'Riley,Missing Fixture,Ankle Injury,1208096,2024-10-19T14:00:00+00:00
51,Brighton,19265,A. Webster,Missing Fixture,Muscle Injury,1208096,2024-10-19T14:00:00+00:00
41,Southampton,105971,G. Bazunu,Missing Fixture,Achilles Tendon Injury,1208098,2024-10-19T14:00:00+00:00
41,Southampton,18940,J. Stephens,Missing Fixture,Red Card,1208098,2024-10-19T14:00:00+00:00
41,Southampton,45078,R. Stewart,Missing Fixture,Thigh Injury,1208098,2024-10-19T14:00:00+00:00
46,Leicester,18779,H. Choudhury,Missing Fixture,Shoulder Injury,1208098,2024-10-19T14:00:00+00:00
46,Leicester,1098,P. Daka,Missing Fixture,Ankle Injury,1208098,2024-10-19T14:00:00+00:00
46,Leicester,405905,N. Opoku,Missing Fixture,Broken Leg,1208098,2024-10-19T14:00:00+00:00
46,Leicester,152970,J. Stolarczyk,Missing Fixture,Ankle Injury,1208098,2024-10-19T14:00:00+00:00
42,Arsenal,912,Neto,Missing Fixture,Loan agreement,1208091,2024-10-19T16:30:00+00:00
42,Arsenal,37127,M. Odegaard,Missing Fixture,Ankle Injury,1208091,2024-10-19T16:30:00+00:00
42,Arsenal,1117,K. Tierney,Missing Fixture,Muscle Injury,1208091,2024-10-19T16:30:00+00:00
42,Arsenal,2597,T. Tomiyasu,Missing Fixture,Knee Injury,1208091,2024-10-19T16:30:00+00:00
42,Arsenal,1460,B. Saka,Questionable,Muscle Injury,1208091,2024-10-19T16:30:00+00:00
42,Arsenal,38746,J. Timber,Questionable,Muscle Injury,1208091,2024-10-19T16:30:00+00:00
39,Wolves,380653,L. Chiwome,Missing Fixture,Ankle Injury,1208100,2024-10-20T13:00:00+00:00
39,Wolves,385726,E. Gonzalez,Missing Fixture,Knee Injury,1208100,2024-10-20T13:00:00+00:00
39,Wolves,24888,Hwang Hee-Chan,Missing Fixture,Ankle Injury,1208100,2024-10-20T13:00:00+00:00
39,Wolves,7722,S. Kalajdzic,Missing Fixture,Knee Injury,1208100,2024-10-20T13:00:00+00:00
39,Wolves,195717,Y. Mosquera,Missing Fixture,Knee Injury,1208100,2024-10-20T13:00:00+00:00
39,Wolves,157912,B. Traore,Missing Fixture,Knee Injury,1208100,2024-10-20T13:00:00+00:00
39,Wolves,388777,B. Meupiyou,Questionable,Injury,1208100,2024-10-20T13:00:00+00:00
50,Manchester City,278133,O. Bobb,Missing Fixture,Leg Injury,1208100,2024-10-20T13:00:00+00:00
50,Manchester City,629,K. De Bruyne,Missing Fixture,Muscle Injury,1208100,2024-10-20T13:00:00+00:00
50,Manchester City,44,Rodri,Missing Fixture,Knee Injury,1208100,2024-10-20T13:00:00+00:00
40,Liverpool,280,Alisson,Missing Fixture,Hamstring Injury,1208094,2024-10-20T15:30:00+00:00
40,Liverpool,19035,H. Elliott,Missing Fixture,Broken ankle,1208094,2024-10-20T15:30:00+00:00
40,Liverpool,30410,F. Chiesa,Questionable,Injury,1208094,2024-10-20T15:30:00+00:00
49,Chelsea,47380,M. Cucurella,Missing Fixture,Yellow Cards,1208094,2024-10-20T15:30:00+00:00
49,Chelsea,22094,W. Fofana,Missing Fixture,Yellow Cards,1208094,2024-10-20T15:30:00+00:00
49,Chelsea,329347,O. Kellyman,Missing Fixture,Muscle Injury,1208094,2024-10-20T15:30:00+00:00
49,Chelsea,2933,B. Chilwell,Questionable,Illness,1208094,2024-10-20T15:30:00+00:00
65,Nottingham Forest,275170,Danilo,Missing Fixture,Ankle Injury,1208097,2024-10-21T19:00:00+00:00
65,Nottingham Forest,18746,M. Gibbs-White,Missing Fixture,Suspended,1208097,2024-10-21T19:00:00+00:00
65,Nottingham Forest,22149,I. Sangare,Missing Fixture,Lacking Match Fitness,1208097,2024-10-21T19:00:00+00:00
65,Nottingham Forest,2938,J. Ward-Prowse,Missing Fixture,Red Card,1208097,2024-10-21T19:00:00+00:00
52,Crystal Palace,1440,R. Holding,Missing Fixture,Lacking Match Fitness,1208097,2024-10-21T19:00:00+00:00
52,Crystal Palace,311157,Matheus Franca,Missing Fixture,Muscle Injury,1208097,2024-10-21T19:00:00+00:00
52,Crystal Palace,278898,C. Riad,Missing Fixture,Knee Injury,1208097,2024-10-21T19:00:00+00:00
52,Crystal Palace,126949,C. Richards,Missing Fixture,Thigh Injury,1208097,2024-10-21T19:00:00+00:00
52,Crystal Palace,50999,M. Turner,Missing Fixture,Loan agreement,1208097,2024-10-21T19:00:00+00:00
52,Crystal Palace,3339,C. Doucoure,Questionable,Ankle Injury,1208097,2024-10-21T19:00:00+00:00
46,Leicester,18779,H. Choudhury,Missing Fixture,Shoulder Injury,1208110,2024-10-25T19:00:00+00:00
46,Leicester,1098,P. Daka,Missing Fixture,Ankle Injury,1208110,2024-10-25T19:00:00+00:00
46,Leicester,405905,N. Opoku,Missing Fixture,Broken Leg,1208110,2024-10-25T19:00:00+00:00
46,Leicester,152970,J. Stolarczyk,Missing Fixture,Ankle Injury,1208110,2024-10-25T19:00:00+00:00
46,Leicester,18943,J. Vestergaard,Missing Fixture,Ankle Injury,1208110,2024-10-25T19:00:00+00:00
65,Nottingham Forest,275170,Danilo,Missing Fixture,Ankle Injury,1208110,2024-10-25T19:00:00+00:00
65,Nottingham Forest,22149,I. Sangare,Missing Fixture,Lacking Match Fitness,1208110,2024-10-25T19:00:00+00:00
65,Nottingham Forest,18746,M. Gibbs-White,Questionable,Ankle Injury,1208110,2024-10-25T19:00:00+00:00
66,Aston Villa,138931,J. Philogene,Missing Fixture,Red Card,1208104,2024-10-26T14:00:00+00:00
35,Bournemouth,304853,A. Scott,Missing Fixture,Knee Injury,1208104,2024-10-26T14:00:00+00:00
35,Bournemouth,37161,L. Sinisterra,Questionable,Injury,1208104,2024-10-26T14:00:00+00:00
55,Brentford,19362,J. Dasilva,Missing Fixture,Knee Injury,1208105,2024-10-26T14:00:00+00:00
55,Brentford,427736,Gustavo Nunes,Missing Fixture,Back Injury,1208105,2024-10-26T14:00:00+00:00
55,Brentford,19346,R. Henry,Missing Fixture,Knee Injury,1208105,2024-10-26T14:00:00+00:00
55,Brentford,44871,A. Hickey,Missing Fixture,Thigh Injury,1208105,2024-10-26T14:00:00+00:00
55,Brentford,196156,I. Thiago,Missing Fixture,Knee Injury,1208105,2024-10-26T14:00:00+00:00
57,Ipswich,20167,J. Donacien,Missing Fixture,Groin Injury,1208105,2024-10-26T14:00:00+00:00
57,Ipswich,127579,J. Greaves,Missing Fixture,Thigh Injury,1208105,2024-10-26T14:00:00+00:00
57,Ipswich,2752,M. Luongo,Missing Fixture,Ankle Injury,1208105,2024-10-26T14:00:00+00:00
57,Ipswich,19182,A. Tuanzebe,Missing Fixture,Finger Injury,1208105,2024-10-26T14:00:00+00:00
57,Ipswich,18823,B. Johnson,Questionable,Thigh Injury,1208105,2024-10-26T14:00:00+00:00
51,Brighton,10329,Joao Pedro,Missing Fixture,Injury,1208106,2024-10-26T14:00:00+00:00
51,Brighton,18973,S. March,Missing Fixture,Knee Injury,1208106,2024-10-26T14:00:00+00:00
51,Brighton,296,J. Milner,Missing Fixture,Thigh Injury,1208106,2024-10-26T14:00:00+00:00
51,Brighton,19030,M. O'Riley,Missing Fixture,Ankle Injury,1208106,2024-10-26T14:00:00+00:00
51,Brighton,19265,A. Webster,Missing Fixture,Muscle Injury,1208106,2024-10-26T14:00:00+00:00
51,Brighton,383685,Y. Minteh,Questionable,Muscle Injury,1208106,2024-10-26T14:00:00+00:00
39,Wolves,380653,L. Chiwome,Missing Fixture,Ankle Injury,1208106,2024-10-26T14:00:00+00:00
39,Wolves,385726,E. Gonzalez,Missing Fixture,Knee Injury,1208106,2024-10-26T14:00:00+00:00
39,Wolves,24888,Hwang Hee-Chan,Missing Fixture,Ankle Injury,1208106,2024-10-26T14:00:00+00:00
39,Wolves,7722,S. Kalajdzic,Missing Fixture,Knee Injury,1208106,2024-10-26T14:00:00+00:00
39,Wolves,195717,Y. Mosquera,Missing Fixture,Knee Injury,1208106,2024-10-26T14:00:00+00:00
39,Wolves,157912,B. Traore,Missing Fixture,Knee Injury,1208106,2024-10-26T14:00:00+00:00
39,Wolves,388777,B. Meupiyou,Questionable,Injury,1208106,2024-10-26T14:00:00+00:00
50,Manchester City,278133,O. Bobb,Missing Fixture,Leg Injury,1208111,2024-10-26T14:00:00+00:00
50,Manchester City,629,K. De Bruyne,Missing Fixture,Muscle Injury,1208111,2024-10-26T14:00:00+00:00
50,Manchester City,1422,J. Doku,Missing Fixture,Injury,1208111,2024-10-26T14:00:00+00:00
50,Manchester City,19187,J. Grealish,Missing Fixture,Injury,1208111,2024-10-26T14:00:00+00:00
50,Manchester City,44,Rodri,Missing Fixture,Knee Injury,1208111,2024-10-26T14:00:00+00:00
50,Manchester City,627,K. Walker,Missing Fixture,Illness,1208111,2024-10-26T14:00:00+00:00
41,Southampton,105971,G. Bazunu,Missing Fixture,Achilles Tendon Injury,1208111,2024-10-26T14:00:00+00:00
41,Southampton,18873,R. Fraser,Missing Fixture,Red Card,1208111,2024-10-26T14:00:00+00:00
41,Southampton,130421,W. Smallbone,Missing Fixture,Thigh Injury,1208111,2024-10-26T14:00:00+00:00
41,Southampton,45078,R. Stewart,Missing Fixture,Thigh Injury,1208111,2024-10-26T14:00:00+00:00
45,Everton,138822,A. Broja,Missing Fixture,Calf Injury,1208109,2024-10-26T16:30:00+00:00
45,Everton,330412,Chermiti,Missing Fixture,Ankle Injury,1208109,2024-10-26T16:30:00+00:00
45,Everton,895,J. Garner,Missing Fixture,Lower Back Injury,1208109,2024-10-26T16:30:00+00:00
45,Everton,284500,T. Iroegbunam,Missing Fixture,Ankle Injury,1208109,2024-10-26T16:30:00+00:00
36,Fulham,2729,J. Andersen,Missing Fixture,Red Card,1208109,2024-10-26T16:30:00+00:00
36,Fulham,2920,T. Castagne,Missing Fixture,Thigh Injury,1208109,2024-10-26T16:30:00+00:00
36,Fulham,2823,S. Lukic,Missing Fixture,Shoulder Injury,1208109,2024-10-26T16:30:00+00:00
36,Fulham,104,Carlos Vinicius,Questionable,Calf Injury,1208109,2024-10-26T16:30:00+00:00
52,Crystal Palace,1440,R. Holding,Missing Fixture,Lacking Match Fitness,1208108,2024-10-27T14:00:00+00:00
52,Crystal Palace,311157,Matheus Franca,Missing Fixture,Muscle Injury,1208108,2024-10-27T14:00:00+00:00
52,Crystal Palace,278898,C. Riad,Missing Fixture,Knee Injury,1208108,2024-10-27T14:00:00+00:00
52,Crystal Palace,126949,C. Richards,Missing Fixture,Thigh Injury,1208108,2024-10-27T14:00:00+00:00
52,Crystal Palace,3339,C. Doucoure,Questionable,Ankle Injury,1208108,2024-10-27T14:00:00+00:00
47,Tottenham,186,Son Heung-Min,Questionable,Injury,1208108,2024-10-27T14:00:00+00:00
47,Tottenham,19235,D. Spence,Questionable,Groin Injury,1208108,2024-10-27T14:00:00+00:00
49,Chelsea,329347,O. Kellyman,Missing Fixture,Muscle Injury,1208107,2024-10-27T14:00:00+00:00
34,Newcastle,38734,S. Botman,Missing Fixture,Knee Injury,1208107,2024-10-27T14:00:00+00:00
34,Newcastle,18894,J. Lascelles,Missing Fixture,Knee Injury,1208107,2024-10-27T14:00:00+00:00
34,Newcastle,169,K. Trippier,Missing Fixture,Muscle Injury,1208107,2024-10-27T14:00:00+00:00
34,Newcastle,2939,C. Wilson,Missing Fixture,Back Injury,1208107,2024-10-27T14:00:00+00:00
34,Newcastle,18886,M. Dubravka,Questionable,Knee Injury,1208107,2024-10-27T14:00:00+00:00
48,West Ham,25391,N. Fullkrug,Missing Fixture,Achilles Tendon Injury,1208112,2024-10-27T14:00:00+00:00
48,West Ham,15911,M. Kudus,Missing Fixture,Red Card,1208112,2024-10-27T14:00:00+00:00
33,Manchester United,9971,Antony,Missing Fixture,Ankle Injury,1208112,2024-10-27T14:00:00+00:00
33,Manchester United,2935,H. Maguire,Missing Fixture,Muscle Injury,1208112,2024-10-27T14:00:00+00:00
33,Manchester United,284322,K. Mainoo,Missing Fixture,Muscle Injury,1208112,2024-10-27T14:00:00+00:00
33,Manchester United,342970,L. Yoro,Missing Fixture,Ankle Injury,1208112,2024-10-27T14:00:00+00:00
33,Manchester United,37145,T. Malacia,Questionable,Knee Injury,1208112,2024-10-27T14:00:00+00:00
33,Manchester United,19220,M. Mount,Questionable,Head Injury,1208112,2024-10-27T14:00:00+00:00
33,Manchester United,891,L. Shaw,Questionable,Health problems,1208112,2024-10-27T14:00:00+00:00
42,Arsenal,157052,R. Calafiori,Missing Fixture,Knee Injury,1208103,2024-10-27T16:30:00+00:00
42,Arsenal,37127,M. Odegaard,Missing Fixture,Ankle Injury,1208103,2024-10-27T16:30:00+00:00
42,Arsenal,22090,W. Saliba,Missing Fixture,Red Card,1208103,2024-10-27T16:30:00+00:00
42,Arsenal,1117,K. Tierney,Missing Fixture,Muscle Injury,1208103,2024-10-27T16:30:00+00:00
42,Arsenal,2597,T. Tomiyasu,Missing Fixture,Knee Injury,1208103,2024-10-27T16:30:00+00:00
40,Liverpool,280,Alisson,Missing Fixture,Hamstring Injury,1208103,2024-10-27T16:30:00+00:00
40,Liverpool,2678,Diogo Jota,Missing Fixture,Muscle Injury,1208103,2024-10-27T16:30:00+00:00
40,Liverpool,19035,H. Elliott,Missing Fixture,Broken ankle,1208103,2024-10-27T16:30:00+00:00
40,Liverpool,180317,C. Bradley,Questionable,Injury,1208103,2024-10-27T16:30:00+00:00
40,Liverpool,30410,F. Chiesa,Questionable,Injury,1208103,2024-10-27T16:30:00+00:00
34,Newcastle,38734,S. Botman,Missing Fixture,Knee Injury,1208118,2024-11-02T12:30:00+00:00
34,Newcastle,18894,J. Lascelles,Missing Fixture,Knee Injury,1208118,2024-11-02T12:30:00+00:00
34,Newcastle,169,K. Trippier,Missing Fixture,Muscle Injury,1208118,2024-11-02T12:30:00+00:00
34,Newcastle,2939,C. Wilson,Missing Fixture,Back Injury,1208118,2024-11-02T12:30:00+00:00
34,Newcastle,19163,J. Murphy,Questionable,Thigh Injury,1208118,2024-11-02T12:30:00+00:00
42,Arsenal,157052,R. Calafiori,Missing Fixture,Knee Injury,1208118,2024-11-02T12:30:00+00:00
42,Arsenal,1117,K. Tierney,Missing Fixture,Muscle Injury,1208118,2024-11-02T12:30:00+00:00
42,Arsenal,2597,T. Tomiyasu,Missing Fixture,Knee Injury,1208118,2024-11-02T12:30:00+00:00
42,Arsenal,37127,M. Odegaard,Questionable,Ankle Injury,1208118,2024-11-02T12:30:00+00:00
35,Bournemouth,2273,K. Arrizabalaga,Missing Fixture,Groin Injury,1208113,2024-11-02T15:00:00+00:00
35,Bournemouth,304853,A. Scott,Missing Fixture,Knee Injury,1208113,2024-11-02T15:00:00+00:00
35,Bournemouth,37161,L. Sinisterra,Missing Fixture,Injury,1208113,2024-11-02T15:00:00+00:00
35,Bournemouth,284797,D. Ouattara,Questionable,Injury,1208113,2024-11-02T15:00:00+00:00
50,Manchester City,278133,O. Bobb,Missing Fixture,Leg Injury,1208113,2024-11-02T15:00:00+00:00
50,Manchester City,19187,J. Grealish,Missing Fixture,Injury,1208113,2024-11-02T15:00:00+00:00
50,Manchester City,44,Rodri,Missing Fixture,Knee Injury,1208113,2024-11-02T15:00:00+00:00
57,Ipswich,138836,H. Clarke,Missing Fixture,Red Card,1208115,2024-11-02T15:00:00+00:00
57,Ipswich,20167,J. Donacien,Missing Fixture,Groin Injury,1208115,2024-11-02T15:00:00+00:00
57,Ipswich,127579,J. Greaves,Missing Fixture,Thigh Injury,1208115,2024-11-02T15:00:00+00:00
57,Ipswich,19365,C. Ogbene,Missing Fixture,Calf Injury,1208115,2024-11-02T15:00:00+00:00
57,Ipswich,18397,J. Taylor,Missing Fixture,Injury,1208115,2024-11-02T15:00:00+00:00
57,Ipswich,19182,A. Tuanzebe,Missing Fixture,Finger Injury,1208115,2024-11-02T15:00:00+00:00
46,Leicester,1098,P. Daka,Missing Fixture,Ankle Injury,1208115,2024-11-02T15:00:00+00:00
46,Leicester,405905,N. Opoku,Missing Fixture,Broken Leg,1208115,2024-11-02T15:00:00+00:00
46,Leicester,152970,J. Stolarczyk,Missing Fixture,Ankle Injury,1208115,2024-11-02T15:00:00+00:00
46,Leicester,18779,H. Choudhury,Questionable,Shoulder Injury,1208115,2024-11-02T15:00:00+00:00
40,Liverpool,280,Alisson,Missing Fixture,Hamstring Injury,1208116,2024-11-02T15:00:00+00:00
40,Liverpool,30410,F. Chiesa,Missing Fixture,Muscle Injury,1208116,2024-11-02T15:00:00+00:00
40,Liverpool,2678,Diogo Jota,Missing Fixture,Chest Injury,1208116,2024-11-02T15:00:00+00:00
40,Liverpool,19035,H. Elliott,Missing Fixture,Broken ankle,1208116,2024-11-02T15:00:00+00:00
51,Brighton,18973,S. March,Missing Fixture,Knee Injury,1208116,2024-11-02T15:00:00+00:00
51,Brighton,296,J. Milner,Missing Fixture,Thigh Injury,1208116,2024-11-02T15:00:00+00:00
51,Brighton,19265,A. Webster,Missing Fixture,Muscle Injury,1208116,2024-11-02T15:00:00+00:00
51,Brighton,18963,L. Dunk,Questionable,Calf Injury,1208116,2024-11-02T15:00:00+00:00
51,Brighton,10329,Joao Pedro,Questionable,Injury,1208116,2024-11-02T15:00:00+00:00
51,Brighton,383685,Y. Minteh,Questionable,Muscle Injury,1208116,2024-11-02T15:00:00+00:00
51,Brighton,19030,M. O'Riley,Questionable,Ankle Injury,1208116,2024-11-02T15:00:00+00:00
65,Nottingham Forest,275170,Danilo,Missing Fixture,Ankle Injury,1208119,2024-11-02T15:00:00+00:00
65,Nottingham Forest,22149,I. Sangare,Missing Fixture,Lacking Match Fitness,1208119,2024-11-02T15:00:00+00:00
65,Nottingham Forest,2938,J. Ward-Prowse,Missing Fixture,Loan agreement,1208119,2024-11-02T15:00:00+00:00
48,West Ham,25391,N. Fullkrug,Missing Fixture,Achilles Tendon Injury,1208119,2024-11-02T15:00:00+00:00
48,West Ham,15911,M. Kudus,Missing Fixture,Red Card,1208119,2024-11-02T15:00:00+00:00
48,West Ham,1243,T. Soucek,Missing Fixture,Illness,1208119,2024-11-02T15:00:00+00:00
41,Southampton,105971,G. Bazunu,Missing Fixture,Achilles Tendon Injury,1208120,2024-11-02T15:00:00+00:00
41,Southampton,130421,W. Smallbone,Missing Fixture,Thigh Injury,1208120,2024-11-02T15:00:00+00:00
41,Southampton,45078,R. Stewart,Missing Fixture,Thigh Injury,1208120,2024-11-02T15:00:00+00:00
41,Southampton,18873,R. Fraser,Questionable,Injury,1208120,2024-11-02T15:00:00+00:00
45,Everton,138822,A. Broja,Missing Fixture,Calf Injury,1208120,2024-11-02T15:00:00+00:00
45,Everton,330412,Chermiti,Missing Fixture,Ankle Injury,1208120,2024-11-02T15:00:00+00:00
45,Everton,895,J. Garner,Missing Fixture,Lower Back Injury,1208120,2024-11-02T15:00:00+00:00
45,Everton,284500,T. Iroegbunam,Missing Fixture,Ankle Injury,1208120,2024-11-02T15:00:00+00:00
39,Wolves,380653,L. Chiwome,Missing Fixture,Ankle Injury,1208122,2024-11-02T17:30:00+00:00
39,Wolves,385726,E. Gonzalez,Missing Fixture,Knee Injury,1208122,2024-11-02T17:30:00+00:00
39,Wolves,24888,Hwang Hee-Chan,Missing Fixture,Ankle Injury,1208122,2024-11-02T17:30:00+00:00
39,Wolves,7722,S. Kalajdzic,Missing Fixture,Knee Injury,1208122,2024-11-02T17:30:00+00:00
39,Wolves,195717,Y. Mosquera,Missing Fixture,Knee Injury,1208122,2024-11-02T17:30:00+00:00
39,Wolves,157912,B. Traore,Missing Fixture,Knee Injury,1208122,2024-11-02T17:30:00+00:00
39,Wolves,388777,B. Meupiyou,Questionable,Injury,1208122,2024-11-02T17:30:00+00:00
52,Crystal Palace,19586,E. Eze,Missing Fixture,Thigh Injury,1208122,2024-11-02T17:30:00+00:00
52,Crystal Palace,1440,R. Holding,Missing Fixture,Lacking Match Fitness,1208122,2024-11-02T17:30:00+00:00
52,Crystal Palace,2490,J. Lerma,Missing Fixture,Thigh Injury,1208122,2024-11-02T17:30:00+00:00
52,Crystal Palace,311157,Matheus Franca,Missing Fixture,Muscle Injury,1208122,2024-11-02T17:30:00+00:00
52,Crystal Palace,278898,C. Riad,Missing Fixture,Knee Injury,1208122,2024-11-02T17:30:00+00:00
52,Crystal Palace,126949,C. Richards,Missing Fixture,Thigh Injury,1208122,2024-11-02T17:30:00+00:00
52,Crystal Palace,18847,J. Ward,Missing Fixture,Injury,1208122,2024-11-02T17:30:00+00:00
52,Crystal Palace,288102,A. Wharton,Missing Fixture,Groin Injury,1208122,2024-11-02T17:30:00+00:00
47,Tottenham,336564,W. Odobert,Missing Fixture,Thigh Injury,1208121,2024-11-03T14:00:00+00:00
47,Tottenham,152849,M. van de Ven,Missing Fixture,Thigh Injury,1208121,2024-11-03T14:00:00+00:00
47,Tottenham,19235,D. Spence,Questionable,Groin Injury,1208121,2024-11-03T14:00:00+00:00
66,Aston Villa,2287,R. Barkley,Missing Fixture,Injury,1208121,2024-11-03T14:00:00+00:00
33,Manchester United,9971,Antony,Missing Fixture,Ankle Injury,1208117,2024-11-03T16:30:00+00:00
33,Manchester United,2935,H. Maguire,Missing Fixture,Muscle Injury,1208117,2024-11-03T16:30:00+00:00
33,Manchester United,284322,K. Mainoo,Missing Fixture,Muscle Injury,1208117,2024-11-03T16:30:00+00:00
33,Manchester United,891,L. Shaw,Missing Fixture,Health problems,1208117,2024-11-03T16:30:00+00:00
33,Manchester United,342970,L. Yoro,Missing Fixture,Ankle Injury,1208117,2024-11-03T16:30:00+00:00
33,Manchester United,37145,T. Malacia,Questionable,Knee Injury,1208117,2024-11-03T16:30:00+00:00
33,Manchester United,19220,M. Mount,Questionable,Head Injury,1208117,2024-11-03T16:30:00+00:00
49,Chelsea,329347,O. Kellyman,Missing Fixture,Muscle Injury,1208117,2024-11-03T16:30:00+00:00
49,Chelsea,18,J. Sancho,Missing Fixture,Illness,1208117,2024-11-03T16:30:00+00:00
36,Fulham,2823,S. Lukic,Missing Fixture,Shoulder Injury,1208114,2024-11-04T20:00:00+00:00
36,Fulham,104,Carlos Vinicius,Questionable,Calf Injury,1208114,2024-11-04T20:00:00+00:00
55,Brentford,19362,J. Dasilva,Missing Fixture,Knee Injury,1208114,2024-11-04T20:00:00+00:00
55,Brentford,427736,Gustavo Nunes,Missing Fixture,Back Injury,1208114,2024-11-04T20:00:00+00:00
55,Brentford,19346,R. Henry,Missing Fixture,Knee Injury,1208114,2024-11-04T20:00:00+00:00
55,Brentford,44871,A. Hickey,Missing Fixture,Thigh Injury,1208114,2024-11-04T20:00:00+00:00
55,Brentford,196156,I. Thiago,Missing Fixture,Knee Injury,1208114,2024-11-04T20:00:00+00:00
55,Brentford,1119,K. Ajer,Missing Fixture,Foot Injury,1208123,2024-11-09T15:00:00+00:00
55,Brentford,19362,J. Dasilva,Missing Fixture,Knee Injury,1208123,2024-11-09T15:00:00+00:00
55,Brentford,19346,R. Henry,Missing Fixture,Knee Injury,1208123,2024-11-09T15:00:00+00:00
55,Brentford,44871,A. Hickey,Missing Fixture,Thigh Injury,1208123,2024-11-09T15:00:00+00:00
55,Brentford,196156,I. Thiago,Missing Fixture,Knee Injury,1208123,2024-11-09T15:00:00+00:00
35,Bournemouth,284797,D. Ouattara,Missing Fixture,Injury,1208123,2024-11-09T15:00:00+00:00
35,Bournemouth,304853,A. Scott,Missing Fixture,Knee Injury,1208123,2024-11-09T15:00:00+00:00
35,Bournemouth,37161,L. Sinisterra,Missing Fixture,Injury,1208123,2024-11-09T15:00:00+00:00
52,Crystal Palace,19586,E. Eze,Missing Fixture,Thigh Injury,1208126,2024-11-09T15:00:00+00:00
52,Crystal Palace,1440,R. Holding,Missing Fixture,Lacking Match Fitness,1208126,2024-11-09T15:00:00+00:00
52,Crystal Palace,18806,W. Hughes,Missing Fixture,Yellow Cards,1208126,2024-11-09T15:00:00+00:00
52,Crystal Palace,2490,J. Lerma,Missing Fixture,Thigh Injury,1208126,2024-11-09T15:00:00+00:00
52,Crystal Palace,311157,Matheus Franca,Missing Fixture,Muscle Injury,1208126,2024-11-09T15:00:00+00:00
52,Crystal Palace,1468,E. Nketiah,Missing Fixture,Thigh Injury,1208126,2024-11-09T15:00:00+00:00
52,Crystal Palace,278898,C. Riad,Missing Fixture,Knee Injury,1208126,2024-11-09T15:00:00+00:00
52,Crystal Palace,288102,A. Wharton,Missing Fixture,Groin Injury,1208126,2024-11-09T15:00:00+00:00
36,Fulham,2823,S. Lukic,Missing Fixture,Shoulder Injury,1208126,2024-11-09T15:00:00+00:00
48,West Ham,2869,E. Alvarez,Missing Fixture,Red Card,1208131,2024-11-09T15:00:00+00:00
48,West Ham,25391,N. Fullkrug,Missing Fixture,Achilles Tendon Injury,1208131,2024-11-09T15:00:00+00:00
48,West Ham,15911,M. Kudus,Missing Fixture,Red Card,1208131,2024-11-09T15:00:00+00:00
45,Everton,138822,A. Broja,Missing Fixture,Calf Injury,1208131,2024-11-09T15:00:00+00:00
45,Everton,330412,Chermiti,Missing Fixture,Ankle Injury,1208131,2024-11-09T15:00:00+00:00
45,Everton,895,J. Garner,Missing Fixture,Lower Back Injury,1208131,2024-11-09T15:00:00+00:00
45,Everton,284500,T. Iroegbunam,Missing Fixture,Ankle Injury,1208131,2024-11-09T15:00:00+00:00
45,Everton,18758,S. Coleman,Questionable,Thigh Injury,1208131,2024-11-09T15:00:00+00:00
45,Everton,18929,D. McNeil,Questionable,Knee Injury,1208131,2024-11-09T15:00:00+00:00
39,Wolves,380653,L. Chiwome,Missing Fixture,Ankle Injury,1208132,2024-11-09T15:00:00+00:00
39,Wolves,385726,E. Gonzalez,Missing Fixture,Knee Injury,1208132,2024-11-09T15:00:00+00:00
39,Wolves,7722,S. Kalajdzic,Missing Fixture,Knee Injury,1208132,2024-11-09T15:00:00+00:00
39,Wolves,195717,Y. Mosquera,Missing Fixture,Knee Injury,1208132,2024-11-09T15:00:00+00:00
39,Wolves,157912,B. Traore,Missing Fixture,Knee Injury,1208132,2024-11-09T15:00:00+00:00
39,Wolves,388777,B. Meupiyou,Questionable,Injury,1208132,2024-11-09T15:00:00+00:00
41,Southampton,105971,G. Bazunu,Missing Fixture,Achilles Tendon Injury,1208132,2024-11-09T15:00:00+00:00
41,Southampton,130421,W. Smallbone,Missing Fixture,Thigh Injury,1208132,2024-11-09T15:00:00+00:00
41,Southampton,45078,R. Stewart,Missing Fixture,Thigh Injury,1208132,2024-11-09T15:00:00+00:00
41,Southampton,18873,R. Fraser,Questionable,Injury,1208132,2024-11-09T15:00:00+00:00
51,Brighton,18973,S. March,Missing Fixture,Knee Injury,1208124,2024-11-09T17:30:00+00:00
51,Brighton,296,J. Milner,Missing Fixture,Thigh Injury,1208124,2024-11-09T17:30:00+00:00
51,Brighton,19265,A. Webster,Missing Fixture,Muscle Injury,1208124,2024-11-09T17:30:00+00:00
51,Brighton,18963,L. Dunk,Questionable,Calf Injury,1208124,2024-11-09T17:30:00+00:00
51,Brighton,383685,Y. Minteh,Questionable,Muscle Injury,1208124,2024-11-09T17:30:00+00:00
50,Manchester City,278133,O. Bobb,Missing Fixture,Leg Injury,1208124,2024-11-09T17:30:00+00:00
50,Manchester City,567,R. Dias,Missing Fixture,Injury,1208124,2024-11-09T17:30:00+00:00
50,Manchester City,19187,J. Grealish,Missing Fixture,Injury,1208124,2024-11-09T17:30:00+00:00
50,Manchester City,44,Rodri,Missing Fixture,Knee Injury,1208124,2024-11-09T17:30:00+00:00
50,Manchester City,626,J. Stones,Missing Fixture,Ankle Injury,1208124,2024-11-09T17:30:00+00:00
40,Liverpool,280,Alisson,Missing Fixture,Hamstring Injury,1208127,2024-11-09T20:00:00+00:00
40,Liverpool,30410,F. Chiesa,Missing Fixture,Muscle Injury,1208127,2024-11-09T20:00:00+00:00
40,Liverpool,2678,Diogo Jota,Missing Fixture,Chest Injury,1208127,2024-11-09T20:00:00+00:00
40,Liverpool,19035,H. Elliott,Missing Fixture,Broken ankle,1208127,2024-11-09T20:00:00+00:00
66,Aston Villa,2287,R. Barkley,Missing Fixture,Muscle Injury,1208127,2024-11-09T20:00:00+00:00
66,Aston Villa,19298,M. Cash,Missing Fixture,Calf Injury,1208127,2024-11-09T20:00:00+00:00
33,Manchester United,2935,H. Maguire,Missing Fixture,Muscle Injury,1208128,2024-11-10T14:00:00+00:00
33,Manchester United,284322,K. Mainoo,Missing Fixture,Muscle Injury,1208128,2024-11-10T14:00:00+00:00
33,Manchester United,37145,T. Malacia,Missing Fixture,Knee Injury,1208128,2024-11-10T14:00:00+00:00
33,Manchester United,891,L. Shaw,Missing Fixture,Health problems,1208128,2024-11-10T14:00:00+00:00
33,Manchester United,342970,L. Yoro,Missing Fixture,Ankle Injury,1208128,2024-11-10T14:00:00+00:00
46,Leicester,405905,N. Opoku,Missing Fixture,Broken Leg,1208128,2024-11-10T14:00:00+00:00
46,Leicester,152970,J. Stolarczyk,Missing Fixture,Ankle Injury,1208128,2024-11-10T14:00:00+00:00
46,Leicester,1098,P. Daka,Questionable,Ankle Injury,1208128,2024-11-10T14:00:00+00:00
46,Leicester,19004,B. De Cordova-Reid,Questionable,Calf Injury,1208128,2024-11-10T14:00:00+00:00
65,Nottingham Forest,275170,Danilo,Missing Fixture,Ankle Injury,1208129,2024-11-10T14:00:00+00:00
65,Nottingham Forest,22149,I. Sangare,Missing Fixture,Lacking Match Fitness,1208129,2024-11-10T14:00:00+00:00
34,Newcastle,38734,S. Botman,Missing Fixture,Knee Injury,1208129,2024-11-10T14:00:00+00:00
34,Newcastle,18894,J. Lascelles,Missing Fixture,Knee Injury,1208129,2024-11-10T14:00:00+00:00
34,Newcastle,2939,C. Wilson,Missing Fixture,Back Injury,1208129,2024-11-10T14:00:00+00:00
47,Tottenham,380690,M. Moore,Missing Fixture,Illness,1208130,2024-11-10T14:00:00+00:00
47,Tottenham,336564,W. Odobert,Missing Fixture,Thigh Injury,1208130,2024-11-10T14:00:00+00:00
47,Tottenham,2413,Richarlison,Missing Fixture,Thigh Injury,1208130,2024-11-10T14:00:00+00:00
47,Tottenham,152849,M. van de Ven,Missing Fixture,Thigh Injury,1208130,2024-11-10T14:00:00+00:00
57,Ipswich,20167,J. Donacien,Missing Fixture,Groin Injury,1208130,2024-11-10T14:00:00+00:00
57,Ipswich,127579,J. Greaves,Missing Fixture,Thigh Injury,1208130,2024-11-10T14:00:00+00:00
57,Ipswich,19365,C. Ogbene,Missing Fixture,Calf Injury,1208130,2024-11-10T14:00:00+00:00
57,Ipswich,18397,J. Taylor,Missing Fixture,Injury,1208130,2024-11-10T14:00:00+00:00
49,Chelsea,329347,O. Kellyman,Missing Fixture,Muscle Injury,1208125,2024-11-10T16:30:00+00:00
49,Chelsea,18,J. Sancho,Questionable,Illness,1208125,2024-11-10T16:30:00+00:00
42,Arsenal,157052,R. Calafiori,Missing Fixture,Knee Injury,1208125,2024-11-10T16:30:00+00:00
42,Arsenal,645,R. Sterling,Missing Fixture,Loan agreement,1208125,2024-11-10T16:30:00+00:00
42,Arsenal,1117,K. Tierney,Missing Fixture,Muscle Injury,1208125,2024-11-10T16:30:00+00:00
42,Arsenal,2597,T. Tomiyasu,Missing Fixture,Knee Injury,1208125,2024-11-10T16:30:00+00:00
46,Leicester,311334,F. Buonanotte,Missing Fixture,Yellow Cards,1208139,2024-11-23T12:30:00+00:00
46,Leicester,303467,I. Fatawu,Missing Fixture,Knee Injury,1208139,2024-11-23T12:30:00+00:00
46,Leicester,405905,N. Opoku,Missing Fixture,Broken Leg,1208139,2024-11-23T12:30:00+00:00
46,Leicester,18771,R. Pereira,Missing Fixture,Thigh Injury,1208139,2024-11-23T12:30:00+00:00
46,Leicester,152970,J. Stolarczyk,Missing Fixture,Ankle Injury,1208139,2024-11-23T12:30:00+00:00
49,Chelsea,19545,R. James,Missing Fixture,Thigh Injury,1208139,2024-11-23T12:30:00+00:00
49,Chelsea,329347,O. Kellyman,Missing Fixture,Muscle Injury,1208139,2024-11-23T12:30:00+00:00
42,Arsenal,1117,K. Tierney,Missing Fixture,Muscle Injury,1208134,2024-11-23T15:00:00+00:00
42,Arsenal,2597,T. Tomiyasu,Missing Fixture,Knee Injury,1208134,2024-11-23T15:00:00+00:00
42,Arsenal,19959,B. White,Missing Fixture,Knee Injury,1208134,2024-11-23T15:00:00+00:00
65,Nottingham Forest,275170,Danilo,Missing Fixture,Ankle Injury,1208134,2024-11-23T15:00:00+00:00
65,Nottingham Forest,22149,I. Sangare,Missing Fixture,Foot Injury,1208134,2024-11-23T15:00:00+00:00
65,Nottingham Forest,138908,E. Anderson,Questionable,Ankle Injury,1208134,2024-11-23T15:00:00+00:00
66,Aston Villa,1904,B. Kamara,Missing Fixture,Muscle Injury,1208135,2024-11-23T15:00:00+00:00
66,Aston Villa,19354,E. Konsa,Missing Fixture,Hip Injury,1208135,2024-11-23T15:00:00+00:00
66,Aston Villa,162714,A. Onana,Missing Fixture,Foot Injury,1208135,2024-11-23T15:00:00+00:00
66,Aston Villa,19192,J. Ramsey,Missing Fixture,Hamstring Injury,1208135,2024-11-23T15:00:00+00:00
52,Crystal Palace,1440,R. Holding,Missing Fixture,Lacking Match Fitness,1208135,2024-11-23T15:00:00+00:00
52,Crystal Palace,2601,D. Kamada,Missing Fixture,Red Card,1208135,2024-11-23T15:00:00+00:00
52,Crystal Palace,311157,Matheus Franca,Missing Fixture,Muscle Injury,1208135,2024-11-23T15:00:00+00:00
52,Crystal Palace,1468,E. Nketiah,Missing Fixture,Thigh Injury,1208135,2024-11-23T15:00:00+00:00
52,Crystal Palace,278898,C. Riad,Missing Fixture,Knee Injury,1208135,2024-11-23T15:00:00+00:00
52,Crystal Palace,288102,A. Wharton,Missing Fixture,Groin Injury,1208135,2024-11-23T15:00:00+00:00
52,Crystal Palace,19586,E. Eze,Questionable,Thigh Injury,1208135,2024-11-23T15:00:00+00:00
35,Bournemouth,51051,J. Araujo,Missing Fixture,Thigh Injury,1208133,2024-11-23T15:00:00+00:00
35,Bournemouth,1125,R. Christie,Missing Fixture,Yellow Cards,1208133,2024-11-23T15:00:00+00:00
35,Bournemouth,304853,A. Scott,Missing Fixture,Knee Injury,1208133,2024-11-23T15:00:00+00:00
35,Bournemouth,37161,L. Sinisterra,Missing Fixture,Injury,1208133,2024-11-23T15:00:00+00:00
51,Brighton,18973,S. March,Missing Fixture,Knee Injury,1208133,2024-11-23T15:00:00+00:00
51,Brighton,296,J. Milner,Missing Fixture,Thigh Injury,1208133,2024-11-23T15:00:00+00:00
51,Brighton,18963,L. Dunk,Questionable,Calf Injury,1208133,2024-11-23T15:00:00+00:00
51,Brighton,305730,J. Hinshelwood,Questionable,Knee Injury,1208133,2024-11-23T15:00:00+00:00
51,Brighton,1361,F. Kadioglu,Questionable,Toe Injury,1208133,2024-11-23T15:00:00+00:00
51,Brighton,138815,T. Lamptey,Questionable,Calf Injury,1208133,2024-11-23T15:00:00+00:00
51,Brighton,19265,A. Webster,Questionable,Muscle Injury,1208133,2024-11-23T15:00:00+00:00
45,Everton,138822,A. Broja,Missing Fixture,Calf Injury,1208136,2024-11-23T15:00:00+00:00
45,Everton,330412,Chermiti,Missing Fixture,Ankle Injury,1208136,2024-11-23T15:00:00+00:00
45,Everton,18758,S. Coleman,Missing Fixture,Thigh Injury,1208136,2024-11-23T15:00:00+00:00
45,Everton,895,J. Garner,Missing Fixture,Lower Back Injury,1208136,2024-11-23T15:00:00+00:00
45,Everton,284500,T. Iroegbunam,Missing Fixture,Ankle Injury,1208136,2024-11-23T15:00:00+00:00
55,Brentford,1119,K. Ajer,Missing Fixture,Foot Injury,1208136,2024-11-23T15:00:00+00:00
55,Brentford,19362,J. Dasilva,Missing Fixture,Knee Injury,1208136,2024-11-23T15:00:00+00:00
55,Brentford,19346,R. Henry,Missing Fixture,Knee Injury,1208136,2024-11-23T15:00:00+00:00
55,Brentford,44871,A. Hickey,Missing Fixture,Thigh Injury,1208136,2024-11-23T15:00:00+00:00
36,Fulham,19480,H. Reed,Missing Fixture,Knee Injury,1208137,2024-11-23T15:00:00+00:00
39,Wolves,380653,L. Chiwome,Missing Fixture,Ankle Injury,1208137,2024-11-23T15:00:00+00:00
39,Wolves,385726,E. Gonzalez,Missing Fixture,Knee Injury,1208137,2024-11-23T15:00:00+00:00
39,Wolves,7722,S. Kalajdzic,Missing Fixture,Knee Injury,1208137,2024-11-23T15:00:00+00:00
39,Wolves,388777,B. Meupiyou,Missing Fixture,Injury,1208137,2024-11-23T15:00:00+00:00
39,Wolves,195717,Y. Mosquera,Missing Fixture,Knee Injury,1208137,2024-11-23T15:00:00+00:00
39,Wolves,157912,B. Traore,Missing Fixture,Knee Injury,1208137,2024-11-23T15:00:00+00:00
39,Wolves,449245,Pedro Lima,Questionable,Ankle Injury,1208137,2024-11-23T15:00:00+00:00
50,Manchester City,278133,O. Bobb,Missing Fixture,Leg Injury,1208140,2024-11-23T17:30:00+00:00
50,Manchester City,567,R. Dias,Missing Fixture,Injury,1208140,2024-11-23T17:30:00+00:00
50,Manchester City,2291,M. Kovacic,Missing Fixture,Injury,1208140,2024-11-23T17:30:00+00:00
50,Manchester City,44,Rodri,Missing Fixture,Knee Injury,1208140,2024-11-23T17:30:00+00:00
50,Manchester City,1422,J. Doku,Questionable,Muscle Injury,1208140,2024-11-23T17:30:00+00:00
47,Tottenham,863,R. Bentancur,Missing Fixture,Suspended,1208140,2024-11-23T17:30:00+00:00
47,Tottenham,380690,M. Moore,Missing Fixture,Illness,1208140,2024-11-23T17:30:00+00:00
47,Tottenham,336564,W. Odobert,Missing Fixture,Thigh Injury,1208140,2024-11-23T17:30:00+00:00
47,Tottenham,2413,Richarlison,Missing Fixture,Thigh Injury,1208140,2024-11-23T17:30:00+00:00
47,Tottenham,30776,C. Romero,Missing Fixture,Ankle Injury,1208140,2024-11-23T17:30:00+00:00
47,Tottenham,152849,M. van de Ven,Missing Fixture,Thigh Injury,1208140,2024-11-23T17:30:00+00:00
41,Southampton,105971,G. Bazunu,Missing Fixture,Achilles Tendon Injury,1208142,2024-11-24T14:00:00+00:00
41,Southampton,2999,J. Bednarek,Missing Fixture,Knee Injury,1208142,2024-11-24T14:00:00+00:00
41,Southampton,20355,A. Ramsdale,Missing Fixture,Finger Injury,1208142,2024-11-24T14:00:00+00:00
41,Southampton,130421,W. Smallbone,Missing Fixture,Thigh Injury,1208142,2024-11-24T14:00:00+00:00
41,Southampton,45078,R. Stewart,Missing Fixture,Thigh Injury,1208142,2024-11-24T14:00:00+00:00
40,Liverpool,283,T. Alexander-Arnold,Missing Fixture,Thigh Injury,1208142,2024-11-24T14:00:00+00:00
40,Liverpool,280,Alisson,Missing Fixture,Hamstring Injury,1208142,2024-11-24T14:00:00+00:00
40,Liverpool,30410,F. Chiesa,Missing Fixture,Muscle Injury,1208142,2024-11-24T14:00:00+00:00
40,Liverpool,2678,Diogo Jota,Missing Fixture,Chest Injury,1208142,2024-11-24T14:00:00+00:00
57,Ipswich,20167,J. Donacien,Missing Fixture,Groin Injury,1208138,2024-11-24T16:30:00+00:00
57,Ipswich,8794,G. Hirst,Missing Fixture,Knee Injury,1208138,2024-11-24T16:30:00+00:00
57,Ipswich,19365,C. Ogbene,Missing Fixture,Calf Injury,1208138,2024-11-24T16:30:00+00:00
57,Ipswich,126791,N. Broadhead,Questionable,Groin Injury,1208138,2024-11-24T16:30:00+00:00
57,Ipswich,127579,J. Greaves,Questionable,Thigh Injury,1208138,2024-11-24T16:30:00+00:00
57,Ipswich,19130,K. Phillips,Questionable,Injury,1208138,2024-11-24T16:30:00+00:00
33,Manchester United,889,V. Lindelof,Missing Fixture,Muscle Injury,1208138,2024-11-24T16:30:00+00:00
33,Manchester United,2935,H. Maguire,Missing Fixture,Muscle Injury,1208138,2024-11-24T16:30:00+00:00
33,Manchester United,342970,L. Yoro,Missing Fixture,Ankle Injury,1208138,2024-11-24T16:30:00+00:00
33,Manchester United,2467,L. Martinez,Questionable,Back Injury,1208138,2024-11-24T16:30:00+00:00
34,Newcastle,38734,S. Botman,Missing Fixture,Knee Injury,1208141,2024-11-25T20:00:00+00:00
34,Newcastle,18961,D. Burn,Missing Fixture,Yellow Cards,1208141,2024-11-25T20:00:00+00:00
34,Newcastle,2855,E. Krafth,Missing Fixture,Shoulder Injury,1208141,2024-11-25T20:00:00+00:00
34,Newcastle,18894,J. Lascelles,Missing Fixture,Knee Injury,1208141,2024-11-25T20:00:00+00:00
48,West Ham,25391,N. Fullkrug,Missing Fixture,Achilles Tendon Injury,1208141,2024-11-25T20:00:00+00:00
48,West Ham,15911,M. Kudus,Missing Fixture,Red Card,1208141,2024-11-25T20:00:00+00:00
51,Brighton,356041,C. Baleba,Missing Fixture,Red Card,1208144,2024-11-29T20:00:00+00:00
51,Brighton,18973,S. March,Missing Fixture,Knee Injury,1208144,2024-11-29T20:00:00+00:00
51,Brighton,296,J. Milner,Missing Fixture,Thigh Injury,1208144,2024-11-29T20:00:00+00:00
51,Brighton,19265,A. Webster,Missing Fixture,Muscle Injury,1208144,2024-11-29T20:00:00+00:00
51,Brighton,305730,J. Hinshelwood,Questionable,Knee Injury,1208144,2024-11-29T20:00:00+00:00
51,Brighton,1361,F. Kadioglu,Questionable,Toe Injury,1208144,2024-11-29T20:00:00+00:00
41,Southampton,105971,G. Bazunu,Missing Fixture,Achilles Tendon Injury,1208144,2024-11-29T20:00:00+00:00
41,Southampton,2999,J. Bednarek,Missing Fixture,Knee Injury,1208144,2024-11-29T20:00:00+00:00
41,Southampton,295,A. Lallana,Missing Fixture,Thigh Injury,1208144,2024-11-29T20:00:00+00:00
41,Southampton,20355,A. Ramsdale,Missing Fixture,Finger Injury,1208144,2024-11-29T20:00:00+00:00
41,Southampton,130421,W. Smallbone,Missing Fixture,Thigh Injury,1208144,2024-11-29T20:00:00+00:00
41,Southampton,45078,R. Stewart,Missing Fixture,Thigh Injury,1208144,2024-11-29T20:00:00+00:00
41,Southampton,15812,P. Onuachu,Questionable,Injury,1208144,2024-11-29T20:00:00+00:00
55,Brentford,1119,K. Ajer,Missing Fixture,Foot Injury,1208143,2024-11-30T15:00:00+00:00
55,Brentford,19362,J. Dasilva,Missing Fixture,Knee Injury,1208143,2024-11-30T15:00:00+00:00
55,Brentford,19346,R. Henry,Missing Fixture,Knee Injury,1208143,2024-11-30T15:00:00+00:00
55,Brentford,44871,A. Hickey,Missing Fixture,Thigh Injury,1208143,2024-11-30T15:00:00+00:00
46,Leicester,303467,I. Fatawu,Missing Fixture,Knee Injury,1208143,2024-11-30T15:00:00+00:00
46,Leicester,405905,N. Opoku,Missing Fixture,Broken Leg,1208143,2024-11-30T15:00:00+00:00
46,Leicester,18771,R. Pereira,Missing Fixture,Thigh Injury,1208143,2024-11-30T15:00:00+00:00
46,Leicester,152970,J. Stolarczyk,Missing Fixture,Ankle Injury,1208143,2024-11-30T15:00:00+00:00
46,Leicester,182,H. Winks,Missing Fixture,Muscle Injury,1208143,2024-11-30T15:00:00+00:00
52,Crystal Palace,1440,R. Holding,Missing Fixture,Lacking Match Fitness,1208146,2024-11-30T15:00:00+00:00
52,Crystal Palace,2601,D. Kamada,Missing Fixture,Red Card,1208146,2024-11-30T15:00:00+00:00
52,Crystal Palace,311157,Matheus Franca,Missing Fixture,Muscle Injury,1208146,2024-11-30T15:00:00+00:00
52,Crystal Palace,278898,C. Riad,Missing Fixture,Knee Injury,1208146,2024-11-30T15:00:00+00:00
52,Crystal Palace,288102,A. Wharton,Missing Fixture,Groin Injury,1208146,2024-11-30T15:00:00+00:00
34,Newcastle,38734,S. Botman,Missing Fixture,Knee Injury,1208146,2024-11-30T15:00:00+00:00
34,Newcastle,2855,E. Krafth,Missing Fixture,Shoulder Injury,1208146,2024-11-30T15:00:00+00:00
34,Newcastle,18894,J. Lascelles,Missing Fixture,Knee Injury,1208146,2024-11-30T15:00:00+00:00
65,Nottingham Forest,275170,Danilo,Missing Fixture,Ankle Injury,1208149,2024-11-30T15:00:00+00:00
65,Nottingham Forest,22149,I. Sangare,Missing Fixture,Foot Injury,1208149,2024-11-30T15:00:00+00:00
57,Ipswich,20167,J. Donacien,Missing Fixture,Groin Injury,1208149,2024-11-30T15:00:00+00:00
57,Ipswich,8794,G. Hirst,Missing Fixture,Knee Injury,1208149,2024-11-30T15:00:00+00:00
57,Ipswich,19365,C. Ogbene,Missing Fixture,Calf Injury,1208149,2024-11-30T15:00:00+00:00
57,Ipswich,18823,B. Johnson,Questionable,Knock,1208149,2024-11-30T15:00:00+00:00
57,Ipswich,19130,K. Phillips,Questionable,Injury,1208149,2024-11-30T15:00:00+00:00
39,Wolves,380653,L. Chiwome,Missing Fixture,Ankle Injury,1208152,2024-11-30T15:00:00+00:00
39,Wolves,385726,E. Gonzalez,Missing Fixture,Knee Injury,1208152,2024-11-30T15:00:00+00:00
39,Wolves,7722,S. Kalajdzic,Missing Fixture,Knee Injury,1208152,2024-11-30T15:00:00+00:00
39,Wolves,195717,Y. Mosquera,Missing Fixture,Knee Injury,1208152,2024-11-30T15:00:00+00:00
39,Wolves,157912,B. Traore,Missing Fixture,Knee Injury,1208152,2024-11-30T15:00:00+00:00
39,Wolves,449245,Pedro Lima,Questionable,Ankle Injury,1208152,2024-11-30T15:00:00+00:00
35,Bournemouth,51051,J. Araujo,Missing Fixture,Thigh Injury,1208152,2024-11-30T15:00:00+00:00
35,Bournemouth,304853,A. Scott,Missing Fixture,Knee Injury,1208152,2024-11-30T15:00:00+00:00
35,Bournemouth,19281,A. Semenyo,Missing Fixture,Yellow Cards,1208152,2024-11-30T15:00:00+00:00
35,Bournemouth,37161,L. Sinisterra,Missing Fixture,Injury,1208152,2024-11-30T15:00:00+00:00
48,West Ham,25391,N. Fullkrug,Missing Fixture,Achilles Tendon Injury,1208151,2024-11-30T17:30:00+00:00
48,West Ham,15911,M. Kudus,Missing Fixture,Red Card,1208151,2024-11-30T17:30:00+00:00
42,Arsenal,2597,T. Tomiyasu,Missing Fixture,Knee Injury,1208151,2024-11-30T17:30:00+00:00
42,Arsenal,19959,B. White,Missing Fixture,Knee Injury,1208151,2024-11-30T17:30:00+00:00
49,Chelsea,19545,R. James,Missing Fixture,Thigh Injury,1208145,2024-12-01T13:30:00+00:00
49,Chelsea,329347,O. Kellyman,Missing Fixture,Muscle Injury,1208145,2024-12-01T13:30:00+00:00
66,Aston Villa,19192,J. Ramsey,Missing Fixture,Hamstring Injury,1208145,2024-12-01T13:30:00+00:00
66,Aston Villa,162714,A. Onana,Questionable,Foot Injury,1208145,2024-12-01T13:30:00+00:00
33,Manchester United,889,V. Lindelof,Missing Fixture,Muscle Injury,1208148,2024-12-01T13:30:00+00:00
33,Manchester United,342970,L. Yoro,Missing Fixture,Ankle Injury,1208148,2024-12-01T13:30:00+00:00
33,Manchester United,18772,J. Evans,Questionable,Knock,1208148,2024-12-01T13:30:00+00:00
45,Everton,895,J. Garner,Missing Fixture,Lower Back Injury,1208148,2024-12-01T13:30:00+00:00
45,Everton,284500,T. Iroegbunam,Missing Fixture,Ankle Injury,1208148,2024-12-01T13:30:00+00:00
45,Everton,138822,A. Broja,Questionable,Calf Injury,1208148,2024-12-01T13:30:00+00:00
45,Everton,330412,Chermiti,Questionable,Ankle Injury,1208148,2024-12-01T13:30:00+00:00
47,Tottenham,863,R. Bentancur,Missing Fixture,Suspended,1208150,2024-12-01T13:30:00+00:00
47,Tottenham,380690,M. Moore,Missing Fixture,Illness,1208150,2024-12-01T13:30:00+00:00
47,Tottenham,336564,W. Odobert,Missing Fixture,Thigh Injury,1208150,2024-12-01T13:30:00+00:00
47,Tottenham,2413,Richarlison,Missing Fixture,Thigh Injury,1208150,2024-12-01T13:30:00+00:00
47,Tottenham,31354,G. Vicario,Missing Fixture,Broken ankle,1208150,2024-12-01T13:30:00+00:00
47,Tottenham,152849,M. van de Ven,Missing Fixture,Thigh Injury,1208150,2024-12-01T13:30:00+00:00
47,Tottenham,30776,C. Romero,Questionable,Ankle Injury,1208150,2024-12-01T13:30:00+00:00
36,Fulham,2729,J. Andersen,Missing Fixture,Calf Injury,1208150,2024-12-01T13:30:00+00:00
36,Fulham,131,J. Cuenca,Missing Fixture,Knock,1208150,2024-12-01T13:30:00+00:00
36,Fulham,19480,H. Reed,Missing Fixture,Knee Injury,1208150,2024-12-01T13:30:00+00:00
40,Liverpool,280,Alisson,Missing Fixture,Hamstring Injury,1208147,2024-12-01T16:00:00+00:00
40,Liverpool,180317,C. Bradley,Missing Fixture,Muscle Injury,1208147,2024-12-01T16:00:00+00:00
40,Liverpool,30410,F. Chiesa,Missing Fixture,Muscle Injury,1208147,2024-12-01T16:00:00+00:00
40,Liverpool,2678,Diogo Jota,Missing Fixture,Chest Injury,1208147,2024-12-01T16:00:00+00:00
40,Liverpool,1145,I. Konate,Missing Fixture,Knee Injury,1208147,2024-12-01T16:00:00+00:00
40,Liverpool,1600,K. Tsimikas,Missing Fixture,Ankle Injury,1208147,2024-12-01T16:00:00+00:00
50,Manchester City,278133,O. Bobb,Missing Fixture,Leg Injury,1208147,2024-12-01T16:00:00+00:00
50,Manchester City,2291,M. Kovacic,Missing Fixture,Injury,1208147,2024-12-01T16:00:00+00:00
50,Manchester City,44,Rodri,Missing Fixture,Knee Injury,1208147,2024-12-01T16:00:00+00:00
50,Manchester City,626,J. Stones,Questionable,Health problems,1208147,2024-12-01T16:00:00+00:00
57,Ipswich,20167,J. Donacien,Missing Fixture,Ankle Injury,1208158,2024-12-03T19:30:00+00:00
57,Ipswich,8794,G. Hirst,Missing Fixture,Knee Injury,1208158,2024-12-03T19:30:00+00:00
57,Ipswich,19365,C. Ogbene,Missing Fixture,Calf Injury,1208158,2024-12-03T19:30:00+00:00
57,Ipswich,19182,A. Tuanzebe,Missing Fixture,Thigh Injury,1208158,2024-12-03T19:30:00+00:00
52,Crystal Palace,1440,R. Holding,Missing Fixture,Lacking Match Fitness,1208158,2024-12-03T19:30:00+00:00
52,Crystal Palace,2601,D. Kamada,Missing Fixture,Red Card,1208158,2024-12-03T19:30:00+00:00
52,Crystal Palace,311157,Matheus Franca,Missing Fixture,Muscle Injury,1208158,2024-12-03T19:30:00+00:00
52,Crystal Palace,278898,C. Riad,Missing Fixture,Knee Injury,1208158,2024-12-03T19:30:00+00:00
52,Crystal Palace,288102,A. Wharton,Missing Fixture,Groin Injury,1208158,2024-12-03T19:30:00+00:00
46,Leicester,303467,I. Fatawu,Missing Fixture,Knee Injury,1208159,2024-12-03T20:15:00+00:00
46,Leicester,405905,N. Opoku,Missing Fixture,Broken Leg,1208159,2024-12-03T20:15:00+00:00
46,Leicester,18771,R. Pereira,Missing Fixture,Thigh Injury,1208159,2024-12-03T20:15:00+00:00
46,Leicester,152970,J. Stolarczyk,Missing Fixture,Ankle Injury,1208159,2024-12-03T20:15:00+00:00
46,Leicester,182,H. Winks,Missing Fixture,Muscle Injury,1208159,2024-12-03T20:15:00+00:00
48,West Ham,138,J. Todibo,Questionable,Injury,1208159,2024-12-03T20:15:00+00:00
45,Everton,330412,Chermiti,Missing Fixture,Ankle Injury,1208156,2024-12-04T19:30:00+00:00
45,Everton,895,J. Garner,Missing Fixture,Lower Back Injury,1208156,2024-12-04T19:30:00+00:00
45,Everton,284500,T. Iroegbunam,Missing Fixture,Ankle Injury,1208156,2024-12-04T19:30:00+00:00
39,Wolves,380653,L. Chiwome,Missing Fixture,Ankle Injury,1208156,2024-12-04T19:30:00+00:00
39,Wolves,385726,E. Gonzalez,Missing Fixture,Knee Injury,1208156,2024-12-04T19:30:00+00:00
39,Wolves,7722,S. Kalajdzic,Missing Fixture,Knee Injury,1208156,2024-12-04T19:30:00+00:00
39,Wolves,195717,Y. Mosquera,Missing Fixture,Knee Injury,1208156,2024-12-04T19:30:00+00:00
39,Wolves,130,N. Semedo,Missing Fixture,Yellow Cards,1208156,2024-12-04T19:30:00+00:00
39,Wolves,157912,B. Traore,Missing Fixture,Knee Injury,1208156,2024-12-04T19:30:00+00:00
50,Manchester City,278133,O. Bobb,Missing Fixture,Leg Injury,1208160,2024-12-04T19:30:00+00:00
50,Manchester City,2291,M. Kovacic,Missing Fixture,Injury,1208160,2024-12-04T19:30:00+00:00
50,Manchester City,44,Rodri,Missing Fixture,Knee Injury,1208160,2024-12-04T19:30:00+00:00
50,Manchester City,626,J. Stones,Missing Fixture,Health problems,1208160,2024-12-04T19:30:00+00:00
65,Nottingham Forest,275170,Danilo,Missing Fixture,Ankle Injury,1208160,2024-12-04T19:30:00+00:00
65,Nottingham Forest,22149,I. Sangare,Missing Fixture,Foot Injury,1208160,2024-12-04T19:30:00+00:00
34,Newcastle,38734,S. Botman,Missing Fixture,Knee Injury,1208161,2024-12-04T19:30:00+00:00
34,Newcastle,2855,E. Krafth,Missing Fixture,Shoulder Injury,1208161,2024-12-04T19:30:00+00:00
34,Newcastle,18894,J. Lascelles,Missing Fixture,Knee Injury,1208161,2024-12-04T19:30:00+00:00
40,Liverpool,280,Alisson,Missing Fixture,Hamstring Injury,1208161,2024-12-04T19:30:00+00:00
40,Liverpool,180317,C. Bradley,Missing Fixture,Muscle Injury,1208161,2024-12-04T19:30:00+00:00
40,Liverpool,30410,F. Chiesa,Missing Fixture,Muscle Injury,1208161,2024-12-04T19:30:00+00:00
40,Liverpool,2678,Diogo Jota,Missing Fixture,Chest Injury,1208161,2024-12-04T19:30:00+00:00
40,Liverpool,1145,I. Konate,Missing Fixture,Knee Injury,1208161,2024-12-04T19:30:00+00:00
40,Liverpool,1600,K. Tsimikas,Missing Fixture,Ankle Injury,1208161,2024-12-04T19:30:00+00:00
41,Southampton,105971,G. Bazunu,Missing Fixture,Achilles Tendon Injury,1208162,2024-12-04T19:30:00+00:00
41,Southampton,304317,T. Dibling,Missing Fixture,Yellow Cards,1208162,2024-12-04T19:30:00+00:00
41,Southampton,19733,F. Downes,Missing Fixture,Yellow Cards,1208162,2024-12-04T19:30:00+00:00
41,Southampton,144729,T. Harwood-Bellis,Missing Fixture,Yellow Cards,1208162,2024-12-04T19:30:00+00:00
41,Southampton,295,A. Lallana,Missing Fixture,Thigh Injury,1208162,2024-12-04T19:30:00+00:00
41,Southampton,20355,A. Ramsdale,Missing Fixture,Finger Injury,1208162,2024-12-04T19:30:00+00:00
41,Southampton,130421,W. Smallbone,Missing Fixture,Thigh Injury,1208162,2024-12-04T19:30:00+00:00
41,Southampton,45078,R. Stewart,Missing Fixture,Thigh Injury,1208162,2024-12-04T19:30:00+00:00
41,Southampton,270508,L. Ugochukwu,Missing Fixture,Loan agreement,1208162,2024-12-04T19:30:00+00:00
41,Southampton,2999,J. Bednarek,Questionable,Knee Injury,1208162,2024-12-04T19:30:00+00:00
41,Southampton,15812,P. Onuachu,Questionable,Injury,1208162,2024-12-04T19:30:00+00:00
49,Chelsea,22094,W. Fofana,Missing Fixture,Muscle Injury,1208162,2024-12-04T19:30:00+00:00
49,Chelsea,19545,R. James,Missing Fixture,Thigh Injury,1208162,2024-12-04T19:30:00+00:00
49,Chelsea,329347,O. Kellyman,Missing Fixture,Muscle Injury,1208162,2024-12-04T19:30:00+00:00
42,Arsenal,157052,R. Calafiori,Missing Fixture,Injury,1208154,2024-12-04T20:15:00+00:00
42,Arsenal,2597,T. Tomiyasu,Missing Fixture,Knee Injury,1208154,2024-12-04T20:15:00+00:00
42,Arsenal,19959,B. White,Missing Fixture,Knee Injury,1208154,2024-12-04T20:15:00+00:00
42,Arsenal,22224,Gabriel,Questionable,Injury,1208154,2024-12-04T20:15:00+00:00
33,Manchester United,889,V. Lindelof,Missing Fixture,Muscle Injury,1208154,2024-12-04T20:15:00+00:00
33,Manchester United,284322,K. Mainoo,Missing Fixture,Yellow Cards,1208154,2024-12-04T20:15:00+00:00
33,Manchester United,2467,L. Martinez,Missing Fixture,Yellow Cards,1208154,2024-12-04T20:15:00+00:00
33,Manchester United,891,L. Shaw,Missing Fixture,Injury,1208154,2024-12-04T20:15:00+00:00
33,Manchester United,18772,J. Evans,Questionable,Knock,1208154,2024-12-04T20:15:00+00:00
66,Aston Villa,162714,A. Onana,Missing Fixture,Foot Injury,1208155,2024-12-04T20:15:00+00:00
66,Aston Villa,19192,J. Ramsey,Missing Fixture,Hamstring Injury,1208155,2024-12-04T20:15:00+00:00
55,Brentford,1119,K. Ajer,Missing Fixture,Foot Injury,1208155,2024-12-04T20:15:00+00:00
55,Brentford,19362,J. Dasilva,Missing Fixture,Knee Injury,1208155,2024-12-04T20:15:00+00:00
55,Brentford,19346,R. Henry,Missing Fixture,Knee Injury,1208155,2024-12-04T20:15:00+00:00
55,Brentford,44871,A. Hickey,Missing Fixture,Thigh Injury,1208155,2024-12-04T20:15:00+00:00
55,Brentford,47438,M. Jensen,Missing Fixture,Thigh Injury,1208155,2024-12-04T20:15:00+00:00
36,Fulham,2729,J. Andersen,Missing Fixture,Calf Injury,1208157,2024-12-05T19:30:00+00:00
36,Fulham,19025,T. Cairney,Missing Fixture,Red Card,1208157,2024-12-05T19:30:00+00:00
36,Fulham,2823,S. Lukic,Missing Fixture,Yellow Cards,1208157,2024-12-05T19:30:00+00:00
36,Fulham,19480,H. Reed,Missing Fixture,Knee Injury,1208157,2024-12-05T19:30:00+00:00
51,Brighton,305730,J. Hinshelwood,Missing Fixture,Knee Injury,1208157,2024-12-05T19:30:00+00:00
51,Brighton,1361,F. Kadioglu,Missing Fixture,Toe Injury,1208157,2024-12-05T19:30:00+00:00
51,Brighton,18973,S. March,Missing Fixture,Knee Injury,1208157,2024-12-05T19:30:00+00:00
51,Brighton,296,J. Milner,Missing Fixture,Thigh Injury,1208157,2024-12-05T19:30:00+00:00
51,Brighton,19265,A. Webster,Missing Fixture,Muscle Injury,1208157,2024-12-05T19:30:00+00:00
51,Brighton,537,J. Veltman,Questionable,Muscle Injury,1208157,2024-12-05T19:30:00+00:00
35,Bournemouth,51051,J. Araujo,Missing Fixture,Thigh Injury,1208153,2024-12-05T20:15:00+00:00
35,Bournemouth,304853,A. Scott,Missing Fixture,Knee Injury,1208153,2024-12-05T20:15:00+00:00
35,Bournemouth,37161,L. Sinisterra,Missing Fixture,Thigh Injury,1208153,2024-12-05T20:15:00+00:00
47,Tottenham,863,R. Bentancur,Missing Fixture,Suspended,1208153,2024-12-05T20:15:00+00:00
47,Tottenham,380690,M. Moore,Missing Fixture,Illness,1208153,2024-12-05T20:15:00+00:00
47,Tottenham,336564,W. Odobert,Missing Fixture,Thigh Injury,1208153,2024-12-05T20:15:00+00:00
47,Tottenham,2413,Richarlison,Missing Fixture,Thigh Injury,1208153,2024-12-05T20:15:00+00:00
47,Tottenham,31354,G. Vicario,Missing Fixture,Broken ankle,1208153,2024-12-05T20:15:00+00:00
47,Tottenham,152849,M. van de Ven,Missing Fixture,Thigh Injury,1208153,2024-12-05T20:15:00+00:00
47,Tottenham,30776,C. Romero,Questionable,Ankle Injury,1208153,2024-12-05T20:15:00+00:00
66,Aston Villa,19192,J. Ramsey,Missing Fixture,Hamstring Injury,1208163,2024-12-07T15:00:00+00:00
41,Southampton,105971,G. Bazunu,Missing Fixture,Achilles Tendon Injury,1208163,2024-12-07T15:00:00+00:00
41,Southampton,295,A. Lallana,Missing Fixture,Thigh Injury,1208163,2024-12-07T15:00:00+00:00
41,Southampton,284264,J. Larios,Missing Fixture,Injury,1208163,2024-12-07T15:00:00+00:00
41,Southampton,15812,P. Onuachu,Missing Fixture,Injury,1208163,2024-12-07T15:00:00+00:00
41,Southampton,20355,A. Ramsdale,Missing Fixture,Finger Injury,1208163,2024-12-07T15:00:00+00:00
41,Southampton,130421,W. Smallbone,Missing Fixture,Thigh Injury,1208163,2024-12-07T15:00:00+00:00
41,Southampton,18940,J. Stephens,Missing Fixture,Red Card,1208163,2024-12-07T15:00:00+00:00
41,Southampton,45078,R. Stewart,Missing Fixture,Thigh Injury,1208163,2024-12-07T15:00:00+00:00
41,Southampton,2999,J. Bednarek,Questionable,Knee Injury,1208163,2024-12-07T15:00:00+00:00
55,Brentford,19362,J. Dasilva,Missing Fixture,Knee Injury,1208164,2024-12-07T15:00:00+00:00
55,Brentford,19346,R. Henry,Missing Fixture,Knee Injury,1208164,2024-12-07T15:00:00+00:00
55,Brentford,44871,A. Hickey,Missing Fixture,Thigh Injury,1208164,2024-12-07T15:00:00+00:00
55,Brentford,47438,M. Jensen,Missing Fixture,Thigh Injury,1208164,2024-12-07T15:00:00+00:00
34,Newcastle,38734,S. Botman,Missing Fixture,Knee Injury,1208164,2024-12-07T15:00:00+00:00
34,Newcastle,2855,E. Krafth,Missing Fixture,Shoulder Injury,1208164,2024-12-07T15:00:00+00:00
34,Newcastle,18894,J. Lascelles,Missing Fixture,Knee Injury,1208164,2024-12-07T15:00:00+00:00
52,Crystal Palace,1440,R. Holding,Missing Fixture,Lacking Match Fitness,1208165,2024-12-07T15:00:00+00:00
52,Crystal Palace,311157,Matheus Franca,Missing Fixture,Muscle Injury,1208165,2024-12-07T15:00:00+00:00
52,Crystal Palace,288102,A. Wharton,Missing Fixture,Groin Injury,1208165,2024-12-07T15:00:00+00:00
52,Crystal Palace,278898,C. Riad,Questionable,Knee Injury,1208165,2024-12-07T15:00:00+00:00
50,Manchester City,18861,N. Ake,Missing Fixture,Thigh Injury,1208165,2024-12-07T15:00:00+00:00
50,Manchester City,278133,O. Bobb,Missing Fixture,Leg Injury,1208165,2024-12-07T15:00:00+00:00
50,Manchester City,631,P. Foden,Missing Fixture,Illness,1208165,2024-12-07T15:00:00+00:00
50,Manchester City,2291,M. Kovacic,Missing Fixture,Injury,1208165,2024-12-07T15:00:00+00:00
50,Manchester City,44,Rodri,Missing Fixture,Knee Injury,1208165,2024-12-07T15:00:00+00:00
50,Manchester City,5,M. Akanji,Questionable,Injury,1208165,2024-12-07T15:00:00+00:00
50,Manchester City,626,J. Stones,Questionable,Health problems,1208165,2024-12-07T15:00:00+00:00
33,Manchester United,18772,J. Evans,Missing Fixture,Knock,1208170,2024-12-07T17:30:00+00:00
33,Manchester United,889,V. Lindelof,Missing Fixture,Muscle Injury,1208170,2024-12-07T17:30:00+00:00
33,Manchester United,891,L. Shaw,Missing Fixture,Injury,1208170,2024-12-07T17:30:00+00:00
65,Nottingham Forest,275170,Danilo,Missing Fixture,Ankle Injury,1208170,2024-12-07T17:30:00+00:00
65,Nottingham Forest,22149,I. Sangare,Missing Fixture,Foot Injury,1208170,2024-12-07T17:30:00+00:00
36,Fulham,2729,J. Andersen,Missing Fixture,Calf Injury,1208167,2024-12-08T14:00:00+00:00
36,Fulham,19025,T. Cairney,Missing Fixture,Red Card,1208167,2024-12-08T14:00:00+00:00
36,Fulham,727,R. Nelson,Missing Fixture,Thigh Injury,1208167,2024-12-08T14:00:00+00:00
36,Fulham,19480,H. Reed,Missing Fixture,Knee Injury,1208167,2024-12-08T14:00:00+00:00
42,Arsenal,2597,T. Tomiyasu,Missing Fixture,Knee Injury,1208167,2024-12-08T14:00:00+00:00
42,Arsenal,19959,B. White,Missing Fixture,Knee Injury,1208167,2024-12-08T14:00:00+00:00
42,Arsenal,641,O. Zinchenko,Missing Fixture,Injury,1208167,2024-12-08T14:00:00+00:00
42,Arsenal,157052,R. Calafiori,Questionable,Injury,1208167,2024-12-08T14:00:00+00:00
42,Arsenal,22224,Gabriel,Questionable,Injury,1208167,2024-12-08T14:00:00+00:00
57,Ipswich,20167,J. Donacien,Missing Fixture,Ankle Injury,1208168,2024-12-08T14:00:00+00:00
57,Ipswich,8794,G. Hirst,Missing Fixture,Knee Injury,1208168,2024-12-08T14:00:00+00:00
57,Ipswich,19365,C. Ogbene,Missing Fixture,Calf Injury,1208168,2024-12-08T14:00:00+00:00
57,Ipswich,19182,A. Tuanzebe,Missing Fixture,Thigh Injury,1208168,2024-12-08T14:00:00+00:00
35,Bournemouth,51051,J. Araujo,Missing Fixture,Thigh Injury,1208168,2024-12-08T14:00:00+00:00
35,Bournemouth,304853,A. Scott,Missing Fixture,Knee Injury,1208168,2024-12-08T14:00:00+00:00
35,Bournemouth,6610,M. Senesi,Missing Fixture,Thigh Injury,1208168,2024-12-08T14:00:00+00:00
35,Bournemouth,37161,L. Sinisterra,Missing Fixture,Thigh Injury,1208168,2024-12-08T14:00:00+00:00
46,Leicester,311334,F. Buonanotte,Missing Fixture,Loan agreement,1208169,2024-12-08T14:00:00+00:00
46,Leicester,303467,I. Fatawu,Missing Fixture,Knee Injury,1208169,2024-12-08T14:00:00+00:00
46,Leicester,405905,N. Opoku,Missing Fixture,Broken Leg,1208169,2024-12-08T14:00:00+00:00
46,Leicester,18771,R. Pereira,Missing Fixture,Thigh Injury,1208169,2024-12-08T14:00:00+00:00
46,Leicester,152970,J. Stolarczyk,Missing Fixture,Ankle Injury,1208169,2024-12-08T14:00:00+00:00
46,Leicester,182,H. Winks,Missing Fixture,Muscle Injury,1208169,2024-12-08T14:00:00+00:00
51,Brighton,305730,J. Hinshelwood,Missing Fixture,Knee Injury,1208169,2024-12-08T14:00:00+00:00
51,Brighton,1361,F. Kadioglu,Missing Fixture,Toe Injury,1208169,2024-12-08T14:00:00+00:00
51,Brighton,18973,S. March,Missing Fixture,Knee Injury,1208169,2024-12-08T14:00:00+00:00
51,Brighton,296,J. Milner,Missing Fixture,Thigh Injury,1208169,2024-12-08T14:00:00+00:00
51,Brighton,19265,A. Webster,Missing Fixture,Muscle Injury,1208169,2024-12-08T14:00:00+00:00
51,Brighton,537,J. Veltman,Questionable,Muscle Injury,1208169,2024-12-08T14:00:00+00:00
47,Tottenham,863,R. Bentancur,Missing Fixture,Suspended,1208171,2024-12-08T16:30:00+00:00
47,Tottenham,164,B. Davies,Missing Fixture,Thigh Injury,1208171,2024-12-08T16:30:00+00:00
47,Tottenham,380690,M. Moore,Missing Fixture,Illness,1208171,2024-12-08T16:30:00+00:00
47,Tottenham,336564,W. Odobert,Missing Fixture,Thigh Injury,1208171,2024-12-08T16:30:00+00:00
47,Tottenham,2413,Richarlison,Missing Fixture,Thigh Injury,1208171,2024-12-08T16:30:00+00:00
47,Tottenham,31354,G. Vicario,Missing Fixture,Broken ankle,1208171,2024-12-08T16:30:00+00:00
49,Chelsea,22094,W. Fofana,Missing Fixture,Muscle Injury,1208171,2024-12-08T16:30:00+00:00
49,Chelsea,19545,R. James,Missing Fixture,Thigh Injury,1208171,2024-12-08T16:30:00+00:00
49,Chelsea,329347,O. Kellyman,Missing Fixture,Muscle Injury,1208171,2024-12-08T16:30:00+00:00
49,Chelsea,63577,M. Mudryk,Missing Fixture,Illness,1208171,2024-12-08T16:30:00+00:00
48,West Ham,18819,M. Antonio,Missing Fixture,Inactive,1208172,2024-12-09T20:00:00+00:00
39,Wolves,380653,L. Chiwome,Missing Fixture,Ankle Injury,1208172,2024-12-09T20:00:00+00:00
39,Wolves,385726,E. Gonzalez,Missing Fixture,Knee Injury,1208172,2024-12-09T20:00:00+00:00
39,Wolves,7722,S. Kalajdzic,Missing Fixture,Knee Injury,1208172,2024-12-09T20:00:00+00:00
39,Wolves,195717,Y. Mosquera,Missing Fixture,Knee Injury,1208172,2024-12-09T20:00:00+00:00
39,Wolves,157912,B. Traore,Missing Fixture,Knee Injury,1208172,2024-12-09T20:00:00+00:00
39,Wolves,2056,P. Sarabia,Questionable,Muscle Injury,1208172,2024-12-09T20:00:00+00:00
42,Arsenal,157052,R. Calafiori,Missing Fixture,Knee Injury,1208174,2024-12-14T15:00:00+00:00
42,Arsenal,2597,T. Tomiyasu,Missing Fixture,Knee Injury,1208174,2024-12-14T15:00:00+00:00
42,Arsenal,19959,B. White,Missing Fixture,Knee Injury,1208174,2024-12-14T15:00:00+00:00
42,Arsenal,641,O. Zinchenko,Missing Fixture,Muscle Injury,1208174,2024-12-14T15:00:00+00:00
45,Everton,895,J. Garner,Missing Fixture,Lower Back Injury,1208174,2024-12-14T15:00:00+00:00
45,Everton,284500,T. Iroegbunam,Missing Fixture,Ankle Injury,1208174,2024-12-14T15:00:00+00:00
45,Everton,330412,Chermiti,Questionable,Ankle Injury,1208174,2024-12-14T15:00:00+00:00
40,Liverpool,180317,C. Bradley,Missing Fixture,Muscle Injury,1208177,2024-12-14T15:00:00+00:00
40,Liverpool,1145,I. Konate,Missing Fixture,Knee Injury,1208177,2024-12-14T15:00:00+00:00
40,Liverpool,6716,A. Mac Allister,Missing Fixture,Yellow Cards,1208177,2024-12-14T15:00:00+00:00
40,Liverpool,1600,K. Tsimikas,Missing Fixture,Ankle Injury,1208177,2024-12-14T15:00:00+00:00
36,Fulham,2729,J. Andersen,Missing Fixture,Calf Injury,1208177,2024-12-14T15:00:00+00:00
36,Fulham,152967,C. Bassey,Missing Fixture,Yellow Cards,1208177,2024-12-14T15:00:00+00:00
36,Fulham,19025,T. Cairney,Missing Fixture,Red Card,1208177,2024-12-14T15:00:00+00:00
36,Fulham,727,R. Nelson,Missing Fixture,Thigh Injury,1208177,2024-12-14T15:00:00+00:00
36,Fulham,19480,H. Reed,Missing Fixture,Knee Injury,1208177,2024-12-14T15:00:00+00:00
34,Newcastle,38734,S. Botman,Missing Fixture,Knee Injury,1208179,2024-12-14T15:00:00+00:00
34,Newcastle,2855,E. Krafth,Missing Fixture,Shoulder Injury,1208179,2024-12-14T15:00:00+00:00
34,Newcastle,18894,J. Lascelles,Missing Fixture,Knee Injury,1208179,2024-12-14T15:00:00+00:00
34,Newcastle,2939,C. Wilson,Missing Fixture,Thigh Injury,1208179,2024-12-14T15:00:00+00:00
34,Newcastle,18911,N. Pope,Questionable,Knee Injury,1208179,2024-12-14T15:00:00+00:00
46,Leicester,303467,I. Fatawu,Missing Fixture,Knee Injury,1208179,2024-12-14T15:00:00+00:00
46,Leicester,18786,W. Ndidi,Missing Fixture,Thigh Injury,1208179,2024-12-14T15:00:00+00:00
46,Leicester,405905,N. Opoku,Missing Fixture,Broken Leg,1208179,2024-12-14T15:00:00+00:00
46,Leicester,18771,R. Pereira,Missing Fixture,Thigh Injury,1208179,2024-12-14T15:00:00+00:00
46,Leicester,22233,B. Soumare,Missing Fixture,Yellow Cards,1208179,2024-12-14T15:00:00+00:00
46,Leicester,152970,J. Stolarczyk,Missing Fixture,Ankle Injury,1208179,2024-12-14T15:00:00+00:00
46,Leicester,182,H. Winks,Questionable,Muscle Injury,1208179,2024-12-14T15:00:00+00:00
39,Wolves,380653,L. Chiwome,Missing Fixture,Ankle Injury,1208182,2024-12-14T15:00:00+00:00
39,Wolves,195103,J. Gomes,Missing Fixture,Yellow Cards,1208182,2024-12-14T15:00:00+00:00
39,Wolves,385726,E. Gonzalez,Missing Fixture,Knee Injury,1208182,2024-12-14T15:00:00+00:00
39,Wolves,7722,S. Kalajdzic,Missing Fixture,Knee Injury,1208182,2024-12-14T15:00:00+00:00
39,Wolves,195717,Y. Mosquera,Missing Fixture,Knee Injury,1208182,2024-12-14T15:00:00+00:00
39,Wolves,2056,P. Sarabia,Missing Fixture,Muscle Injury,1208182,2024-12-14T15:00:00+00:00
39,Wolves,157912,B. Traore,Missing Fixture,Knee Injury,1208182,2024-12-14T15:00:00+00:00
39,Wolves,1590,J. Sa,Questionable,Shoulder Injury,1208182,2024-12-14T15:00:00+00:00
57,Ipswich,20167,J. Donacien,Missing Fixture,Ankle Injury,1208182,2024-12-14T15:00:00+00:00
57,Ipswich,8794,G. Hirst,Missing Fixture,Knee Injury,1208182,2024-12-14T15:00:00+00:00
57,Ipswich,19365,C. Ogbene,Missing Fixture,Calf Injury,1208182,2024-12-14T15:00:00+00:00
57,Ipswich,19182,A. Tuanzebe,Missing Fixture,Thigh Injury,1208182,2024-12-14T15:00:00+00:00
65,Nottingham Forest,275170,Danilo,Missing Fixture,Ankle Injury,1208180,2024-12-14T17:30:00+00:00
65,Nottingham Forest,47547,A. Moreno,Missing Fixture,Loan agreement,1208180,2024-12-14T17:30:00+00:00
65,Nottingham Forest,22149,I. Sangare,Missing Fixture,Foot Injury,1208180,2024-12-14T17:30:00+00:00
66,Aston Villa,19192,J. Ramsey,Missing Fixture,Hamstring Injury,1208180,2024-12-14T17:30:00+00:00
66,Aston Villa,983,L. Bailey,Questionable,Thigh Injury,1208180,2024-12-14T17:30:00+00:00
51,Brighton,19265,A. Webster,Missing Fixture,Muscle Injury,1208175,2024-12-15T14:00:00+00:00
51,Brighton,305730,J. Hinshelwood,Questionable,Knee Injury,1208175,2024-12-15T14:00:00+00:00
51,Brighton,1361,F. Kadioglu,Questionable,Toe Injury,1208175,2024-12-15T14:00:00+00:00
51,Brighton,18973,S. March,Questionable,Knee Injury,1208175,2024-12-15T14:00:00+00:00
51,Brighton,296,J. Milner,Questionable,Thigh Injury,1208175,2024-12-15T14:00:00+00:00
51,Brighton,537,J. Veltman,Questionable,Muscle Injury,1208175,2024-12-15T14:00:00+00:00
52,Crystal Palace,1440,R. Holding,Missing Fixture,Lacking Match Fitness,1208175,2024-12-15T14:00:00+00:00
52,Crystal Palace,311157,Matheus Franca,Missing Fixture,Muscle Injury,1208175,2024-12-15T14:00:00+00:00
52,Crystal Palace,278898,C. Riad,Missing Fixture,Knee Injury,1208175,2024-12-15T14:00:00+00:00
52,Crystal Palace,18847,J. Ward,Questionable,Calf Injury,1208175,2024-12-15T14:00:00+00:00
52,Crystal Palace,288102,A. Wharton,Questionable,Groin Injury,1208175,2024-12-15T14:00:00+00:00
50,Manchester City,5,M. Akanji,Missing Fixture,Injury,1208178,2024-12-15T16:30:00+00:00
50,Manchester City,18861,N. Ake,Missing Fixture,Thigh Injury,1208178,2024-12-15T16:30:00+00:00
50,Manchester City,278133,O. Bobb,Missing Fixture,Leg Injury,1208178,2024-12-15T16:30:00+00:00
50,Manchester City,284230,R. Lewis,Missing Fixture,Red Card,1208178,2024-12-15T16:30:00+00:00
50,Manchester City,44,Rodri,Missing Fixture,Knee Injury,1208178,2024-12-15T16:30:00+00:00
33,Manchester United,284324,A. Garnacho,Missing Fixture,Coach's decision,1208178,2024-12-15T16:30:00+00:00
33,Manchester United,909,M. Rashford,Missing Fixture,Coach's decision,1208178,2024-12-15T16:30:00+00:00
33,Manchester United,891,L. Shaw,Missing Fixture,Calf Injury,1208178,2024-12-15T16:30:00+00:00
33,Manchester United,18772,J. Evans,Questionable,Knock,1208178,2024-12-15T16:30:00+00:00
49,Chelsea,22094,W. Fofana,Missing Fixture,Muscle Injury,1208176,2024-12-15T19:00:00+00:00
49,Chelsea,19545,R. James,Missing Fixture,Thigh Injury,1208176,2024-12-15T19:00:00+00:00
49,Chelsea,329347,O. Kellyman,Missing Fixture,Muscle Injury,1208176,2024-12-15T19:00:00+00:00
49,Chelsea,1864,P. Neto,Missing Fixture,Yellow Cards,1208176,2024-12-15T19:00:00+00:00
55,Brentford,19362,J. Dasilva,Missing Fixture,Knee Injury,1208176,2024-12-15T19:00:00+00:00
55,Brentford,19346,R. Henry,Missing Fixture,Knee Injury,1208176,2024-12-15T19:00:00+00:00
55,Brentford,44871,A. Hickey,Missing Fixture,Thigh Injury,1208176,2024-12-15T19:00:00+00:00
55,Brentford,47438,M. Jensen,Missing Fixture,Thigh Injury,1208176,2024-12-15T19:00:00+00:00
41,Southampton,105971,G. Bazunu,Missing Fixture,Achilles Tendon Injury,1208181,2024-12-15T19:00:00+00:00
41,Southampton,284264,J. Larios,Missing Fixture,Injury,1208181,2024-12-15T19:00:00+00:00
41,Southampton,130421,W. Smallbone,Missing Fixture,Thigh Injury,1208181,2024-12-15T19:00:00+00:00
41,Southampton,18940,J. Stephens,Missing Fixture,Red Card,1208181,2024-12-15T19:00:00+00:00
41,Southampton,45078,R. Stewart,Missing Fixture,Thigh Injury,1208181,2024-12-15T19:00:00+00:00
41,Southampton,20355,A. Ramsdale,Questionable,Finger Injury,1208181,2024-12-15T19:00:00+00:00
47,Tottenham,863,R. Bentancur,Missing Fixture,Suspended,1208181,2024-12-15T19:00:00+00:00
47,Tottenham,18968,Y. Bissouma,Missing Fixture,Yellow Cards,1208181,2024-12-15T19:00:00+00:00
47,Tottenham,164,B. Davies,Missing Fixture,Thigh Injury,1208181,2024-12-15T19:00:00+00:00
47,Tottenham,336564,W. Odobert,Missing Fixture,Thigh Injury,1208181,2024-12-15T19:00:00+00:00
47,Tottenham,2413,Richarlison,Missing Fixture,Thigh Injury,1208181,2024-12-15T19:00:00+00:00
47,Tottenham,30776,C. Romero,Missing Fixture,Ankle Injury,1208181,2024-12-15T19:00:00+00:00
47,Tottenham,31354,G. Vicario,Missing Fixture,Broken ankle,1208181,2024-12-15T19:00:00+00:00
47,Tottenham,152849,M. van de Ven,Missing Fixture,Injury,1208181,2024-12-15T19:00:00+00:00
35,Bournemouth,51051,J. Araujo,Missing Fixture,Thigh Injury,1208173,2024-12-16T20:00:00+00:00
35,Bournemouth,304853,A. Scott,Missing Fixture,Knee Injury,1208173,2024-12-16T20:00:00+00:00
35,Bournemouth,6610,M. Senesi,Missing Fixture,Thigh Injury,1208173,2024-12-16T20:00:00+00:00
35,Bournemouth,37161,L. Sinisterra,Missing Fixture,Thigh Injury,1208173,2024-12-16T20:00:00+00:00
35,Bournemouth,19245,M. Tavernier,Missing Fixture,Thigh Injury,1208173,2024-12-16T20:00:00+00:00
48,West Ham,18819,M. Antonio,Missing Fixture,Inactive,1208173,2024-12-16T20:00:00+00:00
48,West Ham,2284,Emerson,Missing Fixture,Yellow Cards,1208173,2024-12-16T20:00:00+00:00
66,Aston Villa,19192,J. Ramsey,Missing Fixture,Hamstring Injury,1208183,2024-12-21T12:30:00+00:00
50,Manchester City,278133,O. Bobb,Missing Fixture,Leg Injury,1208183,2024-12-21T12:30:00+00:00
50,Manchester City,567,R. Dias,Missing Fixture,Muscle Injury,1208183,2024-12-21T12:30:00+00:00
50,Manchester City,44,Rodri,Missing Fixture,Knee Injury,1208183,2024-12-21T12:30:00+00:00
55,Brentford,19362,J. Dasilva,Missing Fixture,Knee Injury,1208184,2024-12-21T15:00:00+00:00
55,Brentford,19346,R. Henry,Missing Fixture,Knee Injury,1208184,2024-12-21T15:00:00+00:00
55,Brentford,44871,A. Hickey,Missing Fixture,Thigh Injury,1208184,2024-12-21T15:00:00+00:00
55,Brentford,47438,M. Jensen,Missing Fixture,Thigh Injury,1208184,2024-12-21T15:00:00+00:00
55,Brentford,19789,E. Pinnock,Missing Fixture,Thigh Injury,1208184,2024-12-21T15:00:00+00:00
55,Brentford,196156,I. Thiago,Missing Fixture,Knock,1208184,2024-12-21T15:00:00+00:00
55,Brentford,36922,S. van den Berg,Questionable,Groin Injury,1208184,2024-12-21T15:00:00+00:00
65,Nottingham Forest,275170,Danilo,Missing Fixture,Ankle Injury,1208184,2024-12-21T15:00:00+00:00
65,Nottingham Forest,22149,I. Sangare,Missing Fixture,Foot Injury,1208184,2024-12-21T15:00:00+00:00
57,Ipswich,161948,L. Delap,Missing Fixture,Yellow Cards,1208188,2024-12-21T15:00:00+00:00
57,Ipswich,20167,J. Donacien,Missing Fixture,Ankle Injury,1208188,2024-12-21T15:00:00+00:00
57,Ipswich,8794,G. Hirst,Missing Fixture,Knee Injury,1208188,2024-12-21T15:00:00+00:00
57,Ipswich,19365,C. Ogbene,Missing Fixture,Calf Injury,1208188,2024-12-21T15:00:00+00:00
57,Ipswich,19182,A. Tuanzebe,Missing Fixture,Thigh Injury,1208188,2024-12-21T15:00:00+00:00
34,Newcastle,723,Joelinton,Missing Fixture,Yellow Cards,1208188,2024-12-21T15:00:00+00:00
34,Newcastle,2855,E. Krafth,Missing Fixture,Shoulder Injury,1208188,2024-12-21T15:00:00+00:00
34,Newcastle,18894,J. Lascelles,Missing Fixture,Knee Injury,1208188,2024-12-21T15:00:00+00:00
34,Newcastle,18911,N. Pope,Missing Fixture,Knee Injury,1208188,2024-12-21T15:00:00+00:00
34,Newcastle,2939,C. Wilson,Missing Fixture,Thigh Injury,1208188,2024-12-21T15:00:00+00:00
34,Newcastle,38734,S. Botman,Questionable,Injury,1208188,2024-12-21T15:00:00+00:00
48,West Ham,18819,M. Antonio,Missing Fixture,Inactive,1208192,2024-12-21T15:00:00+00:00
48,West Ham,930,C. Soler,Missing Fixture,Yellow Cards,1208192,2024-12-21T15:00:00+00:00
51,Brighton,296,J. Milner,Missing Fixture,Thigh Injury,1208192,2024-12-21T15:00:00+00:00
51,Brighton,1469,D. Welbeck,Missing Fixture,Ankle Injury,1208192,2024-12-21T15:00:00+00:00
51,Brighton,305730,J. Hinshelwood,Questionable,Knee Injury,1208192,2024-12-21T15:00:00+00:00
51,Brighton,1361,F. Kadioglu,Questionable,Toe Injury,1208192,2024-12-21T15:00:00+00:00
51,Brighton,18973,S. March,Questionable,Knee Injury,1208192,2024-12-21T15:00:00+00:00
51,Brighton,19265,A. Webster,Questionable,Muscle Injury,1208192,2024-12-21T15:00:00+00:00
52,Crystal Palace,19586,E. Eze,Missing Fixture,Leg Injury,1208185,2024-12-21T17:30:00+00:00
52,Crystal Palace,1440,R. Holding,Missing Fixture,Coach's decision,1208185,2024-12-21T17:30:00+00:00
52,Crystal Palace,311157,Matheus Franca,Missing Fixture,Muscle Injury,1208185,2024-12-21T17:30:00+00:00
52,Crystal Palace,13736,D. Munoz,Missing Fixture,Yellow Cards,1208185,2024-12-21T17:30:00+00:00
52,Crystal Palace,288102,A. Wharton,Missing Fixture,Groin Injury,1208185,2024-12-21T17:30:00+00:00
52,Crystal Palace,278898,C. Riad,Questionable,Knee Injury,1208185,2024-12-21T17:30:00+00:00
42,Arsenal,2597,T. Tomiyasu,Missing Fixture,Knee Injury,1208185,2024-12-21T17:30:00+00:00
42,Arsenal,19959,B. White,Missing Fixture,Knee Injury,1208185,2024-12-21T17:30:00+00:00
42,Arsenal,641,O. Zinchenko,Questionable,Muscle Injury,1208185,2024-12-21T17:30:00+00:00
45,Everton,138822,A. Broja,Missing Fixture,Loan agreement,1208186,2024-12-22T14:00:00+00:00
45,Everton,895,J. Garner,Missing Fixture,Lower Back Injury,1208186,2024-12-22T14:00:00+00:00
45,Everton,284500,T. Iroegbunam,Missing Fixture,Ankle Injury,1208186,2024-12-22T14:00:00+00:00
45,Everton,18929,D. McNeil,Questionable,Knee Injury,1208186,2024-12-22T14:00:00+00:00
49,Chelsea,95,B. Badiashile,Missing Fixture,Injury,1208186,2024-12-22T14:00:00+00:00
49,Chelsea,47380,M. Cucurella,Missing Fixture,Red Card,1208186,2024-12-22T14:00:00+00:00
49,Chelsea,22094,W. Fofana,Missing Fixture,Muscle Injury,1208186,2024-12-22T14:00:00+00:00
49,Chelsea,19545,R. James,Missing Fixture,Thigh Injury,1208186,2024-12-22T14:00:00+00:00
49,Chelsea,329347,O. Kellyman,Missing Fixture,Muscle Injury,1208186,2024-12-22T14:00:00+00:00
49,Chelsea,63577,M. Mudryk,Missing Fixture,Suspended,1208186,2024-12-22T14:00:00+00:00
49,Chelsea,282125,R. Lavia,Questionable,Injury,1208186,2024-12-22T14:00:00+00:00
36,Fulham,727,R. Nelson,Missing Fixture,Thigh Injury,1208187,2024-12-22T14:00:00+00:00
36,Fulham,899,A. Pereira,Missing Fixture,Yellow Cards,1208187,2024-12-22T14:00:00+00:00
36,Fulham,19480,H. Reed,Missing Fixture,Knee Injury,1208187,2024-12-22T14:00:00+00:00
36,Fulham,657,K. Tete,Missing Fixture,Knee Injury,1208187,2024-12-22T14:00:00+00:00
41,Southampton,105971,G. Bazunu,Missing Fixture,Achilles Tendon Injury,1208187,2024-12-22T14:00:00+00:00
41,Southampton,130421,W. Smallbone,Missing Fixture,Thigh Injury,1208187,2024-12-22T14:00:00+00:00
41,Southampton,18940,J. Stephens,Missing Fixture,Red Card,1208187,2024-12-22T14:00:00+00:00
41,Southampton,45078,R. Stewart,Missing Fixture,Thigh Injury,1208187,2024-12-22T14:00:00+00:00
46,Leicester,303467,I. Fatawu,Missing Fixture,Knee Injury,1208189,2024-12-22T14:00:00+00:00
46,Leicester,18786,W. Ndidi,Missing Fixture,Thigh Injury,1208189,2024-12-22T14:00:00+00:00
46,Leicester,405905,N. Opoku,Missing Fixture,Broken Leg,1208189,2024-12-22T14:00:00+00:00
46,Leicester,18771,R. Pereira,Missing Fixture,Thigh Injury,1208189,2024-12-22T14:00:00+00:00
46,Leicester,1135,O. Edouard,Questionable,Lacking Match Fitness,1208189,2024-12-22T14:00:00+00:00
46,Leicester,15870,M. Hermansen,Questionable,Muscle Injury,1208189,2024-12-22T14:00:00+00:00
39,Wolves,21138,R. Ait-Nouri,Missing Fixture,Red Card,1208189,2024-12-22T14:00:00+00:00
39,Wolves,385726,E. Gonzalez,Missing Fixture,Knee Injury,1208189,2024-12-22T14:00:00+00:00
39,Wolves,7722,S. Kalajdzic,Missing Fixture,Knee Injury,1208189,2024-12-22T14:00:00+00:00
39,Wolves,195717,Y. Mosquera,Missing Fixture,Knee Injury,1208189,2024-12-22T14:00:00+00:00
39,Wolves,2056,P. Sarabia,Missing Fixture,Muscle Injury,1208189,2024-12-22T14:00:00+00:00
39,Wolves,157912,B. Traore,Missing Fixture,Knee Injury,1208189,2024-12-22T14:00:00+00:00
33,Manchester United,889,V. Lindelof,Missing Fixture,Injury,1208190,2024-12-22T14:00:00+00:00
33,Manchester United,19220,M. Mount,Missing Fixture,Leg Injury,1208190,2024-12-22T14:00:00+00:00
33,Manchester United,891,L. Shaw,Missing Fixture,Calf Injury,1208190,2024-12-22T14:00:00+00:00
35,Bournemouth,51051,J. Araujo,Missing Fixture,Thigh Injury,1208190,2024-12-22T14:00:00+00:00
35,Bournemouth,304853,A. Scott,Missing Fixture,Knee Injury,1208190,2024-12-22T14:00:00+00:00
35,Bournemouth,6610,M. Senesi,Missing Fixture,Thigh Injury,1208190,2024-12-22T14:00:00+00:00
35,Bournemouth,37161,L. Sinisterra,Missing Fixture,Thigh Injury,1208190,2024-12-22T14:00:00+00:00
35,Bournemouth,19245,M. Tavernier,Missing Fixture,Thigh Injury,1208190,2024-12-22T14:00:00+00:00
47,Tottenham,863,R. Bentancur,Missing Fixture,Suspended,1208191,2024-12-22T16:30:00+00:00
47,Tottenham,164,B. Davies,Missing Fixture,Thigh Injury,1208191,2024-12-22T16:30:00+00:00
47,Tottenham,336564,W. Odobert,Missing Fixture,Thigh Injury,1208191,2024-12-22T16:30:00+00:00
47,Tottenham,2413,Richarlison,Missing Fixture,Thigh Injury,1208191,2024-12-22T16:30:00+00:00
47,Tottenham,30776,C. Romero,Missing Fixture,Ankle Injury,1208191,2024-12-22T16:30:00+00:00
47,Tottenham,31354,G. Vicario,Missing Fixture,Broken ankle,1208191,2024-12-22T16:30:00+00:00
47,Tottenham,152849,M. van de Ven,Missing Fixture,Injury,1208191,2024-12-22T16:30:00+00:00
40,Liverpool,180317,C. Bradley,Missing Fixture,Muscle Injury,1208191,2024-12-22T16:30:00+00:00
40,Liverpool,1145,I. Konate,Missing Fixture,Knee Injury,1208191,2024-12-22T16:30:00+00:00
50,Manchester City,278133,O. Bobb,Missing Fixture,Leg Injury,1208198,2024-12-26T12:30:00+00:00
50,Manchester City,567,R. Dias,Missing Fixture,Muscle Injury,1208198,2024-12-26T12:30:00+00:00
50,Manchester City,44,Rodri,Missing Fixture,Knee Injury,1208198,2024-12-26T12:30:00+00:00
50,Manchester City,626,J. Stones,Missing Fixture,Ankle Injury,1208198,2024-12-26T12:30:00+00:00
50,Manchester City,617,Ederson,Questionable,Injury,1208198,2024-12-26T12:30:00+00:00
50,Manchester City,41621,M. Nunes,Questionable,Injury,1208198,2024-12-26T12:30:00+00:00
45,Everton,895,J. Garner,Missing Fixture,Lower Back Injury,1208198,2024-12-26T12:30:00+00:00
45,Everton,284500,T. Iroegbunam,Missing Fixture,Ankle Injury,1208198,2024-12-26T12:30:00+00:00
45,Everton,894,A. Young,Missing Fixture,Yellow Cards,1208198,2024-12-26T12:30:00+00:00
45,Everton,18929,D. McNeil,Questionable,Knee Injury,1208198,2024-12-26T12:30:00+00:00
35,Bournemouth,51051,J. Araujo,Missing Fixture,Thigh Injury,1208193,2024-12-26T15:00:00+00:00
35,Bournemouth,304853,A. Scott,Missing Fixture,Knee Injury,1208193,2024-12-26T15:00:00+00:00
35,Bournemouth,6610,M. Senesi,Missing Fixture,Thigh Injury,1208193,2024-12-26T15:00:00+00:00
35,Bournemouth,37161,L. Sinisterra,Missing Fixture,Thigh Injury,1208193,2024-12-26T15:00:00+00:00
35,Bournemouth,19245,M. Tavernier,Missing Fixture,Thigh Injury,1208193,2024-12-26T15:00:00+00:00
35,Bournemouth,18869,A. Smith,Questionable,Knock,1208193,2024-12-26T15:00:00+00:00
52,Crystal Palace,1440,R. Holding,Missing Fixture,Coach's decision,1208193,2024-12-26T15:00:00+00:00
52,Crystal Palace,311157,Matheus Franca,Missing Fixture,Muscle Injury,1208193,2024-12-26T15:00:00+00:00
52,Crystal Palace,288102,A. Wharton,Missing Fixture,Groin Injury,1208193,2024-12-26T15:00:00+00:00
52,Crystal Palace,278898,C. Riad,Questionable,Knee Injury,1208193,2024-12-26T15:00:00+00:00
49,Chelsea,95,B. Badiashile,Missing Fixture,Injury,1208196,2024-12-26T15:00:00+00:00
49,Chelsea,22094,W. Fofana,Missing Fixture,Muscle Injury,1208196,2024-12-26T15:00:00+00:00
49,Chelsea,19545,R. James,Missing Fixture,Thigh Injury,1208196,2024-12-26T15:00:00+00:00
49,Chelsea,329347,O. Kellyman,Missing Fixture,Muscle Injury,1208196,2024-12-26T15:00:00+00:00
49,Chelsea,282125,R. Lavia,Missing Fixture,Muscle Injury,1208196,2024-12-26T15:00:00+00:00
49,Chelsea,63577,M. Mudryk,Missing Fixture,Suspended,1208196,2024-12-26T15:00:00+00:00
36,Fulham,727,R. Nelson,Missing Fixture,Thigh Injury,1208196,2024-12-26T15:00:00+00:00
36,Fulham,19480,H. Reed,Missing Fixture,Knee Injury,1208196,2024-12-26T15:00:00+00:00
36,Fulham,657,K. Tete,Missing Fixture,Knee Injury,1208196,2024-12-26T15:00:00+00:00
36,Fulham,1934,S. Berge,Questionable,Ankle Injury,1208196,2024-12-26T15:00:00+00:00
36,Fulham,1161,E. Smith Rowe,Questionable,Leg Injury,1208196,2024-12-26T15:00:00+00:00
34,Newcastle,2855,E. Krafth,Missing Fixture,Shoulder Injury,1208199,2024-12-26T15:00:00+00:00
34,Newcastle,18894,J. Lascelles,Missing Fixture,Knee Injury,1208199,2024-12-26T15:00:00+00:00
34,Newcastle,18911,N. Pope,Missing Fixture,Knee Injury,1208199,2024-12-26T15:00:00+00:00
34,Newcastle,2939,C. Wilson,Missing Fixture,Thigh Injury,1208199,2024-12-26T15:00:00+00:00
34,Newcastle,38734,S. Botman,Questionable,Injury,1208199,2024-12-26T15:00:00+00:00
66,Aston Villa,19192,J. Ramsey,Missing Fixture,Hamstring Injury,1208199,2024-12-26T15:00:00+00:00
65,Nottingham Forest,275170,Danilo,Missing Fixture,Ankle Injury,1208200,2024-12-26T15:00:00+00:00
65,Nottingham Forest,6056,N. Dominguez,Missing Fixture,Yellow Cards,1208200,2024-12-26T15:00:00+00:00
65,Nottingham Forest,22149,I. Sangare,Missing Fixture,Foot Injury,1208200,2024-12-26T15:00:00+00:00
47,Tottenham,164,B. Davies,Missing Fixture,Thigh Injury,1208200,2024-12-26T15:00:00+00:00
47,Tottenham,336564,W. Odobert,Missing Fixture,Thigh Injury,1208200,2024-12-26T15:00:00+00:00
47,Tottenham,2413,Richarlison,Missing Fixture,Thigh Injury,1208200,2024-12-26T15:00:00+00:00
47,Tottenham,30776,C. Romero,Missing Fixture,Ankle Injury,1208200,2024-12-26T15:00:00+00:00
47,Tottenham,31354,G. Vicario,Missing Fixture,Broken ankle,1208200,2024-12-26T15:00:00+00:00
47,Tottenham,152849,M. van de Ven,Missing Fixture,Injury,1208200,2024-12-26T15:00:00+00:00
41,Southampton,105971,G. Bazunu,Missing Fixture,Achilles Tendon Injury,1208201,2024-12-26T15:00:00+00:00
41,Southampton,665,M. Cornet,Missing Fixture,Loan agreement,1208201,2024-12-26T15:00:00+00:00
41,Southampton,130421,W. Smallbone,Missing Fixture,Thigh Injury,1208201,2024-12-26T15:00:00+00:00
41,Southampton,45078,R. Stewart,Missing Fixture,Thigh Injury,1208201,2024-12-26T15:00:00+00:00
48,West Ham,18819,M. Antonio,Missing Fixture,Inactive,1208201,2024-12-26T15:00:00+00:00
48,West Ham,1646,L. Paqueta,Missing Fixture,Yellow Cards,1208201,2024-12-26T15:00:00+00:00
39,Wolves,385726,E. Gonzalez,Missing Fixture,Knee Injury,1208202,2024-12-26T17:30:00+00:00
39,Wolves,7722,S. Kalajdzic,Missing Fixture,Knee Injury,1208202,2024-12-26T17:30:00+00:00
39,Wolves,195717,Y. Mosquera,Missing Fixture,Knee Injury,1208202,2024-12-26T17:30:00+00:00
39,Wolves,2056,P. Sarabia,Missing Fixture,Calf Injury,1208202,2024-12-26T17:30:00+00:00
39,Wolves,157912,B. Traore,Missing Fixture,Knee Injury,1208202,2024-12-26T17:30:00+00:00
39,Wolves,18947,M. Lemina,Questionable,Muscle Injury,1208202,2024-12-26T17:30:00+00:00
33,Manchester United,889,V. Lindelof,Missing Fixture,Injury,1208202,2024-12-26T17:30:00+00:00
33,Manchester United,19220,M. Mount,Missing Fixture,Leg Injury,1208202,2024-12-26T17:30:00+00:00
33,Manchester United,909,M. Rashford,Missing Fixture,Coach's decision,1208202,2024-12-26T17:30:00+00:00
33,Manchester United,891,L. Shaw,Missing Fixture,Calf Injury,1208202,2024-12-26T17:30:00+00:00
40,Liverpool,180317,C. Bradley,Missing Fixture,Muscle Injury,1208197,2024-12-26T20:00:00+00:00
40,Liverpool,1145,I. Konate,Missing Fixture,Knee Injury,1208197,2024-12-26T20:00:00+00:00
46,Leicester,303467,I. Fatawu,Missing Fixture,Knee Injury,1208197,2024-12-26T20:00:00+00:00
46,Leicester,15870,M. Hermansen,Missing Fixture,Muscle Injury,1208197,2024-12-26T20:00:00+00:00
46,Leicester,18786,W. Ndidi,Missing Fixture,Thigh Injury,1208197,2024-12-26T20:00:00+00:00
46,Leicester,405905,N. Opoku,Missing Fixture,Broken Leg,1208197,2024-12-26T20:00:00+00:00
46,Leicester,18771,R. Pereira,Missing Fixture,Thigh Injury,1208197,2024-12-26T20:00:00+00:00
46,Leicester,18788,J. Vardy,Questionable,Knock,1208197,2024-12-26T20:00:00+00:00
51,Brighton,296,J. Milner,Missing Fixture,Thigh Injury,1208195,2024-12-27T19:30:00+00:00
51,Brighton,92993,M. Wieffer,Missing Fixture,Injury,1208195,2024-12-27T19:30:00+00:00
51,Brighton,305730,J. Hinshelwood,Questionable,Knee Injury,1208195,2024-12-27T19:30:00+00:00
51,Brighton,1361,F. Kadioglu,Questionable,Toe Injury,1208195,2024-12-27T19:30:00+00:00
51,Brighton,19265,A. Webster,Questionable,Muscle Injury,1208195,2024-12-27T19:30:00+00:00
51,Brighton,1469,D. Welbeck,Questionable,Ankle Injury,1208195,2024-12-27T19:30:00+00:00
55,Brentford,1119,K. Ajer,Missing Fixture,Ankle Injury,1208195,2024-12-27T19:30:00+00:00
55,Brentford,19362,J. Dasilva,Missing Fixture,Knee Injury,1208195,2024-12-27T19:30:00+00:00
55,Brentford,19346,R. Henry,Missing Fixture,Knee Injury,1208195,2024-12-27T19:30:00+00:00
55,Brentford,44871,A. Hickey,Missing Fixture,Thigh Injury,1208195,2024-12-27T19:30:00+00:00
55,Brentford,47438,M. Jensen,Missing Fixture,Thigh Injury,1208195,2024-12-27T19:30:00+00:00
55,Brentford,19789,E. Pinnock,Missing Fixture,Thigh Injury,1208195,2024-12-27T19:30:00+00:00
55,Brentford,196156,I. Thiago,Missing Fixture,Knock,1208195,2024-12-27T19:30:00+00:00
55,Brentford,36922,S. van den Berg,Missing Fixture,Groin Injury,1208195,2024-12-27T19:30:00+00:00
42,Arsenal,1460,B. Saka,Missing Fixture,Thigh Injury,1208194,2024-12-27T20:15:00+00:00
42,Arsenal,645,R. Sterling,Missing Fixture,Knee Injury,1208194,2024-12-27T20:15:00+00:00
42,Arsenal,2597,T. Tomiyasu,Missing Fixture,Knee Injury,1208194,2024-12-27T20:15:00+00:00
42,Arsenal,19959,B. White,Missing Fixture,Knee Injury,1208194,2024-12-27T20:15:00+00:00
57,Ipswich,20167,J. Donacien,Missing Fixture,Ankle Injury,1208194,2024-12-27T20:15:00+00:00
57,Ipswich,8794,G. Hirst,Missing Fixture,Knee Injury,1208194,2024-12-27T20:15:00+00:00
57,Ipswich,19558,S. Morsy,Missing Fixture,Yellow Cards,1208194,2024-12-27T20:15:00+00:00
57,Ipswich,19365,C. Ogbene,Missing Fixture,Calf Injury,1208194,2024-12-27T20:15:00+00:00
57,Ipswich,19182,A. Tuanzebe,Missing Fixture,Thigh Injury,1208194,2024-12-27T20:15:00+00:00
57,Ipswich,2752,M. Luongo,Questionable,Illness,1208194,2024-12-27T20:15:00+00:00
46,Leicester,3428,J. Ayew,Missing Fixture,Yellow Cards,1208209,2024-12-29T14:30:00+00:00
46,Leicester,303467,I. Fatawu,Missing Fixture,Knee Injury,1208209,2024-12-29T14:30:00+00:00
46,Leicester,15870,M. Hermansen,Missing Fixture,Muscle Injury,1208209,2024-12-29T14:30:00+00:00
46,Leicester,18786,W. Ndidi,Missing Fixture,Thigh Injury,1208209,2024-12-29T14:30:00+00:00
46,Leicester,405905,N. Opoku,Missing Fixture,Broken Leg,1208209,2024-12-29T14:30:00+00:00
46,Leicester,18771,R. Pereira,Missing Fixture,Thigh Injury,1208209,2024-12-29T14:30:00+00:00
46,Leicester,8694,W. Faes,Questionable,Injury,1208209,2024-12-29T14:30:00+00:00
46,Leicester,283290,K. McAteer,Questionable,Knock,1208209,2024-12-29T14:30:00+00:00
50,Manchester City,278133,O. Bobb,Missing Fixture,Leg Injury,1208209,2024-12-29T14:30:00+00:00
50,Manchester City,567,R. Dias,Missing Fixture,Muscle Injury,1208209,2024-12-29T14:30:00+00:00
50,Manchester City,44,Rodri,Missing Fixture,Knee Injury,1208209,2024-12-29T14:30:00+00:00
50,Manchester City,626,J. Stones,Missing Fixture,Ankle Injury,1208209,2024-12-29T14:30:00+00:00
50,Manchester City,617,Ederson,Questionable,Injury,1208209,2024-12-29T14:30:00+00:00
50,Manchester City,41621,M. Nunes,Questionable,Injury,1208209,2024-12-29T14:30:00+00:00
52,Crystal Palace,67971,M. Guehi,Missing Fixture,Yellow Cards,1208205,2024-12-29T15:00:00+00:00
52,Crystal Palace,1440,R. Holding,Missing Fixture,Coach's decision,1208205,2024-12-29T15:00:00+00:00
52,Crystal Palace,311157,Matheus Franca,Missing Fixture,Muscle Injury,1208205,2024-12-29T15:00:00+00:00
52,Crystal Palace,288102,A. Wharton,Missing Fixture,Groin Injury,1208205,2024-12-29T15:00:00+00:00
41,Southampton,105971,G. Bazunu,Missing Fixture,Achilles Tendon Injury,1208205,2024-12-29T15:00:00+00:00
41,Southampton,130421,W. Smallbone,Missing Fixture,Thigh Injury,1208205,2024-12-29T15:00:00+00:00
41,Southampton,18940,J. Stephens,Missing Fixture,Knock,1208205,2024-12-29T15:00:00+00:00
41,Southampton,45078,R. Stewart,Missing Fixture,Thigh Injury,1208205,2024-12-29T15:00:00+00:00
45,Everton,895,J. Garner,Missing Fixture,Lower Back Injury,1208206,2024-12-29T15:00:00+00:00
45,Everton,284500,T. Iroegbunam,Missing Fixture,Ankle Injury,1208206,2024-12-29T15:00:00+00:00
45,Everton,18758,S. Coleman,Questionable,Calf Injury,1208206,2024-12-29T15:00:00+00:00
45,Everton,18929,D. McNeil,Questionable,Knee Injury,1208206,2024-12-29T15:00:00+00:00
65,Nottingham Forest,275170,Danilo,Missing Fixture,Ankle Injury,1208206,2024-12-29T15:00:00+00:00
65,Nottingham Forest,22149,I. Sangare,Missing Fixture,Foot Injury,1208206,2024-12-29T15:00:00+00:00
65,Nottingham Forest,19305,R. Yates,Missing Fixture,Yellow Cards,1208206,2024-12-29T15:00:00+00:00
36,Fulham,1934,S. Berge,Missing Fixture,Ankle Injury,1208207,2024-12-29T15:00:00+00:00
36,Fulham,727,R. Nelson,Missing Fixture,Thigh Injury,1208207,2024-12-29T15:00:00+00:00
36,Fulham,19480,H. Reed,Missing Fixture,Knee Injury,1208207,2024-12-29T15:00:00+00:00
36,Fulham,657,K. Tete,Missing Fixture,Knee Injury,1208207,2024-12-29T15:00:00+00:00
35,Bournemouth,51051,J. Araujo,Missing Fixture,Thigh Injury,1208207,2024-12-29T15:00:00+00:00
35,Bournemouth,792,J. Kluivert,Missing Fixture,Yellow Cards,1208207,2024-12-29T15:00:00+00:00
35,Bournemouth,304853,A. Scott,Missing Fixture,Knee Injury,1208207,2024-12-29T15:00:00+00:00
35,Bournemouth,6610,M. Senesi,Missing Fixture,Thigh Injury,1208207,2024-12-29T15:00:00+00:00
35,Bournemouth,37161,L. Sinisterra,Missing Fixture,Thigh Injury,1208207,2024-12-29T15:00:00+00:00
35,Bournemouth,18869,A. Smith,Missing Fixture,Leg Injury,1208207,2024-12-29T15:00:00+00:00
35,Bournemouth,19245,M. Tavernier,Missing Fixture,Thigh Injury,1208207,2024-12-29T15:00:00+00:00
47,Tottenham,164,B. Davies,Missing Fixture,Thigh Injury,1208211,2024-12-29T15:00:00+00:00
47,Tottenham,336564,W. Odobert,Missing Fixture,Thigh Injury,1208211,2024-12-29T15:00:00+00:00
47,Tottenham,2413,Richarlison,Missing Fixture,Thigh Injury,1208211,2024-12-29T15:00:00+00:00
47,Tottenham,30776,C. Romero,Missing Fixture,Thigh Injury,1208211,2024-12-29T15:00:00+00:00
47,Tottenham,19235,D. Spence,Missing Fixture,Red Card,1208211,2024-12-29T15:00:00+00:00
47,Tottenham,31354,G. Vicario,Missing Fixture,Broken ankle,1208211,2024-12-29T15:00:00+00:00
47,Tottenham,152849,M. van de Ven,Missing Fixture,Thigh Injury,1208211,2024-12-29T15:00:00+00:00
39,Wolves,385726,E. Gonzalez,Missing Fixture,Knee Injury,1208211,2024-12-29T15:00:00+00:00
39,Wolves,7722,S. Kalajdzic,Missing Fixture,Knee Injury,1208211,2024-12-29T15:00:00+00:00
39,Wolves,195717,Y. Mosquera,Missing Fixture,Knee Injury,1208211,2024-12-29T15:00:00+00:00
39,Wolves,2056,P. Sarabia,Missing Fixture,Calf Injury,1208211,2024-12-29T15:00:00+00:00
39,Wolves,157912,B. Traore,Missing Fixture,Knee Injury,1208211,2024-12-29T15:00:00+00:00
39,Wolves,18947,M. Lemina,Questionable,Muscle Injury,1208211,2024-12-29T15:00:00+00:00
48,West Ham,18819,M. Antonio,Missing Fixture,Inactive,1208212,2024-12-29T17:15:00+00:00
48,West Ham,2997,L. Fabianski,Missing Fixture,Head Injury,1208212,2024-12-29T17:15:00+00:00
48,West Ham,2476,G. Rodriguez,Missing Fixture,Yellow Cards,1208212,2024-12-29T17:15:00+00:00
48,West Ham,1243,T. Soucek,Missing Fixture,Yellow Cards,1208212,2024-12-29T17:15:00+00:00
40,Liverpool,180317,C. Bradley,Missing Fixture,Muscle Injury,1208212,2024-12-29T17:15:00+00:00
40,Liverpool,30410,F. Chiesa,Missing Fixture,Inactive,1208212,2024-12-29T17:15:00+00:00
40,Liverpool,1145,I. Konate,Missing Fixture,Knee Injury,1208212,2024-12-29T17:15:00+00:00
40,Liverpool,1096,D. Szoboszlai,Missing Fixture,Yellow Cards,1208212,2024-12-29T17:15:00+00:00
66,Aston Villa,19298,M. Cash,Missing Fixture,Yellow Cards,1208203,2024-12-30T19:45:00+00:00
66,Aston Villa,13489,J. Duran,Missing Fixture,Red Card,1208203,2024-12-30T19:45:00+00:00
51,Brighton,129643,E. Ferguson,Missing Fixture,Knock,1208203,2024-12-30T19:45:00+00:00
51,Brighton,296,J. Milner,Missing Fixture,Thigh Injury,1208203,2024-12-30T19:45:00+00:00
51,Brighton,1469,D. Welbeck,Missing Fixture,Ankle Injury,1208203,2024-12-30T19:45:00+00:00
51,Brighton,305730,J. Hinshelwood,Questionable,Knee Injury,1208203,2024-12-30T19:45:00+00:00
51,Brighton,1361,F. Kadioglu,Questionable,Toe Injury,1208203,2024-12-30T19:45:00+00:00
51,Brighton,19265,A. Webster,Questionable,Muscle Injury,1208203,2024-12-30T19:45:00+00:00
57,Ipswich,20167,J. Donacien,Missing Fixture,Ankle Injury,1208208,2024-12-30T19:45:00+00:00
57,Ipswich,8794,G. Hirst,Missing Fixture,Knee Injury,1208208,2024-12-30T19:45:00+00:00
57,Ipswich,19365,C. Ogbene,Missing Fixture,Calf Injury,1208208,2024-12-30T19:45:00+00:00
57,Ipswich,19182,A. Tuanzebe,Missing Fixture,Hamstring Injury,1208208,2024-12-30T19:45:00+00:00
57,Ipswich,2752,M. Luongo,Questionable,Illness,1208208,2024-12-30T19:45:00+00:00
49,Chelsea,95,B. Badiashile,Missing Fixture,Injury,1208208,2024-12-30T19:45:00+00:00
49,Chelsea,22094,W. Fofana,Missing Fixture,Muscle Injury,1208208,2024-12-30T19:45:00+00:00
49,Chelsea,329347,O. Kellyman,Missing Fixture,Muscle Injury,1208208,2024-12-30T19:45:00+00:00
49,Chelsea,63577,M. Mudryk,Missing Fixture,Suspended,1208208,2024-12-30T19:45:00+00:00
49,Chelsea,138935,C. Chukwuemeka,Questionable,Illness,1208208,2024-12-30T19:45:00+00:00
49,Chelsea,148099,K. Dewsbury-Hall,Questionable,Knock,1208208,2024-12-30T19:45:00+00:00
49,Chelsea,282125,R. Lavia,Questionable,Muscle Injury,1208208,2024-12-30T19:45:00+00:00
33,Manchester United,1485,B. Fernandes,Missing Fixture,Red Card,1208210,2024-12-30T20:00:00+00:00
33,Manchester United,889,V. Lindelof,Missing Fixture,Injury,1208210,2024-12-30T20:00:00+00:00
33,Manchester United,19220,M. Mount,Missing Fixture,Leg Injury,1208210,2024-12-30T20:00:00+00:00
33,Manchester United,891,L. Shaw,Missing Fixture,Calf Injury,1208210,2024-12-30T20:00:00+00:00
33,Manchester United,51494,M. Ugarte,Missing Fixture,Yellow Cards,1208210,2024-12-30T20:00:00+00:00
34,Newcastle,2855,E. Krafth,Missing Fixture,Shoulder Injury,1208210,2024-12-30T20:00:00+00:00
34,Newcastle,18894,J. Lascelles,Missing Fixture,Knee Injury,1208210,2024-12-30T20:00:00+00:00
34,Newcastle,18911,N. Pope,Missing Fixture,Knee Injury,1208210,2024-12-30T20:00:00+00:00
34,Newcastle,2939,C. Wilson,Missing Fixture,Thigh Injury,1208210,2024-12-30T20:00:00+00:00
34,Newcastle,38734,S. Botman,Questionable,Injury,1208210,2024-12-30T20:00:00+00:00
55,Brentford,1119,K. Ajer,Missing Fixture,Ankle Injury,1208204,2025-01-01T17:30:00+00:00
55,Brentford,19362,J. Dasilva,Missing Fixture,Knee Injury,1208204,2025-01-01T17:30:00+00:00
55,Brentford,19346,R. Henry,Missing Fixture,Knee Injury,1208204,2025-01-01T17:30:00+00:00
55,Brentford,44871,A. Hickey,Missing Fixture,Thigh Injury,1208204,2025-01-01T17:30:00+00:00
55,Brentford,18917,B. Mee,Missing Fixture,Injury,1208204,2025-01-01T17:30:00+00:00
55,Brentford,19789,E. Pinnock,Missing Fixture,Thigh Injury,1208204,2025-01-01T17:30:00+00:00
55,Brentford,196156,I. Thiago,Questionable,Knock,1208204,2025-01-01T17:30:00+00:00
42,Arsenal,1460,B. Saka,Missing Fixture,Thigh Injury,1208204,2025-01-01T17:30:00+00:00
42,Arsenal,645,R. Sterling,Missing Fixture,Knee Injury,1208204,2025-01-01T17:30:00+00:00
42,Arsenal,2597,T. Tomiyasu,Missing Fixture,Knee Injury,1208204,2025-01-01T17:30:00+00:00
42,Arsenal,19959,B. White,Missing Fixture,Knee Injury,1208204,2025-01-01T17:30:00+00:00
47,Tottenham,863,R. Bentancur,Missing Fixture,Yellow Cards,1208221,2025-01-04T12:30:00+00:00
47,Tottenham,164,B. Davies,Missing Fixture,Thigh Injury,1208221,2025-01-04T12:30:00+00:00
47,Tottenham,380690,M. Moore,Missing Fixture,Illness,1208221,2025-01-04T12:30:00+00:00
47,Tottenham,336564,W. Odobert,Missing Fixture,Thigh Injury,1208221,2025-01-04T12:30:00+00:00
47,Tottenham,2413,Richarlison,Missing Fixture,Thigh Injury,1208221,2025-01-04T12:30:00+00:00
47,Tottenham,30776,C. Romero,Missing Fixture,Thigh Injury,1208221,2025-01-04T12:30:00+00:00
47,Tottenham,204039,D. Udogie,Missing Fixture,Thigh Injury,1208221,2025-01-04T12:30:00+00:00
47,Tottenham,31354,G. Vicario,Missing Fixture,Broken ankle,1208221,2025-01-04T12:30:00+00:00
47,Tottenham,152849,M. van de Ven,Missing Fixture,Thigh Injury,1208221,2025-01-04T12:30:00+00:00
47,Tottenham,18932,F. Forster,Questionable,Health problems,1208221,2025-01-04T12:30:00+00:00
34,Newcastle,2855,E. Krafth,Missing Fixture,Shoulder Injury,1208221,2025-01-04T12:30:00+00:00
34,Newcastle,18894,J. Lascelles,Missing Fixture,Knee Injury,1208221,2025-01-04T12:30:00+00:00
34,Newcastle,18911,N. Pope,Missing Fixture,Knee Injury,1208221,2025-01-04T12:30:00+00:00
34,Newcastle,2806,F. Schar,Missing Fixture,Yellow Cards,1208221,2025-01-04T12:30:00+00:00
34,Newcastle,2939,C. Wilson,Missing Fixture,Thigh Injury,1208221,2025-01-04T12:30:00+00:00
66,Aston Villa,21090,Diego Carlos,Missing Fixture,Ankle Injury,1208214,2025-01-04T15:00:00+00:00
66,Aston Villa,13489,J. Duran,Missing Fixture,Red Card,1208214,2025-01-04T15:00:00+00:00
66,Aston Villa,138931,J. Philogene,Missing Fixture,Knock,1208214,2025-01-04T15:00:00+00:00
66,Aston Villa,19170,M. Rogers,Missing Fixture,Yellow Cards,1208214,2025-01-04T15:00:00+00:00
66,Aston Villa,46815,P. Torres,Missing Fixture,Foot Injury,1208214,2025-01-04T15:00:00+00:00
46,Leicester,303467,I. Fatawu,Missing Fixture,Knee Injury,1208214,2025-01-04T15:00:00+00:00
46,Leicester,15870,M. Hermansen,Missing Fixture,Muscle Injury,1208214,2025-01-04T15:00:00+00:00
46,Leicester,283290,K. McAteer,Missing Fixture,Knock,1208214,2025-01-04T15:00:00+00:00
46,Leicester,18786,W. Ndidi,Missing Fixture,Thigh Injury,1208214,2025-01-04T15:00:00+00:00
46,Leicester,405905,N. Opoku,Missing Fixture,Broken Leg,1208214,2025-01-04T15:00:00+00:00
46,Leicester,18771,R. Pereira,Missing Fixture,Thigh Injury,1208214,2025-01-04T15:00:00+00:00
35,Bournemouth,51051,J. Araujo,Missing Fixture,Thigh Injury,1208213,2025-01-04T15:00:00+00:00
35,Bournemouth,304853,A. Scott,Missing Fixture,Knee Injury,1208213,2025-01-04T15:00:00+00:00
35,Bournemouth,6610,M. Senesi,Missing Fixture,Thigh Injury,1208213,2025-01-04T15:00:00+00:00
35,Bournemouth,37161,L. Sinisterra,Missing Fixture,Thigh Injury,1208213,2025-01-04T15:00:00+00:00
35,Bournemouth,18869,A. Smith,Missing Fixture,Leg Injury,1208213,2025-01-04T15:00:00+00:00
35,Bournemouth,19245,M. Tavernier,Missing Fixture,Thigh Injury,1208213,2025-01-04T15:00:00+00:00
45,Everton,18758,S. Coleman,Missing Fixture,Calf Injury,1208213,2025-01-04T15:00:00+00:00
45,Everton,895,J. Garner,Missing Fixture,Lower Back Injury,1208213,2025-01-04T15:00:00+00:00
45,Everton,284500,T. Iroegbunam,Missing Fixture,Ankle Injury,1208213,2025-01-04T15:00:00+00:00
45,Everton,18929,D. McNeil,Missing Fixture,Knee Injury,1208213,2025-01-04T15:00:00+00:00
52,Crystal Palace,19720,T. Chalobah,Missing Fixture,Loan agreement,1208216,2025-01-04T15:00:00+00:00
52,Crystal Palace,1440,R. Holding,Missing Fixture,Coach's decision,1208216,2025-01-04T15:00:00+00:00
52,Crystal Palace,18806,W. Hughes,Missing Fixture,Ankle Injury,1208216,2025-01-04T15:00:00+00:00
52,Crystal Palace,311157,Matheus Franca,Missing Fixture,Muscle Injury,1208216,2025-01-04T15:00:00+00:00
52,Crystal Palace,288102,A. Wharton,Missing Fixture,Groin Injury,1208216,2025-01-04T15:00:00+00:00
49,Chelsea,95,B. Badiashile,Missing Fixture,Thigh Injury,1208216,2025-01-04T15:00:00+00:00
49,Chelsea,148099,K. Dewsbury-Hall,Missing Fixture,Knock,1208216,2025-01-04T15:00:00+00:00
49,Chelsea,22094,W. Fofana,Missing Fixture,Muscle Injury,1208216,2025-01-04T15:00:00+00:00
49,Chelsea,329347,O. Kellyman,Missing Fixture,Muscle Injury,1208216,2025-01-04T15:00:00+00:00
49,Chelsea,63577,M. Mudryk,Missing Fixture,Suspended,1208216,2025-01-04T15:00:00+00:00
49,Chelsea,138935,C. Chukwuemeka,Questionable,Illness,1208216,2025-01-04T15:00:00+00:00
49,Chelsea,282125,R. Lavia,Questionable,Muscle Injury,1208216,2025-01-04T15:00:00+00:00
50,Manchester City,278133,O. Bobb,Missing Fixture,Leg Injury,1208219,2025-01-04T15:00:00+00:00
50,Manchester City,567,R. Dias,Missing Fixture,Muscle Injury,1208219,2025-01-04T15:00:00+00:00
50,Manchester City,44,Rodri,Missing Fixture,Knee Injury,1208219,2025-01-04T15:00:00+00:00
50,Manchester City,626,J. Stones,Missing Fixture,Ankle Injury,1208219,2025-01-04T15:00:00+00:00
50,Manchester City,617,Ederson,Questionable,Injury,1208219,2025-01-04T15:00:00+00:00
48,West Ham,18819,M. Antonio,Missing Fixture,Inactive,1208219,2025-01-04T15:00:00+00:00
48,West Ham,19428,J. Bowen,Missing Fixture,Broken Leg,1208219,2025-01-04T15:00:00+00:00
48,West Ham,2997,L. Fabianski,Missing Fixture,Head Injury,1208219,2025-01-04T15:00:00+00:00
41,Southampton,105971,G. Bazunu,Missing Fixture,Achilles Tendon Injury,1208220,2025-01-04T15:00:00+00:00
41,Southampton,336585,M. Fernandes,Missing Fixture,Yellow Cards,1208220,2025-01-04T15:00:00+00:00
41,Southampton,18940,J. Stephens,Missing Fixture,Knock,1208220,2025-01-04T15:00:00+00:00
41,Southampton,45078,R. Stewart,Missing Fixture,Thigh Injury,1208220,2025-01-04T15:00:00+00:00
41,Southampton,19733,F. Downes,Questionable,Thigh Injury,1208220,2025-01-04T15:00:00+00:00
41,Southampton,130421,W. Smallbone,Questionable,Thigh Injury,1208220,2025-01-04T15:00:00+00:00
55,Brentford,1119,K. Ajer,Missing Fixture,Ankle Injury,1208220,2025-01-04T15:00:00+00:00
55,Brentford,153066,F. Carvalho,Missing Fixture,Groin Injury,1208220,2025-01-04T15:00:00+00:00
55,Brentford,19362,J. Dasilva,Missing Fixture,Knee Injury,1208220,2025-01-04T15:00:00+00:00
55,Brentford,19346,R. Henry,Missing Fixture,Knee Injury,1208220,2025-01-04T15:00:00+00:00
55,Brentford,44871,A. Hickey,Missing Fixture,Hamstring Injury,1208220,2025-01-04T15:00:00+00:00
55,Brentford,18917,B. Mee,Missing Fixture,Injury,1208220,2025-01-04T15:00:00+00:00
55,Brentford,19789,E. Pinnock,Missing Fixture,Thigh Injury,1208220,2025-01-04T15:00:00+00:00
55,Brentford,196156,I. Thiago,Missing Fixture,Knee Injury,1208220,2025-01-04T15:00:00+00:00
51,Brighton,129643,E. Ferguson,Missing Fixture,Ankle Injury,1208215,2025-01-04T17:30:00+00:00
51,Brighton,278370,D. Gomez,Missing Fixture,Inactive,1208215,2025-01-04T17:30:00+00:00
51,Brighton,305730,J. Hinshelwood,Missing Fixture,Knee Injury,1208215,2025-01-04T17:30:00+00:00
51,Brighton,1361,F. Kadioglu,Missing Fixture,Toe Injury,1208215,2025-01-04T17:30:00+00:00
51,Brighton,296,J. Milner,Missing Fixture,Thigh Injury,1208215,2025-01-04T17:30:00+00:00
51,Brighton,1469,D. Welbeck,Missing Fixture,Ankle Injury,1208215,2025-01-04T17:30:00+00:00
51,Brighton,92993,M. Wieffer,Missing Fixture,Thigh Injury,1208215,2025-01-04T17:30:00+00:00
42,Arsenal,1460,B. Saka,Missing Fixture,Thigh Injury,1208215,2025-01-04T17:30:00+00:00
42,Arsenal,645,R. Sterling,Missing Fixture,Knee Injury,1208215,2025-01-04T17:30:00+00:00
42,Arsenal,38746,J. Timber,Missing Fixture,Yellow Cards,1208215,2025-01-04T17:30:00+00:00
42,Arsenal,2597,T. Tomiyasu,Missing Fixture,Knee Injury,1208215,2025-01-04T17:30:00+00:00
42,Arsenal,19959,B. White,Missing Fixture,Knee Injury,1208215,2025-01-04T17:30:00+00:00
36,Fulham,1934,S. Berge,Missing Fixture,Ankle Injury,1208217,2025-01-05T14:00:00+00:00
36,Fulham,727,R. Nelson,Missing Fixture,Thigh Injury,1208217,2025-01-05T14:00:00+00:00
36,Fulham,19480,H. Reed,Missing Fixture,Knee Injury,1208217,2025-01-05T14:00:00+00:00
36,Fulham,657,K. Tete,Missing Fixture,Knee Injury,1208217,2025-01-05T14:00:00+00:00
57,Ipswich,20007,C. Chaplin,Missing Fixture,Knee Injury,1208217,2025-01-05T14:00:00+00:00
57,Ipswich,20167,J. Donacien,Missing Fixture,Ankle Injury,1208217,2025-01-05T14:00:00+00:00
57,Ipswich,8794,G. Hirst,Missing Fixture,Knee Injury,1208217,2025-01-05T14:00:00+00:00
57,Ipswich,19365,C. Ogbene,Missing Fixture,Calf Injury,1208217,2025-01-05T14:00:00+00:00
57,Ipswich,19182,A. Tuanzebe,Missing Fixture,Hamstring Injury,1208217,2025-01-05T14:00:00+00:00
57,Ipswich,2752,M. Luongo,Questionable,Illness,1208217,2025-01-05T14:00:00+00:00
40,Liverpool,284,J. Gomez,Missing Fixture,Hamstring Injury,1208218,2025-01-05T16:30:00+00:00
40,Liverpool,1096,D. Szoboszlai,Missing Fixture,Illness,1208218,2025-01-05T16:30:00+00:00
33,Manchester United,889,V. Lindelof,Missing Fixture,Injury,1208218,2025-01-05T16:30:00+00:00
33,Manchester United,19220,M. Mount,Missing Fixture,Leg Injury,1208218,2025-01-05T16:30:00+00:00
33,Manchester United,909,M. Rashford,Missing Fixture,Illness,1208218,2025-01-05T16:30:00+00:00
33,Manchester United,891,L. Shaw,Missing Fixture,Calf Injury,1208218,2025-01-05T16:30:00+00:00
39,Wolves,1165,M. Cunha,Missing Fixture,Suspended,1208222,2025-01-06T20:00:00+00:00
39,Wolves,385726,E. Gonzalez,Missing Fixture,Knee Injury,1208222,2025-01-06T20:00:00+00:00
39,Wolves,7722,S. Kalajdzic,Missing Fixture,Knee Injury,1208222,2025-01-06T20:00:00+00:00
39,Wolves,195717,Y. Mosquera,Missing Fixture,Knee Injury,1208222,2025-01-06T20:00:00+00:00
39,Wolves,41606,Toti,Missing Fixture,Thigh Injury,1208222,2025-01-06T20:00:00+00:00
39,Wolves,157912,B. Traore,Missing Fixture,Knee Injury,1208222,2025-01-06T20:00:00+00:00
65,Nottingham Forest,275170,Danilo,Missing Fixture,Ankle Injury,1208222,2025-01-06T20:00:00+00:00
65,Nottingham Forest,22149,I. Sangare,Missing Fixture,Foot Injury,1208222,2025-01-06T20:00:00+00:00
55,Brentford,1119,K. Ajer,Missing Fixture,Ankle Injury,1208224,2025-01-14T19:30:00+00:00
55,Brentford,19362,J. Dasilva,Missing Fixture,Knee Injury,1208224,2025-01-14T19:30:00+00:00
55,Brentford,44871,A. Hickey,Missing Fixture,Hamstring Injury,1208224,2025-01-14T19:30:00+00:00
55,Brentford,19789,E. Pinnock,Missing Fixture,Thigh Injury,1208224,2025-01-14T19:30:00+00:00
55,Brentford,196156,I. Thiago,Missing Fixture,Knee Injury,1208224,2025-01-14T19:30:00+00:00
55,Brentford,382925,R. Trevitt,Missing Fixture,Calf Injury,1208224,2025-01-14T19:30:00+00:00
50,Manchester City,278133,O. Bobb,Missing Fixture,Leg Injury,1208224,2025-01-14T19:30:00+00:00
50,Manchester City,567,R. Dias,Missing Fixture,Muscle Injury,1208224,2025-01-14T19:30:00+00:00
50,Manchester City,44,Rodri,Missing Fixture,Knee Injury,1208224,2025-01-14T19:30:00+00:00
50,Manchester City,626,J. Stones,Missing Fixture,Ankle Injury,1208224,2025-01-14T19:30:00+00:00
49,Chelsea,95,B. Badiashile,Missing Fixture,Thigh Injury,1208230,2025-01-14T19:30:00+00:00
49,Chelsea,270507,C. Casadei,Missing Fixture,Coach's decision,1208230,2025-01-14T19:30:00+00:00
49,Chelsea,2933,B. Chilwell,Missing Fixture,Coach's decision,1208230,2025-01-14T19:30:00+00:00
49,Chelsea,148099,K. Dewsbury-Hall,Missing Fixture,Knock,1208230,2025-01-14T19:30:00+00:00
49,Chelsea,22094,W. Fofana,Missing Fixture,Muscle Injury,1208230,2025-01-14T19:30:00+00:00
49,Chelsea,329347,O. Kellyman,Missing Fixture,Muscle Injury,1208230,2025-01-14T19:30:00+00:00
49,Chelsea,63577,M. Mudryk,Missing Fixture,Suspended,1208230,2025-01-14T19:30:00+00:00
35,Bournemouth,51051,J. Araujo,Missing Fixture,Hamstring Injury,1208230,2025-01-14T19:30:00+00:00
35,Bournemouth,2273,K. Arrizabalaga,Missing Fixture,Loan agreement,1208230,2025-01-14T19:30:00+00:00
35,Bournemouth,152856,Evanilson,Missing Fixture,Foot Injury,1208230,2025-01-14T19:30:00+00:00
35,Bournemouth,304853,A. Scott,Missing Fixture,Knee Injury,1208230,2025-01-14T19:30:00+00:00
35,Bournemouth,6610,M. Senesi,Missing Fixture,Thigh Injury,1208230,2025-01-14T19:30:00+00:00
35,Bournemouth,37161,L. Sinisterra,Missing Fixture,Thigh Injury,1208230,2025-01-14T19:30:00+00:00
35,Bournemouth,18869,A. Smith,Missing Fixture,Leg Injury,1208230,2025-01-14T19:30:00+00:00
35,Bournemouth,19245,M. Tavernier,Missing Fixture,Thigh Injury,1208230,2025-01-14T19:30:00+00:00
35,Bournemouth,47499,E. Unal,Missing Fixture,Knee Injury,1208230,2025-01-14T19:30:00+00:00
48,West Ham,18819,M. Antonio,Missing Fixture,Inactive,1208229,2025-01-14T19:30:00+00:00
48,West Ham,19428,J. Bowen,Missing Fixture,Broken Leg,1208229,2025-01-14T19:30:00+00:00
48,West Ham,25391,N. Fullkrug,Missing Fixture,Leg Injury,1208229,2025-01-14T19:30:00+00:00
48,West Ham,138,J. Todibo,Missing Fixture,Injury,1208229,2025-01-14T19:30:00+00:00
48,West Ham,37724,C. Summerville,Questionable,Injury,1208229,2025-01-14T19:30:00+00:00
36,Fulham,727,R. Nelson,Missing Fixture,Thigh Injury,1208229,2025-01-14T19:30:00+00:00
36,Fulham,657,K. Tete,Missing Fixture,Knee Injury,1208229,2025-01-14T19:30:00+00:00
65,Nottingham Forest,22149,I. Sangare,Missing Fixture,Foot Injury,1208228,2025-01-14T20:00:00+00:00
40,Liverpool,284,J. Gomez,Missing Fixture,Hamstring Injury,1208228,2025-01-14T20:00:00+00:00
40,Liverpool,51617,D. Nunez,Missing Fixture,Yellow Cards,1208228,2025-01-14T20:00:00+00:00
45,Everton,138822,A. Broja,Missing Fixture,Ankle Injury,1208225,2025-01-15T19:30:00+00:00
45,Everton,330412,Chermiti,Missing Fixture,Thigh Injury,1208225,2025-01-15T19:30:00+00:00
45,Everton,895,J. Garner,Missing Fixture,Lower Back Injury,1208225,2025-01-15T19:30:00+00:00
45,Everton,284500,T. Iroegbunam,Missing Fixture,Ankle Injury,1208225,2025-01-15T19:30:00+00:00
45,Everton,18929,D. McNeil,Missing Fixture,Knee Injury,1208225,2025-01-15T19:30:00+00:00
45,Everton,18758,S. Coleman,Questionable,Calf Injury,1208225,2025-01-15T19:30:00+00:00
66,Aston Villa,2287,R. Barkley,Missing Fixture,Calf Injury,1208225,2025-01-15T19:30:00+00:00
66,Aston Villa,19191,J. McGinn,Missing Fixture,Thigh Injury,1208225,2025-01-15T19:30:00+00:00
66,Aston Villa,46815,P. Torres,Missing Fixture,Foot Injury,1208225,2025-01-15T19:30:00+00:00
66,Aston Villa,21090,Diego Carlos,Questionable,Ankle Injury,1208225,2025-01-15T19:30:00+00:00
46,Leicester,1135,O. Edouard,Missing Fixture,Loan agreement,1208227,2025-01-15T19:30:00+00:00
46,Leicester,303467,I. Fatawu,Missing Fixture,Knee Injury,1208227,2025-01-15T19:30:00+00:00
46,Leicester,15870,M. Hermansen,Missing Fixture,Muscle Injury,1208227,2025-01-15T19:30:00+00:00
46,Leicester,18786,W. Ndidi,Missing Fixture,Thigh Injury,1208227,2025-01-15T19:30:00+00:00
46,Leicester,405905,N. Opoku,Missing Fixture,Broken Leg,1208227,2025-01-15T19:30:00+00:00
46,Leicester,18771,R. Pereira,Missing Fixture,Thigh Injury,1208227,2025-01-15T19:30:00+00:00
52,Crystal Palace,1440,R. Holding,Missing Fixture,Coach's decision,1208227,2025-01-15T19:30:00+00:00
52,Crystal Palace,311157,Matheus Franca,Missing Fixture,Muscle Injury,1208227,2025-01-15T19:30:00+00:00
52,Crystal Palace,288102,A. Wharton,Missing Fixture,Groin Injury,1208227,2025-01-15T19:30:00+00:00
34,Newcastle,18778,H. Barnes,Missing Fixture,Thigh Injury,1208231,2025-01-15T19:30:00+00:00
34,Newcastle,18894,J. Lascelles,Missing Fixture,Knee Injury,1208231,2025-01-15T19:30:00+00:00
34,Newcastle,18911,N. Pope,Missing Fixture,Knee Injury,1208231,2025-01-15T19:30:00+00:00
34,Newcastle,2939,C. Wilson,Missing Fixture,Thigh Injury,1208231,2025-01-15T19:30:00+00:00
39,Wolves,385726,E. Gonzalez,Missing Fixture,Knee Injury,1208231,2025-01-15T19:30:00+00:00
39,Wolves,7722,S. Kalajdzic,Missing Fixture,Knee Injury,1208231,2025-01-15T19:30:00+00:00
39,Wolves,195717,Y. Mosquera,Missing Fixture,Knee Injury,1208231,2025-01-15T19:30:00+00:00
39,Wolves,41606,Toti,Missing Fixture,Thigh Injury,1208231,2025-01-15T19:30:00+00:00
39,Wolves,157912,B. Traore,Missing Fixture,Knee Injury,1208231,2025-01-15T19:30:00+00:00
42,Arsenal,643,Gabriel Jesus,Missing Fixture,Knee Injury,1208223,2025-01-15T20:00:00+00:00
42,Arsenal,313236,E. Nwaneri,Missing Fixture,Muscle Injury,1208223,2025-01-15T20:00:00+00:00
42,Arsenal,1460,B. Saka,Missing Fixture,Thigh Injury,1208223,2025-01-15T20:00:00+00:00
42,Arsenal,2597,T. Tomiyasu,Missing Fixture,Knee Injury,1208223,2025-01-15T20:00:00+00:00
42,Arsenal,19959,B. White,Missing Fixture,Knee Injury,1208223,2025-01-15T20:00:00+00:00
42,Arsenal,157052,R. Calafiori,Questionable,Muscle Injury,1208223,2025-01-15T20:00:00+00:00
47,Tottenham,863,R. Bentancur,Missing Fixture,Concussion,1208223,2025-01-15T20:00:00+00:00
47,Tottenham,164,B. Davies,Missing Fixture,Thigh Injury,1208223,2025-01-15T20:00:00+00:00
47,Tottenham,336564,W. Odobert,Missing Fixture,Thigh Injury,1208223,2025-01-15T20:00:00+00:00
47,Tottenham,30776,C. Romero,Missing Fixture,Thigh Injury,1208223,2025-01-15T20:00:00+00:00
47,Tottenham,204039,D. Udogie,Missing Fixture,Thigh Injury,1208223,2025-01-15T20:00:00+00:00
47,Tottenham,31354,G. Vicario,Missing Fixture,Broken ankle,1208223,2025-01-15T20:00:00+00:00
47,Tottenham,1166,T. Werner,Missing Fixture,Muscle Injury,1208223,2025-01-15T20:00:00+00:00
47,Tottenham,152849,M. van de Ven,Missing Fixture,Thigh Injury,1208223,2025-01-15T20:00:00+00:00
47,Tottenham,18932,F. Forster,Questionable,Health problems,1208223,2025-01-15T20:00:00+00:00
57,Ipswich,20007,C. Chaplin,Missing Fixture,Knee Injury,1208226,2025-01-16T19:30:00+00:00
57,Ipswich,19365,C. Ogbene,Missing Fixture,Calf Injury,1208226,2025-01-16T19:30:00+00:00
57,Ipswich,17579,S. Szmodics,Missing Fixture,Ankle Injury,1208226,2025-01-16T19:30:00+00:00
57,Ipswich,19182,A. Tuanzebe,Missing Fixture,Hamstring Injury,1208226,2025-01-16T19:30:00+00:00
51,Brighton,129643,E. Ferguson,Missing Fixture,Ankle Injury,1208226,2025-01-16T19:30:00+00:00
51,Brighton,278370,D. Gomez,Missing Fixture,Inactive,1208226,2025-01-16T19:30:00+00:00
51,Brighton,305730,J. Hinshelwood,Missing Fixture,Knee Injury,1208226,2025-01-16T19:30:00+00:00
51,Brighton,7600,Igor,Missing Fixture,Thigh Injury,1208226,2025-01-16T19:30:00+00:00
51,Brighton,1361,F. Kadioglu,Missing Fixture,Toe Injury,1208226,2025-01-16T19:30:00+00:00
51,Brighton,296,J. Milner,Missing Fixture,Thigh Injury,1208226,2025-01-16T19:30:00+00:00
51,Brighton,92993,M. Wieffer,Missing Fixture,Thigh Injury,1208226,2025-01-16T19:30:00+00:00
33,Manchester United,886,D. Dalot,Missing Fixture,Red Card,1208232,2025-01-16T20:00:00+00:00
33,Manchester United,18772,J. Evans,Missing Fixture,Muscle Injury,1208232,2025-01-16T20:00:00+00:00
33,Manchester United,889,V. Lindelof,Missing Fixture,Injury,1208232,2025-01-16T20:00:00+00:00
33,Manchester United,19220,M. Mount,Missing Fixture,Leg Injury,1208232,2025-01-16T20:00:00+00:00
33,Manchester United,909,M. Rashford,Missing Fixture,Coach's decision,1208232,2025-01-16T20:00:00+00:00
33,Manchester United,891,L. Shaw,Missing Fixture,Calf Injury,1208232,2025-01-16T20:00:00+00:00
41,Southampton,18940,J. Stephens,Missing Fixture,Knock,1208232,2025-01-16T20:00:00+00:00
41,Southampton,45078,R. Stewart,Missing Fixture,Thigh Injury,1208232,2025-01-16T20:00:00+00:00
34,Newcastle,18778,H. Barnes,Missing Fixture,Thigh Injury,1208240,2025-01-18T12:30:00+00:00
34,Newcastle,18894,J. Lascelles,Missing Fixture,Knee Injury,1208240,2025-01-18T12:30:00+00:00
34,Newcastle,18911,N. Pope,Missing Fixture,Knee Injury,1208240,2025-01-18T12:30:00+00:00
34,Newcastle,2939,C. Wilson,Missing Fixture,Thigh Injury,1208240,2025-01-18T12:30:00+00:00
35,Bournemouth,51051,J. Araujo,Missing Fixture,Hamstring Injury,1208240,2025-01-18T12:30:00+00:00
35,Bournemouth,152856,Evanilson,Missing Fixture,Foot Injury,1208240,2025-01-18T12:30:00+00:00
35,Bournemouth,304853,A. Scott,Missing Fixture,Knee Injury,1208240,2025-01-18T12:30:00+00:00
35,Bournemouth,6610,M. Senesi,Missing Fixture,Thigh Injury,1208240,2025-01-18T12:30:00+00:00
35,Bournemouth,37161,L. Sinisterra,Missing Fixture,Thigh Injury,1208240,2025-01-18T12:30:00+00:00
35,Bournemouth,18869,A. Smith,Missing Fixture,Leg Injury,1208240,2025-01-18T12:30:00+00:00
35,Bournemouth,363333,J. Soler,Missing Fixture,International duty,1208240,2025-01-18T12:30:00+00:00
35,Bournemouth,19245,M. Tavernier,Missing Fixture,Thigh Injury,1208240,2025-01-18T12:30:00+00:00
35,Bournemouth,47499,E. Unal,Missing Fixture,Knee Injury,1208240,2025-01-18T12:30:00+00:00
35,Bournemouth,20093,J. Hill,Questionable,Thigh Injury,1208240,2025-01-18T12:30:00+00:00
55,Brentford,1119,K. Ajer,Missing Fixture,Ankle Injury,1208234,2025-01-18T15:00:00+00:00
55,Brentford,19362,J. Dasilva,Missing Fixture,Knee Injury,1208234,2025-01-18T15:00:00+00:00
55,Brentford,44871,A. Hickey,Missing Fixture,Hamstring Injury,1208234,2025-01-18T15:00:00+00:00
55,Brentford,19789,E. Pinnock,Missing Fixture,Thigh Injury,1208234,2025-01-18T15:00:00+00:00
55,Brentford,196156,I. Thiago,Missing Fixture,Knee Injury,1208234,2025-01-18T15:00:00+00:00
55,Brentford,382925,R. Trevitt,Missing Fixture,Calf Injury,1208234,2025-01-18T15:00:00+00:00
40,Liverpool,284,J. Gomez,Missing Fixture,Hamstring Injury,1208234,2025-01-18T15:00:00+00:00
40,Liverpool,2678,Diogo Jota,Questionable,Injury,1208234,2025-01-18T15:00:00+00:00
46,Leicester,303467,I. Fatawu,Missing Fixture,Knee Injury,1208238,2025-01-18T15:00:00+00:00
46,Leicester,15870,M. Hermansen,Missing Fixture,Muscle Injury,1208238,2025-01-18T15:00:00+00:00
46,Leicester,18786,W. Ndidi,Missing Fixture,Thigh Injury,1208238,2025-01-18T15:00:00+00:00
46,Leicester,405905,N. Opoku,Missing Fixture,Broken Leg,1208238,2025-01-18T15:00:00+00:00
46,Leicester,18771,R. Pereira,Missing Fixture,Thigh Injury,1208238,2025-01-18T15:00:00+00:00
36,Fulham,727,R. Nelson,Missing Fixture,Thigh Injury,1208238,2025-01-18T15:00:00+00:00
36,Fulham,657,K. Tete,Missing Fixture,Knee Injury,1208238,2025-01-18T15:00:00+00:00
48,West Ham,18819,M. Antonio,Missing Fixture,Inactive,1208242,2025-01-18T15:00:00+00:00
48,West Ham,19428,J. Bowen,Missing Fixture,Broken Leg,1208242,2025-01-18T15:00:00+00:00
48,West Ham,25391,N. Fullkrug,Missing Fixture,Leg Injury,1208242,2025-01-18T15:00:00+00:00
48,West Ham,138,J. Todibo,Missing Fixture,Injury,1208242,2025-01-18T15:00:00+00:00
48,West Ham,37724,C. Summerville,Questionable,Hamstring Injury,1208242,2025-01-18T15:00:00+00:00
52,Crystal Palace,1440,R. Holding,Missing Fixture,Coach's decision,1208242,2025-01-18T15:00:00+00:00
52,Crystal Palace,2490,J. Lerma,Missing Fixture,Illness,1208242,2025-01-18T15:00:00+00:00
52,Crystal Palace,311157,Matheus Franca,Missing Fixture,Muscle Injury,1208242,2025-01-18T15:00:00+00:00
52,Crystal Palace,288102,A. Wharton,Missing Fixture,Groin Injury,1208242,2025-01-18T15:00:00+00:00
42,Arsenal,643,Gabriel Jesus,Missing Fixture,Knee Injury,1208233,2025-01-18T17:30:00+00:00
42,Arsenal,313236,E. Nwaneri,Missing Fixture,Muscle Injury,1208233,2025-01-18T17:30:00+00:00
42,Arsenal,1460,B. Saka,Missing Fixture,Thigh Injury,1208233,2025-01-18T17:30:00+00:00
42,Arsenal,22090,W. Saliba,Missing Fixture,Hamstring Injury,1208233,2025-01-18T17:30:00+00:00
42,Arsenal,2597,T. Tomiyasu,Missing Fixture,Knee Injury,1208233,2025-01-18T17:30:00+00:00
42,Arsenal,19959,B. White,Missing Fixture,Knee Injury,1208233,2025-01-18T17:30:00+00:00
42,Arsenal,157052,R. Calafiori,Questionable,Muscle Injury,1208233,2025-01-18T17:30:00+00:00
66,Aston Villa,2287,R. Barkley,Missing Fixture,Calf Injury,1208233,2025-01-18T17:30:00+00:00
66,Aston Villa,21090,Diego Carlos,Missing Fixture,Ankle Injury,1208233,2025-01-18T17:30:00+00:00
66,Aston Villa,19191,J. McGinn,Missing Fixture,Thigh Injury,1208233,2025-01-18T17:30:00+00:00
66,Aston Villa,46815,P. Torres,Missing Fixture,Foot Injury,1208233,2025-01-18T17:30:00+00:00
45,Everton,138822,A. Broja,Missing Fixture,Ankle Injury,1208236,2025-01-19T14:00:00+00:00
45,Everton,330412,Chermiti,Missing Fixture,Thigh Injury,1208236,2025-01-19T14:00:00+00:00
45,Everton,18758,S. Coleman,Missing Fixture,Calf Injury,1208236,2025-01-19T14:00:00+00:00
45,Everton,895,J. Garner,Missing Fixture,Lower Back Injury,1208236,2025-01-19T14:00:00+00:00
45,Everton,284500,T. Iroegbunam,Missing Fixture,Ankle Injury,1208236,2025-01-19T14:00:00+00:00
45,Everton,18929,D. McNeil,Missing Fixture,Knee Injury,1208236,2025-01-19T14:00:00+00:00
47,Tottenham,863,R. Bentancur,Missing Fixture,Concussion,1208236,2025-01-19T14:00:00+00:00
47,Tottenham,336564,W. Odobert,Missing Fixture,Thigh Injury,1208236,2025-01-19T14:00:00+00:00
47,Tottenham,30776,C. Romero,Missing Fixture,Thigh Injury,1208236,2025-01-19T14:00:00+00:00
47,Tottenham,18883,D. Solanke,Missing Fixture,Knee Injury,1208236,2025-01-19T14:00:00+00:00
47,Tottenham,204039,D. Udogie,Missing Fixture,Thigh Injury,1208236,2025-01-19T14:00:00+00:00
47,Tottenham,31354,G. Vicario,Missing Fixture,Broken ankle,1208236,2025-01-19T14:00:00+00:00
47,Tottenham,1166,T. Werner,Missing Fixture,Muscle Injury,1208236,2025-01-19T14:00:00+00:00
47,Tottenham,152849,M. van de Ven,Missing Fixture,Thigh Injury,1208236,2025-01-19T14:00:00+00:00
47,Tottenham,18968,Y. Bissouma,Questionable,Calf Injury,1208236,2025-01-19T14:00:00+00:00
47,Tottenham,129711,B. Johnson,Questionable,Calf Injury,1208236,2025-01-19T14:00:00+00:00
33,Manchester United,18772,J. Evans,Missing Fixture,Muscle Injury,1208239,2025-01-19T14:00:00+00:00
33,Manchester United,889,V. Lindelof,Missing Fixture,Injury,1208239,2025-01-19T14:00:00+00:00
33,Manchester United,19220,M. Mount,Missing Fixture,Leg Injury,1208239,2025-01-19T14:00:00+00:00
33,Manchester United,909,M. Rashford,Missing Fixture,Coach's decision,1208239,2025-01-19T14:00:00+00:00
33,Manchester United,891,L. Shaw,Missing Fixture,Calf Injury,1208239,2025-01-19T14:00:00+00:00
51,Brighton,328225,B. Gruda,Missing Fixture,Injury,1208239,2025-01-19T14:00:00+00:00
51,Brighton,7600,Igor,Missing Fixture,Thigh Injury,1208239,2025-01-19T14:00:00+00:00
51,Brighton,1361,F. Kadioglu,Missing Fixture,Toe Injury,1208239,2025-01-19T14:00:00+00:00
51,Brighton,296,J. Milner,Missing Fixture,Thigh Injury,1208239,2025-01-19T14:00:00+00:00
51,Brighton,92993,M. Wieffer,Missing Fixture,Thigh Injury,1208239,2025-01-19T14:00:00+00:00
51,Brighton,129643,E. Ferguson,Questionable,Ankle Injury,1208239,2025-01-19T14:00:00+00:00
51,Brighton,305730,J. Hinshelwood,Questionable,Knee Injury,1208239,2025-01-19T14:00:00+00:00
65,Nottingham Forest,22149,I. Sangare,Missing Fixture,Foot Injury,1208241,2025-01-19T14:00:00+00:00
41,Southampton,18940,J. Stephens,Missing Fixture,Knock,1208241,2025-01-19T14:00:00+00:00
41,Southampton,45078,R. Stewart,Missing Fixture,Thigh Injury,1208241,2025-01-19T14:00:00+00:00
41,Southampton,304317,T. Dibling,Questionable,Ankle Injury,1208241,2025-01-19T14:00:00+00:00
57,Ipswich,20007,C. Chaplin,Missing Fixture,Knee Injury,1208237,2025-01-19T16:30:00+00:00
57,Ipswich,19365,C. Ogbene,Missing Fixture,Calf Injury,1208237,2025-01-19T16:30:00+00:00
57,Ipswich,19130,K. Phillips,Missing Fixture,Loan agreement,1208237,2025-01-19T16:30:00+00:00
57,Ipswich,17579,S. Szmodics,Missing Fixture,Ankle Injury,1208237,2025-01-19T16:30:00+00:00
50,Manchester City,278133,O. Bobb,Missing Fixture,Leg Injury,1208237,2025-01-19T16:30:00+00:00
50,Manchester City,44,Rodri,Missing Fixture,Knee Injury,1208237,2025-01-19T16:30:00+00:00
50,Manchester City,626,J. Stones,Questionable,Ankle Injury,1208237,2025-01-19T16:30:00+00:00
49,Chelsea,95,B. Badiashile,Missing Fixture,Thigh Injury,1208235,2025-01-20T20:00:00+00:00
49,Chelsea,270507,C. Casadei,Missing Fixture,Coach's decision,1208235,2025-01-20T20:00:00+00:00
49,Chelsea,2933,B. Chilwell,Missing Fixture,Coach's decision,1208235,2025-01-20T20:00:00+00:00
49,Chelsea,22094,W. Fofana,Missing Fixture,Muscle Injury,1208235,2025-01-20T20:00:00+00:00
49,Chelsea,329347,O. Kellyman,Missing Fixture,Muscle Injury,1208235,2025-01-20T20:00:00+00:00
49,Chelsea,63577,M. Mudryk,Missing Fixture,Suspended,1208235,2025-01-20T20:00:00+00:00
49,Chelsea,152953,L. Colwill,Questionable,Injury,1208235,2025-01-20T20:00:00+00:00
49,Chelsea,5996,E. Fernandez,Questionable,Injury,1208235,2025-01-20T20:00:00+00:00
49,Chelsea,282125,R. Lavia,Questionable,Thigh Injury,1208235,2025-01-20T20:00:00+00:00
39,Wolves,385726,E. Gonzalez,Missing Fixture,Knee Injury,1208235,2025-01-20T20:00:00+00:00
39,Wolves,7722,S. Kalajdzic,Missing Fixture,Knee Injury,1208235,2025-01-20T20:00:00+00:00
39,Wolves,195717,Y. Mosquera,Missing Fixture,Knee Injury,1208235,2025-01-20T20:00:00+00:00
39,Wolves,41606,Toti,Missing Fixture,Thigh Injury,1208235,2025-01-20T20:00:00+00:00
39,Wolves,157912,B. Traore,Questionable,Knee Injury,1208235,2025-01-20T20:00:00+00:00
35,Bournemouth,51051,J. Araujo,Missing Fixture,Thigh Injury,1208243,2025-01-25T15:00:00+00:00
35,Bournemouth,152856,Evanilson,Missing Fixture,Foot Injury,1208243,2025-01-25T15:00:00+00:00
35,Bournemouth,20093,J. Hill,Missing Fixture,Thigh Injury,1208243,2025-01-25T15:00:00+00:00
35,Bournemouth,304853,A. Scott,Missing Fixture,Knee Injury,1208243,2025-01-25T15:00:00+00:00
35,Bournemouth,6610,M. Senesi,Missing Fixture,Thigh Injury,1208243,2025-01-25T15:00:00+00:00
35,Bournemouth,37161,L. Sinisterra,Missing Fixture,Thigh Injury,1208243,2025-01-25T15:00:00+00:00
35,Bournemouth,18869,A. Smith,Missing Fixture,Leg Injury,1208243,2025-01-25T15:00:00+00:00
35,Bournemouth,363333,J. Soler,Missing Fixture,International duty,1208243,2025-01-25T15:00:00+00:00
35,Bournemouth,47499,E. Unal,Missing Fixture,Knee Injury,1208243,2025-01-25T15:00:00+00:00
65,Nottingham Forest,22149,I. Sangare,Missing Fixture,Thigh Injury,1208243,2025-01-25T15:00:00+00:00
65,Nottingham Forest,2298,C. Hudson-Odoi,Questionable,Muscle Injury,1208243,2025-01-25T15:00:00+00:00
51,Brighton,129643,E. Ferguson,Missing Fixture,Ankle Injury,1208245,2025-01-25T15:00:00+00:00
51,Brighton,7600,Igor,Missing Fixture,Thigh Injury,1208245,2025-01-25T15:00:00+00:00
51,Brighton,1361,F. Kadioglu,Missing Fixture,Toe Injury,1208245,2025-01-25T15:00:00+00:00
51,Brighton,296,J. Milner,Missing Fixture,Thigh Injury,1208245,2025-01-25T15:00:00+00:00
51,Brighton,18960,J. Steele,Missing Fixture,Shoulder Injury,1208245,2025-01-25T15:00:00+00:00
51,Brighton,92993,M. Wieffer,Missing Fixture,Thigh Injury,1208245,2025-01-25T15:00:00+00:00
45,Everton,138822,A. Broja,Missing Fixture,Ankle Injury,1208245,2025-01-25T15:00:00+00:00
45,Everton,330412,Chermiti,Missing Fixture,Thigh Injury,1208245,2025-01-25T15:00:00+00:00
45,Everton,18758,S. Coleman,Missing Fixture,Calf Injury,1208245,2025-01-25T15:00:00+00:00
45,Everton,284500,T. Iroegbunam,Missing Fixture,Ankle Injury,1208245,2025-01-25T15:00:00+00:00
45,Everton,18929,D. McNeil,Missing Fixture,Knee Injury,1208245,2025-01-25T15:00:00+00:00
40,Liverpool,2678,Diogo Jota,Missing Fixture,Muscle Injury,1208248,2025-01-25T15:00:00+00:00
40,Liverpool,284,J. Gomez,Missing Fixture,Hamstring Injury,1208248,2025-01-25T15:00:00+00:00
40,Liverpool,293,C. Jones,Questionable,Muscle Injury,1208248,2025-01-25T15:00:00+00:00
57,Ipswich,20007,C. Chaplin,Missing Fixture,Knee Injury,1208248,2025-01-25T15:00:00+00:00
57,Ipswich,19365,C. Ogbene,Missing Fixture,Calf Injury,1208248,2025-01-25T15:00:00+00:00
57,Ipswich,17579,S. Szmodics,Missing Fixture,Ankle Injury,1208248,2025-01-25T15:00:00+00:00
41,Southampton,304317,T. Dibling,Missing Fixture,Ankle Injury,1208250,2025-01-25T15:00:00+00:00
41,Southampton,263177,A. Gronbaek,Missing Fixture,Coach's decision,1208250,2025-01-25T15:00:00+00:00
41,Southampton,18940,J. Stephens,Missing Fixture,Knock,1208250,2025-01-25T15:00:00+00:00
41,Southampton,45078,R. Stewart,Missing Fixture,Thigh Injury,1208250,2025-01-25T15:00:00+00:00
41,Southampton,199837,K. Sulemana,Missing Fixture,Thigh Injury,1208250,2025-01-25T15:00:00+00:00
41,Southampton,20355,A. Ramsdale,Questionable,Lacking Match Fitness,1208250,2025-01-25T15:00:00+00:00
34,Newcastle,18778,H. Barnes,Missing Fixture,Thigh Injury,1208250,2025-01-25T15:00:00+00:00
34,Newcastle,18894,J. Lascelles,Missing Fixture,Knee Injury,1208250,2025-01-25T15:00:00+00:00
34,Newcastle,2939,C. Wilson,Missing Fixture,Thigh Injury,1208250,2025-01-25T15:00:00+00:00
39,Wolves,385726,E. Gonzalez,Missing Fixture,Knee Injury,1208252,2025-01-25T15:00:00+00:00
39,Wolves,7722,S. Kalajdzic,Missing Fixture,Knee Injury,1208252,2025-01-25T15:00:00+00:00
39,Wolves,18947,M. Lemina,Missing Fixture,Illness,1208252,2025-01-25T15:00:00+00:00
39,Wolves,195717,Y. Mosquera,Missing Fixture,Knee Injury,1208252,2025-01-25T15:00:00+00:00
39,Wolves,157912,B. Traore,Questionable,Knee Injury,1208252,2025-01-25T15:00:00+00:00
42,Arsenal,643,Gabriel Jesus,Missing Fixture,Knee Injury,1208252,2025-01-25T15:00:00+00:00
42,Arsenal,47311,M. Merino,Missing Fixture,Injury,1208252,2025-01-25T15:00:00+00:00
42,Arsenal,37127,M. Odegaard,Missing Fixture,Illness,1208252,2025-01-25T15:00:00+00:00
42,Arsenal,1460,B. Saka,Missing Fixture,Thigh Injury,1208252,2025-01-25T15:00:00+00:00
42,Arsenal,2597,T. Tomiyasu,Missing Fixture,Knee Injury,1208252,2025-01-25T15:00:00+00:00
42,Arsenal,19959,B. White,Missing Fixture,Knee Injury,1208252,2025-01-25T15:00:00+00:00
50,Manchester City,18861,N. Ake,Missing Fixture,Muscle Injury,1208249,2025-01-25T17:30:00+00:00
50,Manchester City,278133,O. Bobb,Missing Fixture,Leg Injury,1208249,2025-01-25T17:30:00+00:00
50,Manchester City,567,R. Dias,Missing Fixture,Injury,1208249,2025-01-25T17:30:00+00:00
50,Manchester City,1422,J. Doku,Missing Fixture,Injury,1208249,2025-01-25T17:30:00+00:00
50,Manchester City,44,Rodri,Missing Fixture,Knee Injury,1208249,2025-01-25T17:30:00+00:00
49,Chelsea,95,B. Badiashile,Missing Fixture,Thigh Injury,1208249,2025-01-25T17:30:00+00:00
49,Chelsea,270507,C. Casadei,Missing Fixture,Coach's decision,1208249,2025-01-25T17:30:00+00:00
49,Chelsea,2933,B. Chilwell,Missing Fixture,Coach's decision,1208249,2025-01-25T17:30:00+00:00
49,Chelsea,22094,W. Fofana,Missing Fixture,Muscle Injury,1208249,2025-01-25T17:30:00+00:00
49,Chelsea,583,Joao Felix,Missing Fixture,Personal Reasons,1208249,2025-01-25T17:30:00+00:00
49,Chelsea,329347,O. Kellyman,Missing Fixture,Muscle Injury,1208249,2025-01-25T17:30:00+00:00
49,Chelsea,282125,R. Lavia,Missing Fixture,Thigh Injury,1208249,2025-01-25T17:30:00+00:00
49,Chelsea,63577,M. Mudryk,Missing Fixture,Suspended,1208249,2025-01-25T17:30:00+00:00
52,Crystal Palace,3339,C. Doucoure,Missing Fixture,Knee Injury,1208246,2025-01-26T14:00:00+00:00
52,Crystal Palace,1440,R. Holding,Missing Fixture,Coach's decision,1208246,2025-01-26T14:00:00+00:00
52,Crystal Palace,311157,Matheus Franca,Missing Fixture,Muscle Injury,1208246,2025-01-26T14:00:00+00:00
52,Crystal Palace,278898,C. Riad,Missing Fixture,Knee Injury,1208246,2025-01-26T14:00:00+00:00
52,Crystal Palace,288102,A. Wharton,Missing Fixture,Groin Injury,1208246,2025-01-26T14:00:00+00:00
55,Brentford,19362,J. Dasilva,Missing Fixture,Knee Injury,1208246,2025-01-26T14:00:00+00:00
55,Brentford,44871,A. Hickey,Missing Fixture,Hamstring Injury,1208246,2025-01-26T14:00:00+00:00
55,Brentford,342022,M. Kayode,Missing Fixture,Coach's decision,1208246,2025-01-26T14:00:00+00:00
55,Brentford,19789,E. Pinnock,Missing Fixture,Thigh Injury,1208246,2025-01-26T14:00:00+00:00
55,Brentford,196156,I. Thiago,Missing Fixture,Knee Injury,1208246,2025-01-26T14:00:00+00:00
55,Brentford,382925,R. Trevitt,Questionable,Calf Injury,1208246,2025-01-26T14:00:00+00:00
47,Tottenham,129711,B. Johnson,Missing Fixture,Calf Injury,1208251,2025-01-26T14:00:00+00:00
47,Tottenham,336564,W. Odobert,Missing Fixture,Thigh Injury,1208251,2025-01-26T14:00:00+00:00
47,Tottenham,18883,D. Solanke,Missing Fixture,Knee Injury,1208251,2025-01-26T14:00:00+00:00
47,Tottenham,204039,D. Udogie,Missing Fixture,Thigh Injury,1208251,2025-01-26T14:00:00+00:00
47,Tottenham,31354,G. Vicario,Missing Fixture,Broken ankle,1208251,2025-01-26T14:00:00+00:00
47,Tottenham,1166,T. Werner,Missing Fixture,Muscle Injury,1208251,2025-01-26T14:00:00+00:00
47,Tottenham,30776,C. Romero,Questionable,Thigh Injury,1208251,2025-01-26T14:00:00+00:00
47,Tottenham,19235,D. Spence,Questionable,Knock,1208251,2025-01-26T14:00:00+00:00
47,Tottenham,152849,M. van de Ven,Questionable,Thigh Injury,1208251,2025-01-26T14:00:00+00:00
46,Leicester,303467,I. Fatawu,Missing Fixture,Knee Injury,1208251,2025-01-26T14:00:00+00:00
46,Leicester,15870,M. Hermansen,Missing Fixture,Muscle Injury,1208251,2025-01-26T14:00:00+00:00
46,Leicester,405905,N. Opoku,Missing Fixture,Broken Leg,1208251,2025-01-26T14:00:00+00:00
46,Leicester,18771,R. Pereira,Missing Fixture,Thigh Injury,1208251,2025-01-26T14:00:00+00:00
46,Leicester,18786,W. Ndidi,Questionable,Thigh Injury,1208251,2025-01-26T14:00:00+00:00
66,Aston Villa,2287,R. Barkley,Missing Fixture,Calf Injury,1208244,2025-01-26T16:30:00+00:00
66,Aston Villa,46815,P. Torres,Missing Fixture,Foot Injury,1208244,2025-01-26T16:30:00+00:00
66,Aston Villa,162714,A. Onana,Questionable,Thigh Injury,1208244,2025-01-26T16:30:00+00:00
48,West Ham,18819,M. Antonio,Missing Fixture,Inactive,1208244,2025-01-26T16:30:00+00:00
48,West Ham,19428,J. Bowen,Missing Fixture,Broken Leg,1208244,2025-01-26T16:30:00+00:00
48,West Ham,25391,N. Fullkrug,Missing Fixture,Leg Injury,1208244,2025-01-26T16:30:00+00:00
48,West Ham,1445,K. Mavropanos,Missing Fixture,Red Card,1208244,2025-01-26T16:30:00+00:00
48,West Ham,138,J. Todibo,Missing Fixture,Injury,1208244,2025-01-26T16:30:00+00:00
48,West Ham,37724,C. Summerville,Questionable,Hamstring Injury,1208244,2025-01-26T16:30:00+00:00
36,Fulham,727,R. Nelson,Missing Fixture,Thigh Injury,1208247,2025-01-26T19:00:00+00:00
36,Fulham,657,K. Tete,Missing Fixture,Knee Injury,1208247,2025-01-26T19:00:00+00:00
33,Manchester United,18772,J. Evans,Missing Fixture,Muscle Injury,1208247,2025-01-26T19:00:00+00:00
33,Manchester United,19220,M. Mount,Missing Fixture,Leg Injury,1208247,2025-01-26T19:00:00+00:00
33,Manchester United,909,M. Rashford,Missing Fixture,Coach's decision,1208247,2025-01-26T19:00:00+00:00
33,Manchester United,891,L. Shaw,Missing Fixture,Calf Injury,1208247,2025-01-26T19:00:00+00:00
65,Nottingham Forest,2298,C. Hudson-Odoi,Missing Fixture,Muscle Injury,1208261,2025-02-01T12:30:00+00:00
51,Brighton,7600,Igor,Missing Fixture,Thigh Injury,1208261,2025-02-01T12:30:00+00:00
51,Brighton,1361,F. Kadioglu,Missing Fixture,Toe Injury,1208261,2025-02-01T12:30:00+00:00
51,Brighton,18973,S. March,Missing Fixture,Injury,1208261,2025-02-01T12:30:00+00:00
51,Brighton,296,J. Milner,Missing Fixture,Thigh Injury,1208261,2025-02-01T12:30:00+00:00
51,Brighton,18960,J. Steele,Missing Fixture,Shoulder Injury,1208261,2025-02-01T12:30:00+00:00
51,Brighton,92993,M. Wieffer,Missing Fixture,Thigh Injury,1208261,2025-02-01T12:30:00+00:00
51,Brighton,46731,P. Estupinan,Questionable,Injury,1208261,2025-02-01T12:30:00+00:00
35,Bournemouth,51051,J. Araujo,Missing Fixture,Thigh Injury,1208253,2025-02-01T15:00:00+00:00
35,Bournemouth,152856,Evanilson,Missing Fixture,Foot Injury,1208253,2025-02-01T15:00:00+00:00
35,Bournemouth,20093,J. Hill,Missing Fixture,Thigh Injury,1208253,2025-02-01T15:00:00+00:00
35,Bournemouth,304853,A. Scott,Missing Fixture,Knee Injury,1208253,2025-02-01T15:00:00+00:00
35,Bournemouth,6610,M. Senesi,Missing Fixture,Thigh Injury,1208253,2025-02-01T15:00:00+00:00
35,Bournemouth,18869,A. Smith,Missing Fixture,Leg Injury,1208253,2025-02-01T15:00:00+00:00
35,Bournemouth,363333,J. Soler,Missing Fixture,International duty,1208253,2025-02-01T15:00:00+00:00
35,Bournemouth,47499,E. Unal,Missing Fixture,Knee Injury,1208253,2025-02-01T15:00:00+00:00
35,Bournemouth,37161,L. Sinisterra,Questionable,Thigh Injury,1208253,2025-02-01T15:00:00+00:00
40,Liverpool,284,J. Gomez,Questionable,Hamstring Injury,1208253,2025-02-01T15:00:00+00:00
45,Everton,138822,A. Broja,Missing Fixture,Ankle Injury,1208257,2025-02-01T15:00:00+00:00
45,Everton,18766,D. Calvert-Lewin,Missing Fixture,Muscle Injury,1208257,2025-02-01T15:00:00+00:00
45,Everton,330412,Chermiti,Missing Fixture,Thigh Injury,1208257,2025-02-01T15:00:00+00:00
45,Everton,18758,S. Coleman,Missing Fixture,Calf Injury,1208257,2025-02-01T15:00:00+00:00
45,Everton,24882,O. Mangala,Missing Fixture,Knee Injury,1208257,2025-02-01T15:00:00+00:00
45,Everton,18929,D. McNeil,Missing Fixture,Knee Injury,1208257,2025-02-01T15:00:00+00:00
46,Leicester,303467,I. Fatawu,Missing Fixture,Knee Injury,1208257,2025-02-01T15:00:00+00:00
46,Leicester,405905,N. Opoku,Missing Fixture,Broken Leg,1208257,2025-02-01T15:00:00+00:00
46,Leicester,18771,R. Pereira,Missing Fixture,Thigh Injury,1208257,2025-02-01T15:00:00+00:00
46,Leicester,20079,H. Souttar,Missing Fixture,Ankle Injury,1208257,2025-02-01T15:00:00+00:00
46,Leicester,18786,W. Ndidi,Questionable,Thigh Injury,1208257,2025-02-01T15:00:00+00:00
57,Ipswich,20089,W. Burns,Missing Fixture,Knee Injury,1208258,2025-02-01T15:00:00+00:00
57,Ipswich,20007,C. Chaplin,Missing Fixture,Knee Injury,1208258,2025-02-01T15:00:00+00:00
57,Ipswich,19365,C. Ogbene,Missing Fixture,Calf Injury,1208258,2025-02-01T15:00:00+00:00
57,Ipswich,17579,S. Szmodics,Missing Fixture,Ankle Injury,1208258,2025-02-01T15:00:00+00:00
41,Southampton,45078,R. Stewart,Missing Fixture,Thigh Injury,1208258,2025-02-01T15:00:00+00:00
41,Southampton,18873,R. Fraser,Questionable,Injury,1208258,2025-02-01T15:00:00+00:00
41,Southampton,19248,N. Wood,Questionable,Injury,1208258,2025-02-01T15:00:00+00:00
34,Newcastle,18778,H. Barnes,Missing Fixture,Thigh Injury,1208260,2025-02-01T15:00:00+00:00
34,Newcastle,18894,J. Lascelles,Missing Fixture,Knee Injury,1208260,2025-02-01T15:00:00+00:00
34,Newcastle,2939,C. Wilson,Questionable,Thigh Injury,1208260,2025-02-01T15:00:00+00:00
36,Fulham,657,K. Tete,Missing Fixture,Knee Injury,1208260,2025-02-01T15:00:00+00:00
36,Fulham,19221,H. Wilson,Missing Fixture,Injury,1208260,2025-02-01T15:00:00+00:00
36,Fulham,727,R. Nelson,Questionable,Thigh Injury,1208260,2025-02-01T15:00:00+00:00
39,Wolves,380653,L. Chiwome,Missing Fixture,Knee Injury,1208262,2025-02-01T17:30:00+00:00
39,Wolves,385726,E. Gonzalez,Missing Fixture,Knee Injury,1208262,2025-02-01T17:30:00+00:00
39,Wolves,195103,Joao Gomes,Missing Fixture,Red Card,1208262,2025-02-01T17:30:00+00:00
39,Wolves,7722,S. Kalajdzic,Missing Fixture,Knee Injury,1208262,2025-02-01T17:30:00+00:00
39,Wolves,2032,J. S. Larsen,Missing Fixture,Thigh Injury,1208262,2025-02-01T17:30:00+00:00
39,Wolves,18947,M. Lemina,Missing Fixture,Illness,1208262,2025-02-01T17:30:00+00:00
39,Wolves,195717,Y. Mosquera,Missing Fixture,Knee Injury,1208262,2025-02-01T17:30:00+00:00
39,Wolves,157912,B. Traore,Questionable,Knee Injury,1208262,2025-02-01T17:30:00+00:00
66,Aston Villa,19298,M. Cash,Missing Fixture,Muscle Injury,1208262,2025-02-01T17:30:00+00:00
66,Aston Villa,19179,T. Mings,Missing Fixture,Knee Injury,1208262,2025-02-01T17:30:00+00:00
66,Aston Villa,46815,P. Torres,Missing Fixture,Foot Injury,1208262,2025-02-01T17:30:00+00:00
66,Aston Villa,2287,R. Barkley,Questionable,Calf Injury,1208262,2025-02-01T17:30:00+00:00
55,Brentford,19362,J. Dasilva,Missing Fixture,Knee Injury,1208255,2025-02-02T14:00:00+00:00
55,Brentford,19346,R. Henry,Missing Fixture,Thigh Injury,1208255,2025-02-02T14:00:00+00:00
55,Brentford,44871,A. Hickey,Missing Fixture,Hamstring Injury,1208255,2025-02-02T14:00:00+00:00
55,Brentford,196156,I. Thiago,Missing Fixture,Knee Injury,1208255,2025-02-02T14:00:00+00:00
47,Tottenham,162498,R. Dragusin,Missing Fixture,Knee Injury,1208255,2025-02-02T14:00:00+00:00
47,Tottenham,129711,B. Johnson,Missing Fixture,Calf Injury,1208255,2025-02-02T14:00:00+00:00
47,Tottenham,18784,J. Maddison,Missing Fixture,Calf Injury,1208255,2025-02-02T14:00:00+00:00
47,Tottenham,336564,W. Odobert,Missing Fixture,Thigh Injury,1208255,2025-02-02T14:00:00+00:00
47,Tottenham,30776,C. Romero,Missing Fixture,Thigh Injury,1208255,2025-02-02T14:00:00+00:00
47,Tottenham,18883,D. Solanke,Missing Fixture,Knee Injury,1208255,2025-02-02T14:00:00+00:00
47,Tottenham,204039,D. Udogie,Missing Fixture,Thigh Injury,1208255,2025-02-02T14:00:00+00:00
47,Tottenham,31354,G. Vicario,Missing Fixture,Broken ankle,1208255,2025-02-02T14:00:00+00:00
47,Tottenham,1166,T. Werner,Missing Fixture,Muscle Injury,1208255,2025-02-02T14:00:00+00:00
33,Manchester United,18772,J. Evans,Missing Fixture,Muscle Injury,1208259,2025-02-02T14:00:00+00:00
33,Manchester United,19220,M. Mount,Missing Fixture,Leg Injury,1208259,2025-02-02T14:00:00+00:00
33,Manchester United,909,M. Rashford,Missing Fixture,Coach's decision,1208259,2025-02-02T14:00:00+00:00
33,Manchester United,891,L. Shaw,Missing Fixture,Calf Injury,1208259,2025-02-02T14:00:00+00:00
52,Crystal Palace,3339,C. Doucoure,Missing Fixture,Knee Injury,1208259,2025-02-02T14:00:00+00:00
52,Crystal Palace,278898,C. Riad,Missing Fixture,Knee Injury,1208259,2025-02-02T14:00:00+00:00
52,Crystal Palace,18847,J. Ward,Missing Fixture,Calf Injury,1208259,2025-02-02T14:00:00+00:00
42,Arsenal,643,Gabriel Jesus,Missing Fixture,Knee Injury,1208254,2025-02-02T16:30:00+00:00
42,Arsenal,1460,B. Saka,Missing Fixture,Thigh Injury,1208254,2025-02-02T16:30:00+00:00
42,Arsenal,2597,T. Tomiyasu,Missing Fixture,Knee Injury,1208254,2025-02-02T16:30:00+00:00
42,Arsenal,19959,B. White,Missing Fixture,Knee Injury,1208254,2025-02-02T16:30:00+00:00
50,Manchester City,18861,N. Ake,Missing Fixture,Muscle Injury,1208254,2025-02-02T16:30:00+00:00
50,Manchester City,567,R. Dias,Missing Fixture,Muscle Injury,1208254,2025-02-02T16:30:00+00:00
50,Manchester City,1422,J. Doku,Missing Fixture,Injury,1208254,2025-02-02T16:30:00+00:00
50,Manchester City,44,Rodri,Missing Fixture,Knee Injury,1208254,2025-02-02T16:30:00+00:00
50,Manchester City,278133,O. Bobb,Questionable,Leg Injury,1208254,2025-02-02T16:30:00+00:00
49,Chelsea,95,B. Badiashile,Missing Fixture,Thigh Injury,1208256,2025-02-03T20:00:00+00:00
49,Chelsea,22094,W. Fofana,Missing Fixture,Muscle Injury,1208256,2025-02-03T20:00:00+00:00
49,Chelsea,329347,O. Kellyman,Missing Fixture,Muscle Injury,1208256,2025-02-03T20:00:00+00:00
49,Chelsea,282125,R. Lavia,Missing Fixture,Thigh Injury,1208256,2025-02-03T20:00:00+00:00
49,Chelsea,63577,M. Mudryk,Missing Fixture,Suspended,1208256,2025-02-03T20:00:00+00:00
48,West Ham,18819,M. Antonio,Missing Fixture,Inactive,1208256,2025-02-03T20:00:00+00:00
48,West Ham,25391,N. Fullkrug,Missing Fixture,Leg Injury,1208256,2025-02-03T20:00:00+00:00
48,West Ham,138,J. Todibo,Missing Fixture,Injury,1208256,2025-02-03T20:00:00+00:00
48,West Ham,37724,C. Summerville,Questionable,Hamstring Injury,1208256,2025-02-03T20:00:00+00:00
45,Everton,138822,A. Broja,Missing Fixture,Ankle Injury,1208166,2025-02-12T19:30:00+00:00
45,Everton,18766,D. Calvert-Lewin,Missing Fixture,Muscle Injury,1208166,2025-02-12T19:30:00+00:00
45,Everton,330412,Chermiti,Missing Fixture,Thigh Injury,1208166,2025-02-12T19:30:00+00:00
45,Everton,18758,S. Coleman,Missing Fixture,Calf Injury,1208166,2025-02-12T19:30:00+00:00
45,Everton,24882,O. Mangala,Missing Fixture,Knee Injury,1208166,2025-02-12T19:30:00+00:00
45,Everton,18929,D. McNeil,Missing Fixture,Knee Injury,1208166,2025-02-12T19:30:00+00:00
45,Everton,138417,N. Patterson,Missing Fixture,Muscle Injury,1208166,2025-02-12T19:30:00+00:00
40,Liverpool,284,J. Gomez,Missing Fixture,Thigh Injury,1208166,2025-02-12T19:30:00+00:00
51,Brighton,46731,P. Estupinan,Missing Fixture,Injury,1208264,2025-02-14T20:00:00+00:00
51,Brighton,7600,Igor,Missing Fixture,Thigh Injury,1208264,2025-02-14T20:00:00+00:00
51,Brighton,1361,F. Kadioglu,Missing Fixture,Toe Injury,1208264,2025-02-14T20:00:00+00:00
51,Brighton,18973,S. March,Missing Fixture,Injury,1208264,2025-02-14T20:00:00+00:00
51,Brighton,296,J. Milner,Missing Fixture,Thigh Injury,1208264,2025-02-14T20:00:00+00:00
51,Brighton,18960,J. Steele,Missing Fixture,Shoulder Injury,1208264,2025-02-14T20:00:00+00:00
51,Brighton,18963,L. Dunk,Questionable,Back Injury,1208264,2025-02-14T20:00:00+00:00
49,Chelsea,95,B. Badiashile,Missing Fixture,Thigh Injury,1208264,2025-02-14T20:00:00+00:00
49,Chelsea,22094,W. Fofana,Missing Fixture,Muscle Injury,1208264,2025-02-14T20:00:00+00:00
49,Chelsea,392270,M. Guiu,Missing Fixture,Muscle Injury,1208264,2025-02-14T20:00:00+00:00
49,Chelsea,283058,N. Jackson,Missing Fixture,Thigh Injury,1208264,2025-02-14T20:00:00+00:00
49,Chelsea,329347,O. Kellyman,Missing Fixture,Muscle Injury,1208264,2025-02-14T20:00:00+00:00
49,Chelsea,282125,R. Lavia,Missing Fixture,Thigh Injury,1208264,2025-02-14T20:00:00+00:00
49,Chelsea,63577,M. Mudryk,Missing Fixture,Suspended,1208264,2025-02-14T20:00:00+00:00
46,Leicester,303467,I. Fatawu,Missing Fixture,Knee Injury,1208267,2025-02-15T12:30:00+00:00
46,Leicester,405905,N. Opoku,Missing Fixture,Broken Leg,1208267,2025-02-15T12:30:00+00:00
46,Leicester,18771,R. Pereira,Missing Fixture,Thigh Injury,1208267,2025-02-15T12:30:00+00:00
46,Leicester,20079,H. Souttar,Missing Fixture,Ankle Injury,1208267,2025-02-15T12:30:00+00:00
42,Arsenal,643,Gabriel Jesus,Missing Fixture,Knee Injury,1208267,2025-02-15T12:30:00+00:00
42,Arsenal,978,K. Havertz,Missing Fixture,Hamstring Injury,1208267,2025-02-15T12:30:00+00:00
42,Arsenal,127769,G. Martinelli,Missing Fixture,Thigh Injury,1208267,2025-02-15T12:30:00+00:00
42,Arsenal,1460,B. Saka,Missing Fixture,Thigh Injury,1208267,2025-02-15T12:30:00+00:00
42,Arsenal,2597,T. Tomiyasu,Missing Fixture,Knee Injury,1208267,2025-02-15T12:30:00+00:00
66,Aston Villa,2287,R. Barkley,Missing Fixture,Calf Injury,1208263,2025-02-15T15:00:00+00:00
66,Aston Villa,19298,M. Cash,Missing Fixture,Muscle Injury,1208263,2025-02-15T15:00:00+00:00
66,Aston Villa,19354,E. Konsa,Missing Fixture,Muscle Injury,1208263,2025-02-15T15:00:00+00:00
66,Aston Villa,46815,P. Torres,Missing Fixture,Foot Injury,1208263,2025-02-15T15:00:00+00:00
57,Ipswich,20089,W. Burns,Missing Fixture,Knee Injury,1208263,2025-02-15T15:00:00+00:00
57,Ipswich,20007,C. Chaplin,Missing Fixture,Knee Injury,1208263,2025-02-15T15:00:00+00:00
57,Ipswich,19365,C. Ogbene,Missing Fixture,Calf Injury,1208263,2025-02-15T15:00:00+00:00
57,Ipswich,19541,C. Walton,Missing Fixture,Muscle Injury,1208263,2025-02-15T15:00:00+00:00
57,Ipswich,17579,S. Szmodics,Questionable,Ankle Injury,1208263,2025-02-15T15:00:00+00:00
36,Fulham,727,R. Nelson,Missing Fixture,Thigh Injury,1208266,2025-02-15T15:00:00+00:00
36,Fulham,657,K. Tete,Missing Fixture,Knee Injury,1208266,2025-02-15T15:00:00+00:00
36,Fulham,19221,H. Wilson,Missing Fixture,Injury,1208266,2025-02-15T15:00:00+00:00
65,Nottingham Forest,8598,T. Awoniyi,Missing Fixture,Broken nose,1208266,2025-02-15T15:00:00+00:00
65,Nottingham Forest,10373,Carlos Miguel,Missing Fixture,Thigh Injury,1208266,2025-02-15T15:00:00+00:00
50,Manchester City,5,M. Akanji,Missing Fixture,Injury,1208269,2025-02-15T15:00:00+00:00
50,Manchester City,278133,O. Bobb,Missing Fixture,Leg Injury,1208269,2025-02-15T15:00:00+00:00
50,Manchester City,414385,C. Echeverri,Missing Fixture,International duty,1208269,2025-02-15T15:00:00+00:00
50,Manchester City,44,Rodri,Missing Fixture,Knee Injury,1208269,2025-02-15T15:00:00+00:00
50,Manchester City,19187,J. Grealish,Questionable,Injury,1208269,2025-02-15T15:00:00+00:00
34,Newcastle,723,Joelinton,Missing Fixture,Knee Injury,1208269,2025-02-15T15:00:00+00:00
34,Newcastle,18894,J. Lascelles,Missing Fixture,Knee Injury,1208269,2025-02-15T15:00:00+00:00
34,Newcastle,38734,S. Botman,Questionable,Knee Injury,1208269,2025-02-15T15:00:00+00:00
41,Southampton,45078,R. Stewart,Missing Fixture,Thigh Injury,1208270,2025-02-15T15:00:00+00:00
41,Southampton,19733,F. Downes,Questionable,Knock,1208270,2025-02-15T15:00:00+00:00
41,Southampton,18873,R. Fraser,Questionable,Injury,1208270,2025-02-15T15:00:00+00:00
41,Southampton,144729,T. Harwood-Bellis,Questionable,Ankle Injury,1208270,2025-02-15T15:00:00+00:00
41,Southampton,295,A. Lallana,Questionable,Thigh Injury,1208270,2025-02-15T15:00:00+00:00
41,Southampton,18940,J. Stephens,Questionable,Calf Injury,1208270,2025-02-15T15:00:00+00:00
35,Bournemouth,51051,J. Araujo,Missing Fixture,Thigh Injury,1208270,2025-02-15T15:00:00+00:00
35,Bournemouth,152856,Evanilson,Missing Fixture,Foot Injury,1208270,2025-02-15T15:00:00+00:00
35,Bournemouth,20093,J. Hill,Missing Fixture,Thigh Injury,1208270,2025-02-15T15:00:00+00:00
35,Bournemouth,6610,M. Senesi,Missing Fixture,Thigh Injury,1208270,2025-02-15T15:00:00+00:00
35,Bournemouth,18869,A. Smith,Missing Fixture,Leg Injury,1208270,2025-02-15T15:00:00+00:00
35,Bournemouth,363333,J. Soler,Missing Fixture,International duty,1208270,2025-02-15T15:00:00+00:00
35,Bournemouth,47499,E. Unal,Missing Fixture,Knee Injury,1208270,2025-02-15T15:00:00+00:00
48,West Ham,18819,M. Antonio,Missing Fixture,Inactive,1208272,2025-02-15T15:00:00+00:00
48,West Ham,25391,N. Fullkrug,Missing Fixture,Leg Injury,1208272,2025-02-15T15:00:00+00:00
48,West Ham,37724,C. Summerville,Missing Fixture,Hamstring Injury,1208272,2025-02-15T15:00:00+00:00
55,Brentford,19362,J. Dasilva,Missing Fixture,Knee Injury,1208272,2025-02-15T15:00:00+00:00
55,Brentford,19346,R. Henry,Missing Fixture,Thigh Injury,1208272,2025-02-15T15:00:00+00:00
55,Brentford,44871,A. Hickey,Missing Fixture,Hamstring Injury,1208272,2025-02-15T15:00:00+00:00
55,Brentford,196156,I. Thiago,Missing Fixture,Knee Injury,1208272,2025-02-15T15:00:00+00:00
52,Crystal Palace,3339,C. Doucoure,Missing Fixture,Knee Injury,1208265,2025-02-15T17:30:00+00:00
52,Crystal Palace,278898,C. Riad,Missing Fixture,Knee Injury,1208265,2025-02-15T17:30:00+00:00
52,Crystal Palace,18847,J. Ward,Missing Fixture,Calf Injury,1208265,2025-02-15T17:30:00+00:00
45,Everton,138822,A. Broja,Missing Fixture,Ankle Injury,1208265,2025-02-15T17:30:00+00:00
45,Everton,18766,D. Calvert-Lewin,Missing Fixture,Muscle Injury,1208265,2025-02-15T17:30:00+00:00
45,Everton,330412,Chermiti,Missing Fixture,Thigh Injury,1208265,2025-02-15T17:30:00+00:00
45,Everton,18758,S. Coleman,Missing Fixture,Calf Injury,1208265,2025-02-15T17:30:00+00:00
45,Everton,18805,A. Doucoure,Missing Fixture,Red Card,1208265,2025-02-15T17:30:00+00:00
45,Everton,24882,O. Mangala,Missing Fixture,Knee Injury,1208265,2025-02-15T17:30:00+00:00
45,Everton,18929,D. McNeil,Missing Fixture,Knee Injury,1208265,2025-02-15T17:30:00+00:00
45,Everton,18592,I. Ndiaye,Missing Fixture,Knee Injury,1208265,2025-02-15T17:30:00+00:00
45,Everton,138417,N. Patterson,Missing Fixture,Muscle Injury,1208265,2025-02-15T17:30:00+00:00
40,Liverpool,284,J. Gomez,Missing Fixture,Thigh Injury,1208268,2025-02-16T14:00:00+00:00
40,Liverpool,293,C. Jones,Missing Fixture,Red Card,1208268,2025-02-16T14:00:00+00:00
40,Liverpool,247,C. Gakpo,Questionable,Injury,1208268,2025-02-16T14:00:00+00:00
39,Wolves,380653,L. Chiwome,Missing Fixture,Knee Injury,1208268,2025-02-16T14:00:00+00:00
39,Wolves,385726,E. Gonzalez,Missing Fixture,Knee Injury,1208268,2025-02-16T14:00:00+00:00
39,Wolves,24888,Hwang Hee-Chan,Missing Fixture,Thigh Injury,1208268,2025-02-16T14:00:00+00:00
39,Wolves,7722,S. Kalajdzic,Missing Fixture,Knee Injury,1208268,2025-02-16T14:00:00+00:00
39,Wolves,2032,J. S. Larsen,Missing Fixture,Thigh Injury,1208268,2025-02-16T14:00:00+00:00
39,Wolves,195717,Y. Mosquera,Missing Fixture,Knee Injury,1208268,2025-02-16T14:00:00+00:00
47,Tottenham,162498,R. Dragusin,Missing Fixture,Knee Injury,1208271,2025-02-16T16:30:00+00:00
47,Tottenham,2413,Richarlison,Missing Fixture,Calf Injury,1208271,2025-02-16T16:30:00+00:00
47,Tottenham,30776,C. Romero,Missing Fixture,Thigh Injury,1208271,2025-02-16T16:30:00+00:00
47,Tottenham,18883,D. Solanke,Missing Fixture,Knee Injury,1208271,2025-02-16T16:30:00+00:00
47,Tottenham,152849,M. van de Ven,Missing Fixture,Lacking Match Fitness,1208271,2025-02-16T16:30:00+00:00
47,Tottenham,1166,T. Werner,Questionable,Thigh Injury,1208271,2025-02-16T16:30:00+00:00
33,Manchester United,50132,A. Bayindir,Missing Fixture,Injury,1208271,2025-02-16T16:30:00+00:00
33,Manchester United,157997,A. Diallo,Missing Fixture,Ankle Injury,1208271,2025-02-16T16:30:00+00:00
33,Manchester United,18772,J. Evans,Missing Fixture,Muscle Injury,1208271,2025-02-16T16:30:00+00:00
33,Manchester United,284322,K. Mainoo,Missing Fixture,Injury,1208271,2025-02-16T16:30:00+00:00
33,Manchester United,2467,L. Martinez,Missing Fixture,Knee Injury,1208271,2025-02-16T16:30:00+00:00
33,Manchester United,19220,M. Mount,Missing Fixture,Leg Injury,1208271,2025-02-16T16:30:00+00:00
33,Manchester United,891,L. Shaw,Missing Fixture,Calf Injury,1208271,2025-02-16T16:30:00+00:00
33,Manchester United,51494,M. Ugarte,Questionable,Knock,1208271,2025-02-16T16:30:00+00:00
66,Aston Villa,2287,R. Barkley,Missing Fixture,Calf Injury,1208305,2025-02-19T19:30:00+00:00
66,Aston Villa,1904,B. Kamara,Missing Fixture,Injury,1208305,2025-02-19T19:30:00+00:00
66,Aston Villa,19354,E. Konsa,Missing Fixture,Muscle Injury,1208305,2025-02-19T19:30:00+00:00
66,Aston Villa,162714,A. Onana,Missing Fixture,Thigh Injury,1208305,2025-02-19T19:30:00+00:00
66,Aston Villa,46815,P. Torres,Missing Fixture,Foot Injury,1208305,2025-02-19T19:30:00+00:00
66,Aston Villa,983,L. Bailey,Questionable,Injury,1208305,2025-02-19T19:30:00+00:00
40,Liverpool,284,J. Gomez,Missing Fixture,Thigh Injury,1208305,2025-02-19T19:30:00+00:00
40,Liverpool,247,C. Gakpo,Questionable,Injury,1208305,2025-02-19T19:30:00+00:00
46,Leicester,303467,I. Fatawu,Missing Fixture,Knee Injury,1208279,2025-02-21T20:00:00+00:00
46,Leicester,405905,N. Opoku,Missing Fixture,Broken Leg,1208279,2025-02-21T20:00:00+00:00
46,Leicester,18771,R. Pereira,Missing Fixture,Thigh Injury,1208279,2025-02-21T20:00:00+00:00
46,Leicester,20079,H. Souttar,Missing Fixture,Ankle Injury,1208279,2025-02-21T20:00:00+00:00
46,Leicester,19760,J. Justin,Questionable,Injury,1208279,2025-02-21T20:00:00+00:00
55,Brentford,19362,J. Dasilva,Missing Fixture,Knee Injury,1208279,2025-02-21T20:00:00+00:00
55,Brentford,19346,R. Henry,Missing Fixture,Thigh Injury,1208279,2025-02-21T20:00:00+00:00
55,Brentford,44871,A. Hickey,Missing Fixture,Hamstring Injury,1208279,2025-02-21T20:00:00+00:00
55,Brentford,196156,I. Thiago,Missing Fixture,Knee Injury,1208279,2025-02-21T20:00:00+00:00
55,Brentford,36922,S. van den Berg,Missing Fixture,Knee Injury,1208279,2025-02-21T20:00:00+00:00
45,Everton,138822,A. Broja,Missing Fixture,Ankle Injury,1208276,2025-02-22T12:30:00+00:00
45,Everton,18766,D. Calvert-Lewin,Missing Fixture,Muscle Injury,1208276,2025-02-22T12:30:00+00:00
45,Everton,330412,Chermiti,Missing Fixture,Thigh Injury,1208276,2025-02-22T12:30:00+00:00
45,Everton,18758,S. Coleman,Missing Fixture,Calf Injury,1208276,2025-02-22T12:30:00+00:00
45,Everton,24882,O. Mangala,Missing Fixture,Knee Injury,1208276,2025-02-22T12:30:00+00:00
45,Everton,18929,D. McNeil,Missing Fixture,Knee Injury,1208276,2025-02-22T12:30:00+00:00
45,Everton,18592,I. Ndiaye,Missing Fixture,Knee Injury,1208276,2025-02-22T12:30:00+00:00
45,Everton,138417,N. Patterson,Missing Fixture,Muscle Injury,1208276,2025-02-22T12:30:00+00:00
33,Manchester United,50132,A. Bayindir,Missing Fixture,Injury,1208276,2025-02-22T12:30:00+00:00
33,Manchester United,284400,T. Collyer,Missing Fixture,Knock,1208276,2025-02-22T12:30:00+00:00
33,Manchester United,157997,A. Diallo,Missing Fixture,Ankle Injury,1208276,2025-02-22T12:30:00+00:00
33,Manchester United,18772,J. Evans,Missing Fixture,Muscle Injury,1208276,2025-02-22T12:30:00+00:00
33,Manchester United,2467,L. Martinez,Missing Fixture,Knee Injury,1208276,2025-02-22T12:30:00+00:00
33,Manchester United,19220,M. Mount,Missing Fixture,Leg Injury,1208276,2025-02-22T12:30:00+00:00
33,Manchester United,891,L. Shaw,Missing Fixture,Calf Injury,1208276,2025-02-22T12:30:00+00:00
42,Arsenal,643,Gabriel Jesus,Missing Fixture,Knee Injury,1208274,2025-02-22T15:00:00+00:00
42,Arsenal,978,K. Havertz,Missing Fixture,Hamstring Injury,1208274,2025-02-22T15:00:00+00:00
42,Arsenal,127769,G. Martinelli,Missing Fixture,Thigh Injury,1208274,2025-02-22T15:00:00+00:00
42,Arsenal,1460,B. Saka,Missing Fixture,Thigh Injury,1208274,2025-02-22T15:00:00+00:00
42,Arsenal,2597,T. Tomiyasu,Missing Fixture,Knee Injury,1208274,2025-02-22T15:00:00+00:00
48,West Ham,18819,M. Antonio,Missing Fixture,Inactive,1208274,2025-02-22T15:00:00+00:00
48,West Ham,25391,N. Fullkrug,Missing Fixture,Leg Injury,1208274,2025-02-22T15:00:00+00:00
48,West Ham,1646,L. Paqueta,Missing Fixture,Ankle Injury,1208274,2025-02-22T15:00:00+00:00
48,West Ham,37724,C. Summerville,Missing Fixture,Hamstring Injury,1208274,2025-02-22T15:00:00+00:00
48,West Ham,1231,V. Coufal,Questionable,Thigh Injury,1208274,2025-02-22T15:00:00+00:00
35,Bournemouth,51051,J. Araujo,Missing Fixture,Thigh Injury,1208273,2025-02-22T15:00:00+00:00
35,Bournemouth,6610,M. Senesi,Missing Fixture,Thigh Injury,1208273,2025-02-22T15:00:00+00:00
35,Bournemouth,18869,A. Smith,Missing Fixture,Leg Injury,1208273,2025-02-22T15:00:00+00:00
35,Bournemouth,47499,E. Unal,Missing Fixture,Knee Injury,1208273,2025-02-22T15:00:00+00:00
39,Wolves,135068,E. Agbadou,Missing Fixture,Injury,1208273,2025-02-22T15:00:00+00:00
39,Wolves,380653,L. Chiwome,Missing Fixture,Knee Injury,1208273,2025-02-22T15:00:00+00:00
39,Wolves,282770,R. Gomes,Missing Fixture,Injury,1208273,2025-02-22T15:00:00+00:00
39,Wolves,385726,E. Gonzalez,Missing Fixture,Knee Injury,1208273,2025-02-22T15:00:00+00:00
39,Wolves,24888,Hwang Hee-Chan,Missing Fixture,Thigh Injury,1208273,2025-02-22T15:00:00+00:00
39,Wolves,7722,S. Kalajdzic,Missing Fixture,Knee Injury,1208273,2025-02-22T15:00:00+00:00
39,Wolves,195717,Y. Mosquera,Missing Fixture,Knee Injury,1208273,2025-02-22T15:00:00+00:00
36,Fulham,727,R. Nelson,Missing Fixture,Thigh Injury,1208277,2025-02-22T15:00:00+00:00
36,Fulham,657,K. Tete,Missing Fixture,Knee Injury,1208277,2025-02-22T15:00:00+00:00
36,Fulham,19221,H. Wilson,Missing Fixture,Injury,1208277,2025-02-22T15:00:00+00:00
52,Crystal Palace,3339,C. Doucoure,Missing Fixture,Knee Injury,1208277,2025-02-22T15:00:00+00:00
52,Crystal Palace,278898,C. Riad,Missing Fixture,Knee Injury,1208277,2025-02-22T15:00:00+00:00
52,Crystal Palace,18847,J. Ward,Missing Fixture,Calf Injury,1208277,2025-02-22T15:00:00+00:00
57,Ipswich,20089,W. Burns,Missing Fixture,Knee Injury,1208278,2025-02-22T15:00:00+00:00
57,Ipswich,20007,C. Chaplin,Missing Fixture,Knee Injury,1208278,2025-02-22T15:00:00+00:00
57,Ipswich,70747,J. Enciso,Missing Fixture,Injury,1208278,2025-02-22T15:00:00+00:00
57,Ipswich,19365,C. Ogbene,Missing Fixture,Calf Injury,1208278,2025-02-22T15:00:00+00:00
57,Ipswich,19182,A. Tuanzebe,Missing Fixture,Red Card,1208278,2025-02-22T15:00:00+00:00
57,Ipswich,19541,C. Walton,Missing Fixture,Muscle Injury,1208278,2025-02-22T15:00:00+00:00
47,Tottenham,162498,R. Dragusin,Missing Fixture,Knee Injury,1208278,2025-02-22T15:00:00+00:00
47,Tottenham,2413,Richarlison,Missing Fixture,Calf Injury,1208278,2025-02-22T15:00:00+00:00
47,Tottenham,30776,C. Romero,Missing Fixture,Thigh Injury,1208278,2025-02-22T15:00:00+00:00
47,Tottenham,18883,D. Solanke,Missing Fixture,Knee Injury,1208278,2025-02-22T15:00:00+00:00
47,Tottenham,152849,M. van de Ven,Missing Fixture,Lacking Match Fitness,1208278,2025-02-22T15:00:00+00:00
41,Southampton,18873,R. Fraser,Missing Fixture,Injury,1208282,2025-02-22T15:00:00+00:00
41,Southampton,144729,T. Harwood-Bellis,Missing Fixture,Ankle Injury,1208282,2025-02-22T15:00:00+00:00
41,Southampton,295,A. Lallana,Missing Fixture,Thigh Injury,1208282,2025-02-22T15:00:00+00:00
41,Southampton,45078,R. Stewart,Missing Fixture,Thigh Injury,1208282,2025-02-22T15:00:00+00:00
51,Brighton,18963,L. Dunk,Missing Fixture,Back Injury,1208282,2025-02-22T15:00:00+00:00
51,Brighton,7600,Igor,Missing Fixture,Thigh Injury,1208282,2025-02-22T15:00:00+00:00
51,Brighton,1361,F. Kadioglu,Missing Fixture,Toe Injury,1208282,2025-02-22T15:00:00+00:00
51,Brighton,296,J. Milner,Missing Fixture,Thigh Injury,1208282,2025-02-22T15:00:00+00:00
51,Brighton,18960,J. Steele,Missing Fixture,Shoulder Injury,1208282,2025-02-22T15:00:00+00:00
66,Aston Villa,2287,R. Barkley,Missing Fixture,Calf Injury,1208275,2025-02-22T17:30:00+00:00
66,Aston Villa,21998,A. Disasi,Missing Fixture,Loan agreement,1208275,2025-02-22T17:30:00+00:00
66,Aston Villa,1904,B. Kamara,Missing Fixture,Injury,1208275,2025-02-22T17:30:00+00:00
66,Aston Villa,162714,A. Onana,Missing Fixture,Thigh Injury,1208275,2025-02-22T17:30:00+00:00
66,Aston Villa,46815,P. Torres,Missing Fixture,Foot Injury,1208275,2025-02-22T17:30:00+00:00
49,Chelsea,95,B. Badiashile,Missing Fixture,Thigh Injury,1208275,2025-02-22T17:30:00+00:00
49,Chelsea,22094,W. Fofana,Missing Fixture,Muscle Injury,1208275,2025-02-22T17:30:00+00:00
49,Chelsea,392270,M. Guiu,Missing Fixture,Muscle Injury,1208275,2025-02-22T17:30:00+00:00
49,Chelsea,283058,N. Jackson,Missing Fixture,Thigh Injury,1208275,2025-02-22T17:30:00+00:00
49,Chelsea,329347,O. Kellyman,Missing Fixture,Muscle Injury,1208275,2025-02-22T17:30:00+00:00
49,Chelsea,282125,R. Lavia,Missing Fixture,Thigh Injury,1208275,2025-02-22T17:30:00+00:00
49,Chelsea,136723,N. Madueke,Missing Fixture,Muscle Injury,1208275,2025-02-22T17:30:00+00:00
49,Chelsea,63577,M. Mudryk,Missing Fixture,Suspended,1208275,2025-02-22T17:30:00+00:00
34,Newcastle,723,Joelinton,Missing Fixture,Knee Injury,1208281,2025-02-23T14:00:00+00:00
34,Newcastle,18894,J. Lascelles,Missing Fixture,Knee Injury,1208281,2025-02-23T14:00:00+00:00
34,Newcastle,38734,S. Botman,Questionable,Knee Injury,1208281,2025-02-23T14:00:00+00:00
65,Nottingham Forest,10373,Carlos Miguel,Missing Fixture,Thigh Injury,1208281,2025-02-23T14:00:00+00:00
50,Manchester City,5,M. Akanji,Missing Fixture,Muscle Injury,1208280,2025-02-23T16:30:00+00:00
50,Manchester City,278133,O. Bobb,Missing Fixture,Leg Injury,1208280,2025-02-23T16:30:00+00:00
50,Manchester City,44,Rodri,Missing Fixture,Knee Injury,1208280,2025-02-23T16:30:00+00:00
50,Manchester City,626,J. Stones,Missing Fixture,Thigh Injury,1208280,2025-02-23T16:30:00+00:00
50,Manchester City,1100,E. Haaland,Questionable,Knee Injury,1208280,2025-02-23T16:30:00+00:00
40,Liverpool,180317,C. Bradley,Missing Fixture,Thigh Injury,1208280,2025-02-23T16:30:00+00:00
40,Liverpool,284,J. Gomez,Missing Fixture,Thigh Injury,1208280,2025-02-23T16:30:00+00:00
51,Brighton,18963,L. Dunk,Missing Fixture,Back Injury,1208284,2025-02-25T19:30:00+00:00
51,Brighton,7600,Igor,Missing Fixture,Thigh Injury,1208284,2025-02-25T19:30:00+00:00
51,Brighton,1361,F. Kadioglu,Missing Fixture,Toe Injury,1208284,2025-02-25T19:30:00+00:00
51,Brighton,296,J. Milner,Missing Fixture,Thigh Injury,1208284,2025-02-25T19:30:00+00:00
51,Brighton,18960,J. Steele,Missing Fixture,Shoulder Injury,1208284,2025-02-25T19:30:00+00:00
51,Brighton,537,J. Veltman,Questionable,Injury,1208284,2025-02-25T19:30:00+00:00
35,Bournemouth,51051,J. Araujo,Missing Fixture,Thigh Injury,1208284,2025-02-25T19:30:00+00:00
35,Bournemouth,6610,M. Senesi,Missing Fixture,Thigh Injury,1208284,2025-02-25T19:30:00+00:00
35,Bournemouth,18869,A. Smith,Missing Fixture,Leg Injury,1208284,2025-02-25T19:30:00+00:00
35,Bournemouth,47499,E. Unal,Missing Fixture,Knee Injury,1208284,2025-02-25T19:30:00+00:00
35,Bournemouth,161671,I. Zabarnyi,Missing Fixture,Red Card,1208284,2025-02-25T19:30:00+00:00
52,Crystal Palace,3339,C. Doucoure,Missing Fixture,Knee Injury,1208289,2025-02-25T19:30:00+00:00
52,Crystal Palace,278898,C. Riad,Missing Fixture,Knee Injury,1208289,2025-02-25T19:30:00+00:00
52,Crystal Palace,18847,J. Ward,Missing Fixture,Calf Injury,1208289,2025-02-25T19:30:00+00:00
66,Aston Villa,2287,R. Barkley,Missing Fixture,Calf Injury,1208289,2025-02-25T19:30:00+00:00
66,Aston Villa,1904,B. Kamara,Missing Fixture,Injury,1208289,2025-02-25T19:30:00+00:00
66,Aston Villa,162714,A. Onana,Missing Fixture,Thigh Injury,1208289,2025-02-25T19:30:00+00:00
66,Aston Villa,46815,P. Torres,Missing Fixture,Foot Injury,1208289,2025-02-25T19:30:00+00:00
39,Wolves,135068,E. Agbadou,Missing Fixture,Thigh Injury,1208288,2025-02-25T19:30:00+00:00
39,Wolves,380653,L. Chiwome,Missing Fixture,Knee Injury,1208288,2025-02-25T19:30:00+00:00
39,Wolves,282770,R. Gomes,Missing Fixture,Groin Injury,1208288,2025-02-25T19:30:00+00:00
39,Wolves,385726,E. Gonzalez,Missing Fixture,Knee Injury,1208288,2025-02-25T19:30:00+00:00
39,Wolves,925,G. Guedes,Missing Fixture,Knee Injury,1208288,2025-02-25T19:30:00+00:00
39,Wolves,24888,Hwang Hee-Chan,Missing Fixture,Thigh Injury,1208288,2025-02-25T19:30:00+00:00
39,Wolves,7722,S. Kalajdzic,Missing Fixture,Knee Injury,1208288,2025-02-25T19:30:00+00:00
39,Wolves,195717,Y. Mosquera,Missing Fixture,Knee Injury,1208288,2025-02-25T19:30:00+00:00
36,Fulham,727,R. Nelson,Missing Fixture,Thigh Injury,1208288,2025-02-25T19:30:00+00:00
36,Fulham,657,K. Tete,Missing Fixture,Knee Injury,1208288,2025-02-25T19:30:00+00:00
36,Fulham,19221,H. Wilson,Missing Fixture,Injury,1208288,2025-02-25T19:30:00+00:00
36,Fulham,1161,E. Smith Rowe,Questionable,Ankle Injury,1208288,2025-02-25T19:30:00+00:00
49,Chelsea,95,B. Badiashile,Missing Fixture,Thigh Injury,1208290,2025-02-25T20:15:00+00:00
49,Chelsea,392270,M. Guiu,Missing Fixture,Muscle Injury,1208290,2025-02-25T20:15:00+00:00
49,Chelsea,283058,N. Jackson,Missing Fixture,Thigh Injury,1208290,2025-02-25T20:15:00+00:00
49,Chelsea,329347,O. Kellyman,Missing Fixture,Muscle Injury,1208290,2025-02-25T20:15:00+00:00
49,Chelsea,282125,R. Lavia,Missing Fixture,Thigh Injury,1208290,2025-02-25T20:15:00+00:00
49,Chelsea,136723,N. Madueke,Missing Fixture,Muscle Injury,1208290,2025-02-25T20:15:00+00:00
49,Chelsea,63577,M. Mudryk,Missing Fixture,Suspended,1208290,2025-02-25T20:15:00+00:00
49,Chelsea,19720,T. Chalobah,Questionable,Back Injury,1208290,2025-02-25T20:15:00+00:00
41,Southampton,2999,J. Bednarek,Missing Fixture,Lacking Match Fitness,1208290,2025-02-25T20:15:00+00:00
41,Southampton,18873,R. Fraser,Missing Fixture,Injury,1208290,2025-02-25T20:15:00+00:00
41,Southampton,295,A. Lallana,Missing Fixture,Thigh Injury,1208290,2025-02-25T20:15:00+00:00
41,Southampton,45078,R. Stewart,Missing Fixture,Thigh Injury,1208290,2025-02-25T20:15:00+00:00
41,Southampton,270508,L. Ugochukwu,Missing Fixture,Loan agreement,1208290,2025-02-25T20:15:00+00:00
41,Southampton,284264,J. Larios,Questionable,Lacking Match Fitness,1208290,2025-02-25T20:15:00+00:00
55,Brentford,19362,J. Dasilva,Missing Fixture,Knee Injury,1208283,2025-02-26T19:30:00+00:00
55,Brentford,19346,R. Henry,Missing Fixture,Thigh Injury,1208283,2025-02-26T19:30:00+00:00
55,Brentford,44871,A. Hickey,Missing Fixture,Hamstring Injury,1208283,2025-02-26T19:30:00+00:00
55,Brentford,47438,M. Jensen,Missing Fixture,Groin Injury,1208283,2025-02-26T19:30:00+00:00
55,Brentford,30407,C. Norgaard,Missing Fixture,Concussion,1208283,2025-02-26T19:30:00+00:00
55,Brentford,196156,I. Thiago,Missing Fixture,Knee Injury,1208283,2025-02-26T19:30:00+00:00
55,Brentford,36922,S. van den Berg,Missing Fixture,Knee Injury,1208283,2025-02-26T19:30:00+00:00
45,Everton,138822,A. Broja,Missing Fixture,Ankle Injury,1208283,2025-02-26T19:30:00+00:00
45,Everton,18766,D. Calvert-Lewin,Missing Fixture,Muscle Injury,1208283,2025-02-26T19:30:00+00:00
45,Everton,18758,S. Coleman,Missing Fixture,Calf Injury,1208283,2025-02-26T19:30:00+00:00
45,Everton,24882,O. Mangala,Missing Fixture,Knee Injury,1208283,2025-02-26T19:30:00+00:00
45,Everton,18929,D. McNeil,Missing Fixture,Knee Injury,1208283,2025-02-26T19:30:00+00:00
45,Everton,18592,I. Ndiaye,Missing Fixture,Knee Injury,1208283,2025-02-26T19:30:00+00:00
33,Manchester United,50132,A. Bayindir,Missing Fixture,Injury,1208292,2025-02-26T19:30:00+00:00
33,Manchester United,284400,T. Collyer,Missing Fixture,Knock,1208292,2025-02-26T19:30:00+00:00
33,Manchester United,157997,A. Diallo,Missing Fixture,Ankle Injury,1208292,2025-02-26T19:30:00+00:00
33,Manchester United,18772,J. Evans,Missing Fixture,Muscle Injury,1208292,2025-02-26T19:30:00+00:00
33,Manchester United,284322,K. Mainoo,Missing Fixture,Injury,1208292,2025-02-26T19:30:00+00:00
33,Manchester United,2467,L. Martinez,Missing Fixture,Knee Injury,1208292,2025-02-26T19:30:00+00:00
33,Manchester United,19220,M. Mount,Missing Fixture,Leg Injury,1208292,2025-02-26T19:30:00+00:00
33,Manchester United,891,L. Shaw,Missing Fixture,Calf Injury,1208292,2025-02-26T19:30:00+00:00
57,Ipswich,20089,W. Burns,Missing Fixture,Knee Injury,1208292,2025-02-26T19:30:00+00:00
57,Ipswich,70747,J. Enciso,Missing Fixture,Knee Injury,1208292,2025-02-26T19:30:00+00:00
57,Ipswich,19365,C. Ogbene,Missing Fixture,Calf Injury,1208292,2025-02-26T19:30:00+00:00
57,Ipswich,19541,C. Walton,Missing Fixture,Muscle Injury,1208292,2025-02-26T19:30:00+00:00
57,Ipswich,20007,C. Chaplin,Questionable,Knee Injury,1208292,2025-02-26T19:30:00+00:00
57,Ipswich,19130,K. Phillips,Questionable,Calf Injury,1208292,2025-02-26T19:30:00+00:00
65,Nottingham Forest,10373,Carlos Miguel,Missing Fixture,Thigh Injury,1208285,2025-02-26T19:30:00+00:00
42,Arsenal,643,Gabriel Jesus,Missing Fixture,Knee Injury,1208285,2025-02-26T19:30:00+00:00
42,Arsenal,978,K. Havertz,Missing Fixture,Hamstring Injury,1208285,2025-02-26T19:30:00+00:00
42,Arsenal,313245,M. Lewis-Skelly,Missing Fixture,Red Card,1208285,2025-02-26T19:30:00+00:00
42,Arsenal,127769,G. Martinelli,Missing Fixture,Thigh Injury,1208285,2025-02-26T19:30:00+00:00
42,Arsenal,1460,B. Saka,Missing Fixture,Thigh Injury,1208285,2025-02-26T19:30:00+00:00
42,Arsenal,2597,T. Tomiyasu,Missing Fixture,Knee Injury,1208285,2025-02-26T19:30:00+00:00
47,Tottenham,164,B. Davies,Missing Fixture,Muscle Injury,1208286,2025-02-26T19:30:00+00:00
47,Tottenham,162498,R. Dragusin,Missing Fixture,Knee Injury,1208286,2025-02-26T19:30:00+00:00
47,Tottenham,2413,Richarlison,Missing Fixture,Calf Injury,1208286,2025-02-26T19:30:00+00:00
47,Tottenham,30776,C. Romero,Missing Fixture,Thigh Injury,1208286,2025-02-26T19:30:00+00:00
47,Tottenham,18883,D. Solanke,Missing Fixture,Knee Injury,1208286,2025-02-26T19:30:00+00:00
47,Tottenham,152849,M. van de Ven,Missing Fixture,Lacking Match Fitness,1208286,2025-02-26T19:30:00+00:00
50,Manchester City,5,M. Akanji,Missing Fixture,Muscle Injury,1208286,2025-02-26T19:30:00+00:00
50,Manchester City,278133,O. Bobb,Missing Fixture,Leg Injury,1208286,2025-02-26T19:30:00+00:00
50,Manchester City,44,Rodri,Missing Fixture,Knee Injury,1208286,2025-02-26T19:30:00+00:00
50,Manchester City,626,J. Stones,Missing Fixture,Thigh Injury,1208286,2025-02-26T19:30:00+00:00
40,Liverpool,180317,C. Bradley,Missing Fixture,Thigh Injury,1208291,2025-02-26T20:15:00+00:00
40,Liverpool,284,J. Gomez,Missing Fixture,Thigh Injury,1208291,2025-02-26T20:15:00+00:00
34,Newcastle,723,Joelinton,Missing Fixture,Knee Injury,1208291,2025-02-26T20:15:00+00:00
34,Newcastle,18894,J. Lascelles,Missing Fixture,Knee Injury,1208291,2025-02-26T20:15:00+00:00
34,Newcastle,38734,S. Botman,Questionable,Knee Injury,1208291,2025-02-26T20:15:00+00:00
48,West Ham,18819,M. Antonio,Missing Fixture,Inactive,1208287,2025-02-27T20:00:00+00:00
48,West Ham,1231,V. Coufal,Missing Fixture,Thigh Injury,1208287,2025-02-27T20:00:00+00:00
48,West Ham,25391,N. Fullkrug,Missing Fixture,Leg Injury,1208287,2025-02-27T20:00:00+00:00
48,West Ham,1646,L. Paqueta,Missing Fixture,Ankle Injury,1208287,2025-02-27T20:00:00+00:00
48,West Ham,37724,C. Summerville,Missing Fixture,Hamstring Injury,1208287,2025-02-27T20:00:00+00:00
46,Leicester,303467,I. Fatawu,Missing Fixture,Knee Injury,1208287,2025-02-27T20:00:00+00:00
46,Leicester,405905,N. Opoku,Missing Fixture,Broken Leg,1208287,2025-02-27T20:00:00+00:00
46,Leicester,18771,R. Pereira,Missing Fixture,Thigh Injury,1208287,2025-02-27T20:00:00+00:00
46,Leicester,20079,H. Souttar,Missing Fixture,Ankle Injury,1208287,2025-02-27T20:00:00+00:00
65,Nottingham Forest,10373,Carlos Miguel,Missing Fixture,Thigh Injury,1208299,2025-03-08T12:30:00+00:00
50,Manchester City,5,M. Akanji,Missing Fixture,Muscle Injury,1208299,2025-03-08T12:30:00+00:00
50,Manchester City,18861,N. Ake,Missing Fixture,Ankle Injury,1208299,2025-03-08T12:30:00+00:00
50,Manchester City,278133,O. Bobb,Missing Fixture,Leg Injury,1208299,2025-03-08T12:30:00+00:00
50,Manchester City,44,Rodri,Missing Fixture,Knee Injury,1208299,2025-03-08T12:30:00+00:00
50,Manchester City,626,J. Stones,Missing Fixture,Thigh Injury,1208299,2025-03-08T12:30:00+00:00
51,Brighton,18963,L. Dunk,Missing Fixture,Back Injury,1208294,2025-03-08T15:00:00+00:00
51,Brighton,7600,Igor,Missing Fixture,Thigh Injury,1208294,2025-03-08T15:00:00+00:00
51,Brighton,1361,F. Kadioglu,Missing Fixture,Toe Injury,1208294,2025-03-08T15:00:00+00:00
51,Brighton,138815,T. Lamptey,Missing Fixture,Red Card,1208294,2025-03-08T15:00:00+00:00
51,Brighton,296,J. Milner,Missing Fixture,Thigh Injury,1208294,2025-03-08T15:00:00+00:00
51,Brighton,18960,J. Steele,Missing Fixture,Shoulder Injury,1208294,2025-03-08T15:00:00+00:00
51,Brighton,537,J. Veltman,Missing Fixture,Ankle Injury,1208294,2025-03-08T15:00:00+00:00
51,Brighton,19030,M. O'Riley,Questionable,Knee Injury,1208294,2025-03-08T15:00:00+00:00
36,Fulham,727,R. Nelson,Missing Fixture,Thigh Injury,1208294,2025-03-08T15:00:00+00:00
36,Fulham,657,K. Tete,Missing Fixture,Knee Injury,1208294,2025-03-08T15:00:00+00:00
36,Fulham,19221,H. Wilson,Missing Fixture,Injury,1208294,2025-03-08T15:00:00+00:00
36,Fulham,18753,A. Traore,Questionable,Ankle Injury,1208294,2025-03-08T15:00:00+00:00
52,Crystal Palace,3339,C. Doucoure,Missing Fixture,Knee Injury,1208296,2025-03-08T15:00:00+00:00
52,Crystal Palace,18806,W. Hughes,Missing Fixture,Yellow Cards,1208296,2025-03-08T15:00:00+00:00
52,Crystal Palace,25927,J. Mateta,Missing Fixture,Injury,1208296,2025-03-08T15:00:00+00:00
52,Crystal Palace,278898,C. Riad,Missing Fixture,Knee Injury,1208296,2025-03-08T15:00:00+00:00
52,Crystal Palace,18847,J. Ward,Missing Fixture,Calf Injury,1208296,2025-03-08T15:00:00+00:00
57,Ipswich,20089,W. Burns,Missing Fixture,Knee Injury,1208296,2025-03-08T15:00:00+00:00
57,Ipswich,20007,C. Chaplin,Missing Fixture,Knee Injury,1208296,2025-03-08T15:00:00+00:00
57,Ipswich,616,A. Muric,Missing Fixture,Shoulder Injury,1208296,2025-03-08T15:00:00+00:00
57,Ipswich,19365,C. Ogbene,Missing Fixture,Calf Injury,1208296,2025-03-08T15:00:00+00:00
57,Ipswich,17579,S. Szmodics,Missing Fixture,Ankle Injury,1208296,2025-03-08T15:00:00+00:00
57,Ipswich,19182,A. Tuanzebe,Missing Fixture,Thigh Injury,1208296,2025-03-08T15:00:00+00:00
40,Liverpool,180317,C. Bradley,Missing Fixture,Thigh Injury,1208297,2025-03-08T15:00:00+00:00
40,Liverpool,284,J. Gomez,Missing Fixture,Thigh Injury,1208297,2025-03-08T15:00:00+00:00
40,Liverpool,162590,T. Morton,Missing Fixture,Shoulder Injury,1208297,2025-03-08T15:00:00+00:00
40,Liverpool,247,C. Gakpo,Questionable,Knock,1208297,2025-03-08T15:00:00+00:00
41,Southampton,19719,J. Bree,Missing Fixture,Thigh Injury,1208297,2025-03-08T15:00:00+00:00
41,Southampton,18873,R. Fraser,Missing Fixture,Calf Injury,1208297,2025-03-08T15:00:00+00:00
41,Southampton,284264,J. Larios,Questionable,Lacking Match Fitness,1208297,2025-03-08T15:00:00+00:00
41,Southampton,45078,R. Stewart,Questionable,Thigh Injury,1208297,2025-03-08T15:00:00+00:00
55,Brentford,19362,J. Dasilva,Missing Fixture,Knee Injury,1208293,2025-03-08T17:30:00+00:00
55,Brentford,44871,A. Hickey,Missing Fixture,Thigh Injury,1208293,2025-03-08T17:30:00+00:00
55,Brentford,196156,I. Thiago,Missing Fixture,Knee Injury,1208293,2025-03-08T17:30:00+00:00
55,Brentford,36922,S. van den Berg,Missing Fixture,Knee Injury,1208293,2025-03-08T17:30:00+00:00
66,Aston Villa,746,M. Asensio,Missing Fixture,Injury,1208293,2025-03-08T17:30:00+00:00
66,Aston Villa,2287,R. Barkley,Missing Fixture,Calf Injury,1208293,2025-03-08T17:30:00+00:00
66,Aston Villa,19599,E. Martinez,Missing Fixture,Injury,1208293,2025-03-08T17:30:00+00:00
66,Aston Villa,162714,A. Onana,Missing Fixture,Thigh Injury,1208293,2025-03-08T17:30:00+00:00
39,Wolves,380653,L. Chiwome,Missing Fixture,Knee Injury,1208302,2025-03-08T20:00:00+00:00
39,Wolves,1165,M. Cunha,Missing Fixture,Red Card,1208302,2025-03-08T20:00:00+00:00
39,Wolves,385726,E. Gonzalez,Missing Fixture,Knee Injury,1208302,2025-03-08T20:00:00+00:00
39,Wolves,7722,S. Kalajdzic,Missing Fixture,Knee Injury,1208302,2025-03-08T20:00:00+00:00
39,Wolves,195717,Y. Mosquera,Missing Fixture,Knee Injury,1208302,2025-03-08T20:00:00+00:00
45,Everton,138822,A. Broja,Missing Fixture,Ankle Injury,1208302,2025-03-08T20:00:00+00:00
45,Everton,18766,D. Calvert-Lewin,Missing Fixture,Muscle Injury,1208302,2025-03-08T20:00:00+00:00
45,Everton,24882,O. Mangala,Missing Fixture,Knee Injury,1208302,2025-03-08T20:00:00+00:00
45,Everton,18929,D. McNeil,Missing Fixture,Knee Injury,1208302,2025-03-08T20:00:00+00:00
45,Everton,18592,I. Ndiaye,Missing Fixture,Knee Injury,1208302,2025-03-08T20:00:00+00:00
49,Chelsea,422780,A. Anselmino,Missing Fixture,Injury,1208295,2025-03-09T14:00:00+00:00
49,Chelsea,392270,M. Guiu,Missing Fixture,Muscle Injury,1208295,2025-03-09T14:00:00+00:00
49,Chelsea,283058,N. Jackson,Missing Fixture,Thigh Injury,1208295,2025-03-09T14:00:00+00:00
49,Chelsea,19545,R. James,Missing Fixture,Illness,1208295,2025-03-09T14:00:00+00:00
49,Chelsea,329347,O. Kellyman,Missing Fixture,Muscle Injury,1208295,2025-03-09T14:00:00+00:00
49,Chelsea,136723,N. Madueke,Missing Fixture,Muscle Injury,1208295,2025-03-09T14:00:00+00:00
49,Chelsea,63577,M. Mudryk,Missing Fixture,Suspended,1208295,2025-03-09T14:00:00+00:00
49,Chelsea,161907,M. Gusto,Questionable,Injury,1208295,2025-03-09T14:00:00+00:00
46,Leicester,303467,I. Fatawu,Missing Fixture,Knee Injury,1208295,2025-03-09T14:00:00+00:00
46,Leicester,405905,N. Opoku,Missing Fixture,Broken Leg,1208295,2025-03-09T14:00:00+00:00
46,Leicester,20079,H. Souttar,Missing Fixture,Ankle Injury,1208295,2025-03-09T14:00:00+00:00
47,Tottenham,162498,R. Dragusin,Missing Fixture,Knee Injury,1208300,2025-03-09T14:00:00+00:00
47,Tottenham,30435,D. Kulusevski,Missing Fixture,Foot Injury,1208300,2025-03-09T14:00:00+00:00
47,Tottenham,2413,Richarlison,Missing Fixture,Calf Injury,1208300,2025-03-09T14:00:00+00:00
47,Tottenham,164,B. Davies,Questionable,Muscle Injury,1208300,2025-03-09T14:00:00+00:00
35,Bournemouth,51051,J. Araujo,Missing Fixture,Hamstring Injury,1208300,2025-03-09T14:00:00+00:00
35,Bournemouth,6610,M. Senesi,Missing Fixture,Thigh Injury,1208300,2025-03-09T14:00:00+00:00
35,Bournemouth,18869,A. Smith,Missing Fixture,Leg Injury,1208300,2025-03-09T14:00:00+00:00
35,Bournemouth,47499,E. Unal,Missing Fixture,Knee Injury,1208300,2025-03-09T14:00:00+00:00
35,Bournemouth,161671,I. Zabarnyi,Missing Fixture,Red Card,1208300,2025-03-09T14:00:00+00:00
33,Manchester United,50132,A. Bayindir,Missing Fixture,Injury,1208298,2025-03-09T16:30:00+00:00
33,Manchester United,157997,A. Diallo,Missing Fixture,Ankle Injury,1208298,2025-03-09T16:30:00+00:00
33,Manchester United,382452,P. Dorgu,Missing Fixture,Red Card,1208298,2025-03-09T16:30:00+00:00
33,Manchester United,18772,J. Evans,Missing Fixture,Muscle Injury,1208298,2025-03-09T16:30:00+00:00
33,Manchester United,2931,T. Heaton,Missing Fixture,Injury,1208298,2025-03-09T16:30:00+00:00
33,Manchester United,284322,K. Mainoo,Missing Fixture,Injury,1208298,2025-03-09T16:30:00+00:00
33,Manchester United,2467,L. Martinez,Missing Fixture,Knee Injury,1208298,2025-03-09T16:30:00+00:00
33,Manchester United,19220,M. Mount,Missing Fixture,Leg Injury,1208298,2025-03-09T16:30:00+00:00
33,Manchester United,891,L. Shaw,Missing Fixture,Calf Injury,1208298,2025-03-09T16:30:00+00:00
33,Manchester United,2935,H. Maguire,Questionable,Hamstring Injury,1208298,2025-03-09T16:30:00+00:00
33,Manchester United,51494,M. Ugarte,Questionable,Knock,1208298,2025-03-09T16:30:00+00:00
42,Arsenal,643,Gabriel Jesus,Missing Fixture,Knee Injury,1208298,2025-03-09T16:30:00+00:00
42,Arsenal,978,K. Havertz,Missing Fixture,Hamstring Injury,1208298,2025-03-09T16:30:00+00:00
42,Arsenal,1460,B. Saka,Missing Fixture,Thigh Injury,1208298,2025-03-09T16:30:00+00:00
42,Arsenal,2597,T. Tomiyasu,Missing Fixture,Knee Injury,1208298,2025-03-09T16:30:00+00:00
48,West Ham,18819,M. Antonio,Missing Fixture,Inactive,1208301,2025-03-10T20:00:00+00:00
48,West Ham,25391,N. Fullkrug,Missing Fixture,Leg Injury,1208301,2025-03-10T20:00:00+00:00
48,West Ham,37724,C. Summerville,Missing Fixture,Hamstring Injury,1208301,2025-03-10T20:00:00+00:00
48,West Ham,1231,V. Coufal,Questionable,Thigh Injury,1208301,2025-03-10T20:00:00+00:00
34,Newcastle,38734,S. Botman,Missing Fixture,Knee Injury,1208301,2025-03-10T20:00:00+00:00
34,Newcastle,138787,A. Gordon,Missing Fixture,Red Card,1208301,2025-03-10T20:00:00+00:00
34,Newcastle,284492,L. Hall,Missing Fixture,Foot Injury,1208301,2025-03-10T20:00:00+00:00
34,Newcastle,18894,J. Lascelles,Missing Fixture,Knee Injury,1208301,2025-03-10T20:00:00+00:00
45,Everton,18766,D. Calvert-Lewin,Missing Fixture,Muscle Injury,1208306,2025-03-15T15:00:00+00:00
45,Everton,24882,O. Mangala,Missing Fixture,Knee Injury,1208306,2025-03-15T15:00:00+00:00
45,Everton,18929,D. McNeil,Missing Fixture,Knee Injury,1208306,2025-03-15T15:00:00+00:00
45,Everton,18592,I. Ndiaye,Missing Fixture,Knee Injury,1208306,2025-03-15T15:00:00+00:00
48,West Ham,18819,M. Antonio,Missing Fixture,Inactive,1208306,2025-03-15T15:00:00+00:00
48,West Ham,37724,C. Summerville,Missing Fixture,Hamstring Injury,1208306,2025-03-15T15:00:00+00:00
48,West Ham,1231,V. Coufal,Questionable,Thigh Injury,1208306,2025-03-15T15:00:00+00:00
48,West Ham,25391,N. Fullkrug,Questionable,Leg Injury,1208306,2025-03-15T15:00:00+00:00
57,Ipswich,20089,W. Burns,Missing Fixture,Knee Injury,1208308,2025-03-15T15:00:00+00:00
57,Ipswich,20007,C. Chaplin,Missing Fixture,Knee Injury,1208308,2025-03-15T15:00:00+00:00
57,Ipswich,616,A. Muric,Missing Fixture,Shoulder Injury,1208308,2025-03-15T15:00:00+00:00
57,Ipswich,19365,C. Ogbene,Missing Fixture,Calf Injury,1208308,2025-03-15T15:00:00+00:00
57,Ipswich,17579,S. Szmodics,Missing Fixture,Ankle Injury,1208308,2025-03-15T15:00:00+00:00
57,Ipswich,19182,A. Tuanzebe,Missing Fixture,Thigh Injury,1208308,2025-03-15T15:00:00+00:00
65,Nottingham Forest,10373,Carlos Miguel,Missing Fixture,Thigh Injury,1208308,2025-03-15T15:00:00+00:00
50,Manchester City,5,M. Akanji,Missing Fixture,Muscle Injury,1208310,2025-03-15T15:00:00+00:00
50,Manchester City,18861,N. Ake,Missing Fixture,Ankle Injury,1208310,2025-03-15T15:00:00+00:00
50,Manchester City,278133,O. Bobb,Missing Fixture,Leg Injury,1208310,2025-03-15T15:00:00+00:00
50,Manchester City,44,Rodri,Missing Fixture,Knee Injury,1208310,2025-03-15T15:00:00+00:00
50,Manchester City,626,J. Stones,Missing Fixture,Thigh Injury,1208310,2025-03-15T15:00:00+00:00
51,Brighton,18963,L. Dunk,Missing Fixture,Back Injury,1208310,2025-03-15T15:00:00+00:00
51,Brighton,7600,Igor,Missing Fixture,Thigh Injury,1208310,2025-03-15T15:00:00+00:00
51,Brighton,1361,F. Kadioglu,Missing Fixture,Toe Injury,1208310,2025-03-15T15:00:00+00:00
51,Brighton,296,J. Milner,Missing Fixture,Thigh Injury,1208310,2025-03-15T15:00:00+00:00
51,Brighton,19030,M. O'Riley,Missing Fixture,Knee Injury,1208310,2025-03-15T15:00:00+00:00
51,Brighton,18960,J. Steele,Missing Fixture,Shoulder Injury,1208310,2025-03-15T15:00:00+00:00
51,Brighton,537,J. Veltman,Missing Fixture,Ankle Injury,1208310,2025-03-15T15:00:00+00:00
41,Southampton,2999,J. Bednarek,Missing Fixture,Concussion,1208312,2025-03-15T15:00:00+00:00
41,Southampton,19719,J. Bree,Missing Fixture,Thigh Injury,1208312,2025-03-15T15:00:00+00:00
41,Southampton,18873,R. Fraser,Missing Fixture,Calf Injury,1208312,2025-03-15T15:00:00+00:00
41,Southampton,130421,W. Smallbone,Missing Fixture,Groin Injury,1208312,2025-03-15T15:00:00+00:00
41,Southampton,284264,J. Larios,Questionable,Lacking Match Fitness,1208312,2025-03-15T15:00:00+00:00
41,Southampton,45078,R. Stewart,Questionable,Thigh Injury,1208312,2025-03-15T15:00:00+00:00
39,Wolves,380653,L. Chiwome,Missing Fixture,Knee Injury,1208312,2025-03-15T15:00:00+00:00
39,Wolves,1165,M. Cunha,Missing Fixture,Red Card,1208312,2025-03-15T15:00:00+00:00
39,Wolves,385726,E. Gonzalez,Missing Fixture,Knee Injury,1208312,2025-03-15T15:00:00+00:00
39,Wolves,7722,S. Kalajdzic,Missing Fixture,Knee Injury,1208312,2025-03-15T15:00:00+00:00
39,Wolves,195717,Y. Mosquera,Missing Fixture,Knee Injury,1208312,2025-03-15T15:00:00+00:00
35,Bournemouth,51051,J. Araujo,Missing Fixture,Thigh Injury,1208303,2025-03-15T17:30:00+00:00
35,Bournemouth,6610,M. Senesi,Missing Fixture,Thigh Injury,1208303,2025-03-15T17:30:00+00:00
35,Bournemouth,18869,A. Smith,Missing Fixture,Calf Injury,1208303,2025-03-15T17:30:00+00:00
35,Bournemouth,47499,E. Unal,Missing Fixture,Knee Injury,1208303,2025-03-15T17:30:00+00:00
55,Brentford,153066,F. Carvalho,Missing Fixture,Shoulder Injury,1208303,2025-03-15T17:30:00+00:00
55,Brentford,19362,J. Dasilva,Missing Fixture,Knee Injury,1208303,2025-03-15T17:30:00+00:00
55,Brentford,19346,R. Henry,Missing Fixture,Thigh Injury,1208303,2025-03-15T17:30:00+00:00
55,Brentford,44871,A. Hickey,Missing Fixture,Inactive,1208303,2025-03-15T17:30:00+00:00
55,Brentford,342022,M. Kayode,Missing Fixture,Inactive,1208303,2025-03-15T17:30:00+00:00
55,Brentford,196156,I. Thiago,Missing Fixture,Knee Injury,1208303,2025-03-15T17:30:00+00:00
42,Arsenal,643,Gabriel Jesus,Missing Fixture,Knee Injury,1208304,2025-03-16T13:30:00+00:00
42,Arsenal,978,K. Havertz,Missing Fixture,Hamstring Injury,1208304,2025-03-16T13:30:00+00:00
42,Arsenal,1460,B. Saka,Missing Fixture,Thigh Injury,1208304,2025-03-16T13:30:00+00:00
42,Arsenal,645,R. Sterling,Missing Fixture,Loan agreement,1208304,2025-03-16T13:30:00+00:00
42,Arsenal,2597,T. Tomiyasu,Missing Fixture,Knee Injury,1208304,2025-03-16T13:30:00+00:00
49,Chelsea,422780,A. Anselmino,Missing Fixture,Injury,1208304,2025-03-16T13:30:00+00:00
49,Chelsea,392270,M. Guiu,Missing Fixture,Muscle Injury,1208304,2025-03-16T13:30:00+00:00
49,Chelsea,283058,N. Jackson,Missing Fixture,Thigh Injury,1208304,2025-03-16T13:30:00+00:00
49,Chelsea,136723,N. Madueke,Missing Fixture,Muscle Injury,1208304,2025-03-16T13:30:00+00:00
49,Chelsea,63577,M. Mudryk,Missing Fixture,Suspended,1208304,2025-03-16T13:30:00+00:00
49,Chelsea,152982,C. Palmer,Missing Fixture,Illness,1208304,2025-03-16T13:30:00+00:00
36,Fulham,2823,S. Lukic,Missing Fixture,Yellow Cards,1208307,2025-03-16T13:30:00+00:00
36,Fulham,727,R. Nelson,Missing Fixture,Thigh Injury,1208307,2025-03-16T13:30:00+00:00
36,Fulham,657,K. Tete,Missing Fixture,Knee Injury,1208307,2025-03-16T13:30:00+00:00
36,Fulham,19221,H. Wilson,Missing Fixture,Injury,1208307,2025-03-16T13:30:00+00:00
47,Tottenham,25287,K. Danso,Missing Fixture,Thigh Injury,1208307,2025-03-16T13:30:00+00:00
47,Tottenham,162498,R. Dragusin,Missing Fixture,Knee Injury,1208307,2025-03-16T13:30:00+00:00
47,Tottenham,30435,D. Kulusevski,Missing Fixture,Foot Injury,1208307,2025-03-16T13:30:00+00:00
47,Tottenham,2413,Richarlison,Missing Fixture,Calf Injury,1208307,2025-03-16T13:30:00+00:00
46,Leicester,303467,I. Fatawu,Missing Fixture,Knee Injury,1208309,2025-03-16T19:00:00+00:00
46,Leicester,405905,N. Opoku,Missing Fixture,Broken Leg,1208309,2025-03-16T19:00:00+00:00
46,Leicester,20079,H. Souttar,Missing Fixture,Ankle Injury,1208309,2025-03-16T19:00:00+00:00
33,Manchester United,50132,A. Bayindir,Missing Fixture,Injury,1208309,2025-03-16T19:00:00+00:00
33,Manchester United,157997,A. Diallo,Missing Fixture,Ankle Injury,1208309,2025-03-16T19:00:00+00:00
33,Manchester United,382452,P. Dorgu,Missing Fixture,Red Card,1208309,2025-03-16T19:00:00+00:00
33,Manchester United,18772,J. Evans,Missing Fixture,Lower Back Injury,1208309,2025-03-16T19:00:00+00:00
33,Manchester United,284322,K. Mainoo,Missing Fixture,Injury,1208309,2025-03-16T19:00:00+00:00
33,Manchester United,2467,L. Martinez,Missing Fixture,Knee Injury,1208309,2025-03-16T19:00:00+00:00
33,Manchester United,891,L. Shaw,Missing Fixture,Calf Injury,1208309,2025-03-16T19:00:00+00:00
33,Manchester United,342970,L. Yoro,Missing Fixture,Foot Injury,1208309,2025-03-16T19:00:00+00:00
33,Manchester United,2935,H. Maguire,Questionable,Hamstring Injury,1208309,2025-03-16T19:00:00+00:00
42,Arsenal,157052,R. Calafiori,Missing Fixture,Knee Injury,1208314,2025-04-01T18:45:00+00:00
42,Arsenal,643,Gabriel Jesus,Missing Fixture,Knee Injury,1208314,2025-04-01T18:45:00+00:00
42,Arsenal,978,K. Havertz,Missing Fixture,Hamstring Injury,1208314,2025-04-01T18:45:00+00:00
42,Arsenal,2597,T. Tomiyasu,Missing Fixture,Knee Injury,1208314,2025-04-01T18:45:00+00:00
36,Fulham,727,R. Nelson,Missing Fixture,Hamstring Injury,1208314,2025-04-01T18:45:00+00:00
36,Fulham,657,K. Tete,Missing Fixture,Knee Injury,1208314,2025-04-01T18:45:00+00:00
36,Fulham,19221,H. Wilson,Missing Fixture,Ankle Injury,1208314,2025-04-01T18:45:00+00:00
39,Wolves,380653,L. Chiwome,Missing Fixture,Knee Injury,1208317,2025-04-01T18:45:00+00:00
39,Wolves,385726,E. Gonzalez,Missing Fixture,Knee Injury,1208317,2025-04-01T18:45:00+00:00
39,Wolves,7722,S. Kalajdzic,Missing Fixture,Knee Injury,1208317,2025-04-01T18:45:00+00:00
39,Wolves,195717,Y. Mosquera,Missing Fixture,Knee Injury,1208317,2025-04-01T18:45:00+00:00
48,West Ham,18819,M. Antonio,Missing Fixture,Inactive,1208317,2025-04-01T18:45:00+00:00
48,West Ham,37724,C. Summerville,Missing Fixture,Hamstring Injury,1208317,2025-04-01T18:45:00+00:00
65,Nottingham Forest,18931,C. Wood,Questionable,Hip Injury,1208316,2025-04-01T19:00:00+00:00
33,Manchester United,157997,A. Diallo,Missing Fixture,Ankle Injury,1208316,2025-04-01T19:00:00+00:00
33,Manchester United,18772,J. Evans,Missing Fixture,Lower Back Injury,1208316,2025-04-01T19:00:00+00:00
33,Manchester United,402329,A. Heaven,Missing Fixture,Ankle Injury,1208316,2025-04-01T19:00:00+00:00
33,Manchester United,284322,K. Mainoo,Missing Fixture,Injury,1208316,2025-04-01T19:00:00+00:00
33,Manchester United,2467,L. Martinez,Missing Fixture,Knee Injury,1208316,2025-04-01T19:00:00+00:00
33,Manchester United,891,L. Shaw,Missing Fixture,Calf Injury,1208316,2025-04-01T19:00:00+00:00
35,Bournemouth,792,J. Kluivert,Missing Fixture,Injury,1208313,2025-04-02T18:45:00+00:00
35,Bournemouth,37161,L. Sinisterra,Missing Fixture,Hamstring Injury,1208313,2025-04-02T18:45:00+00:00
35,Bournemouth,19245,M. Tavernier,Missing Fixture,Ankle Injury,1208313,2025-04-02T18:45:00+00:00
35,Bournemouth,47499,E. Unal,Missing Fixture,Knee Injury,1208313,2025-04-02T18:45:00+00:00
35,Bournemouth,51051,J. Araujo,Questionable,Thigh Injury,1208313,2025-04-02T18:45:00+00:00
57,Ipswich,20089,W. Burns,Missing Fixture,Knee Injury,1208313,2025-04-02T18:45:00+00:00
57,Ipswich,19119,L. Davis,Missing Fixture,Inactive,1208313,2025-04-02T18:45:00+00:00
57,Ipswich,284428,O. Hutchinson,Missing Fixture,Inactive,1208313,2025-04-02T18:45:00+00:00
57,Ipswich,616,A. Muric,Missing Fixture,Shoulder Injury,1208313,2025-04-02T18:45:00+00:00
57,Ipswich,19365,C. Ogbene,Missing Fixture,Calf Injury,1208313,2025-04-02T18:45:00+00:00
57,Ipswich,17579,S. Szmodics,Missing Fixture,Ankle Injury,1208313,2025-04-02T18:45:00+00:00
51,Brighton,7600,Igor,Missing Fixture,Thigh Injury,1208315,2025-04-02T18:45:00+00:00
51,Brighton,1361,F. Kadioglu,Missing Fixture,Toe Injury,1208315,2025-04-02T18:45:00+00:00
51,Brighton,138815,T. Lamptey,Missing Fixture,Ankle Injury,1208315,2025-04-02T18:45:00+00:00
51,Brighton,296,J. Milner,Missing Fixture,Thigh Injury,1208315,2025-04-02T18:45:00+00:00
51,Brighton,90590,G. Rutter,Missing Fixture,Ankle Injury,1208315,2025-04-02T18:45:00+00:00
51,Brighton,18960,J. Steele,Missing Fixture,Shoulder Injury,1208315,2025-04-02T18:45:00+00:00
51,Brighton,537,J. Veltman,Missing Fixture,Ankle Injury,1208315,2025-04-02T18:45:00+00:00
51,Brighton,19265,A. Webster,Missing Fixture,Thigh Injury,1208315,2025-04-02T18:45:00+00:00
66,Aston Villa,983,L. Bailey,Questionable,Knock,1208315,2025-04-02T18:45:00+00:00
66,Aston Villa,2287,R. Barkley,Questionable,Knee Injury,1208315,2025-04-02T18:45:00+00:00
50,Manchester City,5,M. Akanji,Missing Fixture,Muscle Injury,1208319,2025-04-02T18:45:00+00:00
50,Manchester City,18861,N. Ake,Missing Fixture,Ankle Injury,1208319,2025-04-02T18:45:00+00:00
50,Manchester City,1100,E. Haaland,Missing Fixture,Ankle Injury,1208319,2025-04-02T18:45:00+00:00
50,Manchester City,44,Rodri,Missing Fixture,Knee Injury,1208319,2025-04-02T18:45:00+00:00
50,Manchester City,626,J. Stones,Missing Fixture,Thigh Injury,1208319,2025-04-02T18:45:00+00:00
46,Leicester,303467,I. Fatawu,Missing Fixture,Knee Injury,1208319,2025-04-02T18:45:00+00:00
46,Leicester,405905,N. Opoku,Missing Fixture,Broken Leg,1208319,2025-04-02T18:45:00+00:00
46,Leicester,20079,H. Souttar,Missing Fixture,Ankle Injury,1208319,2025-04-02T18:45:00+00:00
34,Newcastle,38734,S. Botman,Missing Fixture,Knee Injury,1208320,2025-04-02T18:45:00+00:00
34,Newcastle,138787,A. Gordon,Missing Fixture,Red Card,1208320,2025-04-02T18:45:00+00:00
34,Newcastle,284492,L. Hall,Missing Fixture,Foot Injury,1208320,2025-04-02T18:45:00+00:00
34,Newcastle,18894,J. Lascelles,Missing Fixture,Knee Injury,1208320,2025-04-02T18:45:00+00:00
55,Brentford,153066,F. Carvalho,Missing Fixture,Shoulder Injury,1208320,2025-04-02T18:45:00+00:00
55,Brentford,19362,J. Dasilva,Missing Fixture,Knee Injury,1208320,2025-04-02T18:45:00+00:00
55,Brentford,19346,R. Henry,Missing Fixture,Thigh Injury,1208320,2025-04-02T18:45:00+00:00
55,Brentford,44871,A. Hickey,Missing Fixture,Inactive,1208320,2025-04-02T18:45:00+00:00
55,Brentford,47438,M. Jensen,Missing Fixture,Illness,1208320,2025-04-02T18:45:00+00:00
55,Brentford,196156,I. Thiago,Missing Fixture,Knee Injury,1208320,2025-04-02T18:45:00+00:00
41,Southampton,18873,R. Fraser,Missing Fixture,Calf Injury,1208321,2025-04-02T18:45:00+00:00
41,Southampton,130421,W. Smallbone,Missing Fixture,Groin Injury,1208321,2025-04-02T18:45:00+00:00
41,Southampton,284264,J. Larios,Questionable,Lacking Match Fitness,1208321,2025-04-02T18:45:00+00:00
41,Southampton,45078,R. Stewart,Questionable,Thigh Injury,1208321,2025-04-02T18:45:00+00:00
52,Crystal Palace,3339,C. Doucoure,Missing Fixture,Knee Injury,1208321,2025-04-02T18:45:00+00:00
52,Crystal Palace,18806,W. Hughes,Missing Fixture,Yellow Cards,1208321,2025-04-02T18:45:00+00:00
52,Crystal Palace,278898,C. Riad,Missing Fixture,Knee Injury,1208321,2025-04-02T18:45:00+00:00
52,Crystal Palace,126949,C. Richards,Missing Fixture,Calf Injury,1208321,2025-04-02T18:45:00+00:00
40,Liverpool,283,T. Alexander-Arnold,Missing Fixture,Ankle Injury,1208322,2025-04-02T19:00:00+00:00
40,Liverpool,280,Alisson,Missing Fixture,Concussion,1208322,2025-04-02T19:00:00+00:00
40,Liverpool,284,J. Gomez,Missing Fixture,Hamstring Injury,1208322,2025-04-02T19:00:00+00:00
40,Liverpool,162590,T. Morton,Missing Fixture,Shoulder Injury,1208322,2025-04-02T19:00:00+00:00
40,Liverpool,180317,C. Bradley,Questionable,Thigh Injury,1208322,2025-04-02T19:00:00+00:00
45,Everton,18766,D. Calvert-Lewin,Missing Fixture,Muscle Injury,1208322,2025-04-02T19:00:00+00:00
45,Everton,15884,J. Lindstrom,Missing Fixture,Groin Injury,1208322,2025-04-02T19:00:00+00:00
45,Everton,24882,O. Mangala,Missing Fixture,Knee Injury,1208322,2025-04-02T19:00:00+00:00
45,Everton,18929,D. McNeil,Questionable,Knee Injury,1208322,2025-04-02T19:00:00+00:00
49,Chelsea,329347,O. Kellyman,Missing Fixture,Hamstring Injury,1208318,2025-04-03T19:00:00+00:00
49,Chelsea,282125,R. Lavia,Missing Fixture,Health problems,1208318,2025-04-03T19:00:00+00:00
49,Chelsea,63577,M. Mudryk,Missing Fixture,Suspended,1208318,2025-04-03T19:00:00+00:00
49,Chelsea,392270,M. Guiu,Questionable,Muscle Injury,1208318,2025-04-03T19:00:00+00:00
47,Tottenham,25287,K. Danso,Missing Fixture,Thigh Injury,1208318,2025-04-03T19:00:00+00:00
47,Tottenham,162498,R. Dragusin,Missing Fixture,Knee Injury,1208318,2025-04-03T19:00:00+00:00
47,Tottenham,30435,D. Kulusevski,Missing Fixture,Foot Injury,1208318,2025-04-03T19:00:00+00:00
47,Tottenham,2413,Richarlison,Missing Fixture,Calf Injury,1208318,2025-04-03T19:00:00+00:00
45,Everton,18766,D. Calvert-Lewin,Missing Fixture,Muscle Injury,1208326,2025-04-05T11:30:00+00:00
45,Everton,15884,J. Lindstrom,Missing Fixture,Groin Injury,1208326,2025-04-05T11:30:00+00:00
45,Everton,24882,O. Mangala,Missing Fixture,Knee Injury,1208326,2025-04-05T11:30:00+00:00
42,Arsenal,157052,R. Calafiori,Missing Fixture,Knee Injury,1208326,2025-04-05T11:30:00+00:00
42,Arsenal,22224,Gabriel,Missing Fixture,Hamstring Injury,1208326,2025-04-05T11:30:00+00:00
42,Arsenal,643,Gabriel Jesus,Missing Fixture,Knee Injury,1208326,2025-04-05T11:30:00+00:00
42,Arsenal,978,K. Havertz,Missing Fixture,Hamstring Injury,1208326,2025-04-05T11:30:00+00:00
42,Arsenal,2597,T. Tomiyasu,Missing Fixture,Knee Injury,1208326,2025-04-05T11:30:00+00:00
52,Crystal Palace,3339,C. Doucoure,Missing Fixture,Knee Injury,1208325,2025-04-05T14:00:00+00:00
52,Crystal Palace,278898,C. Riad,Missing Fixture,Knee Injury,1208325,2025-04-05T14:00:00+00:00
52,Crystal Palace,126949,C. Richards,Questionable,Calf Injury,1208325,2025-04-05T14:00:00+00:00
51,Brighton,7600,Igor,Missing Fixture,Thigh Injury,1208325,2025-04-05T14:00:00+00:00
51,Brighton,1361,F. Kadioglu,Missing Fixture,Toe Injury,1208325,2025-04-05T14:00:00+00:00
51,Brighton,138815,T. Lamptey,Missing Fixture,Ankle Injury,1208325,2025-04-05T14:00:00+00:00
51,Brighton,296,J. Milner,Missing Fixture,Thigh Injury,1208325,2025-04-05T14:00:00+00:00
51,Brighton,90590,G. Rutter,Missing Fixture,Ankle Injury,1208325,2025-04-05T14:00:00+00:00
51,Brighton,18960,J. Steele,Missing Fixture,Shoulder Injury,1208325,2025-04-05T14:00:00+00:00
51,Brighton,537,J. Veltman,Missing Fixture,Ankle Injury,1208325,2025-04-05T14:00:00+00:00
51,Brighton,19265,A. Webster,Missing Fixture,Thigh Injury,1208325,2025-04-05T14:00:00+00:00
57,Ipswich,20089,W. Burns,Missing Fixture,Knee Injury,1208328,2025-04-05T14:00:00+00:00
57,Ipswich,284428,O. Hutchinson,Missing Fixture,Thigh Injury,1208328,2025-04-05T14:00:00+00:00
57,Ipswich,616,A. Muric,Missing Fixture,Shoulder Injury,1208328,2025-04-05T14:00:00+00:00
57,Ipswich,19365,C. Ogbene,Missing Fixture,Calf Injury,1208328,2025-04-05T14:00:00+00:00
57,Ipswich,17579,S. Szmodics,Missing Fixture,Ankle Injury,1208328,2025-04-05T14:00:00+00:00
39,Wolves,380653,L. Chiwome,Missing Fixture,Knee Injury,1208328,2025-04-05T14:00:00+00:00
39,Wolves,1165,M. Cunha,Missing Fixture,Red Card,1208328,2025-04-05T14:00:00+00:00
39,Wolves,385726,E. Gonzalez,Missing Fixture,Knee Injury,1208328,2025-04-05T14:00:00+00:00
39,Wolves,7722,S. Kalajdzic,Missing Fixture,Knee Injury,1208328,2025-04-05T14:00:00+00:00
39,Wolves,195717,Y. Mosquera,Missing Fixture,Knee Injury,1208328,2025-04-05T14:00:00+00:00
48,West Ham,18819,M. Antonio,Missing Fixture,Inactive,1208332,2025-04-05T14:00:00+00:00
48,West Ham,37724,C. Summerville,Missing Fixture,Hamstring Injury,1208332,2025-04-05T14:00:00+00:00
35,Bournemouth,1125,R. Christie,Missing Fixture,Groin Injury,1208332,2025-04-05T14:00:00+00:00
35,Bournemouth,37161,L. Sinisterra,Missing Fixture,Hamstring Injury,1208332,2025-04-05T14:00:00+00:00
35,Bournemouth,19245,M. Tavernier,Missing Fixture,Ankle Injury,1208332,2025-04-05T14:00:00+00:00
35,Bournemouth,47499,E. Unal,Missing Fixture,Knee Injury,1208332,2025-04-05T14:00:00+00:00
35,Bournemouth,792,J. Kluivert,Questionable,Injury,1208332,2025-04-05T14:00:00+00:00
66,Aston Villa,983,L. Bailey,Questionable,Knock,1208323,2025-04-05T16:30:00+00:00
66,Aston Villa,2287,R. Barkley,Questionable,Knee Injury,1208323,2025-04-05T16:30:00+00:00
65,Nottingham Forest,2771,O. Aina,Missing Fixture,Calf Injury,1208323,2025-04-05T16:30:00+00:00
65,Nottingham Forest,18931,C. Wood,Questionable,Hip Injury,1208323,2025-04-05T16:30:00+00:00
55,Brentford,153066,F. Carvalho,Missing Fixture,Shoulder Injury,1208324,2025-04-06T13:00:00+00:00
55,Brentford,19362,J. Dasilva,Missing Fixture,Knee Injury,1208324,2025-04-06T13:00:00+00:00
55,Brentford,196156,I. Thiago,Missing Fixture,Knee Injury,1208324,2025-04-06T13:00:00+00:00
55,Brentford,44871,A. Hickey,Questionable,Inactive,1208324,2025-04-06T13:00:00+00:00
49,Chelsea,329347,O. Kellyman,Missing Fixture,Hamstring Injury,1208324,2025-04-06T13:00:00+00:00
49,Chelsea,282125,R. Lavia,Missing Fixture,Health problems,1208324,2025-04-06T13:00:00+00:00
49,Chelsea,63577,M. Mudryk,Missing Fixture,Suspended,1208324,2025-04-06T13:00:00+00:00
36,Fulham,727,R. Nelson,Missing Fixture,Hamstring Injury,1208327,2025-04-06T13:00:00+00:00
36,Fulham,19221,H. Wilson,Missing Fixture,Ankle Injury,1208327,2025-04-06T13:00:00+00:00
40,Liverpool,283,T. Alexander-Arnold,Missing Fixture,Ankle Injury,1208327,2025-04-06T13:00:00+00:00
40,Liverpool,284,J. Gomez,Missing Fixture,Hamstring Injury,1208327,2025-04-06T13:00:00+00:00
40,Liverpool,280,Alisson,Questionable,Concussion,1208327,2025-04-06T13:00:00+00:00
47,Tottenham,25287,K. Danso,Missing Fixture,Thigh Injury,1208331,2025-04-06T13:00:00+00:00
47,Tottenham,162498,R. Dragusin,Missing Fixture,Knee Injury,1208331,2025-04-06T13:00:00+00:00
47,Tottenham,30435,D. Kulusevski,Missing Fixture,Foot Injury,1208331,2025-04-06T13:00:00+00:00
41,Southampton,19733,F. Downes,Missing Fixture,Yellow Cards,1208331,2025-04-06T13:00:00+00:00
41,Southampton,18873,R. Fraser,Missing Fixture,Calf Injury,1208331,2025-04-06T13:00:00+00:00
41,Southampton,284264,J. Larios,Questionable,Lacking Match Fitness,1208331,2025-04-06T13:00:00+00:00
33,Manchester United,157997,A. Diallo,Missing Fixture,Ankle Injury,1208330,2025-04-06T15:30:00+00:00
33,Manchester United,18772,J. Evans,Missing Fixture,Lower Back Injury,1208330,2025-04-06T15:30:00+00:00
33,Manchester United,402329,A. Heaven,Missing Fixture,Ankle Injury,1208330,2025-04-06T15:30:00+00:00
33,Manchester United,2467,L. Martinez,Missing Fixture,Knee Injury,1208330,2025-04-06T15:30:00+00:00
33,Manchester United,284322,K. Mainoo,Questionable,Injury,1208330,2025-04-06T15:30:00+00:00
33,Manchester United,532,M. de Ligt,Questionable,Injury,1208330,2025-04-06T15:30:00+00:00
50,Manchester City,5,M. Akanji,Missing Fixture,Muscle Injury,1208330,2025-04-06T15:30:00+00:00
50,Manchester City,18861,N. Ake,Missing Fixture,Ankle Injury,1208330,2025-04-06T15:30:00+00:00
50,Manchester City,1100,E. Haaland,Missing Fixture,Ankle Injury,1208330,2025-04-06T15:30:00+00:00
50,Manchester City,44,Rodri,Missing Fixture,Knee Injury,1208330,2025-04-06T15:30:00+00:00
50,Manchester City,626,J. Stones,Missing Fixture,Thigh Injury,1208330,2025-04-06T15:30:00+00:00
46,Leicester,303467,I. Fatawu,Missing Fixture,Knee Injury,1208329,2025-04-07T19:00:00+00:00
46,Leicester,405905,N. Opoku,Missing Fixture,Broken Leg,1208329,2025-04-07T19:00:00+00:00
46,Leicester,20079,H. Souttar,Missing Fixture,Ankle Injury,1208329,2025-04-07T19:00:00+00:00
34,Newcastle,38734,S. Botman,Missing Fixture,Knee Injury,1208329,2025-04-07T19:00:00+00:00
34,Newcastle,284492,L. Hall,Missing Fixture,Foot Injury,1208329,2025-04-07T19:00:00+00:00
34,Newcastle,18894,J. Lascelles,Missing Fixture,Knee Injury,1208329,2025-04-07T19:00:00+00:00
34,Newcastle,138787,A. Gordon,Questionable,Groin Injury,1208329,2025-04-07T19:00:00+00:00
50,Manchester City,5,M. Akanji,Missing Fixture,Muscle Injury,1208338,2025-04-12T11:30:00+00:00
50,Manchester City,18861,N. Ake,Missing Fixture,Ankle Injury,1208338,2025-04-12T11:30:00+00:00
50,Manchester City,631,P. Foden,Missing Fixture,Injury,1208338,2025-04-12T11:30:00+00:00
50,Manchester City,1100,E. Haaland,Missing Fixture,Ankle Injury,1208338,2025-04-12T11:30:00+00:00
50,Manchester City,44,Rodri,Missing Fixture,Knee Injury,1208338,2025-04-12T11:30:00+00:00
50,Manchester City,626,J. Stones,Missing Fixture,Thigh Injury,1208338,2025-04-12T11:30:00+00:00
52,Crystal Palace,3339,C. Doucoure,Missing Fixture,Knee Injury,1208338,2025-04-12T11:30:00+00:00
52,Crystal Palace,402640,R. Esse,Missing Fixture,Illness,1208338,2025-04-12T11:30:00+00:00
52,Crystal Palace,67971,M. Guehi,Missing Fixture,Red Card,1208338,2025-04-12T11:30:00+00:00
52,Crystal Palace,1468,E. Nketiah,Missing Fixture,Red Card,1208338,2025-04-12T11:30:00+00:00
52,Crystal Palace,278898,C. Riad,Missing Fixture,Knee Injury,1208338,2025-04-12T11:30:00+00:00
52,Crystal Palace,50999,M. Turner,Missing Fixture,Illness,1208338,2025-04-12T11:30:00+00:00
51,Brighton,7600,Igor,Missing Fixture,Thigh Injury,1208335,2025-04-12T14:00:00+00:00
51,Brighton,1361,F. Kadioglu,Missing Fixture,Toe Injury,1208335,2025-04-12T14:00:00+00:00
51,Brighton,138815,T. Lamptey,Missing Fixture,Ankle Injury,1208335,2025-04-12T14:00:00+00:00
51,Brighton,296,J. Milner,Missing Fixture,Thigh Injury,1208335,2025-04-12T14:00:00+00:00
51,Brighton,90590,G. Rutter,Missing Fixture,Ankle Injury,1208335,2025-04-12T14:00:00+00:00
51,Brighton,18960,J. Steele,Missing Fixture,Shoulder Injury,1208335,2025-04-12T14:00:00+00:00
51,Brighton,537,J. Veltman,Missing Fixture,Ankle Injury,1208335,2025-04-12T14:00:00+00:00
51,Brighton,19265,A. Webster,Missing Fixture,Thigh Injury,1208335,2025-04-12T14:00:00+00:00
51,Brighton,38695,J. P. van Hecke,Missing Fixture,Red Card,1208335,2025-04-12T14:00:00+00:00
46,Leicester,311334,F. Buonanotte,Missing Fixture,Loan agreement,1208335,2025-04-12T14:00:00+00:00
46,Leicester,303467,I. Fatawu,Missing Fixture,Knee Injury,1208335,2025-04-12T14:00:00+00:00
46,Leicester,20079,H. Souttar,Missing Fixture,Ankle Injury,1208335,2025-04-12T14:00:00+00:00
46,Leicester,182,H. Winks,Missing Fixture,Coach's decision,1208335,2025-04-12T14:00:00+00:00
46,Leicester,8694,W. Faes,Questionable,Injury,1208335,2025-04-12T14:00:00+00:00
65,Nottingham Forest,2771,O. Aina,Missing Fixture,Calf Injury,1208340,2025-04-12T14:00:00+00:00
65,Nottingham Forest,8598,T. Awoniyi,Questionable,Hamstring Injury,1208340,2025-04-12T14:00:00+00:00
45,Everton,18766,D. Calvert-Lewin,Missing Fixture,Muscle Injury,1208340,2025-04-12T14:00:00+00:00
45,Everton,15884,J. Lindstrom,Missing Fixture,Groin Injury,1208340,2025-04-12T14:00:00+00:00
45,Everton,24882,O. Mangala,Missing Fixture,Knee Injury,1208340,2025-04-12T14:00:00+00:00
41,Southampton,19733,F. Downes,Missing Fixture,Yellow Cards,1208341,2025-04-12T14:00:00+00:00
41,Southampton,263177,A. Gronbaek,Missing Fixture,Muscle Injury,1208341,2025-04-12T14:00:00+00:00
41,Southampton,18918,C. Taylor,Questionable,Knock,1208341,2025-04-12T14:00:00+00:00
66,Aston Villa,983,L. Bailey,Questionable,Knock,1208341,2025-04-12T14:00:00+00:00
42,Arsenal,157052,R. Calafiori,Missing Fixture,Knee Injury,1208334,2025-04-12T16:30:00+00:00
42,Arsenal,22224,Gabriel,Missing Fixture,Hamstring Injury,1208334,2025-04-12T16:30:00+00:00
42,Arsenal,643,Gabriel Jesus,Missing Fixture,Knee Injury,1208334,2025-04-12T16:30:00+00:00
42,Arsenal,978,K. Havertz,Missing Fixture,Hamstring Injury,1208334,2025-04-12T16:30:00+00:00
42,Arsenal,2597,T. Tomiyasu,Missing Fixture,Knee Injury,1208334,2025-04-12T16:30:00+00:00
55,Brentford,153066,F. Carvalho,Missing Fixture,Shoulder Injury,1208334,2025-04-12T16:30:00+00:00
55,Brentford,19362,J. Dasilva,Missing Fixture,Knee Injury,1208334,2025-04-12T16:30:00+00:00
55,Brentford,44871,A. Hickey,Missing Fixture,Hamstring Injury,1208334,2025-04-12T16:30:00+00:00
55,Brentford,196156,I. Thiago,Missing Fixture,Knee Injury,1208334,2025-04-12T16:30:00+00:00
49,Chelsea,291476,D. D. Fofana,Missing Fixture,Knee Injury,1208336,2025-04-13T13:00:00+00:00
49,Chelsea,22094,W. Fofana,Missing Fixture,Hamstring Injury,1208336,2025-04-13T13:00:00+00:00
49,Chelsea,392270,M. Guiu,Missing Fixture,Muscle Injury,1208336,2025-04-13T13:00:00+00:00
49,Chelsea,329347,O. Kellyman,Missing Fixture,Hamstring Injury,1208336,2025-04-13T13:00:00+00:00
49,Chelsea,282125,R. Lavia,Missing Fixture,Thigh Injury,1208336,2025-04-13T13:00:00+00:00
49,Chelsea,63577,M. Mudryk,Missing Fixture,Suspended,1208336,2025-04-13T13:00:00+00:00
57,Ipswich,20089,W. Burns,Missing Fixture,Knee Injury,1208336,2025-04-13T13:00:00+00:00
57,Ipswich,616,A. Muric,Missing Fixture,Shoulder Injury,1208336,2025-04-13T13:00:00+00:00
57,Ipswich,19365,C. Ogbene,Missing Fixture,Calf Injury,1208336,2025-04-13T13:00:00+00:00
57,Ipswich,17579,S. Szmodics,Missing Fixture,Ankle Injury,1208336,2025-04-13T13:00:00+00:00
57,Ipswich,284428,O. Hutchinson,Questionable,Hamstring Injury,1208336,2025-04-13T13:00:00+00:00
40,Liverpool,283,T. Alexander-Arnold,Missing Fixture,Ankle Injury,1208337,2025-04-13T13:00:00+00:00
40,Liverpool,284,J. Gomez,Missing Fixture,Hamstring Injury,1208337,2025-04-13T13:00:00+00:00
48,West Ham,18819,M. Antonio,Missing Fixture,Inactive,1208337,2025-04-13T13:00:00+00:00
48,West Ham,18813,A. Cresswell,Missing Fixture,Muscle Injury,1208337,2025-04-13T13:00:00+00:00
48,West Ham,37724,C. Summerville,Missing Fixture,Hamstring Injury,1208337,2025-04-13T13:00:00+00:00
39,Wolves,380653,L. Chiwome,Missing Fixture,Knee Injury,1208342,2025-04-13T13:00:00+00:00
39,Wolves,385726,E. Gonzalez,Missing Fixture,Knee Injury,1208342,2025-04-13T13:00:00+00:00
39,Wolves,7722,S. Kalajdzic,Missing Fixture,Knee Injury,1208342,2025-04-13T13:00:00+00:00
39,Wolves,195717,Y. Mosquera,Missing Fixture,Knee Injury,1208342,2025-04-13T13:00:00+00:00
39,Wolves,449245,Pedro Lima,Missing Fixture,Ankle Injury,1208342,2025-04-13T13:00:00+00:00
47,Tottenham,25287,K. Danso,Missing Fixture,Thigh Injury,1208342,2025-04-13T13:00:00+00:00
47,Tottenham,162498,R. Dragusin,Missing Fixture,Knee Injury,1208342,2025-04-13T13:00:00+00:00
34,Newcastle,38734,S. Botman,Missing Fixture,Knee Injury,1208339,2025-04-13T15:30:00+00:00
34,Newcastle,284492,L. Hall,Missing Fixture,Foot Injury,1208339,2025-04-13T15:30:00+00:00
34,Newcastle,18894,J. Lascelles,Missing Fixture,Knee Injury,1208339,2025-04-13T15:30:00+00:00
34,Newcastle,1463,J. Willock,Missing Fixture,Contusion,1208339,2025-04-13T15:30:00+00:00
33,Manchester United,284400,T. Collyer,Missing Fixture,Knock,1208339,2025-04-13T15:30:00+00:00
33,Manchester United,157997,A. Diallo,Missing Fixture,Ankle Injury,1208339,2025-04-13T15:30:00+00:00
33,Manchester United,18772,J. Evans,Missing Fixture,Lower Back Injury,1208339,2025-04-13T15:30:00+00:00
33,Manchester United,2467,L. Martinez,Missing Fixture,Knee Injury,1208339,2025-04-13T15:30:00+00:00
33,Manchester United,526,A. Onana,Missing Fixture,Coach's decision,1208339,2025-04-13T15:30:00+00:00
33,Manchester United,532,M. de Ligt,Missing Fixture,Injury,1208339,2025-04-13T15:30:00+00:00
35,Bournemouth,1125,R. Christie,Missing Fixture,Groin Injury,1208333,2025-04-14T19:00:00+00:00
35,Bournemouth,47499,E. Unal,Missing Fixture,Knee Injury,1208333,2025-04-14T19:00:00+00:00
35,Bournemouth,792,J. Kluivert,Questionable,Injury,1208333,2025-04-14T19:00:00+00:00
35,Bournemouth,37161,L. Sinisterra,Questionable,Hamstring Injury,1208333,2025-04-14T19:00:00+00:00
36,Fulham,727,R. Nelson,Missing Fixture,Hamstring Injury,1208333,2025-04-14T19:00:00+00:00
36,Fulham,19221,H. Wilson,Questionable,Ankle Injury,1208333,2025-04-14T19:00:00+00:00
34,Newcastle,38734,S. Botman,Missing Fixture,Knee Injury,1208311,2025-04-16T18:30:00+00:00
34,Newcastle,284492,L. Hall,Missing Fixture,Foot Injury,1208311,2025-04-16T18:30:00+00:00
34,Newcastle,18894,J. Lascelles,Missing Fixture,Knee Injury,1208311,2025-04-16T18:30:00+00:00
52,Crystal Palace,3339,C. Doucoure,Missing Fixture,Knee Injury,1208311,2025-04-16T18:30:00+00:00
52,Crystal Palace,278898,C. Riad,Missing Fixture,Knee Injury,1208311,2025-04-16T18:30:00+00:00
55,Brentford,153066,F. Carvalho,Missing Fixture,Shoulder Injury,1208344,2025-04-19T14:00:00+00:00
55,Brentford,19362,J. Dasilva,Missing Fixture,Knee Injury,1208344,2025-04-19T14:00:00+00:00
55,Brentford,44871,A. Hickey,Missing Fixture,Hamstring Injury,1208344,2025-04-19T14:00:00+00:00
55,Brentford,196156,I. Thiago,Missing Fixture,Knee Injury,1208344,2025-04-19T14:00:00+00:00
51,Brighton,7600,Igor,Missing Fixture,Thigh Injury,1208344,2025-04-19T14:00:00+00:00
51,Brighton,1361,F. Kadioglu,Missing Fixture,Toe Injury,1208344,2025-04-19T14:00:00+00:00
51,Brighton,138815,T. Lamptey,Missing Fixture,Ankle Injury,1208344,2025-04-19T14:00:00+00:00
51,Brighton,296,J. Milner,Missing Fixture,Thigh Injury,1208344,2025-04-19T14:00:00+00:00
51,Brighton,90590,G. Rutter,Missing Fixture,Ankle Injury,1208344,2025-04-19T14:00:00+00:00
51,Brighton,537,J. Veltman,Missing Fixture,Ankle Injury,1208344,2025-04-19T14:00:00+00:00
51,Brighton,19265,A. Webster,Missing Fixture,Thigh Injury,1208344,2025-04-19T14:00:00+00:00
52,Crystal Palace,3339,C. Doucoure,Missing Fixture,Knee Injury,1208345,2025-04-19T14:00:00+00:00
52,Crystal Palace,278898,C. Riad,Missing Fixture,Knee Injury,1208345,2025-04-19T14:00:00+00:00
35,Bournemouth,1125,R. Christie,Missing Fixture,Groin Injury,1208345,2025-04-19T14:00:00+00:00
35,Bournemouth,37161,L. Sinisterra,Missing Fixture,Hamstring Injury,1208345,2025-04-19T14:00:00+00:00
35,Bournemouth,47499,E. Unal,Missing Fixture,Knee Injury,1208345,2025-04-19T14:00:00+00:00
45,Everton,18766,D. Calvert-Lewin,Missing Fixture,Muscle Injury,1208346,2025-04-19T14:00:00+00:00
45,Everton,15884,J. Lindstrom,Missing Fixture,Groin Injury,1208346,2025-04-19T14:00:00+00:00
45,Everton,24882,O. Mangala,Missing Fixture,Knee Injury,1208346,2025-04-19T14:00:00+00:00
50,Manchester City,18861,N. Ake,Missing Fixture,Ankle Injury,1208346,2025-04-19T14:00:00+00:00
50,Manchester City,617,Ederson,Missing Fixture,Groin Injury,1208346,2025-04-19T14:00:00+00:00
50,Manchester City,1100,E. Haaland,Missing Fixture,Ankle Injury,1208346,2025-04-19T14:00:00+00:00
50,Manchester City,44,Rodri,Missing Fixture,Knee Injury,1208346,2025-04-19T14:00:00+00:00
50,Manchester City,626,J. Stones,Missing Fixture,Thigh Injury,1208346,2025-04-19T14:00:00+00:00
48,West Ham,18819,M. Antonio,Missing Fixture,Inactive,1208352,2025-04-19T14:00:00+00:00
48,West Ham,37724,C. Summerville,Missing Fixture,Hamstring Injury,1208352,2025-04-19T14:00:00+00:00
41,Southampton,263177,A. Gronbaek,Missing Fixture,Muscle Injury,1208352,2025-04-19T14:00:00+00:00
41,Southampton,18918,C. Taylor,Questionable,Knock,1208352,2025-04-19T14:00:00+00:00
66,Aston Villa,46815,P. Torres,Missing Fixture,Coach's decision,1208343,2025-04-19T16:30:00+00:00
34,Newcastle,38734,S. Botman,Missing Fixture,Knee Injury,1208343,2025-04-19T16:30:00+00:00
34,Newcastle,284492,L. Hall,Missing Fixture,Foot Injury,1208343,2025-04-19T16:30:00+00:00
34,Newcastle,18894,J. Lascelles,Missing Fixture,Knee Injury,1208343,2025-04-19T16:30:00+00:00
36,Fulham,727,R. Nelson,Missing Fixture,Hamstring Injury,1208347,2025-04-20T13:00:00+00:00
49,Chelsea,291476,D. D. Fofana,Missing Fixture,Knee Injury,1208347,2025-04-20T13:00:00+00:00
49,Chelsea,22094,W. Fofana,Missing Fixture,Hamstring Injury,1208347,2025-04-20T13:00:00+00:00
49,Chelsea,392270,M. Guiu,Missing Fixture,Muscle Injury,1208347,2025-04-20T13:00:00+00:00
49,Chelsea,329347,O. Kellyman,Missing Fixture,Hamstring Injury,1208347,2025-04-20T13:00:00+00:00
49,Chelsea,63577,M. Mudryk,Missing Fixture,Suspended,1208347,2025-04-20T13:00:00+00:00
57,Ipswich,20089,W. Burns,Missing Fixture,Knee Injury,1208348,2025-04-20T13:00:00+00:00
57,Ipswich,284428,O. Hutchinson,Missing Fixture,Hamstring Injury,1208348,2025-04-20T13:00:00+00:00
57,Ipswich,616,A. Muric,Missing Fixture,Shoulder Injury,1208348,2025-04-20T13:00:00+00:00
57,Ipswich,19365,C. Ogbene,Missing Fixture,Calf Injury,1208348,2025-04-20T13:00:00+00:00
57,Ipswich,19130,K. Phillips,Missing Fixture,Injury,1208348,2025-04-20T13:00:00+00:00
57,Ipswich,138931,J. Philogene,Missing Fixture,Knee Injury,1208348,2025-04-20T13:00:00+00:00
57,Ipswich,17579,S. Szmodics,Missing Fixture,Ankle Injury,1208348,2025-04-20T13:00:00+00:00
42,Arsenal,157052,R. Calafiori,Missing Fixture,Knee Injury,1208348,2025-04-20T13:00:00+00:00
42,Arsenal,22224,Gabriel,Missing Fixture,Hamstring Injury,1208348,2025-04-20T13:00:00+00:00
42,Arsenal,643,Gabriel Jesus,Missing Fixture,Knee Injury,1208348,2025-04-20T13:00:00+00:00
42,Arsenal,978,K. Havertz,Missing Fixture,Hamstring Injury,1208348,2025-04-20T13:00:00+00:00
42,Arsenal,2289,Jorginho,Missing Fixture,Chest Injury,1208348,2025-04-20T13:00:00+00:00
42,Arsenal,2597,T. Tomiyasu,Missing Fixture,Knee Injury,1208348,2025-04-20T13:00:00+00:00
33,Manchester United,284400,T. Collyer,Missing Fixture,Knock,1208350,2025-04-20T13:00:00+00:00
33,Manchester United,157997,A. Diallo,Missing Fixture,Ankle Injury,1208350,2025-04-20T13:00:00+00:00
33,Manchester United,402329,A. Heaven,Missing Fixture,Ankle Injury,1208350,2025-04-20T13:00:00+00:00
33,Manchester United,2467,L. Martinez,Missing Fixture,Knee Injury,1208350,2025-04-20T13:00:00+00:00
33,Manchester United,70100,J. Zirkzee,Missing Fixture,Hamstring Injury,1208350,2025-04-20T13:00:00+00:00
33,Manchester United,532,M. de Ligt,Missing Fixture,Injury,1208350,2025-04-20T13:00:00+00:00
39,Wolves,380653,L. Chiwome,Missing Fixture,Knee Injury,1208350,2025-04-20T13:00:00+00:00
39,Wolves,385726,E. Gonzalez,Missing Fixture,Knee Injury,1208350,2025-04-20T13:00:00+00:00
39,Wolves,19143,S. Johnstone,Missing Fixture,Injury,1208350,2025-04-20T13:00:00+00:00
39,Wolves,7722,S. Kalajdzic,Missing Fixture,Knee Injury,1208350,2025-04-20T13:00:00+00:00
39,Wolves,195717,Y. Mosquera,Missing Fixture,Knee Injury,1208350,2025-04-20T13:00:00+00:00
39,Wolves,20665,J. Bellegarde,Questionable,Knock,1208350,2025-04-20T13:00:00+00:00
39,Wolves,24888,Hwang Hee-Chan,Questionable,Muscle Injury,1208350,2025-04-20T13:00:00+00:00
39,Wolves,449245,Pedro Lima,Questionable,Ankle Injury,1208350,2025-04-20T13:00:00+00:00
46,Leicester,303467,I. Fatawu,Missing Fixture,Knee Injury,1208349,2025-04-20T15:30:00+00:00
46,Leicester,20079,H. Souttar,Missing Fixture,Ankle Injury,1208349,2025-04-20T15:30:00+00:00
46,Leicester,182,H. Winks,Missing Fixture,Coach's decision,1208349,2025-04-20T15:30:00+00:00
40,Liverpool,284,J. Gomez,Missing Fixture,Hamstring Injury,1208349,2025-04-20T15:30:00+00:00
47,Tottenham,162498,R. Dragusin,Missing Fixture,Knee Injury,1208351,2025-04-21T19:00:00+00:00
47,Tottenham,186,Son Heung-Min,Questionable,Foot Injury,1208351,2025-04-21T19:00:00+00:00
65,Nottingham Forest,2771,O. Aina,Questionable,Calf Injury,1208351,2025-04-21T19:00:00+00:00
50,Manchester City,18861,N. Ake,Missing Fixture,Ankle Injury,1208358,2025-04-22T19:00:00+00:00
50,Manchester City,617,Ederson,Missing Fixture,Groin Injury,1208358,2025-04-22T19:00:00+00:00
50,Manchester City,1100,E. Haaland,Missing Fixture,Ankle Injury,1208358,2025-04-22T19:00:00+00:00
50,Manchester City,44,Rodri,Missing Fixture,Knee Injury,1208358,2025-04-22T19:00:00+00:00
50,Manchester City,626,J. Stones,Missing Fixture,Thigh Injury,1208358,2025-04-22T19:00:00+00:00
42,Arsenal,157052,R. Calafiori,Missing Fixture,Knee Injury,1208354,2025-04-23T19:00:00+00:00
42,Arsenal,22224,Gabriel,Missing Fixture,Hamstring Injury,1208354,2025-04-23T19:00:00+00:00
42,Arsenal,643,Gabriel Jesus,Missing Fixture,Knee Injury,1208354,2025-04-23T19:00:00+00:00
42,Arsenal,978,K. Havertz,Missing Fixture,Hamstring Injury,1208354,2025-04-23T19:00:00+00:00
42,Arsenal,2289,Jorginho,Missing Fixture,Chest Injury,1208354,2025-04-23T19:00:00+00:00
42,Arsenal,2597,T. Tomiyasu,Missing Fixture,Knee Injury,1208354,2025-04-23T19:00:00+00:00
52,Crystal Palace,2933,B. Chilwell,Missing Fixture,Illness,1208354,2025-04-23T19:00:00+00:00
52,Crystal Palace,3339,C. Doucoure,Missing Fixture,Knee Injury,1208354,2025-04-23T19:00:00+00:00
52,Crystal Palace,278898,C. Riad,Missing Fixture,Knee Injury,1208354,2025-04-23T19:00:00+00:00
52,Crystal Palace,126949,C. Richards,Missing Fixture,Red Card,1208354,2025-04-23T19:00:00+00:00
49,Chelsea,291476,D. D. Fofana,Missing Fixture,Knee Injury,1208356,2025-04-26T11:30:00+00:00
49,Chelsea,22094,W. Fofana,Missing Fixture,Hamstring Injury,1208356,2025-04-26T11:30:00+00:00
49,Chelsea,392270,M. Guiu,Missing Fixture,Muscle Injury,1208356,2025-04-26T11:30:00+00:00
49,Chelsea,161907,M. Gusto,Missing Fixture,Thigh Injury,1208356,2025-04-26T11:30:00+00:00
49,Chelsea,329347,O. Kellyman,Missing Fixture,Hamstring Injury,1208356,2025-04-26T11:30:00+00:00
49,Chelsea,63577,M. Mudryk,Missing Fixture,Suspended,1208356,2025-04-26T11:30:00+00:00
45,Everton,138822,A. Broja,Missing Fixture,Loan agreement,1208356,2025-04-26T11:30:00+00:00
45,Everton,18766,D. Calvert-Lewin,Missing Fixture,Muscle Injury,1208356,2025-04-26T11:30:00+00:00
45,Everton,15884,J. Lindstrom,Missing Fixture,Groin Injury,1208356,2025-04-26T11:30:00+00:00
45,Everton,24882,O. Mangala,Missing Fixture,Knee Injury,1208356,2025-04-26T11:30:00+00:00
45,Everton,2936,J. Tarkowski,Missing Fixture,Thigh Injury,1208356,2025-04-26T11:30:00+00:00
51,Brighton,7600,Igor,Missing Fixture,Thigh Injury,1208355,2025-04-26T14:00:00+00:00
51,Brighton,10329,Joao Pedro,Missing Fixture,Red Card,1208355,2025-04-26T14:00:00+00:00
51,Brighton,1361,F. Kadioglu,Missing Fixture,Toe Injury,1208355,2025-04-26T14:00:00+00:00
51,Brighton,296,J. Milner,Missing Fixture,Thigh Injury,1208355,2025-04-26T14:00:00+00:00
51,Brighton,90590,G. Rutter,Missing Fixture,Ankle Injury,1208355,2025-04-26T14:00:00+00:00
51,Brighton,19265,A. Webster,Missing Fixture,Thigh Injury,1208355,2025-04-26T14:00:00+00:00
51,Brighton,38695,J. P. van Hecke,Missing Fixture,Head Injury,1208355,2025-04-26T14:00:00+00:00
48,West Ham,18819,M. Antonio,Missing Fixture,Inactive,1208355,2025-04-26T14:00:00+00:00
48,West Ham,129643,E. Ferguson,Missing Fixture,Loan agreement,1208355,2025-04-26T14:00:00+00:00
48,West Ham,37724,C. Summerville,Missing Fixture,Hamstring Injury,1208355,2025-04-26T14:00:00+00:00
48,West Ham,2869,E. Alvarez,Questionable,Back Injury,1208355,2025-04-26T14:00:00+00:00
34,Newcastle,284492,L. Hall,Missing Fixture,Foot Injury,1208359,2025-04-26T14:00:00+00:00
34,Newcastle,18894,J. Lascelles,Missing Fixture,Knee Injury,1208359,2025-04-26T14:00:00+00:00
57,Ipswich,20089,W. Burns,Missing Fixture,Knee Injury,1208359,2025-04-26T14:00:00+00:00
57,Ipswich,19119,L. Davis,Missing Fixture,Red Card,1208359,2025-04-26T14:00:00+00:00
57,Ipswich,616,A. Muric,Missing Fixture,Shoulder Injury,1208359,2025-04-26T14:00:00+00:00
57,Ipswich,19365,C. Ogbene,Missing Fixture,Calf Injury,1208359,2025-04-26T14:00:00+00:00
57,Ipswich,19130,K. Phillips,Missing Fixture,Injury,1208359,2025-04-26T14:00:00+00:00
57,Ipswich,138931,J. Philogene,Missing Fixture,Knee Injury,1208359,2025-04-26T14:00:00+00:00
57,Ipswich,17579,S. Szmodics,Missing Fixture,Ankle Injury,1208359,2025-04-26T14:00:00+00:00
57,Ipswich,126791,N. Broadhead,Questionable,Thigh Injury,1208359,2025-04-26T14:00:00+00:00
57,Ipswich,19152,C. Townsend,Questionable,Thigh Injury,1208359,2025-04-26T14:00:00+00:00
41,Southampton,263177,A. Gronbaek,Missing Fixture,Muscle Injury,1208361,2025-04-26T14:00:00+00:00
41,Southampton,18918,C. Taylor,Questionable,Knock,1208361,2025-04-26T14:00:00+00:00
36,Fulham,727,R. Nelson,Missing Fixture,Hamstring Injury,1208361,2025-04-26T14:00:00+00:00
36,Fulham,195106,Rodrigo Muniz,Missing Fixture,Inactive,1208361,2025-04-26T14:00:00+00:00
39,Wolves,380653,L. Chiwome,Missing Fixture,Knee Injury,1208362,2025-04-26T14:00:00+00:00
39,Wolves,385726,E. Gonzalez,Missing Fixture,Knee Injury,1208362,2025-04-26T14:00:00+00:00
39,Wolves,19143,S. Johnstone,Missing Fixture,Injury,1208362,2025-04-26T14:00:00+00:00
39,Wolves,7722,S. Kalajdzic,Missing Fixture,Knee Injury,1208362,2025-04-26T14:00:00+00:00
39,Wolves,195717,Y. Mosquera,Missing Fixture,Knee Injury,1208362,2025-04-26T14:00:00+00:00
39,Wolves,449245,Pedro Lima,Questionable,Ankle Injury,1208362,2025-04-26T14:00:00+00:00
46,Leicester,303467,I. Fatawu,Missing Fixture,Knee Injury,1208362,2025-04-26T14:00:00+00:00
46,Leicester,879,S. Mavididi,Missing Fixture,Muscle Injury,1208362,2025-04-26T14:00:00+00:00
46,Leicester,20079,H. Souttar,Missing Fixture,Ankle Injury,1208362,2025-04-26T14:00:00+00:00
46,Leicester,182,H. Winks,Missing Fixture,Coach's decision,1208362,2025-04-26T14:00:00+00:00
35,Bournemouth,1125,R. Christie,Missing Fixture,Groin Injury,1208353,2025-04-27T13:00:00+00:00
35,Bournemouth,37161,L. Sinisterra,Missing Fixture,Hamstring Injury,1208353,2025-04-27T13:00:00+00:00
35,Bournemouth,47499,E. Unal,Missing Fixture,Knee Injury,1208353,2025-04-27T13:00:00+00:00
33,Manchester United,284400,T. Collyer,Missing Fixture,Knock,1208353,2025-04-27T13:00:00+00:00
33,Manchester United,886,D. Dalot,Missing Fixture,Calf Injury,1208353,2025-04-27T13:00:00+00:00
33,Manchester United,157997,A. Diallo,Missing Fixture,Ankle Injury,1208353,2025-04-27T13:00:00+00:00
33,Manchester United,402329,A. Heaven,Missing Fixture,Ankle Injury,1208353,2025-04-27T13:00:00+00:00
33,Manchester United,2467,L. Martinez,Missing Fixture,Knee Injury,1208353,2025-04-27T13:00:00+00:00
33,Manchester United,70100,J. Zirkzee,Missing Fixture,Hamstring Injury,1208353,2025-04-27T13:00:00+00:00
33,Manchester United,532,M. de Ligt,Missing Fixture,Injury,1208353,2025-04-27T13:00:00+00:00
40,Liverpool,284,J. Gomez,Missing Fixture,Hamstring Injury,1208357,2025-04-27T15:30:00+00:00
47,Tottenham,162498,R. Dragusin,Missing Fixture,Knee Injury,1208357,2025-04-27T15:30:00+00:00
47,Tottenham,186,Son Heung-Min,Questionable,Foot Injury,1208357,2025-04-27T15:30:00+00:00
65,Nottingham Forest,380492,E. da Silva Moreira,Questionable,Ankle Injury,1208360,2025-05-01T18:30:00+00:00
55,Brentford,153066,F. Carvalho,Missing Fixture,Shoulder Injury,1208360,2025-05-01T18:30:00+00:00
55,Brentford,19362,J. Dasilva,Missing Fixture,Knee Injury,1208360,2025-05-01T18:30:00+00:00
55,Brentford,44871,A. Hickey,Missing Fixture,Hamstring Injury,1208360,2025-05-01T18:30:00+00:00
55,Brentford,25073,V. Janelt,Missing Fixture,Ankle Injury,1208360,2025-05-01T18:30:00+00:00
55,Brentford,196156,I. Thiago,Missing Fixture,Knee Injury,1208360,2025-05-01T18:30:00+00:00
50,Manchester City,18861,N. Ake,Missing Fixture,Ankle Injury,1208371,2025-05-02T19:00:00+00:00
50,Manchester City,44,Rodri,Missing Fixture,Knee Injury,1208371,2025-05-02T19:00:00+00:00
50,Manchester City,626,J. Stones,Missing Fixture,Thigh Injury,1208371,2025-05-02T19:00:00+00:00
39,Wolves,380653,L. Chiwome,Missing Fixture,Knee Injury,1208371,2025-05-02T19:00:00+00:00
39,Wolves,385726,E. Gonzalez,Missing Fixture,Knee Injury,1208371,2025-05-02T19:00:00+00:00
39,Wolves,7722,S. Kalajdzic,Missing Fixture,Knee Injury,1208371,2025-05-02T19:00:00+00:00
39,Wolves,195717,Y. Mosquera,Missing Fixture,Knee Injury,1208371,2025-05-02T19:00:00+00:00
39,Wolves,19143,S. Johnstone,Questionable,Injury,1208371,2025-05-02T19:00:00+00:00
66,Aston Villa,909,M. Rashford,Missing Fixture,Hamstring Injury,1208364,2025-05-03T11:30:00+00:00
36,Fulham,727,R. Nelson,Missing Fixture,Hamstring Injury,1208364,2025-05-03T11:30:00+00:00
36,Fulham,195106,Rodrigo Muniz,Missing Fixture,Achilles Tendon Injury,1208364,2025-05-03T11:30:00+00:00
45,Everton,15884,J. Lindstrom,Missing Fixture,Groin Injury,1208369,2025-05-03T14:00:00+00:00
45,Everton,24882,O. Mangala,Missing Fixture,Knee Injury,1208369,2025-05-03T14:00:00+00:00
45,Everton,2936,J. Tarkowski,Missing Fixture,Thigh Injury,1208369,2025-05-03T14:00:00+00:00
57,Ipswich,20089,W. Burns,Missing Fixture,Knee Injury,1208369,2025-05-03T14:00:00+00:00
57,Ipswich,19119,L. Davis,Missing Fixture,Red Card,1208369,2025-05-03T14:00:00+00:00
57,Ipswich,18823,B. Johnson,Missing Fixture,Red Card,1208369,2025-05-03T14:00:00+00:00
57,Ipswich,616,A. Muric,Missing Fixture,Shoulder Injury,1208369,2025-05-03T14:00:00+00:00
57,Ipswich,19365,C. Ogbene,Missing Fixture,Calf Injury,1208369,2025-05-03T14:00:00+00:00
57,Ipswich,138931,J. Philogene,Missing Fixture,Knee Injury,1208369,2025-05-03T14:00:00+00:00
57,Ipswich,17579,S. Szmodics,Missing Fixture,Ankle Injury,1208369,2025-05-03T14:00:00+00:00
57,Ipswich,19152,C. Townsend,Missing Fixture,Thigh Injury,1208369,2025-05-03T14:00:00+00:00
57,Ipswich,126791,N. Broadhead,Questionable,Thigh Injury,1208369,2025-05-03T14:00:00+00:00
46,Leicester,311334,F. Buonanotte,Missing Fixture,Head Injury,1208370,2025-05-03T14:00:00+00:00
46,Leicester,19004,B. De Cordova-Reid,Missing Fixture,Injury,1208370,2025-05-03T14:00:00+00:00
46,Leicester,303467,I. Fatawu,Missing Fixture,Knee Injury,1208370,2025-05-03T14:00:00+00:00
46,Leicester,15870,M. Hermansen,Missing Fixture,Groin Injury,1208370,2025-05-03T14:00:00+00:00
46,Leicester,879,S. Mavididi,Missing Fixture,Muscle Injury,1208370,2025-05-03T14:00:00+00:00
46,Leicester,18771,R. Pereira,Missing Fixture,Muscle Injury,1208370,2025-05-03T14:00:00+00:00
46,Leicester,20079,H. Souttar,Missing Fixture,Ankle Injury,1208370,2025-05-03T14:00:00+00:00
46,Leicester,182,H. Winks,Missing Fixture,Coach's decision,1208370,2025-05-03T14:00:00+00:00
42,Arsenal,157052,R. Calafiori,Missing Fixture,Knee Injury,1208363,2025-05-03T16:30:00+00:00
42,Arsenal,22224,Gabriel,Missing Fixture,Hamstring Injury,1208363,2025-05-03T16:30:00+00:00
42,Arsenal,643,Gabriel Jesus,Missing Fixture,Knee Injury,1208363,2025-05-03T16:30:00+00:00
42,Arsenal,978,K. Havertz,Missing Fixture,Hamstring Injury,1208363,2025-05-03T16:30:00+00:00
42,Arsenal,2289,Jorginho,Missing Fixture,Chest Injury,1208363,2025-05-03T16:30:00+00:00
42,Arsenal,912,Neto,Missing Fixture,Loan agreement,1208363,2025-05-03T16:30:00+00:00
42,Arsenal,2597,T. Tomiyasu,Missing Fixture,Knee Injury,1208363,2025-05-03T16:30:00+00:00
35,Bournemouth,1125,R. Christie,Missing Fixture,Groin Injury,1208363,2025-05-03T16:30:00+00:00
35,Bournemouth,37161,L. Sinisterra,Missing Fixture,Hamstring Injury,1208363,2025-05-03T16:30:00+00:00
35,Bournemouth,47499,E. Unal,Missing Fixture,Knee Injury,1208363,2025-05-03T16:30:00+00:00
55,Brentford,153066,F. Carvalho,Missing Fixture,Shoulder Injury,1208365,2025-05-04T13:00:00+00:00
55,Brentford,19362,J. Dasilva,Missing Fixture,Knee Injury,1208365,2025-05-04T13:00:00+00:00
55,Brentford,44871,A. Hickey,Missing Fixture,Hamstring Injury,1208365,2025-05-04T13:00:00+00:00
55,Brentford,25073,V. Janelt,Missing Fixture,Ankle Injury,1208365,2025-05-04T13:00:00+00:00
33,Manchester United,284400,T. Collyer,Missing Fixture,Knock,1208365,2025-05-04T13:00:00+00:00
33,Manchester United,886,D. Dalot,Missing Fixture,Calf Injury,1208365,2025-05-04T13:00:00+00:00
33,Manchester United,402329,A. Heaven,Missing Fixture,Ankle Injury,1208365,2025-05-04T13:00:00+00:00
33,Manchester United,2467,L. Martinez,Missing Fixture,Knee Injury,1208365,2025-05-04T13:00:00+00:00
33,Manchester United,70100,J. Zirkzee,Missing Fixture,Hamstring Injury,1208365,2025-05-04T13:00:00+00:00
51,Brighton,1361,F. Kadioglu,Missing Fixture,Toe Injury,1208366,2025-05-04T13:00:00+00:00
51,Brighton,296,J. Milner,Missing Fixture,Thigh Injury,1208366,2025-05-04T13:00:00+00:00
51,Brighton,90590,G. Rutter,Missing Fixture,Ankle Injury,1208366,2025-05-04T13:00:00+00:00
34,Newcastle,284492,L. Hall,Missing Fixture,Foot Injury,1208366,2025-05-04T13:00:00+00:00
34,Newcastle,723,Joelinton,Missing Fixture,Knee Injury,1208366,2025-05-04T13:00:00+00:00
34,Newcastle,18894,J. Lascelles,Missing Fixture,Knee Injury,1208366,2025-05-04T13:00:00+00:00
34,Newcastle,18941,M. Targett,Missing Fixture,Thigh Injury,1208366,2025-05-04T13:00:00+00:00
48,West Ham,18819,M. Antonio,Missing Fixture,Broken Leg,1208372,2025-05-04T13:00:00+00:00
48,West Ham,37724,C. Summerville,Missing Fixture,Hamstring Injury,1208372,2025-05-04T13:00:00+00:00
48,West Ham,2869,E. Alvarez,Questionable,Back Injury,1208372,2025-05-04T13:00:00+00:00
47,Tottenham,347316,L. Bergvall,Missing Fixture,Ankle Injury,1208372,2025-05-04T13:00:00+00:00
47,Tottenham,162498,R. Dragusin,Missing Fixture,Knee Injury,1208372,2025-05-04T13:00:00+00:00
47,Tottenham,186,Son Heung-Min,Missing Fixture,Foot Injury,1208372,2025-05-04T13:00:00+00:00
47,Tottenham,18784,J. Maddison,Questionable,Knee Injury,1208372,2025-05-04T13:00:00+00:00
47,Tottenham,18883,D. Solanke,Questionable,Thigh Injury,1208372,2025-05-04T13:00:00+00:00
49,Chelsea,291476,D. D. Fofana,Missing Fixture,Knee Injury,1208367,2025-05-04T15:30:00+00:00
49,Chelsea,22094,W. Fofana,Missing Fixture,Hamstring Injury,1208367,2025-05-04T15:30:00+00:00
49,Chelsea,392270,M. Guiu,Missing Fixture,Muscle Injury,1208367,2025-05-04T15:30:00+00:00
49,Chelsea,329347,O. Kellyman,Missing Fixture,Hamstring Injury,1208367,2025-05-04T15:30:00+00:00
49,Chelsea,63577,M. Mudryk,Missing Fixture,Suspended,1208367,2025-05-04T15:30:00+00:00
49,Chelsea,269,C. Nkunku,Questionable,Knock,1208367,2025-05-04T15:30:00+00:00
40,Liverpool,284,J. Gomez,Missing Fixture,Hamstring Injury,1208367,2025-05-04T15:30:00+00:00
52,Crystal Palace,3339,C. Doucoure,Missing Fixture,Knee Injury,1208368,2025-05-05T19:00:00+00:00
52,Crystal Palace,278898,C. Riad,Missing Fixture,Knee Injury,1208368,2025-05-05T19:00:00+00:00
52,Crystal Palace,50999,M. Turner,Missing Fixture,Loan agreement,1208368,2025-05-05T19:00:00+00:00
65,Nottingham Forest,2298,C. Hudson-Odoi,Questionable,Thigh Injury,1208368,2025-05-05T19:00:00+00:00
65,Nottingham Forest,380492,E. da Silva Moreira,Questionable,Ankle Injury,1208368,2025-05-05T19:00:00+00:00
36,Fulham,2920,T. Castagne,Missing Fixture,Ankle Injury,1208374,2025-05-10T14:00:00+00:00
36,Fulham,2823,S. Lukic,Missing Fixture,Injury,1208374,2025-05-10T14:00:00+00:00
36,Fulham,727,R. Nelson,Missing Fixture,Hamstring Injury,1208374,2025-05-10T14:00:00+00:00
36,Fulham,19480,H. Reed,Missing Fixture,Calf Injury,1208374,2025-05-10T14:00:00+00:00
36,Fulham,195106,Rodrigo Muniz,Missing Fixture,Achilles Tendon Injury,1208374,2025-05-10T14:00:00+00:00
45,Everton,15884,J. Lindstrom,Missing Fixture,Groin Injury,1208374,2025-05-10T14:00:00+00:00
45,Everton,24882,O. Mangala,Missing Fixture,Knee Injury,1208374,2025-05-10T14:00:00+00:00
45,Everton,2936,J. Tarkowski,Missing Fixture,Hamstring Injury,1208374,2025-05-10T14:00:00+00:00
57,Ipswich,126791,N. Broadhead,Missing Fixture,Thigh Injury,1208375,2025-05-10T14:00:00+00:00
57,Ipswich,20089,W. Burns,Missing Fixture,Knee Injury,1208375,2025-05-10T14:00:00+00:00
57,Ipswich,19119,L. Davis,Missing Fixture,Red Card,1208375,2025-05-10T14:00:00+00:00
57,Ipswich,616,A. Muric,Missing Fixture,Shoulder Injury,1208375,2025-05-10T14:00:00+00:00
57,Ipswich,19365,C. Ogbene,Missing Fixture,Calf Injury,1208375,2025-05-10T14:00:00+00:00
57,Ipswich,138931,J. Philogene,Missing Fixture,Knee Injury,1208375,2025-05-10T14:00:00+00:00
57,Ipswich,17579,S. Szmodics,Missing Fixture,Ankle Injury,1208375,2025-05-10T14:00:00+00:00
57,Ipswich,19152,C. Townsend,Missing Fixture,Thigh Injury,1208375,2025-05-10T14:00:00+00:00
55,Brentford,153066,F. Carvalho,Missing Fixture,Shoulder Injury,1208375,2025-05-10T14:00:00+00:00
55,Brentford,19362,J. Dasilva,Missing Fixture,Knee Injury,1208375,2025-05-10T14:00:00+00:00
55,Brentford,44871,A. Hickey,Missing Fixture,Hamstring Injury,1208375,2025-05-10T14:00:00+00:00
50,Manchester City,18861,N. Ake,Missing Fixture,Ankle Injury,1208380,2025-05-10T14:00:00+00:00
50,Manchester City,278133,O. Bobb,Missing Fixture,Thigh Injury,1208380,2025-05-10T14:00:00+00:00
50,Manchester City,44,Rodri,Missing Fixture,Knee Injury,1208380,2025-05-10T14:00:00+00:00
50,Manchester City,626,J. Stones,Missing Fixture,Thigh Injury,1208380,2025-05-10T14:00:00+00:00
39,Wolves,380653,L. Chiwome,Missing Fixture,Knee Injury,1208382,2025-05-10T14:00:00+00:00
39,Wolves,385726,E. Gonzalez,Missing Fixture,Knee Injury,1208382,2025-05-10T14:00:00+00:00
39,Wolves,19143,S. Johnstone,Missing Fixture,Injury,1208382,2025-05-10T14:00:00+00:00
39,Wolves,7722,S. Kalajdzic,Missing Fixture,Knee Injury,1208382,2025-05-10T14:00:00+00:00
39,Wolves,195717,Y. Mosquera,Missing Fixture,Knee Injury,1208382,2025-05-10T14:00:00+00:00
39,Wolves,24888,Hwang Hee-Chan,Questionable,Muscle Injury,1208382,2025-05-10T14:00:00+00:00
51,Brighton,10329,Joao Pedro,Missing Fixture,Red Card,1208382,2025-05-10T14:00:00+00:00
51,Brighton,1361,F. Kadioglu,Missing Fixture,Toe Injury,1208382,2025-05-10T14:00:00+00:00
51,Brighton,18973,S. March,Missing Fixture,Knee Injury,1208382,2025-05-10T14:00:00+00:00
51,Brighton,296,J. Milner,Missing Fixture,Thigh Injury,1208382,2025-05-10T14:00:00+00:00
51,Brighton,90590,G. Rutter,Missing Fixture,Ankle Injury,1208382,2025-05-10T14:00:00+00:00
35,Bournemouth,1125,R. Christie,Missing Fixture,Groin Injury,1208373,2025-05-10T16:30:00+00:00
35,Bournemouth,284797,D. Ouattara,Missing Fixture,Groin Injury,1208373,2025-05-10T16:30:00+00:00
35,Bournemouth,37161,L. Sinisterra,Missing Fixture,Hamstring Injury,1208373,2025-05-10T16:30:00+00:00
35,Bournemouth,47499,E. Unal,Missing Fixture,Knee Injury,1208373,2025-05-10T16:30:00+00:00
66,Aston Villa,909,M. Rashford,Missing Fixture,Hamstring Injury,1208373,2025-05-10T16:30:00+00:00
66,Aston Villa,2926,Y. Tielemans,Missing Fixture,Injury,1208373,2025-05-10T16:30:00+00:00
34,Newcastle,284492,L. Hall,Missing Fixture,Foot Injury,1208378,2025-05-11T11:00:00+00:00
34,Newcastle,723,Joelinton,Missing Fixture,Knee Injury,1208378,2025-05-11T11:00:00+00:00
34,Newcastle,18941,M. Targett,Missing Fixture,Thigh Injury,1208378,2025-05-11T11:00:00+00:00
49,Chelsea,422780,A. Anselmino,Missing Fixture,Muscle Injury,1208378,2025-05-11T11:00:00+00:00
49,Chelsea,291476,D. D. Fofana,Missing Fixture,Knee Injury,1208378,2025-05-11T11:00:00+00:00
49,Chelsea,22094,W. Fofana,Missing Fixture,Hamstring Injury,1208378,2025-05-11T11:00:00+00:00
49,Chelsea,329347,O. Kellyman,Missing Fixture,Hamstring Injury,1208378,2025-05-11T11:00:00+00:00
49,Chelsea,63577,M. Mudryk,Missing Fixture,Suspended,1208378,2025-05-11T11:00:00+00:00
49,Chelsea,269,C. Nkunku,Missing Fixture,Knock,1208378,2025-05-11T11:00:00+00:00
49,Chelsea,392270,M. Guiu,Questionable,Muscle Injury,1208378,2025-05-11T11:00:00+00:00
33,Manchester United,284400,T. Collyer,Missing Fixture,Leg Injury,1208377,2025-05-11T13:15:00+00:00
33,Manchester United,886,D. Dalot,Missing Fixture,Calf Injury,1208377,2025-05-11T13:15:00+00:00
33,Manchester United,402329,A. Heaven,Missing Fixture,Ankle Injury,1208377,2025-05-11T13:15:00+00:00
33,Manchester United,2467,L. Martinez,Missing Fixture,Knee Injury,1208377,2025-05-11T13:15:00+00:00
33,Manchester United,70100,J. Zirkzee,Missing Fixture,Hamstring Injury,1208377,2025-05-11T13:15:00+00:00
33,Manchester United,532,M. de Ligt,Missing Fixture,Knee Injury,1208377,2025-05-11T13:15:00+00:00
48,West Ham,18819,M. Antonio,Missing Fixture,Broken Leg,1208377,2025-05-11T13:15:00+00:00
48,West Ham,37724,C. Summerville,Missing Fixture,Hamstring Injury,1208377,2025-05-11T13:15:00+00:00
65,Nottingham Forest,2298,C. Hudson-Odoi,Missing Fixture,Thigh Injury,1208379,2025-05-11T13:15:00+00:00
65,Nottingham Forest,363695,Murillo,Questionable,Thigh Injury,1208379,2025-05-11T13:15:00+00:00
65,Nottingham Forest,380492,E. da Silva Moreira,Questionable,Ankle Injury,1208379,2025-05-11T13:15:00+00:00
46,Leicester,19004,B. De Cordova-Reid,Missing Fixture,Injury,1208379,2025-05-11T13:15:00+00:00
46,Leicester,303467,I. Fatawu,Missing Fixture,Knee Injury,1208379,2025-05-11T13:15:00+00:00
46,Leicester,15870,M. Hermansen,Missing Fixture,Groin Injury,1208379,2025-05-11T13:15:00+00:00
46,Leicester,879,S. Mavididi,Missing Fixture,Muscle Injury,1208379,2025-05-11T13:15:00+00:00
46,Leicester,18771,R. Pereira,Missing Fixture,Muscle Injury,1208379,2025-05-11T13:15:00+00:00
46,Leicester,20079,H. Souttar,Missing Fixture,Ankle Injury,1208379,2025-05-11T13:15:00+00:00
46,Leicester,182,H. Winks,Missing Fixture,Coach's decision,1208379,2025-05-11T13:15:00+00:00
47,Tottenham,347316,L. Bergvall,Missing Fixture,Ankle Injury,1208381,2025-05-11T13:15:00+00:00
47,Tottenham,162498,R. Dragusin,Missing Fixture,Knee Injury,1208381,2025-05-11T13:15:00+00:00
47,Tottenham,18784,J. Maddison,Missing Fixture,Knee Injury,1208381,2025-05-11T13:15:00+00:00
52,Crystal Palace,3339,C. Doucoure,Missing Fixture,Knee Injury,1208381,2025-05-11T13:15:00+00:00
52,Crystal Palace,278898,C. Riad,Missing Fixture,Knee Injury,1208381,2025-05-11T13:15:00+00:00
52,Crystal Palace,288102,A. Wharton,Questionable,Ankle Injury,1208381,2025-05-11T13:15:00+00:00
40,Liverpool,284,J. Gomez,Missing Fixture,Hamstring Injury,1208376,2025-05-11T15:30:00+00:00
42,Arsenal,22224,Gabriel,Missing Fixture,Hamstring Injury,1208376,2025-05-11T15:30:00+00:00
42,Arsenal,643,Gabriel Jesus,Missing Fixture,Knee Injury,1208376,2025-05-11T15:30:00+00:00
42,Arsenal,978,K. Havertz,Missing Fixture,Hamstring Injury,1208376,2025-05-11T15:30:00+00:00
42,Arsenal,2597,T. Tomiyasu,Missing Fixture,Knee Injury,1208376,2025-05-11T15:30:00+00:00
66,Aston Villa,19192,J. Ramsey,Missing Fixture,Red Card,1208384,2025-05-16T18:30:00+00:00
66,Aston Villa,909,M. Rashford,Missing Fixture,Hamstring Injury,1208384,2025-05-16T18:30:00+00:00
66,Aston Villa,2926,Y. Tielemans,Missing Fixture,Muscle Injury,1208384,2025-05-16T18:30:00+00:00
47,Tottenham,347316,L. Bergvall,Missing Fixture,Ankle Injury,1208384,2025-05-16T18:30:00+00:00
47,Tottenham,162498,R. Dragusin,Missing Fixture,Knee Injury,1208384,2025-05-16T18:30:00+00:00
47,Tottenham,30435,D. Kulusevski,Missing Fixture,Knee Injury,1208384,2025-05-16T18:30:00+00:00
47,Tottenham,18784,J. Maddison,Missing Fixture,Knee Injury,1208384,2025-05-16T18:30:00+00:00
47,Tottenham,162552,D. Scarlett,Missing Fixture,Groin Injury,1208384,2025-05-16T18:30:00+00:00
47,Tottenham,1166,T. Werner,Missing Fixture,Hamstring Injury,1208384,2025-05-16T18:30:00+00:00
49,Chelsea,291476,D. D. Fofana,Missing Fixture,Knee Injury,1208387,2025-05-16T19:15:00+00:00
49,Chelsea,22094,W. Fofana,Missing Fixture,Hamstring Injury,1208387,2025-05-16T19:15:00+00:00
49,Chelsea,283058,N. Jackson,Missing Fixture,Red Card,1208387,2025-05-16T19:15:00+00:00
49,Chelsea,329347,O. Kellyman,Missing Fixture,Hamstring Injury,1208387,2025-05-16T19:15:00+00:00
49,Chelsea,63577,M. Mudryk,Missing Fixture,Suspended,1208387,2025-05-16T19:15:00+00:00
49,Chelsea,269,C. Nkunku,Missing Fixture,Knock,1208387,2025-05-16T19:15:00+00:00
49,Chelsea,18,J. Sancho,Missing Fixture,Loan agreement,1208387,2025-05-16T19:15:00+00:00
49,Chelsea,392270,M. Guiu,Questionable,Muscle Injury,1208387,2025-05-16T19:15:00+00:00
33,Manchester United,886,D. Dalot,Missing Fixture,Calf Injury,1208387,2025-05-16T19:15:00+00:00
33,Manchester United,2467,L. Martinez,Missing Fixture,Knee Injury,1208387,2025-05-16T19:15:00+00:00
33,Manchester United,342970,L. Yoro,Missing Fixture,Injury,1208387,2025-05-16T19:15:00+00:00
33,Manchester United,70100,J. Zirkzee,Missing Fixture,Hamstring Injury,1208387,2025-05-16T19:15:00+00:00
33,Manchester United,532,M. de Ligt,Missing Fixture,Knee Injury,1208387,2025-05-16T19:15:00+00:00
33,Manchester United,18772,J. Evans,Questionable,Muscle Injury,1208387,2025-05-16T19:15:00+00:00
45,Everton,15884,J. Lindstrom,Missing Fixture,Groin Injury,1208389,2025-05-18T11:00:00+00:00
45,Everton,24882,O. Mangala,Missing Fixture,Knee Injury,1208389,2025-05-18T11:00:00+00:00
45,Everton,2936,J. Tarkowski,Missing Fixture,Hamstring Injury,1208389,2025-05-18T11:00:00+00:00
41,Southampton,18873,R. Fraser,Missing Fixture,Injury,1208389,2025-05-18T11:00:00+00:00
41,Southampton,263177,A. Gronbaek,Missing Fixture,Achilles Tendon Injury,1208389,2025-05-18T11:00:00+00:00
41,Southampton,18918,C. Taylor,Missing Fixture,Groin Injury,1208389,2025-05-18T11:00:00+00:00
41,Southampton,171,K. Walker-Peters,Questionable,Illness,1208389,2025-05-18T11:00:00+00:00
48,West Ham,18819,M. Antonio,Missing Fixture,Broken Leg,1208392,2025-05-18T13:15:00+00:00
48,West Ham,37724,C. Summerville,Missing Fixture,Hamstring Injury,1208392,2025-05-18T13:15:00+00:00
65,Nottingham Forest,8598,T. Awoniyi,Missing Fixture,Surgery,1208392,2025-05-18T13:15:00+00:00
65,Nottingham Forest,380492,E. da Silva Moreira,Questionable,Ankle Injury,1208392,2025-05-18T13:15:00+00:00
55,Brentford,153066,F. Carvalho,Missing Fixture,Shoulder Injury,1208385,2025-05-18T14:00:00+00:00
55,Brentford,19362,J. Dasilva,Missing Fixture,Knee Injury,1208385,2025-05-18T14:00:00+00:00
55,Brentford,25073,V. Janelt,Missing Fixture,Ankle Injury,1208385,2025-05-18T14:00:00+00:00
55,Brentford,44871,A. Hickey,Questionable,Hamstring Injury,1208385,2025-05-18T14:00:00+00:00
36,Fulham,2920,T. Castagne,Missing Fixture,Ankle Injury,1208385,2025-05-18T14:00:00+00:00
36,Fulham,727,R. Nelson,Missing Fixture,Hamstring Injury,1208385,2025-05-18T14:00:00+00:00
36,Fulham,19480,H. Reed,Missing Fixture,Calf Injury,1208385,2025-05-18T14:00:00+00:00
36,Fulham,195106,Rodrigo Muniz,Missing Fixture,Achilles Tendon Injury,1208385,2025-05-18T14:00:00+00:00
46,Leicester,19004,B. De Cordova-Reid,Missing Fixture,Muscle Injury,1208390,2025-05-18T14:00:00+00:00
46,Leicester,303467,I. Fatawu,Missing Fixture,Knee Injury,1208390,2025-05-18T14:00:00+00:00
46,Leicester,15870,M. Hermansen,Missing Fixture,Groin Injury,1208390,2025-05-18T14:00:00+00:00
46,Leicester,879,S. Mavididi,Missing Fixture,Muscle Injury,1208390,2025-05-18T14:00:00+00:00
46,Leicester,20079,H. Souttar,Missing Fixture,Ankle Injury,1208390,2025-05-18T14:00:00+00:00
46,Leicester,182,H. Winks,Missing Fixture,Coach's decision,1208390,2025-05-18T14:00:00+00:00
57,Ipswich,20089,W. Burns,Missing Fixture,Knee Injury,1208390,2025-05-18T14:00:00+00:00
57,Ipswich,616,A. Muric,Missing Fixture,Shoulder Injury,1208390,2025-05-18T14:00:00+00:00
57,Ipswich,19365,C. Ogbene,Missing Fixture,Calf Injury,1208390,2025-05-18T14:00:00+00:00
57,Ipswich,19130,K. Phillips,Missing Fixture,Calf Injury,1208390,2025-05-18T14:00:00+00:00
57,Ipswich,138931,J. Philogene,Missing Fixture,Knee Injury,1208390,2025-05-18T14:00:00+00:00
57,Ipswich,17579,S. Szmodics,Questionable,Ankle Injury,1208390,2025-05-18T14:00:00+00:00
57,Ipswich,19152,C. Townsend,Questionable,Thigh Injury,1208390,2025-05-18T14:00:00+00:00
42,Arsenal,22224,Gabriel,Missing Fixture,Hamstring Injury,1208383,2025-05-18T15:30:00+00:00
42,Arsenal,643,Gabriel Jesus,Missing Fixture,Knee Injury,1208383,2025-05-18T15:30:00+00:00
42,Arsenal,47311,M. Merino,Missing Fixture,Red Card,1208383,2025-05-18T15:30:00+00:00
42,Arsenal,2597,T. Tomiyasu,Missing Fixture,Knee Injury,1208383,2025-05-18T15:30:00+00:00
34,Newcastle,284492,L. Hall,Missing Fixture,Foot Injury,1208383,2025-05-18T15:30:00+00:00
34,Newcastle,723,Joelinton,Missing Fixture,Knee Injury,1208383,2025-05-18T15:30:00+00:00
34,Newcastle,18941,M. Targett,Missing Fixture,Thigh Injury,1208383,2025-05-18T15:30:00+00:00
34,Newcastle,169,K. Trippier,Missing Fixture,Calf Injury,1208383,2025-05-18T15:30:00+00:00
51,Brighton,1361,F. Kadioglu,Missing Fixture,Toe Injury,1208386,2025-05-19T19:00:00+00:00
51,Brighton,18973,S. March,Missing Fixture,Knee Injury,1208386,2025-05-19T19:00:00+00:00
51,Brighton,296,J. Milner,Missing Fixture,Thigh Injury,1208386,2025-05-19T19:00:00+00:00
51,Brighton,90590,G. Rutter,Missing Fixture,Ankle Injury,1208386,2025-05-19T19:00:00+00:00
52,Crystal Palace,3339,C. Doucoure,Missing Fixture,Knee Injury,1208388,2025-05-20T19:00:00+00:00
52,Crystal Palace,67971,M. Guehi,Missing Fixture,Concussion,1208388,2025-05-20T19:00:00+00:00
52,Crystal Palace,278898,C. Riad,Missing Fixture,Knee Injury,1208388,2025-05-20T19:00:00+00:00
52,Crystal Palace,288102,A. Wharton,Missing Fixture,Head Injury,1208388,2025-05-20T19:00:00+00:00
39,Wolves,380653,L. Chiwome,Missing Fixture,Knee Injury,1208388,2025-05-20T19:00:00+00:00
39,Wolves,385726,E. Gonzalez,Missing Fixture,Knee Injury,1208388,2025-05-20T19:00:00+00:00
39,Wolves,19143,S. Johnstone,Missing Fixture,Injury,1208388,2025-05-20T19:00:00+00:00
39,Wolves,7722,S. Kalajdzic,Missing Fixture,Knee Injury,1208388,2025-05-20T19:00:00+00:00
39,Wolves,195717,Y. Mosquera,Missing Fixture,Knee Injury,1208388,2025-05-20T19:00:00+00:00
39,Wolves,1590,J. Sa,Missing Fixture,Coach's decision,1208388,2025-05-20T19:00:00+00:00
39,Wolves,144732,T. Doyle,Questionable,Knock,1208388,2025-05-20T19:00:00+00:00
50,Manchester City,266657,Savinho,Missing Fixture,Coach's decision,1208391,2025-05-20T19:00:00+00:00
50,Manchester City,626,J. Stones,Missing Fixture,Thigh Injury,1208391,2025-05-20T19:00:00+00:00
35,Bournemouth,1125,R. Christie,Missing Fixture,Groin Injury,1208391,2025-05-20T19:00:00+00:00
35,Bournemouth,284797,D. Ouattara,Missing Fixture,Groin Injury,1208391,2025-05-20T19:00:00+00:00
35,Bournemouth,304853,A. Scott,Missing Fixture,Jaw injury,1208391,2025-05-20T19:00:00+00:00
35,Bournemouth,37161,L. Sinisterra,Missing Fixture,Hamstring Injury,1208391,2025-05-20T19:00:00+00:00
35,Bournemouth,47499,E. Unal,Missing Fixture,Knee Injury,1208391,2025-05-20T19:00:00+00:00
35,Bournemouth,1125,R. Christie,Missing Fixture,Groin Injury,1208393,2025-05-25T15:00:00+00:00
35,Bournemouth,18872,L. Cook,Missing Fixture,Red Card,1208393,2025-05-25T15:00:00+00:00
35,Bournemouth,284797,D. Ouattara,Missing Fixture,Groin Injury,1208393,2025-05-25T15:00:00+00:00
35,Bournemouth,37161,L. Sinisterra,Missing Fixture,Hamstring Injury,1208393,2025-05-25T15:00:00+00:00
35,Bournemouth,47499,E. Unal,Missing Fixture,Knee Injury,1208393,2025-05-25T15:00:00+00:00
46,Leicester,19004,B. De Cordova-Reid,Missing Fixture,Muscle Injury,1208393,2025-05-25T15:00:00+00:00
46,Leicester,303467,I. Fatawu,Missing Fixture,Knee Injury,1208393,2025-05-25T15:00:00+00:00
46,Leicester,15870,M. Hermansen,Missing Fixture,Groin Injury,1208393,2025-05-25T15:00:00+00:00
46,Leicester,879,S. Mavididi,Missing Fixture,Muscle Injury,1208393,2025-05-25T15:00:00+00:00
46,Leicester,182,H. Winks,Missing Fixture,Coach's decision,1208393,2025-05-25T15:00:00+00:00
36,Fulham,2920,T. Castagne,Missing Fixture,Ankle Injury,1208394,2025-05-25T15:00:00+00:00
36,Fulham,727,R. Nelson,Missing Fixture,Hamstring Injury,1208394,2025-05-25T15:00:00+00:00
36,Fulham,19480,H. Reed,Missing Fixture,Calf Injury,1208394,2025-05-25T15:00:00+00:00
36,Fulham,195106,Rodrigo Muniz,Missing Fixture,Achilles Tendon Injury,1208394,2025-05-25T15:00:00+00:00
50,Manchester City,19187,J. Grealish,Missing Fixture,Coach's decision,1208394,2025-05-25T15:00:00+00:00
50,Manchester City,2291,M. Kovacic,Missing Fixture,Red Card,1208394,2025-05-25T15:00:00+00:00
50,Manchester City,626,J. Stones,Missing Fixture,Thigh Injury,1208394,2025-05-25T15:00:00+00:00
57,Ipswich,20089,W. Burns,Missing Fixture,Knee Injury,1208395,2025-05-25T15:00:00+00:00
57,Ipswich,616,A. Muric,Missing Fixture,Shoulder Injury,1208395,2025-05-25T15:00:00+00:00
57,Ipswich,19365,C. Ogbene,Missing Fixture,Calf Injury,1208395,2025-05-25T15:00:00+00:00
57,Ipswich,19130,K. Phillips,Missing Fixture,Calf Injury,1208395,2025-05-25T15:00:00+00:00
57,Ipswich,138931,J. Philogene,Missing Fixture,Knee Injury,1208395,2025-05-25T15:00:00+00:00
57,Ipswich,19152,C. Townsend,Missing Fixture,Thigh Injury,1208395,2025-05-25T15:00:00+00:00
48,West Ham,18819,M. Antonio,Missing Fixture,Broken Leg,1208395,2025-05-25T15:00:00+00:00
48,West Ham,37724,C. Summerville,Missing Fixture,Hamstring Injury,1208395,2025-05-25T15:00:00+00:00
40,Liverpool,6716,A. Mac Allister,Missing Fixture,Rest,1208396,2025-05-25T15:00:00+00:00
52,Crystal Palace,3339,C. Doucoure,Missing Fixture,Knee Injury,1208396,2025-05-25T15:00:00+00:00
52,Crystal Palace,67971,M. Guehi,Missing Fixture,Concussion,1208396,2025-05-25T15:00:00+00:00
52,Crystal Palace,278898,C. Riad,Missing Fixture,Knee Injury,1208396,2025-05-25T15:00:00+00:00
52,Crystal Palace,288102,A. Wharton,Missing Fixture,Head Injury,1208396,2025-05-25T15:00:00+00:00
52,Crystal Palace,2933,B. Chilwell,Questionable,Illness,1208396,2025-05-25T15:00:00+00:00
52,Crystal Palace,18862,N. Clyne,Questionable,Illness,1208396,2025-05-25T15:00:00+00:00
33,Manchester United,2467,L. Martinez,Missing Fixture,Knee Injury,1208397,2025-05-25T15:00:00+00:00
33,Manchester United,342970,L. Yoro,Missing Fixture,Knock,1208397,2025-05-25T15:00:00+00:00
33,Manchester United,532,M. de Ligt,Missing Fixture,Knee Injury,1208397,2025-05-25T15:00:00+00:00
66,Aston Villa,909,M. Rashford,Missing Fixture,Hamstring Injury,1208397,2025-05-25T15:00:00+00:00
34,Newcastle,284492,L. Hall,Missing Fixture,Foot Injury,1208398,2025-05-25T15:00:00+00:00
34,Newcastle,723,Joelinton,Missing Fixture,Knee Injury,1208398,2025-05-25T15:00:00+00:00
34,Newcastle,18941,M. Targett,Missing Fixture,Thigh Injury,1208398,2025-05-25T15:00:00+00:00
45,Everton,17661,J. Branthwaite,Missing Fixture,Hamstring Injury,1208398,2025-05-25T15:00:00+00:00
45,Everton,18758,S. Coleman,Missing Fixture,Thigh Injury,1208398,2025-05-25T15:00:00+00:00
45,Everton,15884,J. Lindstrom,Missing Fixture,Groin Injury,1208398,2025-05-25T15:00:00+00:00
45,Everton,24882,O. Mangala,Missing Fixture,Knee Injury,1208398,2025-05-25T15:00:00+00:00
45,Everton,2936,J. Tarkowski,Missing Fixture,Hamstring Injury,1208398,2025-05-25T15:00:00+00:00
65,Nottingham Forest,8598,T. Awoniyi,Missing Fixture,Surgery,1208399,2025-05-25T15:00:00+00:00
65,Nottingham Forest,380492,E. da Silva Moreira,Missing Fixture,Ankle Injury,1208399,2025-05-25T15:00:00+00:00
49,Chelsea,422780,A. Anselmino,Missing Fixture,Thigh Injury,1208399,2025-05-25T15:00:00+00:00
49,Chelsea,22094,W. Fofana,Missing Fixture,Hamstring Injury,1208399,2025-05-25T15:00:00+00:00
49,Chelsea,283058,N. Jackson,Missing Fixture,Red Card,1208399,2025-05-25T15:00:00+00:00
49,Chelsea,329347,O. Kellyman,Missing Fixture,Hamstring Injury,1208399,2025-05-25T15:00:00+00:00
49,Chelsea,63577,M. Mudryk,Missing Fixture,Suspended,1208399,2025-05-25T15:00:00+00:00
41,Southampton,2999,J. Bednarek,Missing Fixture,Knee Injury,1208400,2025-05-25T15:00:00+00:00
41,Southampton,263177,A. Gronbaek,Missing Fixture,Achilles Tendon Injury,1208400,2025-05-25T15:00:00+00:00
41,Southampton,144729,T. Harwood-Bellis,Missing Fixture,Ankle Injury,1208400,2025-05-25T15:00:00+00:00
41,Southampton,171,K. Walker-Peters,Missing Fixture,Illness,1208400,2025-05-25T15:00:00+00:00
42,Arsenal,22224,Gabriel,Missing Fixture,Hamstring Injury,1208400,2025-05-25T15:00:00+00:00
42,Arsenal,643,Gabriel Jesus,Missing Fixture,Knee Injury,1208400,2025-05-25T15:00:00+00:00
42,Arsenal,22090,W. Saliba,Missing Fixture,Injury,1208400,2025-05-25T15:00:00+00:00
42,Arsenal,38746,J. Timber,Missing Fixture,Ankle Injury,1208400,2025-05-25T15:00:00+00:00
42,Arsenal,2597,T. Tomiyasu,Missing Fixture,Knee Injury,1208400,2025-05-25T15:00:00+00:00
47,Tottenham,347316,L. Bergvall,Missing Fixture,Ankle Injury,1208401,2025-05-25T15:00:00+00:00
47,Tottenham,162498,R. Dragusin,Missing Fixture,Knee Injury,1208401,2025-05-25T15:00:00+00:00
47,Tottenham,30435,D. Kulusevski,Missing Fixture,Knee Injury,1208401,2025-05-25T15:00:00+00:00
47,Tottenham,18784,J. Maddison,Missing Fixture,Knee Injury,1208401,2025-05-25T15:00:00+00:00
47,Tottenham,30776,C. Romero,Missing Fixture,Toe Injury,1208401,2025-05-25T15:00:00+00:00
47,Tottenham,162552,D. Scarlett,Missing Fixture,Groin Injury,1208401,2025-05-25T15:00:00+00:00
47,Tottenham,186,Son Heung-Min,Missing Fixture,Foot Injury,1208401,2025-05-25T15:00:00+00:00
47,Tottenham,1166,T. Werner,Missing Fixture,Thigh Injury,1208401,2025-05-25T15:00:00+00:00
51,Brighton,10329,Joao Pedro,Missing Fixture,Personal Reasons,1208401,2025-05-25T15:00:00+00:00
51,Brighton,1361,F. Kadioglu,Missing Fixture,Toe Injury,1208401,2025-05-25T15:00:00+00:00
51,Brighton,138815,T. Lamptey,Missing Fixture,Knee Injury,1208401,2025-05-25T15:00:00+00:00
51,Brighton,18973,S. March,Missing Fixture,Knee Injury,1208401,2025-05-25T15:00:00+00:00
51,Brighton,90590,G. Rutter,Missing Fixture,Ankle Injury,1208401,2025-05-25T15:00:00+00:00
51,Brighton,18960,J. Steele,Missing Fixture,Hand Injury,1208401,2025-05-25T15:00:00+00:00
39,Wolves,380653,L. Chiwome,Missing Fixture,Knee Injury,1208402,2025-05-25T15:00:00+00:00
39,Wolves,144732,T. Doyle,Missing Fixture,Knock,1208402,2025-05-25T15:00:00+00:00
39,Wolves,385726,E. Gonzalez,Missing Fixture,Knee Injury,1208402,2025-05-25T15:00:00+00:00
39,Wolves,19143,S. Johnstone,Missing Fixture,Injury,1208402,2025-05-25T15:00:00+00:00
39,Wolves,7722,S. Kalajdzic,Missing Fixture,Knee Injury,1208402,2025-05-25T15:00:00+00:00
39,Wolves,195717,Y. Mosquera,Missing Fixture,Knee Injury,1208402,2025-05-25T15:00:00+00:00
55,Brentford,153066,F. Carvalho,Missing Fixture,Shoulder Injury,1208402,2025-05-25T15:00:00+00:00
55,Brentford,19362,J. Dasilva,Missing Fixture,Knee Injury,1208402,2025-05-25T15:00:00+00:00
55,Brentford,25073,V. Janelt,Missing Fixture,Heel Injury,1208402,2025-05-25T15:00:00+00:00
