league_id,league_name,season,round,rank,team_id,team_name,points,played,wins,draws,losses,goals_for,goals_against,goal_difference
39,Premier League,2022,1,1,47,Tottenham,3,1,1,0,0,4,1,3
39,Premier League,2022,1,2,42,Arsenal,3,1,1,0,0,2,0,2
39,Premier League,2022,1,3,34,Newcastle,3,1,1,0,0,2,0,2
39,Premier League,2022,1,4,35,Bournemouth,3,1,1,0,0,2,0,2
39,Premier League,2022,1,5,50,Manchester City,3,1,1,0,0,2,0,2
39,Premier League,2022,1,6,63,Leeds,3,1,1,0,0,2,1,1
39,Premier League,2022,1,7,51,Brighton,3,1,1,0,0,2,1,1
39,Premier League,2022,1,8,49,Chelsea,3,1,1,0,0,1,0,1
39,Premier League,2022,1,9,36,Fulham,1,1,0,1,0,2,2,0
39,Premier League,2022,1,10,40,Liverpool,1,1,0,1,0,2,2,0
39,Premier League,2022,1,11,46,Leicester,1,1,0,1,0,2,2,0
39,Premier League,2022,1,12,55,Brentford,1,1,0,1,0,2,2,0
39,Premier League,2022,1,13,39,Wolves,0,1,0,0,1,1,2,-1
39,Premier League,2022,1,14,33,Manchester United,0,1,0,0,1,1,2,-1
39,Premier League,2022,1,15,45,Everton,0,1,0,0,1,0,1,-1
39,Premier League,2022,1,16,52,Crystal Palace,0,1,0,0,1,0,2,-2
39,Premier League,2022,1,17,65,Nottingham Forest,0,1,0,0,1,0,2,-2
39,Premier League,2022,1,18,66,Aston Villa,0,1,0,0,1,0,2,-2
39,Premier League,2022,1,19,48,West Ham,0,1,0,0,1,0,2,-2
39,Premier League,2022,1,20,41,Southampton,0,1,0,0,1,1,4,-3
39,Premier League,2022,2,1,50,Manchester City,6,2,2,0,0,6,0,6
39,Premier League,2022,2,2,42,Arsenal,6,2,2,0,0,6,2,4
39,Premier League,2022,2,3,55,Brentford,4,2,1,1,0,6,2,4
39,Premier League,2022,2,4,47,Tottenham,4,2,1,1,0,6,3,3
39,Premier League,2022,2,5,34,Newcastle,4,2,1,1,0,2,0,2
39,Premier League,2022,2,6,63,Leeds,4,2,1,1,0,4,3,1
39,Premier League,2022,2,7,49,Chelsea,4,2,1,1,0,3,2,1
39,Premier League,2022,2,8,51,Brighton,4,2,1,1,0,2,1,1
39,Premier League,2022,2,9,66,Aston Villa,3,2,1,0,1,2,3,-1
39,Premier League,2022,2,10,65,Nottingham Forest,3,2,1,0,1,1,2,-1
39,Premier League,2022,2,11,35,Bournemouth,3,2,1,0,1,2,4,-2
39,Premier League,2022,2,12,40,Liverpool,2,2,0,2,0,3,3,0
39,Premier League,2022,2,13,36,Fulham,2,2,0,2,0,2,2,0
39,Premier League,2022,2,14,39,Wolves,1,2,0,1,1,1,2,-1
39,Premier League,2022,2,15,46,Leicester,1,2,0,1,1,4,6,-2
39,Premier League,2022,2,16,52,Crystal Palace,1,2,0,1,1,1,3,-2
39,Premier League,2022,2,17,41,Southampton,1,2,0,1,1,3,6,-3
39,Premier League,2022,2,18,45,Everton,0,2,0,0,2,1,3,-2
39,Premier League,2022,2,19,48,West Ham,0,2,0,0,2,0,3,-3
39,Premier League,2022,2,20,33,Manchester United,0,2,0,0,2,1,6,-5
39,Premier League,2022,3,1,42,Arsenal,9,3,3,0,0,9,2,7
39,Premier League,2022,3,2,50,Manchester City,7,3,2,1,0,9,3,6
39,Premier League,2022,3,3,47,Tottenham,7,3,2,1,0,7,3,4
39,Premier League,2022,3,4,63,Leeds,7,3,2,1,0,7,3,4
39,Premier League,2022,3,5,51,Brighton,7,3,2,1,0,4,1,3
39,Premier League,2022,3,6,34,Newcastle,5,3,1,2,0,5,3,2
39,Premier League,2022,3,7,36,Fulham,5,3,1,2,0,5,4,1
39,Premier League,2022,3,8,55,Brentford,4,3,1,1,1,8,5,3
39,Premier League,2022,3,9,52,Crystal Palace,4,3,1,1,1,4,4,0
39,Premier League,2022,3,10,65,Nottingham Forest,4,3,1,1,1,2,3,-1
39,Premier League,2022,3,11,41,Southampton,4,3,1,1,1,5,7,-2
39,Premier League,2022,3,12,49,Chelsea,4,3,1,1,1,3,5,-2
39,Premier League,2022,3,13,66,Aston Villa,3,3,1,0,2,3,6,-3
39,Premier League,2022,3,14,33,Manchester United,3,3,1,0,2,3,7,-4
39,Premier League,2022,3,15,35,Bournemouth,3,3,1,0,2,2,7,-5
39,Premier League,2022,3,16,40,Liverpool,2,3,0,2,1,4,5,-1
39,Premier League,2022,3,17,45,Everton,1,3,0,1,2,2,4,-2
39,Premier League,2022,3,18,39,Wolves,1,3,0,1,2,1,3,-2
39,Premier League,2022,3,19,46,Leicester,1,3,0,1,2,5,8,-3
39,Premier League,2022,3,20,48,West Ham,0,3,0,0,3,0,5,-5
39,Premier League,2022,4,1,42,Arsenal,12,4,4,0,0,11,3,8
39,Premier League,2022,4,2,50,Manchester City,10,4,3,1,0,13,5,8
39,Premier League,2022,4,3,47,Tottenham,10,4,3,1,0,9,3,6
39,Premier League,2022,4,4,51,Brighton,10,4,3,1,0,5,1,4
39,Premier League,2022,4,5,63,Leeds,7,4,2,1,1,7,4,3
39,Premier League,2022,4,6,49,Chelsea,7,4,2,1,1,5,6,-1
39,Premier League,2022,4,7,34,Newcastle,6,4,1,3,0,6,4,2
39,Premier League,2022,4,8,33,Manchester United,6,4,2,0,2,4,7,-3
39,Premier League,2022,4,9,40,Liverpool,5,4,1,2,1,13,5,8
39,Premier League,2022,4,10,55,Brentford,5,4,1,2,1,9,6,3
39,Premier League,2022,4,11,36,Fulham,5,4,1,2,1,6,6,0
39,Premier League,2022,4,12,52,Crystal Palace,4,4,1,1,2,6,8,-2
39,Premier League,2022,4,13,41,Southampton,4,4,1,1,2,5,8,-3
39,Premier League,2022,4,14,65,Nottingham Forest,4,4,1,1,2,2,5,-3
39,Premier League,2022,4,15,66,Aston Villa,3,4,1,0,3,3,7,-4
39,Premier League,2022,4,16,48,West Ham,3,4,1,0,3,1,5,-4
39,Premier League,2022,4,17,35,Bournemouth,3,4,1,0,3,2,16,-14
39,Premier League,2022,4,18,45,Everton,2,4,0,2,2,3,5,-2
39,Premier League,2022,4,19,39,Wolves,2,4,0,2,2,2,4,-2
39,Premier League,2022,4,20,46,Leicester,1,4,0,1,3,6,10,-4
39,Premier League,2022,5,1,42,Arsenal,15,5,5,0,0,13,4,9
39,Premier League,2022,5,2,50,Manchester City,13,5,4,1,0,19,5,14
39,Premier League,2022,5,3,47,Tottenham,11,5,3,2,0,10,4,6
39,Premier League,2022,5,4,51,Brighton,10,5,3,1,1,6,3,3
39,Premier League,2022,5,5,33,Manchester United,9,5,3,0,2,5,7,-2
39,Premier League,2022,5,6,40,Liverpool,8,5,2,2,1,15,6,9
39,Premier League,2022,5,7,63,Leeds,8,5,2,2,1,8,5,3
39,Premier League,2022,5,8,36,Fulham,8,5,2,2,1,8,7,1
39,Premier League,2022,5,9,41,Southampton,7,5,2,1,2,7,9,-2
39,Premier League,2022,5,10,49,Chelsea,7,5,2,1,2,6,8,-2
39,Premier League,2022,5,11,55,Brentford,6,5,1,3,1,10,7,3
39,Premier League,2022,5,12,34,Newcastle,6,5,1,3,1,7,6,1
39,Premier League,2022,5,13,52,Crystal Palace,5,5,1,2,2,7,9,-2
39,Premier League,2022,5,14,48,West Ham,4,5,1,1,3,2,6,-4
39,Premier League,2022,5,15,65,Nottingham Forest,4,5,1,1,3,2,11,-9
39,Premier League,2022,5,16,35,Bournemouth,4,5,1,1,3,2,16,-14
39,Premier League,2022,5,17,45,Everton,3,5,0,3,2,4,6,-2
39,Premier League,2022,5,18,39,Wolves,3,5,0,3,2,2,4,-2
39,Premier League,2022,5,19,66,Aston Villa,3,5,1,0,4,4,9,-5
39,Premier League,2022,5,20,46,Leicester,1,5,0,1,4,6,11,-5
39,Premier League,2022,6,1,42,Arsenal,15,6,5,0,1,14,7,7
39,Premier League,2022,6,2,50,Manchester City,14,6,4,2,0,20,6,14
39,Premier League,2022,6,3,47,Tottenham,14,6,4,2,0,12,5,7
39,Premier League,2022,6,4,51,Brighton,13,6,4,1,1,11,5,6
39,Premier League,2022,6,5,33,Manchester United,12,6,4,0,2,8,8,0
39,Premier League,2022,6,6,49,Chelsea,10,6,3,1,2,8,9,-1
39,Premier League,2022,6,7,40,Liverpool,9,6,2,3,1,15,6,9
39,Premier League,2022,6,8,55,Brentford,9,6,2,3,1,15,9,6
39,Premier League,2022,6,9,63,Leeds,8,6,2,2,2,10,10,0
39,Premier League,2022,6,10,36,Fulham,8,6,2,2,2,9,9,0
39,Premier League,2022,6,11,34,Newcastle,7,6,1,4,1,7,6,1
39,Premier League,2022,6,12,41,Southampton,7,6,2,1,3,7,10,-3
39,Premier League,2022,6,13,35,Bournemouth,7,6,2,1,3,5,18,-13
39,Premier League,2022,6,14,39,Wolves,6,6,1,3,2,3,4,-1
39,Premier League,2022,6,15,52,Crystal Palace,6,6,1,3,2,7,9,-2
39,Premier League,2022,6,16,45,Everton,4,6,0,4,2,4,6,-2
39,Premier League,2022,6,17,66,Aston Villa,4,6,1,1,4,5,10,-5
39,Premier League,2022,6,18,48,West Ham,4,6,1,1,4,3,8,-5
39,Premier League,2022,6,19,65,Nottingham Forest,4,6,1,1,4,4,14,-10
39,Premier League,2022,6,20,46,Leicester,1,6,0,1,5,8,16,-8
39,Premier League,2022,7,1,42,Arsenal,18,7,6,0,1,18,7,11
39,Premier League,2022,7,2,50,Manchester City,17,7,5,2,0,24,8,16
39,Premier League,2022,7,3,51,Brighton,16,7,5,1,1,13,5,8
39,Premier League,2022,7,4,47,Tottenham,14,7,4,2,1,14,9,5
39,Premier League,2022,7,5,33,Manchester United,13,7,4,1,2,9,9,0
39,Premier League,2022,7,6,40,Liverpool,12,7,3,3,1,17,6,11
39,Premier League,2022,7,7,55,Brentford,12,7,3,3,1,17,9,8
39,Premier League,2022,7,8,63,Leeds,11,7,3,2,2,12,11,1
39,Premier League,2022,7,9,36,Fulham,11,7,3,2,2,11,10,1
39,Premier League,2022,7,10,34,Newcastle,10,7,2,4,1,12,7,5
39,Premier League,2022,7,11,49,Chelsea,10,7,3,1,3,9,11,-2
39,Premier League,2022,7,12,52,Crystal Palace,7,7,1,4,2,8,10,-2
39,Premier League,2022,7,13,66,Aston Villa,7,7,2,1,4,7,11,-4
39,Premier League,2022,7,14,41,Southampton,7,7,2,1,4,7,12,-5
39,Premier League,2022,7,15,35,Bournemouth,7,7,2,1,4,5,20,-15
39,Premier League,2022,7,16,39,Wolves,6,7,1,3,3,3,6,-3
39,Premier League,2022,7,17,45,Everton,4,7,0,4,3,4,10,-6
39,Premier League,2022,7,18,48,West Ham,4,7,1,1,5,4,13,-9
39,Premier League,2022,7,19,65,Nottingham Forest,4,7,1,1,5,5,16,-11
39,Premier League,2022,7,20,46,Leicester,1,7,0,1,6,9,18,-9
39,Premier League,2022,8,1,42,Arsenal,21,8,7,0,1,21,7,14
39,Premier League,2022,8,2,50,Manchester City,20,8,6,2,0,27,8,19
39,Premier League,2022,8,3,51,Brighton,19,8,6,1,1,14,5,9
39,Premier League,2022,8,4,47,Tottenham,17,8,5,2,1,20,11,9
39,Premier League,2022,8,5,36,Fulham,14,8,4,2,2,14,12,2
39,Premier League,2022,8,6,33,Manchester United,14,8,4,2,2,11,11,0
39,Premier League,2022,8,7,40,Liverpool,13,8,3,4,1,17,6,11
39,Premier League,2022,8,8,55,Brentford,12,8,3,3,2,17,12,5
39,Premier League,2022,8,9,63,Leeds,12,8,3,3,2,14,13,1
39,Premier League,2022,8,10,34,Newcastle,11,8,2,5,1,13,8,5
39,Premier League,2022,8,11,49,Chelsea,11,8,3,2,3,9,11,-2
39,Premier League,2022,8,12,66,Aston Villa,10,8,3,1,4,8,11,-3
39,Premier League,2022,8,13,35,Bournemouth,8,8,2,2,4,6,21,-15
39,Premier League,2022,8,14,52,Crystal Palace,7,8,1,4,3,8,11,-3
39,Premier League,2022,8,15,45,Everton,7,8,1,4,3,5,10,-5
39,Premier League,2022,8,16,41,Southampton,7,8,2,1,5,7,13,-6
39,Premier League,2022,8,17,39,Wolves,6,8,1,3,4,3,9,-6
39,Premier League,2022,8,18,48,West Ham,4,8,1,1,6,4,14,-10
39,Premier League,2022,8,19,65,Nottingham Forest,4,8,1,1,6,7,19,-12
39,Premier League,2022,8,20,46,Leicester,1,8,0,1,7,11,24,-13
39,Premier League,2022,9,1,42,Arsenal,24,9,8,0,1,24,8,16
39,Premier League,2022,9,2,50,Manchester City,23,9,7,2,0,33,11,22
39,Premier League,2022,9,3,51,Brighton,20,9,6,2,1,17,8,9
39,Premier League,2022,9,4,47,Tottenham,17,9,5,2,2,21,14,7
39,Premier League,2022,9,5,40,Liverpool,14,9,3,5,1,20,9,11
39,Premier League,2022,9,6,34,Newcastle,14,9,3,5,1,17,9,8
39,Premier League,2022,9,7,36,Fulham,14,9,4,2,3,15,16,-1
39,Premier League,2022,9,8,49,Chelsea,14,9,4,2,3,11,12,-1
39,Premier League,2022,9,9,33,Manchester United,14,9,4,2,3,14,17,-3
39,Premier League,2022,9,10,55,Brentford,13,9,3,4,2,17,12,5
39,Premier League,2022,9,11,63,Leeds,13,9,3,4,2,14,13,1
39,Premier League,2022,9,12,66,Aston Villa,11,9,3,2,4,8,11,-3
39,Premier League,2022,9,13,45,Everton,10,9,2,4,3,7,11,-4
39,Premier League,2022,9,14,35,Bournemouth,9,9,2,3,4,6,21,-15
39,Premier League,2022,9,15,52,Crystal Palace,7,9,1,4,4,9,13,-4
39,Premier League,2022,9,16,41,Southampton,7,9,2,1,6,8,15,-7
39,Premier League,2022,9,17,48,West Ham,7,9,2,1,6,6,14,-8
39,Premier League,2022,9,18,39,Wolves,6,9,1,3,5,3,11,-8
39,Premier League,2022,9,19,46,Leicester,4,9,1,1,7,15,24,-9
39,Premier League,2022,9,20,65,Nottingham Forest,4,9,1,1,7,7,23,-16
39,Premier League,2022,10,1,42,Arsenal,27,10,9,0,1,27,10,17
39,Premier League,2022,10,2,50,Manchester City,26,10,8,2,0,37,11,26
39,Premier League,2022,10,3,47,Tottenham,20,10,6,2,2,22,14,8
39,Premier League,2022,10,4,51,Brighton,20,10,6,2,2,17,9,8
39,Premier League,2022,10,5,34,Newcastle,17,10,4,5,1,22,10,12
39,Premier League,2022,10,6,49,Chelsea,17,10,5,2,3,14,12,2
39,Premier League,2022,10,7,33,Manchester United,17,10,5,2,3,16,18,-2
39,Premier League,2022,10,8,40,Liverpool,14,10,3,5,2,22,12,10
39,Premier League,2022,10,9,36,Fulham,14,10,4,2,4,16,19,-3
39,Premier League,2022,10,10,55,Brentford,13,10,3,4,3,18,17,1
39,Premier League,2022,10,11,63,Leeds,13,10,3,4,3,15,15,0
39,Premier League,2022,10,12,66,Aston Villa,12,10,3,3,4,9,12,-3
39,Premier League,2022,10,13,35,Bournemouth,12,10,3,3,4,8,22,-14
39,Premier League,2022,10,14,52,Crystal Palace,10,10,2,4,4,11,14,-3
39,Premier League,2022,10,15,45,Everton,10,10,2,4,4,8,13,-5
39,Premier League,2022,10,16,48,West Ham,10,10,3,1,6,9,15,-6
39,Premier League,2022,10,17,41,Southampton,7,10,2,1,7,8,19,-11
39,Premier League,2022,10,18,39,Wolves,6,10,1,3,6,3,14,-11
39,Premier League,2022,10,19,65,Nottingham Forest,5,10,1,2,7,8,24,-16
39,Premier League,2022,10,20,46,Leicester,4,10,1,1,8,16,26,-10
39,Premier League,2022,11,1,42,Arsenal,30,11,10,0,1,28,10,18
39,Premier League,2022,11,2,50,Manchester City,26,11,8,2,1,37,12,25
39,Premier League,2022,11,3,47,Tottenham,23,11,7,2,2,24,14,10
39,Premier League,2022,11,4,51,Brighton,20,11,6,2,3,17,11,6
39,Premier League,2022,11,5,49,Chelsea,20,11,6,2,3,16,12,4
39,Premier League,2022,11,6,34,Newcastle,18,11,4,6,1,22,10,12
39,Premier League,2022,11,7,33,Manchester United,18,11,5,3,3,16,18,-2
39,Premier League,2022,11,8,40,Liverpool,17,11,4,5,2,23,12,11
39,Premier League,2022,11,9,55,Brentford,16,11,4,4,3,20,17,3
39,Premier League,2022,11,10,36,Fulham,15,11,4,3,4,18,21,-3
39,Premier League,2022,11,11,63,Leeds,13,11,3,4,4,15,16,-1
39,Premier League,2022,11,12,35,Bournemouth,13,11,3,4,4,10,24,-14
39,Premier League,2022,11,13,66,Aston Villa,12,11,3,3,5,9,14,-5
39,Premier League,2022,11,14,52,Crystal Palace,11,11,2,5,4,11,14,-3
39,Premier League,2022,11,15,48,West Ham,11,11,3,2,6,10,16,-6
39,Premier League,2022,11,16,45,Everton,10,11,2,4,5,8,15,-7
39,Premier League,2022,11,17,39,Wolves,9,11,2,3,6,4,14,-10
39,Premier League,2022,11,18,41,Southampton,8,11,2,2,7,9,20,-11
39,Premier League,2022,11,19,46,Leicester,5,11,1,2,8,16,26,-10
39,Premier League,2022,11,20,65,Nottingham Forest,5,11,1,2,8,8,25,-17
39,Premier League,2022,12,1,42,Arsenal,30,12,10,0,2,29,13,16
39,Premier League,2022,12,2,50,Manchester City,29,12,9,2,1,40,13,27
39,Premier League,2022,12,3,47,Tottenham,23,12,7,2,3,24,16,8
39,Premier League,2022,12,4,34,Newcastle,21,12,5,6,1,23,10,13
39,Premier League,2022,12,5,51,Brighton,21,12,6,3,3,17,11,6
39,Premier League,2022,12,6,49,Chelsea,21,12,6,3,3,16,12,4
39,Premier League,2022,12,7,33,Manchester United,21,12,6,3,3,18,18,0
39,Premier League,2022,12,8,40,Liverpool,20,12,5,5,2,24,12,12
39,Premier League,2022,12,9,36,Fulham,18,12,5,3,4,21,21,0
39,Premier League,2022,12,10,55,Brentford,17,12,4,5,3,20,17,3
39,Premier League,2022,12,11,52,Crystal Palace,14,12,3,5,4,13,15,-2
39,Premier League,2022,12,12,63,Leeds,13,12,3,4,5,15,18,-3
39,Premier League,2022,12,13,35,Bournemouth,13,12,3,4,5,10,25,-15
39,Premier League,2022,12,14,66,Aston Villa,12,12,3,3,6,9,17,-8
39,Premier League,2022,12,15,48,West Ham,11,12,3,2,7,10,17,-7
39,Premier League,2022,12,16,41,Southampton,11,12,3,2,7,10,20,-10
39,Premier League,2022,12,17,45,Everton,10,12,2,4,6,8,16,-8
39,Premier League,2022,12,18,39,Wolves,9,12,2,3,7,5,16,-11
39,Premier League,2022,12,19,46,Leicester,8,12,2,2,8,18,26,-8
39,Premier League,2022,12,20,65,Nottingham Forest,6,12,1,3,8,8,25,-17
39,Premier League,2022,13,1,50,Manchester City,32,13,10,2,1,43,14,29
39,Premier League,2022,13,2,42,Arsenal,31,13,10,1,2,30,14,16
39,Premier League,2022,13,3,34,Newcastle,24,13,6,6,1,25,11,14
39,Premier League,2022,13,4,47,Tottenham,23,13,7,2,4,25,18,7
39,Premier League,2022,13,5,49,Chelsea,22,13,6,4,3,17,13,4
39,Premier League,2022,13,6,33,Manchester United,22,13,6,4,3,19,19,0
39,Premier League,2022,13,7,51,Brighton,21,13,6,3,4,18,14,4
39,Premier League,2022,13,8,36,Fulham,21,13,6,3,4,24,23,1
39,Premier League,2022,13,9,40,Liverpool,20,13,5,5,3,24,13,11
39,Premier League,2022,13,10,55,Brentford,17,13,4,5,4,20,21,-1
39,Premier League,2022,13,11,66,Aston Villa,15,13,4,3,6,13,17,-4
39,Premier League,2022,13,12,52,Crystal Palace,14,13,3,5,5,13,18,-5
39,Premier League,2022,13,13,48,West Ham,14,13,4,2,7,12,17,-5
39,Premier League,2022,13,14,63,Leeds,13,13,3,4,6,17,21,-4
39,Premier League,2022,13,15,45,Everton,13,13,3,4,6,11,16,-5
39,Premier League,2022,13,16,35,Bournemouth,13,13,3,4,6,10,27,-17
39,Premier League,2022,13,17,41,Southampton,12,13,3,3,7,11,21,-10
39,Premier League,2022,13,18,46,Leicester,11,13,3,2,8,22,26,-4
39,Premier League,2022,13,19,39,Wolves,9,13,2,3,8,5,20,-15
39,Premier League,2022,13,20,65,Nottingham Forest,9,13,2,3,8,9,25,-16
39,Premier League,2022,14,1,50,Manchester City,35,14,11,2,1,44,14,30
39,Premier League,2022,14,2,42,Arsenal,34,14,11,1,2,35,14,21
39,Premier League,2022,14,3,34,Newcastle,27,14,7,6,1,29,11,18
39,Premier League,2022,14,4,47,Tottenham,26,14,8,2,4,28,20,8
39,Premier League,2022,14,5,33,Manchester United,25,14,7,4,3,20,19,1
39,Premier League,2022,14,6,51,Brighton,24,14,7,3,4,22,15,7
39,Premier League,2022,14,7,36,Fulham,22,14,6,4,4,24,23,1
39,Premier League,2022,14,8,49,Chelsea,22,14,6,4,4,18,17,1
39,Premier League,2022,14,9,40,Liverpool,20,14,5,5,4,25,15,10
39,Premier League,2022,14,10,55,Brentford,18,14,4,6,4,21,22,-1
39,Premier League,2022,14,11,52,Crystal Palace,17,14,4,5,5,14,18,-4
39,Premier League,2022,14,12,63,Leeds,16,14,4,4,6,19,22,-3
39,Premier League,2022,14,13,66,Aston Villa,15,14,4,3,7,13,21,-8
39,Premier League,2022,14,14,45,Everton,14,14,3,5,6,11,16,-5
39,Premier League,2022,14,15,48,West Ham,14,14,4,2,8,12,18,-6
39,Premier League,2022,14,16,35,Bournemouth,13,14,3,4,7,12,30,-18
39,Premier League,2022,14,17,41,Southampton,12,14,3,3,8,11,22,-11
39,Premier League,2022,14,18,46,Leicester,11,14,3,2,9,22,27,-5
39,Premier League,2022,14,19,39,Wolves,10,14,2,4,8,6,21,-15
39,Premier League,2022,14,20,65,Nottingham Forest,9,14,2,3,9,9,30,-21
39,Premier League,2022,15,1,50,Manchester City,38,15,12,2,1,46,15,31
39,Premier League,2022,15,2,42,Arsenal,37,15,12,1,2,36,14,22
39,Premier League,2022,15,3,34,Newcastle,30,15,8,6,1,33,12,21
39,Premier League,2022,15,4,51,Brighton,27,15,8,3,4,25,17,8
39,Premier League,2022,15,5,47,Tottenham,26,15,8,2,5,29,22,7
39,Premier League,2022,15,6,33,Manchester United,25,15,7,4,4,21,22,-1
39,Premier League,2022,15,7,40,Liverpool,23,15,6,5,4,27,16,11
39,Premier League,2022,15,8,36,Fulham,22,15,6,4,5,25,25,0
39,Premier League,2022,15,9,49,Chelsea,22,15,6,4,5,18,18,0
39,Premier League,2022,15,10,52,Crystal Palace,20,15,5,5,5,16,19,-3
39,Premier League,2022,15,11,55,Brentford,19,15,4,7,4,23,24,-1
39,Premier League,2022,15,12,63,Leeds,19,15,5,4,6,23,25,-2
39,Premier League,2022,15,13,66,Aston Villa,18,15,5,3,7,16,22,-6
39,Premier League,2022,15,14,46,Leicester,14,15,4,2,9,24,27,-3
39,Premier League,2022,15,15,48,West Ham,14,15,4,2,9,13,20,-7
39,Premier League,2022,15,16,45,Everton,14,15,3,5,7,11,18,-7
39,Premier League,2022,15,17,35,Bournemouth,13,15,3,4,8,15,34,-19
39,Premier League,2022,15,18,41,Southampton,12,15,3,3,9,12,26,-14
39,Premier League,2022,15,19,39,Wolves,10,15,2,4,9,8,24,-16
39,Premier League,2022,15,20,65,Nottingham Forest,10,15,2,4,9,11,32,-21
39,Premier League,2022,16,1,42,Arsenal,40,16,13,1,2,38,14,24
39,Premier League,2022,16,2,50,Manchester City,38,16,12,2,2,47,17,30
39,Premier League,2022,16,3,34,Newcastle,33,16,9,6,1,34,12,22
39,Premier League,2022,16,4,47,Tottenham,29,16,9,2,5,33,25,8
39,Premier League,2022,16,5,33,Manchester United,28,16,8,4,4,23,23,0
39,Premier League,2022,16,6,51,Brighton,27,16,8,3,5,26,19,7
39,Premier League,2022,16,7,40,Liverpool,26,16,7,5,4,30,17,13
39,Premier League,2022,16,8,55,Brentford,22,16,5,7,4,25,25,0
39,Premier League,2022,16,9,36,Fulham,22,16,6,4,6,26,27,-1
39,Premier League,2022,16,10,49,Chelsea,22,16,6,4,6,18,19,-1
39,Premier League,2022,16,11,66,Aston Villa,21,16,6,3,7,18,23,-5
39,Premier League,2022,16,12,52,Crystal Palace,20,16,5,5,6,16,20,-4
39,Premier League,2022,16,13,63,Leeds,19,16,5,4,7,26,29,-3
39,Premier League,2022,16,14,46,Leicester,17,16,5,2,9,26,27,-1
39,Premier League,2022,16,15,35,Bournemouth,16,16,4,4,8,18,34,-16
39,Premier League,2022,16,16,48,West Ham,14,16,4,2,10,13,22,-9
39,Premier League,2022,16,17,45,Everton,14,16,3,5,8,11,21,-10
39,Premier League,2022,16,18,65,Nottingham Forest,13,16,3,4,9,12,32,-20
39,Premier League,2022,16,19,41,Southampton,12,16,3,3,10,13,29,-16
39,Premier League,2022,16,20,39,Wolves,10,16,2,4,10,8,26,-18
39,Premier League,2022,17,1,42,Arsenal,43,17,14,1,2,41,15,26
39,Premier League,2022,17,2,50,Manchester City,41,17,13,2,2,50,18,32
39,Premier League,2022,17,3,34,Newcastle,36,17,10,6,1,37,12,25
39,Premier League,2022,17,4,33,Manchester United,31,17,9,4,4,26,23,3
39,Premier League,2022,17,5,51,Brighton,30,17,9,3,5,29,20,9
39,Premier League,2022,17,6,47,Tottenham,30,17,9,3,5,35,27,8
39,Premier League,2022,17,7,40,Liverpool,29,17,8,5,4,33,18,15
39,Premier League,2022,17,8,36,Fulham,25,17,7,4,6,29,27,2
39,Premier League,2022,17,9,49,Chelsea,25,17,7,4,6,20,19,1
39,Premier League,2022,17,10,55,Brentford,23,17,5,8,4,27,27,0
39,Premier League,2022,17,11,66,Aston Villa,21,17,6,3,8,19,26,-7
39,Premier League,2022,17,12,52,Crystal Palace,20,17,5,5,7,16,23,-7
39,Premier League,2022,17,13,63,Leeds,19,17,5,4,8,27,32,-5
39,Premier League,2022,17,14,46,Leicester,17,17,5,2,10,26,30,-4
39,Premier League,2022,17,15,35,Bournemouth,16,17,4,4,9,18,36,-18
39,Premier League,2022,17,16,48,West Ham,14,17,4,2,11,14,25,-11
39,Premier League,2022,17,17,45,Everton,14,17,3,5,9,12,23,-11
39,Premier League,2022,17,18,39,Wolves,13,17,3,4,10,10,27,-17
39,Premier League,2022,17,19,65,Nottingham Forest,13,17,3,4,10,12,35,-23
39,Premier League,2022,17,20,41,Southampton,12,17,3,3,11,14,32,-18
39,Premier League,2022,18,1,42,Arsenal,46,18,15,1,2,45,17,28
39,Premier League,2022,18,2,50,Manchester City,42,18,13,3,2,51,19,32
39,Premier League,2022,18,3,34,Newcastle,37,18,10,7,1,37,12,25
39,Premier League,2022,18,4,33,Manchester United,34,18,10,4,4,27,23,4
39,Premier League,2022,18,5,40,Liverpool,32,18,9,5,4,35,19,16
39,Premier League,2022,18,6,51,Brighton,30,18,9,3,6,31,24,7
39,Premier League,2022,18,7,47,Tottenham,30,18,9,3,6,35,29,6
39,Premier League,2022,18,8,36,Fulham,28,18,8,4,6,31,28,3
39,Premier League,2022,18,9,55,Brentford,26,18,6,8,4,29,27,2
39,Premier League,2022,18,10,49,Chelsea,26,18,7,5,6,21,20,1
39,Premier League,2022,18,11,66,Aston Villa,24,18,7,3,8,21,26,-5
39,Premier League,2022,18,12,52,Crystal Palace,23,18,6,5,7,18,23,-5
39,Premier League,2022,18,13,63,Leeds,20,18,5,5,8,27,32,-5
39,Premier League,2022,18,14,46,Leicester,17,18,5,2,11,27,32,-5
39,Premier League,2022,18,15,35,Bournemouth,16,18,4,4,10,18,38,-20
39,Premier League,2022,18,16,45,Everton,15,18,3,6,9,13,24,-11
39,Premier League,2022,18,17,48,West Ham,14,18,4,2,12,14,27,-13
39,Premier League,2022,18,18,65,Nottingham Forest,14,18,3,5,10,13,36,-23
39,Premier League,2022,18,19,39,Wolves,13,18,3,4,11,10,28,-18
39,Premier League,2022,18,20,41,Southampton,12,18,3,3,12,15,34,-19
39,Premier League,2022,19,1,42,Arsenal,47,19,15,2,2,45,17,28
39,Premier League,2022,19,2,50,Manchester City,45,19,14,3,2,52,19,33
39,Premier League,2022,19,3,34,Newcastle,38,19,10,8,1,37,12,25
39,Premier League,2022,19,4,33,Manchester United,37,19,11,4,4,30,23,7
39,Premier League,2022,19,5,47,Tottenham,33,19,10,3,6,39,29,10
39,Premier League,2022,19,6,51,Brighton,33,19,10,3,6,35,25,10
39,Premier League,2022,19,7,40,Liverpool,32,19,9,5,5,36,22,14
39,Premier League,2022,19,8,36,Fulham,31,19,9,4,6,32,28,4
39,Premier League,2022,19,9,55,Brentford,29,19,7,8,4,32,28,4
39,Premier League,2022,19,10,49,Chelsea,26,19,7,5,7,21,21,0
39,Premier League,2022,19,11,66,Aston Villa,25,19,7,4,8,22,27,-5
39,Premier League,2022,19,12,52,Crystal Palace,23,19,6,5,8,18,27,-9
39,Premier League,2022,19,13,63,Leeds,21,19,5,6,8,29,34,-5
39,Premier League,2022,19,14,46,Leicester,17,19,5,2,12,27,33,-6
39,Premier League,2022,19,15,65,Nottingham Forest,17,19,4,5,10,14,36,-22
39,Premier League,2022,19,16,35,Bournemouth,16,19,4,4,11,18,41,-23
39,Premier League,2022,19,17,48,West Ham,15,19,4,3,12,16,29,-13
39,Premier League,2022,19,18,45,Everton,15,19,3,6,10,14,28,-14
39,Premier League,2022,19,19,39,Wolves,14,19,3,5,11,11,29,-18
39,Premier League,2022,19,20,41,Southampton,12,19,3,3,13,15,35,-20
39,Premier League,2022,20,1,42,Arsenal,50,20,16,2,2,47,17,30
39,Premier League,2022,20,2,50,Manchester City,45,20,14,3,3,53,21,32
39,Premier League,2022,20,3,34,Newcastle,41,20,11,8,1,38,12,26
39,Premier League,2022,20,4,33,Manchester United,40,20,12,4,4,32,24,8
39,Premier League,2022,20,5,51,Brighton,36,20,11,3,6,38,25,13
39,Premier League,2022,20,6,47,Tottenham,33,20,10,3,7,39,31,8
39,Premier League,2022,20,7,40,Liverpool,32,20,9,5,6,36,25,11
39,Premier League,2022,20,8,55,Brentford,32,20,8,8,4,34,28,6
39,Premier League,2022,20,9,36,Fulham,31,20,9,4,7,32,29,3
39,Premier League,2022,20,10,49,Chelsea,29,20,8,5,7,22,21,1
39,Premier League,2022,20,11,66,Aston Villa,28,20,8,4,8,24,28,-4
39,Premier League,2022,20,12,52,Crystal Palace,23,20,6,5,9,18,28,-10
39,Premier League,2022,20,13,63,Leeds,21,20,5,6,9,30,36,-6
39,Premier League,2022,20,14,65,Nottingham Forest,20,20,5,5,10,16,36,-20
39,Premier League,2022,20,15,46,Leicester,17,20,5,2,13,27,35,-8
39,Premier League,2022,20,16,39,Wolves,17,20,4,5,11,12,29,-17
39,Premier League,2022,20,17,35,Bournemouth,16,20,4,4,12,18,43,-25
39,Premier League,2022,20,18,48,West Ham,15,20,4,3,13,16,30,-14
39,Premier League,2022,20,19,45,Everton,15,20,3,6,11,15,30,-15
39,Premier League,2022,20,20,41,Southampton,15,20,4,3,13,17,36,-19
39,Premier League,2022,21,1,42,Arsenal,53,21,17,2,2,50,19,31
39,Premier League,2022,21,2,50,Manchester City,48,21,15,3,3,56,21,35
39,Premier League,2022,21,3,34,Newcastle,42,21,11,9,1,38,12,26
39,Premier League,2022,21,4,33,Manchester United,40,21,12,4,5,34,27,7
39,Premier League,2022,21,5,51,Brighton,37,21,11,4,6,40,27,13
39,Premier League,2022,21,6,47,Tottenham,36,21,11,3,7,40,31,9
39,Premier League,2022,21,7,40,Liverpool,33,21,9,6,6,36,25,11
39,Premier League,2022,21,8,55,Brentford,33,21,8,9,4,34,28,6
39,Premier League,2022,21,9,36,Fulham,31,21,9,4,8,32,30,2
39,Premier League,2022,21,10,66,Aston Villa,31,21,9,4,8,25,28,-3
39,Premier League,2022,21,11,49,Chelsea,30,21,8,6,7,22,21,1
39,Premier League,2022,21,12,52,Crystal Palace,24,21,6,6,9,18,28,-10
39,Premier League,2022,21,13,63,Leeds,22,21,5,7,9,30,36,-6
39,Premier League,2022,21,14,65,Nottingham Forest,21,21,5,6,10,17,37,-20
39,Premier League,2022,21,15,46,Leicester,18,21,5,3,13,29,37,-8
39,Premier League,2022,21,16,48,West Ham,18,21,5,3,13,18,30,-12
39,Premier League,2022,21,17,39,Wolves,17,21,4,5,12,12,32,-20
39,Premier League,2022,21,18,35,Bournemouth,17,21,4,5,12,19,44,-25
39,Premier League,2022,21,19,45,Everton,15,21,3,6,12,15,32,-17
39,Premier League,2022,21,20,41,Southampton,15,21,4,3,14,17,37,-20
39,Premier League,2022,22,1,42,Arsenal,53,22,17,2,3,50,20,30
39,Premier League,2022,22,2,50,Manchester City,48,22,15,3,4,56,22,34
39,Premier League,2022,22,3,34,Newcastle,43,22,11,10,1,39,13,26
39,Premier League,2022,22,4,33,Manchester United,43,22,13,4,5,36,28,8
39,Premier League,2022,22,5,51,Brighton,40,22,12,4,6,41,27,14
39,Premier League,2022,22,6,47,Tottenham,39,22,12,3,7,41,31,10
39,Premier League,2022,22,7,55,Brentford,36,22,9,9,4,37,28,9
39,Premier League,2022,22,8,40,Liverpool,33,22,9,6,7,36,28,8
39,Premier League,2022,22,9,36,Fulham,32,22,9,5,8,32,30,2
39,Premier League,2022,22,10,49,Chelsea,31,22,8,7,7,22,21,1
39,Premier League,2022,22,11,66,Aston Villa,31,22,9,4,9,27,32,-5
39,Premier League,2022,22,12,52,Crystal Palace,24,22,6,6,10,19,30,-11
39,Premier League,2022,22,13,65,Nottingham Forest,24,22,6,6,10,18,37,-19
39,Premier League,2022,22,14,63,Leeds,22,22,5,7,10,30,37,-7
39,Premier League,2022,22,15,46,Leicester,21,22,6,3,13,33,39,-6
39,Premier League,2022,22,16,39,Wolves,20,22,5,5,12,15,32,-17
39,Premier League,2022,22,17,48,West Ham,19,22,5,4,13,19,31,-12
39,Premier League,2022,22,18,45,Everton,18,22,4,6,12,16,32,-16
39,Premier League,2022,22,19,35,Bournemouth,17,22,4,5,13,19,45,-26
39,Premier League,2022,22,20,41,Southampton,15,22,4,3,15,17,40,-23
39,Premier League,2022,23,1,42,Arsenal,54,23,17,3,3,51,21,30
39,Premier League,2022,23,2,50,Manchester City,51,23,16,3,4,59,23,36
39,Premier League,2022,23,3,33,Manchester United,46,23,14,4,5,38,28,10
39,Premier League,2022,23,4,34,Newcastle,44,23,11,11,1,40,14,26
39,Premier League,2022,23,5,51,Brighton,41,23,12,5,6,42,28,14
39,Premier League,2022,23,6,47,Tottenham,39,23,12,3,8,42,35,7
39,Premier League,2022,23,7,55,Brentford,37,23,9,10,4,38,29,9
39,Premier League,2022,23,8,40,Liverpool,36,23,10,6,7,38,28,10
39,Premier League,2022,23,9,36,Fulham,35,23,10,5,8,34,30,4
39,Premier League,2022,23,10,49,Chelsea,32,23,8,8,7,23,22,1
39,Premier League,2022,23,11,66,Aston Villa,31,23,9,4,10,28,35,-7
39,Premier League,2022,23,12,52,Crystal Palace,25,23,6,7,10,20,31,-11
39,Premier League,2022,23,13,46,Leicester,24,23,7,3,13,37,40,-3
39,Premier League,2022,23,14,65,Nottingham Forest,24,23,6,6,11,18,39,-21
39,Premier League,2022,23,15,39,Wolves,23,23,6,5,12,17,33,-16
39,Premier League,2022,23,16,63,Leeds,22,23,5,7,11,30,39,-9
39,Premier League,2022,23,17,48,West Ham,20,23,5,5,13,20,32,-12
39,Premier League,2022,23,18,45,Everton,18,23,4,6,13,16,34,-18
39,Premier League,2022,23,19,35,Bournemouth,18,23,4,6,13,20,46,-26
39,Premier League,2022,23,20,41,Southampton,15,23,4,3,16,18,42,-24
39,Premier League,2022,24,1,42,Arsenal,57,24,18,3,3,55,23,32
39,Premier League,2022,24,2,50,Manchester City,52,24,16,4,4,60,24,36
39,Premier League,2022,24,3,33,Manchester United,49,24,15,4,5,41,28,13
39,Premier League,2022,24,4,34,Newcastle,44,24,11,11,2,40,16,24
39,Premier League,2022,24,5,47,Tottenham,42,24,13,3,8,44,35,9
39,Premier League,2022,24,6,51,Brighton,41,24,12,5,7,42,29,13
39,Premier League,2022,24,7,40,Liverpool,39,24,11,6,7,40,28,12
39,Premier League,2022,24,8,55,Brentford,38,24,9,11,4,39,30,9
39,Premier League,2022,24,9,36,Fulham,38,24,11,5,8,35,30,5
39,Premier League,2022,24,10,49,Chelsea,32,24,8,8,8,23,23,0
39,Premier League,2022,24,11,66,Aston Villa,31,24,9,4,11,30,39,-9
39,Premier League,2022,24,12,52,Crystal Palace,26,24,6,8,10,21,32,-11
39,Premier League,2022,24,13,65,Nottingham Forest,25,24,6,7,11,19,40,-21
39,Premier League,2022,24,14,46,Leicester,24,24,7,3,14,37,43,-6
39,Premier League,2022,24,15,39,Wolves,23,24,6,5,13,17,34,-17
39,Premier League,2022,24,16,63,Leeds,22,24,5,7,12,30,40,-10
39,Premier League,2022,24,17,45,Everton,21,24,5,6,13,17,34,-17
39,Premier League,2022,24,18,35,Bournemouth,21,24,5,6,13,21,46,-25
39,Premier League,2022,24,19,48,West Ham,20,24,5,5,14,20,34,-14
39,Premier League,2022,24,20,41,Southampton,18,24,5,3,16,19,42,-23
39,Premier League,2022,25,1,42,Arsenal,60,25,19,3,3,56,23,33
39,Premier League,2022,25,2,50,Manchester City,55,25,17,4,4,64,25,39
39,Premier League,2022,25,3,33,Manchester United,52,25,16,4,5,42,28,14
39,Premier League,2022,25,4,34,Newcastle,47,25,12,11,2,44,17,27
39,Premier League,2022,25,5,47,Tottenham,45,25,14,3,8,46,35,11
39,Premier League,2022,25,6,51,Brighton,41,25,12,5,8,43,33,10
39,Premier League,2022,25,7,40,Liverpool,40,25,11,7,7,40,28,12
39,Premier League,2022,25,8,36,Fulham,39,25,11,6,8,36,31,5
39,Premier League,2022,25,9,55,Brentford,38,25,9,11,5,39,31,8
39,Premier League,2022,25,10,66,Aston Villa,34,25,10,4,11,32,39,-7
39,Premier League,2022,25,11,49,Chelsea,32,25,8,8,9,23,25,-2
39,Premier League,2022,25,12,52,Crystal Palace,27,25,6,9,10,21,32,-11
39,Premier League,2022,25,13,63,Leeds,25,25,6,7,12,31,40,-9
39,Premier League,2022,25,14,65,Nottingham Forest,25,25,6,7,12,19,44,-25
39,Premier League,2022,25,15,46,Leicester,24,25,7,3,15,37,44,-7
39,Premier League,2022,25,16,39,Wolves,24,25,6,6,13,18,35,-17
39,Premier League,2022,25,17,48,West Ham,23,25,6,5,14,24,34,-10
39,Premier League,2022,25,18,45,Everton,21,25,5,6,14,17,36,-19
39,Premier League,2022,25,19,35,Bournemouth,21,25,5,6,14,22,50,-28
39,Premier League,2022,25,20,41,Southampton,18,25,5,3,17,19,43,-24
39,Premier League,2022,26,1,42,Arsenal,63,26,20,3,3,59,25,34
39,Premier League,2022,26,2,50,Manchester City,58,26,18,4,4,66,25,41
39,Premier League,2022,26,3,33,Manchester United,52,26,16,4,6,42,35,7
39,Premier League,2022,26,4,34,Newcastle,47,26,12,11,3,44,19,25
39,Premier League,2022,26,5,47,Tottenham,45,26,14,3,9,46,36,10
39,Premier League,2022,26,6,51,Brighton,44,26,13,5,8,47,33,14
39,Premier League,2022,26,7,40,Liverpool,43,26,12,7,7,47,28,19
39,Premier League,2022,26,8,55,Brentford,41,26,10,11,5,42,33,9
39,Premier League,2022,26,9,36,Fulham,39,26,11,6,9,38,34,4
39,Premier League,2022,26,10,66,Aston Villa,37,26,11,4,11,33,39,-6
39,Premier League,2022,26,11,49,Chelsea,35,26,9,8,9,24,25,-1
39,Premier League,2022,26,12,52,Crystal Palace,27,26,6,9,11,21,33,-12
39,Premier League,2022,26,13,39,Wolves,27,26,7,6,13,19,35,-16
39,Premier League,2022,26,14,65,Nottingham Forest,26,26,6,8,12,21,46,-25
39,Premier League,2022,26,15,63,Leeds,25,26,6,7,13,31,41,-10
39,Premier League,2022,26,16,46,Leicester,24,26,7,3,16,37,45,-8
39,Premier League,2022,26,17,48,West Ham,23,26,6,5,15,24,38,-14
39,Premier League,2022,26,18,45,Everton,22,26,5,7,14,19,38,-19
39,Premier League,2022,26,19,41,Southampton,21,26,6,3,17,20,43,-23
39,Premier League,2022,26,20,35,Bournemouth,21,26,5,6,15,24,53,-29
39,Premier League,2022,27,1,42,Arsenal,66,27,21,3,3,62,25,37
39,Premier League,2022,27,2,50,Manchester City,61,27,19,4,4,67,25,42
39,Premier League,2022,27,3,33,Manchester United,53,27,16,5,6,42,35,7
39,Premier League,2022,27,4,34,Newcastle,50,27,13,11,3,46,20,26
39,Premier League,2022,27,5,47,Tottenham,48,27,15,3,9,49,37,12
39,Premier League,2022,27,6,51,Brighton,45,27,13,6,8,49,35,14
39,Premier League,2022,27,7,40,Liverpool,43,27,12,7,8,47,29,18
39,Premier League,2022,27,8,55,Brentford,41,27,10,11,6,42,34,8
39,Premier League,2022,27,9,36,Fulham,39,27,11,6,10,38,37,1
39,Premier League,2022,27,10,49,Chelsea,38,27,10,8,9,27,26,1
39,Premier League,2022,27,11,66,Aston Villa,38,27,11,5,11,34,40,-6
39,Premier League,2022,27,12,52,Crystal Palace,27,27,6,9,12,21,34,-13
39,Premier League,2022,27,13,39,Wolves,27,27,7,6,14,20,37,-17
39,Premier League,2022,27,14,63,Leeds,26,27,6,8,13,33,43,-10
39,Premier League,2022,27,15,65,Nottingham Forest,26,27,6,8,13,22,49,-27
39,Premier League,2022,27,16,45,Everton,25,27,6,7,14,20,38,-18
39,Premier League,2022,27,17,46,Leicester,24,27,7,3,17,38,48,-10
39,Premier League,2022,27,18,48,West Ham,24,27,6,6,15,25,39,-14
39,Premier League,2022,27,19,35,Bournemouth,24,27,6,6,15,25,53,-28
39,Premier League,2022,27,20,41,Southampton,22,27,6,4,17,20,43,-23
39,Premier League,2022,28,1,42,Arsenal,69,28,22,3,3,66,26,40
39,Premier League,2022,28,2,50,Manchester City,64,28,20,4,4,70,25,45
39,Premier League,2022,28,3,34,Newcastle,53,28,14,11,3,48,21,27
39,Premier League,2022,28,4,33,Manchester United,53,28,16,5,7,42,36,6
39,Premier League,2022,28,5,47,Tottenham,49,28,15,4,9,52,40,12
39,Premier League,2022,28,6,51,Brighton,48,28,14,6,8,50,35,15
39,Premier League,2022,28,7,40,Liverpool,46,28,13,7,8,48,29,19
39,Premier League,2022,28,8,55,Brentford,42,28,10,12,6,43,35,8
39,Premier League,2022,28,9,66,Aston Villa,41,28,12,5,11,37,40,-3
39,Premier League,2022,28,10,49,Chelsea,39,28,10,9,9,29,28,1
39,Premier League,2022,28,11,36,Fulham,39,28,11,6,11,38,38,0
39,Premier League,2022,28,12,63,Leeds,29,28,7,8,13,37,45,-8
39,Premier League,2022,28,13,52,Crystal Palace,27,28,6,9,13,22,38,-16
39,Premier League,2022,28,14,39,Wolves,27,28,7,6,15,22,41,-19
39,Premier League,2022,28,15,45,Everton,26,28,6,8,14,22,40,-18
39,Premier League,2022,28,16,65,Nottingham Forest,26,28,6,8,14,23,51,-28
39,Premier League,2022,28,17,46,Leicester,25,28,7,4,17,39,49,-10
39,Premier League,2022,28,18,48,West Ham,24,28,6,6,16,25,42,-17
39,Premier League,2022,28,19,35,Bournemouth,24,28,6,6,16,25,56,-31
39,Premier League,2022,28,20,41,Southampton,23,28,6,5,17,23,46,-23
39,Premier League,2022,29,1,42,Arsenal,72,29,23,3,3,70,27,43
39,Premier League,2022,29,2,50,Manchester City,67,29,21,4,4,74,26,48
39,Premier League,2022,29,3,34,Newcastle,56,29,15,11,3,50,21,29
39,Premier League,2022,29,4,33,Manchester United,53,29,16,5,8,42,38,4
39,Premier League,2022,29,5,47,Tottenham,50,29,15,5,9,53,41,12
39,Premier League,2022,29,6,51,Brighton,49,29,14,7,8,53,38,15
39,Premier League,2022,29,7,40,Liverpool,46,29,13,7,9,49,33,16
39,Premier League,2022,29,8,66,Aston Villa,44,29,13,5,11,39,40,-1
39,Premier League,2022,29,9,55,Brentford,43,29,10,13,6,46,38,8
39,Premier League,2022,29,10,36,Fulham,39,29,11,6,12,39,40,-1
39,Premier League,2022,29,11,49,Chelsea,39,29,10,9,10,29,30,-1
39,Premier League,2022,29,12,52,Crystal Palace,30,29,7,9,13,24,39,-15
39,Premier League,2022,29,13,63,Leeds,29,29,7,8,14,38,49,-11
39,Premier League,2022,29,14,39,Wolves,28,29,7,7,15,23,42,-19
39,Premier League,2022,29,15,48,West Ham,27,29,7,6,16,26,42,-16
39,Premier League,2022,29,16,45,Everton,27,29,6,9,14,23,41,-18
39,Premier League,2022,29,17,65,Nottingham Forest,27,29,6,9,14,24,52,-28
39,Premier League,2022,29,18,35,Bournemouth,27,29,7,6,16,27,57,-30
39,Premier League,2022,29,19,46,Leicester,25,29,7,4,18,40,51,-11
39,Premier League,2022,29,20,41,Southampton,23,29,6,5,18,23,47,-24
39,Premier League,2022,30,1,42,Arsenal,73,30,23,4,3,72,29,43
39,Premier League,2022,30,2,50,Manchester City,70,30,22,4,4,78,27,51
39,Premier League,2022,30,3,34,Newcastle,59,30,16,11,3,52,22,30
39,Premier League,2022,30,4,33,Manchester United,56,30,17,5,8,44,38,6
39,Premier League,2022,30,5,47,Tottenham,53,30,16,5,9,55,42,13
39,Premier League,2022,30,6,51,Brighton,49,30,14,7,9,54,40,14
39,Premier League,2022,30,7,40,Liverpool,47,30,13,8,9,51,35,16
39,Premier League,2022,30,8,66,Aston Villa,47,30,14,5,11,41,40,1
39,Premier League,2022,30,9,55,Brentford,43,30,10,13,7,47,40,7
39,Premier League,2022,30,10,36,Fulham,39,30,11,6,13,39,41,-2
39,Premier League,2022,30,11,49,Chelsea,39,30,10,9,11,29,31,-2
39,Premier League,2022,30,12,52,Crystal Palace,33,30,8,9,13,29,40,-11
39,Premier League,2022,30,13,39,Wolves,31,30,8,7,15,24,42,-18
39,Premier League,2022,30,14,48,West Ham,30,30,8,6,16,27,42,-15
39,Premier League,2022,30,15,35,Bournemouth,30,30,8,6,16,28,57,-29
39,Premier League,2022,30,16,63,Leeds,29,30,7,8,15,39,54,-15
39,Premier League,2022,30,17,45,Everton,27,30,6,9,15,23,43,-20
39,Premier League,2022,30,18,65,Nottingham Forest,27,30,6,9,15,24,54,-30
39,Premier League,2022,30,19,46,Leicester,25,30,7,4,19,40,52,-12
39,Premier League,2022,30,20,41,Southampton,23,30,6,5,19,24,51,-27
39,Premier League,2022,31,1,42,Arsenal,74,31,23,5,3,74,31,43
39,Premier League,2022,31,2,50,Manchester City,73,31,23,4,4,81,28,53
39,Premier League,2022,31,3,34,Newcastle,59,31,16,11,4,52,25,27
39,Premier League,2022,31,4,33,Manchester United,59,31,18,5,8,46,38,8
39,Premier League,2022,31,5,47,Tottenham,53,31,16,5,10,57,45,12
39,Premier League,2022,31,6,51,Brighton,52,31,15,7,9,56,41,15
39,Premier League,2022,31,7,40,Liverpool,50,31,14,8,9,57,36,21
39,Premier League,2022,31,8,66,Aston Villa,50,31,15,5,11,44,40,4
39,Premier League,2022,31,9,55,Brentford,43,31,10,13,8,47,42,5
39,Premier League,2022,31,10,36,Fulham,42,31,12,6,13,42,42,0
39,Premier League,2022,31,11,49,Chelsea,39,31,10,9,12,30,33,-3
39,Premier League,2022,31,12,52,Crystal Palace,36,31,9,9,13,31,40,-9
39,Premier League,2022,31,13,39,Wolves,34,31,9,7,15,26,42,-16
39,Premier League,2022,31,14,35,Bournemouth,33,31,9,6,16,31,59,-28
39,Premier League,2022,31,15,48,West Ham,31,31,8,7,16,29,44,-15
39,Premier League,2022,31,16,63,Leeds,29,31,7,8,16,40,60,-20
39,Premier League,2022,31,17,45,Everton,27,31,6,9,16,24,46,-22
39,Premier League,2022,31,18,65,Nottingham Forest,27,31,6,9,16,24,56,-32
39,Premier League,2022,31,19,46,Leicester,25,31,7,4,20,41,55,-14
39,Premier League,2022,31,20,41,Southampton,23,31,6,5,20,24,53,-29
39,Premier League,2022,32,1,42,Arsenal,75,32,23,6,3,77,34,43
39,Premier League,2022,32,2,50,Manchester City,74,32,23,5,4,82,29,53
39,Premier League,2022,32,3,34,Newcastle,62,32,17,11,4,58,26,32
39,Premier League,2022,32,4,33,Manchester United,62,32,19,5,8,50,39,11
39,Premier League,2022,32,5,40,Liverpool,53,32,15,8,9,60,38,22
39,Premier League,2022,32,6,51,Brighton,53,32,15,8,9,57,42,15
39,Premier League,2022,32,7,47,Tottenham,53,32,16,5,11,58,51,7
39,Premier League,2022,32,8,66,Aston Villa,51,32,15,6,11,45,41,4
39,Premier League,2022,32,9,36,Fulham,45,32,13,6,13,44,43,1
39,Premier League,2022,32,10,55,Brentford,44,32,10,14,8,48,43,5
39,Premier League,2022,32,11,49,Chelsea,39,32,10,9,13,31,37,-6
39,Premier League,2022,32,12,52,Crystal Palace,37,32,9,10,13,31,40,-9
39,Premier League,2022,32,13,48,West Ham,34,32,9,7,16,33,44,-11
39,Premier League,2022,32,14,39,Wolves,34,32,9,7,16,27,44,-17
39,Premier League,2022,32,15,35,Bournemouth,33,32,9,6,17,31,63,-32
39,Premier League,2022,32,16,63,Leeds,29,32,7,8,17,41,62,-21
39,Premier League,2022,32,17,46,Leicester,28,32,8,4,20,43,56,-13
39,Premier League,2022,32,18,45,Everton,28,32,6,10,16,24,46,-22
39,Premier League,2022,32,19,65,Nottingham Forest,27,32,6,9,17,26,59,-33
39,Premier League,2022,32,20,41,Southampton,24,32,6,6,20,27,56,-29
39,Premier League,2022,33,1,50,Manchester City,77,33,24,5,4,86,30,56
39,Premier League,2022,33,2,42,Arsenal,75,33,23,6,4,78,38,40
39,Premier League,2022,33,3,34,Newcastle,65,33,18,11,4,62,27,35
39,Premier League,2022,33,4,33,Manchester United,63,33,19,6,8,52,41,11
39,Premier League,2022,33,5,40,Liverpool,56,33,16,8,9,62,39,23
39,Premier League,2022,33,6,47,Tottenham,54,33,16,6,11,60,53,7
39,Premier League,2022,33,7,66,Aston Villa,54,33,16,6,11,46,41,5
39,Premier League,2022,33,8,51,Brighton,53,33,15,8,10,58,45,13
39,Premier League,2022,33,9,55,Brentford,47,33,11,14,8,50,43,7
39,Premier League,2022,33,10,36,Fulham,45,33,13,6,14,44,44,0
39,Premier League,2022,33,11,49,Chelsea,39,33,10,9,14,31,39,-8
39,Premier League,2022,33,12,52,Crystal Palace,37,33,9,10,14,31,42,-11
39,Premier League,2022,33,13,39,Wolves,37,33,10,7,16,29,44,-15
39,Premier League,2022,33,14,35,Bournemouth,36,33,10,6,17,32,63,-31
39,Premier League,2022,33,15,48,West Ham,34,33,9,7,17,34,46,-12
39,Premier League,2022,33,16,63,Leeds,30,33,7,9,17,42,63,-21
39,Premier League,2022,33,17,65,Nottingham Forest,30,33,7,9,17,29,60,-31
39,Premier League,2022,33,18,46,Leicester,29,33,8,5,20,44,57,-13
39,Premier League,2022,33,19,45,Everton,28,33,6,10,17,25,50,-25
39,Premier League,2022,33,20,41,Southampton,24,33,6,6,21,27,57,-30
39,Premier League,2022,34,1,50,Manchester City,80,34,25,5,4,88,31,57
39,Premier League,2022,34,2,42,Arsenal,78,34,24,6,4,81,39,42
39,Premier League,2022,34,3,34,Newcastle,68,34,19,11,4,65,28,37
39,Premier League,2022,34,4,33,Manchester United,66,34,20,6,8,53,41,12
39,Premier League,2022,34,5,40,Liverpool,59,34,17,8,9,66,42,24
39,Premier League,2022,34,6,51,Brighton,56,34,16,8,10,64,45,19
39,Premier League,2022,34,7,47,Tottenham,54,34,16,6,12,63,57,6
39,Premier League,2022,34,8,66,Aston Villa,54,34,16,6,12,46,42,4
39,Premier League,2022,34,9,55,Brentford,50,34,12,14,8,52,44,8
39,Premier League,2022,34,10,36,Fulham,45,34,13,6,15,45,46,-1
39,Premier League,2022,34,11,52,Crystal Palace,40,34,10,10,14,35,45,-10
39,Premier League,2022,34,12,49,Chelsea,39,34,10,9,15,32,42,-10
39,Premier League,2022,34,13,35,Bournemouth,39,34,11,6,17,36,64,-28
39,Premier League,2022,34,14,39,Wolves,37,34,10,7,17,29,50,-21
39,Premier League,2022,34,15,48,West Ham,34,34,9,7,18,37,50,-13
39,Premier League,2022,34,16,46,Leicester,30,34,8,6,20,46,59,-13
39,Premier League,2022,34,17,63,Leeds,30,34,7,9,18,43,67,-24
39,Premier League,2022,34,18,65,Nottingham Forest,30,34,7,9,18,30,62,-32
39,Premier League,2022,34,19,45,Everton,29,34,6,11,17,27,52,-25
39,Premier League,2022,34,20,41,Southampton,24,34,6,6,22,28,60,-32
39,Premier League,2022,35,1,50,Manchester City,83,35,26,5,4,90,32,58
39,Premier League,2022,35,2,42,Arsenal,81,35,25,6,4,83,39,44
39,Premier League,2022,35,3,34,Newcastle,68,35,19,11,5,65,30,35
39,Premier League,2022,35,4,33,Manchester United,66,35,20,6,9,53,42,11
39,Premier League,2022,35,5,40,Liverpool,62,35,18,8,9,67,42,25
39,Premier League,2022,35,6,47,Tottenham,57,35,17,6,12,64,57,7
39,Premier League,2022,35,7,51,Brighton,56,35,16,8,11,65,50,15
39,Premier League,2022,35,8,66,Aston Villa,54,35,16,6,13,46,43,3
39,Premier League,2022,35,9,55,Brentford,50,35,12,14,9,52,45,7
39,Premier League,2022,35,10,36,Fulham,48,35,14,6,15,50,49,1
39,Premier League,2022,35,11,49,Chelsea,42,35,11,9,15,35,43,-8
39,Premier League,2022,35,12,52,Crystal Palace,40,35,10,10,15,35,46,-11
39,Premier League,2022,35,13,39,Wolves,40,35,11,7,17,30,50,-20
39,Premier League,2022,35,14,35,Bournemouth,39,35,11,6,18,37,67,-30
39,Premier League,2022,35,15,48,West Ham,37,35,10,7,18,38,50,-12
39,Premier League,2022,35,16,65,Nottingham Forest,33,35,8,9,18,34,65,-31
39,Premier League,2022,35,17,45,Everton,32,35,7,11,17,32,53,-21
39,Premier League,2022,35,18,46,Leicester,30,35,8,6,21,49,64,-15
39,Premier League,2022,35,19,63,Leeds,30,35,7,9,19,44,69,-25
39,Premier League,2022,35,20,41,Southampton,24,35,6,6,23,31,64,-33
39,Premier League,2022,36,1,50,Manchester City,86,36,27,5,4,93,32,61
39,Premier League,2022,36,2,42,Arsenal,81,36,25,6,5,83,42,41
39,Premier League,2022,36,3,34,Newcastle,69,36,19,12,5,67,32,35
39,Premier League,2022,36,4,33,Manchester United,69,36,21,6,9,55,42,13
39,Premier League,2022,36,5,40,Liverpool,65,36,19,8,9,70,42,28
39,Premier League,2022,36,6,51,Brighton,59,36,17,8,11,68,50,18
39,Premier League,2022,36,7,47,Tottenham,57,36,17,6,13,65,59,6
39,Premier League,2022,36,8,66,Aston Villa,57,36,17,6,13,48,44,4
39,Premier League,2022,36,9,55,Brentford,53,36,13,14,9,54,45,9
39,Premier League,2022,36,10,36,Fulham,51,36,15,6,15,52,49,3
39,Premier League,2022,36,11,49,Chelsea,43,36,11,10,15,37,45,-8
39,Premier League,2022,36,12,52,Crystal Palace,43,36,11,10,15,37,46,-9
39,Premier League,2022,36,13,39,Wolves,40,36,11,7,18,30,52,-22
39,Premier League,2022,36,14,35,Bournemouth,39,36,11,6,19,37,69,-32
39,Premier League,2022,36,15,48,West Ham,37,36,10,7,19,38,52,-14
39,Premier League,2022,36,16,65,Nottingham Forest,34,36,8,10,18,36,67,-31
39,Premier League,2022,36,17,45,Everton,32,36,7,11,18,32,56,-24
39,Premier League,2022,36,18,63,Leeds,31,36,7,10,19,46,71,-25
39,Premier League,2022,36,19,46,Leicester,30,36,8,6,22,49,67,-18
39,Premier League,2022,36,20,41,Southampton,24,36,6,6,24,31,66,-35
39,Premier League,2022,37,1,50,Manchester City,89,37,28,5,4,94,32,62
39,Premier League,2022,37,2,42,Arsenal,81,37,25,6,6,83,43,40
39,Premier League,2022,37,3,33,Manchester United,72,37,22,6,9,56,42,14
39,Premier League,2022,37,4,34,Newcastle,70,37,19,13,5,67,32,35
39,Premier League,2022,37,5,40,Liverpool,66,37,19,9,9,71,43,28
39,Premier League,2022,37,6,51,Brighton,62,37,18,8,11,71,51,20
39,Premier League,2022,37,7,66,Aston Villa,58,37,17,7,13,49,45,4
39,Premier League,2022,37,8,47,Tottenham,57,37,17,6,14,66,62,4
39,Premier League,2022,37,9,55,Brentford,56,37,14,14,9,57,46,11
39,Premier League,2022,37,10,36,Fulham,52,37,15,7,15,54,51,3
39,Premier League,2022,37,11,52,Crystal Palace,44,37,11,11,15,39,48,-9
39,Premier League,2022,37,12,49,Chelsea,43,37,11,10,16,37,46,-9
39,Premier League,2022,37,13,39,Wolves,41,37,11,8,18,31,53,-22
39,Premier League,2022,37,14,48,West Ham,40,37,11,7,19,41,53,-12
39,Premier League,2022,37,15,35,Bournemouth,39,37,11,6,20,37,70,-33
39,Premier League,2022,37,16,65,Nottingham Forest,37,37,9,10,18,37,67,-30
39,Premier League,2022,37,17,45,Everton,33,37,7,12,18,33,57,-24
39,Premier League,2022,37,18,46,Leicester,31,37,8,7,22,49,67,-18
39,Premier League,2022,37,19,63,Leeds,31,37,7,10,20,47,74,-27
39,Premier League,2022,37,20,41,Southampton,24,37,6,6,25,32,69,-37
39,Premier League,2022,38,1,50,Manchester City,89,38,28,5,5,94,33,61
39,Premier League,2022,38,2,42,Arsenal,84,38,26,6,6,88,43,45
39,Premier League,2022,38,3,33,Manchester United,75,38,23,6,9,58,43,15
39,Premier League,2022,38,4,34,Newcastle,71,38,19,14,5,68,33,35
39,Premier League,2022,38,5,40,Liverpool,67,38,19,10,9,75,47,28
39,Premier League,2022,38,6,51,Brighton,62,38,18,8,12,72,53,19
39,Premier League,2022,38,7,66,Aston Villa,61,38,18,7,13,51,46,5
39,Premier League,2022,38,8,47,Tottenham,60,38,18,6,14,70,63,7
39,Premier League,2022,38,9,55,Brentford,59,38,15,14,9,58,46,12
39,Premier League,2022,38,10,36,Fulham,52,38,15,7,16,55,53,2
39,Premier League,2022,38,11,52,Crystal Palace,45,38,11,12,15,40,49,-9
39,Premier League,2022,38,12,49,Chelsea,44,38,11,11,16,38,47,-9
39,Premier League,2022,38,13,39,Wolves,41,38,11,8,19,31,58,-27
39,Premier League,2022,38,14,48,West Ham,40,38,11,7,20,42,55,-13
39,Premier League,2022,38,15,35,Bournemouth,39,38,11,6,21,37,71,-34
39,Premier League,2022,38,16,65,Nottingham Forest,38,38,9,11,18,38,68,-30
39,Premier League,2022,38,17,45,Everton,36,38,8,12,18,34,57,-23
39,Premier League,2022,38,18,46,Leicester,34,38,9,7,22,51,68,-17
39,Premier League,2022,38,19,63,Leeds,31,38,7,10,21,48,78,-30
39,Premier League,2022,38,20,41,Southampton,25,38,6,7,25,36,73,-37
39,Premier League,2023,1,1,34,Newcastle,3,1,1,0,0,5,1,4
39,Premier League,2023,1,2,51,Brighton,3,1,1,0,0,4,1,3
39,Premier League,2023,1,3,50,Manchester City,3,1,1,0,0,3,0,3
39,Premier League,2023,1,4,42,Arsenal,3,1,1,0,0,2,1,1
39,Premier League,2023,1,5,36,Fulham,3,1,1,0,0,1,0,1
39,Premier League,2023,1,6,52,Crystal Palace,3,1,1,0,0,1,0,1
39,Premier League,2023,1,7,33,Manchester United,3,1,1,0,0,1,0,1
39,Premier League,2023,1,8,55,Brentford,1,1,0,1,0,2,2,0
39,Premier League,2023,1,9,47,Tottenham,1,1,0,1,0,2,2,0
39,Premier League,2023,1,10,35,Bournemouth,1,1,0,1,0,1,1,0
39,Premier League,2023,1,11,48,West Ham,1,1,0,1,0,1,1,0
39,Premier League,2023,1,12,49,Chelsea,1,1,0,1,0,1,1,0
39,Premier League,2023,1,13,40,Liverpool,1,1,0,1,0,1,1,0
39,Premier League,2023,1,14,65,Nottingham Forest,0,1,0,0,1,1,2,-1
39,Premier League,2023,1,15,45,Everton,0,1,0,0,1,0,1,-1
39,Premier League,2023,1,16,62,Sheffield Utd,0,1,0,0,1,0,1,-1
39,Premier League,2023,1,17,39,Wolves,0,1,0,0,1,0,1,-1
39,Premier League,2023,1,18,1359,Luton,0,1,0,0,1,1,4,-3
39,Premier League,2023,1,19,44,Burnley,0,1,0,0,1,0,3,-3
39,Premier League,2023,1,20,66,Aston Villa,0,1,0,0,1,1,5,-4
39,Premier League,2023,2,1,51,Brighton,6,2,2,0,0,8,2,6
39,Premier League,2023,2,2,50,Manchester City,6,2,2,0,0,4,0,4
39,Premier League,2023,2,3,42,Arsenal,6,2,2,0,0,3,1,2
39,Premier League,2023,2,4,55,Brentford,4,2,1,1,0,5,2,3
39,Premier League,2023,2,5,48,West Ham,4,2,1,1,0,4,2,2
39,Premier League,2023,2,6,47,Tottenham,4,2,1,1,0,4,2,2
39,Premier League,2023,2,7,40,Liverpool,4,2,1,1,0,4,2,2
39,Premier League,2023,2,8,34,Newcastle,3,2,1,0,1,5,2,3
39,Premier League,2023,2,9,66,Aston Villa,3,2,1,0,1,5,5,0
39,Premier League,2023,2,10,65,Nottingham Forest,3,2,1,0,1,3,3,0
39,Premier League,2023,2,11,52,Crystal Palace,3,2,1,0,1,1,1,0
39,Premier League,2023,2,12,33,Manchester United,3,2,1,0,1,1,2,-1
39,Premier League,2023,2,13,44,Burnley,3,2,1,0,1,2,4,-2
39,Premier League,2023,2,14,36,Fulham,3,2,1,0,1,1,3,-2
39,Premier League,2023,2,15,35,Bournemouth,1,2,0,1,1,2,4,-2
39,Premier League,2023,2,16,49,Chelsea,1,2,0,1,1,2,4,-2
39,Premier League,2023,2,17,62,Sheffield Utd,0,2,0,0,2,1,3,-2
39,Premier League,2023,2,18,1359,Luton,0,2,0,0,2,2,6,-4
39,Premier League,2023,2,19,39,Wolves,0,2,0,0,2,1,5,-4
39,Premier League,2023,2,20,45,Everton,0,2,0,0,2,0,5,-5
39,Premier League,2023,3,1,50,Manchester City,9,3,3,0,0,6,1,5
39,Premier League,2023,3,2,48,West Ham,7,3,2,1,0,7,3,4
39,Premier League,2023,3,3,47,Tottenham,7,3,2,1,0,6,2,4
39,Premier League,2023,3,4,40,Liverpool,7,3,2,1,0,6,3,3
39,Premier League,2023,3,5,42,Arsenal,7,3,2,1,0,5,3,2
39,Premier League,2023,3,6,51,Brighton,6,3,2,0,1,9,5,4
39,Premier League,2023,3,7,66,Aston Villa,6,3,2,0,1,8,6,2
39,Premier League,2023,3,8,33,Manchester United,6,3,2,0,1,4,4,0
39,Premier League,2023,3,9,55,Brentford,5,3,1,2,0,6,3,3
39,Premier League,2023,3,10,49,Chelsea,4,3,1,1,1,5,4,1
39,Premier League,2023,3,11,52,Crystal Palace,4,3,1,1,1,2,2,0
39,Premier League,2023,3,12,36,Fulham,4,3,1,1,1,3,5,-2
39,Premier League,2023,3,13,34,Newcastle,3,3,1,0,2,6,4,2
39,Premier League,2023,3,14,65,Nottingham Forest,3,3,1,0,2,5,6,-1
39,Premier League,2023,3,15,39,Wolves,3,3,1,0,2,2,5,-3
39,Premier League,2023,3,16,44,Burnley,3,3,1,0,2,3,7,-4
39,Premier League,2023,3,17,35,Bournemouth,1,3,0,1,2,2,6,-4
39,Premier League,2023,3,18,62,Sheffield Utd,0,3,0,0,3,2,5,-3
39,Premier League,2023,3,19,45,Everton,0,3,0,0,3,0,6,-6
39,Premier League,2023,3,20,1359,Luton,0,3,0,0,3,2,9,-7
39,Premier League,2023,4,1,50,Manchester City,12,4,4,0,0,11,2,9
39,Premier League,2023,4,2,47,Tottenham,10,4,3,1,0,11,4,7
39,Premier League,2023,4,3,40,Liverpool,10,4,3,1,0,9,3,6
39,Premier League,2023,4,4,48,West Ham,10,4,3,1,0,9,4,5
39,Premier League,2023,4,5,42,Arsenal,10,4,3,1,0,8,4,4
39,Premier League,2023,4,6,51,Brighton,9,4,3,0,1,12,6,6
39,Premier League,2023,4,7,52,Crystal Palace,7,4,2,1,1,5,4,1
39,Premier League,2023,4,8,55,Brentford,6,4,1,3,0,8,5,3
39,Premier League,2023,4,9,65,Nottingham Forest,6,4,2,0,2,6,6,0
39,Premier League,2023,4,10,66,Aston Villa,6,4,2,0,2,8,9,-1
39,Premier League,2023,4,11,33,Manchester United,6,4,2,0,2,5,7,-2
39,Premier League,2023,4,12,49,Chelsea,4,4,1,1,2,5,5,0
39,Premier League,2023,4,13,36,Fulham,4,4,1,1,2,4,10,-6
39,Premier League,2023,4,14,34,Newcastle,3,4,1,0,3,7,7,0
39,Premier League,2023,4,15,39,Wolves,3,4,1,0,3,4,8,-4
39,Premier League,2023,4,16,44,Burnley,3,4,1,0,3,5,12,-7
39,Premier League,2023,4,17,35,Bournemouth,2,4,0,2,2,4,8,-4
39,Premier League,2023,4,18,62,Sheffield Utd,1,4,0,1,3,4,7,-3
39,Premier League,2023,4,19,45,Everton,1,4,0,1,3,2,8,-6
39,Premier League,2023,4,20,1359,Luton,0,4,0,0,4,3,11,-8
39,Premier League,2023,5,1,50,Manchester City,15,5,5,0,0,14,3,11
39,Premier League,2023,5,2,47,Tottenham,13,5,4,1,0,13,5,8
39,Premier League,2023,5,3,40,Liverpool,13,5,4,1,0,12,4,8
39,Premier League,2023,5,4,42,Arsenal,13,5,4,1,0,9,4,5
39,Premier League,2023,5,5,51,Brighton,12,5,4,0,1,15,7,8
39,Premier League,2023,5,6,48,West Ham,10,5,3,1,1,10,7,3
39,Premier League,2023,5,7,66,Aston Villa,9,5,3,0,2,11,10,1
39,Premier League,2023,5,8,65,Nottingham Forest,7,5,2,1,2,7,7,0
39,Premier League,2023,5,9,52,Crystal Palace,7,5,2,1,2,6,7,-1
39,Premier League,2023,5,10,36,Fulham,7,5,2,1,2,5,10,-5
39,Premier League,2023,5,11,55,Brentford,6,5,1,3,1,8,6,2
39,Premier League,2023,5,12,34,Newcastle,6,5,2,0,3,8,7,1
39,Premier League,2023,5,13,33,Manchester United,6,5,2,0,3,6,10,-4
39,Premier League,2023,5,14,49,Chelsea,5,5,1,2,2,5,5,0
39,Premier League,2023,5,15,44,Burnley,4,5,1,1,3,6,13,-7
39,Premier League,2023,5,16,35,Bournemouth,3,5,0,3,2,4,8,-4
39,Premier League,2023,5,17,39,Wolves,3,5,1,0,4,5,11,-6
39,Premier League,2023,5,18,62,Sheffield Utd,1,5,0,1,4,5,9,-4
39,Premier League,2023,5,19,45,Everton,1,5,0,1,4,2,9,-7
39,Premier League,2023,5,20,1359,Luton,0,5,0,0,5,3,12,-9
39,Premier League,2023,6,1,50,Manchester City,18,6,6,0,0,16,3,13
39,Premier League,2023,6,2,40,Liverpool,16,6,5,1,0,15,5,10
39,Premier League,2023,6,3,51,Brighton,15,6,5,0,1,18,8,10
39,Premier League,2023,6,4,47,Tottenham,14,6,4,2,0,15,7,8
39,Premier League,2023,6,5,42,Arsenal,14,6,4,2,0,11,6,5
39,Premier League,2023,6,6,66,Aston Villa,12,6,4,0,2,12,10,2
39,Premier League,2023,6,7,48,West Ham,10,6,3,1,2,11,10,1
39,Premier League,2023,6,8,34,Newcastle,9,6,3,0,3,16,7,9
39,Premier League,2023,6,9,33,Manchester United,9,6,3,0,3,7,10,-3
39,Premier League,2023,6,10,52,Crystal Palace,8,6,2,2,2,6,7,-1
39,Premier League,2023,6,11,36,Fulham,8,6,2,2,2,5,10,-5
39,Premier League,2023,6,12,65,Nottingham Forest,7,6,2,1,3,7,9,-2
39,Premier League,2023,6,13,55,Brentford,6,6,1,3,2,9,9,0
39,Premier League,2023,6,14,49,Chelsea,5,6,1,2,3,5,6,-1
39,Premier League,2023,6,15,45,Everton,4,6,1,1,4,5,10,-5
39,Premier League,2023,6,16,39,Wolves,4,6,1,1,4,6,12,-6
39,Premier League,2023,6,17,44,Burnley,4,6,1,1,4,6,14,-8
39,Premier League,2023,6,18,35,Bournemouth,3,6,0,3,3,5,11,-6
39,Premier League,2023,6,19,1359,Luton,1,6,0,1,5,4,13,-9
39,Premier League,2023,6,20,62,Sheffield Utd,1,6,0,1,5,5,17,-12
39,Premier League,2023,7,1,50,Manchester City,18,7,6,0,1,17,5,12
39,Premier League,2023,7,2,47,Tottenham,17,7,5,2,0,17,8,9
39,Premier League,2023,7,3,42,Arsenal,17,7,5,2,0,15,6,9
39,Premier League,2023,7,4,40,Liverpool,16,7,5,1,1,16,7,9
39,Premier League,2023,7,5,66,Aston Villa,15,7,5,0,2,18,11,7
39,Premier League,2023,7,6,51,Brighton,15,7,5,0,2,19,14,5
39,Premier League,2023,7,7,48,West Ham,13,7,4,1,2,13,10,3
39,Premier League,2023,7,8,34,Newcastle,12,7,4,0,3,18,7,11
39,Premier League,2023,7,9,52,Crystal Palace,11,7,3,2,2,7,7,0
39,Premier League,2023,7,10,33,Manchester United,9,7,3,0,4,7,11,-4
39,Premier League,2023,7,11,49,Chelsea,8,7,2,2,3,7,6,1
39,Premier League,2023,7,12,65,Nottingham Forest,8,7,2,2,3,8,10,-2
39,Premier League,2023,7,13,36,Fulham,8,7,2,2,3,5,12,-7
39,Premier League,2023,7,14,55,Brentford,7,7,1,4,2,10,10,0
39,Premier League,2023,7,15,39,Wolves,7,7,2,1,4,8,13,-5
39,Premier League,2023,7,16,45,Everton,4,7,1,1,5,6,12,-6
39,Premier League,2023,7,17,1359,Luton,4,7,1,1,5,6,14,-8
39,Premier League,2023,7,18,44,Burnley,4,7,1,1,5,6,16,-10
39,Premier League,2023,7,19,35,Bournemouth,3,7,0,3,4,5,15,-10
39,Premier League,2023,7,20,62,Sheffield Utd,1,7,0,1,6,5,19,-14
39,Premier League,2023,8,1,47,Tottenham,20,8,6,2,0,18,8,10
39,Premier League,2023,8,2,42,Arsenal,20,8,6,2,0,16,6,10
39,Premier League,2023,8,3,50,Manchester City,18,8,6,0,2,17,6,11
39,Premier League,2023,8,4,40,Liverpool,17,8,5,2,1,18,9,9
39,Premier League,2023,8,5,66,Aston Villa,16,8,5,1,2,19,12,7
39,Premier League,2023,8,6,51,Brighton,16,8,5,1,2,21,16,5
39,Premier League,2023,8,7,48,West Ham,14,8,4,2,2,15,12,3
39,Premier League,2023,8,8,34,Newcastle,13,8,4,1,3,20,9,11
39,Premier League,2023,8,9,52,Crystal Palace,12,8,3,3,2,7,7,0
39,Premier League,2023,8,10,33,Manchester United,12,8,4,0,4,9,12,-3
39,Premier League,2023,8,11,49,Chelsea,11,8,3,2,3,11,7,4
39,Premier League,2023,8,12,36,Fulham,11,8,3,2,3,8,13,-5
39,Premier League,2023,8,13,65,Nottingham Forest,9,8,2,3,3,8,10,-2
39,Premier League,2023,8,14,39,Wolves,8,8,2,2,4,9,14,-5
39,Premier League,2023,8,15,55,Brentford,7,8,1,4,3,11,12,-1
39,Premier League,2023,8,16,45,Everton,7,8,2,1,5,9,12,-3
39,Premier League,2023,8,17,1359,Luton,4,8,1,1,6,6,15,-9
39,Premier League,2023,8,18,44,Burnley,4,8,1,1,6,7,20,-13
39,Premier League,2023,8,19,35,Bournemouth,3,8,0,3,5,5,18,-13
39,Premier League,2023,8,20,62,Sheffield Utd,1,8,0,1,7,6,22,-16
39,Premier League,2023,9,1,47,Tottenham,23,9,7,2,0,20,8,12
39,Premier League,2023,9,2,50,Manchester City,21,9,7,0,2,19,7,12
39,Premier League,2023,9,3,42,Arsenal,21,9,6,3,0,18,8,10
39,Premier League,2023,9,4,40,Liverpool,20,9,6,2,1,20,9,11
39,Premier League,2023,9,5,66,Aston Villa,19,9,6,1,2,23,13,10
39,Premier League,2023,9,6,34,Newcastle,16,9,5,1,3,24,9,15
39,Premier League,2023,9,7,51,Brighton,16,9,5,1,3,22,18,4
39,Premier League,2023,9,8,33,Manchester United,15,9,5,0,4,11,13,-2
39,Premier League,2023,9,9,48,West Ham,14,9,4,2,3,16,16,0
39,Premier League,2023,9,10,49,Chelsea,12,9,3,3,3,13,9,4
39,Premier League,2023,9,11,52,Crystal Palace,12,9,3,3,3,7,11,-4
39,Premier League,2023,9,12,39,Wolves,11,9,3,2,4,11,15,-4
39,Premier League,2023,9,13,36,Fulham,11,9,3,2,4,8,15,-7
39,Premier League,2023,9,14,55,Brentford,10,9,2,4,3,14,12,2
39,Premier League,2023,9,15,65,Nottingham Forest,10,9,2,4,3,10,12,-2
39,Premier League,2023,9,16,45,Everton,7,9,2,1,6,9,14,-5
39,Premier League,2023,9,17,1359,Luton,5,9,1,2,6,8,17,-9
39,Premier League,2023,9,18,44,Burnley,4,9,1,1,7,7,23,-16
39,Premier League,2023,9,19,35,Bournemouth,3,9,0,3,6,6,20,-14
39,Premier League,2023,9,20,62,Sheffield Utd,1,9,0,1,8,7,24,-17
39,Premier League,2023,10,1,47,Tottenham,26,10,8,2,0,22,9,13
39,Premier League,2023,10,2,42,Arsenal,24,10,7,3,0,23,8,15
39,Premier League,2023,10,3,50,Manchester City,24,10,8,0,2,22,7,15
39,Premier League,2023,10,4,40,Liverpool,23,10,7,2,1,23,9,14
39,Premier League,2023,10,5,66,Aston Villa,22,10,7,1,2,26,14,12
39,Premier League,2023,10,6,34,Newcastle,17,10,5,2,3,26,11,15
39,Premier League,2023,10,7,51,Brighton,17,10,5,2,3,23,19,4
39,Premier League,2023,10,8,33,Manchester United,15,10,5,0,5,11,16,-5
39,Premier League,2023,10,9,48,West Ham,14,10,4,2,4,16,17,-1
39,Premier League,2023,10,10,55,Brentford,13,10,3,4,3,16,12,4
39,Premier League,2023,10,11,49,Chelsea,12,10,3,3,4,13,11,2
39,Premier League,2023,10,12,39,Wolves,12,10,3,3,4,13,17,-4
39,Premier League,2023,10,13,52,Crystal Palace,12,10,3,3,4,8,13,-5
39,Premier League,2023,10,14,36,Fulham,12,10,3,3,4,9,16,-7
39,Premier League,2023,10,15,45,Everton,10,10,3,1,6,10,14,-4
39,Premier League,2023,10,16,65,Nottingham Forest,10,10,2,4,4,10,15,-5
39,Premier League,2023,10,17,35,Bournemouth,6,10,1,3,6,8,21,-13
39,Premier League,2023,10,18,1359,Luton,5,10,1,2,7,9,20,-11
39,Premier League,2023,10,19,44,Burnley,4,10,1,1,8,8,25,-17
39,Premier League,2023,10,20,62,Sheffield Utd,1,10,0,1,9,7,29,-22
39,Premier League,2023,11,1,50,Manchester City,27,11,9,0,2,28,8,20
39,Premier League,2023,11,2,47,Tottenham,26,11,8,2,1,23,13,10
39,Premier League,2023,11,3,40,Liverpool,24,11,7,3,1,24,10,14
39,Premier League,2023,11,4,42,Arsenal,24,11,7,3,1,23,9,14
39,Premier League,2023,11,5,66,Aston Villa,22,11,7,1,3,26,16,10
39,Premier League,2023,11,6,34,Newcastle,20,11,6,2,3,27,11,16
39,Premier League,2023,11,7,51,Brighton,18,11,5,3,3,24,20,4
39,Premier League,2023,11,8,33,Manchester United,18,11,6,0,5,12,16,-4
39,Premier League,2023,11,9,55,Brentford,16,11,4,4,3,19,14,5
39,Premier League,2023,11,10,49,Chelsea,15,11,4,3,4,17,12,5
39,Premier League,2023,11,11,52,Crystal Palace,15,11,4,3,4,10,13,-3
39,Premier League,2023,11,12,48,West Ham,14,11,4,2,5,18,20,-2
39,Premier League,2023,11,13,65,Nottingham Forest,13,11,3,4,4,12,15,-3
39,Premier League,2023,11,14,39,Wolves,12,11,3,3,5,14,19,-5
39,Premier League,2023,11,15,36,Fulham,12,11,3,3,5,9,17,-8
39,Premier League,2023,11,16,45,Everton,11,11,3,2,6,11,15,-4
39,Premier League,2023,11,17,1359,Luton,6,11,1,3,7,10,21,-11
39,Premier League,2023,11,18,35,Bournemouth,6,11,1,3,7,9,27,-18
39,Premier League,2023,11,19,44,Burnley,4,11,1,1,9,8,27,-19
39,Premier League,2023,11,20,62,Sheffield Utd,4,11,1,1,9,9,30,-21
39,Premier League,2023,12,1,50,Manchester City,28,12,9,1,2,32,12,20
39,Premier League,2023,12,2,40,Liverpool,27,12,8,3,1,27,10,17
39,Premier League,2023,12,3,42,Arsenal,27,12,8,3,1,26,10,16
39,Premier League,2023,12,4,47,Tottenham,26,12,8,2,2,24,15,9
39,Premier League,2023,12,5,66,Aston Villa,25,12,8,1,3,29,17,12
39,Premier League,2023,12,6,33,Manchester United,21,12,7,0,5,13,16,-3
39,Premier League,2023,12,7,34,Newcastle,20,12,6,2,4,27,13,14
39,Premier League,2023,12,8,51,Brighton,19,12,5,4,3,25,21,4
39,Premier League,2023,12,9,48,West Ham,17,12,5,2,5,21,22,-1
39,Premier League,2023,12,10,49,Chelsea,16,12,4,4,4,21,16,5
39,Premier League,2023,12,11,55,Brentford,16,12,4,4,4,19,17,2
39,Premier League,2023,12,12,39,Wolves,15,12,4,3,5,16,20,-4
39,Premier League,2023,12,13,52,Crystal Palace,15,12,4,3,5,12,16,-4
39,Premier League,2023,12,14,45,Everton,14,12,4,2,6,14,17,-3
39,Premier League,2023,12,15,65,Nottingham Forest,13,12,3,4,5,14,18,-4
39,Premier League,2023,12,16,36,Fulham,12,12,3,3,6,10,20,-10
39,Premier League,2023,12,17,35,Bournemouth,9,12,2,3,7,11,27,-16
39,Premier League,2023,12,18,1359,Luton,6,12,1,3,8,10,22,-12
39,Premier League,2023,12,19,62,Sheffield Utd,5,12,1,2,9,10,31,-21
39,Premier League,2023,12,20,44,Burnley,4,12,1,1,10,9,30,-21
39,Premier League,2023,13,1,42,Arsenal,30,13,9,3,1,27,10,17
39,Premier League,2023,13,2,50,Manchester City,29,13,9,2,2,33,13,20
39,Premier League,2023,13,3,40,Liverpool,28,13,8,4,1,28,11,17
39,Premier League,2023,13,4,66,Aston Villa,28,13,9,1,3,31,18,13
39,Premier League,2023,13,5,47,Tottenham,26,13,8,2,3,25,17,8
39,Premier League,2023,13,6,33,Manchester United,24,13,8,0,5,16,16,0
39,Premier League,2023,13,7,34,Newcastle,23,13,7,2,4,31,14,17
39,Premier League,2023,13,8,51,Brighton,22,13,6,4,3,28,23,5
39,Premier League,2023,13,9,48,West Ham,20,13,6,2,5,23,23,0
39,Premier League,2023,13,10,49,Chelsea,16,13,4,4,5,22,20,2
39,Premier League,2023,13,11,55,Brentford,16,13,4,4,5,19,18,1
39,Premier League,2023,13,12,39,Wolves,15,13,4,3,6,18,23,-5
39,Premier League,2023,13,13,52,Crystal Palace,15,13,4,3,6,13,18,-5
39,Premier League,2023,13,14,36,Fulham,15,13,4,3,6,13,22,-9
39,Premier League,2023,13,15,45,Everton,14,13,4,2,7,14,20,-6
39,Premier League,2023,13,16,65,Nottingham Forest,13,13,3,4,6,16,21,-5
39,Premier League,2023,13,17,35,Bournemouth,12,13,3,3,7,14,28,-14
39,Premier League,2023,13,18,1359,Luton,9,13,2,3,8,12,23,-11
39,Premier League,2023,13,19,62,Sheffield Utd,5,13,1,2,10,11,34,-23
39,Premier League,2023,13,20,44,Burnley,4,13,1,1,11,10,32,-22
39,Premier League,2023,14,1,42,Arsenal,33,14,10,3,1,29,11,18
39,Premier League,2023,14,2,40,Liverpool,31,14,9,4,1,32,14,18
39,Premier League,2023,14,3,50,Manchester City,30,14,9,3,2,36,16,20
39,Premier League,2023,14,4,66,Aston Villa,29,14,9,2,3,33,20,13
39,Premier League,2023,14,5,47,Tottenham,27,14,8,3,3,28,20,8
39,Premier League,2023,14,6,34,Newcastle,26,14,8,2,4,32,14,18
39,Premier League,2023,14,7,33,Manchester United,24,14,8,0,6,16,17,-1
39,Premier League,2023,14,8,51,Brighton,22,14,6,4,4,30,26,4
39,Premier League,2023,14,9,48,West Ham,21,14,6,3,5,24,24,0
39,Premier League,2023,14,10,49,Chelsea,19,14,5,4,5,25,22,3
39,Premier League,2023,14,11,55,Brentford,19,14,5,4,5,22,19,3
39,Premier League,2023,14,12,45,Everton,17,14,5,2,7,15,20,-5
39,Premier League,2023,14,13,52,Crystal Palace,16,14,4,4,6,14,19,-5
39,Premier League,2023,14,14,39,Wolves,15,14,4,3,7,19,25,-6
39,Premier League,2023,14,15,36,Fulham,15,14,4,3,7,16,26,-10
39,Premier League,2023,14,16,65,Nottingham Forest,13,14,3,4,7,16,22,-6
39,Premier League,2023,14,17,35,Bournemouth,13,14,3,4,7,16,30,-14
39,Premier League,2023,14,18,1359,Luton,9,14,2,3,9,13,26,-13
39,Premier League,2023,14,19,44,Burnley,7,14,2,1,11,15,32,-17
39,Premier League,2023,14,20,62,Sheffield Utd,5,14,1,2,11,11,39,-28
39,Premier League,2023,15,1,42,Arsenal,36,15,11,3,1,33,14,19
39,Premier League,2023,15,2,40,Liverpool,34,15,10,4,1,34,14,20
39,Premier League,2023,15,3,66,Aston Villa,32,15,10,2,3,34,20,14
39,Premier League,2023,15,4,50,Manchester City,30,15,9,3,3,36,17,19
39,Premier League,2023,15,5,47,Tottenham,27,15,8,3,4,29,22,7
39,Premier League,2023,15,6,33,Manchester United,27,15,9,0,6,18,18,0
39,Premier League,2023,15,7,34,Newcastle,26,15,8,2,5,32,17,15
39,Premier League,2023,15,8,51,Brighton,25,15,7,4,4,32,27,5
39,Premier League,2023,15,9,48,West Ham,24,15,7,3,5,26,25,1
39,Premier League,2023,15,10,45,Everton,20,15,6,2,7,18,20,-2
39,Premier League,2023,15,11,49,Chelsea,19,15,5,4,6,26,24,2
39,Premier League,2023,15,12,55,Brentford,19,15,5,4,6,23,21,2
39,Premier League,2023,15,13,36,Fulham,18,15,5,3,7,21,26,-5
39,Premier League,2023,15,14,39,Wolves,18,15,5,3,7,20,25,-5
39,Premier League,2023,15,15,52,Crystal Palace,16,15,4,4,7,14,21,-7
39,Premier League,2023,15,16,35,Bournemouth,16,15,4,4,7,18,30,-12
39,Premier League,2023,15,17,65,Nottingham Forest,13,15,3,4,8,16,27,-11
39,Premier League,2023,15,18,1359,Luton,9,15,2,3,10,16,30,-14
39,Premier League,2023,15,19,44,Burnley,7,15,2,1,12,15,33,-18
39,Premier League,2023,15,20,62,Sheffield Utd,5,15,1,2,12,11,41,-30
39,Premier League,2023,16,1,40,Liverpool,37,16,11,4,1,36,15,21
39,Premier League,2023,16,2,42,Arsenal,36,16,11,3,2,33,15,18
39,Premier League,2023,16,3,66,Aston Villa,35,16,11,2,3,35,20,15
39,Premier League,2023,16,4,50,Manchester City,33,16,10,3,3,38,18,20
39,Premier League,2023,16,5,47,Tottenham,30,16,9,3,4,33,23,10
39,Premier League,2023,16,6,33,Manchester United,27,16,9,0,7,18,21,-3
39,Premier League,2023,16,7,34,Newcastle,26,16,8,2,6,33,21,12
39,Premier League,2023,16,8,51,Brighton,26,16,7,5,4,33,28,5
39,Premier League,2023,16,9,48,West Ham,24,16,7,3,6,26,30,-4
39,Premier League,2023,16,10,45,Everton,23,16,7,2,7,20,20,0
39,Premier League,2023,16,11,36,Fulham,21,16,6,3,7,26,26,0
39,Premier League,2023,16,12,55,Brentford,19,16,5,4,7,23,22,1
39,Premier League,2023,16,13,49,Chelsea,19,16,5,4,7,26,26,0
39,Premier League,2023,16,14,39,Wolves,19,16,5,4,7,21,26,-5
39,Premier League,2023,16,15,35,Bournemouth,19,16,5,4,7,21,30,-9
39,Premier League,2023,16,16,52,Crystal Palace,16,16,4,4,8,15,23,-8
39,Premier League,2023,16,17,65,Nottingham Forest,14,16,3,5,8,17,28,-11
39,Premier League,2023,16,18,1359,Luton,9,16,2,3,11,17,32,-15
39,Premier League,2023,16,19,44,Burnley,8,16,2,2,12,16,34,-18
39,Premier League,2023,16,20,62,Sheffield Utd,8,16,2,2,12,12,41,-29
39,Premier League,2023,17,1,42,Arsenal,39,17,12,3,2,35,15,20
39,Premier League,2023,17,2,40,Liverpool,38,17,11,5,1,36,15,21
39,Premier League,2023,17,3,66,Aston Villa,38,17,12,2,3,37,21,16
39,Premier League,2023,17,4,50,Manchester City,34,17,10,4,3,40,20,20
39,Premier League,2023,17,5,47,Tottenham,33,17,10,3,4,35,23,12
39,Premier League,2023,17,6,34,Newcastle,29,17,9,2,6,36,21,15
39,Premier League,2023,17,7,33,Manchester United,28,17,9,1,7,18,21,-3
39,Premier League,2023,17,8,48,West Ham,27,17,8,3,6,29,30,-1
39,Premier League,2023,17,9,51,Brighton,26,17,7,5,5,33,30,3
39,Premier League,2023,17,10,45,Everton,26,17,8,2,7,22,20,2
39,Premier League,2023,17,11,49,Chelsea,22,17,6,4,7,28,26,2
39,Premier League,2023,17,12,35,Bournemouth,22,17,6,4,7,25,33,-8
39,Premier League,2023,17,13,36,Fulham,21,17,6,3,8,26,29,-3
39,Premier League,2023,17,14,55,Brentford,19,17,5,4,8,24,24,0
39,Premier League,2023,17,15,39,Wolves,19,17,5,4,8,21,29,-8
39,Premier League,2023,17,16,52,Crystal Palace,17,17,4,5,8,17,25,-8
39,Premier League,2023,17,17,65,Nottingham Forest,14,17,3,5,9,17,30,-13
39,Premier League,2023,17,18,1359,Luton,9,17,2,3,12,20,36,-16
39,Premier League,2023,17,19,44,Burnley,8,17,2,2,13,16,36,-20
39,Premier League,2023,17,20,62,Sheffield Utd,8,17,2,2,13,12,43,-31
39,Premier League,2023,18,1,42,Arsenal,40,18,12,4,2,36,16,20
39,Premier League,2023,18,2,40,Liverpool,39,18,11,6,1,37,16,21
39,Premier League,2023,18,3,66,Aston Villa,39,18,12,3,3,38,22,16
39,Premier League,2023,18,4,50,Manchester City,37,18,11,4,3,41,20,21
39,Premier League,2023,18,5,47,Tottenham,36,18,11,3,4,37,24,13
39,Premier League,2023,18,6,48,West Ham,30,18,9,3,6,31,30,1
39,Premier League,2023,18,7,34,Newcastle,29,18,9,2,7,36,22,14
39,Premier League,2023,18,8,33,Manchester United,28,18,9,1,8,18,23,-5
39,Premier League,2023,18,9,51,Brighton,27,18,7,6,5,34,31,3
39,Premier League,2023,18,10,45,Everton,26,18,8,2,8,23,22,1
39,Premier League,2023,18,11,35,Bournemouth,25,18,7,4,7,28,35,-7
39,Premier League,2023,18,12,49,Chelsea,22,18,6,4,8,29,28,1
39,Premier League,2023,18,13,39,Wolves,22,18,6,4,8,23,30,-7
39,Premier League,2023,18,14,36,Fulham,21,18,6,3,9,26,31,-5
39,Premier League,2023,18,15,55,Brentford,19,18,5,4,9,24,25,-1
39,Premier League,2023,18,16,52,Crystal Palace,18,18,4,6,8,18,26,-8
39,Premier League,2023,18,17,65,Nottingham Forest,14,18,3,5,10,19,33,-14
39,Premier League,2023,18,18,1359,Luton,12,18,3,3,12,21,36,-15
39,Premier League,2023,18,19,44,Burnley,11,18,3,2,13,18,36,-18
39,Premier League,2023,18,20,62,Sheffield Utd,9,18,2,3,13,13,44,-31
39,Premier League,2023,19,1,40,Liverpool,42,19,12,6,1,39,16,23
39,Premier League,2023,19,2,50,Manchester City,40,19,12,4,3,44,21,23
39,Premier League,2023,19,3,42,Arsenal,40,19,12,4,3,36,18,18
39,Premier League,2023,19,4,66,Aston Villa,39,19,12,3,4,40,25,15
39,Premier League,2023,19,5,47,Tottenham,36,19,11,3,5,39,28,11
39,Premier League,2023,19,6,48,West Ham,33,19,10,3,6,33,30,3
39,Premier League,2023,19,7,33,Manchester United,31,19,10,1,8,21,25,-4
39,Premier League,2023,19,8,51,Brighton,30,19,8,6,5,38,33,5
39,Premier League,2023,19,9,34,Newcastle,29,19,9,2,8,37,25,12
39,Premier League,2023,19,10,35,Bournemouth,28,19,8,4,7,31,35,-4
39,Premier League,2023,19,11,45,Everton,26,19,8,2,9,24,25,-1
39,Premier League,2023,19,12,49,Chelsea,25,19,7,4,8,31,29,2
39,Premier League,2023,19,13,39,Wolves,25,19,7,4,8,27,31,-4
39,Premier League,2023,19,14,36,Fulham,21,19,6,3,10,26,34,-8
39,Premier League,2023,19,15,55,Brentford,19,19,5,4,10,25,29,-4
39,Premier League,2023,19,16,52,Crystal Palace,18,19,4,6,9,19,28,-9
39,Premier League,2023,19,17,65,Nottingham Forest,17,19,4,5,10,22,34,-12
39,Premier League,2023,19,18,1359,Luton,15,19,4,3,12,24,38,-14
39,Premier League,2023,19,19,44,Burnley,11,19,3,2,14,18,38,-20
39,Premier League,2023,19,20,62,Sheffield Utd,9,19,2,3,14,15,47,-32
39,Premier League,2023,20,1,40,Liverpool,45,20,13,6,1,43,18,25
39,Premier League,2023,20,2,50,Manchester City,43,20,13,4,3,46,21,25
39,Premier League,2023,20,3,66,Aston Villa,42,20,13,3,4,43,27,16
39,Premier League,2023,20,4,42,Arsenal,40,20,12,4,4,37,20,17
39,Premier League,2023,20,5,47,Tottenham,39,20,12,3,5,42,29,13
39,Premier League,2023,20,6,48,West Ham,34,20,10,4,6,33,30,3
39,Premier League,2023,20,7,51,Brighton,31,20,8,7,5,38,33,5
39,Premier League,2023,20,8,33,Manchester United,31,20,10,1,9,22,27,-5
39,Premier League,2023,20,9,34,Newcastle,29,20,9,2,9,39,29,10
39,Premier League,2023,20,10,49,Chelsea,28,20,8,4,8,34,31,3
39,Premier League,2023,20,11,39,Wolves,28,20,8,4,8,30,31,-1
39,Premier League,2023,20,12,35,Bournemouth,28,20,8,4,8,32,38,-6
39,Premier League,2023,20,13,45,Everton,26,20,8,2,10,24,28,-4
39,Premier League,2023,20,14,36,Fulham,24,20,7,3,10,28,35,-7
39,Premier League,2023,20,15,52,Crystal Palace,21,20,5,6,9,22,29,-7
39,Premier League,2023,20,16,65,Nottingham Forest,20,20,5,5,10,24,35,-11
39,Premier League,2023,20,17,55,Brentford,19,20,5,4,11,26,32,-6
39,Premier League,2023,20,18,1359,Luton,15,20,4,3,13,26,41,-15
39,Premier League,2023,20,19,44,Burnley,11,20,3,2,15,20,41,-21
39,Premier League,2023,20,20,62,Sheffield Utd,9,20,2,3,15,15,49,-34
39,Premier League,2023,21,1,40,Liverpool,48,21,14,6,1,47,18,29
39,Premier League,2023,21,2,50,Manchester City,46,21,14,4,3,49,23,26
39,Premier League,2023,21,3,42,Arsenal,43,21,13,4,4,42,20,22
39,Premier League,2023,21,4,66,Aston Villa,43,21,13,4,4,43,27,16
39,Premier League,2023,21,5,47,Tottenham,40,21,12,4,5,44,31,13
39,Premier League,2023,21,6,48,West Ham,35,21,10,5,6,35,32,3
39,Premier League,2023,21,7,51,Brighton,32,21,8,8,5,38,33,5
39,Premier League,2023,21,8,33,Manchester United,32,21,10,2,9,24,29,-5
39,Premier League,2023,21,9,49,Chelsea,31,21,9,4,8,35,31,4
39,Premier League,2023,21,10,34,Newcastle,29,21,9,2,10,41,32,9
39,Premier League,2023,21,11,39,Wolves,29,21,8,5,8,30,31,-1
39,Premier League,2023,21,12,35,Bournemouth,28,21,8,4,9,32,42,-10
39,Premier League,2023,21,13,45,Everton,27,21,8,3,10,24,28,-4
39,Premier League,2023,21,14,36,Fulham,24,21,7,3,11,28,36,-8
39,Premier League,2023,21,15,55,Brentford,22,21,6,4,11,29,34,-5
39,Premier League,2023,21,16,52,Crystal Palace,21,21,5,6,10,22,34,-12
39,Premier League,2023,21,17,65,Nottingham Forest,20,21,5,5,11,26,38,-12
39,Premier League,2023,21,18,1359,Luton,16,21,4,4,13,27,42,-15
39,Premier League,2023,21,19,44,Burnley,12,21,3,3,15,21,42,-21
39,Premier League,2023,21,20,62,Sheffield Utd,10,21,2,4,15,17,51,-34
39,Premier League,2023,22,1,40,Liverpool,51,22,15,6,1,51,19,32
39,Premier League,2023,22,2,50,Manchester City,49,22,15,4,3,52,24,28
39,Premier League,2023,22,3,42,Arsenal,46,22,14,4,4,44,21,23
39,Premier League,2023,22,4,47,Tottenham,43,22,13,4,5,47,33,14
39,Premier League,2023,22,5,66,Aston Villa,43,22,13,4,5,44,30,14
39,Premier League,2023,22,6,48,West Ham,36,22,10,6,6,36,33,3
39,Premier League,2023,22,7,33,Manchester United,35,22,11,2,9,28,32,-4
39,Premier League,2023,22,8,34,Newcastle,32,22,10,2,10,44,33,11
39,Premier League,2023,22,9,51,Brighton,32,22,8,8,6,38,37,1
39,Premier League,2023,22,10,49,Chelsea,31,22,9,4,9,36,35,1
39,Premier League,2023,22,11,39,Wolves,29,22,8,5,9,33,35,-2
39,Premier League,2023,22,12,35,Bournemouth,29,22,8,5,9,33,43,-10
39,Premier League,2023,22,13,45,Everton,28,22,8,4,10,24,28,-4
39,Premier League,2023,22,14,36,Fulham,25,22,7,4,11,28,36,-8
39,Premier League,2023,22,15,52,Crystal Palace,24,22,6,6,10,25,36,-11
39,Premier League,2023,22,16,55,Brentford,22,22,6,4,12,31,37,-6
39,Premier League,2023,22,17,65,Nottingham Forest,20,22,5,5,12,27,40,-13
39,Premier League,2023,22,18,1359,Luton,19,22,5,4,13,31,42,-11
39,Premier League,2023,22,19,44,Burnley,12,22,3,3,16,22,45,-23
39,Premier League,2023,22,20,62,Sheffield Utd,10,22,2,4,16,19,54,-35
39,Premier League,2023,23,1,50,Manchester City,52,23,16,4,3,55,25,30
39,Premier League,2023,23,2,40,Liverpool,51,23,15,6,2,52,22,30
39,Premier League,2023,23,3,42,Arsenal,49,23,15,4,4,47,22,25
39,Premier League,2023,23,4,66,Aston Villa,46,23,14,4,5,49,30,19
39,Premier League,2023,23,5,47,Tottenham,44,23,13,5,5,49,35,14
39,Premier League,2023,23,6,33,Manchester United,38,23,12,2,9,31,32,-1
39,Premier League,2023,23,7,48,West Ham,36,23,10,6,7,36,36,0
39,Premier League,2023,23,8,51,Brighton,35,23,9,8,6,42,38,4
39,Premier League,2023,23,9,34,Newcastle,33,23,10,3,10,48,37,11
39,Premier League,2023,23,10,39,Wolves,32,23,9,5,9,37,37,0
39,Premier League,2023,23,11,49,Chelsea,31,23,9,4,10,38,39,-1
39,Premier League,2023,23,12,35,Bournemouth,30,23,8,6,9,34,44,-10
39,Premier League,2023,23,13,45,Everton,29,23,8,5,10,26,30,-4
39,Premier League,2023,23,14,36,Fulham,26,23,7,5,11,30,38,-8
39,Premier League,2023,23,15,52,Crystal Palace,24,23,6,6,11,26,40,-14
39,Premier League,2023,23,16,55,Brentford,22,23,6,4,13,32,40,-8
39,Premier League,2023,23,17,65,Nottingham Forest,21,23,5,6,12,28,41,-13
39,Premier League,2023,23,18,1359,Luton,20,23,5,5,13,35,46,-11
39,Premier League,2023,23,19,44,Burnley,13,23,3,4,16,24,47,-23
39,Premier League,2023,23,20,62,Sheffield Utd,10,23,2,4,17,19,59,-40
39,Premier League,2023,24,1,50,Manchester City,55,24,17,4,3,57,25,32
39,Premier League,2023,24,2,40,Liverpool,54,24,16,6,2,55,23,32
39,Premier League,2023,24,3,42,Arsenal,52,24,16,4,4,53,22,31
39,Premier League,2023,24,4,47,Tottenham,47,24,14,5,5,51,36,15
39,Premier League,2023,24,5,66,Aston Villa,46,24,14,4,6,50,32,18
39,Premier League,2023,24,6,33,Manchester United,41,24,13,2,9,33,33,0
39,Premier League,2023,24,7,34,Newcastle,36,24,11,3,10,51,39,12
39,Premier League,2023,24,8,48,West Ham,36,24,10,6,8,36,42,-6
39,Premier League,2023,24,9,51,Brighton,35,24,9,8,7,43,40,3
39,Premier League,2023,24,10,49,Chelsea,34,24,10,4,10,41,40,1
39,Premier League,2023,24,11,39,Wolves,32,24,9,5,10,37,39,-2
39,Premier League,2023,24,12,35,Bournemouth,30,24,8,6,10,35,47,-12
39,Premier League,2023,24,13,36,Fulham,29,24,8,5,11,33,39,-6
39,Premier League,2023,24,14,45,Everton,29,24,8,5,11,26,32,-6
39,Premier League,2023,24,15,55,Brentford,25,24,7,4,13,34,40,-6
39,Premier League,2023,24,16,52,Crystal Palace,24,24,6,6,12,27,43,-16
39,Premier League,2023,24,17,65,Nottingham Forest,21,24,5,6,13,30,44,-14
39,Premier League,2023,24,18,1359,Luton,20,24,5,5,14,36,49,-13
39,Premier League,2023,24,19,44,Burnley,13,24,3,4,17,25,50,-25
39,Premier League,2023,24,20,62,Sheffield Utd,13,24,3,4,17,22,60,-38
39,Premier League,2023,25,1,40,Liverpool,57,25,17,6,2,59,24,35
39,Premier League,2023,25,2,50,Manchester City,56,25,17,5,3,58,26,32
39,Premier League,2023,25,3,42,Arsenal,55,25,17,4,4,58,22,36
39,Premier League,2023,25,4,66,Aston Villa,49,25,15,4,6,52,33,19
39,Premier League,2023,25,5,47,Tottenham,47,25,14,5,6,52,38,14
39,Premier League,2023,25,6,33,Manchester United,44,25,14,2,9,35,34,1
39,Premier League,2023,25,7,51,Brighton,38,25,10,8,7,48,40,8
39,Premier League,2023,25,8,34,Newcastle,37,25,11,4,10,53,41,12
39,Premier League,2023,25,9,48,West Ham,36,25,10,6,9,36,44,-8
39,Premier League,2023,25,10,49,Chelsea,35,25,10,5,10,42,41,1
39,Premier League,2023,25,11,39,Wolves,35,25,10,5,10,39,40,-1
39,Premier League,2023,25,12,35,Bournemouth,31,25,8,7,10,37,49,-12
39,Premier League,2023,25,13,45,Everton,30,25,8,6,11,27,33,-6
39,Premier League,2023,25,14,36,Fulham,29,25,8,5,12,34,41,-7
39,Premier League,2023,25,15,55,Brentford,25,25,7,4,14,35,44,-9
39,Premier League,2023,25,16,52,Crystal Palace,25,25,6,7,12,28,44,-16
39,Premier League,2023,25,17,65,Nottingham Forest,24,25,6,6,13,32,44,-12
39,Premier League,2023,25,18,1359,Luton,20,25,5,5,15,37,51,-14
39,Premier League,2023,25,19,44,Burnley,13,25,3,4,18,25,55,-30
39,Premier League,2023,25,20,62,Sheffield Utd,13,25,3,4,18,22,65,-43
39,Premier League,2023,26,1,40,Liverpool,60,26,18,6,2,63,25,38
39,Premier League,2023,26,2,50,Manchester City,59,26,18,5,3,59,26,33
39,Premier League,2023,26,3,42,Arsenal,58,26,18,4,4,62,23,39
39,Premier League,2023,26,4,66,Aston Villa,52,26,16,4,6,56,35,21
39,Premier League,2023,26,5,47,Tottenham,47,26,14,5,7,52,40,12
39,Premier League,2023,26,6,33,Manchester United,44,26,14,2,10,36,36,0
39,Premier League,2023,26,7,51,Brighton,39,26,10,9,7,49,41,8
39,Premier League,2023,26,8,48,West Ham,39,26,11,6,9,40,46,-6
39,Premier League,2023,26,9,49,Chelsea,38,26,11,5,10,44,41,3
39,Premier League,2023,26,10,39,Wolves,38,26,11,5,10,40,40,0
39,Premier League,2023,26,11,34,Newcastle,37,26,11,4,11,54,45,9
39,Premier League,2023,26,12,36,Fulham,32,26,9,5,12,36,42,-6
39,Premier League,2023,26,13,45,Everton,31,26,8,7,11,28,34,-6
39,Premier League,2023,26,14,35,Bournemouth,31,26,8,7,11,37,50,-13
39,Premier League,2023,26,15,52,Crystal Palace,28,26,7,7,12,31,44,-13
39,Premier League,2023,26,16,55,Brentford,25,26,7,4,15,37,48,-11
39,Premier League,2023,26,17,65,Nottingham Forest,24,26,6,6,14,34,48,-14
39,Premier League,2023,26,18,1359,Luton,20,26,5,5,16,38,55,-17
39,Premier League,2023,26,19,44,Burnley,13,26,3,4,19,25,58,-33
39,Premier League,2023,26,20,62,Sheffield Utd,13,26,3,4,19,22,66,-44
39,Premier League,2023,27,1,40,Liverpool,63,27,19,6,2,64,25,39
39,Premier League,2023,27,2,50,Manchester City,62,27,19,5,3,62,27,35
39,Premier League,2023,27,3,42,Arsenal,61,27,19,4,4,68,23,45
39,Premier League,2023,27,4,66,Aston Villa,55,27,17,4,6,59,37,22
39,Premier League,2023,27,5,47,Tottenham,50,27,15,5,7,55,41,14
39,Premier League,2023,27,6,33,Manchester United,44,27,14,2,11,37,39,-2
39,Premier League,2023,27,7,48,West Ham,42,27,12,6,9,43,47,-4
39,Premier League,2023,27,8,34,Newcastle,40,27,12,4,11,57,45,12
39,Premier League,2023,27,9,51,Brighton,39,27,10,9,8,49,44,5
39,Premier League,2023,27,10,49,Chelsea,39,27,11,6,10,46,43,3
39,Premier League,2023,27,11,39,Wolves,38,27,11,5,11,40,43,-3
39,Premier League,2023,27,12,36,Fulham,35,27,10,5,12,39,42,-3
39,Premier League,2023,27,13,35,Bournemouth,34,27,9,7,11,39,50,-11
39,Premier League,2023,27,14,45,Everton,31,27,8,7,12,29,37,-8
39,Premier League,2023,27,15,52,Crystal Palace,28,27,7,7,13,32,47,-15
39,Premier League,2023,27,16,55,Brentford,26,27,7,5,15,39,50,-11
39,Premier League,2023,27,17,65,Nottingham Forest,24,27,6,6,15,34,49,-15
39,Premier League,2023,27,18,1359,Luton,20,27,5,5,17,40,58,-18
39,Premier League,2023,27,19,44,Burnley,13,27,3,4,20,25,60,-35
39,Premier League,2023,27,20,62,Sheffield Utd,13,27,3,4,20,22,72,-50
39,Premier League,2023,28,1,42,Arsenal,64,28,20,4,4,70,24,46
39,Premier League,2023,28,2,40,Liverpool,64,28,19,7,2,65,26,39
39,Premier League,2023,28,3,50,Manchester City,63,28,19,6,3,63,28,35
39,Premier League,2023,28,4,66,Aston Villa,55,28,17,4,7,59,41,18
39,Premier League,2023,28,5,47,Tottenham,53,28,16,5,7,59,41,18
39,Premier League,2023,28,6,33,Manchester United,47,28,15,2,11,39,39,0
39,Premier League,2023,28,7,48,West Ham,43,28,12,7,9,45,49,-4
39,Premier League,2023,28,8,51,Brighton,42,28,11,9,8,50,44,6
39,Premier League,2023,28,9,49,Chelsea,42,28,12,6,10,49,45,4
39,Premier League,2023,28,10,39,Wolves,41,28,12,5,11,42,44,-2
39,Premier League,2023,28,11,34,Newcastle,40,28,12,4,12,59,48,11
39,Premier League,2023,28,12,36,Fulham,35,28,10,5,13,40,44,-4
39,Premier League,2023,28,13,35,Bournemouth,35,28,9,8,11,41,52,-11
39,Premier League,2023,28,14,45,Everton,31,28,8,7,13,29,39,-10
39,Premier League,2023,28,15,52,Crystal Palace,29,28,7,8,13,33,48,-15
39,Premier League,2023,28,16,55,Brentford,26,28,7,5,16,40,52,-12
39,Premier League,2023,28,17,65,Nottingham Forest,24,28,6,6,16,34,50,-16
39,Premier League,2023,28,18,1359,Luton,21,28,5,6,17,41,59,-18
39,Premier League,2023,28,19,44,Burnley,14,28,3,5,20,27,62,-35
39,Premier League,2023,28,20,62,Sheffield Utd,14,28,3,5,20,24,74,-50
39,Premier League,2023,29,1,42,Arsenal,67,29,21,4,4,75,24,51
39,Premier League,2023,29,2,50,Manchester City,66,29,20,6,3,67,28,39
39,Premier League,2023,29,3,40,Liverpool,64,29,19,7,3,65,28,37
39,Premier League,2023,29,4,66,Aston Villa,56,29,17,5,7,60,42,18
39,Premier League,2023,29,5,47,Tottenham,53,29,16,5,8,59,44,15
39,Premier League,2023,29,6,33,Manchester United,50,29,16,2,11,43,41,2
39,Premier League,2023,29,7,48,West Ham,44,29,12,8,9,46,50,-4
39,Premier League,2023,29,8,51,Brighton,42,29,11,9,9,50,48,2
39,Premier League,2023,29,9,49,Chelsea,42,29,12,6,11,49,50,-1
39,Premier League,2023,29,10,39,Wolves,41,29,12,5,12,42,45,-3
39,Premier League,2023,29,11,34,Newcastle,40,29,12,4,13,59,50,9
39,Premier League,2023,29,12,36,Fulham,38,29,11,5,13,43,44,-1
39,Premier League,2023,29,13,35,Bournemouth,38,29,10,8,11,42,52,-10
39,Premier League,2023,29,14,45,Everton,34,29,9,7,13,31,39,-8
39,Premier League,2023,29,15,52,Crystal Palace,32,29,8,8,13,35,48,-13
39,Premier League,2023,29,16,55,Brentford,26,29,7,5,17,41,54,-13
39,Premier League,2023,29,17,65,Nottingham Forest,25,29,6,7,16,35,51,-16
39,Premier League,2023,29,18,1359,Luton,22,29,5,7,17,42,60,-18
39,Premier League,2023,29,19,44,Burnley,17,29,4,5,20,29,63,-34
39,Premier League,2023,29,20,62,Sheffield Utd,14,29,3,5,21,26,78,-52
39,Premier League,2023,30,1,42,Arsenal,68,30,21,5,4,75,24,51
39,Premier League,2023,30,2,50,Manchester City,67,30,20,7,3,67,28,39
39,Premier League,2023,30,3,40,Liverpool,67,30,20,7,3,67,29,38
39,Premier League,2023,30,4,66,Aston Villa,59,30,18,5,7,62,42,20
39,Premier League,2023,30,5,47,Tottenham,56,30,17,5,8,61,45,16
39,Premier League,2023,30,6,33,Manchester United,51,30,16,3,11,44,42,2
39,Premier League,2023,30,7,48,West Ham,44,30,12,8,10,49,54,-5
39,Premier League,2023,30,8,34,Newcastle,43,30,13,4,13,63,53,10
39,Premier League,2023,30,9,49,Chelsea,43,30,12,7,11,51,52,-1
39,Premier League,2023,30,10,51,Brighton,42,30,11,9,10,51,50,1
39,Premier League,2023,30,11,39,Wolves,41,30,12,5,13,42,47,-5
39,Premier League,2023,30,12,35,Bournemouth,41,30,11,8,11,44,53,-9
39,Premier League,2023,30,13,36,Fulham,39,30,11,6,13,46,47,-1
39,Premier League,2023,30,14,45,Everton,34,30,9,7,14,32,41,-9
39,Premier League,2023,30,15,52,Crystal Palace,33,30,8,9,13,36,49,-13
39,Premier League,2023,30,16,55,Brentford,27,30,7,6,17,42,55,-13
39,Premier League,2023,30,17,65,Nottingham Forest,26,30,6,8,16,36,52,-16
39,Premier League,2023,30,18,1359,Luton,22,30,5,7,18,43,62,-19
39,Premier League,2023,30,19,44,Burnley,18,30,4,6,20,31,65,-34
39,Premier League,2023,30,20,62,Sheffield Utd,15,30,3,6,21,29,81,-52
39,Premier League,2023,31,1,42,Arsenal,71,31,22,5,4,77,24,53
39,Premier League,2023,31,2,50,Manchester City,70,31,21,7,3,71,29,42
39,Premier League,2023,31,3,40,Liverpool,70,31,21,7,3,70,30,40
39,Premier League,2023,31,4,66,Aston Villa,59,31,18,5,8,63,46,17
39,Premier League,2023,31,5,47,Tottenham,57,31,17,6,8,62,46,16
39,Premier League,2023,31,6,33,Manchester United,51,31,16,3,12,47,46,1
39,Premier League,2023,31,7,49,Chelsea,46,31,13,7,11,55,55,0
39,Premier League,2023,31,8,48,West Ham,45,31,12,9,10,50,55,-5
39,Premier League,2023,31,9,34,Newcastle,44,31,13,5,13,64,54,10
39,Premier League,2023,31,10,35,Bournemouth,44,31,12,8,11,45,53,-8
39,Premier League,2023,31,11,51,Brighton,43,31,11,10,10,51,50,1
39,Premier League,2023,31,12,39,Wolves,42,31,12,6,13,43,48,-5
39,Premier League,2023,31,13,36,Fulham,39,31,11,6,14,47,50,-3
39,Premier League,2023,31,14,45,Everton,35,31,9,8,14,33,42,-9
39,Premier League,2023,31,15,52,Crystal Palace,33,31,8,9,14,36,50,-14
39,Premier League,2023,31,16,65,Nottingham Forest,29,31,7,8,16,39,53,-14
39,Premier League,2023,31,17,55,Brentford,28,31,7,7,17,42,55,-13
39,Premier League,2023,31,18,1359,Luton,22,31,5,7,19,43,64,-21
39,Premier League,2023,31,19,44,Burnley,19,31,4,7,20,32,66,-34
39,Premier League,2023,31,20,62,Sheffield Utd,15,31,3,6,22,30,84,-54
39,Premier League,2023,32,1,42,Arsenal,74,32,23,5,4,80,24,56
39,Premier League,2023,32,2,50,Manchester City,73,32,22,7,3,75,31,44
39,Premier League,2023,32,3,40,Liverpool,71,32,21,8,3,72,32,40
39,Premier League,2023,32,4,47,Tottenham,60,32,18,6,8,65,47,18
39,Premier League,2023,32,5,66,Aston Villa,60,32,18,6,8,66,49,17
39,Premier League,2023,32,6,33,Manchester United,52,32,16,4,12,49,48,1
39,Premier League,2023,32,7,48,West Ham,48,32,13,9,10,52,56,-4
39,Premier League,2023,32,8,34,Newcastle,47,32,14,5,13,65,54,11
39,Premier League,2023,32,9,49,Chelsea,47,32,13,8,11,57,57,0
39,Premier League,2023,32,10,35,Bournemouth,44,32,12,8,12,46,55,-9
39,Premier League,2023,32,11,51,Brighton,43,32,11,10,11,51,53,-2
39,Premier League,2023,32,12,39,Wolves,42,32,12,6,14,44,50,-6
39,Premier League,2023,32,13,36,Fulham,39,32,11,6,15,47,51,-4
39,Premier League,2023,32,14,45,Everton,38,32,10,8,14,34,42,-8
39,Premier League,2023,32,15,52,Crystal Palace,33,32,8,9,15,38,54,-16
39,Premier League,2023,32,16,55,Brentford,29,32,7,8,17,45,58,-13
39,Premier League,2023,32,17,65,Nottingham Forest,29,32,7,8,17,40,56,-16
39,Premier League,2023,32,18,1359,Luton,25,32,6,7,19,45,65,-20
39,Premier League,2023,32,19,44,Burnley,19,32,4,7,21,32,67,-35
39,Premier League,2023,32,20,62,Sheffield Utd,16,32,3,7,22,32,86,-54
39,Premier League,2023,33,1,50,Manchester City,76,33,23,7,3,80,32,48
39,Premier League,2023,33,2,42,Arsenal,74,33,23,5,5,80,26,54
39,Premier League,2023,33,3,40,Liverpool,71,33,21,8,4,72,33,39
39,Premier League,2023,33,4,66,Aston Villa,63,33,19,6,8,68,49,19
39,Premier League,2023,33,5,47,Tottenham,60,33,18,6,9,65,51,14
39,Premier League,2023,33,6,33,Manchester United,53,33,16,5,12,51,50,1
39,Premier League,2023,33,7,34,Newcastle,50,33,15,5,13,69,54,15
39,Premier League,2023,33,8,49,Chelsea,50,33,14,8,11,63,57,6
39,Premier League,2023,33,9,48,West Ham,48,33,13,9,11,52,58,-6
39,Premier League,2023,33,10,35,Bournemouth,45,33,12,9,12,48,57,-9
39,Premier League,2023,33,11,51,Brighton,44,33,11,11,11,52,54,-2
39,Premier League,2023,33,12,39,Wolves,43,33,12,7,14,46,52,-6
39,Premier League,2023,33,13,36,Fulham,42,33,12,6,15,49,51,-2
39,Premier League,2023,33,14,45,Everton,38,33,10,8,15,34,48,-14
39,Premier League,2023,33,15,52,Crystal Palace,36,33,9,9,15,39,54,-15
39,Premier League,2023,33,16,55,Brentford,32,33,8,8,17,47,58,-11
39,Premier League,2023,33,17,65,Nottingham Forest,30,33,7,9,17,42,58,-16
39,Premier League,2023,33,18,1359,Luton,25,33,6,7,20,46,70,-24
39,Premier League,2023,33,19,44,Burnley,20,33,4,8,21,33,68,-35
39,Premier League,2023,33,20,62,Sheffield Utd,16,33,3,7,23,32,88,-56
39,Premier League,2023,34,1,50,Manchester City,79,34,24,7,3,82,32,50
39,Premier League,2023,34,2,42,Arsenal,77,34,24,5,5,82,26,56
39,Premier League,2023,34,3,40,Liverpool,74,34,22,8,4,75,34,41
39,Premier League,2023,34,4,66,Aston Villa,66,34,20,6,8,71,50,21
39,Premier League,2023,34,5,47,Tottenham,60,34,18,6,10,65,53,12
39,Premier League,2023,34,6,33,Manchester United,56,34,17,5,12,54,52,2
39,Premier League,2023,34,7,49,Chelsea,53,34,15,8,11,65,58,7
39,Premier League,2023,34,8,34,Newcastle,50,34,15,5,14,71,57,14
39,Premier League,2023,34,9,48,West Ham,48,34,13,9,12,54,63,-9
39,Premier League,2023,34,10,35,Bournemouth,45,34,12,9,13,49,60,-11
39,Premier League,2023,34,11,51,Brighton,44,34,11,11,12,53,56,-3
39,Premier League,2023,34,12,39,Wolves,43,34,12,7,15,46,54,-8
39,Premier League,2023,34,13,36,Fulham,42,34,12,6,16,50,54,-4
39,Premier League,2023,34,14,45,Everton,41,34,11,8,15,36,48,-12
39,Premier League,2023,34,15,52,Crystal Palace,39,34,10,9,15,44,56,-12
39,Premier League,2023,34,16,55,Brentford,35,34,9,8,17,52,59,-7
39,Premier League,2023,34,17,65,Nottingham Forest,30,34,7,9,18,42,60,-18
39,Premier League,2023,34,18,1359,Luton,25,34,6,7,21,47,75,-28
39,Premier League,2023,34,19,44,Burnley,23,34,5,8,21,37,69,-32
39,Premier League,2023,34,20,62,Sheffield Utd,16,34,3,7,24,33,92,-59
39,Premier League,2023,35,1,50,Manchester City,82,35,25,7,3,84,32,52
39,Premier League,2023,35,2,42,Arsenal,80,35,25,5,5,85,28,57
39,Premier League,2023,35,3,40,Liverpool,75,35,22,9,4,77,36,41
39,Premier League,2023,35,4,66,Aston Villa,67,35,20,7,8,73,52,21
39,Premier League,2023,35,5,47,Tottenham,60,35,18,6,11,67,56,11
39,Premier League,2023,35,6,33,Manchester United,57,35,17,6,12,55,53,2
39,Premier League,2023,35,7,49,Chelsea,54,35,15,9,11,67,60,7
39,Premier League,2023,35,8,34,Newcastle,53,35,16,5,14,76,58,18
39,Premier League,2023,35,9,48,West Ham,49,35,13,10,12,56,65,-9
39,Premier League,2023,35,10,35,Bournemouth,48,35,13,9,13,52,60,-8
39,Premier League,2023,35,11,39,Wolves,46,35,13,7,15,48,55,-7
39,Premier League,2023,35,12,51,Brighton,44,35,11,11,13,53,59,-6
39,Premier League,2023,35,13,45,Everton,44,35,12,8,15,37,48,-11
39,Premier League,2023,35,14,36,Fulham,43,35,12,7,16,51,55,-4
39,Premier League,2023,35,15,52,Crystal Palace,40,35,10,10,15,45,57,-12
39,Premier League,2023,35,16,55,Brentford,35,35,9,8,18,52,60,-8
39,Premier League,2023,35,17,65,Nottingham Forest,30,35,7,9,19,42,62,-20
39,Premier League,2023,35,18,1359,Luton,25,35,6,7,22,48,77,-29
39,Premier League,2023,35,19,44,Burnley,24,35,5,9,21,38,70,-32
39,Premier League,2023,35,20,62,Sheffield Utd,16,35,3,7,25,34,97,-63
39,Premier League,2023,36,1,50,Manchester City,85,36,26,7,3,89,33,56
39,Premier League,2023,36,2,42,Arsenal,83,36,26,5,5,88,28,60
39,Premier League,2023,36,3,40,Liverpool,78,36,23,9,4,81,38,43
39,Premier League,2023,36,4,66,Aston Villa,67,36,20,7,9,73,53,20
39,Premier League,2023,36,5,47,Tottenham,60,36,18,6,12,69,60,9
39,Premier League,2023,36,6,49,Chelsea,57,36,16,9,11,72,60,12
39,Premier League,2023,36,7,33,Manchester United,57,36,17,6,13,55,57,-2
39,Premier League,2023,36,8,34,Newcastle,56,36,17,5,14,80,59,21
39,Premier League,2023,36,9,48,West Ham,49,36,13,10,13,56,70,-14
39,Premier League,2023,36,10,35,Bournemouth,48,36,13,9,14,52,63,-11
39,Premier League,2023,36,11,51,Brighton,47,36,12,11,13,54,59,-5
39,Premier League,2023,36,12,39,Wolves,46,36,13,7,16,49,60,-11
39,Premier League,2023,36,13,45,Everton,45,36,12,9,15,38,49,-11
39,Premier League,2023,36,14,36,Fulham,44,36,12,8,16,51,55,-4
39,Premier League,2023,36,15,52,Crystal Palace,43,36,11,10,15,49,57,-8
39,Premier League,2023,36,16,55,Brentford,36,36,9,9,18,52,60,-8
39,Premier League,2023,36,17,65,Nottingham Forest,33,36,8,9,19,45,63,-18
39,Premier League,2023,36,18,1359,Luton,26,36,6,8,22,49,78,-29
39,Premier League,2023,36,19,44,Burnley,24,36,5,9,22,39,74,-35
39,Premier League,2023,36,20,62,Sheffield Utd,16,36,3,7,26,35,100,-65
39,Premier League,2023,37,1,50,Manchester City,88,37,27,7,3,93,33,60
39,Premier League,2023,37,2,42,Arsenal,86,37,27,5,5,89,28,61
39,Premier League,2023,37,3,40,Liverpool,79,37,23,10,4,84,41,43
39,Premier League,2023,37,4,66,Aston Villa,68,37,20,8,9,76,56,20
39,Premier League,2023,37,5,47,Tottenham,63,37,19,6,12,71,61,10
39,Premier League,2023,37,6,49,Chelsea,60,37,17,9,11,75,62,13
39,Premier League,2023,37,7,34,Newcastle,57,37,17,6,14,81,60,21
39,Premier League,2023,37,8,33,Manchester United,57,37,17,6,14,55,58,-3
39,Premier League,2023,37,9,48,West Ham,52,37,14,10,13,59,71,-12
39,Premier League,2023,37,10,51,Brighton,48,37,12,12,13,55,60,-5
39,Premier League,2023,37,11,45,Everton,48,37,13,9,15,39,49,-10
39,Premier League,2023,37,12,35,Bournemouth,48,37,13,9,15,53,65,-12
39,Premier League,2023,37,13,52,Crystal Palace,46,37,12,10,15,52,58,-6
39,Premier League,2023,37,14,39,Wolves,46,37,13,7,17,50,63,-13
39,Premier League,2023,37,15,36,Fulham,44,37,12,8,17,51,59,-8
39,Premier League,2023,37,16,55,Brentford,39,37,10,9,18,54,61,-7
39,Premier League,2023,37,17,65,Nottingham Forest,33,37,8,9,20,47,66,-19
39,Premier League,2023,37,18,1359,Luton,26,37,6,8,23,50,81,-31
39,Premier League,2023,37,19,44,Burnley,24,37,5,9,23,40,76,-36
39,Premier League,2023,37,20,62,Sheffield Utd,16,37,3,7,27,35,101,-66
39,Premier League,2023,38,1,50,Manchester City,91,38,28,7,3,96,34,62
39,Premier League,2023,38,2,42,Arsenal,89,38,28,5,5,91,29,62
39,Premier League,2023,38,3,40,Liverpool,82,38,24,10,4,86,41,45
39,Premier League,2023,38,4,66,Aston Villa,68,38,20,8,10,76,61,15
39,Premier League,2023,38,5,47,Tottenham,66,38,20,6,12,74,61,13
39,Premier League,2023,38,6,49,Chelsea,63,38,18,9,11,77,63,14
39,Premier League,2023,38,7,34,Newcastle,60,38,18,6,14,85,62,23
39,Premier League,2023,38,8,33,Manchester United,60,38,18,6,14,57,58,-1
39,Premier League,2023,38,9,48,West Ham,52,38,14,10,14,60,74,-14
39,Premier League,2023,38,10,52,Crystal Palace,49,38,13,10,15,57,58,-1
39,Premier League,2023,38,11,51,Brighton,48,38,12,12,14,55,62,-7
39,Premier League,2023,38,12,45,Everton,48,38,13,9,16,40,51,-11
39,Premier League,2023,38,13,35,Bournemouth,48,38,13,9,16,54,67,-13
39,Premier League,2023,38,14,36,Fulham,47,38,13,8,17,55,61,-6
39,Premier League,2023,38,15,39,Wolves,46,38,13,7,18,50,65,-15
39,Premier League,2023,38,16,55,Brentford,39,38,10,9,19,56,65,-9
39,Premier League,2023,38,17,65,Nottingham Forest,36,38,9,9,20,49,67,-18
39,Premier League,2023,38,18,1359,Luton,26,38,6,8,24,52,85,-33
39,Premier League,2023,38,19,44,Burnley,24,38,5,9,24,41,78,-37
39,Premier League,2023,38,20,62,Sheffield Utd,16,38,3,7,28,35,104,-69
39,Premier League,2024,1,1,51,Brighton,3,1,1,0,0,3,0,3
39,Premier League,2024,1,2,40,Liverpool,3,1,1,0,0,2,0,2
39,Premier League,2024,1,3,42,Arsenal,3,1,1,0,0,2,0,2
39,Premier League,2024,1,4,50,Manchester City,3,1,1,0,0,2,0,2
39,Premier League,2024,1,5,66,Aston Villa,3,1,1,0,0,2,1,1
39,Premier League,2024,1,6,55,Brentford,3,1,1,0,0,2,1,1
39,Premier League,2024,1,7,33,Manchester United,3,1,1,0,0,1,0,1
39,Premier League,2024,1,8,34,Newcastle,3,1,1,0,0,1,0,1
39,Premier League,2024,1,9,65,Nottingham Forest,1,1,0,1,0,1,1,0
39,Premier League,2024,1,10,35,Bournemouth,1,1,0,1,0,1,1,0
39,Premier League,2024,1,11,46,Leicester,1,1,0,1,0,1,1,0
39,Premier League,2024,1,12,47,Tottenham,1,1,0,1,0,1,1,0
39,Premier League,2024,1,13,48,West Ham,0,1,0,0,1,1,2,-1
39,Premier League,2024,1,14,52,Crystal Palace,0,1,0,0,1,1,2,-1
39,Premier League,2024,1,15,36,Fulham,0,1,0,0,1,0,1,-1
39,Premier League,2024,1,16,41,Southampton,0,1,0,0,1,0,1,-1
39,Premier League,2024,1,17,57,Ipswich,0,1,0,0,1,0,2,-2
39,Premier League,2024,1,18,39,Wolves,0,1,0,0,1,0,2,-2
39,Premier League,2024,1,19,49,Chelsea,0,1,0,0,1,0,2,-2
39,Premier League,2024,1,20,45,Everton,0,1,0,0,1,0,3,-3
39,Premier League,2024,2,1,50,Manchester City,6,2,2,0,0,6,1,5
39,Premier League,2024,2,2,51,Brighton,6,2,2,0,0,5,1,4
39,Premier League,2024,2,3,40,Liverpool,6,2,2,0,0,4,0,4
39,Premier League,2024,2,4,42,Arsenal,6,2,2,0,0,4,0,4
39,Premier League,2024,2,5,47,Tottenham,4,2,1,1,0,5,1,4
39,Premier League,2024,2,6,34,Newcastle,4,2,1,1,0,2,1,1
39,Premier League,2024,2,7,65,Nottingham Forest,4,2,1,1,0,2,1,1
39,Premier League,2024,2,8,49,Chelsea,3,2,1,0,1,6,4,2
39,Premier League,2024,2,9,48,West Ham,3,2,1,0,1,3,2,1
39,Premier League,2024,2,10,33,Manchester United,3,2,1,0,1,2,2,0
39,Premier League,2024,2,11,36,Fulham,3,2,1,0,1,2,2,0
39,Premier League,2024,2,12,66,Aston Villa,3,2,1,0,1,2,3,-1
39,Premier League,2024,2,13,55,Brentford,3,2,1,0,1,2,3,-1
39,Premier League,2024,2,14,35,Bournemouth,2,2,0,2,0,2,2,0
39,Premier League,2024,2,15,46,Leicester,1,2,0,1,1,2,3,-1
39,Premier League,2024,2,16,41,Southampton,0,2,0,0,2,0,2,-2
39,Premier League,2024,2,17,52,Crystal Palace,0,2,0,0,2,1,4,-3
39,Premier League,2024,2,18,57,Ipswich,0,2,0,0,2,1,6,-5
39,Premier League,2024,2,19,39,Wolves,0,2,0,0,2,2,8,-6
39,Premier League,2024,2,20,45,Everton,0,2,0,0,2,0,7,-7
39,Premier League,2024,3,1,50,Manchester City,9,3,3,0,0,9,2,7
39,Premier League,2024,3,2,40,Liverpool,9,3,3,0,0,7,0,7
39,Premier League,2024,3,3,51,Brighton,7,3,2,1,0,6,2,4
39,Premier League,2024,3,4,42,Arsenal,7,3,2,1,0,5,1,4
39,Premier League,2024,3,5,34,Newcastle,7,3,2,1,0,4,2,2
39,Premier League,2024,3,6,55,Brentford,6,3,2,0,1,5,4,1
39,Premier League,2024,3,7,66,Aston Villa,6,3,2,0,1,4,4,0
39,Premier League,2024,3,8,35,Bournemouth,5,3,1,2,0,5,4,1
39,Premier League,2024,3,9,65,Nottingham Forest,5,3,1,2,0,3,2,1
39,Premier League,2024,3,10,47,Tottenham,4,3,1,1,1,6,3,3
39,Premier League,2024,3,11,49,Chelsea,4,3,1,1,1,7,5,2
39,Premier League,2024,3,12,36,Fulham,4,3,1,1,1,3,3,0
39,Premier League,2024,3,13,48,West Ham,3,3,1,0,2,4,5,-1
39,Premier League,2024,3,14,33,Manchester United,3,3,1,0,2,2,5,-3
39,Premier League,2024,3,15,46,Leicester,1,3,0,1,2,3,5,-2
39,Premier League,2024,3,16,52,Crystal Palace,1,3,0,1,2,2,5,-3
39,Premier League,2024,3,17,57,Ipswich,1,3,0,1,2,2,7,-5
39,Premier League,2024,3,18,39,Wolves,1,3,0,1,2,3,9,-6
39,Premier League,2024,3,19,41,Southampton,0,3,0,0,3,1,5,-4
39,Premier League,2024,3,20,45,Everton,0,3,0,0,3,2,10,-8
39,Premier League,2024,4,1,50,Manchester City,12,4,4,0,0,11,3,8
39,Premier League,2024,4,2,42,Arsenal,10,4,3,1,0,6,1,5
39,Premier League,2024,4,3,34,Newcastle,10,4,3,1,0,6,3,3
39,Premier League,2024,4,4,40,Liverpool,9,4,3,0,1,7,1,6
39,Premier League,2024,4,5,66,Aston Villa,9,4,3,0,1,7,6,1
39,Premier League,2024,4,6,51,Brighton,8,4,2,2,0,6,2,4
39,Premier League,2024,4,7,65,Nottingham Forest,8,4,2,2,0,4,2,2
39,Premier League,2024,4,8,49,Chelsea,7,4,2,1,1,8,5,3
39,Premier League,2024,4,9,55,Brentford,6,4,2,0,2,6,6,0
39,Premier League,2024,4,10,33,Manchester United,6,4,2,0,2,5,5,0
39,Premier League,2024,4,11,35,Bournemouth,5,4,1,2,1,5,5,0
39,Premier League,2024,4,12,36,Fulham,5,4,1,2,1,4,4,0
39,Premier League,2024,4,13,47,Tottenham,4,4,1,1,2,6,4,2
39,Premier League,2024,4,14,48,West Ham,4,4,1,1,2,5,6,-1
39,Premier League,2024,4,15,46,Leicester,2,4,0,2,2,5,7,-2
39,Premier League,2024,4,16,52,Crystal Palace,2,4,0,2,2,4,7,-3
39,Premier League,2024,4,17,57,Ipswich,2,4,0,2,2,2,7,-5
39,Premier League,2024,4,18,39,Wolves,1,4,0,1,3,4,11,-7
39,Premier League,2024,4,19,41,Southampton,0,4,0,0,4,1,8,-7
39,Premier League,2024,4,20,45,Everton,0,4,0,0,4,4,13,-9
39,Premier League,2024,5,1,50,Manchester City,13,5,4,1,0,13,5,8
39,Premier League,2024,5,2,40,Liverpool,12,5,4,0,1,10,1,9
39,Premier League,2024,5,3,66,Aston Villa,12,5,4,0,1,10,7,3
39,Premier League,2024,5,4,42,Arsenal,11,5,3,2,0,8,3,5
39,Premier League,2024,5,5,49,Chelsea,10,5,3,1,1,11,5,6
39,Premier League,2024,5,6,34,Newcastle,10,5,3,1,1,7,6,1
39,Premier League,2024,5,7,51,Brighton,9,5,2,3,0,8,4,4
39,Premier League,2024,5,8,65,Nottingham Forest,9,5,2,3,0,6,4,2
39,Premier League,2024,5,9,36,Fulham,8,5,2,2,1,7,5,2
39,Premier League,2024,5,10,47,Tottenham,7,5,2,1,2,9,5,4
39,Premier League,2024,5,11,33,Manchester United,7,5,2,1,2,5,5,0
39,Premier League,2024,5,12,55,Brentford,6,5,2,0,3,7,9,-2
39,Premier League,2024,5,13,35,Bournemouth,5,5,1,2,2,5,8,-3
39,Premier League,2024,5,14,48,West Ham,4,5,1,1,3,5,9,-4
39,Premier League,2024,5,15,46,Leicester,3,5,0,3,2,6,8,-2
39,Premier League,2024,5,16,52,Crystal Palace,3,5,0,3,2,4,7,-3
39,Premier League,2024,5,17,57,Ipswich,3,5,0,3,2,3,8,-5
39,Premier League,2024,5,18,41,Southampton,1,5,0,1,4,2,9,-7
39,Premier League,2024,5,19,39,Wolves,1,5,0,1,4,5,14,-9
39,Premier League,2024,5,20,45,Everton,1,5,0,1,4,5,14,-9
39,Premier League,2024,6,1,40,Liverpool,15,6,5,0,1,12,2,10
39,Premier League,2024,6,2,50,Manchester City,14,6,4,2,0,14,6,8
39,Premier League,2024,6,3,42,Arsenal,14,6,4,2,0,12,5,7
39,Premier League,2024,6,4,49,Chelsea,13,6,4,1,1,15,7,8
39,Premier League,2024,6,5,66,Aston Villa,13,6,4,1,1,12,9,3
39,Premier League,2024,6,6,36,Fulham,11,6,3,2,1,8,5,3
39,Premier League,2024,6,7,34,Newcastle,11,6,3,2,1,8,7,1
39,Premier League,2024,6,8,47,Tottenham,10,6,3,1,2,12,5,7
39,Premier League,2024,6,9,51,Brighton,9,6,2,3,1,10,8,2
39,Premier League,2024,6,10,65,Nottingham Forest,9,6,2,3,1,6,5,1
39,Premier League,2024,6,11,35,Bournemouth,8,6,2,2,2,8,9,-1
39,Premier League,2024,6,12,55,Brentford,7,6,2,1,3,8,10,-2
39,Premier League,2024,6,13,33,Manchester United,7,6,2,1,3,5,8,-3
39,Premier League,2024,6,14,48,West Ham,5,6,1,2,3,6,10,-4
39,Premier League,2024,6,15,57,Ipswich,4,6,0,4,2,5,10,-5
39,Premier League,2024,6,16,45,Everton,4,6,1,1,4,7,15,-8
39,Premier League,2024,6,17,46,Leicester,3,6,0,3,3,8,12,-4
39,Premier League,2024,6,18,52,Crystal Palace,3,6,0,3,3,5,9,-4
39,Premier League,2024,6,19,41,Southampton,1,6,0,1,5,3,12,-9
39,Premier League,2024,6,20,39,Wolves,1,6,0,1,5,6,16,-10
39,Premier League,2024,7,1,40,Liverpool,18,7,6,0,1,13,2,11
39,Premier League,2024,7,2,50,Manchester City,17,7,5,2,0,17,8,9
39,Premier League,2024,7,3,42,Arsenal,17,7,5,2,0,15,6,9
39,Premier League,2024,7,4,49,Chelsea,14,7,4,2,1,16,8,8
39,Premier League,2024,7,5,66,Aston Villa,14,7,4,2,1,12,9,3
39,Premier League,2024,7,6,51,Brighton,12,7,3,3,1,13,10,3
39,Premier League,2024,7,7,34,Newcastle,12,7,3,3,1,8,7,1
39,Premier League,2024,7,8,36,Fulham,11,7,3,2,2,10,8,2
39,Premier League,2024,7,9,47,Tottenham,10,7,3,1,3,14,8,6
39,Premier League,2024,7,10,65,Nottingham Forest,10,7,2,4,1,7,6,1
39,Premier League,2024,7,11,55,Brentford,10,7,3,1,3,13,13,0
39,Premier League,2024,7,12,48,West Ham,8,7,2,2,3,10,11,-1
39,Premier League,2024,7,13,35,Bournemouth,8,7,2,2,3,8,10,-2
39,Premier League,2024,7,14,33,Manchester United,8,7,2,2,3,5,8,-3
39,Premier League,2024,7,15,46,Leicester,6,7,1,3,3,9,12,-3
39,Premier League,2024,7,16,45,Everton,5,7,1,2,4,7,15,-8
39,Premier League,2024,7,17,57,Ipswich,4,7,0,4,3,6,14,-8
39,Premier League,2024,7,18,52,Crystal Palace,3,7,0,3,4,5,10,-5
39,Premier League,2024,7,19,41,Southampton,1,7,0,1,6,4,15,-11
39,Premier League,2024,7,20,39,Wolves,1,7,0,1,6,9,21,-12
39,Premier League,2024,8,1,40,Liverpool,21,8,7,0,1,15,3,12
39,Premier League,2024,8,2,50,Manchester City,20,8,6,2,0,19,9,10
39,Premier League,2024,8,3,42,Arsenal,17,8,5,2,1,15,8,7
39,Premier League,2024,8,4,66,Aston Villa,17,8,5,2,1,15,10,5
39,Premier League,2024,8,5,51,Brighton,15,8,4,3,1,14,10,4
39,Premier League,2024,8,6,49,Chelsea,14,8,4,2,2,17,10,7
39,Premier League,2024,8,7,47,Tottenham,13,8,4,1,3,18,9,9
39,Premier League,2024,8,8,65,Nottingham Forest,13,8,3,4,1,8,6,2
39,Premier League,2024,8,9,34,Newcastle,12,8,3,3,2,8,8,0
39,Premier League,2024,8,10,36,Fulham,11,8,3,2,3,11,11,0
39,Premier League,2024,8,11,35,Bournemouth,11,8,3,2,3,10,10,0
39,Premier League,2024,8,12,33,Manchester United,11,8,3,2,3,7,9,-2
39,Premier League,2024,8,13,55,Brentford,10,8,3,1,4,14,15,-1
39,Premier League,2024,8,14,46,Leicester,9,8,2,3,3,12,14,-2
39,Premier League,2024,8,15,48,West Ham,8,8,2,2,4,11,15,-4
39,Premier League,2024,8,16,45,Everton,8,8,2,2,4,9,15,-6
39,Premier League,2024,8,17,57,Ipswich,4,8,0,4,4,6,16,-10
39,Premier League,2024,8,18,52,Crystal Palace,3,8,0,3,5,5,11,-6
39,Premier League,2024,8,19,41,Southampton,1,8,0,1,7,6,18,-12
39,Premier League,2024,8,20,39,Wolves,1,8,0,1,7,10,23,-13
39,Premier League,2024,9,1,50,Manchester City,23,9,7,2,0,20,9,11
39,Premier League,2024,9,2,40,Liverpool,22,9,7,1,1,17,5,12
39,Premier League,2024,9,3,42,Arsenal,18,9,5,3,1,17,10,7
39,Premier League,2024,9,4,66,Aston Villa,18,9,5,3,1,16,11,5
39,Premier League,2024,9,5,49,Chelsea,17,9,5,2,2,19,11,8
39,Premier League,2024,9,6,51,Brighton,16,9,4,4,1,16,12,4
39,Premier League,2024,9,7,65,Nottingham Forest,16,9,4,4,1,11,7,4
39,Premier League,2024,9,8,47,Tottenham,13,9,4,1,4,18,10,8
39,Premier League,2024,9,9,55,Brentford,13,9,4,1,4,18,18,0
39,Premier League,2024,9,10,36,Fulham,12,9,3,3,3,12,12,0
39,Premier League,2024,9,11,35,Bournemouth,12,9,3,3,3,11,11,0
39,Premier League,2024,9,12,34,Newcastle,12,9,3,3,3,9,10,-1
39,Premier League,2024,9,13,48,West Ham,11,9,3,2,4,13,16,-3
39,Premier League,2024,9,14,33,Manchester United,11,9,3,2,4,8,11,-3
39,Premier League,2024,9,15,46,Leicester,9,9,2,3,4,13,17,-4
39,Premier League,2024,9,16,45,Everton,9,9,2,3,4,10,16,-6
39,Premier League,2024,9,17,52,Crystal Palace,6,9,1,3,5,6,11,-5
39,Premier League,2024,9,18,57,Ipswich,4,9,0,4,5,9,20,-11
39,Premier League,2024,9,19,39,Wolves,2,9,0,2,7,12,25,-13
39,Premier League,2024,9,20,41,Southampton,1,9,0,1,8,6,19,-13
39,Premier League,2024,10,1,40,Liverpool,25,10,8,1,1,19,6,13
39,Premier League,2024,10,2,50,Manchester City,23,10,7,2,1,21,11,10
39,Premier League,2024,10,3,65,Nottingham Forest,19,10,5,4,1,14,7,7
39,Premier League,2024,10,4,49,Chelsea,18,10,5,3,2,20,12,8
39,Premier League,2024,10,5,42,Arsenal,18,10,5,3,2,17,11,6
39,Premier League,2024,10,6,66,Aston Villa,18,10,5,3,2,17,15,2
39,Premier League,2024,10,7,47,Tottenham,16,10,5,1,4,22,11,11
39,Premier League,2024,10,8,51,Brighton,16,10,4,4,2,17,14,3
39,Premier League,2024,10,9,36,Fulham,15,10,4,3,3,14,13,1
39,Premier League,2024,10,10,35,Bournemouth,15,10,4,3,3,13,12,1
39,Premier League,2024,10,11,34,Newcastle,15,10,4,3,3,10,10,0
39,Premier League,2024,10,12,55,Brentford,13,10,4,1,5,19,20,-1
39,Premier League,2024,10,13,33,Manchester United,12,10,3,3,4,9,12,-3
39,Premier League,2024,10,14,48,West Ham,11,10,3,2,5,13,19,-6
39,Premier League,2024,10,15,46,Leicester,10,10,2,4,4,14,18,-4
39,Premier League,2024,10,16,45,Everton,9,10,2,3,5,10,17,-7
39,Premier League,2024,10,17,52,Crystal Palace,7,10,1,4,5,8,13,-5
39,Premier League,2024,10,18,57,Ipswich,5,10,0,5,5,10,21,-11
39,Premier League,2024,10,19,41,Southampton,4,10,1,1,8,7,19,-12
39,Premier League,2024,10,20,39,Wolves,3,10,0,3,7,14,27,-13
39,Premier League,2024,11,1,40,Liverpool,28,11,9,1,1,21,6,15
39,Premier League,2024,11,2,50,Manchester City,23,11,7,2,2,22,13,9
39,Premier League,2024,11,3,49,Chelsea,19,11,5,4,2,21,13,8
39,Premier League,2024,11,4,42,Arsenal,19,11,5,4,2,18,12,6
39,Premier League,2024,11,5,65,Nottingham Forest,19,11,5,4,2,15,10,5
39,Premier League,2024,11,6,51,Brighton,19,11,5,4,2,19,15,4
39,Premier League,2024,11,7,36,Fulham,18,11,5,3,3,16,13,3
39,Premier League,2024,11,8,34,Newcastle,18,11,5,3,3,13,11,2
39,Premier League,2024,11,9,66,Aston Villa,18,11,5,3,3,17,17,0
39,Premier League,2024,11,10,47,Tottenham,16,11,5,1,5,23,13,10
39,Premier League,2024,11,11,55,Brentford,16,11,5,1,5,22,22,0
39,Premier League,2024,11,12,35,Bournemouth,15,11,4,3,4,15,15,0
39,Premier League,2024,11,13,33,Manchester United,15,11,4,3,4,12,12,0
39,Premier League,2024,11,14,48,West Ham,12,11,3,3,5,13,19,-6
39,Premier League,2024,11,15,46,Leicester,10,11,2,4,5,14,21,-7
39,Premier League,2024,11,16,45,Everton,10,11,2,4,5,10,17,-7
39,Premier League,2024,11,17,57,Ipswich,8,11,1,5,5,12,22,-10
39,Premier League,2024,11,18,52,Crystal Palace,7,11,1,4,6,8,15,-7
39,Premier League,2024,11,19,39,Wolves,6,11,1,3,7,16,27,-11
39,Premier League,2024,11,20,41,Southampton,4,11,1,1,9,7,21,-14
39,Premier League,2024,12,1,40,Liverpool,31,12,10,1,1,24,8,16
39,Premier League,2024,12,2,50,Manchester City,23,12,7,2,3,22,17,5
39,Premier League,2024,12,3,49,Chelsea,22,12,6,4,2,23,14,9
39,Premier League,2024,12,4,42,Arsenal,22,12,6,4,2,21,12,9
39,Premier League,2024,12,5,51,Brighton,22,12,6,4,2,21,16,5
39,Premier League,2024,12,6,47,Tottenham,19,12,6,1,5,27,13,14
39,Premier League,2024,12,7,65,Nottingham Forest,19,12,5,4,3,15,13,2
39,Premier League,2024,12,8,66,Aston Villa,19,12,5,4,3,19,19,0
39,Premier League,2024,12,9,36,Fulham,18,12,5,3,4,17,17,0
39,Premier League,2024,12,10,34,Newcastle,18,12,5,3,4,13,13,0
39,Premier League,2024,12,11,55,Brentford,17,12,5,2,5,22,22,0
39,Premier League,2024,12,12,33,Manchester United,16,12,4,4,4,13,13,0
39,Premier League,2024,12,13,35,Bournemouth,15,12,4,3,5,16,17,-1
39,Premier League,2024,12,14,48,West Ham,15,12,4,3,5,15,19,-4
39,Premier League,2024,12,15,45,Everton,11,12,2,5,5,10,17,-7
39,Premier League,2024,12,16,46,Leicester,10,12,2,4,6,15,23,-8
39,Premier League,2024,12,17,39,Wolves,9,12,2,3,7,20,28,-8
39,Premier League,2024,12,18,57,Ipswich,9,12,1,6,5,13,23,-10
39,Premier League,2024,12,19,52,Crystal Palace,8,12,1,5,6,10,17,-7
39,Premier League,2024,12,20,41,Southampton,4,12,1,1,10,9,24,-15
39,Premier League,2024,13,1,40,Liverpool,34,13,11,1,1,26,8,18
39,Premier League,2024,13,2,42,Arsenal,25,13,7,4,2,26,14,12
39,Premier League,2024,13,3,49,Chelsea,25,13,7,4,2,26,14,12
39,Premier League,2024,13,4,51,Brighton,23,13,6,5,2,22,17,5
39,Premier League,2024,13,5,50,Manchester City,23,13,7,2,4,22,19,3
39,Premier League,2024,13,6,65,Nottingham Forest,22,13,6,4,3,16,13,3
39,Premier League,2024,13,7,47,Tottenham,20,13,6,2,5,28,14,14
39,Premier League,2024,13,8,55,Brentford,20,13,6,2,5,26,23,3
39,Premier League,2024,13,9,33,Manchester United,19,13,5,4,4,17,13,4
39,Premier League,2024,13,10,36,Fulham,19,13,5,4,4,18,18,0
39,Premier League,2024,13,11,34,Newcastle,19,13,5,4,4,14,14,0
39,Premier League,2024,13,12,66,Aston Villa,19,13,5,4,4,19,22,-3
39,Premier League,2024,13,13,35,Bournemouth,18,13,5,3,5,20,19,1
39,Premier League,2024,13,14,48,West Ham,15,13,4,3,6,17,24,-7
39,Premier League,2024,13,15,45,Everton,11,13,2,5,6,10,21,-11
39,Premier League,2024,13,16,46,Leicester,10,13,2,4,7,16,27,-11
39,Premier League,2024,13,17,52,Crystal Palace,9,13,1,6,6,11,18,-7
39,Premier League,2024,13,18,39,Wolves,9,13,2,3,8,22,32,-10
39,Premier League,2024,13,19,57,Ipswich,9,13,1,6,6,13,24,-11
39,Premier League,2024,13,20,41,Southampton,5,13,1,2,10,10,25,-15
39,Premier League,2024,14,1,40,Liverpool,35,14,11,2,1,29,11,18
39,Premier League,2024,14,2,49,Chelsea,28,14,8,4,2,31,15,16
39,Premier League,2024,14,3,42,Arsenal,28,14,8,4,2,28,14,14
39,Premier League,2024,14,4,50,Manchester City,26,14,8,2,4,25,19,6
39,Premier League,2024,14,5,51,Brighton,23,14,6,5,3,23,20,3
39,Premier League,2024,14,6,36,Fulham,22,14,6,4,4,21,19,2
39,Premier League,2024,14,7,65,Nottingham Forest,22,14,6,4,4,16,16,0
39,Premier League,2024,14,8,66,Aston Villa,22,14,6,4,4,22,23,-1
39,Premier League,2024,14,9,35,Bournemouth,21,14,6,3,5,21,19,2
39,Premier League,2024,14,10,47,Tottenham,20,14,6,2,6,28,15,13
39,Premier League,2024,14,11,55,Brentford,20,14,6,2,6,27,26,1
39,Premier League,2024,14,12,34,Newcastle,20,14,5,5,4,17,17,0
39,Premier League,2024,14,13,33,Manchester United,19,14,5,4,5,17,15,2
39,Premier League,2024,14,14,48,West Ham,15,14,4,3,7,18,27,-9
39,Premier League,2024,14,15,45,Everton,14,14,3,5,6,14,21,-7
39,Premier League,2024,14,16,46,Leicester,13,14,3,4,7,19,28,-9
39,Premier League,2024,14,17,52,Crystal Palace,12,14,2,6,6,12,18,-6
39,Premier League,2024,14,18,57,Ipswich,9,14,1,6,7,13,25,-12
39,Premier League,2024,14,19,39,Wolves,9,14,2,3,9,22,36,-14
39,Premier League,2024,14,20,41,Southampton,5,14,1,2,11,11,30,-19
39,Premier League,2024,15,1,40,Liverpool,36,15,11,3,1,31,13,18
39,Premier League,2024,15,2,49,Chelsea,31,15,9,4,2,35,18,17
39,Premier League,2024,15,3,42,Arsenal,29,15,8,5,2,29,15,14
39,Premier League,2024,15,4,50,Manchester City,27,15,8,3,4,27,21,6
39,Premier League,2024,15,5,65,Nottingham Forest,25,15,7,4,4,19,18,1
39,Premier League,2024,15,6,66,Aston Villa,25,15,7,4,4,23,23,0
39,Premier League,2024,15,7,51,Brighton,24,15,6,6,3,25,22,3
39,Premier League,2024,15,8,35,Bournemouth,24,15,7,3,5,23,20,3
39,Premier League,2024,15,9,55,Brentford,23,15,7,2,6,31,28,3
39,Premier League,2024,15,10,36,Fulham,23,15,6,5,4,22,20,2
39,Premier League,2024,15,11,47,Tottenham,20,15,6,2,7,31,19,12
39,Premier League,2024,15,12,34,Newcastle,20,15,5,5,5,19,21,-2
39,Premier League,2024,15,13,33,Manchester United,19,15,5,4,6,19,18,1
39,Premier League,2024,15,14,48,West Ham,18,15,5,3,7,20,28,-8
39,Premier League,2024,15,15,45,Everton,15,15,3,6,6,16,23,-7
39,Premier League,2024,15,16,46,Leicester,14,15,3,5,7,21,30,-9
39,Premier League,2024,15,17,52,Crystal Palace,13,15,2,7,6,14,20,-6
39,Premier League,2024,15,18,57,Ipswich,9,15,1,6,8,14,27,-13
39,Premier League,2024,15,19,39,Wolves,9,15,2,3,10,23,38,-15
39,Premier League,2024,15,20,41,Southampton,5,15,1,2,12,11,31,-20
39,Premier League,2024,16,1,40,Liverpool,37,16,11,4,1,33,15,18
39,Premier League,2024,16,2,49,Chelsea,34,16,10,4,2,37,19,18
39,Premier League,2024,16,3,42,Arsenal,30,16,8,6,2,29,15,14
39,Premier League,2024,16,4,65,Nottingham Forest,28,16,8,4,4,21,19,2
39,Premier League,2024,16,5,50,Manchester City,27,16,8,3,5,28,23,5
39,Premier League,2024,16,6,35,Bournemouth,25,16,7,4,5,24,21,3
39,Premier League,2024,16,7,66,Aston Villa,25,16,7,4,5,24,25,-1
39,Premier League,2024,16,8,36,Fulham,24,16,6,6,4,24,22,2
39,Premier League,2024,16,9,51,Brighton,24,16,6,6,4,26,25,1
39,Premier League,2024,16,10,47,Tottenham,23,16,7,2,7,36,19,17
39,Premier League,2024,16,11,55,Brentford,23,16,7,2,7,32,30,2
39,Premier League,2024,16,12,34,Newcastle,23,16,6,5,5,23,21,2
39,Premier League,2024,16,13,33,Manchester United,22,16,6,4,6,21,19,2
39,Premier League,2024,16,14,48,West Ham,19,16,5,4,7,21,29,-8
39,Premier League,2024,16,15,52,Crystal Palace,16,16,3,7,6,17,21,-4
39,Premier League,2024,16,16,45,Everton,16,16,3,7,6,16,23,-7
39,Premier League,2024,16,17,46,Leicester,14,16,3,5,8,21,34,-13
39,Premier League,2024,16,18,57,Ipswich,12,16,2,6,8,16,28,-12
39,Premier League,2024,16,19,39,Wolves,9,16,2,3,11,24,40,-16
39,Premier League,2024,16,20,41,Southampton,5,16,1,2,13,11,36,-25
39,Premier League,2024,17,1,40,Liverpool,40,17,12,4,1,39,18,21
39,Premier League,2024,17,2,49,Chelsea,35,17,10,5,2,37,19,18
39,Premier League,2024,17,3,42,Arsenal,33,17,9,6,2,34,16,18
39,Premier League,2024,17,4,65,Nottingham Forest,31,17,9,4,4,23,19,4
39,Premier League,2024,17,5,35,Bournemouth,28,17,8,4,5,27,21,6
39,Premier League,2024,17,6,66,Aston Villa,28,17,8,4,5,26,26,0
39,Premier League,2024,17,7,50,Manchester City,27,17,8,3,6,29,25,4
39,Premier League,2024,17,8,34,Newcastle,26,17,7,5,5,27,21,6
39,Premier League,2024,17,9,36,Fulham,25,17,6,7,4,24,22,2
39,Premier League,2024,17,10,51,Brighton,25,17,6,7,4,27,26,1
39,Premier League,2024,17,11,47,Tottenham,23,17,7,2,8,39,25,14
39,Premier League,2024,17,12,55,Brentford,23,17,7,2,8,32,32,0
39,Premier League,2024,17,13,33,Manchester United,22,17,6,4,7,21,22,-1
39,Premier League,2024,17,14,48,West Ham,20,17,5,5,7,22,30,-8
39,Premier League,2024,17,15,45,Everton,17,17,3,8,6,16,23,-7
39,Premier League,2024,17,16,52,Crystal Palace,16,17,3,7,7,18,26,-8
39,Premier League,2024,17,17,46,Leicester,14,17,3,5,9,21,37,-16
39,Premier League,2024,17,18,39,Wolves,12,17,3,3,11,27,40,-13
39,Premier League,2024,17,19,57,Ipswich,12,17,2,6,9,16,32,-16
39,Premier League,2024,17,20,41,Southampton,6,17,1,3,13,11,36,-25
39,Premier League,2024,18,1,40,Liverpool,43,18,13,4,1,42,19,23
39,Premier League,2024,18,2,42,Arsenal,36,18,10,6,2,35,16,19
39,Premier League,2024,18,3,49,Chelsea,35,18,10,5,3,38,21,17
39,Premier League,2024,18,4,65,Nottingham Forest,34,18,10,4,4,24,19,5
39,Premier League,2024,18,5,34,Newcastle,29,18,8,5,5,30,21,9
39,Premier League,2024,18,6,35,Bournemouth,29,18,8,5,5,27,21,6
39,Premier League,2024,18,7,50,Manchester City,28,18,8,4,6,30,26,4
39,Premier League,2024,18,8,36,Fulham,28,18,7,7,4,26,23,3
39,Premier League,2024,18,9,66,Aston Villa,28,18,8,4,6,26,29,-3
39,Premier League,2024,18,10,51,Brighton,26,18,6,8,4,27,26,1
39,Premier League,2024,18,11,55,Brentford,24,18,7,3,8,32,32,0
39,Premier League,2024,18,12,47,Tottenham,23,18,7,2,9,39,26,13
39,Premier League,2024,18,13,48,West Ham,23,18,6,5,7,23,30,-7
39,Premier League,2024,18,14,33,Manchester United,22,18,6,4,8,21,24,-3
39,Premier League,2024,18,15,45,Everton,18,18,3,9,6,17,24,-7
39,Premier League,2024,18,16,52,Crystal Palace,17,18,3,8,7,18,26,-8
39,Premier League,2024,18,17,39,Wolves,15,18,4,3,11,29,40,-11
39,Premier League,2024,18,18,46,Leicester,14,18,3,5,10,22,40,-18
39,Premier League,2024,18,19,57,Ipswich,12,18,2,6,10,16,33,-17
39,Premier League,2024,18,20,41,Southampton,6,18,1,3,14,11,37,-26
39,Premier League,2024,19,1,40,Liverpool,46,19,14,4,1,47,19,28
39,Premier League,2024,19,2,42,Arsenal,39,19,11,6,2,38,17,21
39,Premier League,2024,19,3,65,Nottingham Forest,37,19,11,4,4,26,19,7
39,Premier League,2024,19,4,49,Chelsea,35,19,10,5,4,38,23,15
39,Premier League,2024,19,5,34,Newcastle,32,19,9,5,5,32,21,11
39,Premier League,2024,19,6,50,Manchester City,31,19,9,4,6,32,26,6
39,Premier League,2024,19,7,35,Bournemouth,30,19,8,6,5,29,23,6
39,Premier League,2024,19,8,36,Fulham,29,19,7,8,4,28,25,3
39,Premier League,2024,19,9,66,Aston Villa,29,19,8,5,6,28,31,-3
39,Premier League,2024,19,10,51,Brighton,27,19,6,9,4,29,28,1
39,Premier League,2024,19,11,47,Tottenham,24,19,7,3,9,41,28,13
39,Premier League,2024,19,12,55,Brentford,24,19,7,3,9,33,35,-2
39,Premier League,2024,19,13,48,West Ham,23,19,6,5,8,23,35,-12
39,Premier League,2024,19,14,33,Manchester United,22,19,6,4,9,21,26,-5
39,Premier League,2024,19,15,52,Crystal Palace,20,19,4,8,7,20,27,-7
39,Premier League,2024,19,16,45,Everton,18,19,3,9,7,17,26,-9
39,Premier League,2024,19,17,39,Wolves,16,19,4,4,11,31,42,-11
39,Premier League,2024,19,18,57,Ipswich,15,19,3,6,10,18,33,-15
39,Premier League,2024,19,19,46,Leicester,14,19,3,5,11,22,42,-20
39,Premier League,2024,19,20,41,Southampton,6,19,1,3,15,12,39,-27
39,Premier League,2024,20,1,40,Liverpool,47,20,14,5,1,49,21,28
39,Premier League,2024,20,2,42,Arsenal,40,20,11,7,2,39,18,21
39,Premier League,2024,20,3,65,Nottingham Forest,40,20,12,4,4,29,19,10
39,Premier League,2024,20,4,49,Chelsea,36,20,10,6,4,39,24,15
39,Premier League,2024,20,5,34,Newcastle,35,20,10,5,5,34,22,12
39,Premier League,2024,20,6,50,Manchester City,34,20,10,4,6,36,27,9
39,Premier League,2024,20,7,35,Bournemouth,33,20,9,6,5,30,23,7
39,Premier League,2024,20,8,66,Aston Villa,32,20,9,5,6,30,32,-2
39,Premier League,2024,20,9,36,Fulham,30,20,7,9,4,30,27,3
39,Premier League,2024,20,10,51,Brighton,28,20,6,10,4,30,29,1
39,Premier League,2024,20,11,55,Brentford,27,20,8,3,9,38,35,3
39,Premier League,2024,20,12,47,Tottenham,24,20,7,3,10,42,30,12
39,Premier League,2024,20,13,33,Manchester United,23,20,6,5,9,23,28,-5
39,Premier League,2024,20,14,48,West Ham,23,20,6,5,9,24,39,-15
39,Premier League,2024,20,15,52,Crystal Palace,21,20,4,9,7,21,28,-7
39,Premier League,2024,20,16,45,Everton,18,20,3,9,8,17,27,-10
39,Premier League,2024,20,17,39,Wolves,16,20,4,4,12,31,45,-14
39,Premier League,2024,20,18,57,Ipswich,16,20,3,7,10,20,35,-15
39,Premier League,2024,20,19,46,Leicester,14,20,3,5,12,23,44,-21
39,Premier League,2024,20,20,41,Southampton,6,20,1,3,16,12,44,-32
39,Premier League,2024,21,1,40,Liverpool,48,21,14,6,1,50,22,28
39,Premier League,2024,21,2,42,Arsenal,43,21,12,7,2,41,19,22
39,Premier League,2024,21,3,65,Nottingham Forest,41,21,12,5,4,30,20,10
39,Premier League,2024,21,4,34,Newcastle,38,21,11,5,5,37,22,15
39,Premier League,2024,21,5,49,Chelsea,37,21,10,7,4,41,26,15
39,Premier League,2024,21,6,50,Manchester City,35,21,10,5,6,38,29,9
39,Premier League,2024,21,7,66,Aston Villa,35,21,10,5,6,31,32,-1
39,Premier League,2024,21,8,35,Bournemouth,34,21,9,7,5,32,25,7
39,Premier League,2024,21,9,51,Brighton,31,21,7,10,4,32,29,3
39,Premier League,2024,21,10,36,Fulham,30,21,7,9,5,32,30,2
39,Premier League,2024,21,11,55,Brentford,28,21,8,4,9,40,37,3
39,Premier League,2024,21,12,33,Manchester United,26,21,7,5,9,26,29,-3
39,Premier League,2024,21,13,48,West Ham,26,21,7,5,9,27,41,-14
39,Premier League,2024,21,14,47,Tottenham,24,21,7,3,11,43,32,11
39,Premier League,2024,21,15,52,Crystal Palace,24,21,5,9,7,23,28,-5
39,Premier League,2024,21,16,45,Everton,18,21,3,9,9,17,28,-11
39,Premier League,2024,21,17,39,Wolves,16,21,4,4,13,31,48,-17
39,Premier League,2024,21,18,57,Ipswich,16,21,3,7,11,20,37,-17
39,Premier League,2024,21,19,46,Leicester,14,21,3,5,13,23,46,-23
39,Premier League,2024,21,20,41,Southampton,6,21,1,3,17,13,47,-34
39,Premier League,2024,22,1,40,Liverpool,51,22,15,6,1,52,22,30
39,Premier League,2024,22,2,42,Arsenal,44,22,12,8,2,43,21,22
39,Premier League,2024,22,3,65,Nottingham Forest,44,22,13,5,4,33,22,11
39,Premier League,2024,22,4,49,Chelsea,40,22,11,7,4,44,27,17
39,Premier League,2024,22,5,50,Manchester City,38,22,11,5,6,44,29,15
39,Premier League,2024,22,6,34,Newcastle,38,22,11,5,6,38,26,12
39,Premier League,2024,22,7,35,Bournemouth,37,22,10,7,5,36,26,10
39,Premier League,2024,22,8,66,Aston Villa,36,22,10,6,6,33,34,-1
39,Premier League,2024,22,9,51,Brighton,34,22,8,10,4,35,30,5
39,Premier League,2024,22,10,36,Fulham,33,22,8,9,5,34,30,4
39,Premier League,2024,22,11,55,Brentford,28,22,8,4,10,40,39,1
39,Premier League,2024,22,12,52,Crystal Palace,27,22,6,9,7,25,28,-3
39,Premier League,2024,22,13,33,Manchester United,26,22,7,5,10,27,32,-5
39,Premier League,2024,22,14,48,West Ham,26,22,7,5,10,27,43,-16
39,Premier League,2024,22,15,47,Tottenham,24,22,7,3,12,45,35,10
39,Premier League,2024,22,16,45,Everton,21,22,4,9,9,20,30,-10
39,Premier League,2024,22,17,39,Wolves,16,22,4,4,14,32,51,-19
39,Premier League,2024,22,18,57,Ipswich,16,22,3,7,12,20,43,-23
39,Premier League,2024,22,19,46,Leicester,14,22,3,5,14,23,48,-25
39,Premier League,2024,22,20,41,Southampton,6,22,1,3,18,15,50,-35
39,Premier League,2024,23,1,40,Liverpool,54,23,16,6,1,56,23,33
39,Premier League,2024,23,2,42,Arsenal,47,23,13,8,2,44,21,23
39,Premier League,2024,23,3,65,Nottingham Forest,44,23,13,5,5,33,27,6
39,Premier League,2024,23,4,50,Manchester City,41,23,12,5,6,47,30,17
39,Premier League,2024,23,5,34,Newcastle,41,23,12,5,6,41,27,14
39,Premier League,2024,23,6,49,Chelsea,40,23,11,7,5,45,30,15
39,Premier League,2024,23,7,35,Bournemouth,40,23,11,7,5,41,26,15
39,Premier League,2024,23,8,66,Aston Villa,37,23,10,7,6,34,35,-1
39,Premier League,2024,23,9,51,Brighton,34,23,8,10,5,35,31,4
39,Premier League,2024,23,10,36,Fulham,33,23,8,9,6,34,31,3
39,Premier League,2024,23,11,55,Brentford,31,23,9,4,10,42,40,2
39,Premier League,2024,23,12,33,Manchester United,29,23,8,5,10,28,32,-4
39,Premier League,2024,23,13,52,Crystal Palace,27,23,6,9,8,26,30,-4
39,Premier League,2024,23,14,48,West Ham,27,23,7,6,10,28,44,-16
39,Premier League,2024,23,15,47,Tottenham,24,23,7,3,13,46,37,9
39,Premier League,2024,23,16,45,Everton,24,23,5,9,9,21,30,-9
39,Premier League,2024,23,17,46,Leicester,17,23,4,5,14,25,49,-24
39,Premier League,2024,23,18,39,Wolves,16,23,4,4,15,32,52,-20
39,Premier League,2024,23,19,57,Ipswich,16,23,3,7,13,21,47,-26
39,Premier League,2024,23,20,41,Southampton,6,23,1,3,19,16,53,-37
39,Premier League,2024,24,1,40,Liverpool,57,24,17,6,1,58,23,35
39,Premier League,2024,24,2,42,Arsenal,50,24,14,8,2,49,22,27
39,Premier League,2024,24,3,65,Nottingham Forest,47,24,14,5,5,40,27,13
39,Premier League,2024,24,4,49,Chelsea,43,24,12,7,5,47,31,16
39,Premier League,2024,24,5,50,Manchester City,41,24,12,5,7,48,35,13
39,Premier League,2024,24,6,34,Newcastle,41,24,12,5,7,42,29,13
39,Premier League,2024,24,7,35,Bournemouth,40,24,11,7,6,41,28,13
39,Premier League,2024,24,8,66,Aston Villa,37,24,10,7,7,34,37,-3
39,Premier League,2024,24,9,36,Fulham,36,24,9,9,6,36,32,4
39,Premier League,2024,24,10,51,Brighton,34,24,8,10,6,35,38,-3
39,Premier League,2024,24,11,55,Brentford,31,24,9,4,11,42,42,0
39,Premier League,2024,24,12,52,Crystal Palace,30,24,7,9,8,28,30,-2
39,Premier League,2024,24,13,33,Manchester United,29,24,8,5,11,28,34,-6
39,Premier League,2024,24,14,47,Tottenham,27,24,8,3,13,48,37,11
39,Premier League,2024,24,15,45,Everton,27,24,6,9,9,25,30,-5
39,Premier League,2024,24,16,48,West Ham,27,24,7,6,11,29,46,-17
39,Premier League,2024,24,17,39,Wolves,19,24,5,4,15,34,52,-18
39,Premier League,2024,24,18,46,Leicester,17,24,4,5,15,25,53,-28
39,Premier League,2024,24,19,57,Ipswich,16,24,3,7,14,22,49,-27
39,Premier League,2024,24,20,41,Southampton,9,24,2,3,19,18,54,-36
39,Premier League,2024,25,1,40,Liverpool,60,25,18,6,1,60,24,36
39,Premier League,2024,25,2,42,Arsenal,53,25,15,8,2,51,22,29
39,Premier League,2024,25,3,65,Nottingham Forest,47,25,14,5,6,41,29,12
39,Premier League,2024,25,4,50,Manchester City,44,25,13,5,7,52,35,17
39,Premier League,2024,25,5,35,Bournemouth,43,25,12,7,6,44,29,15
39,Premier League,2024,25,6,49,Chelsea,43,25,12,7,6,47,34,13
39,Premier League,2024,25,7,34,Newcastle,41,25,12,5,8,42,33,9
39,Premier League,2024,25,8,36,Fulham,39,25,10,9,6,38,33,5
39,Premier League,2024,25,9,66,Aston Villa,38,25,10,8,7,35,38,-3
39,Premier League,2024,25,10,51,Brighton,37,25,9,10,6,38,38,0
39,Premier League,2024,25,11,55,Brentford,34,25,10,4,11,43,42,1
39,Premier League,2024,25,12,47,Tottenham,30,25,9,3,13,49,37,12
39,Premier League,2024,25,13,52,Crystal Palace,30,25,7,9,9,29,32,-3
39,Premier League,2024,25,14,45,Everton,30,25,7,9,9,27,31,-4
39,Premier League,2024,25,15,33,Manchester United,29,25,8,5,12,28,35,-7
39,Premier League,2024,25,16,48,West Ham,27,25,7,6,12,29,47,-18
39,Premier League,2024,25,17,39,Wolves,19,25,5,4,16,35,54,-19
39,Premier League,2024,25,18,57,Ipswich,17,25,3,8,14,23,50,-27
39,Premier League,2024,25,19,46,Leicester,17,25,4,5,16,25,55,-30
39,Premier League,2024,25,20,41,Southampton,9,25,2,3,20,19,57,-38
39,Premier League,2024,26,1,40,Liverpool,63,26,19,6,1,62,24,38
39,Premier League,2024,26,2,42,Arsenal,53,26,15,8,3,51,23,28
39,Premier League,2024,26,3,65,Nottingham Forest,47,26,14,5,7,44,33,11
39,Premier League,2024,26,4,50,Manchester City,44,26,13,5,8,52,37,15
39,Premier League,2024,26,5,34,Newcastle,44,26,13,5,8,46,36,10
39,Premier League,2024,26,6,35,Bournemouth,43,26,12,7,7,44,30,14
39,Premier League,2024,26,7,49,Chelsea,43,26,12,7,7,48,36,12
39,Premier League,2024,26,8,66,Aston Villa,41,26,11,8,7,37,39,-2
39,Premier League,2024,26,9,51,Brighton,40,26,10,10,6,42,38,4
39,Premier League,2024,26,10,36,Fulham,39,26,10,9,7,38,35,3
39,Premier League,2024,26,11,55,Brentford,37,26,11,4,11,47,42,5
39,Premier League,2024,26,12,47,Tottenham,33,26,10,3,13,53,38,15
39,Premier League,2024,26,13,52,Crystal Palace,33,26,8,9,9,31,32,-1
39,Premier League,2024,26,14,45,Everton,31,26,7,10,9,29,33,-4
39,Premier League,2024,26,15,33,Manchester United,30,26,8,6,12,30,37,-7
39,Premier League,2024,26,16,48,West Ham,30,26,8,6,12,30,47,-17
39,Premier League,2024,26,17,39,Wolves,22,26,6,4,16,36,54,-18
39,Premier League,2024,26,18,57,Ipswich,17,26,3,8,15,24,54,-30
39,Premier League,2024,26,19,46,Leicester,17,26,4,5,17,25,59,-34
39,Premier League,2024,26,20,41,Southampton,9,26,2,3,21,19,61,-42
39,Premier League,2024,27,1,40,Liverpool,66,27,20,6,1,64,24,40
39,Premier League,2024,27,2,42,Arsenal,54,27,15,9,3,51,23,28
39,Premier League,2024,27,3,65,Nottingham Forest,48,27,14,6,7,44,33,11
39,Premier League,2024,27,4,50,Manchester City,47,27,14,5,8,53,37,16
39,Premier League,2024,27,5,49,Chelsea,46,27,13,7,7,52,36,16
39,Premier League,2024,27,6,34,Newcastle,44,27,13,5,9,46,38,8
39,Premier League,2024,27,7,35,Bournemouth,43,27,12,7,8,45,32,13
39,Premier League,2024,27,8,51,Brighton,43,27,11,10,6,44,39,5
39,Premier League,2024,27,9,36,Fulham,42,27,11,9,7,40,36,4
39,Premier League,2024,27,10,66,Aston Villa,41,27,11,8,8,38,43,-5
39,Premier League,2024,27,11,55,Brentford,38,27,11,5,11,48,43,5
39,Premier League,2024,27,12,52,Crystal Palace,36,27,9,9,9,35,33,2
39,Premier League,2024,27,13,47,Tottenham,33,27,10,3,14,53,39,14
39,Premier League,2024,27,14,33,Manchester United,33,27,9,6,12,33,39,-6
39,Premier League,2024,27,15,48,West Ham,33,27,9,6,12,32,47,-15
39,Premier League,2024,27,16,45,Everton,32,27,7,11,9,30,34,-4
39,Premier League,2024,27,17,39,Wolves,22,27,6,4,17,37,56,-19
39,Premier League,2024,27,18,57,Ipswich,17,27,3,8,16,26,57,-31
39,Premier League,2024,27,19,46,Leicester,17,27,4,5,18,25,61,-36
39,Premier League,2024,27,20,41,Southampton,9,27,2,3,22,19,65,-46
39,Premier League,2024,28,1,40,Liverpool,69,28,21,6,1,67,25,42
39,Premier League,2024,28,2,42,Arsenal,55,28,15,10,3,52,24,28
39,Premier League,2024,28,3,65,Nottingham Forest,51,28,15,6,7,45,33,12
39,Premier League,2024,28,4,49,Chelsea,49,28,14,7,7,53,36,17
39,Premier League,2024,28,5,50,Manchester City,47,28,14,5,9,53,38,15
39,Premier League,2024,28,6,34,Newcastle,47,28,14,5,9,47,38,9
39,Premier League,2024,28,7,51,Brighton,46,28,12,10,6,46,40,6
39,Premier League,2024,28,8,35,Bournemouth,44,28,12,8,8,47,34,13
39,Premier League,2024,28,9,66,Aston Villa,44,28,12,8,8,39,43,-4
39,Premier League,2024,28,10,36,Fulham,42,28,11,9,8,41,38,3
39,Premier League,2024,28,11,52,Crystal Palace,39,28,10,9,9,36,33,3
39,Premier League,2024,28,12,55,Brentford,38,28,11,5,12,48,44,4
39,Premier League,2024,28,13,47,Tottenham,34,28,10,4,14,55,41,14
39,Premier League,2024,28,14,33,Manchester United,34,28,9,7,12,34,40,-6
39,Premier League,2024,28,15,45,Everton,33,28,7,12,9,31,35,-4
39,Premier League,2024,28,16,48,West Ham,33,28,9,6,13,32,48,-16
39,Premier League,2024,28,17,39,Wolves,23,28,6,5,17,38,57,-19
39,Premier League,2024,28,18,57,Ipswich,17,28,3,8,17,26,58,-32
39,Premier League,2024,28,19,46,Leicester,17,28,4,5,19,25,62,-37
39,Premier League,2024,28,20,41,Southampton,9,28,2,3,23,20,68,-48
39,Premier League,2024,29,1,40,Liverpool,70,29,21,7,1,69,27,42
39,Premier League,2024,29,2,42,Arsenal,58,29,16,10,3,53,24,29
39,Premier League,2024,29,3,65,Nottingham Forest,54,29,16,6,7,49,35,14
39,Premier League,2024,29,4,34,Newcastle,50,29,15,5,9,52,38,14
39,Premier League,2024,29,5,49,Chelsea,49,29,14,7,8,53,37,16
39,Premier League,2024,29,6,50,Manchester City,48,29,14,6,9,55,40,15
39,Premier League,2024,29,7,51,Brighton,47,29,12,11,6,48,42,6
39,Premier League,2024,29,8,36,Fulham,45,29,12,9,8,43,38,5
39,Premier League,2024,29,9,66,Aston Villa,45,29,12,9,8,41,45,-4
39,Premier League,2024,29,10,35,Bournemouth,44,29,12,8,9,48,36,12
39,Premier League,2024,29,11,55,Brentford,41,29,12,5,12,50,45,5
39,Premier League,2024,29,12,52,Crystal Palace,39,29,10,9,10,36,38,-2
39,Premier League,2024,29,13,33,Manchester United,37,29,10,7,12,37,40,-3
39,Premier League,2024,29,14,47,Tottenham,34,29,10,4,15,55,43,12
39,Premier League,2024,29,15,45,Everton,34,29,7,13,9,32,36,-4
39,Premier League,2024,29,16,48,West Ham,34,29,9,7,13,33,49,-16
39,Premier League,2024,29,17,39,Wolves,26,29,7,5,17,40,58,-18
39,Premier League,2024,29,18,57,Ipswich,17,29,3,8,18,28,62,-34
39,Premier League,2024,29,19,46,Leicester,17,29,4,5,20,25,65,-40
39,Premier League,2024,29,20,41,Southampton,9,29,2,3,24,21,70,-49
39,Premier League,2024,30,1,40,Liverpool,73,30,22,7,1,70,27,43
39,Premier League,2024,30,2,42,Arsenal,61,30,17,10,3,55,25,30
39,Premier League,2024,30,3,65,Nottingham Forest,57,30,17,6,7,50,35,15
39,Premier League,2024,30,4,34,Newcastle,53,30,16,5,9,54,39,15
39,Premier League,2024,30,5,49,Chelsea,52,30,15,7,8,54,37,17
39,Premier League,2024,30,6,50,Manchester City,51,30,15,6,9,57,40,17
39,Premier League,2024,30,7,66,Aston Villa,48,30,13,9,8,44,45,-1
39,Premier League,2024,30,8,51,Brighton,47,30,12,11,7,48,45,3
39,Premier League,2024,30,9,36,Fulham,45,30,12,9,9,44,40,4
39,Premier League,2024,30,10,35,Bournemouth,44,30,12,8,10,49,38,11
39,Premier League,2024,30,11,55,Brentford,41,30,12,5,13,51,47,4
39,Premier League,2024,30,12,52,Crystal Palace,40,30,10,10,10,37,39,-2
39,Premier League,2024,30,13,33,Manchester United,37,30,10,7,13,37,41,-4
39,Premier League,2024,30,14,47,Tottenham,34,30,10,4,16,55,44,11
39,Premier League,2024,30,15,45,Everton,34,30,7,13,10,32,37,-5
39,Premier League,2024,30,16,48,West Ham,34,30,9,7,14,33,50,-17
39,Premier League,2024,30,17,39,Wolves,29,30,8,5,17,41,58,-17
39,Premier League,2024,30,18,57,Ipswich,20,30,4,8,18,30,63,-33
39,Premier League,2024,30,19,46,Leicester,17,30,4,5,21,25,67,-42
39,Premier League,2024,30,20,41,Southampton,10,30,2,4,24,22,71,-49
39,Premier League,2024,31,1,40,Liverpool,73,31,22,7,2,72,30,42
39,Premier League,2024,31,2,42,Arsenal,62,31,17,11,3,56,26,30
39,Premier League,2024,31,3,65,Nottingham Forest,57,31,17,6,8,51,37,14
39,Premier League,2024,31,4,34,Newcastle,56,31,17,5,9,57,39,18
39,Premier League,2024,31,5,49,Chelsea,53,31,15,8,8,54,37,17
39,Premier League,2024,31,6,50,Manchester City,52,31,15,7,9,57,40,17
39,Premier League,2024,31,7,66,Aston Villa,51,31,14,9,8,46,46,0
39,Premier League,2024,31,8,36,Fulham,48,31,13,9,9,47,42,5
39,Premier League,2024,31,9,51,Brighton,47,31,12,11,8,49,47,2
39,Premier League,2024,31,10,35,Bournemouth,45,31,12,9,10,51,40,11
39,Premier League,2024,31,11,52,Crystal Palace,43,31,11,10,10,39,40,-1
39,Premier League,2024,31,12,55,Brentford,42,31,12,6,13,51,47,4
39,Premier League,2024,31,13,33,Manchester United,38,31,10,8,13,37,41,-4
39,Premier League,2024,31,14,47,Tottenham,37,31,11,4,16,58,45,13
39,Premier League,2024,31,15,45,Everton,35,31,7,14,10,33,38,-5
39,Premier League,2024,31,16,48,West Ham,35,31,9,8,14,35,52,-17
39,Premier League,2024,31,17,39,Wolves,32,31,9,5,17,43,59,-16
39,Premier League,2024,31,18,57,Ipswich,20,31,4,8,19,31,65,-34
39,Premier League,2024,31,19,46,Leicester,17,31,4,5,22,25,70,-45
39,Premier League,2024,31,20,41,Southampton,10,31,2,4,25,23,74,-51
39,Premier League,2024,32,1,40,Liverpool,76,32,23,7,2,74,31,43
39,Premier League,2024,32,2,42,Arsenal,63,32,17,12,3,57,27,30
39,Premier League,2024,32,3,34,Newcastle,59,32,18,5,9,61,40,21
39,Premier League,2024,32,4,65,Nottingham Forest,57,32,17,6,9,51,38,13
39,Premier League,2024,32,5,50,Manchester City,55,32,16,7,9,62,42,20
39,Premier League,2024,32,6,49,Chelsea,54,32,15,9,8,56,39,17
39,Premier League,2024,32,7,66,Aston Villa,54,32,15,9,8,49,46,3
39,Premier League,2024,32,8,35,Bournemouth,48,32,13,9,10,52,40,12
39,Premier League,2024,32,9,36,Fulham,48,32,13,9,10,47,43,4
39,Premier League,2024,32,10,51,Brighton,48,32,12,12,8,51,49,2
39,Premier League,2024,32,11,55,Brentford,43,32,12,7,13,52,48,4
39,Premier League,2024,32,12,52,Crystal Palace,43,32,11,10,11,41,45,-4
39,Premier League,2024,32,13,45,Everton,38,32,8,14,10,34,38,-4
39,Premier League,2024,32,14,33,Manchester United,38,32,10,8,14,38,45,-7
39,Premier League,2024,32,15,47,Tottenham,37,32,11,4,17,60,49,11
39,Premier League,2024,32,16,39,Wolves,35,32,10,5,17,47,61,-14
39,Premier League,2024,32,17,48,West Ham,35,32,9,8,15,36,54,-18
39,Premier League,2024,32,18,57,Ipswich,21,32,4,9,19,33,67,-34
39,Premier League,2024,32,19,46,Leicester,18,32,4,6,22,27,72,-45
39,Premier League,2024,32,20,41,Southampton,10,32,2,4,26,23,77,-54
39,Premier League,2024,33,1,40,Liverpool,79,33,24,7,2,75,31,44
39,Premier League,2024,33,2,42,Arsenal,66,33,18,12,3,61,27,34
39,Premier League,2024,33,3,65,Nottingham Forest,60,33,18,6,9,53,39,14
39,Premier League,2024,33,4,34,Newcastle,59,33,18,5,10,62,44,18
39,Premier League,2024,33,5,50,Manchester City,58,33,17,7,9,64,42,22
39,Premier League,2024,33,6,49,Chelsea,57,33,16,9,8,58,40,18
39,Premier League,2024,33,7,66,Aston Villa,57,33,16,9,8,53,47,6
39,Premier League,2024,33,8,35,Bournemouth,49,33,13,10,10,52,40,12
39,Premier League,2024,33,9,36,Fulham,48,33,13,9,11,48,45,3
39,Premier League,2024,33,10,51,Brighton,48,33,12,12,9,53,53,0
39,Premier League,2024,33,11,55,Brentford,46,33,13,7,13,56,50,6
39,Premier League,2024,33,12,52,Crystal Palace,44,33,11,11,11,41,45,-4
39,Premier League,2024,33,13,45,Everton,38,33,8,14,11,34,40,-6
39,Premier League,2024,33,14,33,Manchester United,38,33,10,8,15,38,46,-8
39,Premier League,2024,33,15,39,Wolves,38,33,11,5,17,48,61,-13
39,Premier League,2024,33,16,47,Tottenham,37,33,11,4,18,61,51,10
39,Premier League,2024,33,17,48,West Ham,36,33,9,9,15,37,55,-18
39,Premier League,2024,33,18,57,Ipswich,21,33,4,9,20,33,71,-38
39,Premier League,2024,33,19,46,Leicester,18,33,4,6,23,27,73,-46
39,Premier League,2024,33,20,41,Southampton,11,33,2,5,26,24,78,-54
39,Premier League,2024,34,1,40,Liverpool,82,34,25,7,2,80,32,48
39,Premier League,2024,34,2,42,Arsenal,67,34,18,13,3,63,29,34
39,Premier League,2024,34,3,34,Newcastle,62,34,19,5,10,65,44,21
39,Premier League,2024,34,4,50,Manchester City,61,34,18,7,9,66,43,23
39,Premier League,2024,34,5,49,Chelsea,60,34,17,9,8,59,40,19
39,Premier League,2024,34,6,65,Nottingham Forest,60,34,18,6,10,53,41,12
39,Premier League,2024,34,7,66,Aston Villa,57,34,16,9,9,54,49,5
39,Premier League,2024,34,8,36,Fulham,51,34,14,9,11,50,46,4
39,Premier League,2024,34,9,51,Brighton,51,34,13,12,9,56,55,1
39,Premier League,2024,34,10,35,Bournemouth,50,34,13,11,10,53,41,12
39,Premier League,2024,34,11,55,Brentford,49,34,14,7,13,58,50,8
39,Premier League,2024,34,12,52,Crystal Palace,45,34,11,12,11,43,47,-4
39,Premier League,2024,34,13,39,Wolves,41,34,12,5,17,51,61,-10
39,Premier League,2024,34,14,33,Manchester United,39,34,10,9,15,39,47,-8
39,Premier League,2024,34,15,45,Everton,38,34,8,14,12,34,41,-7
39,Premier League,2024,34,16,47,Tottenham,37,34,11,4,19,62,56,6
39,Premier League,2024,34,17,48,West Ham,36,34,9,9,16,39,58,-19
39,Premier League,2024,34,18,57,Ipswich,21,34,4,9,21,33,74,-41
39,Premier League,2024,34,19,46,Leicester,18,34,4,6,24,27,76,-49
39,Premier League,2024,34,20,41,Southampton,11,34,2,5,27,25,80,-55
39,Premier League,2024,35,1,40,Liverpool,82,35,25,7,3,81,35,46
39,Premier League,2024,35,2,42,Arsenal,67,35,18,13,4,64,31,33
39,Premier League,2024,35,3,50,Manchester City,64,35,19,7,9,67,43,24
39,Premier League,2024,35,4,34,Newcastle,63,35,19,6,10,66,45,21
39,Premier League,2024,35,5,49,Chelsea,63,35,18,9,8,62,41,21
39,Premier League,2024,35,6,65,Nottingham Forest,61,35,18,7,10,54,42,12
39,Premier League,2024,35,7,66,Aston Villa,60,35,17,9,9,55,49,6
39,Premier League,2024,35,8,35,Bournemouth,53,35,14,11,10,55,42,13
39,Premier League,2024,35,9,55,Brentford,52,35,15,7,13,62,53,9
39,Premier League,2024,35,10,51,Brighton,52,35,13,13,9,57,56,1
39,Premier League,2024,35,11,36,Fulham,51,35,14,9,12,50,47,3
39,Premier League,2024,35,12,52,Crystal Palace,46,35,11,13,11,44,48,-4
39,Premier League,2024,35,13,39,Wolves,41,35,12,5,18,51,62,-11
39,Premier League,2024,35,14,45,Everton,39,35,8,15,12,36,43,-7
39,Premier League,2024,35,15,33,Manchester United,39,35,10,9,16,42,51,-9
39,Premier League,2024,35,16,47,Tottenham,38,35,11,5,19,63,57,6
39,Premier League,2024,35,17,48,West Ham,37,35,9,10,16,40,59,-19
39,Premier League,2024,35,18,57,Ipswich,22,35,4,10,21,35,76,-41
39,Premier League,2024,35,19,46,Leicester,21,35,5,6,24,29,76,-47
39,Premier League,2024,35,20,41,Southampton,11,35,2,5,28,25,82,-57
39,Premier League,2024,36,1,40,Liverpool,83,36,25,8,3,83,37,46
39,Premier League,2024,36,2,42,Arsenal,68,36,18,14,4,66,33,33
39,Premier League,2024,36,3,34,Newcastle,66,36,20,6,10,68,45,23
39,Premier League,2024,36,4,50,Manchester City,65,36,19,8,9,67,43,24
39,Premier League,2024,36,5,49,Chelsea,63,36,18,9,9,62,43,19
39,Premier League,2024,36,6,66,Aston Villa,63,36,18,9,9,56,49,7
39,Premier League,2024,36,7,65,Nottingham Forest,62,36,18,8,10,56,44,12
39,Premier League,2024,36,8,55,Brentford,55,36,16,7,13,63,53,10
39,Premier League,2024,36,9,51,Brighton,55,36,14,13,9,59,56,3
39,Premier League,2024,36,10,35,Bournemouth,53,36,14,11,11,55,43,12
39,Premier League,2024,36,11,36,Fulham,51,36,14,9,13,51,50,1
39,Premier League,2024,36,12,52,Crystal Palace,49,36,12,13,11,46,48,-2
39,Premier League,2024,36,13,45,Everton,42,36,9,15,12,39,44,-5
39,Premier League,2024,36,14,39,Wolves,41,36,12,5,19,51,64,-13
39,Premier League,2024,36,15,48,West Ham,40,36,10,10,16,42,59,-17
39,Premier League,2024,36,16,33,Manchester United,39,36,10,9,17,42,53,-11
39,Premier League,2024,36,17,47,Tottenham,38,36,11,5,20,63,59,4
39,Premier League,2024,36,18,57,Ipswich,22,36,4,10,22,35,77,-42
39,Premier League,2024,36,19,46,Leicester,22,36,5,7,24,31,78,-47
39,Premier League,2024,36,20,41,Southampton,12,36,2,6,28,25,82,-57
39,Premier League,2024,37,1,40,Liverpool,83,37,25,8,4,85,40,45
39,Premier League,2024,37,2,42,Arsenal,71,37,19,14,4,67,33,34
39,Premier League,2024,37,3,50,Manchester City,68,37,20,8,9,70,44,26
39,Premier League,2024,37,4,34,Newcastle,66,37,20,6,11,68,46,22
39,Premier League,2024,37,5,49,Chelsea,66,37,19,9,9,63,43,20
39,Premier League,2024,37,6,66,Aston Villa,66,37,19,9,9,58,49,9
39,Premier League,2024,37,7,65,Nottingham Forest,65,37,19,8,10,58,45,13
39,Premier League,2024,37,8,51,Brighton,58,37,15,13,9,62,58,4
39,Premier League,2024,37,9,55,Brentford,55,37,16,7,14,65,56,9
39,Premier League,2024,37,10,36,Fulham,54,37,15,9,13,54,52,2
39,Premier League,2024,37,11,35,Bournemouth,53,37,14,11,12,56,46,10
39,Premier League,2024,37,12,52,Crystal Palace,52,37,13,13,11,50,50,0
39,Premier League,2024,37,13,45,Everton,45,37,10,15,12,41,44,-3
39,Premier League,2024,37,14,39,Wolves,41,37,12,5,20,53,68,-15
39,Premier League,2024,37,15,48,West Ham,40,37,10,10,17,43,61,-18
39,Premier League,2024,37,16,33,Manchester United,39,37,10,9,18,42,54,-12
39,Premier League,2024,37,17,47,Tottenham,38,37,11,5,21,63,61,2
39,Premier League,2024,37,18,46,Leicester,25,37,6,7,24,33,78,-45
39,Premier League,2024,37,19,57,Ipswich,22,37,4,10,23,35,79,-44
39,Premier League,2024,37,20,41,Southampton,12,37,2,6,29,25,84,-59
39,Premier League,2024,38,1,40,Liverpool,84,38,25,9,4,86,41,45
39,Premier League,2024,38,2,42,Arsenal,74,38,20,14,4,69,34,35
39,Premier League,2024,38,3,50,Manchester City,71,38,21,8,9,72,44,28
39,Premier League,2024,38,4,49,Chelsea,69,38,20,9,9,64,43,21
39,Premier League,2024,38,5,34,Newcastle,66,38,20,6,12,68,47,21
39,Premier League,2024,38,6,66,Aston Villa,66,38,19,9,10,58,51,7
39,Premier League,2024,38,7,65,Nottingham Forest,65,38,19,8,11,58,46,12
39,Premier League,2024,38,8,51,Brighton,61,38,16,13,9,66,59,7
39,Premier League,2024,38,9,35,Bournemouth,56,38,15,11,12,58,46,12
39,Premier League,2024,38,10,55,Brentford,56,38,16,8,14,66,57,9
39,Premier League,2024,38,11,36,Fulham,54,38,15,9,14,54,54,0
39,Premier League,2024,38,12,52,Crystal Palace,53,38,13,14,11,51,51,0
39,Premier League,2024,38,13,45,Everton,48,38,11,15,12,42,44,-2
39,Premier League,2024,38,14,48,West Ham,43,38,11,10,17,46,62,-16
39,Premier League,2024,38,15,33,Manchester United,42,38,11,9,18,44,54,-10
39,Premier League,2024,38,16,39,Wolves,42,38,12,6,20,54,69,-15
39,Premier League,2024,38,17,47,Tottenham,38,38,11,5,22,64,65,-1
39,Premier League,2024,38,18,46,Leicester,25,38,6,7,25,33,80,-47
39,Premier League,2024,38,19,57,Ipswich,22,38,4,10,24,36,82,-46
39,Premier League,2024,38,20,41,Southampton,12,38,2,6,30,26,86,-60
135,Serie A,2022,1,1,492,Napoli,3,1,1,0,0,5,2,3
135,Serie A,2022,1,2,496,Juventus,3,1,1,0,0,3,0,3
135,Serie A,2022,1,3,489,AC Milan,3,1,1,0,0,4,2,2
135,Serie A,2022,1,4,499,Atalanta,3,1,1,0,0,2,0,2
135,Serie A,2022,1,5,502,Fiorentina,3,1,1,0,0,3,2,1
135,Serie A,2022,1,6,505,Inter,3,1,1,0,0,2,1,1
135,Serie A,2022,1,7,503,Torino,3,1,1,0,0,2,1,1
135,Serie A,2022,1,8,487,Lazio,3,1,1,0,0,2,1,1
135,Serie A,2022,1,9,497,AS Roma,3,1,1,0,0,1,0,1
135,Serie A,2022,1,10,515,Spezia,3,1,1,0,0,1,0,1
135,Serie A,2022,1,11,520,Cremonese,0,1,0,0,1,2,3,-1
135,Serie A,2022,1,12,867,Lecce,0,1,0,0,1,1,2,-1
135,Serie A,2022,1,13,1579,Monza,0,1,0,0,1,1,2,-1
135,Serie A,2022,1,14,500,Bologna,0,1,0,0,1,1,2,-1
135,Serie A,2022,1,15,514,Salernitana,0,1,0,0,1,0,1,-1
135,Serie A,2022,1,16,511,Empoli,0,1,0,0,1,0,1,-1
135,Serie A,2022,1,17,494,Udinese,0,1,0,0,1,2,4,-2
135,Serie A,2022,1,18,498,Sampdoria,0,1,0,0,1,0,2,-2
135,Serie A,2022,1,19,504,Hellas Verona,0,1,0,0,1,2,5,-3
135,Serie A,2022,1,20,488,Sassuolo,0,1,0,0,1,0,3,-3
135,Serie A,2022,2,1,492,Napoli,6,2,2,0,0,9,2,7
135,Serie A,2022,2,2,505,Inter,6,2,2,0,0,5,1,4
135,Serie A,2022,2,3,497,AS Roma,6,2,2,0,0,2,0,2
135,Serie A,2022,2,4,496,Juventus,4,2,1,1,0,3,0,3
135,Serie A,2022,2,5,489,AC Milan,4,2,1,1,0,5,3,2
135,Serie A,2022,2,6,499,Atalanta,4,2,1,1,0,3,1,2
135,Serie A,2022,2,7,502,Fiorentina,4,2,1,1,0,3,2,1
135,Serie A,2022,2,8,503,Torino,4,2,1,1,0,2,1,1
135,Serie A,2022,2,9,487,Lazio,4,2,1,1,0,2,1,1
135,Serie A,2022,2,10,515,Spezia,3,2,1,0,1,1,3,-2
135,Serie A,2022,2,11,488,Sassuolo,3,2,1,0,1,1,3,-2
135,Serie A,2022,2,12,500,Bologna,1,2,0,1,1,2,3,-1
135,Serie A,2022,2,13,514,Salernitana,1,2,0,1,1,0,1,-1
135,Serie A,2022,2,14,511,Empoli,1,2,0,1,1,0,1,-1
135,Serie A,2022,2,15,494,Udinese,1,2,0,1,1,2,4,-2
135,Serie A,2022,2,16,498,Sampdoria,1,2,0,1,1,0,2,-2
135,Serie A,2022,2,17,504,Hellas Verona,1,2,0,1,1,3,6,-3
135,Serie A,2022,2,18,520,Cremonese,0,2,0,0,2,2,4,-2
135,Serie A,2022,2,19,867,Lecce,0,2,0,0,2,1,3,-2
135,Serie A,2022,2,20,1579,Monza,0,2,0,0,2,1,6,-5
135,Serie A,2022,3,1,492,Napoli,7,3,2,1,0,9,2,7
135,Serie A,2022,3,2,489,AC Milan,7,3,2,1,0,7,3,4
135,Serie A,2022,3,3,487,Lazio,7,3,2,1,0,5,2,3
135,Serie A,2022,3,4,499,Atalanta,7,3,2,1,0,4,1,3
135,Serie A,2022,3,5,503,Torino,7,3,2,1,0,4,2,2
135,Serie A,2022,3,6,497,AS Roma,7,3,2,1,0,3,1,2
135,Serie A,2022,3,7,505,Inter,6,3,2,0,1,6,4,2
135,Serie A,2022,3,8,496,Juventus,5,3,1,2,0,4,1,3
135,Serie A,2022,3,9,502,Fiorentina,5,3,1,2,0,3,2,1
135,Serie A,2022,3,10,514,Salernitana,4,3,1,1,1,4,1,3
135,Serie A,2022,3,11,494,Udinese,4,3,1,1,1,4,5,-1
135,Serie A,2022,3,12,515,Spezia,4,3,1,1,1,3,5,-2
135,Serie A,2022,3,13,488,Sassuolo,4,3,1,1,1,3,5,-2
135,Serie A,2022,3,14,511,Empoli,2,3,0,2,1,1,2,-1
135,Serie A,2022,3,15,867,Lecce,1,3,0,1,2,2,4,-2
135,Serie A,2022,3,16,500,Bologna,1,3,0,1,2,2,5,-3
135,Serie A,2022,3,17,504,Hellas Verona,1,3,0,1,2,3,7,-4
135,Serie A,2022,3,18,498,Sampdoria,1,3,0,1,2,0,6,-6
135,Serie A,2022,3,19,520,Cremonese,0,3,0,0,3,3,6,-3
135,Serie A,2022,3,20,1579,Monza,0,3,0,0,3,2,8,-6
135,Serie A,2022,4,1,499,Atalanta,10,4,3,1,0,7,2,5
135,Serie A,2022,4,2,497,AS Roma,10,4,3,1,0,6,1,5
135,Serie A,2022,4,3,505,Inter,9,4,3,0,1,9,5,4
135,Serie A,2022,4,4,492,Napoli,8,4,2,2,0,10,3,7
135,Serie A,2022,4,5,496,Juventus,8,4,2,2,0,6,1,5
135,Serie A,2022,4,6,489,AC Milan,8,4,2,2,0,7,3,4
135,Serie A,2022,4,7,487,Lazio,8,4,2,2,0,6,3,3
135,Serie A,2022,4,8,494,Udinese,7,4,2,1,1,5,5,0
135,Serie A,2022,4,9,503,Torino,7,4,2,1,1,5,5,0
135,Serie A,2022,4,10,514,Salernitana,5,4,1,2,1,5,2,3
135,Serie A,2022,4,11,502,Fiorentina,5,4,1,2,1,3,3,0
135,Serie A,2022,4,12,488,Sassuolo,5,4,1,2,1,3,5,-2
135,Serie A,2022,4,13,515,Spezia,4,4,1,1,2,3,7,-4
135,Serie A,2022,4,14,511,Empoli,3,4,0,3,1,2,3,-1
135,Serie A,2022,4,15,867,Lecce,2,4,0,2,2,3,5,-2
135,Serie A,2022,4,16,500,Bologna,2,4,0,2,2,3,6,-3
135,Serie A,2022,4,17,504,Hellas Verona,2,4,0,2,2,4,8,-4
135,Serie A,2022,4,18,498,Sampdoria,2,4,0,2,2,1,7,-6
135,Serie A,2022,4,19,520,Cremonese,0,4,0,0,4,4,9,-5
135,Serie A,2022,4,20,1579,Monza,0,4,0,0,4,2,11,-9
135,Serie A,2022,5,1,499,Atalanta,13,5,4,1,0,9,2,7
135,Serie A,2022,5,2,492,Napoli,11,5,3,2,0,12,4,8
135,Serie A,2022,5,3,489,AC Milan,11,5,3,2,0,10,5,5
135,Serie A,2022,5,4,494,Udinese,10,5,3,1,1,9,5,4
135,Serie A,2022,5,5,503,Torino,10,5,3,1,1,6,5,1
135,Serie A,2022,5,6,497,AS Roma,10,5,3,1,1,6,5,1
135,Serie A,2022,5,7,496,Juventus,9,5,2,3,0,7,2,5
135,Serie A,2022,5,8,505,Inter,9,5,3,0,2,11,8,3
135,Serie A,2022,5,9,487,Lazio,8,5,2,2,1,7,5,2
135,Serie A,2022,5,10,514,Salernitana,6,5,1,3,1,7,4,3
135,Serie A,2022,5,11,502,Fiorentina,6,5,1,3,1,4,4,0
135,Serie A,2022,5,12,488,Sassuolo,6,5,1,3,1,3,5,-2
135,Serie A,2022,5,13,504,Hellas Verona,5,5,1,2,2,6,9,-3
135,Serie A,2022,5,14,515,Spezia,5,5,1,2,2,5,9,-4
135,Serie A,2022,5,15,511,Empoli,4,5,0,4,1,4,5,-1
135,Serie A,2022,5,16,500,Bologna,3,5,0,3,2,5,8,-3
135,Serie A,2022,5,17,867,Lecce,2,5,0,2,3,3,6,-3
135,Serie A,2022,5,18,498,Sampdoria,2,5,0,2,3,2,9,-7
135,Serie A,2022,5,19,520,Cremonese,1,5,0,1,4,4,9,-5
135,Serie A,2022,5,20,1579,Monza,0,5,0,0,5,2,13,-11
135,Serie A,2022,6,1,492,Napoli,14,6,4,2,0,13,4,9
135,Serie A,2022,6,2,499,Atalanta,14,6,4,2,0,10,3,7
135,Serie A,2022,6,3,489,AC Milan,14,6,4,2,0,12,6,6
135,Serie A,2022,6,4,494,Udinese,13,6,4,1,1,12,6,6
135,Serie A,2022,6,5,497,AS Roma,13,6,4,1,1,8,6,2
135,Serie A,2022,6,6,505,Inter,12,6,4,0,2,12,8,4
135,Serie A,2022,6,7,487,Lazio,11,6,3,2,1,9,5,4
135,Serie A,2022,6,8,496,Juventus,10,6,2,4,0,9,4,5
135,Serie A,2022,6,9,503,Torino,10,6,3,1,2,6,6,0
135,Serie A,2022,6,10,514,Salernitana,7,6,1,4,1,9,6,3
135,Serie A,2022,6,11,502,Fiorentina,6,6,1,3,2,5,6,-1
135,Serie A,2022,6,12,500,Bologna,6,6,1,3,2,7,9,-2
135,Serie A,2022,6,13,488,Sassuolo,6,6,1,3,2,4,8,-4
135,Serie A,2022,6,14,504,Hellas Verona,5,6,1,2,3,6,11,-5
135,Serie A,2022,6,15,515,Spezia,5,6,1,2,3,5,10,-5
135,Serie A,2022,6,16,511,Empoli,4,6,0,4,2,5,7,-2
135,Serie A,2022,6,17,867,Lecce,3,6,0,3,3,4,7,-3
135,Serie A,2022,6,18,520,Cremonese,2,6,0,2,4,5,10,-5
135,Serie A,2022,6,19,498,Sampdoria,2,6,0,2,4,3,11,-8
135,Serie A,2022,6,20,1579,Monza,1,6,0,1,5,3,14,-11
135,Serie A,2022,7,1,492,Napoli,17,7,5,2,0,15,5,10
135,Serie A,2022,7,2,499,Atalanta,17,7,5,2,0,11,3,8
135,Serie A,2022,7,3,494,Udinese,16,7,5,1,1,15,7,8
135,Serie A,2022,7,4,487,Lazio,14,7,4,2,1,13,5,8
135,Serie A,2022,7,5,489,AC Milan,14,7,4,2,1,13,8,5
135,Serie A,2022,7,6,497,AS Roma,13,7,4,1,2,8,7,1
135,Serie A,2022,7,7,505,Inter,12,7,4,0,3,13,11,2
135,Serie A,2022,7,8,496,Juventus,10,7,2,4,1,9,5,4
135,Serie A,2022,7,9,503,Torino,10,7,3,1,3,6,7,-1
135,Serie A,2022,7,10,502,Fiorentina,9,7,2,3,2,7,6,1
135,Serie A,2022,7,11,488,Sassuolo,9,7,2,3,2,5,8,-3
135,Serie A,2022,7,12,515,Spezia,8,7,2,2,3,7,11,-4
135,Serie A,2022,7,13,514,Salernitana,7,7,1,4,2,10,8,2
135,Serie A,2022,7,14,511,Empoli,7,7,1,4,2,6,7,-1
135,Serie A,2022,7,15,867,Lecce,6,7,1,3,3,6,8,-2
135,Serie A,2022,7,16,500,Bologna,6,7,1,3,3,7,10,-3
135,Serie A,2022,7,17,504,Hellas Verona,5,7,1,2,4,6,13,-7
135,Serie A,2022,7,18,1579,Monza,4,7,1,1,5,4,14,-10
135,Serie A,2022,7,19,520,Cremonese,2,7,0,2,5,5,14,-9
135,Serie A,2022,7,20,498,Sampdoria,2,7,0,2,5,4,13,-9
135,Serie A,2022,8,1,492,Napoli,20,8,6,2,0,18,6,12
135,Serie A,2022,8,2,499,Atalanta,20,8,6,2,0,12,3,9
135,Serie A,2022,8,3,494,Udinese,19,8,6,1,1,17,8,9
135,Serie A,2022,8,4,487,Lazio,17,8,5,2,1,17,5,12
135,Serie A,2022,8,5,489,AC Milan,17,8,5,2,1,16,9,7
135,Serie A,2022,8,6,497,AS Roma,16,8,5,1,2,10,8,2
135,Serie A,2022,8,7,496,Juventus,13,8,3,4,1,12,5,7
135,Serie A,2022,8,8,488,Sassuolo,12,8,3,3,2,10,8,2
135,Serie A,2022,8,9,505,Inter,12,8,4,0,4,14,13,1
135,Serie A,2022,8,10,503,Torino,10,8,3,1,4,7,10,-3
135,Serie A,2022,8,11,502,Fiorentina,9,8,2,3,3,7,7,0
135,Serie A,2022,8,12,515,Spezia,8,8,2,2,4,7,15,-8
135,Serie A,2022,8,13,867,Lecce,7,8,1,4,3,7,9,-2
135,Serie A,2022,8,14,514,Salernitana,7,8,1,4,3,10,13,-3
135,Serie A,2022,8,15,511,Empoli,7,8,1,4,3,7,10,-3
135,Serie A,2022,8,16,1579,Monza,7,8,2,1,5,7,14,-7
135,Serie A,2022,8,17,500,Bologna,6,8,1,3,4,7,13,-6
135,Serie A,2022,8,18,504,Hellas Verona,5,8,1,2,5,7,15,-8
135,Serie A,2022,8,19,520,Cremonese,3,8,0,3,5,6,15,-9
135,Serie A,2022,8,20,498,Sampdoria,2,8,0,2,6,4,16,-12
135,Serie A,2022,9,1,492,Napoli,23,9,7,2,0,22,7,15
135,Serie A,2022,9,2,499,Atalanta,21,9,6,3,0,14,5,9
135,Serie A,2022,9,3,487,Lazio,20,9,6,2,1,21,5,16
135,Serie A,2022,9,4,494,Udinese,20,9,6,2,1,19,10,9
135,Serie A,2022,9,5,489,AC Milan,20,9,6,2,1,18,9,9
135,Serie A,2022,9,6,497,AS Roma,19,9,6,1,2,12,9,3
135,Serie A,2022,9,7,505,Inter,15,9,5,0,4,16,14,2
135,Serie A,2022,9,8,496,Juventus,13,9,3,4,2,12,7,5
135,Serie A,2022,9,9,488,Sassuolo,12,9,3,3,3,11,10,1
135,Serie A,2022,9,10,503,Torino,11,9,3,2,4,8,11,-3
135,Serie A,2022,9,11,514,Salernitana,10,9,2,4,3,12,14,-2
135,Serie A,2022,9,12,1579,Monza,10,9,3,1,5,9,14,-5
135,Serie A,2022,9,13,502,Fiorentina,9,9,2,3,4,7,11,-4
135,Serie A,2022,9,14,511,Empoli,8,9,1,5,3,8,11,-3
135,Serie A,2022,9,15,515,Spezia,8,9,2,2,5,7,17,-10
135,Serie A,2022,9,16,867,Lecce,7,9,1,4,4,8,11,-3
135,Serie A,2022,9,17,500,Bologna,7,9,1,4,4,8,14,-6
135,Serie A,2022,9,18,504,Hellas Verona,5,9,1,2,6,8,17,-9
135,Serie A,2022,9,19,520,Cremonese,3,9,0,3,6,7,19,-12
135,Serie A,2022,9,20,498,Sampdoria,3,9,0,3,6,5,17,-12
135,Serie A,2022,10,1,492,Napoli,26,10,8,2,0,25,9,16
135,Serie A,2022,10,2,499,Atalanta,24,10,7,3,0,16,6,10
135,Serie A,2022,10,3,489,AC Milan,23,10,7,2,1,20,10,10
135,Serie A,2022,10,4,497,AS Roma,22,10,7,1,2,13,9,4
135,Serie A,2022,10,5,487,Lazio,21,10,6,3,1,21,5,16
135,Serie A,2022,10,6,494,Udinese,21,10,6,3,1,19,10,9
135,Serie A,2022,10,7,505,Inter,18,10,6,0,4,18,14,4
135,Serie A,2022,10,8,496,Juventus,16,10,4,4,2,13,7,6
135,Serie A,2022,10,9,488,Sassuolo,12,10,3,3,4,12,12,0
135,Serie A,2022,10,10,511,Empoli,11,10,2,5,3,9,11,-2
135,Serie A,2022,10,11,503,Torino,11,10,3,2,5,8,12,-4
135,Serie A,2022,10,12,514,Salernitana,10,10,2,4,4,12,16,-4
135,Serie A,2022,10,13,502,Fiorentina,10,10,2,4,4,8,12,-4
135,Serie A,2022,10,14,1579,Monza,10,10,3,1,6,9,15,-6
135,Serie A,2022,10,15,515,Spezia,9,10,2,3,5,9,19,-10
135,Serie A,2022,10,16,867,Lecce,8,10,1,5,4,9,12,-3
135,Serie A,2022,10,17,500,Bologna,7,10,1,4,5,10,17,-7
135,Serie A,2022,10,18,504,Hellas Verona,5,10,1,2,7,9,19,-10
135,Serie A,2022,10,19,520,Cremonese,4,10,0,4,6,9,21,-12
135,Serie A,2022,10,20,498,Sampdoria,3,10,0,3,7,5,18,-13
135,Serie A,2022,11,1,492,Napoli,29,11,9,2,0,26,9,17
135,Serie A,2022,11,2,489,AC Milan,26,11,8,2,1,24,11,13
135,Serie A,2022,11,3,487,Lazio,24,11,7,3,1,23,5,18
135,Serie A,2022,11,4,499,Atalanta,24,11,7,3,1,16,8,8
135,Serie A,2022,11,5,497,AS Roma,22,11,7,1,3,13,10,3
135,Serie A,2022,11,6,494,Udinese,21,11,6,3,2,20,12,8
135,Serie A,2022,11,7,505,Inter,21,11,7,0,4,22,17,5
135,Serie A,2022,11,8,496,Juventus,19,11,5,4,2,17,7,10
135,Serie A,2022,11,9,488,Sassuolo,15,11,4,3,4,14,13,1
135,Serie A,2022,11,10,503,Torino,14,11,4,2,5,10,13,-3
135,Serie A,2022,11,11,514,Salernitana,13,11,3,4,4,13,16,-3
135,Serie A,2022,11,12,511,Empoli,11,11,2,5,4,9,15,-6
135,Serie A,2022,11,13,500,Bologna,10,11,2,4,5,12,17,-5
135,Serie A,2022,11,14,502,Fiorentina,10,11,2,4,5,11,16,-5
135,Serie A,2022,11,15,1579,Monza,10,11,3,1,7,10,19,-9
135,Serie A,2022,11,16,515,Spezia,9,11,2,3,6,9,20,-11
135,Serie A,2022,11,17,867,Lecce,8,11,1,5,5,9,14,-5
135,Serie A,2022,11,18,498,Sampdoria,6,11,1,3,7,6,18,-12
135,Serie A,2022,11,19,504,Hellas Verona,5,11,1,2,8,10,21,-11
135,Serie A,2022,11,20,520,Cremonese,4,11,0,4,7,9,22,-13
135,Serie A,2022,12,1,492,Napoli,32,12,10,2,0,30,9,21
135,Serie A,2022,12,2,499,Atalanta,27,12,8,3,1,18,8,10
135,Serie A,2022,12,3,489,AC Milan,26,12,8,2,2,25,13,12
135,Serie A,2022,12,4,497,AS Roma,25,12,8,1,3,16,11,5
135,Serie A,2022,12,5,487,Lazio,24,12,7,3,2,24,8,16
135,Serie A,2022,12,6,505,Inter,24,12,8,0,4,25,17,8
135,Serie A,2022,12,7,496,Juventus,22,12,6,4,2,18,7,11
135,Serie A,2022,12,8,494,Udinese,22,12,6,4,2,20,12,8
135,Serie A,2022,12,9,503,Torino,17,12,5,2,5,12,14,-2
135,Serie A,2022,12,10,514,Salernitana,16,12,4,4,4,16,17,-1
135,Serie A,2022,12,11,488,Sassuolo,15,12,4,3,5,14,17,-3
135,Serie A,2022,12,12,500,Bologna,13,12,3,4,5,14,18,-4
135,Serie A,2022,12,13,502,Fiorentina,13,12,3,4,5,13,17,-4
135,Serie A,2022,12,14,511,Empoli,11,12,2,5,5,9,17,-8
135,Serie A,2022,12,15,1579,Monza,10,12,3,1,8,11,21,-10
135,Serie A,2022,12,16,515,Spezia,9,12,2,3,7,10,22,-12
135,Serie A,2022,12,17,867,Lecce,8,12,1,5,6,9,15,-6
135,Serie A,2022,12,18,498,Sampdoria,6,12,1,3,8,6,21,-15
135,Serie A,2022,12,19,504,Hellas Verona,5,12,1,2,9,11,24,-13
135,Serie A,2022,12,20,520,Cremonese,5,12,0,5,7,9,22,-13
135,Serie A,2022,13,1,492,Napoli,35,13,11,2,0,32,10,22
135,Serie A,2022,13,2,489,AC Milan,29,13,9,2,2,27,14,13
135,Serie A,2022,13,3,487,Lazio,27,13,8,3,2,25,8,17
135,Serie A,2022,13,4,499,Atalanta,27,13,8,3,2,19,10,9
135,Serie A,2022,13,5,496,Juventus,25,13,7,4,2,20,7,13
135,Serie A,2022,13,6,497,AS Roma,25,13,8,1,4,16,12,4
135,Serie A,2022,13,7,505,Inter,24,13,8,0,5,25,19,6
135,Serie A,2022,13,8,494,Udinese,23,13,6,5,2,21,13,8
135,Serie A,2022,13,9,514,Salernitana,17,13,4,5,4,18,19,-1
135,Serie A,2022,13,10,503,Torino,17,13,5,2,6,13,16,-3
135,Serie A,2022,13,11,502,Fiorentina,16,13,4,4,5,15,17,-2
135,Serie A,2022,13,12,500,Bologna,16,13,4,4,5,16,19,-3
135,Serie A,2022,13,13,488,Sassuolo,15,13,4,3,6,14,18,-4
135,Serie A,2022,13,14,511,Empoli,14,13,3,5,5,10,17,-7
135,Serie A,2022,13,15,1579,Monza,13,13,4,1,8,13,21,-8
135,Serie A,2022,13,16,867,Lecce,9,13,1,6,6,10,16,-6
135,Serie A,2022,13,17,515,Spezia,9,13,2,3,8,11,24,-13
135,Serie A,2022,13,18,520,Cremonese,6,13,0,6,7,11,24,-13
135,Serie A,2022,13,19,498,Sampdoria,6,13,1,3,9,6,23,-17
135,Serie A,2022,13,20,504,Hellas Verona,5,13,1,2,10,11,26,-15
135,Serie A,2022,14,1,492,Napoli,38,14,12,2,0,34,10,24
135,Serie A,2022,14,2,487,Lazio,30,14,9,3,2,26,8,18
135,Serie A,2022,14,3,489,AC Milan,30,14,9,3,2,27,14,13
135,Serie A,2022,14,4,496,Juventus,28,14,8,4,2,21,7,14
135,Serie A,2022,14,5,505,Inter,27,14,9,0,5,31,20,11
135,Serie A,2022,14,6,499,Atalanta,27,14,8,3,3,20,12,8
135,Serie A,2022,14,7,497,AS Roma,26,14,8,2,4,17,13,4
135,Serie A,2022,14,8,494,Udinese,24,14,6,6,2,22,14,8
135,Serie A,2022,14,9,503,Torino,20,14,6,2,6,15,16,-1
135,Serie A,2022,14,10,502,Fiorentina,19,14,5,4,5,17,18,-1
135,Serie A,2022,14,11,514,Salernitana,17,14,4,5,5,19,21,-2
135,Serie A,2022,14,12,488,Sassuolo,16,14,4,4,6,15,19,-4
135,Serie A,2022,14,13,500,Bologna,16,14,4,4,6,17,25,-8
135,Serie A,2022,14,14,511,Empoli,14,14,3,5,6,10,19,-9
135,Serie A,2022,14,15,1579,Monza,13,14,4,1,9,13,22,-9
135,Serie A,2022,14,16,867,Lecce,12,14,2,6,6,12,17,-5
135,Serie A,2022,14,17,515,Spezia,10,14,2,4,8,12,25,-13
135,Serie A,2022,14,18,520,Cremonese,7,14,0,7,7,11,24,-13
135,Serie A,2022,14,19,498,Sampdoria,6,14,1,3,10,6,25,-19
135,Serie A,2022,14,20,504,Hellas Verona,5,14,1,2,11,11,27,-16
135,Serie A,2022,15,1,492,Napoli,41,15,13,2,0,37,12,25
135,Serie A,2022,15,2,489,AC Milan,33,15,10,3,2,29,15,14
135,Serie A,2022,15,3,496,Juventus,31,15,9,4,2,24,7,17
135,Serie A,2022,15,4,487,Lazio,30,15,9,3,3,26,11,15
135,Serie A,2022,15,5,505,Inter,30,15,10,0,5,34,22,12
135,Serie A,2022,15,6,499,Atalanta,27,15,8,3,4,22,15,7
135,Serie A,2022,15,7,497,AS Roma,27,15,8,3,4,18,14,4
135,Serie A,2022,15,8,494,Udinese,24,15,6,6,3,24,17,7
135,Serie A,2022,15,9,503,Torino,21,15,6,3,6,16,17,-1
135,Serie A,2022,15,10,502,Fiorentina,19,15,5,4,6,18,20,-2
135,Serie A,2022,15,11,500,Bologna,19,15,5,4,6,20,25,-5
135,Serie A,2022,15,12,514,Salernitana,17,15,4,5,6,19,24,-5
135,Serie A,2022,15,13,511,Empoli,17,15,4,5,6,12,19,-7
135,Serie A,2022,15,14,1579,Monza,16,15,5,1,9,16,22,-6
135,Serie A,2022,15,15,488,Sassuolo,16,15,4,4,7,15,22,-7
135,Serie A,2022,15,16,867,Lecce,15,15,3,6,6,14,17,-3
135,Serie A,2022,15,17,515,Spezia,13,15,3,4,8,14,26,-12
135,Serie A,2022,15,18,520,Cremonese,7,15,0,7,8,11,26,-15
135,Serie A,2022,15,19,498,Sampdoria,6,15,1,3,11,6,27,-21
135,Serie A,2022,15,20,504,Hellas Verona,5,15,1,2,12,12,29,-17
135,Serie A,2022,16,1,492,Napoli,41,16,13,2,1,37,13,24
135,Serie A,2022,16,2,489,AC Milan,36,16,11,3,2,31,16,15
135,Serie A,2022,16,3,496,Juventus,34,16,10,4,2,25,7,18
135,Serie A,2022,16,4,505,Inter,33,16,11,0,5,35,22,13
135,Serie A,2022,16,5,487,Lazio,30,16,9,3,4,27,13,14
135,Serie A,2022,16,6,497,AS Roma,30,16,9,3,4,19,14,5
135,Serie A,2022,16,7,499,Atalanta,28,16,8,4,4,24,17,7
135,Serie A,2022,16,8,494,Udinese,25,16,6,7,3,25,18,7
135,Serie A,2022,16,9,503,Torino,22,16,6,4,6,17,18,-1
135,Serie A,2022,16,10,502,Fiorentina,20,16,5,5,6,19,21,-2
135,Serie A,2022,16,11,500,Bologna,19,16,5,4,7,20,26,-6
135,Serie A,2022,16,12,867,Lecce,18,16,4,6,6,16,18,-2
135,Serie A,2022,16,13,511,Empoli,18,16,4,6,6,13,20,-7
135,Serie A,2022,16,14,514,Salernitana,17,16,4,5,7,20,26,-6
135,Serie A,2022,16,15,1579,Monza,17,16,5,2,9,17,23,-6
135,Serie A,2022,16,16,488,Sassuolo,16,16,4,4,8,16,24,-8
135,Serie A,2022,16,17,515,Spezia,14,16,3,5,8,16,28,-12
135,Serie A,2022,16,18,498,Sampdoria,9,16,2,3,11,8,28,-20
135,Serie A,2022,16,19,520,Cremonese,7,16,0,7,9,11,27,-16
135,Serie A,2022,16,20,504,Hellas Verona,6,16,1,3,12,13,30,-17
135,Serie A,2022,17,1,492,Napoli,44,17,14,2,1,39,13,26
135,Serie A,2022,17,2,496,Juventus,37,17,11,4,2,26,7,19
135,Serie A,2022,17,3,489,AC Milan,37,17,11,4,2,33,18,15
135,Serie A,2022,17,4,505,Inter,34,17,11,1,5,37,24,13
135,Serie A,2022,17,5,487,Lazio,31,17,9,4,4,29,15,14
135,Serie A,2022,17,6,499,Atalanta,31,17,9,4,4,26,18,8
135,Serie A,2022,17,7,497,AS Roma,31,17,9,4,4,21,16,5
135,Serie A,2022,17,8,494,Udinese,25,17,6,7,4,25,19,6
135,Serie A,2022,17,9,502,Fiorentina,23,17,6,5,6,21,22,-1
135,Serie A,2022,17,10,503,Torino,23,17,6,5,6,18,19,-1
135,Serie A,2022,17,11,867,Lecce,19,17,4,7,6,16,18,-2
135,Serie A,2022,17,12,500,Bologna,19,17,5,4,8,21,28,-7
135,Serie A,2022,17,13,511,Empoli,19,17,4,7,6,15,22,-7
135,Serie A,2022,17,14,514,Salernitana,18,17,4,6,7,21,27,-6
135,Serie A,2022,17,15,1579,Monza,18,17,5,3,9,19,25,-6
135,Serie A,2022,17,16,488,Sassuolo,16,17,4,4,9,17,26,-9
135,Serie A,2022,17,17,515,Spezia,15,17,3,6,8,16,28,-12
135,Serie A,2022,17,18,504,Hellas Verona,9,17,2,3,12,15,30,-15
135,Serie A,2022,17,19,498,Sampdoria,9,17,2,3,12,8,30,-22
135,Serie A,2022,17,20,520,Cremonese,7,17,0,7,10,11,29,-18
135,Serie A,2022,18,1,492,Napoli,47,18,15,2,1,44,14,30
135,Serie A,2022,18,2,489,AC Milan,38,18,11,5,2,35,20,15
135,Serie A,2022,18,3,496,Juventus,37,18,11,4,3,27,12,15
135,Serie A,2022,18,4,505,Inter,37,18,12,1,5,38,24,14
135,Serie A,2022,18,5,487,Lazio,34,18,10,4,4,31,15,16
135,Serie A,2022,18,6,499,Atalanta,34,18,10,4,4,34,20,14
135,Serie A,2022,18,7,497,AS Roma,34,18,10,4,4,23,16,7
135,Serie A,2022,18,8,494,Udinese,25,18,6,7,5,26,21,5
135,Serie A,2022,18,9,503,Torino,23,18,6,5,7,18,20,-2
135,Serie A,2022,18,10,502,Fiorentina,23,18,6,5,7,21,24,-3
135,Serie A,2022,18,11,500,Bologna,22,18,6,4,8,23,29,-6
135,Serie A,2022,18,12,511,Empoli,22,18,5,7,6,16,22,-6
135,Serie A,2022,18,13,1579,Monza,21,18,6,3,9,22,27,-5
135,Serie A,2022,18,14,867,Lecce,20,18,4,8,6,18,20,-2
135,Serie A,2022,18,15,515,Spezia,18,18,4,6,8,17,28,-11
135,Serie A,2022,18,16,514,Salernitana,18,18,4,6,8,23,35,-12
135,Serie A,2022,18,17,488,Sassuolo,16,18,4,4,10,17,28,-11
135,Serie A,2022,18,18,504,Hellas Verona,9,18,2,3,13,15,31,-16
135,Serie A,2022,18,19,498,Sampdoria,9,18,2,3,13,8,31,-23
135,Serie A,2022,18,20,520,Cremonese,7,18,0,7,11,13,32,-19
135,Serie A,2022,19,1,492,Napoli,50,19,16,2,1,46,14,32
135,Serie A,2022,19,2,496,Juventus,38,19,11,5,3,30,15,15
135,Serie A,2022,19,3,489,AC Milan,38,19,11,5,3,35,24,11
135,Serie A,2022,19,4,487,Lazio,37,19,11,4,4,35,15,20
135,Serie A,2022,19,5,505,Inter,37,19,12,1,6,38,25,13
135,Serie A,2022,19,6,497,AS Roma,37,19,11,4,4,25,16,9
135,Serie A,2022,19,7,499,Atalanta,35,19,10,5,4,37,23,14
135,Serie A,2022,19,8,494,Udinese,28,19,7,7,5,27,21,6
135,Serie A,2022,19,9,503,Torino,26,19,7,5,7,19,20,-1
135,Serie A,2022,19,10,511,Empoli,25,19,6,7,6,17,22,-5
135,Serie A,2022,19,11,502,Fiorentina,23,19,6,5,8,21,25,-4
135,Serie A,2022,19,12,500,Bologna,23,19,6,5,8,24,30,-6
135,Serie A,2022,19,13,1579,Monza,22,19,6,4,9,23,28,-5
135,Serie A,2022,19,14,867,Lecce,20,19,4,8,7,18,22,-4
135,Serie A,2022,19,15,515,Spezia,18,19,4,6,9,17,30,-13
135,Serie A,2022,19,16,514,Salernitana,18,19,4,6,9,23,37,-14
135,Serie A,2022,19,17,488,Sassuolo,17,19,4,5,10,18,29,-11
135,Serie A,2022,19,18,504,Hellas Verona,12,19,3,3,13,17,31,-14
135,Serie A,2022,19,19,498,Sampdoria,9,19,2,3,14,8,32,-24
135,Serie A,2022,19,20,520,Cremonese,8,19,0,8,11,14,33,-19
135,Serie A,2022,20,1,492,Napoli,53,20,17,2,1,48,15,33
135,Serie A,2022,20,2,505,Inter,40,20,13,1,6,40,26,14
135,Serie A,2022,20,3,487,Lazio,38,20,11,5,4,36,16,20
135,Serie A,2022,20,4,499,Atalanta,38,20,11,5,4,39,23,16
135,Serie A,2022,20,5,496,Juventus,38,20,11,5,4,30,17,13
135,Serie A,2022,20,6,489,AC Milan,38,20,11,5,4,37,29,8
135,Serie A,2022,20,7,497,AS Roma,37,20,11,4,5,26,18,8
135,Serie A,2022,20,8,494,Udinese,29,20,7,8,5,28,22,6
135,Serie A,2022,20,9,503,Torino,27,20,7,6,7,21,22,-1
135,Serie A,2022,20,10,500,Bologna,26,20,7,5,8,26,30,-4
135,Serie A,2022,20,11,511,Empoli,26,20,6,8,6,19,24,-5
135,Serie A,2022,20,12,1579,Monza,25,20,7,4,9,25,28,-3
135,Serie A,2022,20,13,502,Fiorentina,24,20,6,6,8,22,26,-4
135,Serie A,2022,20,14,514,Salernitana,21,20,5,6,9,25,38,-13
135,Serie A,2022,20,15,867,Lecce,20,20,4,8,8,19,24,-5
135,Serie A,2022,20,16,488,Sassuolo,20,20,5,5,10,23,31,-8
135,Serie A,2022,20,17,515,Spezia,18,20,4,6,10,17,32,-15
135,Serie A,2022,20,18,504,Hellas Verona,13,20,3,4,13,18,32,-14
135,Serie A,2022,20,19,498,Sampdoria,9,20,2,3,15,8,34,-26
135,Serie A,2022,20,20,520,Cremonese,8,20,0,8,12,15,35,-20
135,Serie A,2022,21,1,492,Napoli,56,21,18,2,1,51,15,36
135,Serie A,2022,21,2,505,Inter,43,21,14,1,6,41,26,15
135,Serie A,2022,21,3,496,Juventus,41,21,12,5,4,33,17,16
135,Serie A,2022,21,4,497,AS Roma,40,21,12,4,5,28,18,10
135,Serie A,2022,21,5,487,Lazio,39,21,11,6,4,37,17,20
135,Serie A,2022,21,6,499,Atalanta,38,21,11,5,5,39,24,15
135,Serie A,2022,21,7,489,AC Milan,38,21,11,5,5,37,30,7
135,Serie A,2022,21,8,503,Torino,30,21,8,6,7,22,22,0
135,Serie A,2022,21,9,494,Udinese,29,21,7,8,6,28,23,5
135,Serie A,2022,21,10,500,Bologna,29,21,8,5,8,28,31,-3
135,Serie A,2022,21,11,1579,Monza,26,21,7,5,9,27,30,-3
135,Serie A,2022,21,12,511,Empoli,26,21,6,8,7,19,26,-7
135,Serie A,2022,21,13,502,Fiorentina,24,21,6,6,9,23,28,-5
135,Serie A,2022,21,14,867,Lecce,23,21,5,8,8,21,24,-3
135,Serie A,2022,21,15,488,Sassuolo,23,21,6,5,10,24,31,-7
135,Serie A,2022,21,16,514,Salernitana,21,21,5,6,10,25,41,-16
135,Serie A,2022,21,17,515,Spezia,18,21,4,6,11,17,35,-18
135,Serie A,2022,21,18,504,Hellas Verona,14,21,3,5,13,19,33,-14
135,Serie A,2022,21,19,498,Sampdoria,10,21,2,4,15,10,36,-26
135,Serie A,2022,21,20,520,Cremonese,8,21,0,8,13,15,37,-22
135,Serie A,2022,22,1,492,Napoli,59,22,19,2,1,54,15,39
135,Serie A,2022,22,2,496,Juventus,44,22,13,5,4,34,17,17
135,Serie A,2022,22,3,505,Inter,44,22,14,2,6,41,26,15
135,Serie A,2022,22,4,499,Atalanta,41,22,12,5,5,41,24,17
135,Serie A,2022,22,5,497,AS Roma,41,22,12,5,5,29,19,10
135,Serie A,2022,22,6,489,AC Milan,41,22,12,5,5,38,30,8
135,Serie A,2022,22,7,487,Lazio,39,22,11,6,5,37,19,18
135,Serie A,2022,22,8,494,Udinese,30,22,7,9,6,30,25,5
135,Serie A,2022,22,9,503,Torino,30,22,8,6,8,22,23,-1
135,Serie A,2022,22,10,1579,Monza,29,22,8,5,9,28,30,-2
135,Serie A,2022,22,11,500,Bologna,29,22,8,5,9,28,32,-4
135,Serie A,2022,22,12,511,Empoli,27,22,6,9,7,21,28,-7
135,Serie A,2022,22,13,867,Lecce,24,22,5,9,8,22,25,-3
135,Serie A,2022,22,14,502,Fiorentina,24,22,6,6,10,23,29,-6
135,Serie A,2022,22,15,488,Sassuolo,24,22,6,6,10,26,33,-7
135,Serie A,2022,22,16,514,Salernitana,21,22,5,6,11,25,42,-17
135,Serie A,2022,22,17,515,Spezia,19,22,4,7,11,19,37,-18
135,Serie A,2022,22,18,504,Hellas Verona,17,22,4,5,13,20,33,-13
135,Serie A,2022,22,19,498,Sampdoria,11,22,2,5,15,10,36,-26
135,Serie A,2022,22,20,520,Cremonese,8,22,0,8,14,15,40,-25
135,Serie A,2022,23,1,492,Napoli,62,23,20,2,1,56,15,41
135,Serie A,2022,23,2,496,Juventus,47,23,14,5,4,36,17,19
135,Serie A,2022,23,3,505,Inter,47,23,15,2,6,44,27,17
135,Serie A,2022,23,4,497,AS Roma,44,23,13,5,5,30,19,11
135,Serie A,2022,23,5,489,AC Milan,44,23,13,5,5,39,30,9
135,Serie A,2022,23,6,487,Lazio,42,23,12,6,5,39,19,20
135,Serie A,2022,23,7,499,Atalanta,41,23,12,5,6,42,26,16
135,Serie A,2022,23,8,500,Bologna,32,23,9,5,9,30,33,-3
135,Serie A,2022,23,9,503,Torino,31,23,8,7,8,24,25,-1
135,Serie A,2022,23,10,494,Udinese,30,23,7,9,7,31,28,3
135,Serie A,2022,23,11,1579,Monza,29,23,8,5,10,28,31,-3
135,Serie A,2022,23,12,511,Empoli,28,23,6,10,7,22,29,-7
135,Serie A,2022,23,13,867,Lecce,27,23,6,9,8,24,26,-2
135,Serie A,2022,23,14,502,Fiorentina,25,23,6,7,10,24,30,-6
135,Serie A,2022,23,15,488,Sassuolo,24,23,6,6,11,26,35,-9
135,Serie A,2022,23,16,514,Salernitana,21,23,5,6,12,25,44,-19
135,Serie A,2022,23,17,515,Spezia,19,23,4,7,12,19,39,-20
135,Serie A,2022,23,18,504,Hellas Verona,17,23,4,5,14,20,34,-14
135,Serie A,2022,23,19,498,Sampdoria,11,23,2,5,16,11,38,-27
135,Serie A,2022,23,20,520,Cremonese,9,23,0,9,14,17,42,-25
135,Serie A,2022,24,1,492,Napoli,65,24,21,2,1,58,15,43
135,Serie A,2022,24,2,496,Juventus,50,24,15,5,4,40,19,21
135,Serie A,2022,24,3,505,Inter,47,24,15,2,7,44,28,16
135,Serie A,2022,24,4,489,AC Milan,47,24,14,5,5,41,30,11
135,Serie A,2022,24,5,487,Lazio,45,24,13,6,5,40,19,21
135,Serie A,2022,24,6,497,AS Roma,44,24,13,5,6,31,21,10
135,Serie A,2022,24,7,499,Atalanta,41,24,12,5,7,42,28,14
135,Serie A,2022,24,8,500,Bologna,35,24,10,5,9,31,33,-2
135,Serie A,2022,24,9,494,Udinese,31,24,7,10,7,33,30,3
135,Serie A,2022,24,10,503,Torino,31,24,8,7,9,26,29,-3
135,Serie A,2022,24,11,1579,Monza,29,24,8,5,11,28,34,-6
135,Serie A,2022,24,12,502,Fiorentina,28,24,7,7,10,27,30,-3
135,Serie A,2022,24,13,511,Empoli,28,24,6,10,8,22,31,-9
135,Serie A,2022,24,14,867,Lecce,27,24,6,9,9,24,27,-3
135,Serie A,2022,24,15,488,Sassuolo,27,24,7,6,11,27,35,-8
135,Serie A,2022,24,16,514,Salernitana,24,24,6,6,12,28,44,-16
135,Serie A,2022,24,17,515,Spezia,20,24,4,8,12,21,41,-20
135,Serie A,2022,24,18,504,Hellas Verona,17,24,4,5,15,20,37,-17
135,Serie A,2022,24,19,520,Cremonese,12,24,1,9,14,19,43,-24
135,Serie A,2022,24,20,498,Sampdoria,11,24,2,5,17,11,39,-28
135,Serie A,2022,25,1,492,Napoli,65,25,21,2,2,58,16,42
135,Serie A,2022,25,2,496,Juventus,50,25,15,5,5,40,20,20
135,Serie A,2022,25,3,505,Inter,50,25,16,2,7,46,28,18
135,Serie A,2022,25,4,487,Lazio,48,25,14,6,5,41,19,22
135,Serie A,2022,25,5,497,AS Roma,47,25,14,5,6,32,21,11
135,Serie A,2022,25,6,489,AC Milan,47,25,14,5,6,42,32,10
135,Serie A,2022,25,7,499,Atalanta,42,25,12,6,7,42,28,14
135,Serie A,2022,25,8,500,Bologna,35,25,10,5,10,31,34,-3
135,Serie A,2022,25,9,503,Torino,34,25,9,7,9,27,29,-2
135,Serie A,2022,25,10,494,Udinese,32,25,7,11,7,33,30,3
135,Serie A,2022,25,11,1579,Monza,32,25,9,5,11,30,35,-5
135,Serie A,2022,25,12,502,Fiorentina,31,25,8,7,10,29,31,-2
135,Serie A,2022,25,13,488,Sassuolo,30,25,8,6,11,30,37,-7
135,Serie A,2022,25,14,511,Empoli,28,25,6,10,9,23,33,-10
135,Serie A,2022,25,15,867,Lecce,27,25,6,9,10,24,29,-5
135,Serie A,2022,25,16,514,Salernitana,25,25,6,7,12,28,44,-16
135,Serie A,2022,25,17,515,Spezia,21,25,4,9,12,21,41,-20
135,Serie A,2022,25,18,504,Hellas Verona,18,25,4,6,15,20,37,-17
135,Serie A,2022,25,19,520,Cremonese,12,25,1,9,15,21,46,-25
135,Serie A,2022,25,20,498,Sampdoria,12,25,2,6,17,11,39,-28
135,Serie A,2022,26,1,492,Napoli,68,26,22,2,2,60,16,44
135,Serie A,2022,26,2,496,Juventus,53,26,16,5,5,44,22,22
135,Serie A,2022,26,3,505,Inter,50,26,16,2,8,47,30,17
135,Serie A,2022,26,4,487,Lazio,49,26,14,7,5,41,19,22
135,Serie A,2022,26,5,489,AC Milan,48,26,14,6,6,43,33,10
135,Serie A,2022,26,6,497,AS Roma,47,26,14,5,7,35,25,10
135,Serie A,2022,26,7,499,Atalanta,42,26,12,6,8,42,30,12
135,Serie A,2022,26,8,503,Torino,37,26,10,7,9,29,29,0
135,Serie A,2022,26,9,500,Bologna,36,26,10,6,10,31,34,-3
135,Serie A,2022,26,10,494,Udinese,35,26,8,11,7,34,30,4
135,Serie A,2022,26,11,502,Fiorentina,34,26,9,7,10,31,31,0
135,Serie A,2022,26,12,1579,Monza,33,26,9,6,11,31,36,-5
135,Serie A,2022,26,13,488,Sassuolo,33,26,9,6,11,34,40,-6
135,Serie A,2022,26,14,511,Empoli,28,26,6,10,10,23,34,-11
135,Serie A,2022,26,15,867,Lecce,27,26,6,9,11,24,31,-7
135,Serie A,2022,26,16,514,Salernitana,26,26,6,8,12,29,45,-16
135,Serie A,2022,26,17,515,Spezia,24,26,5,9,12,23,42,-19
135,Serie A,2022,26,18,504,Hellas Verona,19,26,4,7,15,21,38,-17
135,Serie A,2022,26,19,520,Cremonese,12,26,1,9,16,21,48,-27
135,Serie A,2022,26,20,498,Sampdoria,12,26,2,6,18,13,43,-30
135,Serie A,2022,27,1,492,Napoli,71,27,23,2,2,64,16,48
135,Serie A,2022,27,2,496,Juventus,56,27,17,5,5,45,22,23
135,Serie A,2022,27,3,487,Lazio,52,27,15,7,5,42,19,23
135,Serie A,2022,27,4,505,Inter,50,27,16,2,9,47,31,16
135,Serie A,2022,27,5,489,AC Milan,48,27,14,6,7,44,36,8
135,Serie A,2022,27,6,497,AS Roma,47,27,14,5,8,35,26,9
135,Serie A,2022,27,7,499,Atalanta,45,27,13,6,8,44,31,13
135,Serie A,2022,27,8,494,Udinese,38,27,9,11,7,37,31,6
135,Serie A,2022,27,9,502,Fiorentina,37,27,10,7,10,32,31,1
135,Serie A,2022,27,10,500,Bologna,37,27,10,7,10,33,36,-3
135,Serie A,2022,27,11,503,Torino,37,27,10,7,10,29,33,-4
135,Serie A,2022,27,12,488,Sassuolo,36,27,10,6,11,35,40,-5
135,Serie A,2022,27,13,1579,Monza,34,27,9,7,11,32,37,-5
135,Serie A,2022,27,14,511,Empoli,28,27,6,10,11,24,36,-12
135,Serie A,2022,27,15,867,Lecce,27,27,6,9,12,24,32,-8
135,Serie A,2022,27,16,514,Salernitana,27,27,6,9,12,31,47,-16
135,Serie A,2022,27,17,515,Spezia,24,27,5,9,13,23,43,-20
135,Serie A,2022,27,18,504,Hellas Verona,19,27,4,7,16,22,41,-19
135,Serie A,2022,27,19,498,Sampdoria,15,27,3,6,18,16,44,-28
135,Serie A,2022,27,20,520,Cremonese,13,27,1,10,16,22,49,-27
135,Serie A,2022,28,1,492,Napoli,71,28,23,2,3,64,20,44
135,Serie A,2022,28,2,496,Juventus,59,28,18,5,5,46,22,24
135,Serie A,2022,28,3,487,Lazio,55,28,16,7,5,44,19,25
135,Serie A,2022,28,4,489,AC Milan,51,28,15,6,7,48,36,12
135,Serie A,2022,28,5,505,Inter,50,28,16,2,10,47,32,15
135,Serie A,2022,28,6,497,AS Roma,50,28,15,5,8,38,26,12
135,Serie A,2022,28,7,499,Atalanta,48,28,14,6,8,47,32,15
135,Serie A,2022,28,8,502,Fiorentina,40,28,11,7,10,33,31,2
135,Serie A,2022,28,9,500,Bologna,40,28,11,7,10,36,36,0
135,Serie A,2022,28,10,494,Udinese,38,28,9,11,8,37,34,3
135,Serie A,2022,28,11,503,Torino,38,28,10,8,10,30,34,-4
135,Serie A,2022,28,12,488,Sassuolo,37,28,10,7,11,36,41,-5
135,Serie A,2022,28,13,1579,Monza,34,28,9,7,12,32,39,-7
135,Serie A,2022,28,14,511,Empoli,31,28,7,10,11,25,36,-11
135,Serie A,2022,28,15,514,Salernitana,28,28,6,10,12,32,48,-16
135,Serie A,2022,28,16,867,Lecce,27,28,6,9,13,24,33,-9
135,Serie A,2022,28,17,515,Spezia,25,28,5,10,13,24,44,-20
135,Serie A,2022,28,18,504,Hellas Verona,19,28,4,7,17,22,42,-20
135,Serie A,2022,28,19,498,Sampdoria,15,28,3,6,19,16,47,-31
135,Serie A,2022,28,20,520,Cremonese,13,28,1,10,17,23,52,-29
135,Serie A,2022,29,1,492,Napoli,74,29,24,2,3,66,21,45
135,Serie A,2022,29,2,496,Juventus,59,29,18,5,6,47,24,23
135,Serie A,2022,29,3,487,Lazio,58,29,17,7,5,46,20,26
135,Serie A,2022,29,4,497,AS Roma,53,29,16,5,8,39,26,13
135,Serie A,2022,29,5,489,AC Milan,52,29,15,7,7,48,36,12
135,Serie A,2022,29,6,505,Inter,51,29,16,3,10,48,33,15
135,Serie A,2022,29,7,499,Atalanta,48,29,14,6,9,47,34,13
135,Serie A,2022,29,8,500,Bologna,43,29,12,7,10,38,36,2
135,Serie A,2022,29,9,502,Fiorentina,41,29,11,8,10,34,32,2
135,Serie A,2022,29,10,494,Udinese,39,29,9,12,8,39,36,3
135,Serie A,2022,29,11,503,Torino,38,29,10,8,11,30,35,-5
135,Serie A,2022,29,12,488,Sassuolo,37,29,10,7,12,37,43,-6
135,Serie A,2022,29,13,1579,Monza,35,29,9,8,12,34,41,-7
135,Serie A,2022,29,14,511,Empoli,32,29,7,11,11,25,36,-11
135,Serie A,2022,29,15,514,Salernitana,29,29,6,11,12,33,49,-16
135,Serie A,2022,29,16,867,Lecce,27,29,6,9,14,25,35,-10
135,Serie A,2022,29,17,515,Spezia,26,29,5,11,13,25,45,-20
135,Serie A,2022,29,18,504,Hellas Verona,22,29,5,7,17,24,43,-19
135,Serie A,2022,29,19,520,Cremonese,16,29,2,10,17,26,54,-28
135,Serie A,2022,29,20,498,Sampdoria,15,29,3,6,20,18,50,-32
135,Serie A,2022,30,1,492,Napoli,75,30,24,3,3,66,21,45
135,Serie A,2022,30,2,487,Lazio,61,30,18,7,5,49,20,29
135,Serie A,2022,30,3,496,Juventus,59,30,18,5,7,47,25,22
135,Serie A,2022,30,4,497,AS Roma,56,30,17,5,8,42,26,16
135,Serie A,2022,30,5,489,AC Milan,53,30,15,8,7,49,37,12
135,Serie A,2022,30,6,505,Inter,51,30,16,3,11,48,34,14
135,Serie A,2022,30,7,499,Atalanta,49,30,14,7,9,48,35,13
135,Serie A,2022,30,8,500,Bologna,44,30,12,8,10,39,37,2
135,Serie A,2022,30,9,502,Fiorentina,42,30,11,9,10,35,33,2
135,Serie A,2022,30,10,488,Sassuolo,40,30,11,7,12,38,43,-5
135,Serie A,2022,30,11,494,Udinese,39,30,9,12,9,39,39,0
135,Serie A,2022,30,12,503,Torino,39,30,10,9,11,31,36,-5
135,Serie A,2022,30,13,1579,Monza,38,30,10,8,12,35,41,-6
135,Serie A,2022,30,14,511,Empoli,32,30,7,11,12,25,37,-12
135,Serie A,2022,30,15,514,Salernitana,30,30,6,12,12,34,50,-16
135,Serie A,2022,30,16,867,Lecce,28,30,6,10,14,26,36,-10
135,Serie A,2022,30,17,515,Spezia,26,30,5,11,14,25,48,-23
135,Serie A,2022,30,18,504,Hellas Verona,23,30,5,8,17,24,43,-19
135,Serie A,2022,30,19,520,Cremonese,19,30,3,10,17,27,54,-27
135,Serie A,2022,30,20,498,Sampdoria,16,30,3,7,20,19,51,-32
135,Serie A,2022,31,1,492,Napoli,78,31,25,3,3,67,21,46
135,Serie A,2022,31,2,487,Lazio,61,31,18,7,6,49,21,28
135,Serie A,2022,31,3,496,Juventus,59,31,18,5,8,47,26,21
135,Serie A,2022,31,4,489,AC Milan,56,31,16,8,7,51,37,14
135,Serie A,2022,31,5,497,AS Roma,56,31,17,5,9,43,29,14
135,Serie A,2022,31,6,505,Inter,54,31,17,3,11,51,34,17
135,Serie A,2022,31,7,499,Atalanta,52,31,15,7,9,51,36,15
135,Serie A,2022,31,8,500,Bologna,44,31,12,8,11,40,39,1
135,Serie A,2022,31,9,494,Udinese,42,31,10,12,9,42,39,3
135,Serie A,2022,31,10,502,Fiorentina,42,31,11,9,11,37,36,1
135,Serie A,2022,31,11,503,Torino,42,31,11,9,11,32,36,-4
135,Serie A,2022,31,12,1579,Monza,41,31,11,8,12,38,43,-5
135,Serie A,2022,31,13,488,Sassuolo,40,31,11,7,13,38,46,-8
135,Serie A,2022,31,14,514,Salernitana,33,31,7,12,12,37,50,-13
135,Serie A,2022,31,15,511,Empoli,32,31,7,11,13,25,40,-15
135,Serie A,2022,31,16,867,Lecce,28,31,6,10,15,26,38,-12
135,Serie A,2022,31,17,515,Spezia,27,31,5,12,14,26,49,-23
135,Serie A,2022,31,18,504,Hellas Verona,26,31,6,8,17,26,44,-18
135,Serie A,2022,31,19,520,Cremonese,19,31,3,10,18,27,57,-30
135,Serie A,2022,31,20,498,Sampdoria,17,31,3,8,20,20,52,-32
135,Serie A,2022,32,1,492,Napoli,79,32,25,4,3,68,22,46
135,Serie A,2022,32,2,487,Lazio,61,32,18,7,7,50,24,26
135,Serie A,2022,32,3,496,Juventus,60,32,18,6,8,48,27,21
135,Serie A,2022,32,4,505,Inter,57,32,18,3,11,54,35,19
135,Serie A,2022,32,5,489,AC Milan,57,32,16,9,7,52,38,14
135,Serie A,2022,32,6,497,AS Roma,57,32,17,6,9,44,30,14
135,Serie A,2022,32,7,499,Atalanta,55,32,16,7,9,53,37,16
135,Serie A,2022,32,8,502,Fiorentina,45,32,12,9,11,42,36,6
135,Serie A,2022,32,9,500,Bologna,45,32,12,9,11,41,40,1
135,Serie A,2022,32,10,1579,Monza,44,32,12,8,12,40,43,-3
135,Serie A,2022,32,11,488,Sassuolo,43,32,12,7,13,40,47,-7
135,Serie A,2022,32,12,494,Udinese,42,32,10,12,10,42,40,2
135,Serie A,2022,32,13,503,Torino,42,32,11,9,12,33,38,-5
135,Serie A,2022,32,14,514,Salernitana,34,32,7,13,12,38,51,-13
135,Serie A,2022,32,15,511,Empoli,32,32,7,11,14,26,42,-16
135,Serie A,2022,32,16,867,Lecce,31,32,7,10,15,27,38,-11
135,Serie A,2022,32,17,504,Hellas Verona,27,32,6,9,17,27,45,-18
135,Serie A,2022,32,18,515,Spezia,27,32,5,12,15,26,51,-25
135,Serie A,2022,32,19,520,Cremonese,20,32,3,11,18,28,58,-30
135,Serie A,2022,32,20,498,Sampdoria,17,32,3,8,21,20,57,-37
135,Serie A,2022,33,1,492,Napoli,80,33,25,5,3,69,23,46
135,Serie A,2022,33,2,487,Lazio,64,33,19,7,7,52,24,28
135,Serie A,2022,33,3,496,Juventus,63,33,19,6,8,50,28,22
135,Serie A,2022,33,4,505,Inter,60,33,19,3,11,60,35,25
135,Serie A,2022,33,5,499,Atalanta,58,33,17,7,9,56,39,17
135,Serie A,2022,33,6,489,AC Milan,58,33,16,10,7,53,39,14
135,Serie A,2022,33,7,497,AS Roma,58,33,17,7,9,45,31,14
135,Serie A,2022,33,8,502,Fiorentina,46,33,12,10,11,45,39,6
135,Serie A,2022,33,9,500,Bologna,45,33,12,9,12,42,43,-1
135,Serie A,2022,33,10,1579,Monza,45,33,12,9,12,41,44,-3
135,Serie A,2022,33,11,503,Torino,45,33,12,9,12,35,38,-3
135,Serie A,2022,33,12,494,Udinese,43,33,10,13,10,43,41,2
135,Serie A,2022,33,13,488,Sassuolo,43,33,12,7,14,40,49,-9
135,Serie A,2022,33,14,514,Salernitana,35,33,7,14,12,41,54,-13
135,Serie A,2022,33,15,511,Empoli,35,33,8,11,14,29,43,-14
135,Serie A,2022,33,16,867,Lecce,31,33,7,10,16,28,40,-12
135,Serie A,2022,33,17,504,Hellas Verona,27,33,6,9,18,27,51,-24
135,Serie A,2022,33,18,515,Spezia,27,33,5,12,16,28,54,-26
135,Serie A,2022,33,19,520,Cremonese,21,33,3,12,18,29,59,-30
135,Serie A,2022,33,20,498,Sampdoria,17,33,3,8,22,20,59,-39
135,Serie A,2022,34,1,492,Napoli,83,34,26,5,3,70,23,47
135,Serie A,2022,34,2,496,Juventus,66,34,20,6,8,52,28,24
135,Serie A,2022,34,3,487,Lazio,64,34,19,7,8,52,26,26
135,Serie A,2022,34,4,505,Inter,63,34,20,3,11,62,35,27
135,Serie A,2022,34,5,489,AC Milan,61,34,17,10,7,55,39,16
135,Serie A,2022,34,6,499,Atalanta,58,34,17,7,10,56,41,15
135,Serie A,2022,34,7,497,AS Roma,58,34,17,7,10,45,33,12
135,Serie A,2022,34,8,502,Fiorentina,46,34,12,10,12,45,40,5
135,Serie A,2022,34,9,494,Udinese,46,34,11,13,10,45,41,4
135,Serie A,2022,34,10,500,Bologna,46,34,12,10,12,43,44,-1
135,Serie A,2022,34,11,1579,Monza,46,34,12,10,12,42,45,-3
135,Serie A,2022,34,12,503,Torino,46,34,12,10,12,36,39,-3
135,Serie A,2022,34,13,488,Sassuolo,44,34,12,8,14,41,50,-9
135,Serie A,2022,34,14,511,Empoli,38,34,9,11,14,31,44,-13
135,Serie A,2022,34,15,514,Salernitana,35,34,7,14,13,42,56,-14
135,Serie A,2022,34,16,867,Lecce,31,34,7,10,17,28,41,-13
135,Serie A,2022,34,17,504,Hellas Verona,30,34,7,9,18,28,51,-23
135,Serie A,2022,34,18,515,Spezia,27,34,5,12,17,28,56,-28
135,Serie A,2022,34,19,520,Cremonese,24,34,4,12,18,31,59,-28
135,Serie A,2022,34,20,498,Sampdoria,17,34,3,8,23,20,61,-41
135,Serie A,2022,35,1,492,Napoli,83,35,26,5,4,70,25,45
135,Serie A,2022,35,2,496,Juventus,69,35,21,6,8,54,28,26
135,Serie A,2022,35,3,505,Inter,66,35,21,3,11,66,37,29
135,Serie A,2022,35,4,487,Lazio,65,35,19,8,8,54,28,26
135,Serie A,2022,35,5,489,AC Milan,61,35,17,10,8,55,41,14
135,Serie A,2022,35,6,497,AS Roma,59,35,17,8,10,45,33,12
135,Serie A,2022,35,7,499,Atalanta,58,35,17,7,11,56,42,14
135,Serie A,2022,35,8,502,Fiorentina,49,35,13,10,12,47,40,7
135,Serie A,2022,35,9,1579,Monza,49,35,13,10,12,44,45,-1
135,Serie A,2022,35,10,503,Torino,49,35,13,10,12,37,39,-2
135,Serie A,2022,35,11,500,Bologna,47,35,12,11,12,43,44,-1
135,Serie A,2022,35,12,494,Udinese,46,35,11,13,11,45,43,2
135,Serie A,2022,35,13,488,Sassuolo,44,35,12,8,15,43,54,-11
135,Serie A,2022,35,14,511,Empoli,39,35,9,12,14,32,45,-13
135,Serie A,2022,35,15,514,Salernitana,38,35,8,14,13,43,56,-13
135,Serie A,2022,35,16,867,Lecce,32,35,7,11,17,30,43,-13
135,Serie A,2022,35,17,504,Hellas Verona,30,35,7,9,19,28,52,-24
135,Serie A,2022,35,18,515,Spezia,30,35,6,12,17,30,56,-26
135,Serie A,2022,35,19,520,Cremonese,24,35,4,12,19,31,61,-30
135,Serie A,2022,35,20,498,Sampdoria,18,35,3,9,23,21,62,-41
135,Serie A,2022,36,1,492,Napoli,86,36,27,5,4,73,26,47
135,Serie A,2022,36,2,496,Juventus,69,36,21,6,9,55,32,23
135,Serie A,2022,36,3,487,Lazio,68,36,20,8,8,55,28,27
135,Serie A,2022,36,4,505,Inter,66,36,21,3,12,67,40,27
135,Serie A,2022,36,5,489,AC Milan,64,36,18,10,8,60,42,18
135,Serie A,2022,36,6,499,Atalanta,61,36,18,7,11,59,43,16
135,Serie A,2022,36,7,497,AS Roma,60,36,17,9,10,47,35,12
135,Serie A,2022,36,8,1579,Monza,52,36,14,10,12,46,46,0
135,Serie A,2022,36,9,502,Fiorentina,50,36,13,11,12,48,41,7
135,Serie A,2022,36,10,500,Bologna,50,36,13,11,12,48,45,3
135,Serie A,2022,36,11,503,Torino,50,36,13,11,12,38,40,-2
135,Serie A,2022,36,12,494,Udinese,46,36,11,13,12,45,44,1
135,Serie A,2022,36,13,488,Sassuolo,44,36,12,8,16,44,56,-12
135,Serie A,2022,36,14,511,Empoli,42,36,10,12,14,36,46,-10
135,Serie A,2022,36,15,514,Salernitana,39,36,8,15,13,45,58,-13
135,Serie A,2022,36,16,867,Lecce,33,36,7,12,17,30,43,-13
135,Serie A,2022,36,17,515,Spezia,31,36,6,13,17,30,56,-26
135,Serie A,2022,36,18,504,Hellas Verona,30,36,7,9,20,29,55,-26
135,Serie A,2022,36,19,520,Cremonese,24,36,4,12,20,32,66,-34
135,Serie A,2022,36,20,498,Sampdoria,18,36,3,9,24,22,67,-45
135,Serie A,2022,37,1,492,Napoli,87,37,27,6,4,75,28,47
135,Serie A,2022,37,2,487,Lazio,71,37,21,8,8,58,30,28
135,Serie A,2022,37,3,505,Inter,69,37,22,3,12,70,42,28
135,Serie A,2022,37,4,496,Juventus,69,37,21,6,10,55,33,22
135,Serie A,2022,37,5,489,AC Milan,67,37,19,10,8,61,42,19
135,Serie A,2022,37,6,499,Atalanta,61,37,18,7,12,61,46,15
135,Serie A,2022,37,7,497,AS Roma,60,37,17,9,11,48,37,11
135,Serie A,2022,37,8,502,Fiorentina,53,37,14,11,12,50,42,8
135,Serie A,2022,37,9,503,Torino,53,37,14,11,12,42,40,2
135,Serie A,2022,37,10,1579,Monza,52,37,14,10,13,46,47,-1
135,Serie A,2022,37,11,500,Bologna,51,37,13,12,12,50,47,3
135,Serie A,2022,37,12,494,Udinese,46,37,11,13,13,47,47,0
135,Serie A,2022,37,13,488,Sassuolo,45,37,12,9,16,46,58,-12
135,Serie A,2022,37,14,511,Empoli,43,37,10,13,14,37,47,-10
135,Serie A,2022,37,15,514,Salernitana,42,37,9,15,13,48,60,-12
135,Serie A,2022,37,16,867,Lecce,36,37,8,12,17,31,43,-12
135,Serie A,2022,37,17,504,Hellas Verona,31,37,7,10,20,30,56,-26
135,Serie A,2022,37,18,515,Spezia,31,37,6,13,18,30,60,-30
135,Serie A,2022,37,19,520,Cremonese,24,37,4,12,21,34,69,-35
135,Serie A,2022,37,20,498,Sampdoria,19,37,3,10,24,24,69,-45
135,Serie A,2022,38,1,492,Napoli,90,38,28,6,4,77,28,49
135,Serie A,2022,38,2,487,Lazio,74,38,22,8,8,60,30,30
135,Serie A,2022,38,3,505,Inter,72,38,23,3,12,71,42,29
135,Serie A,2022,38,4,496,Juventus,72,38,22,6,10,56,33,23
135,Serie A,2022,38,5,489,AC Milan,70,38,20,10,8,64,43,21
135,Serie A,2022,38,6,499,Atalanta,64,38,19,7,12,66,48,18
135,Serie A,2022,38,7,497,AS Roma,63,38,18,9,11,50,38,12
135,Serie A,2022,38,8,502,Fiorentina,56,38,15,11,12,53,43,10
135,Serie A,2022,38,9,500,Bologna,54,38,14,12,12,53,49,4
135,Serie A,2022,38,10,503,Torino,53,38,14,11,13,42,41,1
135,Serie A,2022,38,11,1579,Monza,52,38,14,10,14,48,52,-4
135,Serie A,2022,38,12,494,Udinese,46,38,11,13,14,47,48,-1
135,Serie A,2022,38,13,488,Sassuolo,45,38,12,9,17,47,61,-14
135,Serie A,2022,38,14,511,Empoli,43,38,10,13,15,37,49,-12
135,Serie A,2022,38,15,514,Salernitana,42,38,9,15,14,48,62,-14
135,Serie A,2022,38,16,867,Lecce,36,38,8,12,18,33,46,-13
135,Serie A,2022,38,17,504,Hellas Verona,31,38,7,10,21,31,59,-28
135,Serie A,2022,38,18,515,Spezia,31,38,6,13,19,31,62,-31
135,Serie A,2022,38,19,520,Cremonese,27,38,5,12,21,36,69,-33
135,Serie A,2022,38,20,498,Sampdoria,19,38,3,10,25,24,71,-47
135,Serie A,2022,39,1,492,Napoli,90,38,28,6,4,77,28,49
135,Serie A,2022,39,2,487,Lazio,74,38,22,8,8,60,30,30
135,Serie A,2022,39,3,505,Inter,72,38,23,3,12,71,42,29
135,Serie A,2022,39,4,496,Juventus,72,38,22,6,10,56,33,23
135,Serie A,2022,39,5,489,AC Milan,70,38,20,10,8,64,43,21
135,Serie A,2022,39,6,499,Atalanta,64,38,19,7,12,66,48,18
135,Serie A,2022,39,7,497,AS Roma,63,38,18,9,11,50,38,12
135,Serie A,2022,39,8,502,Fiorentina,56,38,15,11,12,53,43,10
135,Serie A,2022,39,9,500,Bologna,54,38,14,12,12,53,49,4
135,Serie A,2022,39,10,503,Torino,53,38,14,11,13,42,41,1
135,Serie A,2022,39,11,1579,Monza,52,38,14,10,14,48,52,-4
135,Serie A,2022,39,12,494,Udinese,46,38,11,13,14,47,48,-1
135,Serie A,2022,39,13,488,Sassuolo,45,38,12,9,17,47,61,-14
135,Serie A,2022,39,14,511,Empoli,43,38,10,13,15,37,49,-12
135,Serie A,2022,39,15,514,Salernitana,42,38,9,15,14,48,62,-14
135,Serie A,2022,39,16,867,Lecce,36,38,8,12,18,33,46,-13
135,Serie A,2022,39,17,504,Hellas Verona,34,39,8,10,21,34,60,-26
135,Serie A,2022,39,18,515,Spezia,31,39,6,13,20,32,65,-33
135,Serie A,2022,39,19,520,Cremonese,27,38,5,12,21,36,69,-33
135,Serie A,2022,39,20,498,Sampdoria,19,38,3,10,25,24,71,-47
135,Serie A,2023,1,1,502,Fiorentina,3,1,1,0,0,4,1,3
135,Serie A,2023,1,2,496,Juventus,3,1,1,0,0,3,0,3
135,Serie A,2023,1,3,492,Napoli,3,1,1,0,0,3,1,2
135,Serie A,2023,1,4,505,Inter,3,1,1,0,0,2,0,2
135,Serie A,2023,1,5,499,Atalanta,3,1,1,0,0,2,0,2
135,Serie A,2023,1,6,489,AC Milan,3,1,1,0,0,2,0,2
135,Serie A,2023,1,7,867,Lecce,3,1,1,0,0,2,1,1
135,Serie A,2023,1,8,504,Hellas Verona,3,1,1,0,0,1,0,1
135,Serie A,2023,1,9,497,AS Roma,1,1,0,1,0,2,2,0
135,Serie A,2023,1,10,514,Salernitana,1,1,0,1,0,2,2,0
135,Serie A,2023,1,11,503,Torino,1,1,0,1,0,0,0,0
135,Serie A,2023,1,12,490,Cagliari,1,1,0,1,0,0,0,0
135,Serie A,2023,1,13,487,Lazio,0,1,0,0,1,1,2,-1
135,Serie A,2023,1,14,511,Empoli,0,1,0,0,1,0,1,-1
135,Serie A,2023,1,15,512,Frosinone,0,1,0,0,1,1,3,-2
135,Serie A,2023,1,16,1579,Monza,0,1,0,0,1,0,2,-2
135,Serie A,2023,1,17,488,Sassuolo,0,1,0,0,1,0,2,-2
135,Serie A,2023,1,18,500,Bologna,0,1,0,0,1,0,2,-2
135,Serie A,2023,1,19,495,Genoa,0,1,0,0,1,1,4,-3
135,Serie A,2023,1,20,494,Udinese,0,1,0,0,1,0,3,-3
135,Serie A,2023,2,1,489,AC Milan,6,2,2,0,0,6,1,5
135,Serie A,2023,2,2,492,Napoli,6,2,2,0,0,5,1,4
135,Serie A,2023,2,3,505,Inter,6,2,2,0,0,4,0,4
135,Serie A,2023,2,4,504,Hellas Verona,6,2,2,0,0,3,1,2
135,Serie A,2023,2,5,502,Fiorentina,4,2,1,1,0,6,3,3
135,Serie A,2023,2,6,496,Juventus,4,2,1,1,0,4,1,3
135,Serie A,2023,2,7,867,Lecce,4,2,1,1,0,4,3,1
135,Serie A,2023,2,8,499,Atalanta,3,2,1,0,1,3,2,1
135,Serie A,2023,2,9,1579,Monza,3,2,1,0,1,2,2,0
135,Serie A,2023,2,10,512,Frosinone,3,2,1,0,1,3,4,-1
135,Serie A,2023,2,11,495,Genoa,3,2,1,0,1,2,4,-2
135,Serie A,2023,2,12,514,Salernitana,2,2,0,2,0,3,3,0
135,Serie A,2023,2,13,497,AS Roma,1,2,0,1,1,3,4,-1
135,Serie A,2023,2,14,500,Bologna,1,2,0,1,1,1,3,-2
135,Serie A,2023,2,15,490,Cagliari,1,2,0,1,1,0,2,-2
135,Serie A,2023,2,16,494,Udinese,1,2,0,1,1,1,4,-3
135,Serie A,2023,2,17,503,Torino,1,2,0,1,1,1,4,-3
135,Serie A,2023,2,18,487,Lazio,0,2,0,0,2,1,3,-2
135,Serie A,2023,2,19,511,Empoli,0,2,0,0,2,0,3,-3
135,Serie A,2023,2,20,488,Sassuolo,0,2,0,0,2,0,4,-4
135,Serie A,2023,3,1,505,Inter,9,3,3,0,0,8,0,8
135,Serie A,2023,3,2,489,AC Milan,9,3,3,0,0,8,2,6
135,Serie A,2023,3,3,496,Juventus,7,3,2,1,0,6,1,5
135,Serie A,2023,3,4,867,Lecce,7,3,2,1,0,6,3,3
135,Serie A,2023,3,5,499,Atalanta,6,3,2,0,1,6,2,4
135,Serie A,2023,3,6,492,Napoli,6,3,2,0,1,6,3,3
135,Serie A,2023,3,7,504,Hellas Verona,6,3,2,0,1,4,4,0
135,Serie A,2023,3,8,502,Fiorentina,4,3,1,1,1,6,7,-1
135,Serie A,2023,3,9,512,Frosinone,4,3,1,1,1,3,4,-1
135,Serie A,2023,3,10,500,Bologna,4,3,1,1,1,3,4,-1
135,Serie A,2023,3,11,503,Torino,4,3,1,1,1,2,4,-2
135,Serie A,2023,3,12,487,Lazio,3,3,1,0,2,3,4,-1
135,Serie A,2023,3,13,488,Sassuolo,3,3,1,0,2,3,5,-2
135,Serie A,2023,3,14,495,Genoa,3,3,1,0,2,2,5,-3
135,Serie A,2023,3,15,1579,Monza,3,3,1,0,2,2,5,-3
135,Serie A,2023,3,16,514,Salernitana,2,3,0,2,1,3,5,-2
135,Serie A,2023,3,17,494,Udinese,2,3,0,2,1,1,4,-3
135,Serie A,2023,3,18,497,AS Roma,1,3,0,1,2,4,6,-2
135,Serie A,2023,3,19,490,Cagliari,1,3,0,1,2,1,4,-3
135,Serie A,2023,3,20,511,Empoli,0,3,0,0,3,0,5,-5
135,Serie A,2023,4,1,505,Inter,12,4,4,0,0,13,1,12
135,Serie A,2023,4,2,496,Juventus,10,4,3,1,0,9,2,7
135,Serie A,2023,4,3,489,AC Milan,9,4,3,0,1,9,7,2
135,Serie A,2023,4,4,867,Lecce,8,4,2,2,0,7,4,3
135,Serie A,2023,4,5,492,Napoli,7,4,2,1,1,8,5,3
135,Serie A,2023,4,6,512,Frosinone,7,4,2,1,1,7,6,1
135,Serie A,2023,4,7,503,Torino,7,4,2,1,1,5,4,1
135,Serie A,2023,4,8,502,Fiorentina,7,4,2,1,1,9,9,0
135,Serie A,2023,4,9,504,Hellas Verona,7,4,2,1,1,4,4,0
135,Serie A,2023,4,10,499,Atalanta,6,4,2,0,2,8,5,3
135,Serie A,2023,4,11,500,Bologna,5,4,1,2,1,3,4,-1
135,Serie A,2023,4,12,497,AS Roma,4,4,1,1,2,11,6,5
135,Serie A,2023,4,13,495,Genoa,4,4,1,1,2,4,7,-3
135,Serie A,2023,4,14,1579,Monza,4,4,1,1,2,3,6,-3
135,Serie A,2023,4,15,487,Lazio,3,4,1,0,3,4,7,-3
135,Serie A,2023,4,16,494,Udinese,3,4,0,3,1,1,4,-3
135,Serie A,2023,4,17,488,Sassuolo,3,4,1,0,3,5,9,-4
135,Serie A,2023,4,18,490,Cagliari,2,4,0,2,2,1,4,-3
135,Serie A,2023,4,19,514,Salernitana,2,4,0,2,2,3,8,-5
135,Serie A,2023,4,20,511,Empoli,0,4,0,0,4,0,12,-12
135,Serie A,2023,5,1,505,Inter,15,5,5,0,0,14,1,13
135,Serie A,2023,5,2,489,AC Milan,12,5,4,0,1,10,7,3
135,Serie A,2023,5,3,867,Lecce,11,5,3,2,0,8,4,4
135,Serie A,2023,5,4,496,Juventus,10,5,3,1,1,11,6,5
135,Serie A,2023,5,5,502,Fiorentina,10,5,3,1,1,11,9,2
135,Serie A,2023,5,6,499,Atalanta,9,5,3,0,2,10,5,5
135,Serie A,2023,5,7,492,Napoli,8,5,2,2,1,8,5,3
135,Serie A,2023,5,8,512,Frosinone,8,5,2,2,1,8,7,1
135,Serie A,2023,5,9,503,Torino,8,5,2,2,1,6,5,1
135,Serie A,2023,5,10,504,Hellas Verona,7,5,2,1,2,4,5,-1
135,Serie A,2023,5,11,500,Bologna,6,5,1,3,1,3,4,-1
135,Serie A,2023,5,12,488,Sassuolo,6,5,2,0,3,9,11,-2
135,Serie A,2023,5,13,497,AS Roma,5,5,1,2,2,12,7,5
135,Serie A,2023,5,14,1579,Monza,5,5,1,2,2,4,7,-3
135,Serie A,2023,5,15,487,Lazio,4,5,1,1,3,5,8,-3
135,Serie A,2023,5,16,495,Genoa,4,5,1,1,3,4,8,-4
135,Serie A,2023,5,17,514,Salernitana,3,5,0,3,2,4,9,-5
135,Serie A,2023,5,18,494,Udinese,3,5,0,3,2,1,6,-5
135,Serie A,2023,5,19,490,Cagliari,2,5,0,2,3,1,6,-5
135,Serie A,2023,5,20,511,Empoli,0,5,0,0,5,0,13,-13
135,Serie A,2023,6,1,505,Inter,15,6,5,0,1,15,3,12
135,Serie A,2023,6,2,489,AC Milan,15,6,5,0,1,13,8,5
135,Serie A,2023,6,3,496,Juventus,13,6,4,1,1,12,6,6
135,Serie A,2023,6,4,499,Atalanta,12,6,4,0,2,11,5,6
135,Serie A,2023,6,5,492,Napoli,11,6,3,2,1,12,6,6
135,Serie A,2023,6,6,867,Lecce,11,6,3,2,1,8,5,3
135,Serie A,2023,6,7,502,Fiorentina,11,6,3,2,1,12,10,2
135,Serie A,2023,6,8,512,Frosinone,9,6,2,3,1,9,8,1
135,Serie A,2023,6,9,488,Sassuolo,9,6,3,0,3,11,12,-1
135,Serie A,2023,6,10,503,Torino,8,6,2,2,2,6,7,-1
135,Serie A,2023,6,11,495,Genoa,7,6,2,1,3,8,9,-1
135,Serie A,2023,6,12,487,Lazio,7,6,2,1,3,7,8,-1
135,Serie A,2023,6,13,500,Bologna,7,6,1,4,1,3,4,-1
135,Serie A,2023,6,14,504,Hellas Verona,7,6,2,1,3,4,6,-2
135,Serie A,2023,6,15,1579,Monza,6,6,1,3,2,4,7,-3
135,Serie A,2023,6,16,497,AS Roma,5,6,1,2,3,13,11,2
135,Serie A,2023,6,17,514,Salernitana,3,6,0,3,3,4,10,-6
135,Serie A,2023,6,18,494,Udinese,3,6,0,3,3,2,10,-8
135,Serie A,2023,6,19,511,Empoli,3,6,1,0,5,1,13,-12
135,Serie A,2023,6,20,490,Cagliari,2,6,0,2,4,2,9,-7
135,Serie A,2023,7,1,505,Inter,18,7,6,0,1,19,3,16
135,Serie A,2023,7,2,489,AC Milan,18,7,6,0,1,15,8,7
135,Serie A,2023,7,3,492,Napoli,14,7,4,2,1,16,6,10
135,Serie A,2023,7,4,496,Juventus,14,7,4,2,1,12,6,6
135,Serie A,2023,7,5,502,Fiorentina,14,7,4,2,1,15,10,5
135,Serie A,2023,7,6,499,Atalanta,13,7,4,1,2,11,5,6
135,Serie A,2023,7,7,867,Lecce,11,7,3,2,2,8,9,-1
135,Serie A,2023,7,8,500,Bologna,10,7,2,4,1,6,4,2
135,Serie A,2023,7,9,512,Frosinone,9,7,2,3,2,9,10,-1
135,Serie A,2023,7,10,503,Torino,9,7,2,3,2,6,7,-1
135,Serie A,2023,7,11,488,Sassuolo,9,7,3,0,4,11,13,-2
135,Serie A,2023,7,12,1579,Monza,9,7,2,3,2,5,7,-2
135,Serie A,2023,7,13,497,AS Roma,8,7,2,2,3,15,11,4
135,Serie A,2023,7,14,495,Genoa,8,7,2,2,3,10,11,-1
135,Serie A,2023,7,15,504,Hellas Verona,8,7,2,2,3,4,6,-2
135,Serie A,2023,7,16,487,Lazio,7,7,2,1,4,7,10,-3
135,Serie A,2023,7,17,494,Udinese,4,7,0,4,3,4,12,-8
135,Serie A,2023,7,18,514,Salernitana,3,7,0,3,4,4,14,-10
135,Serie A,2023,7,19,511,Empoli,3,7,1,0,6,1,16,-15
135,Serie A,2023,7,20,490,Cagliari,2,7,0,2,5,2,12,-10
135,Serie A,2023,8,1,489,AC Milan,21,8,7,0,1,16,8,8
135,Serie A,2023,8,2,505,Inter,19,8,6,1,1,21,5,16
135,Serie A,2023,8,3,496,Juventus,17,8,5,2,1,14,6,8
135,Serie A,2023,8,4,502,Fiorentina,17,8,5,2,1,18,11,7
135,Serie A,2023,8,5,492,Napoli,14,8,4,2,2,17,9,8
135,Serie A,2023,8,6,499,Atalanta,13,8,4,1,3,13,8,5
135,Serie A,2023,8,7,1579,Monza,12,8,3,3,2,8,7,1
135,Serie A,2023,8,8,512,Frosinone,12,8,3,3,2,11,11,0
135,Serie A,2023,8,9,867,Lecce,12,8,3,3,2,9,10,-1
135,Serie A,2023,8,10,497,AS Roma,11,8,3,2,3,19,12,7
135,Serie A,2023,8,11,500,Bologna,11,8,2,5,1,8,6,2
135,Serie A,2023,8,12,488,Sassuolo,10,8,3,1,4,12,14,-2
135,Serie A,2023,8,13,487,Lazio,10,8,3,1,4,10,12,-2
135,Serie A,2023,8,14,503,Torino,9,8,2,3,3,6,9,-3
135,Serie A,2023,8,15,495,Genoa,8,8,2,2,4,10,12,-2
135,Serie A,2023,8,16,504,Hellas Verona,8,8,2,2,4,5,8,-3
135,Serie A,2023,8,17,494,Udinese,5,8,0,5,3,4,12,-8
135,Serie A,2023,8,18,511,Empoli,4,8,1,1,6,1,16,-15
135,Serie A,2023,8,19,514,Salernitana,3,8,0,3,5,4,17,-13
135,Serie A,2023,8,20,490,Cagliari,2,8,0,2,6,3,16,-13
135,Serie A,2023,9,1,505,Inter,22,9,7,1,1,24,5,19
135,Serie A,2023,9,2,489,AC Milan,21,9,7,0,2,16,9,7
135,Serie A,2023,9,3,496,Juventus,20,9,6,2,1,15,6,9
135,Serie A,2023,9,4,492,Napoli,17,9,5,2,2,20,10,10
135,Serie A,2023,9,5,502,Fiorentina,17,9,5,2,2,18,13,5
135,Serie A,2023,9,6,499,Atalanta,16,9,5,1,3,15,8,7
135,Serie A,2023,9,7,497,AS Roma,14,9,4,2,3,20,12,8
135,Serie A,2023,9,8,500,Bologna,14,9,3,5,1,10,7,3
135,Serie A,2023,9,9,487,Lazio,13,9,4,1,4,12,12,0
135,Serie A,2023,9,10,867,Lecce,13,9,3,4,2,10,11,-1
135,Serie A,2023,9,11,1579,Monza,12,9,3,3,3,8,8,0
135,Serie A,2023,9,12,512,Frosinone,12,9,3,3,3,12,13,-1
135,Serie A,2023,9,13,488,Sassuolo,10,9,3,1,5,12,16,-4
135,Serie A,2023,9,14,503,Torino,9,9,2,3,4,6,12,-6
135,Serie A,2023,9,15,495,Genoa,8,9,2,2,5,10,14,-4
135,Serie A,2023,9,16,504,Hellas Verona,8,9,2,2,5,6,11,-5
135,Serie A,2023,9,17,511,Empoli,7,9,2,1,6,3,16,-13
135,Serie A,2023,9,18,494,Udinese,6,9,0,6,3,5,13,-8
135,Serie A,2023,9,19,514,Salernitana,4,9,0,4,5,6,19,-13
135,Serie A,2023,9,20,490,Cagliari,3,9,0,3,6,5,18,-13
135,Serie A,2023,10,1,505,Inter,25,10,8,1,1,25,5,20
135,Serie A,2023,10,2,496,Juventus,23,10,7,2,1,16,6,10
135,Serie A,2023,10,3,489,AC Milan,22,10,7,1,2,18,11,7
135,Serie A,2023,10,4,499,Atalanta,19,10,6,1,3,18,8,10
135,Serie A,2023,10,5,492,Napoli,18,10,5,3,2,22,12,10
135,Serie A,2023,10,6,502,Fiorentina,17,10,5,2,3,18,14,4
135,Serie A,2023,10,7,487,Lazio,16,10,5,1,4,13,12,1
135,Serie A,2023,10,8,500,Bologna,15,10,3,6,1,11,8,3
135,Serie A,2023,10,9,497,AS Roma,14,10,4,2,4,20,13,7
135,Serie A,2023,10,10,1579,Monza,13,10,3,4,3,9,9,0
135,Serie A,2023,10,11,867,Lecce,13,10,3,4,3,10,12,-2
135,Serie A,2023,10,12,512,Frosinone,12,10,3,3,4,15,17,-2
135,Serie A,2023,10,13,503,Torino,12,10,3,3,4,7,12,-5
135,Serie A,2023,10,14,495,Genoa,11,10,3,2,5,11,14,-3
135,Serie A,2023,10,15,488,Sassuolo,11,10,3,2,5,13,17,-4
135,Serie A,2023,10,16,504,Hellas Verona,8,10,2,2,6,6,12,-6
135,Serie A,2023,10,17,494,Udinese,7,10,0,7,3,6,14,-8
135,Serie A,2023,10,18,511,Empoli,7,10,2,1,7,3,19,-16
135,Serie A,2023,10,19,490,Cagliari,6,10,1,3,6,9,21,-12
135,Serie A,2023,10,20,514,Salernitana,4,10,0,4,6,6,20,-14
135,Serie A,2023,11,1,505,Inter,28,11,9,1,1,27,6,21
135,Serie A,2023,11,2,496,Juventus,26,11,8,2,1,17,6,11
135,Serie A,2023,11,3,489,AC Milan,22,11,7,1,3,18,12,6
135,Serie A,2023,11,4,492,Napoli,21,11,6,3,2,24,12,12
135,Serie A,2023,11,5,499,Atalanta,19,11,6,1,4,19,10,9
135,Serie A,2023,11,6,500,Bologna,18,11,4,6,1,12,8,4
135,Serie A,2023,11,7,497,AS Roma,17,11,5,2,4,22,14,8
135,Serie A,2023,11,8,502,Fiorentina,17,11,5,2,4,18,15,3
135,Serie A,2023,11,9,1579,Monza,16,11,4,4,3,12,10,2
135,Serie A,2023,11,10,487,Lazio,16,11,5,1,5,13,13,0
135,Serie A,2023,11,11,512,Frosinone,15,11,4,3,4,17,18,-1
135,Serie A,2023,11,12,503,Torino,15,11,4,3,4,9,13,-4
135,Serie A,2023,11,13,867,Lecce,13,11,3,4,4,11,14,-3
135,Serie A,2023,11,14,495,Genoa,11,11,3,2,6,12,16,-4
135,Serie A,2023,11,15,488,Sassuolo,11,11,3,2,6,14,19,-5
135,Serie A,2023,11,16,494,Udinese,10,11,1,7,3,7,14,-7
135,Serie A,2023,11,17,490,Cagliari,9,11,2,3,6,11,22,-11
135,Serie A,2023,11,18,504,Hellas Verona,8,11,2,2,7,7,15,-8
135,Serie A,2023,11,19,511,Empoli,7,11,2,1,8,4,21,-17
135,Serie A,2023,11,20,514,Salernitana,4,11,0,4,7,6,22,-16
135,Serie A,2023,12,1,505,Inter,31,12,10,1,1,29,6,23
135,Serie A,2023,12,2,496,Juventus,29,12,9,2,1,19,7,12
135,Serie A,2023,12,3,489,AC Milan,23,12,7,2,3,20,14,6
135,Serie A,2023,12,4,492,Napoli,21,12,6,3,3,24,13,11
135,Serie A,2023,12,5,499,Atalanta,20,12,6,2,4,20,11,9
135,Serie A,2023,12,6,502,Fiorentina,20,12,6,2,4,20,16,4
135,Serie A,2023,12,7,497,AS Roma,18,12,5,3,4,22,14,8
135,Serie A,2023,12,8,500,Bologna,18,12,4,6,2,13,10,3
135,Serie A,2023,12,9,1579,Monza,17,12,4,5,3,13,11,2
135,Serie A,2023,12,10,487,Lazio,17,12,5,2,5,13,13,0
135,Serie A,2023,12,11,503,Torino,16,12,4,4,4,10,14,-4
135,Serie A,2023,12,12,512,Frosinone,15,12,4,3,5,17,20,-3
135,Serie A,2023,12,13,495,Genoa,14,12,4,2,6,13,16,-3
135,Serie A,2023,12,14,867,Lecce,14,12,3,5,4,13,16,-3
135,Serie A,2023,12,15,488,Sassuolo,12,12,3,3,6,16,21,-5
135,Serie A,2023,12,16,494,Udinese,11,12,1,8,3,8,15,-7
135,Serie A,2023,12,17,511,Empoli,10,12,3,1,8,5,21,-16
135,Serie A,2023,12,18,490,Cagliari,9,12,2,3,7,12,24,-12
135,Serie A,2023,12,19,504,Hellas Verona,8,12,2,2,8,7,16,-9
135,Serie A,2023,12,20,514,Salernitana,5,12,0,5,7,8,24,-16
135,Serie A,2023,13,1,505,Inter,32,13,10,2,1,30,7,23
135,Serie A,2023,13,2,496,Juventus,30,13,9,3,1,20,8,12
135,Serie A,2023,13,3,489,AC Milan,26,13,8,2,3,21,14,7
135,Serie A,2023,13,4,492,Napoli,24,13,7,3,3,26,14,12
135,Serie A,2023,13,5,497,AS Roma,21,13,6,3,4,25,15,10
135,Serie A,2023,13,6,500,Bologna,21,13,5,6,2,15,10,5
135,Serie A,2023,13,7,499,Atalanta,20,13,6,2,5,21,13,8
135,Serie A,2023,13,8,502,Fiorentina,20,13,6,2,5,20,17,3
135,Serie A,2023,13,9,1579,Monza,18,13,4,6,3,14,12,2
135,Serie A,2023,13,10,512,Frosinone,18,13,5,3,5,19,21,-2
135,Serie A,2023,13,11,487,Lazio,17,13,5,2,6,14,15,-1
135,Serie A,2023,13,12,503,Torino,16,13,4,4,5,10,16,-6
135,Serie A,2023,13,13,867,Lecce,15,13,3,6,4,15,18,-3
135,Serie A,2023,13,14,488,Sassuolo,15,13,4,3,6,20,24,-4
135,Serie A,2023,13,15,495,Genoa,14,13,4,2,7,14,18,-4
135,Serie A,2023,13,16,494,Udinese,11,13,1,8,4,9,18,-9
135,Serie A,2023,13,17,490,Cagliari,10,13,2,4,7,13,25,-12
135,Serie A,2023,13,18,511,Empoli,10,13,3,1,9,8,25,-17
135,Serie A,2023,13,19,504,Hellas Verona,9,13,2,3,8,9,18,-9
135,Serie A,2023,13,20,514,Salernitana,8,13,1,5,7,10,25,-15
135,Serie A,2023,14,1,505,Inter,35,14,11,2,1,33,7,26
135,Serie A,2023,14,2,496,Juventus,33,14,10,3,1,22,9,13
135,Serie A,2023,14,3,489,AC Milan,29,14,9,2,3,24,15,9
135,Serie A,2023,14,4,497,AS Roma,24,14,7,3,4,27,16,11
135,Serie A,2023,14,5,492,Napoli,24,14,7,3,4,26,17,9
135,Serie A,2023,14,6,502,Fiorentina,23,14,7,2,5,23,17,6
135,Serie A,2023,14,7,500,Bologna,22,14,5,7,2,16,11,5
135,Serie A,2023,14,8,499,Atalanta,20,14,6,2,6,21,16,5
135,Serie A,2023,14,9,487,Lazio,20,14,6,2,6,15,15,0
135,Serie A,2023,14,10,503,Torino,19,14,5,4,5,13,16,-3
135,Serie A,2023,14,11,1579,Monza,18,14,4,6,4,15,14,1
135,Serie A,2023,14,12,512,Frosinone,18,14,5,3,6,20,24,-4
135,Serie A,2023,14,13,867,Lecce,16,14,3,7,4,16,19,-3
135,Serie A,2023,14,14,495,Genoa,15,14,4,3,7,15,19,-4
135,Serie A,2023,14,15,488,Sassuolo,15,14,4,3,7,21,26,-5
135,Serie A,2023,14,16,494,Udinese,12,14,1,9,4,12,21,-9
135,Serie A,2023,14,17,511,Empoli,11,14,3,2,9,9,26,-17
135,Serie A,2023,14,18,504,Hellas Verona,10,14,2,4,8,12,21,-9
135,Serie A,2023,14,19,490,Cagliari,10,14,2,4,8,13,26,-13
135,Serie A,2023,14,20,514,Salernitana,8,14,1,5,8,10,28,-18
135,Serie A,2023,15,1,505,Inter,38,15,12,2,1,37,7,30
135,Serie A,2023,15,2,496,Juventus,36,15,11,3,1,23,9,14
135,Serie A,2023,15,3,489,AC Milan,29,15,9,2,4,26,18,8
135,Serie A,2023,15,4,497,AS Roma,25,15,7,4,4,28,17,11
135,Serie A,2023,15,5,500,Bologna,25,15,6,7,2,18,12,6
135,Serie A,2023,15,6,492,Napoli,24,15,7,3,5,26,18,8
135,Serie A,2023,15,7,502,Fiorentina,24,15,7,3,5,24,18,6
135,Serie A,2023,15,8,499,Atalanta,23,15,7,2,6,24,18,6
135,Serie A,2023,15,9,1579,Monza,21,15,5,6,4,16,14,2
135,Serie A,2023,15,10,487,Lazio,21,15,6,3,6,16,16,0
135,Serie A,2023,15,11,503,Torino,20,15,5,5,5,13,16,-3
135,Serie A,2023,15,12,512,Frosinone,19,15,5,4,6,20,24,-4
135,Serie A,2023,15,13,867,Lecce,17,15,3,8,4,17,20,-3
135,Serie A,2023,15,14,495,Genoa,15,15,4,3,8,15,20,-5
135,Serie A,2023,15,15,488,Sassuolo,15,15,4,3,8,22,28,-6
135,Serie A,2023,15,16,490,Cagliari,13,15,3,4,8,15,27,-12
135,Serie A,2023,15,17,494,Udinese,12,15,1,9,5,12,25,-13
135,Serie A,2023,15,18,511,Empoli,12,15,3,3,9,10,27,-17
135,Serie A,2023,15,19,504,Hellas Verona,11,15,2,5,8,13,22,-9
135,Serie A,2023,15,20,514,Salernitana,8,15,1,5,9,11,30,-19
135,Serie A,2023,16,1,505,Inter,41,16,13,2,1,39,7,32
135,Serie A,2023,16,2,496,Juventus,37,16,11,4,1,24,10,14
135,Serie A,2023,16,3,489,AC Milan,32,16,10,2,4,29,18,11
135,Serie A,2023,16,4,500,Bologna,28,16,7,7,2,20,12,8
135,Serie A,2023,16,5,492,Napoli,27,16,8,3,5,28,19,9
135,Serie A,2023,16,6,502,Fiorentina,27,16,8,3,5,25,18,7
135,Serie A,2023,16,7,499,Atalanta,26,16,8,2,6,28,19,9
135,Serie A,2023,16,8,497,AS Roma,25,16,7,4,5,28,19,9
135,Serie A,2023,16,9,503,Torino,23,16,6,5,5,14,16,-2
135,Serie A,2023,16,10,1579,Monza,21,16,5,6,5,16,17,-1
135,Serie A,2023,16,11,487,Lazio,21,16,6,3,7,16,18,-2
135,Serie A,2023,16,12,867,Lecce,20,16,4,8,4,19,21,-2
135,Serie A,2023,16,13,512,Frosinone,19,16,5,4,7,21,26,-5
135,Serie A,2023,16,14,495,Genoa,16,16,4,4,8,16,21,-5
135,Serie A,2023,16,15,488,Sassuolo,16,16,4,4,8,24,30,-6
135,Serie A,2023,16,16,490,Cagliari,13,16,3,4,9,16,29,-13
135,Serie A,2023,16,17,494,Udinese,13,16,1,10,5,14,27,-13
135,Serie A,2023,16,18,511,Empoli,12,16,3,3,10,10,28,-18
135,Serie A,2023,16,19,504,Hellas Verona,11,16,2,5,9,13,23,-10
135,Serie A,2023,16,20,514,Salernitana,8,16,1,5,10,12,34,-22
135,Serie A,2023,17,1,505,Inter,44,17,14,2,1,41,7,34
135,Serie A,2023,17,2,496,Juventus,40,17,12,4,1,26,11,15
135,Serie A,2023,17,3,489,AC Milan,33,17,10,3,4,31,20,11
135,Serie A,2023,17,4,500,Bologna,31,17,8,7,2,21,12,9
135,Serie A,2023,17,5,502,Fiorentina,30,17,9,3,5,26,18,8
135,Serie A,2023,17,6,497,AS Roma,28,17,8,4,5,30,19,11
135,Serie A,2023,17,7,492,Napoli,27,17,8,3,6,28,21,7
135,Serie A,2023,17,8,499,Atalanta,26,17,8,2,7,28,20,8
135,Serie A,2023,17,9,487,Lazio,24,17,7,3,7,18,18,0
135,Serie A,2023,17,10,503,Torino,24,17,6,6,5,15,17,-2
135,Serie A,2023,17,11,1579,Monza,21,17,5,6,6,16,18,-2
135,Serie A,2023,17,12,867,Lecce,20,17,4,8,5,19,23,-4
135,Serie A,2023,17,13,495,Genoa,19,17,5,4,8,18,22,-4
135,Serie A,2023,17,14,512,Frosinone,19,17,5,4,8,22,28,-6
135,Serie A,2023,17,15,488,Sassuolo,16,17,4,4,9,25,32,-7
135,Serie A,2023,17,16,504,Hellas Verona,14,17,3,5,9,15,23,-8
135,Serie A,2023,17,17,494,Udinese,14,17,1,11,5,15,28,-13
135,Serie A,2023,17,18,490,Cagliari,13,17,3,4,10,16,31,-15
135,Serie A,2023,17,19,511,Empoli,12,17,3,3,11,10,30,-20
135,Serie A,2023,17,20,514,Salernitana,9,17,1,6,10,14,36,-22
135,Serie A,2023,18,1,505,Inter,45,18,14,3,1,42,8,34
135,Serie A,2023,18,2,496,Juventus,43,18,13,4,1,27,11,16
135,Serie A,2023,18,3,489,AC Milan,36,18,11,3,4,32,20,12
135,Serie A,2023,18,4,502,Fiorentina,33,18,10,3,5,27,18,9
135,Serie A,2023,18,5,500,Bologna,31,18,8,7,3,21,15,6
135,Serie A,2023,18,6,499,Atalanta,29,18,9,2,7,29,20,9
135,Serie A,2023,18,7,497,AS Roma,28,18,8,4,6,30,20,10
135,Serie A,2023,18,8,492,Napoli,28,18,8,4,6,28,21,7
135,Serie A,2023,18,9,487,Lazio,27,18,8,3,7,21,19,2
135,Serie A,2023,18,10,503,Torino,24,18,6,6,6,15,18,-3
135,Serie A,2023,18,11,1579,Monza,22,18,5,7,6,16,18,-2
135,Serie A,2023,18,12,495,Genoa,20,18,5,5,8,19,23,-4
135,Serie A,2023,18,13,867,Lecce,20,18,4,8,6,19,24,-5
135,Serie A,2023,18,14,512,Frosinone,19,18,5,4,9,23,31,-8
135,Serie A,2023,18,15,494,Udinese,17,18,2,11,5,18,28,-10
135,Serie A,2023,18,16,488,Sassuolo,16,18,4,4,10,25,33,-8
135,Serie A,2023,18,17,504,Hellas Verona,14,18,3,5,10,15,24,-9
135,Serie A,2023,18,18,490,Cagliari,14,18,3,5,10,16,31,-15
135,Serie A,2023,18,19,511,Empoli,13,18,3,4,11,10,30,-20
135,Serie A,2023,18,20,514,Salernitana,12,18,2,6,10,15,36,-21
135,Serie A,2023,19,1,505,Inter,48,19,15,3,1,44,9,35
135,Serie A,2023,19,2,496,Juventus,46,19,14,4,1,29,12,17
135,Serie A,2023,19,3,489,AC Milan,39,19,12,3,4,35,20,15
135,Serie A,2023,19,4,502,Fiorentina,33,19,10,3,6,27,19,8
135,Serie A,2023,19,5,500,Bologna,32,19,8,8,3,22,16,6
135,Serie A,2023,19,6,499,Atalanta,30,19,9,3,7,30,21,9
135,Serie A,2023,19,7,487,Lazio,30,19,9,3,7,23,20,3
135,Serie A,2023,19,8,497,AS Roma,29,19,8,5,6,31,21,10
135,Serie A,2023,19,9,492,Napoli,28,19,8,4,7,28,24,4
135,Serie A,2023,19,10,503,Torino,27,19,7,6,6,18,18,0
135,Serie A,2023,19,11,1579,Monza,25,19,6,7,6,19,20,-1
135,Serie A,2023,19,12,495,Genoa,21,19,5,6,8,20,24,-4
135,Serie A,2023,19,13,867,Lecce,21,19,4,9,6,20,25,-5
135,Serie A,2023,19,14,488,Sassuolo,19,19,5,4,10,26,33,-7
135,Serie A,2023,19,15,512,Frosinone,19,19,5,4,10,25,34,-9
135,Serie A,2023,19,16,494,Udinese,17,19,2,11,6,19,30,-11
135,Serie A,2023,19,17,490,Cagliari,15,19,3,6,10,17,32,-15
135,Serie A,2023,19,18,504,Hellas Verona,14,19,3,5,11,16,26,-10
135,Serie A,2023,19,19,511,Empoli,13,19,3,4,12,10,33,-23
135,Serie A,2023,19,20,514,Salernitana,12,19,2,6,11,16,38,-22
135,Serie A,2023,20,1,505,Inter,51,20,16,3,1,49,10,39
135,Serie A,2023,20,2,496,Juventus,49,20,15,4,1,32,12,20
135,Serie A,2023,20,3,489,AC Milan,42,20,13,3,4,38,21,17
135,Serie A,2023,20,4,502,Fiorentina,34,20,10,4,6,29,21,8
135,Serie A,2023,20,5,499,Atalanta,33,20,10,3,7,35,21,14
135,Serie A,2023,20,6,487,Lazio,33,20,10,3,7,24,20,4
135,Serie A,2023,20,7,500,Bologna,32,20,8,8,4,23,18,5
135,Serie A,2023,20,8,492,Napoli,31,20,9,4,7,30,25,5
135,Serie A,2023,20,9,497,AS Roma,29,20,8,5,7,32,24,8
135,Serie A,2023,20,10,503,Torino,28,20,7,7,6,18,18,0
135,Serie A,2023,20,11,1579,Monza,25,20,6,7,7,20,25,-5
135,Serie A,2023,20,12,495,Genoa,22,20,5,7,8,20,24,-4
135,Serie A,2023,20,13,867,Lecce,21,20,4,9,7,20,26,-6
135,Serie A,2023,20,14,488,Sassuolo,19,20,5,4,11,26,36,-10
135,Serie A,2023,20,15,512,Frosinone,19,20,5,4,11,25,39,-14
135,Serie A,2023,20,16,494,Udinese,18,20,2,12,6,21,32,-11
135,Serie A,2023,20,17,490,Cagliari,18,20,4,6,10,19,33,-14
135,Serie A,2023,20,18,504,Hellas Verona,17,20,4,5,11,18,27,-9
135,Serie A,2023,20,19,511,Empoli,13,20,3,4,13,11,35,-24
135,Serie A,2023,20,20,514,Salernitana,12,20,2,6,12,17,40,-23
135,Serie A,2023,21,1,505,Inter,54,21,17,3,1,53,10,43
135,Serie A,2023,21,2,496,Juventus,52,21,16,4,1,35,12,23
135,Serie A,2023,21,3,489,AC Milan,45,21,14,3,4,41,23,18
135,Serie A,2023,21,4,487,Lazio,36,21,11,3,7,26,20,6
135,Serie A,2023,21,5,500,Bologna,35,21,9,8,4,25,18,7
135,Serie A,2023,21,6,492,Napoli,34,21,10,4,7,36,26,10
135,Serie A,2023,21,7,502,Fiorentina,34,21,10,4,7,29,23,6
135,Serie A,2023,21,8,499,Atalanta,33,21,10,3,8,35,25,10
135,Serie A,2023,21,9,497,AS Roma,32,21,9,5,7,34,25,9
135,Serie A,2023,21,10,503,Torino,28,21,7,7,7,18,20,-2
135,Serie A,2023,21,11,495,Genoa,25,21,6,7,8,22,25,-3
135,Serie A,2023,21,12,1579,Monza,25,21,6,7,8,20,28,-8
135,Serie A,2023,21,13,512,Frosinone,22,21,6,4,11,28,40,-12
135,Serie A,2023,21,14,867,Lecce,21,21,4,9,8,20,29,-9
135,Serie A,2023,21,15,488,Sassuolo,19,21,5,4,12,27,42,-15
135,Serie A,2023,21,16,494,Udinese,18,21,2,12,7,23,35,-12
135,Serie A,2023,21,17,490,Cagliari,18,21,4,6,11,20,36,-16
135,Serie A,2023,21,18,504,Hellas Verona,17,21,4,5,12,19,29,-10
135,Serie A,2023,21,19,511,Empoli,16,21,4,4,13,14,35,-21
135,Serie A,2023,21,20,514,Salernitana,12,21,2,6,13,18,42,-24
135,Serie A,2023,22,1,505,Inter,57,22,18,3,1,54,10,44
135,Serie A,2023,22,2,496,Juventus,53,22,16,5,1,36,13,23
135,Serie A,2023,22,3,489,AC Milan,46,22,14,4,4,43,25,18
135,Serie A,2023,22,4,487,Lazio,37,22,11,4,7,26,20,6
135,Serie A,2023,22,5,499,Atalanta,36,22,11,3,8,37,25,12
135,Serie A,2023,22,6,500,Bologna,36,22,9,9,4,27,20,7
135,Serie A,2023,22,7,492,Napoli,35,22,10,5,7,36,26,10
135,Serie A,2023,22,8,497,AS Roma,35,22,10,5,7,36,26,10
135,Serie A,2023,22,9,502,Fiorentina,34,22,10,4,8,29,24,5
135,Serie A,2023,22,10,503,Torino,31,22,8,7,7,20,21,-1
135,Serie A,2023,22,11,495,Genoa,28,22,7,7,8,24,26,-2
135,Serie A,2023,22,12,1579,Monza,28,22,7,7,8,21,28,-7
135,Serie A,2023,22,13,512,Frosinone,23,22,6,5,11,29,41,-12
135,Serie A,2023,22,14,867,Lecce,21,22,4,9,9,21,31,-10
135,Serie A,2023,22,15,488,Sassuolo,19,22,5,4,13,27,43,-16
135,Serie A,2023,22,16,504,Hellas Verona,18,22,4,6,12,20,30,-10
135,Serie A,2023,22,17,494,Udinese,18,22,2,12,8,23,37,-14
135,Serie A,2023,22,18,490,Cagliari,18,22,4,6,12,21,38,-17
135,Serie A,2023,22,19,511,Empoli,17,22,4,5,13,15,36,-21
135,Serie A,2023,22,20,514,Salernitana,12,22,2,6,14,19,44,-25
135,Serie A,2023,23,1,505,Inter,60,23,19,3,1,55,10,45
135,Serie A,2023,23,2,496,Juventus,53,23,16,5,2,36,14,22
135,Serie A,2023,23,3,489,AC Milan,49,23,15,4,4,46,27,19
135,Serie A,2023,23,4,499,Atalanta,39,23,12,3,8,40,26,14
135,Serie A,2023,23,5,500,Bologna,39,23,10,9,4,31,22,9
135,Serie A,2023,23,6,497,AS Roma,38,23,11,5,7,40,26,14
135,Serie A,2023,23,7,492,Napoli,38,23,11,5,7,38,27,11
135,Serie A,2023,23,8,487,Lazio,37,23,11,4,8,27,23,4
135,Serie A,2023,23,9,502,Fiorentina,34,23,10,4,9,31,27,4
135,Serie A,2023,23,10,503,Torino,32,23,8,8,7,20,21,-1
135,Serie A,2023,23,11,495,Genoa,29,23,7,8,8,24,26,-2
135,Serie A,2023,23,12,1579,Monza,29,23,7,8,8,21,28,-7
135,Serie A,2023,23,13,867,Lecce,24,23,5,9,9,24,33,-9
135,Serie A,2023,23,14,512,Frosinone,23,23,6,5,12,31,44,-13
135,Serie A,2023,23,15,494,Udinese,19,23,2,13,8,23,37,-14
135,Serie A,2023,23,16,488,Sassuolo,19,23,5,4,14,29,47,-18
135,Serie A,2023,23,17,504,Hellas Verona,18,23,4,6,13,21,32,-11
135,Serie A,2023,23,18,490,Cagliari,18,23,4,6,13,21,42,-21
135,Serie A,2023,23,19,511,Empoli,18,23,4,6,13,15,36,-21
135,Serie A,2023,23,20,514,Salernitana,13,23,2,7,14,19,44,-25
135,Serie A,2023,24,1,505,Inter,63,24,20,3,1,59,12,47
135,Serie A,2023,24,2,496,Juventus,53,24,16,5,3,36,15,21
135,Serie A,2023,24,3,489,AC Milan,52,24,16,4,4,47,27,20
135,Serie A,2023,24,4,499,Atalanta,42,24,13,3,8,44,27,17
135,Serie A,2023,24,5,500,Bologna,42,24,11,9,4,35,22,13
135,Serie A,2023,24,6,487,Lazio,40,24,12,4,8,30,24,6
135,Serie A,2023,24,7,497,AS Roma,38,24,11,5,8,42,30,12
135,Serie A,2023,24,8,492,Napoli,38,24,11,5,8,38,28,10
135,Serie A,2023,24,9,502,Fiorentina,37,24,11,4,9,36,28,8
135,Serie A,2023,24,10,503,Torino,33,24,8,9,7,21,22,-1
135,Serie A,2023,24,11,1579,Monza,30,24,7,9,8,21,28,-7
135,Serie A,2023,24,12,495,Genoa,29,24,7,8,9,25,30,-5
135,Serie A,2023,24,13,867,Lecce,24,24,5,9,10,24,37,-13
135,Serie A,2023,24,14,512,Frosinone,23,24,6,5,13,32,49,-17
135,Serie A,2023,24,15,494,Udinese,22,24,3,13,8,24,37,-13
135,Serie A,2023,24,16,511,Empoli,21,24,5,6,13,18,37,-19
135,Serie A,2023,24,17,488,Sassuolo,20,24,5,5,14,30,48,-18
135,Serie A,2023,24,18,504,Hellas Verona,19,24,4,7,13,21,32,-11
135,Serie A,2023,24,19,490,Cagliari,18,24,4,6,14,22,45,-23
135,Serie A,2023,24,20,514,Salernitana,13,24,2,7,15,20,47,-27
135,Serie A,2023,25,1,505,Inter,66,25,21,3,1,63,12,51
135,Serie A,2023,25,2,496,Juventus,54,25,16,6,3,38,17,21
135,Serie A,2023,25,3,489,AC Milan,52,25,16,4,5,49,31,18
135,Serie A,2023,25,4,499,Atalanta,45,25,14,3,8,47,27,20
135,Serie A,2023,25,5,500,Bologna,45,25,12,9,4,37,23,14
135,Serie A,2023,25,6,497,AS Roma,41,25,12,5,8,45,30,15
135,Serie A,2023,25,7,487,Lazio,40,25,12,4,9,31,26,5
135,Serie A,2023,25,8,492,Napoli,39,25,11,6,8,39,29,10
135,Serie A,2023,25,9,502,Fiorentina,38,25,11,5,9,37,29,8
135,Serie A,2023,25,10,503,Torino,36,25,9,9,7,23,22,1
135,Serie A,2023,25,11,1579,Monza,33,25,8,9,8,25,30,-5
135,Serie A,2023,25,12,495,Genoa,30,25,7,9,9,26,31,-5
135,Serie A,2023,25,13,867,Lecce,24,25,5,9,11,24,39,-15
135,Serie A,2023,25,14,494,Udinese,23,25,3,14,8,25,38,-13
135,Serie A,2023,25,15,512,Frosinone,23,25,6,5,14,32,52,-20
135,Serie A,2023,25,16,511,Empoli,22,25,5,7,13,19,38,-19
135,Serie A,2023,25,17,504,Hellas Verona,20,25,4,8,13,23,34,-11
135,Serie A,2023,25,18,488,Sassuolo,20,25,5,5,15,30,51,-21
135,Serie A,2023,25,19,490,Cagliari,19,25,4,7,14,23,46,-23
135,Serie A,2023,25,20,514,Salernitana,13,25,2,7,16,20,51,-31
135,Serie A,2023,26,1,505,Inter,69,26,22,3,1,67,12,55
135,Serie A,2023,26,2,496,Juventus,57,26,17,6,3,41,19,22
135,Serie A,2023,26,3,489,AC Milan,53,26,16,5,5,50,32,18
135,Serie A,2023,26,4,500,Bologna,48,26,13,9,4,39,23,16
135,Serie A,2023,26,5,499,Atalanta,46,26,14,4,8,48,28,20
135,Serie A,2023,26,6,497,AS Roma,44,26,13,5,8,48,32,16
135,Serie A,2023,26,7,502,Fiorentina,41,26,12,5,9,39,30,9
135,Serie A,2023,26,8,492,Napoli,40,26,11,7,8,40,30,10
135,Serie A,2023,26,9,487,Lazio,40,26,12,4,10,32,28,4
135,Serie A,2023,26,10,503,Torino,36,26,9,9,8,25,25,0
135,Serie A,2023,26,11,1579,Monza,36,26,9,9,8,27,30,-3
135,Serie A,2023,26,12,495,Genoa,33,26,8,9,9,28,31,-3
135,Serie A,2023,26,13,511,Empoli,25,26,6,7,13,22,40,-18
135,Serie A,2023,26,14,867,Lecce,24,26,5,9,12,24,43,-19
135,Serie A,2023,26,15,494,Udinese,23,26,3,14,9,25,40,-15
135,Serie A,2023,26,16,512,Frosinone,23,26,6,5,15,34,55,-21
135,Serie A,2023,26,17,504,Hellas Verona,20,26,4,8,14,23,36,-13
135,Serie A,2023,26,18,488,Sassuolo,20,26,5,5,16,32,54,-22
135,Serie A,2023,26,19,490,Cagliari,20,26,4,8,14,24,47,-23
135,Serie A,2023,26,20,514,Salernitana,13,26,2,7,17,20,53,-33
135,Serie A,2023,27,1,505,Inter,72,27,23,3,1,69,13,56
135,Serie A,2023,27,2,496,Juventus,57,27,17,6,4,42,21,21
135,Serie A,2023,27,3,489,AC Milan,56,27,17,5,5,51,32,19
135,Serie A,2023,27,4,500,Bologna,51,27,14,9,4,41,24,17
135,Serie A,2023,27,5,497,AS Roma,47,27,14,5,8,52,33,19
135,Serie A,2023,27,6,499,Atalanta,46,27,14,4,9,49,30,19
135,Serie A,2023,27,7,492,Napoli,43,27,12,7,8,42,31,11
135,Serie A,2023,27,8,502,Fiorentina,42,27,12,6,9,39,30,9
135,Serie A,2023,27,9,487,Lazio,40,27,12,4,11,32,29,3
135,Serie A,2023,27,10,503,Torino,37,27,9,10,8,25,25,0
135,Serie A,2023,27,11,1579,Monza,36,27,9,9,9,28,34,-6
135,Serie A,2023,27,12,495,Genoa,33,27,8,9,10,29,33,-4
135,Serie A,2023,27,13,867,Lecce,25,27,5,10,12,25,44,-19
135,Serie A,2023,27,14,511,Empoli,25,27,6,7,14,22,41,-19
135,Serie A,2023,27,15,494,Udinese,24,27,3,15,9,26,41,-15
135,Serie A,2023,27,16,512,Frosinone,24,27,6,6,15,35,56,-21
135,Serie A,2023,27,17,504,Hellas Verona,23,27,5,8,14,24,36,-12
135,Serie A,2023,27,18,490,Cagliari,23,27,5,8,14,25,47,-22
135,Serie A,2023,27,19,488,Sassuolo,20,27,5,5,17,32,55,-23
135,Serie A,2023,27,20,514,Salernitana,14,27,2,8,17,21,54,-33
135,Serie A,2023,28,1,505,Inter,75,28,24,3,1,70,13,57
135,Serie A,2023,28,2,489,AC Milan,59,28,18,5,5,52,32,20
135,Serie A,2023,28,3,496,Juventus,58,28,17,7,4,44,23,21
135,Serie A,2023,28,4,500,Bologna,51,28,14,9,5,41,25,16
135,Serie A,2023,28,5,497,AS Roma,48,28,14,6,8,54,35,19
135,Serie A,2023,28,6,499,Atalanta,47,28,14,5,9,51,32,19
135,Serie A,2023,28,7,492,Napoli,44,28,12,8,8,43,32,11
135,Serie A,2023,28,8,502,Fiorentina,43,28,12,7,9,41,32,9
135,Serie A,2023,28,9,487,Lazio,40,28,12,4,12,33,31,2
135,Serie A,2023,28,10,1579,Monza,39,28,10,9,9,31,36,-5
135,Serie A,2023,28,11,503,Torino,38,28,9,11,8,26,26,0
135,Serie A,2023,28,12,495,Genoa,33,28,8,9,11,31,36,-5
135,Serie A,2023,28,13,494,Udinese,27,28,4,15,9,28,42,-14
135,Serie A,2023,28,14,504,Hellas Verona,26,28,6,8,14,25,36,-11
135,Serie A,2023,28,15,490,Cagliari,26,28,6,8,14,29,49,-20
135,Serie A,2023,28,16,867,Lecce,25,28,5,10,13,25,45,-20
135,Serie A,2023,28,17,511,Empoli,25,28,6,7,15,22,42,-20
135,Serie A,2023,28,18,512,Frosinone,24,28,6,6,16,35,57,-22
135,Serie A,2023,28,19,488,Sassuolo,23,28,6,5,17,33,55,-22
135,Serie A,2023,28,20,514,Salernitana,14,28,2,8,18,23,58,-35
135,Serie A,2023,29,1,505,Inter,76,29,24,4,1,71,14,57
135,Serie A,2023,29,2,489,AC Milan,62,29,19,5,5,55,33,22
135,Serie A,2023,29,3,496,Juventus,59,29,17,8,4,44,23,21
135,Serie A,2023,29,4,500,Bologna,54,29,15,9,5,42,25,17
135,Serie A,2023,29,5,497,AS Roma,51,29,15,6,8,55,35,20
135,Serie A,2023,29,6,499,Atalanta,47,29,14,5,10,53,35,18
135,Serie A,2023,29,7,502,Fiorentina,46,29,13,7,9,44,34,10
135,Serie A,2023,29,8,492,Napoli,45,29,12,9,8,44,33,11
135,Serie A,2023,29,9,487,Lazio,43,29,13,4,12,36,33,3
135,Serie A,2023,29,10,1579,Monza,42,29,11,9,9,32,36,-4
135,Serie A,2023,29,11,503,Torino,41,29,10,11,8,28,26,2
135,Serie A,2023,29,12,495,Genoa,34,29,8,10,11,31,36,-5
135,Serie A,2023,29,13,867,Lecce,28,29,6,10,13,26,45,-19
135,Serie A,2023,29,14,494,Udinese,27,29,4,15,10,28,44,-16
135,Serie A,2023,29,15,504,Hellas Verona,26,29,6,8,15,26,39,-13
135,Serie A,2023,29,16,490,Cagliari,26,29,6,8,15,29,50,-21
135,Serie A,2023,29,17,511,Empoli,25,29,6,7,16,22,43,-21
135,Serie A,2023,29,18,512,Frosinone,24,29,6,6,17,37,60,-23
135,Serie A,2023,29,19,488,Sassuolo,23,29,6,5,18,33,56,-23
135,Serie A,2023,29,20,514,Salernitana,14,29,2,8,19,23,59,-36
135,Serie A,2023,30,1,505,Inter,79,30,25,4,1,73,14,59
135,Serie A,2023,30,2,489,AC Milan,65,30,20,5,5,57,34,23
135,Serie A,2023,30,3,496,Juventus,59,30,17,8,5,44,24,20
135,Serie A,2023,30,4,500,Bologna,57,30,16,9,5,45,25,20
135,Serie A,2023,30,5,497,AS Roma,52,30,15,7,8,55,35,20
135,Serie A,2023,30,6,499,Atalanta,50,30,15,5,10,56,35,21
135,Serie A,2023,30,7,502,Fiorentina,46,30,13,7,10,45,36,9
135,Serie A,2023,30,8,487,Lazio,46,30,14,4,12,37,33,4
135,Serie A,2023,30,9,492,Napoli,45,30,12,9,9,44,36,8
135,Serie A,2023,30,10,503,Torino,44,30,11,11,8,29,26,3
135,Serie A,2023,30,11,1579,Monza,42,30,11,9,10,32,37,-5
135,Serie A,2023,30,12,495,Genoa,35,30,8,11,11,32,37,-5
135,Serie A,2023,30,13,867,Lecce,29,30,6,11,13,26,45,-19
135,Serie A,2023,30,14,494,Udinese,28,30,4,16,10,29,45,-16
135,Serie A,2023,30,15,504,Hellas Verona,27,30,6,9,15,27,40,-13
135,Serie A,2023,30,16,490,Cagliari,27,30,6,9,15,30,51,-21
135,Serie A,2023,30,17,512,Frosinone,25,30,6,7,17,38,61,-23
135,Serie A,2023,30,18,511,Empoli,25,30,6,7,17,22,45,-23
135,Serie A,2023,30,19,488,Sassuolo,24,30,6,6,18,34,57,-23
135,Serie A,2023,30,20,514,Salernitana,14,30,2,8,20,23,62,-39
135,Serie A,2023,31,1,505,Inter,82,31,26,4,1,75,15,60
135,Serie A,2023,31,2,489,AC Milan,68,31,21,5,5,60,34,26
135,Serie A,2023,31,3,496,Juventus,62,31,18,8,5,45,24,21
135,Serie A,2023,31,4,500,Bologna,58,31,16,10,5,45,25,20
135,Serie A,2023,31,5,497,AS Roma,55,31,16,7,8,56,35,21
135,Serie A,2023,31,6,499,Atalanta,50,31,15,5,11,57,37,20
135,Serie A,2023,31,7,492,Napoli,48,31,13,9,9,48,38,10
135,Serie A,2023,31,8,502,Fiorentina,46,31,13,7,11,45,37,8
135,Serie A,2023,31,9,487,Lazio,46,31,14,4,13,37,34,3
135,Serie A,2023,31,10,503,Torino,44,31,11,11,9,31,29,2
135,Serie A,2023,31,11,1579,Monza,42,31,11,9,11,34,41,-7
135,Serie A,2023,31,12,495,Genoa,38,31,9,11,11,34,38,-4
135,Serie A,2023,31,13,490,Cagliari,30,31,7,9,15,32,52,-20
135,Serie A,2023,31,14,867,Lecce,29,31,6,11,14,26,48,-22
135,Serie A,2023,31,15,494,Udinese,28,31,4,16,11,30,47,-17
135,Serie A,2023,31,16,511,Empoli,28,31,7,7,17,25,47,-22
135,Serie A,2023,31,17,504,Hellas Verona,27,31,6,9,16,28,42,-14
135,Serie A,2023,31,18,512,Frosinone,26,31,6,8,17,38,61,-23
135,Serie A,2023,31,19,488,Sassuolo,25,31,6,7,18,36,59,-23
135,Serie A,2023,31,20,514,Salernitana,15,31,2,9,20,25,64,-39
135,Serie A,2023,32,1,505,Inter,83,32,26,5,1,77,17,60
135,Serie A,2023,32,2,489,AC Milan,69,32,21,6,5,63,37,26
135,Serie A,2023,32,3,496,Juventus,63,32,18,9,5,45,24,21
135,Serie A,2023,32,4,500,Bologna,59,32,16,11,5,45,25,20
135,Serie A,2023,32,5,497,AS Roma,58,32,17,7,8,58,36,22
135,Serie A,2023,32,6,499,Atalanta,51,32,15,6,11,59,39,20
135,Serie A,2023,32,7,492,Napoli,49,32,13,10,9,50,40,10
135,Serie A,2023,32,8,487,Lazio,49,32,15,4,13,41,35,6
135,Serie A,2023,32,9,502,Fiorentina,47,32,13,8,11,46,38,8
135,Serie A,2023,32,10,503,Torino,45,32,11,12,9,31,29,2
135,Serie A,2023,32,11,1579,Monza,43,32,11,10,11,34,41,-7
135,Serie A,2023,32,12,495,Genoa,39,32,9,12,11,35,39,-4
135,Serie A,2023,32,13,867,Lecce,32,32,7,11,14,27,48,-21
135,Serie A,2023,32,14,490,Cagliari,31,32,7,10,15,34,54,-20
135,Serie A,2023,32,15,504,Hellas Verona,28,32,6,10,16,30,44,-14
135,Serie A,2023,32,16,494,Udinese,28,32,4,16,12,31,49,-18
135,Serie A,2023,32,17,511,Empoli,28,32,7,7,18,25,48,-23
135,Serie A,2023,32,18,512,Frosinone,27,32,6,9,17,40,63,-23
135,Serie A,2023,32,19,488,Sassuolo,26,32,6,8,18,39,62,-23
135,Serie A,2023,32,20,514,Salernitana,15,32,2,9,21,26,68,-42
135,Serie A,2023,33,1,505,Inter,86,33,27,5,1,79,18,61
135,Serie A,2023,33,2,489,AC Milan,69,33,21,6,6,64,39,25
135,Serie A,2023,33,3,496,Juventus,64,33,18,10,5,47,26,21
135,Serie A,2023,33,4,500,Bologna,62,33,17,11,5,48,26,22
135,Serie A,2023,33,5,497,AS Roma,58,33,17,7,9,59,39,20
135,Serie A,2023,33,6,499,Atalanta,54,33,16,6,11,61,40,21
135,Serie A,2023,33,7,487,Lazio,52,33,16,4,13,42,35,7
135,Serie A,2023,33,8,502,Fiorentina,50,33,14,8,11,48,38,10
135,Serie A,2023,33,9,492,Napoli,49,33,13,10,10,50,41,9
135,Serie A,2023,33,10,503,Torino,46,33,11,13,9,31,29,2
135,Serie A,2023,33,11,1579,Monza,43,33,11,10,12,35,43,-8
135,Serie A,2023,33,12,495,Genoa,39,33,9,12,12,35,40,-5
135,Serie A,2023,33,13,867,Lecce,35,33,8,11,14,30,48,-18
135,Serie A,2023,33,14,490,Cagliari,32,33,7,11,15,36,56,-20
135,Serie A,2023,33,15,504,Hellas Verona,31,33,7,10,16,31,44,-13
135,Serie A,2023,33,16,511,Empoli,31,33,8,7,18,26,48,-22
135,Serie A,2023,33,17,494,Udinese,28,33,4,16,13,31,50,-19
135,Serie A,2023,33,18,512,Frosinone,28,33,6,10,17,40,63,-23
135,Serie A,2023,33,19,488,Sassuolo,26,33,6,8,19,39,65,-26
135,Serie A,2023,33,20,514,Salernitana,15,33,2,9,22,26,70,-44
135,Serie A,2023,34,1,505,Inter,89,34,28,5,1,81,18,63
135,Serie A,2023,34,2,489,AC Milan,70,34,21,7,6,64,39,25
135,Serie A,2023,34,3,496,Juventus,65,34,18,11,5,47,26,21
135,Serie A,2023,34,4,500,Bologna,63,34,17,12,5,49,27,22
135,Serie A,2023,34,5,497,AS Roma,59,34,17,8,9,61,41,20
135,Serie A,2023,34,6,499,Atalanta,57,34,17,6,11,63,40,23
135,Serie A,2023,34,7,487,Lazio,55,34,17,4,13,43,35,8
135,Serie A,2023,34,8,502,Fiorentina,53,34,15,8,11,53,39,14
135,Serie A,2023,34,9,492,Napoli,50,34,13,11,10,52,43,9
135,Serie A,2023,34,10,503,Torino,46,34,11,13,10,31,31,0
135,Serie A,2023,34,11,1579,Monza,44,34,11,11,12,36,44,-8
135,Serie A,2023,34,12,495,Genoa,42,34,10,12,12,38,40,-2
135,Serie A,2023,34,13,867,Lecce,36,34,8,12,14,31,49,-18
135,Serie A,2023,34,14,490,Cagliari,32,34,7,11,16,36,59,-23
135,Serie A,2023,34,15,504,Hellas Verona,31,34,7,10,17,31,45,-14
135,Serie A,2023,34,16,512,Frosinone,31,34,7,10,17,43,63,-20
135,Serie A,2023,34,17,511,Empoli,31,34,8,7,19,26,50,-24
135,Serie A,2023,34,18,494,Udinese,29,34,4,17,13,32,51,-19
135,Serie A,2023,34,19,488,Sassuolo,26,34,6,8,20,40,70,-30
135,Serie A,2023,34,20,514,Salernitana,15,34,2,9,23,26,73,-47
135,Serie A,2023,35,1,505,Inter,89,35,28,5,2,81,19,62
135,Serie A,2023,35,2,489,AC Milan,71,35,21,8,6,67,42,25
135,Serie A,2023,35,3,496,Juventus,66,35,18,12,5,48,27,21
135,Serie A,2023,35,4,500,Bologna,64,35,17,13,5,49,27,22
135,Serie A,2023,35,5,499,Atalanta,60,35,18,6,11,65,41,24
135,Serie A,2023,35,6,497,AS Roma,60,35,17,9,9,62,42,20
135,Serie A,2023,35,7,487,Lazio,56,35,17,5,13,45,37,8
135,Serie A,2023,35,8,502,Fiorentina,53,35,15,8,12,54,41,13
135,Serie A,2023,35,9,492,Napoli,51,35,13,12,10,53,44,9
135,Serie A,2023,35,10,503,Torino,47,35,11,14,10,31,31,0
135,Serie A,2023,35,11,1579,Monza,45,35,11,12,12,38,46,-8
135,Serie A,2023,35,12,495,Genoa,43,35,10,13,12,41,43,-2
135,Serie A,2023,35,13,867,Lecce,37,35,8,13,14,32,50,-18
135,Serie A,2023,35,14,504,Hellas Verona,34,35,8,10,17,33,46,-13
135,Serie A,2023,35,15,490,Cagliari,33,35,7,12,16,37,60,-23
135,Serie A,2023,35,16,512,Frosinone,32,35,7,11,17,43,63,-20
135,Serie A,2023,35,17,511,Empoli,32,35,8,8,19,26,50,-24
135,Serie A,2023,35,18,494,Udinese,30,35,4,18,13,33,52,-19
135,Serie A,2023,35,19,488,Sassuolo,29,35,7,8,20,41,70,-29
135,Serie A,2023,35,20,514,Salernitana,15,35,2,9,24,27,75,-48
135,Serie A,2023,36,1,505,Inter,92,36,29,5,2,86,19,67
135,Serie A,2023,36,2,489,AC Milan,74,36,22,8,6,72,43,29
135,Serie A,2023,36,3,500,Bologna,67,36,18,13,5,51,27,24
135,Serie A,2023,36,4,496,Juventus,67,36,18,13,5,49,28,21
135,Serie A,2023,36,5,499,Atalanta,63,36,19,6,11,67,42,25
135,Serie A,2023,36,6,497,AS Roma,60,36,17,9,10,63,44,19
135,Serie A,2023,36,7,487,Lazio,59,36,18,5,13,47,37,10
135,Serie A,2023,36,8,502,Fiorentina,56,36,16,8,12,56,42,14
135,Serie A,2023,36,9,492,Napoli,51,36,13,12,11,53,46,7
135,Serie A,2023,36,10,503,Torino,50,36,12,14,10,33,32,1
135,Serie A,2023,36,11,495,Genoa,46,36,11,13,12,43,44,-1
135,Serie A,2023,36,12,1579,Monza,45,36,11,12,13,39,48,-9
135,Serie A,2023,36,13,867,Lecce,37,36,8,13,15,32,52,-20
135,Serie A,2023,36,14,504,Hellas Verona,34,36,8,10,18,34,48,-14
135,Serie A,2023,36,15,494,Udinese,33,36,5,18,13,35,52,-17
135,Serie A,2023,36,16,490,Cagliari,33,36,7,12,17,38,65,-27
135,Serie A,2023,36,17,512,Frosinone,32,36,7,11,18,43,68,-25
135,Serie A,2023,36,18,511,Empoli,32,36,8,8,20,26,52,-26
135,Serie A,2023,36,19,488,Sassuolo,29,36,7,8,21,42,72,-30
135,Serie A,2023,36,20,514,Salernitana,16,36,2,10,24,28,76,-48
135,Serie A,2023,37,1,505,Inter,93,37,29,6,2,87,20,67
135,Serie A,2023,37,2,489,AC Milan,74,37,22,8,7,73,46,27
135,Serie A,2023,37,3,500,Bologna,68,37,18,14,5,54,30,24
135,Serie A,2023,37,4,496,Juventus,68,37,18,14,5,52,31,21
135,Serie A,2023,37,5,499,Atalanta,66,37,20,6,11,69,42,27
135,Serie A,2023,37,6,497,AS Roma,63,37,18,9,10,64,44,20
135,Serie A,2023,37,7,487,Lazio,60,37,18,6,13,48,38,10
135,Serie A,2023,37,8,502,Fiorentina,57,37,16,9,12,58,44,14
135,Serie A,2023,37,9,503,Torino,53,37,13,14,10,36,33,3
135,Serie A,2023,37,10,492,Napoli,52,37,13,13,11,55,48,7
135,Serie A,2023,37,11,495,Genoa,46,37,11,13,13,43,45,-2
135,Serie A,2023,37,12,1579,Monza,45,37,11,12,14,39,49,-10
135,Serie A,2023,37,13,504,Hellas Verona,37,37,9,10,18,36,49,-13
135,Serie A,2023,37,14,867,Lecce,37,37,8,13,16,32,54,-22
135,Serie A,2023,37,15,490,Cagliari,36,37,8,12,17,40,65,-25
135,Serie A,2023,37,16,512,Frosinone,35,37,8,11,18,44,68,-24
135,Serie A,2023,37,17,494,Udinese,34,37,5,19,13,36,53,-17
135,Serie A,2023,37,18,511,Empoli,33,37,8,9,20,27,53,-26
135,Serie A,2023,37,19,488,Sassuolo,29,37,7,8,22,42,74,-32
135,Serie A,2023,37,20,514,Salernitana,16,37,2,10,25,29,78,-49
135,Serie A,2023,38,1,505,Inter,94,38,29,7,2,89,22,67
135,Serie A,2023,38,2,489,AC Milan,75,38,22,9,7,76,49,27
135,Serie A,2023,38,3,496,Juventus,71,38,19,14,5,54,31,23
135,Serie A,2023,38,4,499,Atalanta,69,38,21,6,11,72,42,30
135,Serie A,2023,38,5,500,Bologna,68,38,18,14,6,54,32,22
135,Serie A,2023,38,6,497,AS Roma,63,38,18,9,11,65,46,19
135,Serie A,2023,38,7,487,Lazio,61,38,18,7,13,49,39,10
135,Serie A,2023,38,8,502,Fiorentina,60,38,17,9,12,61,46,15
135,Serie A,2023,38,9,492,Napoli,53,38,13,14,11,55,48,7
135,Serie A,2023,38,10,503,Torino,53,38,13,14,11,36,36,0
135,Serie A,2023,38,11,495,Genoa,49,38,12,13,13,45,45,0
135,Serie A,2023,38,12,1579,Monza,45,38,11,12,15,39,51,-12
135,Serie A,2023,38,13,504,Hellas Verona,38,38,9,11,18,38,51,-13
135,Serie A,2023,38,14,867,Lecce,38,38,8,14,16,32,54,-22
135,Serie A,2023,38,15,494,Udinese,37,38,6,19,13,37,53,-16
135,Serie A,2023,38,16,511,Empoli,36,38,9,9,20,29,54,-25
135,Serie A,2023,38,17,490,Cagliari,36,38,8,12,18,42,68,-26
135,Serie A,2023,38,18,512,Frosinone,35,38,8,11,19,44,69,-25
135,Serie A,2023,38,19,488,Sassuolo,30,38,7,9,22,43,75,-32
135,Serie A,2023,38,20,514,Salernitana,17,38,2,11,25,32,81,-49
135,Serie A,2024,1,1,499,Atalanta,3,1,1,0,0,4,0,4
135,Serie A,2024,1,2,504,Hellas Verona,3,1,1,0,0,3,0,3
135,Serie A,2024,1,3,496,Juventus,3,1,1,0,0,3,0,3
135,Serie A,2024,1,4,487,Lazio,3,1,1,0,0,3,1,2
135,Serie A,2024,1,5,495,Genoa,1,1,0,1,0,2,2,0
135,Serie A,2024,1,6,505,Inter,1,1,0,1,0,2,2,0
135,Serie A,2024,1,7,489,AC Milan,1,1,0,1,0,2,2,0
135,Serie A,2024,1,8,503,Torino,1,1,0,1,0,2,2,0
135,Serie A,2024,1,9,523,Parma,1,1,0,1,0,1,1,0
135,Serie A,2024,1,10,502,Fiorentina,1,1,0,1,0,1,1,0
135,Serie A,2024,1,11,500,Bologna,1,1,0,1,0,1,1,0
135,Serie A,2024,1,12,494,Udinese,1,1,0,1,0,1,1,0
135,Serie A,2024,1,13,511,Empoli,1,1,0,1,0,0,0,0
135,Serie A,2024,1,14,1579,Monza,1,1,0,1,0,0,0,0
135,Serie A,2024,1,15,490,Cagliari,1,1,0,1,0,0,0,0
135,Serie A,2024,1,16,497,AS Roma,1,1,0,1,0,0,0,0
135,Serie A,2024,1,17,517,Venezia,0,1,0,0,1,1,3,-2
135,Serie A,2024,1,18,492,Napoli,0,1,0,0,1,0,3,-3
135,Serie A,2024,1,19,895,Como,0,1,0,0,1,0,3,-3
135,Serie A,2024,1,20,867,Lecce,0,1,0,0,1,0,4,-4
135,Serie A,2024,2,1,496,Juventus,6,2,2,0,0,6,0,6
135,Serie A,2024,2,2,505,Inter,4,2,1,1,0,4,2,2
135,Serie A,2024,2,3,503,Torino,4,2,1,1,0,4,3,1
135,Serie A,2024,2,4,495,Genoa,4,2,1,1,0,3,2,1
135,Serie A,2024,2,5,523,Parma,4,2,1,1,0,3,2,1
135,Serie A,2024,2,6,494,Udinese,4,2,1,1,0,3,2,1
135,Serie A,2024,2,7,511,Empoli,4,2,1,1,0,2,1,1
135,Serie A,2024,2,8,499,Atalanta,3,2,1,0,1,5,2,3
135,Serie A,2024,2,9,487,Lazio,3,2,1,0,1,4,3,1
135,Serie A,2024,2,10,504,Hellas Verona,3,2,1,0,1,3,3,0
135,Serie A,2024,2,11,492,Napoli,3,2,1,0,1,3,3,0
135,Serie A,2024,2,12,502,Fiorentina,2,2,0,2,0,1,1,0
135,Serie A,2024,2,13,490,Cagliari,2,2,0,2,0,1,1,0
135,Serie A,2024,2,14,489,AC Milan,1,2,0,1,1,3,4,-1
135,Serie A,2024,2,15,497,AS Roma,1,2,0,1,1,1,2,-1
135,Serie A,2024,2,16,1579,Monza,1,2,0,1,1,0,1,-1
135,Serie A,2024,2,17,517,Venezia,1,2,0,1,1,1,3,-2
135,Serie A,2024,2,18,500,Bologna,1,2,0,1,1,1,4,-3
135,Serie A,2024,2,19,895,Como,1,2,0,1,1,1,4,-3
135,Serie A,2024,2,20,867,Lecce,0,2,0,0,2,0,6,-6
135,Serie A,2024,3,1,505,Inter,7,3,2,1,0,8,2,6
135,Serie A,2024,3,2,496,Juventus,7,3,2,1,0,6,0,6
135,Serie A,2024,3,3,503,Torino,7,3,2,1,0,5,3,2
135,Serie A,2024,3,4,494,Udinese,7,3,2,1,0,4,2,2
135,Serie A,2024,3,5,504,Hellas Verona,6,3,2,0,1,5,3,2
135,Serie A,2024,3,6,492,Napoli,6,3,2,0,1,5,4,1
135,Serie A,2024,3,7,511,Empoli,5,3,1,2,0,3,2,1
135,Serie A,2024,3,8,487,Lazio,4,3,1,1,1,6,5,1
135,Serie A,2024,3,9,523,Parma,4,3,1,1,1,4,4,0
135,Serie A,2024,3,10,495,Genoa,4,3,1,1,1,3,4,-1
135,Serie A,2024,3,11,502,Fiorentina,3,3,0,3,0,3,3,0
135,Serie A,2024,3,12,499,Atalanta,3,3,1,0,2,5,6,-1
135,Serie A,2024,3,13,867,Lecce,3,3,1,0,2,1,6,-5
135,Serie A,2024,3,14,489,AC Milan,2,3,0,2,1,5,6,-1
135,Serie A,2024,3,15,1579,Monza,2,3,0,2,1,2,3,-1
135,Serie A,2024,3,16,490,Cagliari,2,3,0,2,1,1,2,-1
135,Serie A,2024,3,17,497,AS Roma,2,3,0,2,1,1,2,-1
135,Serie A,2024,3,18,500,Bologna,2,3,0,2,1,2,5,-3
135,Serie A,2024,3,19,517,Venezia,1,3,0,1,2,1,4,-3
135,Serie A,2024,3,20,895,Como,1,3,0,1,2,1,5,-4
135,Serie A,2024,4,1,494,Udinese,10,4,3,1,0,7,4,3
135,Serie A,2024,4,2,492,Napoli,9,4,3,0,1,9,4,5
135,Serie A,2024,4,3,505,Inter,8,4,2,2,0,9,3,6
135,Serie A,2024,4,4,496,Juventus,8,4,2,2,0,6,0,6
135,Serie A,2024,4,5,503,Torino,8,4,2,2,0,5,3,2
135,Serie A,2024,4,6,487,Lazio,7,4,2,1,1,8,6,2
135,Serie A,2024,4,7,504,Hellas Verona,6,4,2,0,2,6,5,1
135,Serie A,2024,4,8,511,Empoli,6,4,1,3,0,3,2,1
135,Serie A,2024,4,9,499,Atalanta,6,4,2,0,2,8,8,0
135,Serie A,2024,4,10,489,AC Milan,5,4,1,2,1,9,6,3
135,Serie A,2024,4,11,495,Genoa,5,4,1,2,1,4,5,-1
135,Serie A,2024,4,12,523,Parma,4,4,1,1,2,6,7,-1
135,Serie A,2024,4,13,867,Lecce,4,4,1,1,2,1,6,-5
135,Serie A,2024,4,14,502,Fiorentina,3,4,0,3,1,5,6,-1
135,Serie A,2024,4,15,1579,Monza,3,4,0,3,1,3,4,-1
135,Serie A,2024,4,16,497,AS Roma,3,4,0,3,1,2,3,-1
135,Serie A,2024,4,17,500,Bologna,3,4,0,3,1,4,7,-3
135,Serie A,2024,4,18,895,Como,2,4,0,2,2,3,7,-4
135,Serie A,2024,4,19,490,Cagliari,2,4,0,2,2,1,6,-5
135,Serie A,2024,4,20,517,Venezia,1,4,0,1,3,1,8,-7
135,Serie A,2024,5,1,503,Torino,11,5,3,2,0,8,5,3
135,Serie A,2024,5,2,492,Napoli,10,5,3,1,1,9,4,5
135,Serie A,2024,5,3,494,Udinese,10,5,3,1,1,7,7,0
135,Serie A,2024,5,4,496,Juventus,9,5,2,3,0,6,0,6
135,Serie A,2024,5,5,511,Empoli,9,5,2,3,0,5,2,3
135,Serie A,2024,5,6,505,Inter,8,5,2,2,1,10,5,5
135,Serie A,2024,5,7,489,AC Milan,8,5,2,2,1,11,7,4
135,Serie A,2024,5,8,487,Lazio,7,5,2,1,2,9,8,1
135,Serie A,2024,5,9,497,AS Roma,6,5,1,3,1,5,3,2
135,Serie A,2024,5,10,504,Hellas Verona,6,5,2,0,3,8,8,0
135,Serie A,2024,5,11,502,Fiorentina,6,5,1,3,1,7,7,0
135,Serie A,2024,5,12,499,Atalanta,6,5,2,0,3,10,11,-1
135,Serie A,2024,5,13,500,Bologna,6,5,1,3,1,6,8,-2
135,Serie A,2024,5,14,523,Parma,5,5,1,2,2,8,9,-1
135,Serie A,2024,5,15,895,Como,5,5,1,2,2,6,9,-3
135,Serie A,2024,5,16,495,Genoa,5,5,1,2,2,4,7,-3
135,Serie A,2024,5,17,867,Lecce,5,5,1,2,2,3,8,-5
135,Serie A,2024,5,18,517,Venezia,4,5,1,1,3,3,8,-5
135,Serie A,2024,5,19,1579,Monza,3,5,0,3,2,4,6,-2
135,Serie A,2024,5,20,490,Cagliari,2,5,0,2,3,1,8,-7
135,Serie A,2024,6,1,492,Napoli,13,6,4,1,1,11,4,7
135,Serie A,2024,6,2,496,Juventus,12,6,3,3,0,9,0,9
135,Serie A,2024,6,3,489,AC Milan,11,6,3,2,1,14,7,7
135,Serie A,2024,6,4,505,Inter,11,6,3,2,1,13,7,6
135,Serie A,2024,6,5,503,Torino,11,6,3,2,1,10,8,2
135,Serie A,2024,6,6,511,Empoli,10,6,2,4,0,5,2,3
135,Serie A,2024,6,7,487,Lazio,10,6,3,1,2,12,10,2
135,Serie A,2024,6,8,494,Udinese,10,6,3,1,2,9,10,-1
135,Serie A,2024,6,9,497,AS Roma,9,6,2,3,1,7,4,3
135,Serie A,2024,6,10,895,Como,8,6,2,2,2,9,11,-2
135,Serie A,2024,6,11,502,Fiorentina,7,6,1,4,1,7,7,0
135,Serie A,2024,6,12,499,Atalanta,7,6,2,1,3,11,12,-1
135,Serie A,2024,6,13,500,Bologna,7,6,1,4,1,7,9,-2
135,Serie A,2024,6,14,504,Hellas Verona,6,6,2,0,4,10,11,-1
135,Serie A,2024,6,15,523,Parma,5,6,1,2,3,10,12,-2
135,Serie A,2024,6,16,495,Genoa,5,6,1,2,3,4,10,-6
135,Serie A,2024,6,17,490,Cagliari,5,6,1,2,3,4,10,-6
135,Serie A,2024,6,18,867,Lecce,5,6,1,2,3,3,11,-8
135,Serie A,2024,6,19,517,Venezia,4,6,1,1,4,4,10,-6
135,Serie A,2024,6,20,1579,Monza,3,6,0,3,3,4,8,-4
135,Serie A,2024,7,1,492,Napoli,16,7,5,1,1,14,5,9
135,Serie A,2024,7,2,505,Inter,14,7,4,2,1,16,9,7
135,Serie A,2024,7,3,496,Juventus,13,7,3,4,0,10,1,9
135,Serie A,2024,7,4,487,Lazio,13,7,4,1,2,14,11,3
135,Serie A,2024,7,5,494,Udinese,13,7,4,1,2,10,10,0
135,Serie A,2024,7,6,489,AC Milan,11,7,3,2,2,15,9,6
135,Serie A,2024,7,7,503,Torino,11,7,3,2,2,12,11,1
135,Serie A,2024,7,8,499,Atalanta,10,7,3,1,3,16,13,3
135,Serie A,2024,7,9,497,AS Roma,10,7,2,4,1,8,5,3
135,Serie A,2024,7,10,511,Empoli,10,7,2,4,1,6,4,2
135,Serie A,2024,7,11,502,Fiorentina,10,7,2,4,1,9,8,1
135,Serie A,2024,7,12,504,Hellas Verona,9,7,3,0,4,12,12,0
135,Serie A,2024,7,13,500,Bologna,8,7,1,5,1,7,9,-2
135,Serie A,2024,7,14,895,Como,8,7,2,2,3,10,14,-4
135,Serie A,2024,7,15,523,Parma,6,7,1,3,3,10,12,-2
135,Serie A,2024,7,16,490,Cagliari,6,7,1,3,3,5,11,-6
135,Serie A,2024,7,17,867,Lecce,5,7,1,2,4,3,12,-9
135,Serie A,2024,7,18,495,Genoa,5,7,1,2,4,5,15,-10
135,Serie A,2024,7,19,1579,Monza,4,7,0,4,3,5,9,-4
135,Serie A,2024,7,20,517,Venezia,4,7,1,1,5,5,12,-7
135,Serie A,2024,8,1,492,Napoli,19,8,6,1,1,15,5,10
135,Serie A,2024,8,2,505,Inter,17,8,5,2,1,17,9,8
135,Serie A,2024,8,3,496,Juventus,16,8,4,4,0,11,1,10
135,Serie A,2024,8,4,489,AC Milan,14,8,4,2,2,16,9,7
135,Serie A,2024,8,5,502,Fiorentina,13,8,3,4,1,15,8,7
135,Serie A,2024,8,6,499,Atalanta,13,8,4,1,3,18,13,5
135,Serie A,2024,8,7,487,Lazio,13,8,4,1,3,14,12,2
135,Serie A,2024,8,8,494,Udinese,13,8,4,1,3,10,11,-1
135,Serie A,2024,8,9,503,Torino,11,8,3,2,3,14,14,0
135,Serie A,2024,8,10,497,AS Roma,10,8,2,4,2,8,6,2
135,Serie A,2024,8,11,511,Empoli,10,8,2,4,2,6,5,1
135,Serie A,2024,8,12,500,Bologna,9,8,1,6,1,9,11,-2
135,Serie A,2024,8,13,504,Hellas Verona,9,8,3,0,5,12,15,-3
135,Serie A,2024,8,14,895,Como,9,8,2,3,3,11,15,-4
135,Serie A,2024,8,15,490,Cagliari,9,8,2,3,3,8,13,-5
135,Serie A,2024,8,16,1579,Monza,7,8,1,4,3,8,9,-1
135,Serie A,2024,8,17,523,Parma,7,8,1,4,3,11,13,-2
135,Serie A,2024,8,18,495,Genoa,6,8,1,3,4,7,17,-10
135,Serie A,2024,8,19,867,Lecce,5,8,1,2,5,3,18,-15
135,Serie A,2024,8,20,517,Venezia,4,8,1,1,6,5,14,-9
135,Serie A,2024,9,1,492,Napoli,22,9,7,1,1,16,5,11
135,Serie A,2024,9,2,505,Inter,18,9,5,3,1,21,13,8
135,Serie A,2024,9,3,496,Juventus,17,9,4,5,0,15,5,10
135,Serie A,2024,9,4,502,Fiorentina,16,9,4,4,1,20,9,11
135,Serie A,2024,9,5,499,Atalanta,16,9,5,1,3,24,14,10
135,Serie A,2024,9,6,487,Lazio,16,9,5,1,3,17,12,5
135,Serie A,2024,9,7,494,Udinese,16,9,5,1,3,12,11,1
135,Serie A,2024,9,8,489,AC Milan,14,9,4,2,3,17,11,6
135,Serie A,2024,9,9,503,Torino,14,9,4,2,3,15,14,1
135,Serie A,2024,9,10,500,Bologna,12,9,2,6,1,11,12,-1
135,Serie A,2024,9,11,511,Empoli,11,9,2,5,2,7,6,1
135,Serie A,2024,9,12,497,AS Roma,10,9,2,4,3,9,11,-2
135,Serie A,2024,9,13,895,Como,9,9,2,3,4,11,16,-5
135,Serie A,2024,9,14,490,Cagliari,9,9,2,3,4,8,15,-7
135,Serie A,2024,9,15,504,Hellas Verona,9,9,3,0,6,13,21,-8
135,Serie A,2024,9,16,1579,Monza,8,9,1,5,3,10,11,-1
135,Serie A,2024,9,17,523,Parma,8,9,1,5,3,12,14,-2
135,Serie A,2024,9,18,495,Genoa,6,9,1,3,5,7,20,-13
135,Serie A,2024,9,19,517,Venezia,5,9,1,2,6,7,16,-9
135,Serie A,2024,9,20,867,Lecce,5,9,1,2,6,3,19,-16
135,Serie A,2024,10,1,492,Napoli,25,10,8,1,1,18,5,13
135,Serie A,2024,10,2,505,Inter,21,10,6,3,1,24,13,11
135,Serie A,2024,10,3,499,Atalanta,19,10,6,1,3,26,14,12
135,Serie A,2024,10,4,502,Fiorentina,19,10,5,4,1,21,9,12
135,Serie A,2024,10,5,487,Lazio,19,10,6,1,3,22,13,9
135,Serie A,2024,10,6,496,Juventus,18,10,4,6,0,17,7,10
135,Serie A,2024,10,7,494,Udinese,16,10,5,1,4,14,14,0
135,Serie A,2024,10,8,500,Bologna,15,10,3,6,1,13,12,1
135,Serie A,2024,10,9,489,AC Milan,14,10,4,2,4,17,13,4
135,Serie A,2024,10,10,503,Torino,14,10,4,2,4,15,15,0
135,Serie A,2024,10,11,497,AS Roma,13,10,3,4,3,10,11,-1
135,Serie A,2024,10,12,511,Empoli,11,10,2,5,3,7,9,-2
135,Serie A,2024,10,13,523,Parma,9,10,1,6,3,14,16,-2
135,Serie A,2024,10,14,504,Hellas Verona,9,10,3,0,7,13,22,-9
135,Serie A,2024,10,15,895,Como,9,10,2,3,5,12,21,-9
135,Serie A,2024,10,16,490,Cagliari,9,10,2,3,5,8,17,-9
135,Serie A,2024,10,17,1579,Monza,8,10,1,5,4,10,13,-3
135,Serie A,2024,10,18,517,Venezia,8,10,2,2,6,10,18,-8
135,Serie A,2024,10,19,867,Lecce,8,10,2,2,6,4,19,-15
135,Serie A,2024,10,20,495,Genoa,6,10,1,3,6,7,21,-14
135,Serie A,2024,11,1,492,Napoli,25,11,8,1,2,18,8,10
135,Serie A,2024,11,2,505,Inter,24,11,7,3,1,25,13,12
135,Serie A,2024,11,3,499,Atalanta,22,11,7,1,3,29,14,15
135,Serie A,2024,11,4,502,Fiorentina,22,11,6,4,1,22,9,13
135,Serie A,2024,11,5,487,Lazio,22,11,7,1,3,24,14,10
135,Serie A,2024,11,6,496,Juventus,21,11,5,6,0,19,7,12
135,Serie A,2024,11,7,500,Bologna,18,11,4,6,1,14,12,2
135,Serie A,2024,11,8,489,AC Milan,17,11,5,2,4,18,13,5
135,Serie A,2024,11,9,494,Udinese,16,11,5,1,5,14,16,-2
135,Serie A,2024,11,10,503,Torino,14,11,4,2,5,15,16,-1
135,Serie A,2024,11,11,511,Empoli,14,11,3,5,3,8,9,-1
135,Serie A,2024,11,12,497,AS Roma,13,11,3,4,4,12,14,-2
135,Serie A,2024,11,13,504,Hellas Verona,12,11,4,0,7,16,24,-8
135,Serie A,2024,11,14,523,Parma,9,11,1,6,4,14,17,-3
135,Serie A,2024,11,15,895,Como,9,11,2,3,6,12,22,-10
135,Serie A,2024,11,16,490,Cagliari,9,11,2,3,6,9,19,-10
135,Serie A,2024,11,17,495,Genoa,9,11,2,3,6,8,21,-13
135,Serie A,2024,11,18,1579,Monza,8,11,1,5,5,10,14,-4
135,Serie A,2024,11,19,517,Venezia,8,11,2,2,7,10,19,-9
135,Serie A,2024,11,20,867,Lecce,8,11,2,2,7,4,20,-16
135,Serie A,2024,12,1,492,Napoli,26,12,8,2,2,19,9,10
135,Serie A,2024,12,2,499,Atalanta,25,12,8,1,3,31,15,16
135,Serie A,2024,12,3,502,Fiorentina,25,12,7,4,1,25,10,15
135,Serie A,2024,12,4,505,Inter,25,12,7,4,1,26,14,12
135,Serie A,2024,12,5,487,Lazio,25,12,8,1,3,25,14,11
135,Serie A,2024,12,6,496,Juventus,24,12,6,6,0,21,7,14
135,Serie A,2024,12,7,500,Bologna,21,12,5,6,1,17,14,3
135,Serie A,2024,12,8,489,AC Milan,18,12,5,3,4,21,16,5
135,Serie A,2024,12,9,494,Udinese,16,12,5,1,6,15,18,-3
135,Serie A,2024,12,10,511,Empoli,15,12,3,6,3,9,10,-1
135,Serie A,2024,12,11,503,Torino,14,12,4,2,6,15,18,-3
135,Serie A,2024,12,12,497,AS Roma,13,12,3,4,5,14,17,-3
135,Serie A,2024,12,13,523,Parma,12,12,2,6,4,16,18,-2
135,Serie A,2024,12,14,504,Hellas Verona,12,12,4,0,8,17,27,-10
135,Serie A,2024,12,15,895,Como,10,12,2,4,6,13,23,-10
135,Serie A,2024,12,16,490,Cagliari,10,12,2,4,6,12,22,-10
135,Serie A,2024,12,17,495,Genoa,10,12,2,4,6,9,22,-13
135,Serie A,2024,12,18,867,Lecce,9,12,2,3,7,5,21,-16
135,Serie A,2024,12,19,1579,Monza,8,12,1,5,6,10,15,-5
135,Serie A,2024,12,20,517,Venezia,8,12,2,2,8,11,21,-10
135,Serie A,2024,13,1,492,Napoli,29,13,9,2,2,20,9,11
135,Serie A,2024,13,2,499,Atalanta,28,13,9,1,3,34,16,18
135,Serie A,2024,13,3,505,Inter,28,13,8,4,1,31,14,17
135,Serie A,2024,13,4,502,Fiorentina,28,13,8,4,1,27,10,17
135,Serie A,2024,13,5,487,Lazio,28,13,9,1,3,28,14,14
135,Serie A,2024,13,6,496,Juventus,25,13,6,7,0,21,7,14
135,Serie A,2024,13,7,500,Bologna,21,13,5,6,2,17,17,0
135,Serie A,2024,13,8,489,AC Milan,19,13,5,4,4,21,16,5
135,Serie A,2024,13,9,494,Udinese,17,13,5,2,6,16,19,-3
135,Serie A,2024,13,10,511,Empoli,16,13,3,7,3,10,11,-1
135,Serie A,2024,13,11,503,Torino,15,13,4,3,6,16,19,-3
135,Serie A,2024,13,12,497,AS Roma,13,13,3,4,6,14,18,-4
135,Serie A,2024,13,13,523,Parma,12,13,2,6,5,17,21,-4
135,Serie A,2024,13,14,504,Hellas Verona,12,13,4,0,9,17,32,-15
135,Serie A,2024,13,15,867,Lecce,12,13,3,3,7,6,21,-15
135,Serie A,2024,13,16,490,Cagliari,11,13,2,5,6,14,24,-10
135,Serie A,2024,13,17,495,Genoa,11,13,2,5,6,11,24,-13
135,Serie A,2024,13,18,895,Como,10,13,2,4,7,13,25,-12
135,Serie A,2024,13,19,1579,Monza,9,13,1,6,6,11,16,-5
135,Serie A,2024,13,20,517,Venezia,8,13,2,2,9,11,22,-11
135,Serie A,2024,14,1,492,Napoli,32,14,10,2,2,21,9,12
135,Serie A,2024,14,2,499,Atalanta,31,14,10,1,3,36,16,20
135,Serie A,2024,14,3,502,Fiorentina,31,14,9,4,1,30,10,20
135,Serie A,2024,14,4,505,Inter,28,14,8,4,2,31,17,14
135,Serie A,2024,14,5,487,Lazio,28,14,9,1,4,29,17,12
135,Serie A,2024,14,6,496,Juventus,26,14,6,8,0,22,8,14
135,Serie A,2024,14,7,500,Bologna,24,14,6,6,2,20,17,3
135,Serie A,2024,14,8,489,AC Milan,22,14,6,4,4,24,16,8
135,Serie A,2024,14,9,494,Udinese,17,14,5,2,7,16,21,-5
135,Serie A,2024,14,10,511,Empoli,16,14,3,7,4,10,14,-4
135,Serie A,2024,14,11,523,Parma,15,14,3,6,5,20,22,-2
135,Serie A,2024,14,12,503,Torino,15,14,4,3,7,16,20,-4
135,Serie A,2024,14,13,490,Cagliari,14,14,3,5,6,15,24,-9
135,Serie A,2024,14,14,495,Genoa,14,14,3,5,6,13,24,-11
135,Serie A,2024,14,15,497,AS Roma,13,14,3,4,7,14,20,-6
135,Serie A,2024,14,16,867,Lecce,13,14,3,4,7,7,22,-15
135,Serie A,2024,14,17,504,Hellas Verona,12,14,4,0,10,17,33,-16
135,Serie A,2024,14,18,895,Como,11,14,2,5,7,14,26,-12
135,Serie A,2024,14,19,1579,Monza,10,14,1,7,6,12,17,-5
135,Serie A,2024,14,20,517,Venezia,8,14,2,2,10,11,25,-14
135,Serie A,2024,15,1,499,Atalanta,34,15,11,1,3,38,17,21
135,Serie A,2024,15,2,502,Fiorentina,34,15,10,4,1,31,10,21
135,Serie A,2024,15,3,492,Napoli,32,15,10,2,3,21,10,11
135,Serie A,2024,15,4,505,Inter,31,15,9,4,2,34,18,16
135,Serie A,2024,15,5,487,Lazio,31,15,10,1,4,30,17,13
135,Serie A,2024,15,6,496,Juventus,27,15,6,9,0,24,10,14
135,Serie A,2024,15,7,500,Bologna,25,15,6,7,2,22,19,3
135,Serie A,2024,15,8,489,AC Milan,22,15,6,4,5,25,18,7
135,Serie A,2024,15,9,494,Udinese,20,15,6,2,7,18,22,-4
135,Serie A,2024,15,10,511,Empoli,19,15,4,7,4,14,15,-1
135,Serie A,2024,15,11,497,AS Roma,16,15,4,4,7,18,21,-3
135,Serie A,2024,15,12,503,Torino,16,15,4,4,7,16,20,-4
135,Serie A,2024,15,13,523,Parma,15,15,3,6,6,21,25,-4
135,Serie A,2024,15,14,495,Genoa,15,15,3,6,6,13,24,-11
135,Serie A,2024,15,15,490,Cagliari,14,15,3,5,7,15,25,-10
135,Serie A,2024,15,16,867,Lecce,13,15,3,4,8,8,26,-18
135,Serie A,2024,15,17,895,Como,12,15,2,6,7,16,28,-12
135,Serie A,2024,15,18,504,Hellas Verona,12,15,4,0,11,18,37,-19
135,Serie A,2024,15,19,1579,Monza,10,15,1,7,7,13,19,-6
135,Serie A,2024,15,20,517,Venezia,9,15,2,3,10,13,27,-14
135,Serie A,2024,16,1,499,Atalanta,37,16,12,1,3,39,17,22
135,Serie A,2024,16,2,492,Napoli,35,16,11,2,3,24,11,13
135,Serie A,2024,16,3,505,Inter,34,16,10,4,2,40,18,22
135,Serie A,2024,16,4,502,Fiorentina,34,16,10,4,2,31,11,20
135,Serie A,2024,16,5,487,Lazio,31,16,10,1,5,30,23,7
135,Serie A,2024,16,6,496,Juventus,28,16,6,10,0,26,12,14
135,Serie A,2024,16,7,500,Bologna,28,16,7,7,2,23,19,4
135,Serie A,2024,16,8,489,AC Milan,23,16,6,5,5,25,18,7
135,Serie A,2024,16,9,494,Udinese,20,16,6,2,8,19,25,-6
135,Serie A,2024,16,10,511,Empoli,19,16,4,7,5,14,16,-2
135,Serie A,2024,16,11,503,Torino,19,16,5,4,7,17,20,-3
135,Serie A,2024,16,12,497,AS Roma,16,16,4,4,8,18,23,-5
135,Serie A,2024,16,13,495,Genoa,16,16,3,7,6,13,24,-11
135,Serie A,2024,16,14,867,Lecce,16,16,4,4,8,10,27,-17
135,Serie A,2024,16,15,523,Parma,15,16,3,6,7,23,28,-5
135,Serie A,2024,16,16,895,Como,15,16,3,6,7,18,28,-10
135,Serie A,2024,16,17,504,Hellas Verona,15,16,5,0,11,21,39,-18
135,Serie A,2024,16,18,490,Cagliari,14,16,3,5,8,15,26,-11
135,Serie A,2024,16,19,1579,Monza,10,16,1,7,8,14,21,-7
135,Serie A,2024,16,20,517,Venezia,10,16,2,4,10,15,29,-14
135,Serie A,2024,17,1,499,Atalanta,40,17,13,1,3,42,19,23
135,Serie A,2024,17,2,492,Napoli,38,17,12,2,3,26,12,14
135,Serie A,2024,17,3,505,Inter,37,17,11,4,2,42,18,24
135,Serie A,2024,17,4,502,Fiorentina,34,17,10,4,3,32,13,19
135,Serie A,2024,17,5,487,Lazio,34,17,11,1,5,32,24,8
135,Serie A,2024,17,6,496,Juventus,31,17,7,10,0,28,13,15
135,Serie A,2024,17,7,500,Bologna,31,17,8,7,2,25,19,6
135,Serie A,2024,17,8,489,AC Milan,26,17,7,5,5,26,18,8
135,Serie A,2024,17,9,494,Udinese,23,17,7,2,8,21,26,-5
135,Serie A,2024,17,10,497,AS Roma,19,17,5,4,8,23,23,0
135,Serie A,2024,17,11,511,Empoli,19,17,4,7,6,16,19,-3
135,Serie A,2024,17,12,503,Torino,19,17,5,4,8,17,22,-5
135,Serie A,2024,17,13,495,Genoa,16,17,3,7,7,14,26,-12
135,Serie A,2024,17,14,867,Lecce,16,17,4,4,9,11,29,-18
135,Serie A,2024,17,15,523,Parma,15,17,3,6,8,23,33,-10
135,Serie A,2024,17,16,895,Como,15,17,3,6,8,18,30,-12
135,Serie A,2024,17,17,504,Hellas Verona,15,17,5,0,12,21,40,-19
135,Serie A,2024,17,18,490,Cagliari,14,17,3,5,9,16,28,-12
135,Serie A,2024,17,19,517,Venezia,13,17,3,4,10,17,30,-13
135,Serie A,2024,17,20,1579,Monza,10,17,1,7,9,15,23,-8
135,Serie A,2024,18,1,499,Atalanta,41,18,13,2,3,43,20,23
135,Serie A,2024,18,2,492,Napoli,41,18,13,2,3,27,12,15
135,Serie A,2024,18,3,505,Inter,40,18,12,4,2,45,18,27
135,Serie A,2024,18,4,502,Fiorentina,35,18,10,5,3,34,15,19
135,Serie A,2024,18,5,487,Lazio,35,18,11,2,5,33,25,8
135,Serie A,2024,18,6,496,Juventus,32,18,7,11,0,30,15,15
135,Serie A,2024,18,7,500,Bologna,31,18,8,7,3,27,22,5
135,Serie A,2024,18,8,489,AC Milan,27,18,7,6,5,27,19,8
135,Serie A,2024,18,9,494,Udinese,24,18,7,3,8,23,28,-5
135,Serie A,2024,18,10,497,AS Roma,20,18,5,5,8,24,24,0
135,Serie A,2024,18,11,503,Torino,20,18,5,5,8,19,24,-5
135,Serie A,2024,18,12,511,Empoli,19,18,4,7,7,17,21,-4
135,Serie A,2024,18,13,495,Genoa,19,18,4,7,7,16,27,-11
135,Serie A,2024,18,14,523,Parma,18,18,4,6,8,25,34,-9
135,Serie A,2024,18,15,895,Como,18,18,4,6,8,20,30,-10
135,Serie A,2024,18,16,504,Hellas Verona,18,18,6,0,12,24,42,-18
135,Serie A,2024,18,17,867,Lecce,16,18,4,4,10,11,31,-20
135,Serie A,2024,18,18,490,Cagliari,14,18,3,5,10,16,31,-15
135,Serie A,2024,18,19,517,Venezia,13,18,3,4,11,17,31,-14
135,Serie A,2024,18,20,1579,Monza,10,18,1,7,10,16,25,-9
135,Serie A,2024,19,1,492,Napoli,44,19,14,2,3,30,12,18
135,Serie A,2024,19,2,499,Atalanta,42,19,13,3,3,44,21,23
135,Serie A,2024,19,3,505,Inter,41,19,12,5,2,47,20,27
135,Serie A,2024,19,4,502,Fiorentina,35,19,10,5,4,34,18,16
135,Serie A,2024,19,5,487,Lazio,35,19,11,2,6,33,27,6
135,Serie A,2024,19,6,496,Juventus,33,19,7,12,0,31,16,15
135,Serie A,2024,19,7,500,Bologna,32,19,8,8,3,29,24,5
135,Serie A,2024,19,8,489,AC Milan,30,19,8,6,5,29,20,9
135,Serie A,2024,19,9,494,Udinese,25,19,7,4,8,23,28,-5
135,Serie A,2024,19,10,497,AS Roma,23,19,6,5,8,26,24,2
135,Serie A,2024,19,11,503,Torino,21,19,5,6,8,19,24,-5
135,Serie A,2024,19,12,511,Empoli,20,19,4,8,7,18,22,-4
135,Serie A,2024,19,13,495,Genoa,20,19,4,8,7,16,27,-11
135,Serie A,2024,19,14,523,Parma,19,19,4,7,8,25,34,-9
135,Serie A,2024,19,15,504,Hellas Verona,19,19,6,1,12,24,42,-18
135,Serie A,2024,19,16,895,Como,18,19,4,6,9,21,32,-11
135,Serie A,2024,19,17,490,Cagliari,17,19,4,5,10,18,32,-14
135,Serie A,2024,19,18,867,Lecce,17,19,4,5,10,11,31,-20
135,Serie A,2024,19,19,517,Venezia,14,19,3,5,11,18,32,-14
135,Serie A,2024,19,20,1579,Monza,10,19,1,7,11,17,27,-10
135,Serie A,2024,20,1,492,Napoli,47,20,15,2,3,32,12,20
135,Serie A,2024,20,2,505,Inter,44,20,13,5,2,48,20,28
135,Serie A,2024,20,3,499,Atalanta,43,20,13,4,3,44,21,23
135,Serie A,2024,20,4,487,Lazio,36,20,11,3,6,34,28,6
135,Serie A,2024,20,5,502,Fiorentina,35,20,10,5,5,35,20,15
135,Serie A,2024,20,6,496,Juventus,34,20,7,13,0,32,17,15
135,Serie A,2024,20,7,500,Bologna,33,20,8,9,3,31,26,5
135,Serie A,2024,20,8,489,AC Milan,31,20,8,7,5,30,21,9
135,Serie A,2024,20,9,494,Udinese,26,20,7,5,8,23,28,-5
135,Serie A,2024,20,10,497,AS Roma,24,20,6,6,8,28,26,2
135,Serie A,2024,20,11,495,Genoa,23,20,5,8,7,17,27,-10
135,Serie A,2024,20,12,503,Torino,22,20,5,7,8,20,25,-5
135,Serie A,2024,20,13,511,Empoli,20,20,4,8,8,19,25,-6
135,Serie A,2024,20,14,867,Lecce,20,20,5,5,10,14,32,-18
135,Serie A,2024,20,15,523,Parma,19,20,4,7,9,25,35,-10
135,Serie A,2024,20,16,895,Como,19,20,4,7,9,22,33,-11
135,Serie A,2024,20,17,504,Hellas Verona,19,20,6,1,13,24,44,-20
135,Serie A,2024,20,18,490,Cagliari,18,20,4,6,10,19,33,-14
135,Serie A,2024,20,19,517,Venezia,14,20,3,5,12,18,33,-15
135,Serie A,2024,20,20,1579,Monza,13,20,2,7,11,19,28,-9
135,Serie A,2024,21,1,492,Napoli,50,21,16,2,3,35,14,21
135,Serie A,2024,21,2,505,Inter,47,21,14,5,2,51,21,30
135,Serie A,2024,21,3,499,Atalanta,43,21,13,4,4,46,24,22
135,Serie A,2024,21,4,487,Lazio,39,21,12,3,6,37,28,9
135,Serie A,2024,21,5,496,Juventus,37,21,8,13,0,34,17,17
135,Serie A,2024,21,6,502,Fiorentina,36,21,10,6,5,36,21,15
135,Serie A,2024,21,7,500,Bologna,36,21,9,9,3,34,27,7
135,Serie A,2024,21,8,489,AC Milan,31,21,8,7,6,30,23,7
135,Serie A,2024,21,9,497,AS Roma,27,21,7,6,8,31,27,4
135,Serie A,2024,21,10,494,Udinese,26,21,7,5,9,24,32,-8
135,Serie A,2024,21,11,503,Torino,23,21,5,8,8,21,26,-5
135,Serie A,2024,21,12,495,Genoa,23,21,5,8,8,18,30,-12
135,Serie A,2024,21,13,895,Como,22,21,5,7,9,26,34,-8
135,Serie A,2024,21,14,490,Cagliari,21,21,5,6,10,23,34,-11
135,Serie A,2024,21,15,511,Empoli,20,21,4,8,9,20,28,-8
135,Serie A,2024,21,16,523,Parma,20,21,4,8,9,26,36,-10
135,Serie A,2024,21,17,867,Lecce,20,21,5,5,11,15,36,-21
135,Serie A,2024,21,18,504,Hellas Verona,19,21,6,1,14,24,47,-23
135,Serie A,2024,21,19,517,Venezia,15,21,3,6,12,19,34,-15
135,Serie A,2024,21,20,1579,Monza,13,21,2,7,12,20,31,-11
135,Serie A,2024,22,1,492,Napoli,53,22,17,2,3,37,15,22
135,Serie A,2024,22,2,505,Inter,50,22,15,5,2,55,21,34
135,Serie A,2024,22,3,499,Atalanta,46,22,14,4,4,48,25,23
135,Serie A,2024,22,4,502,Fiorentina,39,22,11,6,5,38,22,16
135,Serie A,2024,22,5,487,Lazio,39,22,12,3,7,38,30,8
135,Serie A,2024,22,6,496,Juventus,37,22,8,13,1,35,19,16
135,Serie A,2024,22,7,500,Bologna,37,22,9,10,3,35,28,7
135,Serie A,2024,22,8,489,AC Milan,34,22,9,7,6,33,25,8
135,Serie A,2024,22,9,497,AS Roma,30,22,8,6,8,33,28,5
135,Serie A,2024,22,10,503,Torino,26,22,6,8,8,23,26,-3
135,Serie A,2024,22,11,494,Udinese,26,22,7,5,10,25,34,-9
135,Serie A,2024,22,12,495,Genoa,26,22,6,8,8,20,30,-10
135,Serie A,2024,22,13,895,Como,22,22,5,7,10,27,36,-9
135,Serie A,2024,22,14,511,Empoli,21,22,4,9,9,21,29,-8
135,Serie A,2024,22,15,490,Cagliari,21,22,5,6,11,23,36,-13
135,Serie A,2024,22,16,523,Parma,20,22,4,8,10,28,39,-11
135,Serie A,2024,22,17,504,Hellas Verona,20,22,6,2,14,25,48,-23
135,Serie A,2024,22,18,867,Lecce,20,22,5,5,12,15,40,-25
135,Serie A,2024,22,19,517,Venezia,16,22,3,7,12,20,35,-15
135,Serie A,2024,22,20,1579,Monza,13,22,2,7,13,20,33,-13
135,Serie A,2024,23,1,492,Napoli,54,23,17,3,3,38,16,22
135,Serie A,2024,23,2,505,Inter,51,23,15,6,2,56,22,34
135,Serie A,2024,23,3,499,Atalanta,47,23,14,5,4,49,26,23
135,Serie A,2024,23,4,502,Fiorentina,42,23,12,6,5,40,23,17
135,Serie A,2024,23,5,487,Lazio,42,23,13,3,7,40,31,9
135,Serie A,2024,23,6,496,Juventus,40,23,9,13,1,39,20,19
135,Serie A,2024,23,7,500,Bologna,40,23,10,10,3,37,28,9
135,Serie A,2024,23,8,489,AC Milan,35,23,9,8,6,34,26,8
135,Serie A,2024,23,9,497,AS Roma,31,23,8,7,8,34,29,5
135,Serie A,2024,23,10,494,Udinese,29,23,8,5,10,28,36,-8
135,Serie A,2024,23,11,503,Torino,27,23,6,9,8,24,27,-3
135,Serie A,2024,23,12,495,Genoa,26,23,6,8,9,21,32,-11
135,Serie A,2024,23,13,504,Hellas Verona,23,23,7,2,14,26,48,-22
135,Serie A,2024,23,14,867,Lecce,23,23,6,5,12,18,41,-23
135,Serie A,2024,23,15,895,Como,22,23,5,7,11,27,38,-11
135,Serie A,2024,23,16,511,Empoli,21,23,4,9,10,22,33,-11
135,Serie A,2024,23,17,490,Cagliari,21,23,5,6,12,24,38,-14
135,Serie A,2024,23,18,523,Parma,20,23,4,8,11,29,42,-13
135,Serie A,2024,23,19,517,Venezia,16,23,3,7,13,22,38,-16
135,Serie A,2024,23,20,1579,Monza,13,23,2,7,14,20,34,-14
135,Serie A,2024,24,1,492,Napoli,55,24,17,4,3,39,17,22
135,Serie A,2024,24,2,505,Inter,54,24,16,6,2,58,23,35
135,Serie A,2024,24,3,499,Atalanta,50,24,15,5,4,54,26,28
135,Serie A,2024,24,4,487,Lazio,45,24,14,3,7,45,32,13
135,Serie A,2024,24,5,496,Juventus,43,24,10,13,1,41,21,20
135,Serie A,2024,24,6,502,Fiorentina,42,24,12,6,6,41,25,16
135,Serie A,2024,24,7,500,Bologna,41,24,10,11,3,37,28,9
135,Serie A,2024,24,8,489,AC Milan,38,24,10,8,6,36,26,10
135,Serie A,2024,24,9,497,AS Roma,34,24,9,7,8,35,29,6
135,Serie A,2024,24,10,494,Udinese,30,24,8,6,10,29,37,-8
135,Serie A,2024,24,11,503,Torino,28,24,6,10,8,25,28,-3
135,Serie A,2024,24,12,495,Genoa,27,24,6,9,9,22,33,-11
135,Serie A,2024,24,13,490,Cagliari,24,24,6,6,12,26,39,-13
135,Serie A,2024,24,14,867,Lecce,24,24,6,6,12,18,41,-23
135,Serie A,2024,24,15,504,Hellas Verona,23,24,7,2,15,26,53,-27
135,Serie A,2024,24,16,895,Como,22,24,5,7,12,28,40,-12
135,Serie A,2024,24,17,511,Empoli,21,24,4,9,11,22,35,-13
135,Serie A,2024,24,18,523,Parma,20,24,4,8,12,30,44,-14
135,Serie A,2024,24,19,517,Venezia,16,24,3,7,14,22,39,-17
135,Serie A,2024,24,20,1579,Monza,13,24,2,7,15,21,39,-18
135,Serie A,2024,25,1,492,Napoli,56,25,17,5,3,41,19,22
135,Serie A,2024,25,2,505,Inter,54,25,16,6,3,58,24,34
135,Serie A,2024,25,3,499,Atalanta,51,25,15,6,4,54,26,28
135,Serie A,2024,25,4,496,Juventus,46,25,11,13,1,42,21,21
135,Serie A,2024,25,5,487,Lazio,46,25,14,4,7,47,34,13
135,Serie A,2024,25,6,500,Bologna,44,25,11,11,3,40,30,10
135,Serie A,2024,25,7,502,Fiorentina,42,25,12,6,7,41,27,14
135,Serie A,2024,25,8,489,AC Milan,41,25,11,8,6,37,26,11
135,Serie A,2024,25,9,497,AS Roma,37,25,10,7,8,36,29,7
135,Serie A,2024,25,10,494,Udinese,33,25,9,6,10,32,37,-5
135,Serie A,2024,25,11,495,Genoa,30,25,7,9,9,24,33,-9
135,Serie A,2024,25,12,503,Torino,28,25,6,10,9,27,31,-4
135,Serie A,2024,25,13,895,Como,25,25,6,7,12,30,40,-10
135,Serie A,2024,25,14,490,Cagliari,25,25,6,7,12,26,39,-13
135,Serie A,2024,25,15,867,Lecce,25,25,6,7,12,18,41,-23
135,Serie A,2024,25,16,504,Hellas Verona,23,25,7,2,16,26,54,-28
135,Serie A,2024,25,17,511,Empoli,21,25,4,9,12,22,38,-16
135,Serie A,2024,25,18,523,Parma,20,25,4,8,13,30,45,-15
135,Serie A,2024,25,19,517,Venezia,16,25,3,7,15,22,41,-19
135,Serie A,2024,25,20,1579,Monza,14,25,2,8,15,21,39,-18
135,Serie A,2024,26,1,505,Inter,57,26,17,6,3,59,24,35
135,Serie A,2024,26,2,492,Napoli,56,26,17,5,4,42,21,21
135,Serie A,2024,26,3,499,Atalanta,54,26,16,6,4,59,26,33
135,Serie A,2024,26,4,496,Juventus,49,26,12,13,1,43,21,22
135,Serie A,2024,26,5,487,Lazio,47,26,14,5,7,47,34,13
135,Serie A,2024,26,6,500,Bologna,44,26,11,11,4,40,32,8
135,Serie A,2024,26,7,502,Fiorentina,42,26,12,6,8,41,28,13
135,Serie A,2024,26,8,489,AC Milan,41,26,11,8,7,38,28,10
135,Serie A,2024,26,9,497,AS Roma,40,26,11,7,8,40,29,11
135,Serie A,2024,26,10,494,Udinese,36,26,10,6,10,33,37,-4
135,Serie A,2024,26,11,503,Torino,31,26,7,10,9,29,32,-3
135,Serie A,2024,26,12,495,Genoa,30,26,7,9,10,24,34,-10
135,Serie A,2024,26,13,895,Como,28,26,7,7,12,32,41,-9
135,Serie A,2024,26,14,504,Hellas Verona,26,26,8,2,16,27,54,-27
135,Serie A,2024,26,15,490,Cagliari,25,26,6,7,13,26,40,-14
135,Serie A,2024,26,16,867,Lecce,25,26,6,7,13,18,42,-24
135,Serie A,2024,26,17,523,Parma,23,26,5,8,13,32,45,-13
135,Serie A,2024,26,18,511,Empoli,21,26,4,9,13,22,43,-21
135,Serie A,2024,26,19,517,Venezia,17,26,3,8,15,22,41,-19
135,Serie A,2024,26,20,1579,Monza,14,26,2,8,16,21,43,-22
135,Serie A,2024,27,1,505,Inter,58,27,17,7,3,60,25,35
135,Serie A,2024,27,2,492,Napoli,57,27,17,6,4,43,22,21
135,Serie A,2024,27,3,499,Atalanta,55,27,16,7,4,59,26,33
135,Serie A,2024,27,4,496,Juventus,52,27,13,13,1,45,21,24
135,Serie A,2024,27,5,487,Lazio,50,27,15,5,7,49,35,14
135,Serie A,2024,27,6,500,Bologna,47,27,12,11,4,42,33,9
135,Serie A,2024,27,7,502,Fiorentina,45,27,13,6,8,42,28,14
135,Serie A,2024,27,8,497,AS Roma,43,27,12,7,8,42,30,12
135,Serie A,2024,27,9,489,AC Milan,41,27,11,8,8,39,30,9
135,Serie A,2024,27,10,494,Udinese,39,27,11,6,10,34,37,-3
135,Serie A,2024,27,11,503,Torino,34,27,8,10,9,31,32,-1
135,Serie A,2024,27,12,495,Genoa,31,27,7,10,10,25,35,-10
135,Serie A,2024,27,13,895,Como,28,27,7,7,13,33,43,-10
135,Serie A,2024,27,14,504,Hellas Verona,26,27,8,2,17,27,56,-29
135,Serie A,2024,27,15,490,Cagliari,25,27,6,7,14,27,42,-15
135,Serie A,2024,27,16,867,Lecce,25,27,6,7,14,18,43,-25
135,Serie A,2024,27,17,523,Parma,23,27,5,8,14,32,46,-14
135,Serie A,2024,27,18,511,Empoli,22,27,4,10,13,23,44,-21
135,Serie A,2024,27,19,517,Venezia,18,27,3,9,15,22,41,-19
135,Serie A,2024,27,20,1579,Monza,14,27,2,8,17,21,45,-24
135,Serie A,2024,28,1,505,Inter,61,28,18,7,3,63,27,36
135,Serie A,2024,28,2,492,Napoli,60,28,18,6,4,45,23,22
135,Serie A,2024,28,3,499,Atalanta,58,28,17,7,4,63,26,37
135,Serie A,2024,28,4,496,Juventus,52,28,13,13,2,45,25,20
135,Serie A,2024,28,5,487,Lazio,51,28,15,6,7,50,36,14
135,Serie A,2024,28,6,500,Bologna,50,28,13,11,4,44,34,10
135,Serie A,2024,28,7,497,AS Roma,46,28,13,7,8,43,30,13
135,Serie A,2024,28,8,502,Fiorentina,45,28,13,6,9,43,30,13
135,Serie A,2024,28,9,489,AC Milan,44,28,12,8,8,42,32,10
135,Serie A,2024,28,10,494,Udinese,40,28,11,7,10,35,38,-3
135,Serie A,2024,28,11,503,Torino,35,28,8,11,9,33,34,-1
135,Serie A,2024,28,12,495,Genoa,32,28,7,11,10,26,36,-10
135,Serie A,2024,28,13,895,Como,29,28,7,8,13,34,44,-10
135,Serie A,2024,28,14,490,Cagliari,26,28,6,8,14,28,43,-15
135,Serie A,2024,28,15,504,Hellas Verona,26,28,8,2,18,28,58,-30
135,Serie A,2024,28,16,867,Lecce,25,28,6,7,15,20,46,-26
135,Serie A,2024,28,17,523,Parma,24,28,5,9,14,34,48,-14
135,Serie A,2024,28,18,511,Empoli,22,28,4,10,14,23,45,-22
135,Serie A,2024,28,19,517,Venezia,19,28,3,10,15,23,42,-19
135,Serie A,2024,28,20,1579,Monza,14,28,2,8,18,23,48,-25
135,Serie A,2024,29,1,505,Inter,64,29,19,7,3,65,27,38
135,Serie A,2024,29,2,492,Napoli,61,29,18,7,4,45,23,22
135,Serie A,2024,29,3,499,Atalanta,58,29,17,7,5,63,28,35
135,Serie A,2024,29,4,500,Bologna,53,29,14,11,4,49,34,15
135,Serie A,2024,29,5,496,Juventus,52,29,13,13,3,45,28,17
135,Serie A,2024,29,6,487,Lazio,51,29,15,6,8,50,41,9
135,Serie A,2024,29,7,497,AS Roma,49,29,14,7,8,44,30,14
135,Serie A,2024,29,8,502,Fiorentina,48,29,14,6,9,46,30,16
135,Serie A,2024,29,9,489,AC Milan,47,29,13,8,8,44,33,11
135,Serie A,2024,29,10,494,Udinese,40,29,11,7,11,35,39,-4
135,Serie A,2024,29,11,503,Torino,38,29,9,11,9,34,34,0
135,Serie A,2024,29,12,495,Genoa,35,29,8,11,10,28,37,-9
135,Serie A,2024,29,13,895,Como,29,29,7,8,14,35,46,-11
135,Serie A,2024,29,14,504,Hellas Verona,29,29,9,2,18,29,58,-29
135,Serie A,2024,29,15,490,Cagliari,26,29,6,8,15,28,44,-16
135,Serie A,2024,29,16,523,Parma,25,29,5,10,14,35,49,-14
135,Serie A,2024,29,17,867,Lecce,25,29,6,7,16,21,48,-27
135,Serie A,2024,29,18,511,Empoli,22,29,4,10,15,23,46,-23
135,Serie A,2024,29,19,517,Venezia,20,29,3,11,15,23,42,-19
135,Serie A,2024,29,20,1579,Monza,15,29,2,9,18,24,49,-25
135,Serie A,2024,30,1,505,Inter,67,30,20,7,3,67,28,39
135,Serie A,2024,30,2,492,Napoli,64,30,19,7,4,47,24,23
135,Serie A,2024,30,3,499,Atalanta,58,30,17,7,6,63,29,34
135,Serie A,2024,30,4,500,Bologna,56,30,15,11,4,50,34,16
135,Serie A,2024,30,5,496,Juventus,55,30,14,13,3,46,28,18
135,Serie A,2024,30,6,497,AS Roma,52,30,15,7,8,45,30,15
135,Serie A,2024,30,7,487,Lazio,52,30,15,7,8,51,42,9
135,Serie A,2024,30,8,502,Fiorentina,51,30,15,6,9,47,30,17
135,Serie A,2024,30,9,489,AC Milan,47,30,13,8,9,45,35,10
135,Serie A,2024,30,10,494,Udinese,40,30,11,7,12,36,41,-5
135,Serie A,2024,30,11,503,Torino,39,30,9,12,9,35,35,0
135,Serie A,2024,30,12,495,Genoa,35,30,8,11,11,28,38,-10
135,Serie A,2024,30,13,895,Como,30,30,7,9,14,36,47,-11
135,Serie A,2024,30,14,504,Hellas Verona,30,30,9,3,18,29,58,-29
135,Serie A,2024,30,15,490,Cagliari,29,30,7,8,15,31,44,-13
135,Serie A,2024,30,16,523,Parma,26,30,5,11,14,35,49,-14
135,Serie A,2024,30,17,867,Lecce,25,30,6,7,17,21,49,-28
135,Serie A,2024,30,18,511,Empoli,23,30,4,11,15,24,47,-23
135,Serie A,2024,30,19,517,Venezia,20,30,3,11,16,23,43,-20
135,Serie A,2024,30,20,1579,Monza,15,30,2,9,19,24,52,-28
135,Serie A,2024,31,1,505,Inter,68,31,20,8,3,69,30,39
135,Serie A,2024,31,2,492,Napoli,65,31,19,8,4,48,25,23
135,Serie A,2024,31,3,499,Atalanta,58,31,17,7,7,63,30,33
135,Serie A,2024,31,4,500,Bologna,57,31,15,12,4,51,35,16
135,Serie A,2024,31,5,496,Juventus,56,31,14,14,3,47,29,18
135,Serie A,2024,31,6,487,Lazio,55,31,16,7,8,52,42,10
135,Serie A,2024,31,7,497,AS Roma,53,31,15,8,8,46,31,15
135,Serie A,2024,31,8,502,Fiorentina,52,31,15,7,9,49,32,17
135,Serie A,2024,31,9,489,AC Milan,48,31,13,9,9,47,37,10
135,Serie A,2024,31,10,503,Torino,40,31,9,13,9,36,36,0
135,Serie A,2024,31,11,494,Udinese,40,31,11,7,13,36,42,-6
135,Serie A,2024,31,12,495,Genoa,38,31,9,11,11,29,38,-9
135,Serie A,2024,31,13,895,Como,33,31,8,9,14,39,48,-9
135,Serie A,2024,31,14,504,Hellas Verona,31,31,9,4,18,30,59,-29
135,Serie A,2024,31,15,490,Cagliari,30,31,7,9,15,31,44,-13
135,Serie A,2024,31,16,523,Parma,27,31,5,12,14,37,51,-14
135,Serie A,2024,31,17,867,Lecce,26,31,6,8,17,22,50,-28
135,Serie A,2024,31,18,511,Empoli,24,31,4,12,15,24,47,-23
135,Serie A,2024,31,19,517,Venezia,21,31,3,12,16,24,44,-20
135,Serie A,2024,31,20,1579,Monza,15,31,2,9,20,25,55,-30
135,Serie A,2024,32,1,505,Inter,71,32,21,8,3,72,31,41
135,Serie A,2024,32,2,492,Napoli,68,32,20,8,4,51,25,26
135,Serie A,2024,32,3,499,Atalanta,61,32,18,7,7,65,30,35
135,Serie A,2024,32,4,496,Juventus,59,32,15,14,3,49,30,19
135,Serie A,2024,32,5,500,Bologna,57,32,15,12,5,51,37,14
135,Serie A,2024,32,6,487,Lazio,56,32,16,8,8,53,43,10
135,Serie A,2024,32,7,497,AS Roma,54,32,15,9,8,47,32,15
135,Serie A,2024,32,8,502,Fiorentina,53,32,15,8,9,49,32,17
135,Serie A,2024,32,9,489,AC Milan,51,32,14,9,9,51,37,14
135,Serie A,2024,32,10,503,Torino,40,32,9,13,10,36,37,-1
135,Serie A,2024,32,11,494,Udinese,40,32,11,7,14,36,46,-10
135,Serie A,2024,32,12,495,Genoa,39,32,9,12,11,29,38,-9
135,Serie A,2024,32,13,895,Como,36,32,9,9,14,40,48,-8
135,Serie A,2024,32,14,504,Hellas Verona,32,32,9,5,18,30,59,-29
135,Serie A,2024,32,15,490,Cagliari,30,32,7,9,16,32,47,-15
135,Serie A,2024,32,16,523,Parma,28,32,5,13,14,37,51,-14
135,Serie A,2024,32,17,867,Lecce,26,32,6,8,18,23,52,-29
135,Serie A,2024,32,18,517,Venezia,24,32,4,12,16,25,44,-19
135,Serie A,2024,32,19,511,Empoli,24,32,4,12,16,24,50,-26
135,Serie A,2024,32,20,1579,Monza,15,32,2,9,21,25,56,-31
135,Serie A,2024,33,1,505,Inter,71,33,21,8,4,72,32,40
135,Serie A,2024,33,2,492,Napoli,71,33,21,8,4,52,25,27
135,Serie A,2024,33,3,499,Atalanta,64,33,19,7,7,66,30,36
135,Serie A,2024,33,4,500,Bologna,60,33,16,12,5,52,37,15
135,Serie A,2024,33,5,496,Juventus,59,33,15,14,4,49,31,18
135,Serie A,2024,33,6,487,Lazio,59,33,17,8,8,55,43,12
135,Serie A,2024,33,7,497,AS Roma,57,33,16,9,8,48,32,16
135,Serie A,2024,33,8,502,Fiorentina,56,33,16,8,9,51,33,18
135,Serie A,2024,33,9,489,AC Milan,51,33,14,9,10,51,38,13
135,Serie A,2024,33,10,503,Torino,43,33,10,13,10,38,37,1
135,Serie A,2024,33,11,494,Udinese,40,33,11,7,15,36,48,-12
135,Serie A,2024,33,12,895,Como,39,33,10,9,14,43,48,-5
135,Serie A,2024,33,13,495,Genoa,39,33,9,12,12,29,40,-11
135,Serie A,2024,33,14,504,Hellas Verona,32,33,9,5,19,30,60,-30
135,Serie A,2024,33,15,523,Parma,31,33,6,13,14,38,51,-13
135,Serie A,2024,33,16,490,Cagliari,30,33,7,9,17,33,49,-16
135,Serie A,2024,33,17,867,Lecce,26,33,6,8,19,23,55,-32
135,Serie A,2024,33,18,517,Venezia,25,33,4,13,16,27,46,-19
135,Serie A,2024,33,19,511,Empoli,25,33,4,13,16,26,52,-26
135,Serie A,2024,33,20,1579,Monza,15,33,2,9,22,25,57,-32
135,Serie A,2024,34,1,492,Napoli,74,34,22,8,4,54,25,29
135,Serie A,2024,34,2,505,Inter,71,34,21,8,5,72,33,39
135,Serie A,2024,34,3,499,Atalanta,65,34,19,8,7,67,31,36
135,Serie A,2024,34,4,496,Juventus,62,34,16,14,4,51,31,20
135,Serie A,2024,34,5,500,Bologna,61,34,16,13,5,52,37,15
135,Serie A,2024,34,6,497,AS Roma,60,34,17,9,8,49,32,17
135,Serie A,2024,34,7,487,Lazio,60,34,17,9,8,57,45,12
135,Serie A,2024,34,8,502,Fiorentina,59,34,17,8,9,53,34,19
135,Serie A,2024,34,9,489,AC Milan,54,34,15,9,10,53,38,15
135,Serie A,2024,34,10,503,Torino,43,34,10,13,11,38,39,-1
135,Serie A,2024,34,11,895,Como,42,34,11,9,14,44,48,-4
135,Serie A,2024,34,12,494,Udinese,41,34,11,8,15,36,48,-12
135,Serie A,2024,34,13,495,Genoa,39,34,9,12,13,29,41,-12
135,Serie A,2024,34,14,490,Cagliari,33,34,8,9,17,35,49,-14
135,Serie A,2024,34,15,523,Parma,32,34,6,14,14,40,53,-13
135,Serie A,2024,34,16,504,Hellas Verona,32,34,9,5,20,30,62,-32
135,Serie A,2024,34,17,867,Lecce,27,34,6,9,19,24,56,-32
135,Serie A,2024,34,18,517,Venezia,25,34,4,13,17,27,48,-21
135,Serie A,2024,34,19,511,Empoli,25,34,4,13,17,27,54,-27
135,Serie A,2024,34,20,1579,Monza,15,34,2,9,23,25,59,-34
135,Serie A,2024,35,1,492,Napoli,77,35,23,8,4,55,25,30
135,Serie A,2024,35,2,505,Inter,74,35,22,8,5,73,33,40
135,Serie A,2024,35,3,499,Atalanta,68,35,20,8,7,71,31,40
135,Serie A,2024,35,4,496,Juventus,63,35,16,15,4,52,32,20
135,Serie A,2024,35,5,497,AS Roma,63,35,18,9,8,50,32,18
135,Serie A,2024,35,6,487,Lazio,63,35,18,9,8,58,45,13
135,Serie A,2024,35,7,500,Bologna,62,35,16,14,5,53,38,15
135,Serie A,2024,35,8,502,Fiorentina,59,35,17,8,10,53,35,18
135,Serie A,2024,35,9,489,AC Milan,57,35,16,9,10,55,39,16
135,Serie A,2024,35,10,895,Como,45,35,12,9,14,45,48,-3
135,Serie A,2024,35,11,503,Torino,44,35,10,14,11,39,40,-1
135,Serie A,2024,35,12,494,Udinese,44,35,12,8,15,38,49,-11
135,Serie A,2024,35,13,495,Genoa,39,35,9,12,14,30,43,-13
135,Serie A,2024,35,14,490,Cagliari,33,35,8,9,18,36,51,-15
135,Serie A,2024,35,15,523,Parma,32,35,6,14,15,40,54,-14
135,Serie A,2024,35,16,504,Hellas Verona,32,35,9,5,21,30,63,-33
135,Serie A,2024,35,17,867,Lecce,27,35,6,9,20,24,57,-33
135,Serie A,2024,35,18,517,Venezia,26,35,4,14,17,28,49,-21
135,Serie A,2024,35,19,511,Empoli,25,35,4,13,18,27,55,-28
135,Serie A,2024,35,20,1579,Monza,15,35,2,9,24,25,63,-38
135,Serie A,2024,36,1,492,Napoli,78,36,23,9,4,57,27,30
135,Serie A,2024,36,2,505,Inter,77,36,23,8,5,75,33,42
135,Serie A,2024,36,3,499,Atalanta,71,36,21,8,7,73,32,41
135,Serie A,2024,36,4,496,Juventus,64,36,16,16,4,53,33,20
135,Serie A,2024,36,5,487,Lazio,64,36,18,10,8,59,46,13
135,Serie A,2024,36,6,497,AS Roma,63,36,18,9,9,51,34,17
135,Serie A,2024,36,7,500,Bologna,62,36,16,14,6,54,41,13
135,Serie A,2024,36,8,489,AC Milan,60,36,17,9,10,58,40,18
135,Serie A,2024,36,9,502,Fiorentina,59,36,17,8,11,54,37,17
135,Serie A,2024,36,10,895,Como,48,36,13,9,14,48,49,-1
135,Serie A,2024,36,11,503,Torino,44,36,10,14,12,39,42,-3
135,Serie A,2024,36,12,494,Udinese,44,36,12,8,16,39,51,-12
135,Serie A,2024,36,13,495,Genoa,40,36,9,13,14,32,45,-13
135,Serie A,2024,36,14,490,Cagliari,33,36,8,9,19,37,54,-17
135,Serie A,2024,36,15,504,Hellas Verona,33,36,9,6,21,31,64,-33
135,Serie A,2024,36,16,523,Parma,32,36,6,14,16,41,56,-15
135,Serie A,2024,36,17,517,Venezia,29,36,5,14,17,30,50,-20
135,Serie A,2024,36,18,511,Empoli,28,36,5,13,18,29,56,-27
135,Serie A,2024,36,19,867,Lecce,28,36,6,10,20,25,58,-33
135,Serie A,2024,36,20,1579,Monza,18,36,3,9,24,27,64,-37
135,Serie A,2024,37,1,492,Napoli,79,37,23,10,4,57,27,30
135,Serie A,2024,37,2,505,Inter,78,37,23,9,5,77,35,42
135,Serie A,2024,37,3,499,Atalanta,74,37,22,8,7,76,34,42
135,Serie A,2024,37,4,496,Juventus,67,37,17,16,4,55,33,22
135,Serie A,2024,37,5,497,AS Roma,66,37,19,9,9,54,35,19
135,Serie A,2024,37,6,487,Lazio,65,37,18,11,8,61,48,13
135,Serie A,2024,37,7,502,Fiorentina,62,37,18,8,11,57,39,18
135,Serie A,2024,37,8,500,Bologna,62,37,16,14,7,56,44,12
135,Serie A,2024,37,9,489,AC Milan,60,37,17,9,11,59,43,16
135,Serie A,2024,37,10,895,Como,49,37,13,10,14,49,50,-1
135,Serie A,2024,37,11,503,Torino,44,37,10,14,13,39,43,-4
135,Serie A,2024,37,12,494,Udinese,44,37,12,8,17,39,53,-14
135,Serie A,2024,37,13,495,Genoa,40,37,9,13,15,34,48,-14
135,Serie A,2024,37,14,490,Cagliari,36,37,9,9,19,40,54,-14
135,Serie A,2024,37,15,504,Hellas Verona,34,37,9,7,21,32,65,-33
135,Serie A,2024,37,16,523,Parma,33,37,6,15,16,41,56,-15
135,Serie A,2024,37,17,511,Empoli,31,37,6,13,18,32,57,-25
135,Serie A,2024,37,18,867,Lecce,31,37,7,10,20,26,58,-32
135,Serie A,2024,37,19,517,Venezia,29,37,5,14,18,30,53,-23
135,Serie A,2024,37,20,1579,Monza,18,37,3,9,25,28,67,-39
135,Serie A,2024,38,1,492,Napoli,82,38,24,10,4,59,27,32
135,Serie A,2024,38,2,505,Inter,81,38,24,9,5,79,35,44
135,Serie A,2024,38,3,499,Atalanta,74,38,22,8,8,78,37,41
135,Serie A,2024,38,4,496,Juventus,70,38,18,16,4,58,35,23
135,Serie A,2024,38,5,497,AS Roma,69,38,20,9,9,56,35,21
135,Serie A,2024,38,6,502,Fiorentina,65,38,19,8,11,60,41,19
135,Serie A,2024,38,7,487,Lazio,65,38,18,11,9,61,49,12
135,Serie A,2024,38,8,489,AC Milan,63,38,18,9,11,61,43,18
135,Serie A,2024,38,9,500,Bologna,62,38,16,14,8,57,47,10
135,Serie A,2024,38,10,895,Como,49,38,13,10,15,49,52,-3
135,Serie A,2024,38,11,503,Torino,44,38,10,14,14,39,45,-6
135,Serie A,2024,38,12,494,Udinese,44,38,12,8,18,41,56,-15
135,Serie A,2024,38,13,495,Genoa,43,38,10,13,15,37,49,-12
135,Serie A,2024,38,14,504,Hellas Verona,37,38,10,7,21,34,66,-32
135,Serie A,2024,38,15,523,Parma,36,38,7,15,16,44,58,-14
135,Serie A,2024,38,16,490,Cagliari,36,38,9,9,20,40,56,-16
135,Serie A,2024,38,17,867,Lecce,34,38,8,10,20,27,58,-31
135,Serie A,2024,38,18,511,Empoli,31,38,6,13,19,33,59,-26
135,Serie A,2024,38,19,517,Venezia,29,38,5,14,19,32,56,-24
135,Serie A,2024,38,20,1579,Monza,18,38,3,9,26,28,69,-41
140,La Liga,2022,1,1,533,Villarreal,3,1,1,0,0,3,0,3
140,La Liga,2022,1,2,530,Atletico Madrid,3,1,1,0,0,3,0,3
140,La Liga,2022,1,3,543,Real Betis,3,1,1,0,0,3,0,3
140,La Liga,2022,1,4,727,Osasuna,3,1,1,0,0,2,1,1
140,La Liga,2022,1,5,541,Real Madrid,3,1,1,0,0,2,1,1
140,La Liga,2022,1,6,548,Real Sociedad,3,1,1,0,0,1,0,1
140,La Liga,2022,1,7,532,Valencia,3,1,1,0,0,1,0,1
140,La Liga,2022,1,8,538,Celta Vigo,1,1,0,1,0,2,2,0
140,La Liga,2022,1,9,540,Espanyol,1,1,0,1,0,2,2,0
140,La Liga,2022,1,10,529,Barcelona,1,1,0,1,0,0,0,0
140,La Liga,2022,1,11,728,Rayo Vallecano,1,1,0,1,0,0,0,0
140,La Liga,2022,1,12,531,Athletic Club,1,1,0,1,0,0,0,0
140,La Liga,2022,1,13,798,Mallorca,1,1,0,1,0,0,0,0
140,La Liga,2022,1,14,536,Sevilla,0,1,0,0,1,1,2,-1
140,La Liga,2022,1,15,723,Almeria,0,1,0,0,1,1,2,-1
140,La Liga,2022,1,16,724,Cadiz,0,1,0,0,1,0,1,-1
140,La Liga,2022,1,17,547,Girona,0,1,0,0,1,0,1,-1
140,La Liga,2022,1,18,720,Valladolid,0,1,0,0,1,0,3,-3
140,La Liga,2022,1,19,546,Getafe,0,1,0,0,1,0,3,-3
140,La Liga,2022,1,20,797,Elche,0,1,0,0,1,0,3,-3
140,La Liga,2022,2,1,533,Villarreal,6,2,2,0,0,5,0,5
140,La Liga,2022,2,2,541,Real Madrid,6,2,2,0,0,6,2,4
140,La Liga,2022,2,3,543,Real Betis,6,2,2,0,0,5,1,4
140,La Liga,2022,2,4,727,Osasuna,6,2,2,0,0,4,1,3
140,La Liga,2022,2,5,529,Barcelona,4,2,1,1,0,4,1,3
140,La Liga,2022,2,6,728,Rayo Vallecano,4,2,1,1,0,2,0,2
140,La Liga,2022,2,7,531,Athletic Club,4,2,1,1,0,1,0,1
140,La Liga,2022,2,8,547,Girona,3,2,1,0,1,3,2,1
140,La Liga,2022,2,9,530,Atletico Madrid,3,2,1,0,1,3,2,1
140,La Liga,2022,2,10,532,Valencia,3,2,1,0,1,1,1,0
140,La Liga,2022,2,11,548,Real Sociedad,3,2,1,0,1,2,4,-2
140,La Liga,2022,2,12,536,Sevilla,1,2,0,1,1,2,3,-1
140,La Liga,2022,2,13,723,Almeria,1,2,0,1,1,2,3,-1
140,La Liga,2022,2,14,798,Mallorca,1,2,0,1,1,1,2,-1
140,La Liga,2022,2,15,540,Espanyol,1,2,0,1,1,2,4,-2
140,La Liga,2022,2,16,538,Celta Vigo,1,2,0,1,1,3,6,-3
140,La Liga,2022,2,17,720,Valladolid,1,2,0,1,1,1,4,-3
140,La Liga,2022,2,18,797,Elche,1,2,0,1,1,1,4,-3
140,La Liga,2022,2,19,724,Cadiz,0,2,0,0,2,0,3,-3
140,La Liga,2022,2,20,546,Getafe,0,2,0,0,2,1,6,-5
140,La Liga,2022,3,1,541,Real Madrid,9,3,3,0,0,9,3,6
140,La Liga,2022,3,2,543,Real Betis,9,3,3,0,0,6,1,5
140,La Liga,2022,3,3,529,Barcelona,7,3,2,1,0,8,1,7
140,La Liga,2022,3,4,533,Villarreal,7,3,2,1,0,5,0,5
140,La Liga,2022,3,5,531,Athletic Club,7,3,2,1,0,5,0,5
140,La Liga,2022,3,6,727,Osasuna,6,3,2,0,1,4,2,2
140,La Liga,2022,3,7,530,Atletico Madrid,6,3,2,0,1,4,2,2
140,La Liga,2022,3,8,548,Real Sociedad,6,3,2,0,1,3,4,-1
140,La Liga,2022,3,9,798,Mallorca,4,3,1,1,1,3,2,1
140,La Liga,2022,3,10,723,Almeria,4,3,1,1,1,4,4,0
140,La Liga,2022,3,11,728,Rayo Vallecano,4,3,1,1,1,2,2,0
140,La Liga,2022,3,12,538,Celta Vigo,4,3,1,1,1,4,6,-2
140,La Liga,2022,3,13,547,Girona,3,3,1,0,2,3,3,0
140,La Liga,2022,3,14,532,Valencia,3,3,1,0,2,1,2,-1
140,La Liga,2022,3,15,536,Sevilla,1,3,0,1,2,3,5,-2
140,La Liga,2022,3,16,540,Espanyol,1,3,0,1,2,3,7,-4
140,La Liga,2022,3,17,797,Elche,1,3,0,1,2,1,5,-4
140,La Liga,2022,3,18,546,Getafe,1,3,0,1,2,1,6,-5
140,La Liga,2022,3,19,720,Valladolid,1,3,0,1,2,1,8,-7
140,La Liga,2022,3,20,724,Cadiz,0,3,0,0,3,0,7,-7
140,La Liga,2022,4,1,541,Real Madrid,12,4,4,0,0,11,4,7
140,La Liga,2022,4,2,529,Barcelona,10,4,3,1,0,11,1,10
140,La Liga,2022,4,3,533,Villarreal,10,4,3,1,0,9,0,9
140,La Liga,2022,4,4,543,Real Betis,9,4,3,0,1,7,3,4
140,La Liga,2022,4,5,727,Osasuna,9,4,3,0,1,6,3,3
140,La Liga,2022,4,6,531,Athletic Club,7,4,2,1,1,5,1,4
140,La Liga,2022,4,7,530,Atletico Madrid,7,4,2,1,1,5,3,2
140,La Liga,2022,4,8,538,Celta Vigo,7,4,2,1,1,7,6,1
140,La Liga,2022,4,9,548,Real Sociedad,7,4,2,1,1,4,5,-1
140,La Liga,2022,4,10,532,Valencia,6,4,2,0,2,6,3,3
140,La Liga,2022,4,11,798,Mallorca,5,4,1,2,1,4,3,1
140,La Liga,2022,4,12,547,Girona,4,4,1,1,2,4,4,0
140,La Liga,2022,4,13,723,Almeria,4,4,1,1,2,4,5,-1
140,La Liga,2022,4,14,728,Rayo Vallecano,4,4,1,1,2,3,4,-1
140,La Liga,2022,4,15,540,Espanyol,4,4,1,1,2,4,7,-3
140,La Liga,2022,4,16,720,Valladolid,4,4,1,1,2,2,8,-6
140,La Liga,2022,4,17,536,Sevilla,1,4,0,1,3,3,8,-5
140,La Liga,2022,4,18,797,Elche,1,4,0,1,3,1,9,-8
140,La Liga,2022,4,19,546,Getafe,1,4,0,1,3,2,11,-9
140,La Liga,2022,4,20,724,Cadiz,0,4,0,0,4,0,10,-10
140,La Liga,2022,5,1,541,Real Madrid,15,5,5,0,0,15,5,10
140,La Liga,2022,5,2,529,Barcelona,13,5,4,1,0,15,1,14
140,La Liga,2022,5,3,543,Real Betis,12,5,4,0,1,8,3,5
140,La Liga,2022,5,4,727,Osasuna,12,5,4,0,1,7,3,4
140,La Liga,2022,5,5,533,Villarreal,10,5,3,1,1,9,1,8
140,La Liga,2022,5,6,531,Athletic Club,10,5,3,1,1,9,2,7
140,La Liga,2022,5,7,530,Atletico Madrid,10,5,3,1,1,9,4,5
140,La Liga,2022,5,8,547,Girona,7,5,2,1,2,6,5,1
140,La Liga,2022,5,9,728,Rayo Vallecano,7,5,2,1,2,5,5,0
140,La Liga,2022,5,10,538,Celta Vigo,7,5,2,1,2,8,10,-2
140,La Liga,2022,5,11,548,Real Sociedad,7,5,2,1,2,5,7,-2
140,La Liga,2022,5,12,532,Valencia,6,5,2,0,3,7,5,2
140,La Liga,2022,5,13,798,Mallorca,5,5,1,2,2,5,7,-2
140,La Liga,2022,5,14,723,Almeria,4,5,1,1,3,4,6,-2
140,La Liga,2022,5,15,536,Sevilla,4,5,1,1,3,6,10,-4
140,La Liga,2022,5,16,540,Espanyol,4,5,1,1,3,6,10,-4
140,La Liga,2022,5,17,720,Valladolid,4,5,1,1,3,3,10,-7
140,La Liga,2022,5,18,546,Getafe,4,5,1,1,3,4,12,-8
140,La Liga,2022,5,19,797,Elche,1,5,0,1,4,2,13,-11
140,La Liga,2022,5,20,724,Cadiz,0,5,0,0,5,0,14,-14
140,La Liga,2022,6,1,541,Real Madrid,18,6,6,0,0,17,6,11
140,La Liga,2022,6,2,529,Barcelona,16,6,5,1,0,18,1,17
140,La Liga,2022,6,3,543,Real Betis,15,6,5,0,1,10,4,6
140,La Liga,2022,6,4,531,Athletic Club,13,6,4,1,1,12,4,8
140,La Liga,2022,6,5,727,Osasuna,12,6,4,0,2,7,5,2
140,La Liga,2022,6,6,533,Villarreal,11,6,3,2,1,10,2,8
140,La Liga,2022,6,7,530,Atletico Madrid,10,6,3,1,2,10,6,4
140,La Liga,2022,6,8,548,Real Sociedad,10,6,3,1,2,7,8,-1
140,La Liga,2022,6,9,532,Valencia,9,6,3,0,3,10,5,5
140,La Liga,2022,6,10,798,Mallorca,8,6,2,2,2,6,7,-1
140,La Liga,2022,6,11,547,Girona,7,6,2,1,3,7,7,0
140,La Liga,2022,6,12,728,Rayo Vallecano,7,6,2,1,3,7,8,-1
140,La Liga,2022,6,13,538,Celta Vigo,7,6,2,1,3,8,13,-5
140,La Liga,2022,6,14,546,Getafe,7,6,2,1,3,6,12,-6
140,La Liga,2022,6,15,536,Sevilla,5,6,1,2,3,7,11,-4
140,La Liga,2022,6,16,723,Almeria,4,6,1,1,4,4,7,-3
140,La Liga,2022,6,17,540,Espanyol,4,6,1,1,4,7,12,-5
140,La Liga,2022,6,18,720,Valladolid,4,6,1,1,4,3,11,-8
140,La Liga,2022,6,19,724,Cadiz,3,6,1,0,5,1,14,-13
140,La Liga,2022,6,20,797,Elche,1,6,0,1,5,2,16,-14
140,La Liga,2022,7,1,529,Barcelona,19,7,6,1,0,19,1,18
140,La Liga,2022,7,2,541,Real Madrid,19,7,6,1,0,18,7,11
140,La Liga,2022,7,3,531,Athletic Club,16,7,5,1,1,16,4,12
140,La Liga,2022,7,4,543,Real Betis,15,7,5,0,2,10,5,5
140,La Liga,2022,7,5,530,Atletico Madrid,13,7,4,1,2,12,6,6
140,La Liga,2022,7,6,727,Osasuna,13,7,4,1,2,8,6,2
140,La Liga,2022,7,7,548,Real Sociedad,13,7,4,1,2,12,11,1
140,La Liga,2022,7,8,533,Villarreal,12,7,3,3,1,10,2,8
140,La Liga,2022,7,9,532,Valencia,10,7,3,1,3,12,7,5
140,La Liga,2022,7,10,728,Rayo Vallecano,10,7,3,1,3,9,9,0
140,La Liga,2022,7,11,538,Celta Vigo,10,7,3,1,3,9,13,-4
140,La Liga,2022,7,12,798,Mallorca,8,7,2,2,3,6,8,-2
140,La Liga,2022,7,13,547,Girona,7,7,2,1,4,10,12,-2
140,La Liga,2022,7,14,546,Getafe,7,7,2,1,4,8,15,-7
140,La Liga,2022,7,15,720,Valladolid,7,7,2,1,4,6,13,-7
140,La Liga,2022,7,16,540,Espanyol,5,7,1,2,4,9,14,-5
140,La Liga,2022,7,17,536,Sevilla,5,7,1,2,4,7,13,-6
140,La Liga,2022,7,18,723,Almeria,4,7,1,1,5,4,11,-7
140,La Liga,2022,7,19,724,Cadiz,4,7,1,1,5,1,14,-13
140,La Liga,2022,7,20,797,Elche,1,7,0,1,6,3,18,-15
140,La Liga,2022,8,1,529,Barcelona,22,8,7,1,0,20,1,19
140,La Liga,2022,8,2,541,Real Madrid,22,8,7,1,0,19,7,12
140,La Liga,2022,8,3,531,Athletic Club,17,8,5,2,1,17,5,12
140,La Liga,2022,8,4,530,Atletico Madrid,16,8,5,1,2,14,7,7
140,La Liga,2022,8,5,543,Real Betis,16,8,5,1,2,10,5,5
140,La Liga,2022,8,6,548,Real Sociedad,16,8,5,1,2,13,11,2
140,La Liga,2022,8,7,532,Valencia,13,8,4,1,3,14,8,6
140,La Liga,2022,8,8,727,Osasuna,13,8,4,1,3,9,8,1
140,La Liga,2022,8,9,533,Villarreal,12,8,3,3,2,10,3,7
140,La Liga,2022,8,10,728,Rayo Vallecano,10,8,3,1,4,10,12,-2
140,La Liga,2022,8,11,538,Celta Vigo,10,8,3,1,4,9,14,-5
140,La Liga,2022,8,12,798,Mallorca,9,8,2,3,3,7,9,-2
140,La Liga,2022,8,13,720,Valladolid,8,8,2,2,4,6,13,-7
140,La Liga,2022,8,14,547,Girona,7,8,2,1,5,11,14,-3
140,La Liga,2022,8,15,723,Almeria,7,8,2,1,5,7,12,-5
140,La Liga,2022,8,16,546,Getafe,7,8,2,1,5,8,16,-8
140,La Liga,2022,8,17,540,Espanyol,6,8,1,3,4,11,16,-5
140,La Liga,2022,8,18,536,Sevilla,6,8,1,3,4,8,14,-6
140,La Liga,2022,8,19,724,Cadiz,5,8,1,2,5,3,16,-13
140,La Liga,2022,8,20,797,Elche,2,8,0,2,6,4,19,-15
140,La Liga,2022,9,1,541,Real Madrid,25,9,8,1,0,22,8,14
140,La Liga,2022,9,2,529,Barcelona,22,9,7,1,1,21,4,17
140,La Liga,2022,9,3,530,Atletico Madrid,19,9,6,1,2,15,7,8
140,La Liga,2022,9,4,543,Real Betis,19,9,6,1,2,13,6,7
140,La Liga,2022,9,5,548,Real Sociedad,19,9,6,1,2,15,12,3
140,La Liga,2022,9,6,531,Athletic Club,17,9,5,2,2,17,6,11
140,La Liga,2022,9,7,533,Villarreal,15,9,4,3,2,12,3,9
140,La Liga,2022,9,8,532,Valencia,14,9,4,2,3,16,10,6
140,La Liga,2022,9,9,727,Osasuna,13,9,4,1,4,9,10,-1
140,La Liga,2022,9,10,728,Rayo Vallecano,11,9,3,2,4,10,12,-2
140,La Liga,2022,9,11,538,Celta Vigo,10,9,3,1,5,10,16,-6
140,La Liga,2022,9,12,798,Mallorca,9,9,2,3,4,7,10,-3
140,La Liga,2022,9,13,540,Espanyol,9,9,2,3,4,12,16,-4
140,La Liga,2022,9,14,536,Sevilla,9,9,2,3,4,9,14,-5
140,La Liga,2022,9,15,547,Girona,8,9,2,2,5,12,15,-3
140,La Liga,2022,9,16,546,Getafe,8,9,2,2,5,8,16,-8
140,La Liga,2022,9,17,720,Valladolid,8,9,2,2,5,6,14,-8
140,La Liga,2022,9,18,723,Almeria,7,9,2,1,6,8,15,-7
140,La Liga,2022,9,19,724,Cadiz,6,9,1,3,5,4,17,-13
140,La Liga,2022,9,20,797,Elche,3,9,0,3,6,6,21,-15
140,La Liga,2022,10,1,541,Real Madrid,28,10,9,1,0,25,8,17
140,La Liga,2022,10,2,529,Barcelona,25,10,8,1,1,24,4,20
140,La Liga,2022,10,3,548,Real Sociedad,22,10,7,1,2,16,12,4
140,La Liga,2022,10,4,530,Atletico Madrid,20,10,6,2,2,16,8,8
140,La Liga,2022,10,5,543,Real Betis,20,10,6,2,2,13,6,7
140,La Liga,2022,10,6,531,Athletic Club,18,10,5,3,2,19,8,11
140,La Liga,2022,10,7,727,Osasuna,16,10,5,1,4,10,10,0
140,La Liga,2022,10,8,532,Valencia,15,10,4,3,3,17,11,6
140,La Liga,2022,10,9,533,Villarreal,15,10,4,3,3,12,6,6
140,La Liga,2022,10,10,728,Rayo Vallecano,12,10,3,3,4,11,13,-2
140,La Liga,2022,10,11,720,Valladolid,11,10,3,2,5,10,15,-5
140,La Liga,2022,10,12,536,Sevilla,10,10,2,4,4,10,15,-5
140,La Liga,2022,10,13,723,Almeria,10,10,3,1,6,11,17,-6
140,La Liga,2022,10,14,538,Celta Vigo,10,10,3,1,6,11,20,-9
140,La Liga,2022,10,15,798,Mallorca,9,10,2,3,5,7,11,-4
140,La Liga,2022,10,16,540,Espanyol,9,10,2,3,5,12,17,-5
140,La Liga,2022,10,17,546,Getafe,9,10,2,3,5,10,18,-8
140,La Liga,2022,10,18,547,Girona,8,10,2,2,6,14,18,-4
140,La Liga,2022,10,19,724,Cadiz,7,10,1,4,5,4,17,-13
140,La Liga,2022,10,20,797,Elche,3,10,0,3,7,6,24,-18
140,La Liga,2022,11,1,541,Real Madrid,31,11,10,1,0,28,9,19
140,La Liga,2022,11,2,529,Barcelona,28,11,9,1,1,28,4,24
140,La Liga,2022,11,3,530,Atletico Madrid,23,11,7,2,2,18,9,9
140,La Liga,2022,11,4,548,Real Sociedad,22,11,7,1,3,16,13,3
140,La Liga,2022,11,5,543,Real Betis,20,11,6,2,3,14,8,6
140,La Liga,2022,11,6,531,Athletic Club,18,11,5,3,3,19,12,7
140,La Liga,2022,11,7,533,Villarreal,18,11,5,3,3,14,7,7
140,La Liga,2022,11,8,727,Osasuna,17,11,5,2,4,11,11,0
140,La Liga,2022,11,9,532,Valencia,15,11,4,3,4,18,13,5
140,La Liga,2022,11,10,728,Rayo Vallecano,15,11,4,3,4,16,14,2
140,La Liga,2022,11,11,720,Valladolid,14,11,4,2,5,11,15,-4
140,La Liga,2022,11,12,798,Mallorca,12,11,3,3,5,9,12,-3
140,La Liga,2022,11,13,538,Celta Vigo,11,11,3,2,6,12,21,-9
140,La Liga,2022,11,14,540,Espanyol,10,11,2,4,5,14,19,-5
140,La Liga,2022,11,15,723,Almeria,10,11,3,1,7,12,19,-7
140,La Liga,2022,11,16,536,Sevilla,10,11,2,4,5,11,18,-7
140,La Liga,2022,11,17,546,Getafe,10,11,2,4,5,11,19,-8
140,La Liga,2022,11,18,547,Girona,9,11,2,3,6,15,19,-4
140,La Liga,2022,11,19,724,Cadiz,7,11,1,4,6,5,22,-17
140,La Liga,2022,11,20,797,Elche,4,11,0,4,7,8,26,-18
140,La Liga,2022,12,1,541,Real Madrid,32,12,10,2,0,29,10,19
140,La Liga,2022,12,2,529,Barcelona,31,12,10,1,1,29,4,25
140,La Liga,2022,12,3,530,Atletico Madrid,23,12,7,2,3,20,12,8
140,La Liga,2022,12,4,543,Real Betis,23,12,7,2,3,16,8,8
140,La Liga,2022,12,5,548,Real Sociedad,22,12,7,1,4,16,15,1
140,La Liga,2022,12,6,531,Athletic Club,21,12,6,3,3,20,12,8
140,La Liga,2022,12,7,727,Osasuna,20,12,6,2,4,13,11,2
140,La Liga,2022,12,8,533,Villarreal,18,12,5,3,4,14,8,6
140,La Liga,2022,12,9,728,Rayo Vallecano,18,12,5,3,4,17,14,3
140,La Liga,2022,12,10,532,Valencia,15,12,4,3,5,18,14,4
140,La Liga,2022,12,11,720,Valladolid,14,12,4,2,6,11,17,-6
140,La Liga,2022,12,12,798,Mallorca,13,12,3,4,5,10,13,-3
140,La Liga,2022,12,13,723,Almeria,13,12,4,1,7,15,20,-5
140,La Liga,2022,12,14,546,Getafe,13,12,3,4,5,12,19,-7
140,La Liga,2022,12,15,540,Espanyol,11,12,2,5,5,15,20,-5
140,La Liga,2022,12,16,538,Celta Vigo,11,12,3,2,7,13,24,-11
140,La Liga,2022,12,17,547,Girona,10,12,2,4,6,16,20,-4
140,La Liga,2022,12,18,536,Sevilla,10,12,2,4,6,11,19,-8
140,La Liga,2022,12,19,724,Cadiz,10,12,2,4,6,8,24,-16
140,La Liga,2022,12,20,797,Elche,4,12,0,4,8,8,27,-19
140,La Liga,2022,13,1,529,Barcelona,34,13,11,1,1,31,4,27
140,La Liga,2022,13,2,541,Real Madrid,32,13,10,2,1,31,13,18
140,La Liga,2022,13,3,530,Atletico Madrid,24,13,7,3,3,21,13,8
140,La Liga,2022,13,4,543,Real Betis,24,13,7,3,3,17,9,8
140,La Liga,2022,13,5,727,Osasuna,23,13,7,2,4,15,12,3
140,La Liga,2022,13,6,548,Real Sociedad,23,13,7,2,4,17,16,1
140,La Liga,2022,13,7,531,Athletic Club,21,13,6,3,4,21,14,7
140,La Liga,2022,13,8,728,Rayo Vallecano,21,13,6,3,4,20,16,4
140,La Liga,2022,13,9,533,Villarreal,18,13,5,3,5,14,10,4
140,La Liga,2022,13,10,720,Valladolid,17,13,5,2,6,13,18,-5
140,La Liga,2022,13,11,532,Valencia,16,13,4,4,5,19,15,4
140,La Liga,2022,13,12,798,Mallorca,16,13,4,4,5,12,13,-1
140,La Liga,2022,13,13,546,Getafe,14,13,3,5,5,12,19,-7
140,La Liga,2022,13,14,547,Girona,13,13,3,4,6,18,21,-3
140,La Liga,2022,13,15,723,Almeria,13,13,4,1,8,15,22,-7
140,La Liga,2022,13,16,540,Espanyol,12,13,2,6,5,16,21,-5
140,La Liga,2022,13,17,536,Sevilla,11,13,2,5,6,12,20,-8
140,La Liga,2022,13,18,538,Celta Vigo,11,13,3,2,8,14,26,-12
140,La Liga,2022,13,19,724,Cadiz,11,13,2,5,6,8,24,-16
140,La Liga,2022,13,20,797,Elche,4,13,0,4,9,9,29,-20
140,La Liga,2022,14,1,529,Barcelona,37,14,12,1,1,33,5,28
140,La Liga,2022,14,2,541,Real Madrid,35,14,11,2,1,33,14,19
140,La Liga,2022,14,3,548,Real Sociedad,26,14,8,2,4,19,17,2
140,La Liga,2022,14,4,531,Athletic Club,24,14,7,3,4,24,14,10
140,La Liga,2022,14,5,530,Atletico Madrid,24,14,7,3,4,21,14,7
140,La Liga,2022,14,6,543,Real Betis,24,14,7,3,4,17,12,5
140,La Liga,2022,14,7,727,Osasuna,23,14,7,2,5,16,14,2
140,La Liga,2022,14,8,728,Rayo Vallecano,22,14,6,4,4,20,16,4
140,La Liga,2022,14,9,533,Villarreal,21,14,6,3,5,15,10,5
140,La Liga,2022,14,10,532,Valencia,19,14,5,4,5,22,15,7
140,La Liga,2022,14,11,798,Mallorca,19,14,5,4,5,13,13,0
140,La Liga,2022,14,12,720,Valladolid,17,14,5,2,7,13,21,-8
140,La Liga,2022,14,13,547,Girona,16,14,4,4,6,20,22,-2
140,La Liga,2022,14,14,723,Almeria,16,14,5,1,8,16,22,-6
140,La Liga,2022,14,15,546,Getafe,14,14,3,5,6,12,20,-8
140,La Liga,2022,14,16,540,Espanyol,12,14,2,6,6,16,22,-6
140,La Liga,2022,14,17,538,Celta Vigo,12,14,3,3,8,14,26,-12
140,La Liga,2022,14,18,536,Sevilla,11,14,2,5,7,13,22,-9
140,La Liga,2022,14,19,724,Cadiz,11,14,2,5,7,9,26,-17
140,La Liga,2022,14,20,797,Elche,4,14,0,4,10,10,31,-21
140,La Liga,2022,15,1,529,Barcelona,38,15,12,2,1,34,6,28
140,La Liga,2022,15,2,541,Real Madrid,38,15,12,2,1,35,14,21
140,La Liga,2022,15,3,548,Real Sociedad,29,15,9,2,4,21,17,4
140,La Liga,2022,15,4,530,Atletico Madrid,27,15,8,3,4,23,14,9
140,La Liga,2022,15,5,531,Athletic Club,25,15,7,4,4,24,14,10
140,La Liga,2022,15,6,543,Real Betis,25,15,7,4,4,17,12,5
140,La Liga,2022,15,7,533,Villarreal,24,15,7,3,5,17,11,6
140,La Liga,2022,15,8,728,Rayo Vallecano,23,15,6,5,4,22,18,4
140,La Liga,2022,15,9,727,Osasuna,23,15,7,2,6,16,16,0
140,La Liga,2022,15,10,532,Valencia,19,15,5,4,6,23,17,6
140,La Liga,2022,15,11,798,Mallorca,19,15,5,4,6,13,15,-2
140,La Liga,2022,15,12,547,Girona,17,15,4,5,6,22,24,-2
140,La Liga,2022,15,13,723,Almeria,17,15,5,2,8,17,23,-6
140,La Liga,2022,15,14,546,Getafe,17,15,4,5,6,14,20,-6
140,La Liga,2022,15,15,720,Valladolid,17,15,5,2,8,13,23,-10
140,La Liga,2022,15,16,540,Espanyol,13,15,2,7,6,17,23,-6
140,La Liga,2022,15,17,538,Celta Vigo,13,15,3,4,8,15,27,-12
140,La Liga,2022,15,18,536,Sevilla,12,15,2,6,7,14,23,-9
140,La Liga,2022,15,19,724,Cadiz,12,15,2,6,7,10,27,-17
140,La Liga,2022,15,20,797,Elche,4,15,0,4,11,10,33,-23
140,La Liga,2022,16,1,529,Barcelona,41,16,13,2,1,35,6,29
140,La Liga,2022,16,2,541,Real Madrid,38,16,12,2,2,36,16,20
140,La Liga,2022,16,3,548,Real Sociedad,32,16,10,2,4,23,17,6
140,La Liga,2022,16,4,543,Real Betis,28,16,8,4,4,19,13,6
140,La Liga,2022,16,5,530,Atletico Madrid,27,16,8,3,5,23,15,8
140,La Liga,2022,16,6,533,Villarreal,27,16,8,3,5,19,12,7
140,La Liga,2022,16,7,531,Athletic Club,26,16,7,5,4,24,14,10
140,La Liga,2022,16,8,727,Osasuna,24,16,7,3,6,16,16,0
140,La Liga,2022,16,9,728,Rayo Vallecano,23,16,6,5,5,23,20,3
140,La Liga,2022,16,10,798,Mallorca,22,16,6,4,6,14,15,-1
140,La Liga,2022,16,11,532,Valencia,19,16,5,4,7,23,18,5
140,La Liga,2022,16,12,547,Girona,18,16,4,6,6,24,26,-2
140,La Liga,2022,16,13,546,Getafe,17,16,4,5,7,15,22,-7
140,La Liga,2022,16,14,723,Almeria,17,16,5,2,9,17,25,-8
140,La Liga,2022,16,15,720,Valladolid,17,16,5,2,9,13,24,-11
140,La Liga,2022,16,16,538,Celta Vigo,16,16,4,4,8,16,27,-11
140,La Liga,2022,16,17,536,Sevilla,15,16,3,6,7,16,24,-8
140,La Liga,2022,16,18,724,Cadiz,15,16,3,6,7,11,27,-16
140,La Liga,2022,16,19,540,Espanyol,14,16,2,8,6,19,25,-6
140,La Liga,2022,16,20,797,Elche,4,16,0,4,12,10,34,-24
140,La Liga,2022,17,1,529,Barcelona,44,17,14,2,1,37,7,30
140,La Liga,2022,17,2,541,Real Madrid,41,17,13,2,2,38,16,22
140,La Liga,2022,17,3,548,Real Sociedad,35,17,11,2,4,26,18,8
140,La Liga,2022,17,4,530,Atletico Madrid,28,17,8,4,5,24,16,8
140,La Liga,2022,17,5,533,Villarreal,28,17,8,4,5,20,13,7
140,La Liga,2022,17,6,543,Real Betis,28,17,8,4,5,20,15,5
140,La Liga,2022,17,7,727,Osasuna,27,17,8,3,6,17,16,1
140,La Liga,2022,17,8,531,Athletic Club,26,17,7,5,5,25,17,8
140,La Liga,2022,17,9,728,Rayo Vallecano,26,17,7,5,5,24,20,4
140,La Liga,2022,17,10,798,Mallorca,22,17,6,4,7,14,16,-2
140,La Liga,2022,17,11,547,Girona,21,17,5,6,6,26,27,-1
140,La Liga,2022,17,12,532,Valencia,19,17,5,4,8,23,20,3
140,La Liga,2022,17,13,723,Almeria,18,17,5,3,9,18,26,-8
140,La Liga,2022,17,14,540,Espanyol,17,17,3,8,6,21,26,-5
140,La Liga,2022,17,15,546,Getafe,17,17,4,5,8,16,24,-8
140,La Liga,2022,17,16,538,Celta Vigo,17,17,4,5,8,17,28,-11
140,La Liga,2022,17,17,720,Valladolid,17,17,5,2,10,13,25,-12
140,La Liga,2022,17,18,724,Cadiz,16,17,3,7,7,12,28,-16
140,La Liga,2022,17,19,536,Sevilla,15,17,3,6,8,17,26,-9
140,La Liga,2022,17,20,797,Elche,5,17,0,5,12,11,35,-24
140,La Liga,2022,18,1,529,Barcelona,47,18,15,2,1,38,7,31
140,La Liga,2022,18,2,541,Real Madrid,44,18,14,2,2,40,16,24
140,La Liga,2022,18,3,548,Real Sociedad,38,18,12,2,4,28,18,10
140,La Liga,2022,18,4,530,Atletico Madrid,31,18,9,4,5,27,16,11
140,La Liga,2022,18,5,533,Villarreal,31,18,9,4,5,21,13,8
140,La Liga,2022,18,6,543,Real Betis,28,18,8,4,6,20,16,4
140,La Liga,2022,18,7,727,Osasuna,28,18,8,4,6,18,17,1
140,La Liga,2022,18,8,531,Athletic Club,26,18,7,5,6,25,19,6
140,La Liga,2022,18,9,728,Rayo Vallecano,26,18,7,5,6,24,22,2
140,La Liga,2022,18,10,798,Mallorca,25,18,7,4,7,15,16,-1
140,La Liga,2022,18,11,547,Girona,21,18,5,6,7,26,28,-2
140,La Liga,2022,18,12,532,Valencia,20,18,5,5,8,25,22,3
140,La Liga,2022,18,13,540,Espanyol,20,18,4,8,6,22,26,-4
140,La Liga,2022,18,14,723,Almeria,19,18,5,4,9,20,28,-8
140,La Liga,2022,18,15,536,Sevilla,18,18,4,6,8,18,26,-8
140,La Liga,2022,18,16,546,Getafe,17,18,4,5,9,16,25,-9
140,La Liga,2022,18,17,538,Celta Vigo,17,18,4,5,9,17,29,-12
140,La Liga,2022,18,18,720,Valladolid,17,18,5,2,11,13,28,-15
140,La Liga,2022,18,19,724,Cadiz,16,18,3,7,8,12,29,-17
140,La Liga,2022,18,20,797,Elche,6,18,0,6,12,12,36,-24
140,La Liga,2022,19,1,529,Barcelona,50,19,16,2,1,39,7,32
140,La Liga,2022,19,2,541,Real Madrid,45,19,14,3,2,40,16,24
140,La Liga,2022,19,3,548,Real Sociedad,39,19,12,3,4,28,18,10
140,La Liga,2022,19,4,530,Atletico Madrid,34,19,10,4,5,28,16,12
140,La Liga,2022,19,5,533,Villarreal,31,19,9,4,6,21,14,7
140,La Liga,2022,19,6,543,Real Betis,31,19,9,4,6,21,16,5
140,La Liga,2022,19,7,728,Rayo Vallecano,29,19,8,5,6,25,22,3
140,La Liga,2022,19,8,727,Osasuna,28,19,8,4,7,18,18,0
140,La Liga,2022,19,9,531,Athletic Club,26,19,7,5,7,25,20,5
140,La Liga,2022,19,10,798,Mallorca,25,19,7,4,8,15,18,-3
140,La Liga,2022,19,11,723,Almeria,22,19,6,4,9,23,29,-6
140,La Liga,2022,19,12,547,Girona,21,19,5,6,8,26,29,-3
140,La Liga,2022,19,13,536,Sevilla,21,19,5,6,8,21,26,-5
140,La Liga,2022,19,14,532,Valencia,20,19,5,5,9,25,23,2
140,La Liga,2022,19,15,540,Espanyol,20,19,4,8,7,23,29,-6
140,La Liga,2022,19,16,538,Celta Vigo,20,19,5,5,9,18,29,-11
140,La Liga,2022,19,17,720,Valladolid,20,19,6,2,11,14,28,-14
140,La Liga,2022,19,18,724,Cadiz,19,19,4,7,8,14,29,-15
140,La Liga,2022,19,19,546,Getafe,17,19,4,5,10,16,26,-10
140,La Liga,2022,19,20,797,Elche,6,19,0,6,13,12,39,-27
140,La Liga,2022,20,1,529,Barcelona,53,20,17,2,1,42,7,35
140,La Liga,2022,20,2,541,Real Madrid,45,20,14,3,3,40,17,23
140,La Liga,2022,20,3,548,Real Sociedad,39,20,12,3,5,28,19,9
140,La Liga,2022,20,4,530,Atletico Madrid,35,20,10,5,5,29,17,12
140,La Liga,2022,20,5,728,Rayo Vallecano,32,20,9,5,6,27,22,5
140,La Liga,2022,20,6,533,Villarreal,31,20,9,4,7,22,17,5
140,La Liga,2022,20,7,543,Real Betis,31,20,9,4,7,24,20,4
140,La Liga,2022,20,8,531,Athletic Club,29,20,8,5,7,29,21,8
140,La Liga,2022,20,9,727,Osasuna,29,20,8,5,7,19,19,0
140,La Liga,2022,20,10,798,Mallorca,28,20,8,4,8,16,18,-2
140,La Liga,2022,20,11,547,Girona,24,20,6,6,8,27,29,-2
140,La Liga,2022,20,12,538,Celta Vigo,23,20,6,5,9,22,32,-10
140,La Liga,2022,20,13,720,Valladolid,23,20,7,2,11,15,28,-13
140,La Liga,2022,20,14,723,Almeria,22,20,6,4,10,23,31,-8
140,La Liga,2022,20,15,540,Espanyol,21,20,4,9,7,24,30,-6
140,La Liga,2022,20,16,536,Sevilla,21,20,5,6,9,21,29,-8
140,La Liga,2022,20,17,532,Valencia,20,20,5,5,10,25,24,1
140,La Liga,2022,20,18,724,Cadiz,19,20,4,7,9,15,33,-18
140,La Liga,2022,20,19,546,Getafe,18,20,4,6,10,17,27,-10
140,La Liga,2022,20,20,797,Elche,9,20,1,6,13,15,40,-25
140,La Liga,2022,21,1,529,Barcelona,56,21,18,2,1,43,7,36
140,La Liga,2022,21,2,541,Real Madrid,48,21,15,3,3,44,17,27
140,La Liga,2022,21,3,548,Real Sociedad,42,21,13,3,5,31,21,10
140,La Liga,2022,21,4,530,Atletico Madrid,38,21,11,5,5,30,17,13
140,La Liga,2022,21,5,543,Real Betis,34,21,10,4,7,27,22,5
140,La Liga,2022,21,6,728,Rayo Vallecano,33,21,9,6,6,28,23,5
140,La Liga,2022,21,7,531,Athletic Club,32,21,9,5,7,31,22,9
140,La Liga,2022,21,8,533,Villarreal,31,21,9,4,8,22,18,4
140,La Liga,2022,21,9,727,Osasuna,30,21,8,6,7,19,19,0
140,La Liga,2022,21,10,798,Mallorca,28,21,8,4,9,16,20,-4
140,La Liga,2022,21,11,547,Girona,24,21,6,6,9,27,31,-4
140,La Liga,2022,21,12,536,Sevilla,24,21,6,6,9,23,29,-6
140,La Liga,2022,21,13,720,Valladolid,24,21,7,3,11,15,28,-13
140,La Liga,2022,21,14,538,Celta Vigo,23,21,6,5,10,22,33,-11
140,La Liga,2022,21,15,723,Almeria,22,21,6,4,11,25,34,-9
140,La Liga,2022,21,16,724,Cadiz,22,21,5,7,9,17,33,-16
140,La Liga,2022,21,17,540,Espanyol,21,21,4,9,8,26,33,-7
140,La Liga,2022,21,18,532,Valencia,20,21,5,5,11,26,26,0
140,La Liga,2022,21,19,546,Getafe,19,21,4,7,10,18,28,-10
140,La Liga,2022,21,20,797,Elche,9,21,1,6,14,15,44,-29
140,La Liga,2022,22,1,529,Barcelona,59,22,19,2,1,45,7,38
140,La Liga,2022,22,2,541,Real Madrid,51,22,16,3,3,46,17,29
140,La Liga,2022,22,3,548,Real Sociedad,43,22,13,4,5,32,22,10
140,La Liga,2022,22,4,530,Atletico Madrid,41,22,12,5,5,31,17,14
140,La Liga,2022,22,5,543,Real Betis,37,22,11,4,7,29,23,6
140,La Liga,2022,22,6,728,Rayo Vallecano,34,22,9,7,6,29,24,5
140,La Liga,2022,22,7,531,Athletic Club,32,22,9,5,8,31,23,8
140,La Liga,2022,22,8,533,Villarreal,31,22,9,4,9,24,22,2
140,La Liga,2022,22,9,798,Mallorca,31,22,9,4,9,20,22,-2
140,La Liga,2022,22,10,727,Osasuna,30,22,8,6,8,19,21,-2
140,La Liga,2022,22,11,547,Girona,27,22,7,6,9,33,33,0
140,La Liga,2022,22,12,536,Sevilla,25,22,6,7,9,24,30,-6
140,La Liga,2022,22,13,540,Espanyol,24,22,5,9,8,27,33,-6
140,La Liga,2022,22,14,538,Celta Vigo,24,22,6,6,10,23,34,-11
140,La Liga,2022,22,15,720,Valladolid,24,22,7,3,12,16,30,-14
140,La Liga,2022,22,16,546,Getafe,22,22,5,7,10,19,28,-9
140,La Liga,2022,22,17,723,Almeria,22,22,6,4,12,27,40,-13
140,La Liga,2022,22,18,724,Cadiz,22,22,5,7,10,17,35,-18
140,La Liga,2022,22,19,532,Valencia,20,22,5,5,12,26,27,-1
140,La Liga,2022,22,20,797,Elche,9,22,1,6,15,15,45,-30
140,La Liga,2022,23,1,529,Barcelona,59,23,19,2,2,45,8,37
140,La Liga,2022,23,2,541,Real Madrid,52,23,16,4,3,47,18,29
140,La Liga,2022,23,3,548,Real Sociedad,43,23,13,4,6,32,23,9
140,La Liga,2022,23,4,530,Atletico Madrid,42,23,12,6,5,32,18,14
140,La Liga,2022,23,5,543,Real Betis,40,23,12,4,7,32,25,7
140,La Liga,2022,23,6,728,Rayo Vallecano,34,23,9,7,7,29,25,4
140,La Liga,2022,23,7,533,Villarreal,34,23,10,4,9,26,23,3
140,La Liga,2022,23,8,727,Osasuna,33,23,9,6,8,22,23,-1
140,La Liga,2022,23,9,531,Athletic Club,32,23,9,5,9,33,26,7
140,La Liga,2022,23,10,798,Mallorca,31,23,9,4,10,21,24,-3
140,La Liga,2022,23,11,547,Girona,30,23,8,6,9,36,35,1
140,La Liga,2022,23,12,540,Espanyol,27,23,6,9,8,29,34,-5
140,La Liga,2022,23,13,538,Celta Vigo,27,23,7,6,10,26,34,-8
140,La Liga,2022,23,14,536,Sevilla,25,23,6,7,10,26,33,-7
140,La Liga,2022,23,15,723,Almeria,25,23,7,4,12,28,40,-12
140,La Liga,2022,23,16,724,Cadiz,25,23,6,7,10,18,35,-17
140,La Liga,2022,23,17,720,Valladolid,24,23,7,3,13,16,33,-17
140,La Liga,2022,23,18,532,Valencia,23,23,6,5,12,27,27,0
140,La Liga,2022,23,19,546,Getafe,22,23,5,7,11,20,30,-10
140,La Liga,2022,23,20,797,Elche,9,23,1,6,16,17,48,-31
140,La Liga,2022,24,1,529,Barcelona,62,24,20,2,2,46,8,38
140,La Liga,2022,24,2,541,Real Madrid,53,24,16,5,3,47,18,29
140,La Liga,2022,24,3,530,Atletico Madrid,45,24,13,6,5,38,19,19
140,La Liga,2022,24,4,548,Real Sociedad,44,24,13,5,6,32,23,9
140,La Liga,2022,24,5,543,Real Betis,41,24,12,5,7,32,25,7
140,La Liga,2022,24,6,533,Villarreal,37,24,11,4,9,28,23,5
140,La Liga,2022,24,7,728,Rayo Vallecano,35,24,9,8,7,29,25,4
140,La Liga,2022,24,8,727,Osasuna,34,24,9,7,8,22,23,-1
140,La Liga,2022,24,9,531,Athletic Club,33,24,9,6,9,33,26,7
140,La Liga,2022,24,10,798,Mallorca,31,24,9,4,11,21,25,-4
140,La Liga,2022,24,11,547,Girona,30,24,8,6,10,38,38,0
140,La Liga,2022,24,12,538,Celta Vigo,28,24,7,7,10,26,34,-8
140,La Liga,2022,24,13,540,Espanyol,27,24,6,9,9,30,36,-6
140,La Liga,2022,24,14,720,Valladolid,27,24,8,3,13,18,34,-16
140,La Liga,2022,24,15,724,Cadiz,26,24,6,8,10,18,35,-17
140,La Liga,2022,24,16,546,Getafe,25,24,6,7,11,23,32,-9
140,La Liga,2022,24,17,536,Sevilla,25,24,6,7,11,27,39,-12
140,La Liga,2022,24,18,723,Almeria,25,24,7,4,13,28,42,-14
140,La Liga,2022,24,19,532,Valencia,23,24,6,5,13,27,28,-1
140,La Liga,2022,24,20,797,Elche,12,24,2,6,16,18,48,-30
140,La Liga,2022,25,1,529,Barcelona,65,25,21,2,2,47,8,39
140,La Liga,2022,25,2,541,Real Madrid,56,25,17,5,3,50,19,31
140,La Liga,2022,25,3,530,Atletico Madrid,48,25,14,6,5,39,19,20
140,La Liga,2022,25,4,548,Real Sociedad,45,25,13,6,6,33,24,9
140,La Liga,2022,25,5,543,Real Betis,42,25,12,6,7,33,26,7
140,La Liga,2022,25,6,533,Villarreal,38,25,11,5,9,29,24,5
140,La Liga,2022,25,7,728,Rayo Vallecano,35,25,9,8,8,29,28,1
140,La Liga,2022,25,8,727,Osasuna,34,25,9,7,9,22,24,-2
140,La Liga,2022,25,9,531,Athletic Club,33,25,9,6,10,33,27,6
140,La Liga,2022,25,10,798,Mallorca,32,25,9,5,11,22,26,-4
140,La Liga,2022,25,11,538,Celta Vigo,31,25,8,7,10,29,34,-5
140,La Liga,2022,25,12,547,Girona,30,25,8,6,11,38,39,-1
140,La Liga,2022,25,13,536,Sevilla,28,25,7,7,11,29,40,-11
140,La Liga,2022,25,14,720,Valladolid,28,25,8,4,13,19,35,-16
140,La Liga,2022,25,15,540,Espanyol,27,25,6,9,10,31,39,-8
140,La Liga,2022,25,16,724,Cadiz,27,25,6,9,10,20,37,-17
140,La Liga,2022,25,17,532,Valencia,26,25,7,5,13,28,28,0
140,La Liga,2022,25,18,546,Getafe,26,25,6,8,11,25,34,-9
140,La Liga,2022,25,19,723,Almeria,25,25,7,4,14,29,44,-15
140,La Liga,2022,25,20,797,Elche,13,25,2,7,16,19,49,-30
140,La Liga,2022,26,1,529,Barcelona,68,26,22,2,2,49,9,40
140,La Liga,2022,26,2,541,Real Madrid,56,26,17,5,4,51,21,30
140,La Liga,2022,26,3,530,Atletico Madrid,51,26,15,6,5,42,19,23
140,La Liga,2022,26,4,548,Real Sociedad,48,26,14,6,6,35,24,11
140,La Liga,2022,26,5,543,Real Betis,45,26,13,6,7,34,26,8
140,La Liga,2022,26,6,533,Villarreal,41,26,12,5,9,32,24,8
140,La Liga,2022,26,7,531,Athletic Club,36,26,10,6,10,36,28,8
140,La Liga,2022,26,8,728,Rayo Vallecano,36,26,9,9,8,31,30,1
140,La Liga,2022,26,9,538,Celta Vigo,34,26,9,7,10,32,35,-3
140,La Liga,2022,26,10,727,Osasuna,34,26,9,7,10,22,27,-5
140,La Liga,2022,26,11,798,Mallorca,32,26,9,5,12,22,27,-5
140,La Liga,2022,26,12,547,Girona,31,26,8,7,11,40,41,-1
140,La Liga,2022,26,13,546,Getafe,29,26,7,8,11,27,34,-7
140,La Liga,2022,26,14,536,Sevilla,28,26,7,7,12,29,42,-13
140,La Liga,2022,26,15,724,Cadiz,28,26,6,10,10,21,38,-17
140,La Liga,2022,26,16,720,Valladolid,28,26,8,4,14,20,38,-18
140,La Liga,2022,26,17,540,Espanyol,27,26,6,9,11,32,42,-10
140,La Liga,2022,26,18,532,Valencia,26,26,7,5,14,28,31,-3
140,La Liga,2022,26,19,723,Almeria,26,26,7,5,14,30,45,-15
140,La Liga,2022,26,20,797,Elche,13,26,2,7,17,19,51,-32
140,La Liga,2022,27,1,529,Barcelona,71,27,23,2,2,53,9,44
140,La Liga,2022,27,2,541,Real Madrid,59,27,18,5,4,57,21,36
140,La Liga,2022,27,3,530,Atletico Madrid,54,27,16,6,5,43,19,24
140,La Liga,2022,27,4,548,Real Sociedad,48,27,14,6,7,35,26,9
140,La Liga,2022,27,5,543,Real Betis,45,27,13,6,8,34,27,7
140,La Liga,2022,27,6,533,Villarreal,44,27,13,5,9,34,24,10
140,La Liga,2022,27,7,531,Athletic Club,37,27,10,7,10,36,28,8
140,La Liga,2022,27,8,728,Rayo Vallecano,37,27,9,10,8,32,31,1
140,La Liga,2022,27,9,538,Celta Vigo,35,27,9,8,10,34,37,-3
140,La Liga,2022,27,10,727,Osasuna,35,27,9,8,10,22,27,-5
140,La Liga,2022,27,11,547,Girona,34,27,9,7,11,42,42,0
140,La Liga,2022,27,12,798,Mallorca,33,27,9,6,12,22,27,-5
140,La Liga,2022,27,13,536,Sevilla,31,27,8,7,12,31,42,-11
140,La Liga,2022,27,14,546,Getafe,30,27,7,9,11,27,34,-7
140,La Liga,2022,27,15,724,Cadiz,28,27,6,10,11,21,40,-19
140,La Liga,2022,27,16,720,Valladolid,28,27,8,4,15,20,44,-24
140,La Liga,2022,27,17,532,Valencia,27,27,7,6,14,29,32,-3
140,La Liga,2022,27,18,540,Espanyol,27,27,6,9,12,33,44,-11
140,La Liga,2022,27,19,723,Almeria,27,27,7,6,14,32,47,-15
140,La Liga,2022,27,20,797,Elche,13,27,2,7,18,19,55,-36
140,La Liga,2022,28,1,529,Barcelona,72,28,23,3,2,53,9,44
140,La Liga,2022,28,2,541,Real Madrid,59,28,18,5,5,59,24,35
140,La Liga,2022,28,3,530,Atletico Madrid,57,28,17,6,5,45,20,25
140,La Liga,2022,28,4,548,Real Sociedad,51,28,15,6,7,37,26,11
140,La Liga,2022,28,5,533,Villarreal,47,28,14,5,9,37,26,11
140,La Liga,2022,28,6,543,Real Betis,45,28,13,6,9,34,29,5
140,La Liga,2022,28,7,531,Athletic Club,40,28,11,7,10,38,29,9
140,La Liga,2022,28,8,727,Osasuna,38,28,10,8,10,24,28,-4
140,La Liga,2022,28,9,728,Rayo Vallecano,37,28,9,10,9,33,33,0
140,La Liga,2022,28,10,538,Celta Vigo,36,28,9,9,10,36,39,-3
140,La Liga,2022,28,11,547,Girona,35,28,9,8,11,42,42,0
140,La Liga,2022,28,12,798,Mallorca,34,28,9,7,12,25,30,-5
140,La Liga,2022,28,13,536,Sevilla,32,28,8,8,12,33,44,-11
140,La Liga,2022,28,14,724,Cadiz,31,28,7,10,11,23,40,-17
140,La Liga,2022,28,15,546,Getafe,30,28,7,9,12,27,36,-9
140,La Liga,2022,28,16,723,Almeria,30,28,8,6,14,34,48,-14
140,La Liga,2022,28,17,720,Valladolid,29,28,8,5,15,23,47,-24
140,La Liga,2022,28,18,532,Valencia,27,28,7,6,15,30,34,-4
140,La Liga,2022,28,19,540,Espanyol,27,28,6,9,13,34,46,-12
140,La Liga,2022,28,20,797,Elche,13,28,2,7,19,20,57,-37
140,La Liga,2022,29,1,529,Barcelona,73,29,23,4,2,53,9,44
140,La Liga,2022,29,2,541,Real Madrid,62,29,19,5,5,61,24,37
140,La Liga,2022,29,3,530,Atletico Madrid,60,29,18,6,5,47,21,26
140,La Liga,2022,29,4,548,Real Sociedad,51,29,15,6,8,37,28,9
140,La Liga,2022,29,5,543,Real Betis,48,29,14,6,9,37,30,7
140,La Liga,2022,29,6,533,Villarreal,47,29,14,5,10,38,28,10
140,La Liga,2022,29,7,531,Athletic Club,43,29,12,7,10,40,29,11
140,La Liga,2022,29,8,728,Rayo Vallecano,40,29,10,10,9,35,34,1
140,La Liga,2022,29,9,547,Girona,38,29,10,8,11,44,42,2
140,La Liga,2022,29,10,727,Osasuna,38,29,10,8,11,25,30,-5
140,La Liga,2022,29,11,798,Mallorca,37,29,10,7,12,26,30,-4
140,La Liga,2022,29,12,538,Celta Vigo,36,29,9,9,11,36,40,-4
140,La Liga,2022,29,13,536,Sevilla,35,29,9,8,12,35,44,-9
140,La Liga,2022,29,14,720,Valladolid,32,29,9,5,15,25,48,-23
140,La Liga,2022,29,15,546,Getafe,31,29,7,10,12,27,36,-9
140,La Liga,2022,29,16,724,Cadiz,31,29,7,10,12,23,42,-19
140,La Liga,2022,29,17,723,Almeria,30,29,8,6,15,35,50,-15
140,La Liga,2022,29,18,532,Valencia,27,29,7,6,16,30,36,-6
140,La Liga,2022,29,19,540,Espanyol,27,29,6,9,14,35,49,-14
140,La Liga,2022,29,20,797,Elche,13,29,2,7,20,20,59,-39
140,La Liga,2022,30,1,529,Barcelona,76,30,24,4,2,54,9,45
140,La Liga,2022,30,2,541,Real Madrid,65,30,20,5,5,63,24,39
140,La Liga,2022,30,3,530,Atletico Madrid,60,30,18,6,6,47,22,25
140,La Liga,2022,30,4,548,Real Sociedad,54,30,16,6,8,39,29,10
140,La Liga,2022,30,5,543,Real Betis,48,30,14,6,10,39,33,6
140,La Liga,2022,30,6,533,Villarreal,47,30,14,5,11,39,30,9
140,La Liga,2022,30,7,531,Athletic Club,46,30,13,7,10,42,30,12
140,La Liga,2022,30,8,727,Osasuna,41,30,11,8,11,28,32,-4
140,La Liga,2022,30,9,728,Rayo Vallecano,40,30,10,10,10,36,36,0
140,La Liga,2022,30,10,798,Mallorca,40,30,11,7,12,29,31,-2
140,La Liga,2022,30,11,547,Girona,38,30,10,8,12,44,43,1
140,La Liga,2022,30,12,536,Sevilla,38,30,10,8,12,37,45,-8
140,La Liga,2022,30,13,538,Celta Vigo,36,30,9,9,12,36,42,-6
140,La Liga,2022,30,14,720,Valladolid,35,30,10,5,15,26,48,-22
140,La Liga,2022,30,15,724,Cadiz,32,30,7,11,12,23,42,-19
140,La Liga,2022,30,16,546,Getafe,31,30,7,10,13,28,39,-11
140,La Liga,2022,30,17,532,Valencia,30,30,8,6,16,32,36,-4
140,La Liga,2022,30,18,723,Almeria,30,30,8,6,16,36,52,-16
140,La Liga,2022,30,19,540,Espanyol,28,30,6,10,14,35,49,-14
140,La Liga,2022,30,20,797,Elche,13,30,2,7,21,20,61,-41
140,La Liga,2022,31,1,529,Barcelona,76,31,24,4,3,55,11,44
140,La Liga,2022,31,2,541,Real Madrid,65,31,20,5,6,65,28,37
140,La Liga,2022,31,3,530,Atletico Madrid,63,31,19,6,6,50,23,27
140,La Liga,2022,31,4,548,Real Sociedad,55,31,16,7,8,39,29,10
140,La Liga,2022,31,5,533,Villarreal,50,31,15,5,11,43,32,11
140,La Liga,2022,31,6,543,Real Betis,49,31,14,7,10,39,33,6
140,La Liga,2022,31,7,531,Athletic Club,46,31,13,7,11,42,31,11
140,La Liga,2022,31,8,727,Osasuna,44,31,12,8,11,29,32,-3
140,La Liga,2022,31,9,728,Rayo Vallecano,43,31,11,10,10,38,37,1
140,La Liga,2022,31,10,547,Girona,41,31,11,8,12,48,45,3
140,La Liga,2022,31,11,536,Sevilla,41,31,11,8,12,38,45,-7
140,La Liga,2022,31,12,798,Mallorca,40,31,11,7,13,30,34,-4
140,La Liga,2022,31,13,538,Celta Vigo,39,31,10,9,12,37,42,-5
140,La Liga,2022,31,14,720,Valladolid,35,31,10,5,16,27,50,-23
140,La Liga,2022,31,15,532,Valencia,33,31,9,6,16,34,37,-3
140,La Liga,2022,31,16,723,Almeria,33,31,9,6,16,38,53,-15
140,La Liga,2022,31,17,724,Cadiz,32,31,7,11,13,23,43,-20
140,La Liga,2022,31,18,546,Getafe,31,31,7,10,14,29,41,-12
140,La Liga,2022,31,19,540,Espanyol,28,31,6,10,15,37,53,-16
140,La Liga,2022,31,20,797,Elche,13,31,2,7,22,20,62,-42
140,La Liga,2022,32,1,529,Barcelona,79,32,25,4,3,59,11,48
140,La Liga,2022,32,2,541,Real Madrid,68,32,21,5,6,69,30,39
140,La Liga,2022,32,3,530,Atletico Madrid,66,32,20,6,6,55,25,30
140,La Liga,2022,32,4,548,Real Sociedad,58,32,17,7,8,41,29,12
140,La Liga,2022,32,5,533,Villarreal,53,32,16,5,11,46,33,13
140,La Liga,2022,32,6,543,Real Betis,49,32,14,7,11,39,37,2
140,La Liga,2022,32,7,531,Athletic Club,47,32,13,8,11,43,32,11
140,La Liga,2022,32,8,547,Girona,44,32,12,8,12,50,45,5
140,La Liga,2022,32,9,727,Osasuna,44,32,12,8,12,29,34,-5
140,La Liga,2022,32,10,728,Rayo Vallecano,43,32,11,10,11,38,41,-3
140,La Liga,2022,32,11,798,Mallorca,41,32,11,8,13,31,35,-4
140,La Liga,2022,32,12,536,Sevilla,41,32,11,8,13,38,47,-9
140,La Liga,2022,32,13,538,Celta Vigo,39,32,10,9,13,38,45,-7
140,La Liga,2022,32,14,724,Cadiz,35,32,8,11,13,25,44,-19
140,La Liga,2022,32,15,720,Valladolid,35,32,10,5,17,29,55,-26
140,La Liga,2022,32,16,532,Valencia,33,32,9,6,17,35,39,-4
140,La Liga,2022,32,17,723,Almeria,33,32,9,6,17,40,57,-17
140,La Liga,2022,32,18,546,Getafe,31,32,7,10,15,29,42,-13
140,La Liga,2022,32,19,540,Espanyol,31,32,7,10,15,38,53,-15
140,La Liga,2022,32,20,797,Elche,16,32,3,7,22,24,62,-38
140,La Liga,2022,33,1,529,Barcelona,82,33,26,4,3,60,11,49
140,La Liga,2022,33,2,530,Atletico Madrid,69,33,21,6,6,60,26,34
140,La Liga,2022,33,3,541,Real Madrid,68,33,21,5,7,69,32,37
140,La Liga,2022,33,4,548,Real Sociedad,61,33,18,7,8,43,29,14
140,La Liga,2022,33,5,533,Villarreal,54,33,16,6,11,47,34,13
140,La Liga,2022,33,6,543,Real Betis,52,33,15,7,11,40,37,3
140,La Liga,2022,33,7,531,Athletic Club,47,33,13,8,12,43,33,10
140,La Liga,2022,33,8,547,Girona,47,33,13,8,12,52,46,6
140,La Liga,2022,33,9,728,Rayo Vallecano,46,33,12,10,11,40,42,-2
140,La Liga,2022,33,10,727,Osasuna,44,33,12,8,13,29,35,-6
140,La Liga,2022,33,11,536,Sevilla,44,33,12,8,13,41,49,-8
140,La Liga,2022,33,12,798,Mallorca,41,33,11,8,14,32,37,-5
140,La Liga,2022,33,13,538,Celta Vigo,39,33,10,9,14,38,46,-8
140,La Liga,2022,33,14,723,Almeria,36,33,10,6,17,42,58,-16
140,La Liga,2022,33,15,724,Cadiz,35,33,8,11,14,26,49,-23
140,La Liga,2022,33,16,720,Valladolid,35,33,10,5,18,30,57,-27
140,La Liga,2022,33,17,532,Valencia,34,33,9,7,17,36,40,-4
140,La Liga,2022,33,18,546,Getafe,34,33,8,10,15,30,42,-12
140,La Liga,2022,33,19,540,Espanyol,31,33,7,10,16,40,56,-16
140,La Liga,2022,33,20,797,Elche,16,33,3,7,23,25,64,-39
140,La Liga,2022,34,1,529,Barcelona,85,34,27,4,3,64,13,51
140,La Liga,2022,34,2,541,Real Madrid,71,34,22,5,7,70,32,38
140,La Liga,2022,34,3,530,Atletico Madrid,69,34,21,6,7,60,27,33
140,La Liga,2022,34,4,548,Real Sociedad,62,34,18,8,8,45,31,14
140,La Liga,2022,34,5,533,Villarreal,57,34,17,6,11,52,35,17
140,La Liga,2022,34,6,543,Real Betis,55,34,16,7,11,43,38,5
140,La Liga,2022,34,7,547,Girona,48,34,13,9,12,54,48,6
140,La Liga,2022,34,8,531,Athletic Club,47,34,13,8,13,44,38,6
140,La Liga,2022,34,9,727,Osasuna,47,34,13,8,13,32,36,-4
140,La Liga,2022,34,10,536,Sevilla,47,34,13,8,13,44,49,-5
140,La Liga,2022,34,11,728,Rayo Vallecano,46,34,12,10,12,41,45,-4
140,La Liga,2022,34,12,798,Mallorca,44,34,12,8,14,33,37,-4
140,La Liga,2022,34,13,538,Celta Vigo,39,34,10,9,15,39,48,-9
140,La Liga,2022,34,14,532,Valencia,37,34,10,7,17,38,41,-3
140,La Liga,2022,34,15,723,Almeria,36,34,10,6,18,43,61,-18
140,La Liga,2022,34,16,724,Cadiz,35,34,8,11,15,26,50,-24
140,La Liga,2022,34,17,720,Valladolid,35,34,10,5,19,30,60,-30
140,La Liga,2022,34,18,546,Getafe,34,34,8,10,16,30,43,-13
140,La Liga,2022,34,19,540,Espanyol,31,34,7,10,17,42,60,-18
140,La Liga,2022,34,20,797,Elche,19,34,4,7,23,26,64,-38
140,La Liga,2022,35,1,529,Barcelona,85,35,27,4,4,65,15,50
140,La Liga,2022,35,2,530,Atletico Madrid,72,35,22,6,7,63,27,36
140,La Liga,2022,35,3,541,Real Madrid,71,35,22,5,8,70,33,37
140,La Liga,2022,35,4,548,Real Sociedad,65,35,19,8,8,47,32,15
140,La Liga,2022,35,5,533,Villarreal,60,35,18,6,11,54,36,18
140,La Liga,2022,35,6,543,Real Betis,56,35,16,8,11,43,38,5
140,La Liga,2022,35,7,531,Athletic Club,50,35,14,8,13,46,39,7
140,La Liga,2022,35,8,547,Girona,48,35,13,9,13,55,50,5
140,La Liga,2022,35,9,536,Sevilla,48,35,13,9,13,44,49,-5
140,La Liga,2022,35,10,727,Osasuna,47,35,13,8,14,32,39,-7
140,La Liga,2022,35,11,728,Rayo Vallecano,46,35,12,10,13,42,47,-5
140,La Liga,2022,35,12,798,Mallorca,44,35,12,8,15,33,40,-7
140,La Liga,2022,35,13,532,Valencia,40,35,11,7,17,39,41,-2
140,La Liga,2022,35,14,538,Celta Vigo,39,35,10,9,16,40,50,-10
140,La Liga,2022,35,15,723,Almeria,39,35,11,6,18,46,61,-15
140,La Liga,2022,35,16,724,Cadiz,38,35,9,11,15,28,50,-22
140,La Liga,2022,35,17,546,Getafe,35,35,8,11,16,31,44,-13
140,La Liga,2022,35,18,720,Valladolid,35,35,10,5,20,30,62,-32
140,La Liga,2022,35,19,540,Espanyol,34,35,8,10,17,44,61,-17
140,La Liga,2022,35,20,797,Elche,20,35,4,8,23,27,65,-38
140,La Liga,2022,36,1,529,Barcelona,85,36,27,4,5,66,18,48
140,La Liga,2022,36,2,541,Real Madrid,74,36,23,5,8,72,34,38
140,La Liga,2022,36,3,530,Atletico Madrid,73,36,22,7,7,66,30,36
140,La Liga,2022,36,4,548,Real Sociedad,68,36,20,8,8,48,32,16
140,La Liga,2022,36,5,533,Villarreal,63,36,19,6,11,56,36,20
140,La Liga,2022,36,6,543,Real Betis,56,36,16,8,12,43,39,4
140,La Liga,2022,36,7,531,Athletic Club,50,36,14,8,14,46,41,5
140,La Liga,2022,36,8,727,Osasuna,50,36,14,8,14,34,39,-5
140,La Liga,2022,36,9,547,Girona,49,36,13,10,13,56,51,5
140,La Liga,2022,36,10,536,Sevilla,49,36,13,10,13,45,50,-5
140,La Liga,2022,36,11,798,Mallorca,47,36,13,8,15,34,40,-6
140,La Liga,2022,36,12,728,Rayo Vallecano,46,36,12,10,14,43,49,-6
140,La Liga,2022,36,13,532,Valencia,40,36,11,7,18,39,42,-3
140,La Liga,2022,36,14,538,Celta Vigo,40,36,10,10,16,41,51,-10
140,La Liga,2022,36,15,723,Almeria,39,36,11,6,19,46,62,-16
140,La Liga,2022,36,16,546,Getafe,38,36,9,11,16,32,44,-12
140,La Liga,2022,36,17,724,Cadiz,38,36,9,11,16,28,52,-24
140,La Liga,2022,36,18,720,Valladolid,38,36,11,5,20,33,63,-30
140,La Liga,2022,36,19,540,Espanyol,35,36,8,11,17,47,64,-17
140,La Liga,2022,36,20,797,Elche,21,36,4,9,23,28,66,-38
140,La Liga,2022,37,1,529,Barcelona,88,37,28,4,5,69,18,51
140,La Liga,2022,37,2,541,Real Madrid,77,37,24,5,8,74,35,39
140,La Liga,2022,37,3,530,Atletico Madrid,76,37,23,7,7,68,31,37
140,La Liga,2022,37,4,548,Real Sociedad,68,37,20,8,9,49,34,15
140,La Liga,2022,37,5,533,Villarreal,63,37,19,6,12,57,38,19
140,La Liga,2022,37,6,543,Real Betis,59,37,17,8,12,45,40,5
140,La Liga,2022,37,7,531,Athletic Club,50,37,14,8,15,46,42,4
140,La Liga,2022,37,8,727,Osasuna,50,37,14,8,15,35,41,-6
140,La Liga,2022,37,9,547,Girona,49,37,13,10,14,57,53,4
140,La Liga,2022,37,10,728,Rayo Vallecano,49,37,13,10,14,45,50,-5
140,La Liga,2022,37,11,536,Sevilla,49,37,13,10,14,46,52,-6
140,La Liga,2022,37,12,798,Mallorca,47,37,13,8,16,34,43,-9
140,La Liga,2022,37,13,532,Valencia,41,37,11,8,18,41,44,-3
140,La Liga,2022,37,14,546,Getafe,41,37,10,11,16,34,45,-11
140,La Liga,2022,37,15,724,Cadiz,41,37,10,11,16,29,52,-23
140,La Liga,2022,37,16,538,Celta Vigo,40,37,10,10,17,41,52,-11
140,La Liga,2022,37,17,723,Almeria,40,37,11,7,19,46,62,-16
140,La Liga,2022,37,18,720,Valladolid,39,37,11,6,20,33,63,-30
140,La Liga,2022,37,19,540,Espanyol,36,37,8,12,17,49,66,-17
140,La Liga,2022,37,20,797,Elche,24,37,5,9,23,29,66,-37
140,La Liga,2022,38,1,529,Barcelona,88,38,28,4,6,70,20,50
140,La Liga,2022,38,2,541,Real Madrid,78,38,24,6,8,75,36,39
140,La Liga,2022,38,3,530,Atletico Madrid,77,38,23,8,7,70,33,37
140,La Liga,2022,38,4,548,Real Sociedad,71,38,21,8,9,51,35,16
140,La Liga,2022,38,5,533,Villarreal,64,38,19,7,12,59,40,19
140,La Liga,2022,38,6,543,Real Betis,60,38,17,9,12,46,41,5
140,La Liga,2022,38,7,727,Osasuna,53,38,15,8,15,37,42,-5
140,La Liga,2022,38,8,531,Athletic Club,51,38,14,9,15,47,43,4
140,La Liga,2022,38,9,798,Mallorca,50,38,14,8,16,37,43,-6
140,La Liga,2022,38,10,547,Girona,49,38,13,10,15,58,55,3
140,La Liga,2022,38,11,536,Sevilla,49,38,13,10,15,47,54,-7
140,La Liga,2022,38,12,728,Rayo Vallecano,49,38,13,10,15,45,53,-8
140,La Liga,2022,38,13,538,Celta Vigo,43,38,11,10,17,43,53,-10
140,La Liga,2022,38,14,532,Valencia,42,38,11,9,18,42,45,-3
140,La Liga,2022,38,15,546,Getafe,42,38,10,12,16,34,45,-11
140,La Liga,2022,38,16,724,Cadiz,42,38,10,12,16,30,53,-23
140,La Liga,2022,38,17,723,Almeria,41,38,11,8,19,49,65,-16
140,La Liga,2022,38,18,720,Valladolid,40,38,11,7,20,33,63,-30
140,La Liga,2022,38,19,540,Espanyol,37,38,8,13,17,52,69,-17
140,La Liga,2022,38,20,797,Elche,25,38,5,10,23,30,67,-37
140,La Liga,2023,1,1,530,Atletico Madrid,3,1,1,0,0,3,1,2
140,La Liga,2023,1,2,728,Rayo Vallecano,3,1,1,0,0,2,0,2
140,La Liga,2023,1,3,541,Real Madrid,3,1,1,0,0,2,0,2
140,La Liga,2023,1,4,727,Osasuna,3,1,1,0,0,2,0,2
140,La Liga,2023,1,5,532,Valencia,3,1,1,0,0,2,1,1
140,La Liga,2023,1,6,543,Real Betis,3,1,1,0,0,2,1,1
140,La Liga,2023,1,7,724,Cadiz,3,1,1,0,0,1,0,1
140,La Liga,2023,1,8,548,Real Sociedad,1,1,0,1,0,1,1,0
140,La Liga,2023,1,9,547,Girona,1,1,0,1,0,1,1,0
140,La Liga,2023,1,10,534,Las Palmas,1,1,0,1,0,1,1,0
140,La Liga,2023,1,11,798,Mallorca,1,1,0,1,0,1,1,0
140,La Liga,2023,1,12,546,Getafe,1,1,0,1,0,0,0,0
140,La Liga,2023,1,13,529,Barcelona,1,1,0,1,0,0,0,0
140,La Liga,2023,1,14,536,Sevilla,0,1,0,0,1,1,2,-1
140,La Liga,2023,1,15,533,Villarreal,0,1,0,0,1,1,2,-1
140,La Liga,2023,1,16,542,Alaves,0,1,0,0,1,0,1,-1
140,La Liga,2023,1,17,715,Granada CF,0,1,0,0,1,1,3,-2
140,La Liga,2023,1,18,723,Almeria,0,1,0,0,1,0,2,-2
140,La Liga,2023,1,19,531,Athletic Club,0,1,0,0,1,0,2,-2
140,La Liga,2023,1,20,538,Celta Vigo,0,1,0,0,1,0,2,-2
140,La Liga,2023,2,1,541,Real Madrid,6,2,2,0,0,5,1,4
140,La Liga,2023,2,2,728,Rayo Vallecano,6,2,2,0,0,4,0,4
140,La Liga,2023,2,3,532,Valencia,6,2,2,0,0,3,1,2
140,La Liga,2023,2,4,547,Girona,4,2,1,1,0,4,1,3
140,La Liga,2023,2,5,530,Atletico Madrid,4,2,1,1,0,3,1,2
140,La Liga,2023,2,6,529,Barcelona,4,2,1,1,0,2,0,2
140,La Liga,2023,2,7,543,Real Betis,4,2,1,1,0,2,1,1
140,La Liga,2023,2,8,542,Alaves,3,2,1,0,1,4,4,0
140,La Liga,2023,2,9,531,Athletic Club,3,2,1,0,1,2,2,0
140,La Liga,2023,2,10,727,Osasuna,3,2,1,0,1,2,2,0
140,La Liga,2023,2,11,533,Villarreal,3,2,1,0,1,2,2,0
140,La Liga,2023,2,12,724,Cadiz,3,2,1,0,1,1,2,-1
140,La Liga,2023,2,13,548,Real Sociedad,2,2,0,2,0,2,2,0
140,La Liga,2023,2,14,534,Las Palmas,1,2,0,1,1,1,2,-1
140,La Liga,2023,2,15,798,Mallorca,1,2,0,1,1,1,2,-1
140,La Liga,2023,2,16,538,Celta Vigo,1,2,0,1,1,1,3,-2
140,La Liga,2023,2,17,546,Getafe,1,2,0,1,1,0,3,-3
140,La Liga,2023,2,18,536,Sevilla,0,2,0,0,2,4,6,-2
140,La Liga,2023,2,19,723,Almeria,0,2,0,0,2,1,5,-4
140,La Liga,2023,2,20,715,Granada CF,0,2,0,0,2,1,5,-4
140,La Liga,2023,3,1,541,Real Madrid,9,3,3,0,0,6,1,5
140,La Liga,2023,3,2,530,Atletico Madrid,7,3,2,1,0,10,1,9
140,La Liga,2023,3,3,547,Girona,7,3,2,1,0,6,2,4
140,La Liga,2023,3,4,529,Barcelona,7,3,2,1,0,6,3,3
140,La Liga,2023,3,5,531,Athletic Club,6,3,2,0,1,6,4,2
140,La Liga,2023,3,6,532,Valencia,6,3,2,0,1,4,3,1
140,La Liga,2023,3,7,727,Osasuna,6,3,2,0,1,4,3,1
140,La Liga,2023,3,8,728,Rayo Vallecano,6,3,2,0,1,4,7,-3
140,La Liga,2023,3,9,543,Real Betis,4,3,1,1,1,4,5,-1
140,La Liga,2023,3,10,724,Cadiz,4,3,1,1,1,2,3,-1
140,La Liga,2023,3,11,546,Getafe,4,3,1,1,1,1,3,-2
140,La Liga,2023,3,12,548,Real Sociedad,3,3,0,3,0,2,2,0
140,La Liga,2023,3,13,533,Villarreal,3,3,1,0,2,5,6,-1
140,La Liga,2023,3,14,542,Alaves,3,3,1,0,2,4,5,-1
140,La Liga,2023,3,15,715,Granada CF,3,3,1,0,2,4,7,-3
140,La Liga,2023,3,16,534,Las Palmas,2,3,0,2,1,1,2,-1
140,La Liga,2023,3,17,798,Mallorca,1,3,0,1,2,3,5,-2
140,La Liga,2023,3,18,538,Celta Vigo,1,3,0,1,2,1,4,-3
140,La Liga,2023,3,19,723,Almeria,1,3,0,1,2,2,6,-4
140,La Liga,2023,3,20,536,Sevilla,0,3,0,0,3,5,8,-3
140,La Liga,2023,4,1,541,Real Madrid,12,4,4,0,0,8,2,6
140,La Liga,2023,4,2,530,Atletico Madrid,10,4,3,1,0,11,1,10
140,La Liga,2023,4,3,547,Girona,10,4,3,1,0,7,2,5
140,La Liga,2023,4,4,529,Barcelona,10,4,3,1,0,8,4,4
140,La Liga,2023,4,5,531,Athletic Club,7,4,2,1,1,6,4,2
140,La Liga,2023,4,6,724,Cadiz,7,4,2,1,1,5,4,1
140,La Liga,2023,4,7,543,Real Betis,7,4,2,1,1,5,5,0
140,La Liga,2023,4,8,548,Real Sociedad,6,4,1,3,0,7,5,2
140,La Liga,2023,4,9,727,Osasuna,6,4,2,0,2,5,5,0
140,La Liga,2023,4,10,542,Alaves,6,4,2,0,2,5,5,0
140,La Liga,2023,4,11,532,Valencia,6,4,2,0,2,4,4,0
140,La Liga,2023,4,12,728,Rayo Vallecano,6,4,2,0,2,4,8,-4
140,La Liga,2023,4,13,538,Celta Vigo,4,4,1,1,2,4,6,-2
140,La Liga,2023,4,14,546,Getafe,4,4,1,1,2,2,5,-3
140,La Liga,2023,4,15,533,Villarreal,3,4,1,0,3,6,9,-3
140,La Liga,2023,4,16,715,Granada CF,3,4,1,0,3,7,12,-5
140,La Liga,2023,4,17,798,Mallorca,2,4,0,2,2,3,5,-2
140,La Liga,2023,4,18,534,Las Palmas,2,4,0,2,2,1,3,-2
140,La Liga,2023,4,19,723,Almeria,1,4,0,1,3,4,9,-5
140,La Liga,2023,4,20,536,Sevilla,0,4,0,0,4,5,9,-4
140,La Liga,2023,5,1,541,Real Madrid,15,5,5,0,0,10,3,7
140,La Liga,2023,5,2,529,Barcelona,13,5,4,1,0,13,4,9
140,La Liga,2023,5,3,547,Girona,13,5,4,1,0,11,4,7
140,La Liga,2023,5,4,530,Atletico Madrid,10,5,3,1,1,11,4,7
140,La Liga,2023,5,5,531,Athletic Club,10,5,3,1,1,9,4,5
140,La Liga,2023,5,6,532,Valencia,9,5,3,0,2,7,4,3
140,La Liga,2023,5,7,728,Rayo Vallecano,9,5,3,0,2,6,8,-2
140,La Liga,2023,5,8,546,Getafe,7,5,2,1,2,5,7,-2
140,La Liga,2023,5,9,724,Cadiz,7,5,2,1,2,5,7,-2
140,La Liga,2023,5,10,543,Real Betis,7,5,2,1,2,5,10,-5
140,La Liga,2023,5,11,548,Real Sociedad,6,5,1,3,1,8,7,1
140,La Liga,2023,5,12,727,Osasuna,6,5,2,0,3,7,8,-1
140,La Liga,2023,5,13,533,Villarreal,6,5,2,0,3,8,10,-2
140,La Liga,2023,5,14,542,Alaves,6,5,2,0,3,5,7,-2
140,La Liga,2023,5,15,798,Mallorca,5,5,1,2,2,4,5,-1
140,La Liga,2023,5,16,538,Celta Vigo,4,5,1,1,3,4,7,-3
140,La Liga,2023,5,17,536,Sevilla,3,5,1,0,4,6,9,-3
140,La Liga,2023,5,18,715,Granada CF,3,5,1,0,4,9,16,-7
140,La Liga,2023,5,19,534,Las Palmas,2,5,0,2,3,1,4,-3
140,La Liga,2023,5,20,723,Almeria,1,5,0,1,4,5,11,-6
140,La Liga,2023,6,1,529,Barcelona,16,6,5,1,0,16,6,10
140,La Liga,2023,6,2,547,Girona,16,6,5,1,0,16,7,9
140,La Liga,2023,6,3,541,Real Madrid,15,6,5,0,1,11,6,5
140,La Liga,2023,6,4,530,Atletico Madrid,13,6,4,1,1,14,5,9
140,La Liga,2023,6,5,531,Athletic Club,13,6,4,1,1,11,4,7
140,La Liga,2023,6,6,532,Valencia,10,6,3,1,2,9,6,3
140,La Liga,2023,6,7,728,Rayo Vallecano,10,6,3,1,2,7,9,-2
140,La Liga,2023,6,8,548,Real Sociedad,9,6,2,3,1,12,10,2
140,La Liga,2023,6,9,724,Cadiz,8,6,2,2,2,6,8,-2
140,La Liga,2023,6,10,543,Real Betis,8,6,2,2,2,6,11,-5
140,La Liga,2023,6,11,727,Osasuna,7,6,2,1,3,7,8,-1
140,La Liga,2023,6,12,533,Villarreal,7,6,2,1,3,9,11,-2
140,La Liga,2023,6,13,546,Getafe,7,6,2,1,3,8,11,-3
140,La Liga,2023,6,14,542,Alaves,6,6,2,0,4,5,9,-4
140,La Liga,2023,6,15,534,Las Palmas,5,6,1,2,3,2,4,-2
140,La Liga,2023,6,16,798,Mallorca,5,6,1,2,3,7,10,-3
140,La Liga,2023,6,17,536,Sevilla,4,6,1,1,4,6,9,-3
140,La Liga,2023,6,18,538,Celta Vigo,4,6,1,1,4,6,10,-4
140,La Liga,2023,6,19,715,Granada CF,3,6,1,0,5,9,17,-8
140,La Liga,2023,6,20,723,Almeria,2,6,0,2,4,7,13,-6
140,La Liga,2023,7,1,547,Girona,19,7,6,1,0,18,8,10
140,La Liga,2023,7,2,541,Real Madrid,18,7,6,0,1,13,6,7
140,La Liga,2023,7,3,529,Barcelona,17,7,5,2,0,18,8,10
140,La Liga,2023,7,4,530,Atletico Madrid,16,7,5,1,1,16,5,11
140,La Liga,2023,7,5,531,Athletic Club,14,7,4,2,1,13,6,7
140,La Liga,2023,7,6,548,Real Sociedad,12,7,3,3,1,13,10,3
140,La Liga,2023,7,7,728,Rayo Vallecano,11,7,3,2,2,7,9,-2
140,La Liga,2023,7,8,532,Valencia,10,7,3,1,3,9,7,2
140,La Liga,2023,7,9,724,Cadiz,9,7,2,3,2,6,8,-2
140,La Liga,2023,7,10,543,Real Betis,9,7,2,3,2,7,12,-5
140,La Liga,2023,7,11,546,Getafe,8,7,2,2,3,10,13,-3
140,La Liga,2023,7,12,536,Sevilla,7,7,2,1,4,11,10,1
140,La Liga,2023,7,13,533,Villarreal,7,7,2,1,4,10,13,-3
140,La Liga,2023,7,14,727,Osasuna,7,7,2,1,4,7,10,-3
140,La Liga,2023,7,15,542,Alaves,7,7,2,1,4,6,10,-4
140,La Liga,2023,7,16,798,Mallorca,6,7,1,3,3,9,12,-3
140,La Liga,2023,7,17,538,Celta Vigo,5,7,1,2,4,7,11,-4
140,La Liga,2023,7,18,534,Las Palmas,5,7,1,2,4,2,6,-4
140,La Liga,2023,7,19,715,Granada CF,4,7,1,1,5,10,18,-8
140,La Liga,2023,7,20,723,Almeria,2,7,0,2,5,8,18,-10
140,La Liga,2023,8,1,541,Real Madrid,21,8,7,0,1,16,6,10
140,La Liga,2023,8,2,529,Barcelona,20,8,6,2,0,19,8,11
140,La Liga,2023,8,3,530,Atletico Madrid,19,8,6,1,1,19,7,12
140,La Liga,2023,8,4,547,Girona,19,8,6,1,1,18,11,7
140,La Liga,2023,8,5,548,Real Sociedad,15,8,4,3,1,16,10,6
140,La Liga,2023,8,6,531,Athletic Club,14,8,4,2,2,13,9,4
140,La Liga,2023,8,7,543,Real Betis,12,8,3,3,2,10,12,-2
140,La Liga,2023,8,8,728,Rayo Vallecano,12,8,3,3,2,9,11,-2
140,La Liga,2023,8,9,532,Valencia,10,8,3,1,4,9,10,-1
140,La Liga,2023,8,10,727,Osasuna,10,8,3,1,4,9,10,-1
140,La Liga,2023,8,11,546,Getafe,9,8,2,3,3,10,13,-3
140,La Liga,2023,8,12,724,Cadiz,9,8,2,3,3,8,11,-3
140,La Liga,2023,8,13,533,Villarreal,8,8,2,2,4,10,13,-3
140,La Liga,2023,8,14,534,Las Palmas,8,8,2,2,4,4,7,-3
140,La Liga,2023,8,15,536,Sevilla,7,8,2,1,5,11,11,0
140,La Liga,2023,8,16,798,Mallorca,7,8,1,4,3,11,14,-3
140,La Liga,2023,8,17,542,Alaves,7,8,2,1,5,6,12,-6
140,La Liga,2023,8,18,538,Celta Vigo,5,8,1,2,5,8,13,-5
140,La Liga,2023,8,19,715,Granada CF,5,8,1,2,5,13,21,-8
140,La Liga,2023,8,20,723,Almeria,3,8,0,3,5,11,21,-10
140,La Liga,2023,9,1,541,Real Madrid,24,9,8,0,1,20,6,14
140,La Liga,2023,9,2,530,Atletico Madrid,22,9,7,1,1,21,8,13
140,La Liga,2023,9,3,547,Girona,22,9,7,1,1,19,11,8
140,La Liga,2023,9,4,529,Barcelona,21,9,6,3,0,21,10,11
140,La Liga,2023,9,5,531,Athletic Club,17,9,5,2,2,16,9,7
140,La Liga,2023,9,6,548,Real Sociedad,15,9,4,3,2,17,12,5
140,La Liga,2023,9,7,728,Rayo Vallecano,13,9,3,4,2,11,13,-2
140,La Liga,2023,9,8,543,Real Betis,13,9,3,4,2,11,13,-2
140,La Liga,2023,9,9,532,Valencia,11,9,3,2,4,10,11,-1
140,La Liga,2023,9,10,534,Las Palmas,11,9,3,2,4,6,8,-2
140,La Liga,2023,9,11,546,Getafe,10,9,2,4,3,12,15,-3
140,La Liga,2023,9,12,727,Osasuna,10,9,3,1,5,9,14,-5
140,La Liga,2023,9,13,724,Cadiz,9,9,2,3,4,8,12,-4
140,La Liga,2023,9,14,536,Sevilla,8,9,2,2,5,13,13,0
140,La Liga,2023,9,15,798,Mallorca,8,9,1,5,3,12,15,-3
140,La Liga,2023,9,16,533,Villarreal,8,9,2,2,5,11,15,-4
140,La Liga,2023,9,17,542,Alaves,8,9,2,2,5,7,13,-6
140,La Liga,2023,9,18,538,Celta Vigo,6,9,1,3,5,10,15,-5
140,La Liga,2023,9,19,715,Granada CF,6,9,1,3,5,15,23,-8
140,La Liga,2023,9,20,723,Almeria,3,9,0,3,6,11,24,-13
140,La Liga,2023,10,1,530,Atletico Madrid,25,10,8,1,1,24,8,16
140,La Liga,2023,10,2,541,Real Madrid,25,10,8,1,1,21,7,14
140,La Liga,2023,10,3,547,Girona,25,10,8,1,1,24,13,11
140,La Liga,2023,10,4,529,Barcelona,24,10,7,3,0,22,10,12
140,La Liga,2023,10,5,548,Real Sociedad,18,10,5,3,2,18,12,6
140,La Liga,2023,10,6,531,Athletic Club,17,10,5,2,3,16,10,6
140,La Liga,2023,10,7,728,Rayo Vallecano,16,10,4,4,2,12,13,-1
140,La Liga,2023,10,8,532,Valencia,14,10,4,2,4,12,11,1
140,La Liga,2023,10,9,543,Real Betis,14,10,3,5,2,12,14,-2
140,La Liga,2023,10,10,727,Osasuna,13,10,4,1,5,11,14,-3
140,La Liga,2023,10,11,546,Getafe,11,10,2,5,3,13,16,-3
140,La Liga,2023,10,12,534,Las Palmas,11,10,3,2,5,6,9,-3
140,La Liga,2023,10,13,536,Sevilla,9,10,2,3,5,14,14,0
140,La Liga,2023,10,14,533,Villarreal,9,10,2,3,5,12,16,-4
140,La Liga,2023,10,15,724,Cadiz,9,10,2,3,5,8,14,-6
140,La Liga,2023,10,16,542,Alaves,9,10,2,3,5,8,14,-6
140,La Liga,2023,10,17,798,Mallorca,8,10,1,5,4,12,16,-4
140,La Liga,2023,10,18,538,Celta Vigo,6,10,1,3,6,10,18,-8
140,La Liga,2023,10,19,715,Granada CF,6,10,1,3,6,15,25,-10
140,La Liga,2023,10,20,723,Almeria,3,10,0,3,7,13,29,-16
140,La Liga,2023,11,1,530,Atletico Madrid,28,11,9,1,1,26,9,17
140,La Liga,2023,11,2,541,Real Madrid,28,11,9,1,1,23,8,15
140,La Liga,2023,11,3,547,Girona,28,11,9,1,1,25,13,12
140,La Liga,2023,11,4,529,Barcelona,24,11,7,3,1,23,12,11
140,La Liga,2023,11,5,548,Real Sociedad,19,11,5,4,2,20,14,6
140,La Liga,2023,11,6,531,Athletic Club,18,11,5,3,3,18,12,6
140,La Liga,2023,11,7,728,Rayo Vallecano,17,11,4,5,2,14,15,-1
140,La Liga,2023,11,8,543,Real Betis,17,11,4,5,2,14,15,-1
140,La Liga,2023,11,9,532,Valencia,15,11,4,3,4,14,13,1
140,La Liga,2023,11,10,534,Las Palmas,14,11,4,2,5,8,10,-2
140,La Liga,2023,11,11,727,Osasuna,13,11,4,1,6,12,16,-4
140,La Liga,2023,11,12,533,Villarreal,12,11,3,3,5,15,18,-3
140,La Liga,2023,11,13,546,Getafe,12,11,2,6,3,13,16,-3
140,La Liga,2023,11,14,536,Sevilla,10,11,2,4,5,16,16,0
140,La Liga,2023,11,15,724,Cadiz,10,11,2,4,5,10,16,-6
140,La Liga,2023,11,16,798,Mallorca,9,11,1,6,4,12,16,-4
140,La Liga,2023,11,17,542,Alaves,9,11,2,3,6,9,16,-7
140,La Liga,2023,11,18,538,Celta Vigo,6,11,1,3,7,10,19,-9
140,La Liga,2023,11,19,715,Granada CF,6,11,1,3,7,17,28,-11
140,La Liga,2023,11,20,723,Almeria,3,11,0,3,8,14,31,-17
140,La Liga,2023,12,1,547,Girona,31,12,10,1,1,29,15,14
140,La Liga,2023,12,2,541,Real Madrid,29,12,9,2,1,23,8,15
140,La Liga,2023,12,3,530,Atletico Madrid,28,12,9,1,2,27,11,16
140,La Liga,2023,12,4,529,Barcelona,27,12,8,3,1,24,12,12
140,La Liga,2023,12,5,531,Athletic Club,21,12,6,3,3,21,14,7
140,La Liga,2023,12,6,543,Real Betis,20,12,5,5,2,16,15,1
140,La Liga,2023,12,7,548,Real Sociedad,19,12,5,4,3,20,15,5
140,La Liga,2023,12,8,532,Valencia,18,12,5,3,4,15,13,2
140,La Liga,2023,12,9,728,Rayo Vallecano,18,12,4,6,2,14,15,-1
140,La Liga,2023,12,10,534,Las Palmas,17,12,5,2,5,10,11,-1
140,La Liga,2023,12,11,546,Getafe,15,12,3,6,3,14,16,-2
140,La Liga,2023,12,12,727,Osasuna,13,12,4,1,7,14,20,-6
140,La Liga,2023,12,13,533,Villarreal,12,12,3,3,6,17,21,-4
140,La Liga,2023,12,14,542,Alaves,12,12,3,3,6,10,16,-6
140,La Liga,2023,12,15,536,Sevilla,11,12,2,5,5,17,17,0
140,La Liga,2023,12,16,724,Cadiz,10,12,2,4,6,10,17,-7
140,La Liga,2023,12,17,798,Mallorca,9,12,1,6,5,12,18,-6
140,La Liga,2023,12,18,538,Celta Vigo,7,12,1,4,7,11,20,-9
140,La Liga,2023,12,19,715,Granada CF,6,12,1,3,8,17,29,-12
140,La Liga,2023,12,20,723,Almeria,3,12,0,3,9,14,32,-18
140,La Liga,2023,13,1,547,Girona,34,13,11,1,1,31,16,15
140,La Liga,2023,13,2,541,Real Madrid,32,13,10,2,1,28,9,19
140,La Liga,2023,13,3,530,Atletico Madrid,31,13,10,1,2,30,12,18
140,La Liga,2023,13,4,529,Barcelona,30,13,9,3,1,26,13,13
140,La Liga,2023,13,5,531,Athletic Club,24,13,7,3,3,25,17,8
140,La Liga,2023,13,6,548,Real Sociedad,22,13,6,4,3,23,16,7
140,La Liga,2023,13,7,543,Real Betis,21,13,5,6,2,17,16,1
140,La Liga,2023,13,8,534,Las Palmas,18,13,5,3,5,11,12,-1
140,La Liga,2023,13,9,532,Valencia,18,13,5,3,5,16,18,-2
140,La Liga,2023,13,10,728,Rayo Vallecano,18,13,4,6,3,15,17,-2
140,La Liga,2023,13,11,546,Getafe,16,13,3,7,3,15,17,-2
140,La Liga,2023,13,12,727,Osasuna,14,13,4,2,7,15,21,-6
140,La Liga,2023,13,13,536,Sevilla,12,13,2,6,5,18,18,0
140,La Liga,2023,13,14,533,Villarreal,12,13,3,3,7,18,24,-6
140,La Liga,2023,13,15,542,Alaves,12,13,3,3,7,11,18,-7
140,La Liga,2023,13,16,724,Cadiz,11,13,2,5,6,11,18,-7
140,La Liga,2023,13,17,798,Mallorca,10,13,1,7,5,13,19,-6
140,La Liga,2023,13,18,538,Celta Vigo,7,13,1,4,8,14,24,-10
140,La Liga,2023,13,19,715,Granada CF,7,13,1,4,8,18,30,-12
140,La Liga,2023,13,20,723,Almeria,3,13,0,3,10,15,35,-20
140,La Liga,2023,14,1,541,Real Madrid,35,14,11,2,1,31,9,22
140,La Liga,2023,14,2,547,Girona,35,14,11,2,1,32,17,15
140,La Liga,2023,14,3,530,Atletico Madrid,34,14,11,1,2,31,12,19
140,La Liga,2023,14,4,529,Barcelona,31,14,9,4,1,27,14,13
140,La Liga,2023,14,5,531,Athletic Club,25,14,7,4,3,26,18,8
140,La Liga,2023,14,6,548,Real Sociedad,25,14,7,4,3,25,17,8
140,La Liga,2023,14,7,543,Real Betis,24,14,6,6,2,18,16,2
140,La Liga,2023,14,8,546,Getafe,19,14,4,7,3,17,18,-1
140,La Liga,2023,14,9,728,Rayo Vallecano,19,14,4,7,3,16,18,-2
140,La Liga,2023,14,10,532,Valencia,19,14,5,4,5,16,18,-2
140,La Liga,2023,14,11,534,Las Palmas,18,14,5,3,6,11,13,-2
140,La Liga,2023,14,12,533,Villarreal,15,14,4,3,7,21,25,-4
140,La Liga,2023,14,13,542,Alaves,15,14,4,3,7,14,19,-5
140,La Liga,2023,14,14,727,Osasuna,14,14,4,2,8,16,24,-8
140,La Liga,2023,14,15,536,Sevilla,12,14,2,6,6,19,20,-1
140,La Liga,2023,14,16,724,Cadiz,11,14,2,5,7,11,21,-10
140,La Liga,2023,14,17,798,Mallorca,10,14,1,7,6,13,20,-7
140,La Liga,2023,14,18,538,Celta Vigo,8,14,1,5,8,14,24,-10
140,La Liga,2023,14,19,715,Granada CF,7,14,1,4,9,19,33,-14
140,La Liga,2023,14,20,723,Almeria,3,14,0,3,11,16,37,-21
140,La Liga,2023,15,1,541,Real Madrid,38,15,12,2,1,33,9,24
140,La Liga,2023,15,2,547,Girona,38,15,12,2,1,34,18,16
140,La Liga,2023,15,3,530,Atletico Madrid,34,15,11,1,3,31,13,18
140,La Liga,2023,15,4,529,Barcelona,34,15,10,4,1,28,14,14
140,La Liga,2023,15,5,531,Athletic Club,28,15,8,4,3,30,18,12
140,La Liga,2023,15,6,548,Real Sociedad,26,15,7,5,3,26,18,8
140,La Liga,2023,15,7,543,Real Betis,25,15,6,7,2,18,16,2
140,La Liga,2023,15,8,534,Las Palmas,21,15,6,3,6,13,13,0
140,La Liga,2023,15,9,532,Valencia,19,15,5,4,6,17,20,-3
140,La Liga,2023,15,10,546,Getafe,19,15,4,7,4,17,20,-3
140,La Liga,2023,15,11,728,Rayo Vallecano,19,15,4,7,4,16,22,-6
140,La Liga,2023,15,12,533,Villarreal,16,15,4,4,7,22,26,-4
140,La Liga,2023,15,13,542,Alaves,16,15,4,4,7,14,19,-5
140,La Liga,2023,15,14,727,Osasuna,15,15,4,3,8,17,25,-8
140,La Liga,2023,15,15,536,Sevilla,13,15,2,7,6,20,21,-1
140,La Liga,2023,15,16,724,Cadiz,12,15,2,6,7,12,22,-10
140,La Liga,2023,15,17,798,Mallorca,11,15,1,8,6,13,20,-7
140,La Liga,2023,15,18,538,Celta Vigo,9,15,1,6,8,15,25,-10
140,La Liga,2023,15,19,715,Granada CF,7,15,1,4,10,19,35,-16
140,La Liga,2023,15,20,723,Almeria,4,15,0,4,11,16,37,-21
140,La Liga,2023,16,1,547,Girona,41,16,13,2,1,38,20,18
140,La Liga,2023,16,2,541,Real Madrid,39,16,12,3,1,34,10,24
140,La Liga,2023,16,3,530,Atletico Madrid,37,16,12,1,3,33,14,19
140,La Liga,2023,16,4,529,Barcelona,34,16,10,4,2,30,18,12
140,La Liga,2023,16,5,531,Athletic Club,29,16,8,5,3,31,19,12
140,La Liga,2023,16,6,548,Real Sociedad,29,16,8,5,3,29,18,11
140,La Liga,2023,16,7,543,Real Betis,26,16,6,8,2,19,17,2
140,La Liga,2023,16,8,534,Las Palmas,24,16,7,3,6,14,13,1
140,La Liga,2023,16,9,546,Getafe,22,16,5,7,4,18,20,-2
140,La Liga,2023,16,10,728,Rayo Vallecano,20,16,4,8,4,16,22,-6
140,La Liga,2023,16,11,532,Valencia,19,16,5,4,7,17,21,-4
140,La Liga,2023,16,12,542,Alaves,16,16,4,4,8,14,20,-6
140,La Liga,2023,16,13,533,Villarreal,16,16,4,4,8,22,29,-7
140,La Liga,2023,16,14,727,Osasuna,16,16,4,4,8,18,26,-8
140,La Liga,2023,16,15,798,Mallorca,14,16,2,8,6,14,20,-6
140,La Liga,2023,16,16,536,Sevilla,13,16,2,7,7,20,22,-2
140,La Liga,2023,16,17,724,Cadiz,13,16,2,7,7,13,23,-10
140,La Liga,2023,16,18,538,Celta Vigo,10,16,1,7,8,15,25,-10
140,La Liga,2023,16,19,715,Granada CF,8,16,1,5,10,20,36,-16
140,La Liga,2023,16,20,723,Almeria,4,16,0,4,12,17,39,-22
140,La Liga,2023,17,1,547,Girona,44,17,14,2,1,41,20,21
140,La Liga,2023,17,2,541,Real Madrid,42,17,13,3,1,38,11,27
140,La Liga,2023,17,3,530,Atletico Madrid,37,17,12,1,4,33,16,17
140,La Liga,2023,17,4,529,Barcelona,35,17,10,5,2,31,19,12
140,La Liga,2023,17,5,531,Athletic Club,32,17,9,5,3,33,19,14
140,La Liga,2023,17,6,548,Real Sociedad,30,17,8,6,3,29,18,11
140,La Liga,2023,17,7,543,Real Betis,27,17,6,9,2,19,17,2
140,La Liga,2023,17,8,546,Getafe,25,17,6,7,4,21,20,1
140,La Liga,2023,17,9,534,Las Palmas,25,17,7,4,6,15,14,1
140,La Liga,2023,17,10,532,Valencia,20,17,5,5,7,18,22,-4
140,La Liga,2023,17,11,728,Rayo Vallecano,20,17,4,8,5,16,23,-7
140,La Liga,2023,17,12,727,Osasuna,19,17,5,4,8,19,26,-7
140,La Liga,2023,17,13,542,Alaves,16,17,4,4,9,14,23,-9
140,La Liga,2023,17,14,533,Villarreal,16,17,4,4,9,23,33,-10
140,La Liga,2023,17,15,798,Mallorca,15,17,2,9,6,14,20,-6
140,La Liga,2023,17,16,724,Cadiz,14,17,2,8,7,14,24,-10
140,La Liga,2023,17,17,536,Sevilla,13,17,2,7,8,20,25,-5
140,La Liga,2023,17,18,538,Celta Vigo,13,17,2,7,8,16,25,-9
140,La Liga,2023,17,19,715,Granada CF,8,17,1,5,11,20,37,-17
140,La Liga,2023,17,20,723,Almeria,5,17,0,5,12,17,39,-22
140,La Liga,2023,18,1,541,Real Madrid,45,18,14,3,1,39,11,28
140,La Liga,2023,18,2,547,Girona,45,18,14,3,1,42,21,21
140,La Liga,2023,18,3,530,Atletico Madrid,38,18,12,2,4,36,19,17
140,La Liga,2023,18,4,529,Barcelona,38,18,11,5,2,34,21,13
140,La Liga,2023,18,5,531,Athletic Club,35,18,10,5,3,34,19,15
140,La Liga,2023,18,6,548,Real Sociedad,31,18,8,7,3,29,18,11
140,La Liga,2023,18,7,543,Real Betis,28,18,6,10,2,20,18,2
140,La Liga,2023,18,8,546,Getafe,26,18,6,8,4,24,23,1
140,La Liga,2023,18,9,534,Las Palmas,25,18,7,4,7,15,15,0
140,La Liga,2023,18,10,532,Valencia,23,18,6,5,7,19,22,-3
140,La Liga,2023,18,11,728,Rayo Vallecano,20,18,4,8,6,16,24,-8
140,La Liga,2023,18,12,727,Osasuna,19,18,5,4,9,21,29,-8
140,La Liga,2023,18,13,533,Villarreal,19,18,5,4,9,26,35,-9
140,La Liga,2023,18,14,798,Mallorca,18,18,3,9,6,17,22,-5
140,La Liga,2023,18,15,536,Sevilla,16,18,3,7,8,23,25,-2
140,La Liga,2023,18,16,542,Alaves,16,18,4,4,10,14,24,-10
140,La Liga,2023,18,17,724,Cadiz,15,18,2,9,7,14,24,-10
140,La Liga,2023,18,18,538,Celta Vigo,13,18,2,7,9,18,28,-10
140,La Liga,2023,18,19,715,Granada CF,8,18,1,5,12,20,40,-20
140,La Liga,2023,18,20,723,Almeria,5,18,0,5,13,19,42,-23
140,La Liga,2023,19,1,541,Real Madrid,48,19,15,3,1,40,11,29
140,La Liga,2023,19,2,547,Girona,48,19,15,3,1,46,24,22
140,La Liga,2023,19,3,529,Barcelona,41,19,12,5,2,36,22,14
140,La Liga,2023,19,4,531,Athletic Club,38,19,11,5,3,36,19,17
140,La Liga,2023,19,5,530,Atletico Madrid,38,19,12,2,5,39,23,16
140,La Liga,2023,19,6,548,Real Sociedad,32,19,8,8,3,30,19,11
140,La Liga,2023,19,7,543,Real Betis,28,19,6,10,3,21,20,1
140,La Liga,2023,19,8,546,Getafe,26,19,6,8,5,24,25,-1
140,La Liga,2023,19,9,532,Valencia,26,19,7,5,7,22,23,-1
140,La Liga,2023,19,10,534,Las Palmas,25,19,7,4,8,16,17,-1
140,La Liga,2023,19,11,728,Rayo Vallecano,23,19,5,8,6,18,24,-6
140,La Liga,2023,19,12,727,Osasuna,22,19,6,4,9,22,29,-7
140,La Liga,2023,19,13,533,Villarreal,19,19,5,4,10,27,38,-11
140,La Liga,2023,19,14,798,Mallorca,18,19,3,9,7,17,23,-6
140,La Liga,2023,19,15,542,Alaves,17,19,4,5,10,15,25,-10
140,La Liga,2023,19,16,536,Sevilla,16,19,3,7,9,23,27,-4
140,La Liga,2023,19,17,538,Celta Vigo,16,19,3,7,9,20,29,-9
140,La Liga,2023,19,18,724,Cadiz,15,19,2,9,8,14,26,-12
140,La Liga,2023,19,19,715,Granada CF,11,19,2,5,12,22,40,-18
140,La Liga,2023,19,20,723,Almeria,5,19,0,5,14,19,43,-24
140,La Liga,2023,20,1,541,Real Madrid,51,20,16,3,1,42,11,31
140,La Liga,2023,20,2,547,Girona,49,20,15,4,1,46,24,22
140,La Liga,2023,20,3,529,Barcelona,44,20,13,5,2,37,22,15
140,La Liga,2023,20,4,531,Athletic Club,41,20,12,5,3,38,20,18
140,La Liga,2023,20,5,530,Atletico Madrid,41,20,13,2,5,41,24,17
140,La Liga,2023,20,6,548,Real Sociedad,32,20,8,8,4,31,21,10
140,La Liga,2023,20,7,543,Real Betis,31,20,7,10,3,22,20,2
140,La Liga,2023,20,8,532,Valencia,29,20,8,5,7,26,24,2
140,La Liga,2023,20,9,534,Las Palmas,28,20,8,4,8,19,17,2
140,La Liga,2023,20,10,546,Getafe,26,20,6,8,6,24,27,-3
140,La Liga,2023,20,11,728,Rayo Vallecano,23,20,5,8,7,19,26,-7
140,La Liga,2023,20,12,727,Osasuna,22,20,6,4,10,22,30,-8
140,La Liga,2023,20,13,542,Alaves,20,20,5,5,10,18,27,-9
140,La Liga,2023,20,14,798,Mallorca,19,20,3,10,7,18,24,-6
140,La Liga,2023,20,15,533,Villarreal,19,20,5,4,11,27,41,-14
140,La Liga,2023,20,16,538,Celta Vigo,17,20,3,8,9,21,30,-9
140,La Liga,2023,20,17,536,Sevilla,16,20,3,7,10,25,30,-5
140,La Liga,2023,20,18,724,Cadiz,15,20,2,9,9,15,30,-15
140,La Liga,2023,20,19,715,Granada CF,11,20,2,5,13,22,41,-19
140,La Liga,2023,20,20,723,Almeria,6,20,0,6,14,19,43,-24
140,La Liga,2023,21,1,541,Real Madrid,54,21,17,3,1,45,13,32
140,La Liga,2023,21,2,547,Girona,52,21,16,4,1,51,25,26
140,La Liga,2023,21,3,529,Barcelona,47,21,14,5,2,41,24,17
140,La Liga,2023,21,4,530,Atletico Madrid,44,21,14,2,5,42,24,18
140,La Liga,2023,21,5,531,Athletic Club,41,21,12,5,4,38,21,17
140,La Liga,2023,21,6,548,Real Sociedad,35,21,9,8,4,32,21,11
140,La Liga,2023,21,7,532,Valencia,32,21,9,5,7,27,24,3
140,La Liga,2023,21,8,534,Las Palmas,31,21,9,4,8,21,17,4
140,La Liga,2023,21,9,543,Real Betis,31,21,7,10,4,24,24,0
140,La Liga,2023,21,10,546,Getafe,26,21,6,8,7,26,30,-4
140,La Liga,2023,21,11,727,Osasuna,25,21,7,4,10,25,32,-7
140,La Liga,2023,21,12,542,Alaves,23,21,6,5,10,19,27,-8
140,La Liga,2023,21,13,728,Rayo Vallecano,23,21,5,8,8,19,28,-9
140,La Liga,2023,21,14,798,Mallorca,20,21,3,11,7,19,25,-6
140,La Liga,2023,21,15,533,Villarreal,20,21,5,5,11,28,42,-14
140,La Liga,2023,21,16,538,Celta Vigo,17,21,3,8,10,21,31,-10
140,La Liga,2023,21,17,536,Sevilla,16,21,3,7,11,26,35,-9
140,La Liga,2023,21,18,724,Cadiz,15,21,2,9,10,15,31,-16
140,La Liga,2023,21,19,715,Granada CF,11,21,2,5,14,22,42,-20
140,La Liga,2023,21,20,723,Almeria,6,21,0,6,15,21,46,-25
140,La Liga,2023,22,1,541,Real Madrid,57,22,18,3,1,47,14,33
140,La Liga,2023,22,2,547,Girona,55,22,17,4,1,52,25,27
140,La Liga,2023,22,3,530,Atletico Madrid,47,22,15,2,5,44,24,20
140,La Liga,2023,22,4,529,Barcelona,47,22,14,5,3,44,29,15
140,La Liga,2023,22,5,531,Athletic Club,42,22,12,6,4,38,21,17
140,La Liga,2023,22,6,548,Real Sociedad,36,22,9,9,4,32,21,11
140,La Liga,2023,22,7,543,Real Betis,34,22,8,10,4,25,24,1
140,La Liga,2023,22,8,532,Valencia,32,22,9,5,8,27,26,1
140,La Liga,2023,22,9,534,Las Palmas,31,22,9,4,9,22,19,3
140,La Liga,2023,22,10,546,Getafe,29,22,7,8,7,28,30,-2
140,La Liga,2023,22,11,542,Alaves,26,22,7,5,10,22,27,-5
140,La Liga,2023,22,12,727,Osasuna,26,22,7,5,10,26,33,-7
140,La Liga,2023,22,13,728,Rayo Vallecano,24,22,5,9,8,19,28,-9
140,La Liga,2023,22,14,533,Villarreal,23,22,6,5,11,33,45,-12
140,La Liga,2023,22,15,798,Mallorca,20,22,3,11,8,19,26,-7
140,La Liga,2023,22,16,536,Sevilla,17,22,3,8,11,27,36,-9
140,La Liga,2023,22,17,538,Celta Vigo,17,22,3,8,11,21,32,-11
140,La Liga,2023,22,18,724,Cadiz,16,22,2,10,10,15,31,-16
140,La Liga,2023,22,19,715,Granada CF,11,22,2,5,15,22,44,-22
140,La Liga,2023,22,20,723,Almeria,6,22,0,6,16,21,49,-28
140,La Liga,2023,23,1,541,Real Madrid,58,23,18,4,1,48,15,33
140,La Liga,2023,23,2,547,Girona,56,23,17,5,1,52,25,27
140,La Liga,2023,23,3,529,Barcelona,50,23,15,5,3,47,30,17
140,La Liga,2023,23,4,530,Atletico Madrid,48,23,15,3,5,45,25,20
140,La Liga,2023,23,5,531,Athletic Club,45,23,13,6,4,42,21,21
140,La Liga,2023,23,6,548,Real Sociedad,37,23,9,10,4,32,21,11
140,La Liga,2023,23,7,532,Valencia,35,23,10,5,8,29,27,2
140,La Liga,2023,23,8,543,Real Betis,35,23,8,11,4,26,25,1
140,La Liga,2023,23,9,534,Las Palmas,32,23,9,5,9,23,20,3
140,La Liga,2023,23,10,546,Getafe,30,23,7,9,7,29,31,-2
140,La Liga,2023,23,11,542,Alaves,26,23,7,5,11,23,30,-7
140,La Liga,2023,23,12,727,Osasuna,26,23,7,5,11,26,36,-10
140,La Liga,2023,23,13,728,Rayo Vallecano,24,23,5,9,9,20,30,-10
140,La Liga,2023,23,14,533,Villarreal,24,23,6,6,11,33,45,-12
140,La Liga,2023,23,15,536,Sevilla,20,23,4,8,11,29,37,-8
140,La Liga,2023,23,16,538,Celta Vigo,20,23,4,8,11,24,32,-8
140,La Liga,2023,23,17,798,Mallorca,20,23,3,11,9,19,30,-11
140,La Liga,2023,23,18,724,Cadiz,17,23,2,11,10,15,31,-16
140,La Liga,2023,23,19,715,Granada CF,12,23,2,6,15,23,45,-22
140,La Liga,2023,23,20,723,Almeria,6,23,0,6,17,22,51,-29
140,La Liga,2023,24,1,541,Real Madrid,61,24,19,4,1,52,15,37
140,La Liga,2023,24,2,547,Girona,56,24,17,5,2,52,29,23
140,La Liga,2023,24,3,529,Barcelona,51,24,15,6,3,50,33,17
140,La Liga,2023,24,4,530,Atletico Madrid,48,24,15,3,6,45,26,19
140,La Liga,2023,24,5,531,Athletic Club,46,24,13,7,4,42,21,21
140,La Liga,2023,24,6,543,Real Betis,38,24,9,11,4,28,25,3
140,La Liga,2023,24,7,548,Real Sociedad,37,24,9,10,5,32,22,10
140,La Liga,2023,24,8,534,Las Palmas,35,24,10,5,9,25,20,5
140,La Liga,2023,24,9,532,Valencia,35,24,10,5,9,29,29,0
140,La Liga,2023,24,10,546,Getafe,33,24,8,9,7,32,33,-1
140,La Liga,2023,24,11,727,Osasuna,29,24,8,5,11,27,36,-9
140,La Liga,2023,24,12,542,Alaves,27,24,7,6,11,24,31,-7
140,La Liga,2023,24,13,533,Villarreal,25,24,6,7,11,34,46,-12
140,La Liga,2023,24,14,728,Rayo Vallecano,24,24,5,9,10,21,32,-11
140,La Liga,2023,24,15,536,Sevilla,23,24,5,8,11,30,37,-7
140,La Liga,2023,24,16,798,Mallorca,23,24,4,11,9,21,31,-10
140,La Liga,2023,24,17,538,Celta Vigo,20,24,4,8,12,26,35,-9
140,La Liga,2023,24,18,724,Cadiz,17,24,2,11,11,15,33,-18
140,La Liga,2023,24,19,715,Granada CF,13,24,2,7,15,26,48,-22
140,La Liga,2023,24,20,723,Almeria,7,24,0,7,17,22,51,-29
140,La Liga,2023,25,1,541,Real Madrid,62,25,19,5,1,53,16,37
140,La Liga,2023,25,2,547,Girona,56,25,17,5,3,54,32,22
140,La Liga,2023,25,3,529,Barcelona,54,25,16,6,3,52,34,18
140,La Liga,2023,25,4,530,Atletico Madrid,51,25,16,3,6,50,26,24
140,La Liga,2023,25,5,531,Athletic Club,49,25,14,7,4,45,23,22
140,La Liga,2023,25,6,548,Real Sociedad,40,25,10,10,5,34,23,11
140,La Liga,2023,25,7,543,Real Betis,39,25,9,12,4,28,25,3
140,La Liga,2023,25,8,532,Valencia,36,25,10,6,9,29,29,0
140,La Liga,2023,25,9,534,Las Palmas,35,25,10,5,10,25,25,0
140,La Liga,2023,25,10,546,Getafe,34,25,8,10,7,33,34,-1
140,La Liga,2023,25,11,727,Osasuna,32,25,9,5,11,29,36,-7
140,La Liga,2023,25,12,542,Alaves,28,25,7,7,11,24,31,-7
140,La Liga,2023,25,13,533,Villarreal,26,25,6,8,11,35,47,-12
140,La Liga,2023,25,14,728,Rayo Vallecano,25,25,5,10,10,22,33,-11
140,La Liga,2023,25,15,536,Sevilla,24,25,5,9,11,30,37,-7
140,La Liga,2023,25,16,798,Mallorca,23,25,4,11,10,22,33,-11
140,La Liga,2023,25,17,538,Celta Vigo,20,25,4,8,13,27,37,-10
140,La Liga,2023,25,18,724,Cadiz,17,25,2,11,12,15,35,-20
140,La Liga,2023,25,19,715,Granada CF,14,25,2,8,15,27,49,-22
140,La Liga,2023,25,20,723,Almeria,8,25,0,8,17,23,52,-29
140,La Liga,2023,26,1,541,Real Madrid,65,26,20,5,1,54,16,38
140,La Liga,2023,26,2,547,Girona,59,26,18,5,3,57,32,25
140,La Liga,2023,26,3,529,Barcelona,57,26,17,6,3,56,34,22
140,La Liga,2023,26,4,530,Atletico Madrid,52,26,16,4,6,52,28,24
140,La Liga,2023,26,5,531,Athletic Club,49,26,14,7,5,46,26,20
140,La Liga,2023,26,6,543,Real Betis,42,26,10,12,4,31,26,5
140,La Liga,2023,26,7,548,Real Sociedad,40,26,10,10,6,35,26,9
140,La Liga,2023,26,8,532,Valencia,39,26,11,6,9,30,29,1
140,La Liga,2023,26,9,534,Las Palmas,36,26,10,6,10,26,26,0
140,La Liga,2023,26,10,546,Getafe,34,26,8,10,8,33,38,-5
140,La Liga,2023,26,11,727,Osasuna,33,26,9,6,11,30,37,-7
140,La Liga,2023,26,12,542,Alaves,29,26,7,8,11,25,32,-7
140,La Liga,2023,26,13,533,Villarreal,29,26,7,8,11,38,48,-10
140,La Liga,2023,26,14,728,Rayo Vallecano,25,26,5,10,11,22,36,-14
140,La Liga,2023,26,15,536,Sevilla,24,26,5,9,12,30,38,-8
140,La Liga,2023,26,16,798,Mallorca,24,26,4,12,10,23,34,-11
140,La Liga,2023,26,17,538,Celta Vigo,21,26,4,9,13,29,39,-10
140,La Liga,2023,26,18,724,Cadiz,18,26,2,12,12,17,37,-20
140,La Liga,2023,26,19,715,Granada CF,14,26,2,8,16,27,50,-23
140,La Liga,2023,26,20,723,Almeria,9,26,0,9,17,25,54,-29
140,La Liga,2023,27,1,541,Real Madrid,66,27,20,6,1,56,18,38
140,La Liga,2023,27,2,547,Girona,59,27,18,5,4,57,33,24
140,La Liga,2023,27,3,529,Barcelona,58,27,17,7,3,56,34,22
140,La Liga,2023,27,4,530,Atletico Madrid,55,27,17,4,6,54,29,25
140,La Liga,2023,27,5,531,Athletic Club,50,27,14,8,5,46,26,20
140,La Liga,2023,27,6,543,Real Betis,42,27,10,12,5,32,28,4
140,La Liga,2023,27,7,548,Real Sociedad,40,27,10,10,7,37,29,8
140,La Liga,2023,27,8,532,Valencia,40,27,11,7,9,32,31,1
140,La Liga,2023,27,9,534,Las Palmas,37,27,10,7,10,29,29,0
140,La Liga,2023,27,10,727,Osasuna,36,27,10,6,11,31,37,-6
140,La Liga,2023,27,11,546,Getafe,35,27,8,11,8,36,41,-5
140,La Liga,2023,27,12,533,Villarreal,32,27,8,8,11,43,49,-6
140,La Liga,2023,27,13,542,Alaves,29,27,7,8,12,25,33,-8
140,La Liga,2023,27,14,536,Sevilla,27,27,6,9,12,33,40,-7
140,La Liga,2023,27,15,798,Mallorca,27,27,5,12,10,24,34,-10
140,La Liga,2023,27,16,728,Rayo Vallecano,26,27,5,11,11,23,37,-14
140,La Liga,2023,27,17,538,Celta Vigo,24,27,5,9,13,30,39,-9
140,La Liga,2023,27,18,724,Cadiz,19,27,2,13,12,18,38,-20
140,La Liga,2023,27,19,715,Granada CF,14,27,2,8,17,28,55,-27
140,La Liga,2023,27,20,723,Almeria,9,27,0,9,18,25,55,-30
140,La Liga,2023,28,1,541,Real Madrid,69,28,21,6,1,60,18,42
140,La Liga,2023,28,2,547,Girona,62,28,19,5,4,59,33,26
140,La Liga,2023,28,3,529,Barcelona,61,28,18,7,3,57,34,23
140,La Liga,2023,28,4,530,Atletico Madrid,55,28,17,4,7,54,31,23
140,La Liga,2023,28,5,531,Athletic Club,53,28,15,8,5,48,26,22
140,La Liga,2023,28,6,548,Real Sociedad,43,28,11,10,7,40,31,9
140,La Liga,2023,28,7,532,Valencia,43,28,12,7,9,33,31,2
140,La Liga,2023,28,8,543,Real Betis,42,28,10,12,6,34,31,3
140,La Liga,2023,28,9,534,Las Palmas,37,28,10,7,11,29,31,-2
140,La Liga,2023,28,10,727,Osasuna,36,28,10,6,12,31,39,-8
140,La Liga,2023,28,11,533,Villarreal,35,28,9,8,11,46,51,-5
140,La Liga,2023,28,12,546,Getafe,35,28,8,11,9,36,42,-6
140,La Liga,2023,28,13,542,Alaves,32,28,8,8,12,26,33,-7
140,La Liga,2023,28,14,536,Sevilla,28,28,6,10,12,35,42,-7
140,La Liga,2023,28,15,798,Mallorca,27,28,5,12,11,24,35,-11
140,La Liga,2023,28,16,728,Rayo Vallecano,26,28,5,11,12,23,38,-15
140,La Liga,2023,28,17,538,Celta Vigo,24,28,5,9,14,30,43,-13
140,La Liga,2023,28,18,724,Cadiz,22,28,3,13,12,20,38,-18
140,La Liga,2023,28,19,715,Granada CF,14,28,2,8,18,30,58,-28
140,La Liga,2023,28,20,723,Almeria,10,28,0,10,18,27,57,-30
140,La Liga,2023,29,1,541,Real Madrid,72,29,22,6,1,64,20,44
140,La Liga,2023,29,2,529,Barcelona,64,29,19,7,3,60,34,26
140,La Liga,2023,29,3,547,Girona,62,29,19,5,5,59,34,25
140,La Liga,2023,29,4,531,Athletic Club,56,29,16,8,5,50,26,24
140,La Liga,2023,29,5,530,Atletico Madrid,55,29,17,4,8,54,34,20
140,La Liga,2023,29,6,548,Real Sociedad,46,29,12,10,7,42,31,11
140,La Liga,2023,29,7,532,Valencia,43,29,12,7,10,33,32,1
140,La Liga,2023,29,8,543,Real Betis,42,29,10,12,7,34,33,1
140,La Liga,2023,29,9,533,Villarreal,38,29,10,8,11,47,51,-4
140,La Liga,2023,29,10,546,Getafe,38,29,9,11,9,37,42,-5
140,La Liga,2023,29,11,534,Las Palmas,37,29,10,7,12,29,32,-3
140,La Liga,2023,29,12,727,Osasuna,36,29,10,6,13,33,43,-10
140,La Liga,2023,29,13,542,Alaves,32,29,8,8,13,26,35,-9
140,La Liga,2023,29,14,798,Mallorca,30,29,6,12,11,25,35,-10
140,La Liga,2023,29,15,728,Rayo Vallecano,29,29,6,11,12,25,38,-13
140,La Liga,2023,29,16,536,Sevilla,28,29,6,10,13,36,44,-8
140,La Liga,2023,29,17,538,Celta Vigo,27,29,6,9,14,32,44,-12
140,La Liga,2023,29,18,724,Cadiz,22,29,3,13,13,20,40,-20
140,La Liga,2023,29,19,715,Granada CF,14,29,2,8,19,30,59,-29
140,La Liga,2023,29,20,723,Almeria,13,29,1,10,18,28,57,-29
140,La Liga,2023,30,1,541,Real Madrid,75,30,23,6,1,66,20,46
140,La Liga,2023,30,2,529,Barcelona,67,30,20,7,3,61,34,27
140,La Liga,2023,30,3,547,Girona,65,30,20,5,5,62,36,26
140,La Liga,2023,30,4,530,Atletico Madrid,58,30,18,4,8,56,35,21
140,La Liga,2023,30,5,531,Athletic Club,56,30,16,8,6,50,28,22
140,La Liga,2023,30,6,548,Real Sociedad,49,30,13,10,7,43,31,12
140,La Liga,2023,30,7,532,Valencia,44,30,12,8,10,33,32,1
140,La Liga,2023,30,8,543,Real Betis,42,30,10,12,8,36,36,0
140,La Liga,2023,30,9,727,Osasuna,39,30,11,6,13,36,43,-7
140,La Liga,2023,30,10,533,Villarreal,38,30,10,8,12,48,53,-5
140,La Liga,2023,30,11,546,Getafe,38,30,9,11,10,37,43,-6
140,La Liga,2023,30,12,534,Las Palmas,37,30,10,7,13,29,33,-4
140,La Liga,2023,30,13,542,Alaves,32,30,8,8,14,26,36,-10
140,La Liga,2023,30,14,536,Sevilla,31,30,7,10,13,37,44,-7
140,La Liga,2023,30,15,798,Mallorca,31,30,6,13,11,25,35,-10
140,La Liga,2023,30,16,728,Rayo Vallecano,30,30,6,12,12,25,38,-13
140,La Liga,2023,30,17,538,Celta Vigo,28,30,6,10,14,32,44,-12
140,La Liga,2023,30,18,724,Cadiz,25,30,4,13,13,21,40,-19
140,La Liga,2023,30,19,715,Granada CF,14,30,2,8,20,30,60,-30
140,La Liga,2023,30,20,723,Almeria,13,30,1,10,19,28,60,-32
140,La Liga,2023,31,1,541,Real Madrid,78,31,24,6,1,67,20,47
140,La Liga,2023,31,2,529,Barcelona,70,31,21,7,3,62,34,28
140,La Liga,2023,31,3,547,Girona,65,31,20,5,6,63,39,24
140,La Liga,2023,31,4,530,Atletico Madrid,61,31,19,4,8,59,36,23
140,La Liga,2023,31,5,531,Athletic Club,57,31,16,9,6,51,29,22
140,La Liga,2023,31,6,548,Real Sociedad,50,31,13,11,7,45,33,12
140,La Liga,2023,31,7,532,Valencia,47,31,13,8,10,34,32,2
140,La Liga,2023,31,8,543,Real Betis,45,31,11,12,8,38,37,1
140,La Liga,2023,31,9,533,Villarreal,39,31,10,9,12,49,54,-5
140,La Liga,2023,31,10,546,Getafe,39,31,9,12,10,37,43,-6
140,La Liga,2023,31,11,727,Osasuna,39,31,11,6,14,36,44,-8
140,La Liga,2023,31,12,534,Las Palmas,37,31,10,7,14,29,35,-6
140,La Liga,2023,31,13,536,Sevilla,34,31,8,10,13,39,44,-5
140,La Liga,2023,31,14,542,Alaves,32,31,8,8,15,26,38,-12
140,La Liga,2023,31,15,798,Mallorca,31,31,6,13,12,25,36,-11
140,La Liga,2023,31,16,728,Rayo Vallecano,31,31,6,13,12,25,38,-13
140,La Liga,2023,31,17,538,Celta Vigo,28,31,6,10,15,33,46,-13
140,La Liga,2023,31,18,724,Cadiz,25,31,4,13,14,21,41,-20
140,La Liga,2023,31,19,715,Granada CF,17,31,3,8,20,32,60,-28
140,La Liga,2023,31,20,723,Almeria,14,31,1,11,19,30,62,-32
140,La Liga,2023,32,1,541,Real Madrid,81,32,25,6,1,70,22,48
140,La Liga,2023,32,2,529,Barcelona,70,32,21,7,4,64,37,27
140,La Liga,2023,32,3,547,Girona,68,32,21,5,6,67,40,27
140,La Liga,2023,32,4,530,Atletico Madrid,61,32,19,4,9,59,38,21
140,La Liga,2023,32,5,531,Athletic Club,58,32,16,10,6,52,30,22
140,La Liga,2023,32,6,548,Real Sociedad,51,32,13,12,7,46,34,12
140,La Liga,2023,32,7,543,Real Betis,48,32,12,12,8,40,38,2
140,La Liga,2023,32,8,532,Valencia,47,32,13,8,11,35,34,1
140,La Liga,2023,32,9,533,Villarreal,42,32,11,9,12,51,55,-4
140,La Liga,2023,32,10,546,Getafe,40,32,9,13,10,38,44,-6
140,La Liga,2023,32,11,727,Osasuna,39,32,11,6,15,37,46,-9
140,La Liga,2023,32,12,536,Sevilla,37,32,9,10,13,41,45,-4
140,La Liga,2023,32,13,534,Las Palmas,37,32,10,7,15,30,39,-9
140,La Liga,2023,32,14,542,Alaves,35,32,9,8,15,28,38,-10
140,La Liga,2023,32,15,728,Rayo Vallecano,34,32,7,13,12,27,39,-12
140,La Liga,2023,32,16,538,Celta Vigo,31,32,7,10,15,37,47,-10
140,La Liga,2023,32,17,798,Mallorca,31,32,6,13,13,26,38,-12
140,La Liga,2023,32,18,724,Cadiz,25,32,4,13,15,22,45,-23
140,La Liga,2023,32,19,715,Granada CF,18,32,3,9,20,33,61,-28
140,La Liga,2023,32,20,723,Almeria,14,32,1,11,20,31,64,-33
140,La Liga,2023,33,1,541,Real Madrid,84,33,26,6,1,71,22,49
140,La Liga,2023,33,2,529,Barcelona,73,33,22,7,4,68,39,29
140,La Liga,2023,33,3,547,Girona,71,33,22,5,6,69,40,29
140,La Liga,2023,33,4,530,Atletico Madrid,64,33,20,4,9,62,39,23
140,La Liga,2023,33,5,531,Athletic Club,58,33,16,10,7,53,33,20
140,La Liga,2023,33,6,548,Real Sociedad,51,33,13,12,8,46,35,11
140,La Liga,2023,33,7,543,Real Betis,49,33,12,13,8,41,39,2
140,La Liga,2023,33,8,532,Valencia,47,33,13,8,12,37,38,-1
140,La Liga,2023,33,9,533,Villarreal,45,33,12,9,12,54,55,-1
140,La Liga,2023,33,10,546,Getafe,43,33,10,13,10,41,45,-4
140,La Liga,2023,33,11,727,Osasuna,39,33,11,6,16,37,49,-12
140,La Liga,2023,33,12,536,Sevilla,38,33,9,11,13,42,46,-4
140,La Liga,2023,33,13,542,Alaves,38,33,10,8,15,31,38,-7
140,La Liga,2023,33,14,534,Las Palmas,37,33,10,7,16,30,41,-11
140,La Liga,2023,33,15,728,Rayo Vallecano,34,33,7,13,13,27,42,-15
140,La Liga,2023,33,16,798,Mallorca,32,33,6,14,13,27,39,-12
140,La Liga,2023,33,17,538,Celta Vigo,31,33,7,10,16,37,50,-13
140,La Liga,2023,33,18,724,Cadiz,26,33,4,14,15,23,46,-23
140,La Liga,2023,33,19,715,Granada CF,21,33,4,9,20,36,61,-25
140,La Liga,2023,33,20,723,Almeria,14,33,1,11,21,32,67,-35
140,La Liga,2023,34,1,541,Real Madrid,87,34,27,6,1,74,22,52
140,La Liga,2023,34,2,547,Girona,74,34,23,5,6,73,42,31
140,La Liga,2023,34,3,529,Barcelona,73,34,22,7,5,70,43,27
140,La Liga,2023,34,4,530,Atletico Madrid,67,34,21,4,9,63,39,24
140,La Liga,2023,34,5,531,Athletic Club,61,34,17,10,7,55,33,22
140,La Liga,2023,34,6,548,Real Sociedad,54,34,14,12,8,48,35,13
140,La Liga,2023,34,7,543,Real Betis,52,34,13,13,8,43,39,4
140,La Liga,2023,34,8,532,Valencia,47,34,13,8,13,37,39,-2
140,La Liga,2023,34,9,533,Villarreal,45,34,12,9,13,56,58,-2
140,La Liga,2023,34,10,546,Getafe,43,34,10,13,11,41,47,-6
140,La Liga,2023,34,11,536,Sevilla,41,34,10,11,13,45,46,-1
140,La Liga,2023,34,12,542,Alaves,41,34,11,8,15,32,38,-6
140,La Liga,2023,34,13,727,Osasuna,39,34,11,6,17,37,51,-14
140,La Liga,2023,34,14,534,Las Palmas,37,34,10,7,17,30,43,-13
140,La Liga,2023,34,15,538,Celta Vigo,34,34,8,10,16,40,52,-12
140,La Liga,2023,34,16,728,Rayo Vallecano,34,34,7,13,14,27,43,-16
140,La Liga,2023,34,17,798,Mallorca,32,34,6,14,14,27,40,-13
140,La Liga,2023,34,18,724,Cadiz,26,34,4,14,16,23,49,-26
140,La Liga,2023,34,19,715,Granada CF,21,34,4,9,21,36,64,-28
140,La Liga,2023,34,20,723,Almeria,17,34,2,11,21,33,67,-34
140,La Liga,2023,35,1,541,Real Madrid,90,35,28,6,1,78,22,56
140,La Liga,2023,35,2,529,Barcelona,76,35,23,7,5,72,43,29
140,La Liga,2023,35,3,547,Girona,75,35,23,6,6,75,44,31
140,La Liga,2023,35,4,530,Atletico Madrid,70,35,22,4,9,64,39,25
140,La Liga,2023,35,5,531,Athletic Club,62,35,17,11,7,57,35,22
140,La Liga,2023,35,6,543,Real Betis,55,35,14,13,8,46,41,5
140,La Liga,2023,35,7,548,Real Sociedad,54,35,14,12,9,48,37,11
140,La Liga,2023,35,8,533,Villarreal,48,35,13,9,13,59,60,-1
140,La Liga,2023,35,9,532,Valencia,48,35,13,9,13,37,39,-2
140,La Liga,2023,35,10,546,Getafe,43,35,10,13,12,41,48,-7
140,La Liga,2023,35,11,542,Alaves,42,35,11,9,15,34,40,-6
140,La Liga,2023,35,12,536,Sevilla,41,35,10,11,14,47,49,-2
140,La Liga,2023,35,13,727,Osasuna,40,35,11,7,17,39,53,-14
140,La Liga,2023,35,14,534,Las Palmas,37,35,10,7,18,30,44,-14
140,La Liga,2023,35,15,798,Mallorca,35,35,7,14,14,28,40,-12
140,La Liga,2023,35,16,728,Rayo Vallecano,35,35,7,14,14,27,43,-16
140,La Liga,2023,35,17,538,Celta Vigo,34,35,8,10,17,40,53,-13
140,La Liga,2023,35,18,724,Cadiz,29,35,5,14,16,24,49,-25
140,La Liga,2023,35,19,715,Granada CF,21,35,4,9,22,36,68,-32
140,La Liga,2023,35,20,723,Almeria,17,35,2,11,22,35,70,-35
140,La Liga,2023,36,1,541,Real Madrid,93,36,29,6,1,83,22,61
140,La Liga,2023,36,2,529,Barcelona,79,36,24,7,5,74,43,31
140,La Liga,2023,36,3,547,Girona,75,36,23,6,7,75,45,30
140,La Liga,2023,36,4,530,Atletico Madrid,73,36,23,4,9,67,39,28
140,La Liga,2023,36,5,531,Athletic Club,62,36,17,11,8,58,37,21
140,La Liga,2023,36,6,548,Real Sociedad,57,36,15,12,9,49,37,12
140,La Liga,2023,36,7,543,Real Betis,56,36,14,14,8,48,43,5
140,La Liga,2023,36,8,533,Villarreal,51,36,14,9,13,60,60,0
140,La Liga,2023,36,9,532,Valencia,48,36,13,9,14,37,40,-3
140,La Liga,2023,36,10,546,Getafe,43,36,10,13,13,41,51,-10
140,La Liga,2023,36,11,542,Alaves,42,36,11,9,16,34,45,-11
140,La Liga,2023,36,12,536,Sevilla,41,36,10,11,15,47,50,-3
140,La Liga,2023,36,13,727,Osasuna,41,36,11,8,17,40,54,-14
140,La Liga,2023,36,14,534,Las Palmas,38,36,10,8,18,32,46,-14
140,La Liga,2023,36,15,728,Rayo Vallecano,38,36,8,14,14,29,44,-15
140,La Liga,2023,36,16,538,Celta Vigo,37,36,9,10,17,42,54,-12
140,La Liga,2023,36,17,798,Mallorca,36,36,7,15,14,29,41,-12
140,La Liga,2023,36,18,724,Cadiz,32,36,6,14,16,25,49,-24
140,La Liga,2023,36,19,715,Granada CF,21,36,4,9,23,37,70,-33
140,La Liga,2023,36,20,723,Almeria,17,36,2,11,23,35,72,-37
140,La Liga,2023,37,1,541,Real Madrid,94,37,29,7,1,87,26,61
140,La Liga,2023,37,2,529,Barcelona,82,37,25,7,5,77,43,34
140,La Liga,2023,37,3,547,Girona,78,37,24,6,7,78,46,32
140,La Liga,2023,37,4,530,Atletico Madrid,73,37,23,4,10,68,43,25
140,La Liga,2023,37,5,531,Athletic Club,65,37,18,11,8,60,37,23
140,La Liga,2023,37,6,548,Real Sociedad,60,37,16,12,9,51,37,14
140,La Liga,2023,37,7,543,Real Betis,56,37,14,14,9,48,45,3
140,La Liga,2023,37,8,533,Villarreal,52,37,14,10,13,64,64,0
140,La Liga,2023,37,9,532,Valencia,48,37,13,9,15,38,43,-5
140,La Liga,2023,37,10,542,Alaves,45,37,12,9,16,35,45,-10
140,La Liga,2023,37,11,727,Osasuna,44,37,12,8,17,44,55,-11
140,La Liga,2023,37,12,546,Getafe,43,37,10,13,14,41,52,-11
140,La Liga,2023,37,13,536,Sevilla,41,37,10,11,16,47,52,-5
140,La Liga,2023,37,14,538,Celta Vigo,40,37,10,10,17,44,55,-11
140,La Liga,2023,37,15,534,Las Palmas,39,37,10,9,18,32,46,-14
140,La Liga,2023,37,16,728,Rayo Vallecano,38,37,8,14,15,29,47,-18
140,La Liga,2023,37,17,798,Mallorca,37,37,7,16,14,31,43,-12
140,La Liga,2023,37,18,724,Cadiz,33,37,6,15,16,25,49,-24
140,La Liga,2023,37,19,715,Granada CF,21,37,4,9,24,38,72,-34
140,La Liga,2023,37,20,723,Almeria,18,37,2,12,23,37,74,-37
140,La Liga,2023,38,1,541,Real Madrid,95,38,29,8,1,87,26,61
140,La Liga,2023,38,2,529,Barcelona,85,38,26,7,5,79,44,35
140,La Liga,2023,38,3,547,Girona,81,38,25,6,7,85,46,39
140,La Liga,2023,38,4,530,Atletico Madrid,76,38,24,4,10,70,43,27
140,La Liga,2023,38,5,531,Athletic Club,68,38,19,11,8,61,37,24
140,La Liga,2023,38,6,548,Real Sociedad,60,38,16,12,10,51,39,12
140,La Liga,2023,38,7,543,Real Betis,57,38,14,15,9,48,45,3
140,La Liga,2023,38,8,533,Villarreal,53,38,14,11,13,65,65,0
140,La Liga,2023,38,9,532,Valencia,49,38,13,10,15,40,45,-5
140,La Liga,2023,38,10,542,Alaves,46,38,12,10,16,36,46,-10
140,La Liga,2023,38,11,727,Osasuna,45,38,12,9,17,45,56,-11
140,La Liga,2023,38,12,546,Getafe,43,38,10,13,15,42,54,-12
140,La Liga,2023,38,13,536,Sevilla,41,38,10,11,17,48,54,-6
140,La Liga,2023,38,14,538,Celta Vigo,41,38,10,11,17,46,57,-11
140,La Liga,2023,38,15,798,Mallorca,40,38,8,16,14,33,44,-11
140,La Liga,2023,38,16,534,Las Palmas,40,38,10,10,18,33,47,-14
140,La Liga,2023,38,17,728,Rayo Vallecano,38,38,8,14,16,29,48,-19
140,La Liga,2023,38,18,724,Cadiz,33,38,6,15,17,26,55,-29
140,La Liga,2023,38,19,723,Almeria,21,38,3,12,23,43,75,-32
140,La Liga,2023,38,20,715,Granada CF,21,38,4,9,25,38,79,-41
140,La Liga,2024,1,1,538,Celta Vigo,3,1,1,0,0,2,1,1
140,La Liga,2024,1,2,529,Barcelona,3,1,1,0,0,2,1,1
140,La Liga,2024,1,3,728,Rayo Vallecano,3,1,1,0,0,2,1,1
140,La Liga,2024,1,4,720,Valladolid,3,1,1,0,0,1,0,1
140,La Liga,2024,1,5,534,Las Palmas,1,1,0,1,0,2,2,0
140,La Liga,2024,1,6,536,Sevilla,1,1,0,1,0,2,2,0
140,La Liga,2024,1,7,533,Villarreal,1,1,0,1,0,2,2,0
140,La Liga,2024,1,8,530,Atletico Madrid,1,1,0,1,0,2,2,0
140,La Liga,2024,1,9,531,Athletic Club,1,1,0,1,0,1,1,0
140,La Liga,2024,1,10,546,Getafe,1,1,0,1,0,1,1,0
140,La Liga,2024,1,11,543,Real Betis,1,1,0,1,0,1,1,0
140,La Liga,2024,1,12,547,Girona,1,1,0,1,0,1,1,0
140,La Liga,2024,1,13,727,Osasuna,1,1,0,1,0,1,1,0
140,La Liga,2024,1,14,537,Leganes,1,1,0,1,0,1,1,0
140,La Liga,2024,1,15,798,Mallorca,1,1,0,1,0,1,1,0
140,La Liga,2024,1,16,541,Real Madrid,1,1,0,1,0,1,1,0
140,La Liga,2024,1,17,542,Alaves,0,1,0,0,1,1,2,-1
140,La Liga,2024,1,18,532,Valencia,0,1,0,0,1,1,2,-1
140,La Liga,2024,1,19,548,Real Sociedad,0,1,0,0,1,1,2,-1
140,La Liga,2024,1,20,540,Espanyol,0,1,0,0,1,0,1,-1
140,La Liga,2024,2,1,538,Celta Vigo,6,2,2,0,0,5,2,3
140,La Liga,2024,2,2,529,Barcelona,6,2,2,0,0,4,2,2
140,La Liga,2024,2,3,530,Atletico Madrid,4,2,1,1,0,5,2,3
140,La Liga,2024,2,4,541,Real Madrid,4,2,1,1,0,4,1,3
140,La Liga,2024,2,5,533,Villarreal,4,2,1,1,0,4,3,1
140,La Liga,2024,2,6,537,Leganes,4,2,1,1,0,3,2,1
140,La Liga,2024,2,7,727,Osasuna,4,2,1,1,0,2,1,1
140,La Liga,2024,2,8,728,Rayo Vallecano,4,2,1,1,0,2,1,1
140,La Liga,2024,2,9,548,Real Sociedad,3,2,1,0,1,2,2,0
140,La Liga,2024,2,10,720,Valladolid,3,2,1,0,1,1,3,-2
140,La Liga,2024,2,11,546,Getafe,2,2,0,2,0,1,1,0
140,La Liga,2024,2,12,543,Real Betis,2,2,0,2,0,1,1,0
140,La Liga,2024,2,13,534,Las Palmas,1,2,0,1,1,3,4,-1
140,La Liga,2024,2,14,536,Sevilla,1,2,0,1,1,3,4,-1
140,La Liga,2024,2,15,531,Athletic Club,1,2,0,1,1,2,3,-1
140,La Liga,2024,2,16,542,Alaves,1,2,0,1,1,1,2,-1
140,La Liga,2024,2,17,798,Mallorca,1,2,0,1,1,1,2,-1
140,La Liga,2024,2,18,547,Girona,1,2,0,1,1,1,4,-3
140,La Liga,2024,2,19,540,Espanyol,0,2,0,0,2,0,2,-2
140,La Liga,2024,2,20,532,Valencia,0,2,0,0,2,2,5,-3
140,La Liga,2024,3,1,529,Barcelona,9,3,3,0,0,6,3,3
140,La Liga,2024,3,2,533,Villarreal,7,3,2,1,0,8,6,2
140,La Liga,2024,3,3,538,Celta Vigo,6,3,2,0,1,8,6,2
140,La Liga,2024,3,4,541,Real Madrid,5,3,1,2,0,5,2,3
140,La Liga,2024,3,5,530,Atletico Madrid,5,3,1,2,0,5,2,3
140,La Liga,2024,3,6,543,Real Betis,5,3,1,2,0,3,2,1
140,La Liga,2024,3,7,537,Leganes,5,3,1,2,0,3,2,1
140,La Liga,2024,3,8,547,Girona,4,3,1,1,1,5,4,1
140,La Liga,2024,3,9,531,Athletic Club,4,3,1,1,1,3,3,0
140,La Liga,2024,3,10,542,Alaves,4,3,1,1,1,3,3,0
140,La Liga,2024,3,11,728,Rayo Vallecano,4,3,1,1,1,3,3,0
140,La Liga,2024,3,12,720,Valladolid,4,3,1,1,1,1,3,-2
140,La Liga,2024,3,13,727,Osasuna,4,3,1,1,1,2,5,-3
140,La Liga,2024,3,14,548,Real Sociedad,3,3,1,0,2,3,4,-1
140,La Liga,2024,3,15,534,Las Palmas,2,3,0,2,1,4,5,-1
140,La Liga,2024,3,16,536,Sevilla,2,3,0,2,1,3,4,-1
140,La Liga,2024,3,17,546,Getafe,2,3,0,2,1,2,3,-1
140,La Liga,2024,3,18,798,Mallorca,2,3,0,2,1,1,2,-1
140,La Liga,2024,3,19,540,Espanyol,1,3,0,1,2,0,2,-2
140,La Liga,2024,3,20,532,Valencia,0,3,0,0,3,2,6,-4
140,La Liga,2024,4,1,529,Barcelona,12,4,4,0,0,13,3,10
140,La Liga,2024,4,2,541,Real Madrid,8,4,2,2,0,7,2,5
140,La Liga,2024,4,3,530,Atletico Madrid,8,4,2,2,0,6,2,4
140,La Liga,2024,4,4,533,Villarreal,8,4,2,2,0,9,7,2
140,La Liga,2024,4,5,547,Girona,7,4,2,1,1,7,4,3
140,La Liga,2024,4,6,542,Alaves,7,4,2,1,1,5,3,2
140,La Liga,2024,4,7,727,Osasuna,7,4,2,1,1,5,7,-2
140,La Liga,2024,4,8,538,Celta Vigo,6,4,2,0,2,10,9,1
140,La Liga,2024,4,9,537,Leganes,5,4,1,2,1,3,3,0
140,La Liga,2024,4,10,798,Mallorca,5,4,1,2,1,2,2,0
140,La Liga,2024,4,11,543,Real Betis,5,4,1,2,1,3,4,-1
140,La Liga,2024,4,12,728,Rayo Vallecano,4,4,1,1,2,4,5,-1
140,La Liga,2024,4,13,531,Athletic Club,4,4,1,1,2,3,4,-1
140,La Liga,2024,4,14,548,Real Sociedad,4,4,1,1,2,3,4,-1
140,La Liga,2024,4,15,540,Espanyol,4,4,1,1,2,2,3,-1
140,La Liga,2024,4,16,720,Valladolid,4,4,1,1,2,1,10,-9
140,La Liga,2024,4,17,546,Getafe,3,4,0,3,1,2,3,-1
140,La Liga,2024,4,18,534,Las Palmas,2,4,0,2,2,4,7,-3
140,La Liga,2024,4,19,536,Sevilla,2,4,0,2,2,3,6,-3
140,La Liga,2024,4,20,532,Valencia,1,4,0,1,3,3,7,-4
140,La Liga,2024,5,1,529,Barcelona,15,5,5,0,0,17,4,13
140,La Liga,2024,5,2,541,Real Madrid,11,5,3,2,0,9,2,7
140,La Liga,2024,5,3,530,Atletico Madrid,11,5,3,2,0,9,2,7
140,La Liga,2024,5,4,533,Villarreal,11,5,3,2,0,11,8,3
140,La Liga,2024,5,5,538,Celta Vigo,9,5,3,0,2,13,10,3
140,La Liga,2024,5,6,543,Real Betis,8,5,2,2,1,5,4,1
140,La Liga,2024,5,7,542,Alaves,7,5,2,1,2,7,6,1
140,La Liga,2024,5,8,728,Rayo Vallecano,7,5,2,1,2,7,6,1
140,La Liga,2024,5,9,547,Girona,7,5,2,1,2,8,8,0
140,La Liga,2024,5,10,531,Athletic Club,7,5,2,1,2,6,6,0
140,La Liga,2024,5,11,540,Espanyol,7,5,2,1,2,5,5,0
140,La Liga,2024,5,12,727,Osasuna,7,5,2,1,2,6,10,-4
140,La Liga,2024,5,13,798,Mallorca,5,5,1,2,2,3,4,-1
140,La Liga,2024,5,14,536,Sevilla,5,5,1,2,2,4,6,-2
140,La Liga,2024,5,15,537,Leganes,5,5,1,2,2,3,5,-2
140,La Liga,2024,5,16,548,Real Sociedad,4,5,1,1,3,3,6,-3
140,La Liga,2024,5,17,720,Valladolid,4,5,1,1,3,2,13,-11
140,La Liga,2024,5,18,546,Getafe,3,5,0,3,2,2,4,-2
140,La Liga,2024,5,19,534,Las Palmas,2,5,0,2,3,6,10,-4
140,La Liga,2024,5,20,532,Valencia,1,5,0,1,4,3,10,-7
140,La Liga,2024,6,1,529,Barcelona,18,6,6,0,0,22,5,17
140,La Liga,2024,6,2,541,Real Madrid,14,6,4,2,0,13,3,10
140,La Liga,2024,6,3,530,Atletico Madrid,12,6,3,3,0,10,3,7
140,La Liga,2024,6,4,533,Villarreal,11,6,3,2,1,12,13,-1
140,La Liga,2024,6,5,531,Athletic Club,10,6,3,1,2,9,7,2
140,La Liga,2024,6,6,542,Alaves,10,6,3,1,2,9,7,2
140,La Liga,2024,6,7,727,Osasuna,10,6,3,1,2,8,11,-3
140,La Liga,2024,6,8,538,Celta Vigo,9,6,3,0,3,14,13,1
140,La Liga,2024,6,9,728,Rayo Vallecano,8,6,2,2,2,8,7,1
140,La Liga,2024,6,10,543,Real Betis,8,6,2,2,2,6,6,0
140,La Liga,2024,6,11,798,Mallorca,8,6,2,2,2,5,5,0
140,La Liga,2024,6,12,547,Girona,7,6,2,1,3,8,10,-2
140,La Liga,2024,6,13,540,Espanyol,7,6,2,1,3,6,9,-3
140,La Liga,2024,6,14,537,Leganes,6,6,1,3,2,4,6,-2
140,La Liga,2024,6,15,536,Sevilla,5,6,1,2,3,5,8,-3
140,La Liga,2024,6,16,548,Real Sociedad,5,6,1,2,3,3,6,-3
140,La Liga,2024,6,17,720,Valladolid,5,6,1,2,3,2,13,-11
140,La Liga,2024,6,18,546,Getafe,4,6,0,4,2,3,5,-2
140,La Liga,2024,6,19,532,Valencia,4,6,1,1,4,5,10,-5
140,La Liga,2024,6,20,534,Las Palmas,2,6,0,2,4,7,12,-5
140,La Liga,2024,7,1,529,Barcelona,21,7,7,0,0,23,5,18
140,La Liga,2024,7,2,541,Real Madrid,17,7,5,2,0,16,5,11
140,La Liga,2024,7,3,530,Atletico Madrid,15,7,4,3,0,11,3,8
140,La Liga,2024,7,4,533,Villarreal,14,7,4,2,1,14,14,0
140,La Liga,2024,7,5,531,Athletic Club,13,7,4,1,2,11,7,4
140,La Liga,2024,7,6,798,Mallorca,11,7,3,2,2,6,5,1
140,La Liga,2024,7,7,727,Osasuna,11,7,3,2,2,8,11,-3
140,La Liga,2024,7,8,542,Alaves,10,7,3,1,3,11,10,1
140,La Liga,2024,7,9,728,Rayo Vallecano,9,7,2,3,2,8,7,1
140,La Liga,2024,7,10,538,Celta Vigo,9,7,3,0,4,14,14,0
140,La Liga,2024,7,11,543,Real Betis,9,7,2,3,2,7,7,0
140,La Liga,2024,7,12,547,Girona,8,7,2,2,3,8,10,-2
140,La Liga,2024,7,13,536,Sevilla,8,7,2,2,3,7,9,-2
140,La Liga,2024,7,14,540,Espanyol,7,7,2,1,4,7,11,-4
140,La Liga,2024,7,15,537,Leganes,6,7,1,3,3,4,8,-4
140,La Liga,2024,7,16,548,Real Sociedad,5,7,1,2,4,3,7,-4
140,La Liga,2024,7,17,532,Valencia,5,7,1,2,4,5,10,-5
140,La Liga,2024,7,18,720,Valladolid,5,7,1,2,4,3,15,-12
140,La Liga,2024,7,19,546,Getafe,4,7,0,4,3,3,6,-3
140,La Liga,2024,7,20,534,Las Palmas,3,7,0,3,4,8,13,-5
140,La Liga,2024,8,1,529,Barcelona,21,8,7,0,1,25,9,16
140,La Liga,2024,8,2,541,Real Madrid,18,8,5,3,0,17,6,11
140,La Liga,2024,8,3,533,Villarreal,17,8,5,2,1,17,15,2
140,La Liga,2024,8,4,530,Atletico Madrid,16,8,4,4,0,12,4,8
140,La Liga,2024,8,5,531,Athletic Club,14,8,4,2,2,12,8,4
140,La Liga,2024,8,6,798,Mallorca,14,8,4,2,2,8,6,2
140,La Liga,2024,8,7,727,Osasuna,14,8,4,2,2,12,13,-1
140,La Liga,2024,8,8,543,Real Betis,12,8,3,3,2,8,7,1
140,La Liga,2024,8,9,728,Rayo Vallecano,10,8,2,4,2,9,8,1
140,La Liga,2024,8,10,538,Celta Vigo,10,8,3,1,4,15,15,0
140,La Liga,2024,8,11,542,Alaves,10,8,3,1,4,11,12,-1
140,La Liga,2024,8,12,547,Girona,9,8,2,3,3,9,11,-2
140,La Liga,2024,8,13,536,Sevilla,9,8,2,3,3,8,10,-2
140,La Liga,2024,8,14,548,Real Sociedad,8,8,2,2,4,6,7,-1
140,La Liga,2024,8,15,546,Getafe,7,8,1,4,3,5,6,-1
140,La Liga,2024,8,16,537,Leganes,7,8,1,4,3,5,9,-4
140,La Liga,2024,8,17,540,Espanyol,7,8,2,1,5,7,12,-5
140,La Liga,2024,8,18,532,Valencia,5,8,1,2,5,5,13,-8
140,La Liga,2024,8,19,720,Valladolid,5,8,1,2,5,4,17,-13
140,La Liga,2024,8,20,534,Las Palmas,3,8,0,3,5,9,16,-7
140,La Liga,2024,9,1,529,Barcelona,24,9,8,0,1,28,9,19
140,La Liga,2024,9,2,541,Real Madrid,21,9,6,3,0,19,6,13
140,La Liga,2024,9,3,530,Atletico Madrid,17,9,4,5,0,13,5,8
140,La Liga,2024,9,4,533,Villarreal,17,9,5,2,2,17,17,0
140,La Liga,2024,9,5,727,Osasuna,15,9,4,3,2,13,14,-1
140,La Liga,2024,9,6,531,Athletic Club,14,9,4,2,3,13,10,3
140,La Liga,2024,9,7,798,Mallorca,14,9,4,2,3,9,8,1
140,La Liga,2024,9,8,728,Rayo Vallecano,13,9,3,4,2,11,9,2
140,La Liga,2024,9,9,538,Celta Vigo,13,9,4,1,4,16,15,1
140,La Liga,2024,9,10,543,Real Betis,12,9,3,3,3,8,8,0
140,La Liga,2024,9,11,547,Girona,12,9,3,3,3,11,12,-1
140,La Liga,2024,9,12,536,Sevilla,12,9,3,3,3,9,10,-1
140,La Liga,2024,9,13,542,Alaves,10,9,3,1,5,11,15,-4
140,La Liga,2024,9,14,540,Espanyol,10,9,3,1,5,9,13,-4
140,La Liga,2024,9,15,548,Real Sociedad,9,9,2,3,4,7,8,-1
140,La Liga,2024,9,16,546,Getafe,8,9,1,5,3,6,7,-1
140,La Liga,2024,9,17,537,Leganes,8,9,1,5,3,5,9,-4
140,La Liga,2024,9,18,532,Valencia,6,9,1,3,5,5,13,-8
140,La Liga,2024,9,19,720,Valladolid,5,9,1,2,6,5,19,-14
140,La Liga,2024,9,20,534,Las Palmas,3,9,0,3,6,9,17,-8
140,La Liga,2024,10,1,529,Barcelona,27,10,9,0,1,33,10,23
140,La Liga,2024,10,2,541,Real Madrid,24,10,7,3,0,21,7,14
140,La Liga,2024,10,3,530,Atletico Madrid,20,10,5,5,0,16,6,10
140,La Liga,2024,10,4,533,Villarreal,18,10,5,3,2,18,18,0
140,La Liga,2024,10,5,531,Athletic Club,17,10,5,2,3,17,11,6
140,La Liga,2024,10,6,798,Mallorca,17,10,5,2,3,10,8,2
140,La Liga,2024,10,7,543,Real Betis,15,10,4,3,3,10,9,1
140,La Liga,2024,10,8,727,Osasuna,15,10,4,3,3,14,16,-2
140,La Liga,2024,10,9,728,Rayo Vallecano,13,10,3,4,3,11,10,1
140,La Liga,2024,10,10,538,Celta Vigo,13,10,4,1,5,17,17,0
140,La Liga,2024,10,11,548,Real Sociedad,12,10,3,3,4,8,8,0
140,La Liga,2024,10,12,547,Girona,12,10,3,3,4,11,13,-2
140,La Liga,2024,10,13,536,Sevilla,12,10,3,3,4,10,15,-5
140,La Liga,2024,10,14,542,Alaves,10,10,3,1,6,13,18,-5
140,La Liga,2024,10,15,540,Espanyol,10,10,3,1,6,10,17,-7
140,La Liga,2024,10,16,546,Getafe,9,10,1,6,3,7,8,-1
140,La Liga,2024,10,17,537,Leganes,8,10,1,5,4,6,12,-6
140,La Liga,2024,10,18,720,Valladolid,8,10,2,2,6,8,21,-13
140,La Liga,2024,10,19,534,Las Palmas,6,10,1,3,6,12,19,-7
140,La Liga,2024,10,20,532,Valencia,6,10,1,3,6,7,16,-9
140,La Liga,2024,11,1,529,Barcelona,30,11,10,0,1,37,10,27
140,La Liga,2024,11,2,541,Real Madrid,24,11,7,3,1,21,11,10
140,La Liga,2024,11,3,533,Villarreal,21,11,6,3,2,20,19,1
140,La Liga,2024,11,4,530,Atletico Madrid,20,11,5,5,1,16,7,9
140,La Liga,2024,11,5,531,Athletic Club,18,11,5,3,3,17,11,6
140,La Liga,2024,11,6,543,Real Betis,18,11,5,3,3,11,9,2
140,La Liga,2024,11,7,798,Mallorca,18,11,5,3,3,10,8,2
140,La Liga,2024,11,8,727,Osasuna,18,11,5,3,3,16,16,0
140,La Liga,2024,11,9,728,Rayo Vallecano,16,11,4,4,3,12,10,2
140,La Liga,2024,11,10,536,Sevilla,15,11,4,3,4,12,15,-3
140,La Liga,2024,11,11,538,Celta Vigo,13,11,4,1,6,17,20,-3
140,La Liga,2024,11,12,548,Real Sociedad,12,11,3,3,5,8,10,-2
140,La Liga,2024,11,13,547,Girona,12,11,3,3,5,11,14,-3
140,La Liga,2024,11,14,537,Leganes,11,11,2,5,4,9,12,-3
140,La Liga,2024,11,15,546,Getafe,10,11,1,7,3,8,9,-1
140,La Liga,2024,11,16,542,Alaves,10,11,3,1,7,13,19,-6
140,La Liga,2024,11,17,540,Espanyol,10,11,3,1,7,10,19,-9
140,La Liga,2024,11,18,534,Las Palmas,9,11,2,3,6,13,19,-6
140,La Liga,2024,11,19,720,Valladolid,8,11,2,2,7,9,23,-14
140,La Liga,2024,11,20,532,Valencia,7,11,1,4,6,8,17,-9
140,La Liga,2024,12,1,529,Barcelona,33,12,11,0,1,40,11,29
140,La Liga,2024,12,2,541,Real Madrid,27,12,8,3,1,23,12,11
140,La Liga,2024,12,3,530,Atletico Madrid,23,12,6,5,1,18,7,11
140,La Liga,2024,12,4,533,Villarreal,22,12,6,4,2,21,20,1
140,La Liga,2024,12,5,727,Osasuna,21,12,6,3,3,17,16,1
140,La Liga,2024,12,6,531,Athletic Club,19,12,5,4,3,18,12,6
140,La Liga,2024,12,7,543,Real Betis,19,12,5,4,3,12,10,2
140,La Liga,2024,12,8,798,Mallorca,18,12,5,3,4,10,9,1
140,La Liga,2024,12,9,728,Rayo Vallecano,17,12,4,5,3,13,11,2
140,La Liga,2024,12,10,538,Celta Vigo,16,12,5,1,6,18,20,-2
140,La Liga,2024,12,11,548,Real Sociedad,15,12,4,3,5,10,10,0
140,La Liga,2024,12,12,547,Girona,15,12,4,3,5,15,17,-2
140,La Liga,2024,12,13,536,Sevilla,15,12,4,3,5,12,17,-5
140,La Liga,2024,12,14,542,Alaves,13,12,4,1,7,14,19,-5
140,La Liga,2024,12,15,537,Leganes,11,12,2,5,5,12,16,-4
140,La Liga,2024,12,16,546,Getafe,10,12,1,7,4,8,10,-2
140,La Liga,2024,12,17,540,Espanyol,10,12,3,1,8,11,22,-11
140,La Liga,2024,12,18,534,Las Palmas,9,12,2,3,7,13,21,-8
140,La Liga,2024,12,19,720,Valladolid,8,12,2,2,8,9,24,-15
140,La Liga,2024,12,20,532,Valencia,7,12,1,4,7,9,19,-10
140,La Liga,2024,13,1,529,Barcelona,33,13,11,0,2,40,12,28
140,La Liga,2024,13,2,541,Real Madrid,30,13,9,3,1,27,12,15
140,La Liga,2024,13,3,530,Atletico Madrid,26,13,7,5,1,19,7,12
140,La Liga,2024,13,4,533,Villarreal,25,13,7,4,2,24,20,4
140,La Liga,2024,13,5,727,Osasuna,21,13,6,3,4,17,20,-3
140,La Liga,2024,13,6,531,Athletic Club,20,13,5,5,3,19,13,6
140,La Liga,2024,13,7,543,Real Betis,20,13,5,5,3,14,12,2
140,La Liga,2024,13,8,548,Real Sociedad,18,13,5,3,5,11,10,1
140,La Liga,2024,13,9,798,Mallorca,18,13,5,3,5,10,10,0
140,La Liga,2024,13,10,547,Girona,18,13,5,3,5,16,17,-1
140,La Liga,2024,13,11,728,Rayo Vallecano,17,13,4,5,4,14,14,0
140,La Liga,2024,13,12,538,Celta Vigo,17,13,5,2,6,20,22,-2
140,La Liga,2024,13,13,536,Sevilla,15,13,4,3,6,12,18,-6
140,La Liga,2024,13,14,537,Leganes,14,13,3,5,5,13,16,-3
140,La Liga,2024,13,15,542,Alaves,13,13,4,1,8,14,22,-8
140,La Liga,2024,13,16,534,Las Palmas,12,13,3,3,7,16,22,-6
140,La Liga,2024,13,17,540,Espanyol,11,13,3,2,8,12,23,-11
140,La Liga,2024,13,18,546,Getafe,10,13,1,7,5,8,11,-3
140,La Liga,2024,13,19,720,Valladolid,9,13,2,3,8,10,25,-15
140,La Liga,2024,13,20,532,Valencia,8,13,1,5,7,10,20,-10
140,La Liga,2024,14,1,529,Barcelona,34,14,11,1,2,42,14,28
140,La Liga,2024,14,2,541,Real Madrid,33,14,10,3,1,30,12,18
140,La Liga,2024,14,3,530,Atletico Madrid,29,14,8,5,1,21,8,13
140,La Liga,2024,14,4,533,Villarreal,26,14,7,5,2,26,22,4
140,La Liga,2024,14,5,531,Athletic Club,23,14,6,5,3,20,13,7
140,La Liga,2024,14,6,727,Osasuna,22,14,6,4,4,19,22,-3
140,La Liga,2024,14,7,547,Girona,21,14,6,3,5,20,18,2
140,La Liga,2024,14,8,798,Mallorca,21,14,6,3,5,13,12,1
140,La Liga,2024,14,9,543,Real Betis,20,14,5,5,4,16,16,0
140,La Liga,2024,14,10,548,Real Sociedad,18,14,5,3,6,11,11,0
140,La Liga,2024,14,11,538,Celta Vigo,18,14,5,3,6,22,24,-2
140,La Liga,2024,14,12,536,Sevilla,18,14,5,3,6,13,18,-5
140,La Liga,2024,14,13,728,Rayo Vallecano,17,14,4,5,5,14,15,-1
140,La Liga,2024,14,14,537,Leganes,14,14,3,5,6,13,19,-6
140,La Liga,2024,14,15,546,Getafe,13,14,2,7,5,10,11,-1
140,La Liga,2024,14,16,542,Alaves,13,14,4,1,9,15,24,-9
140,La Liga,2024,14,17,534,Las Palmas,12,14,3,3,8,18,25,-7
140,La Liga,2024,14,18,532,Valencia,11,14,2,5,7,14,22,-8
140,La Liga,2024,14,19,540,Espanyol,11,14,3,2,9,13,27,-14
140,La Liga,2024,14,20,720,Valladolid,9,14,2,3,9,10,27,-17
140,La Liga,2024,15,1,541,Real Madrid,36,15,11,3,1,32,12,20
140,La Liga,2024,15,2,529,Barcelona,34,15,11,1,3,43,16,27
140,La Liga,2024,15,3,530,Atletico Madrid,32,15,9,5,1,26,8,18
140,La Liga,2024,15,4,533,Villarreal,27,15,7,6,2,28,24,4
140,La Liga,2024,15,5,531,Athletic Club,26,15,7,5,3,22,14,8
140,La Liga,2024,15,6,798,Mallorca,24,15,7,3,5,15,13,2
140,La Liga,2024,15,7,727,Osasuna,23,15,6,5,4,20,23,-3
140,La Liga,2024,15,8,547,Girona,22,15,6,4,5,22,20,2
140,La Liga,2024,15,9,548,Real Sociedad,21,15,6,3,6,13,11,2
140,La Liga,2024,15,10,543,Real Betis,20,15,5,5,5,16,18,-2
140,La Liga,2024,15,11,536,Sevilla,19,15,5,4,6,14,19,-5
140,La Liga,2024,15,12,538,Celta Vigo,18,15,5,3,7,23,27,-4
140,La Liga,2024,15,13,728,Rayo Vallecano,17,15,4,5,6,15,17,-2
140,La Liga,2024,15,14,534,Las Palmas,15,15,4,3,8,20,26,-6
140,La Liga,2024,15,15,537,Leganes,15,15,3,6,6,14,20,-6
140,La Liga,2024,15,16,542,Alaves,14,15,4,2,9,16,25,-9
140,La Liga,2024,15,17,540,Espanyol,14,15,4,2,9,16,28,-12
140,La Liga,2024,15,18,546,Getafe,13,15,2,7,6,10,13,-3
140,La Liga,2024,15,19,532,Valencia,11,15,2,5,8,15,24,-9
140,La Liga,2024,15,20,720,Valladolid,9,15,2,3,10,10,32,-22
140,La Liga,2024,16,1,541,Real Madrid,39,16,12,3,1,35,12,23
140,La Liga,2024,16,2,529,Barcelona,35,16,11,2,3,45,18,27
140,La Liga,2024,16,3,530,Atletico Madrid,35,16,10,5,1,30,11,19
140,La Liga,2024,16,4,531,Athletic Club,29,16,8,5,3,24,14,10
140,La Liga,2024,16,5,533,Villarreal,27,16,7,6,3,28,26,2
140,La Liga,2024,16,6,548,Real Sociedad,24,16,7,3,6,16,11,5
140,La Liga,2024,16,7,798,Mallorca,24,16,7,3,6,15,15,0
140,La Liga,2024,16,8,727,Osasuna,24,16,6,6,4,22,25,-3
140,La Liga,2024,16,9,547,Girona,22,16,6,4,6,22,23,-1
140,La Liga,2024,16,10,538,Celta Vigo,21,16,6,3,7,25,27,-2
140,La Liga,2024,16,11,543,Real Betis,21,16,5,6,5,18,20,-2
140,La Liga,2024,16,12,728,Rayo Vallecano,20,16,5,5,6,16,17,-1
140,La Liga,2024,16,13,536,Sevilla,19,16,5,4,7,17,23,-6
140,La Liga,2024,16,14,534,Las Palmas,18,16,5,3,8,22,27,-5
140,La Liga,2024,16,15,546,Getafe,16,16,3,7,6,11,13,-2
140,La Liga,2024,16,16,542,Alaves,15,16,4,3,9,18,27,-9
140,La Liga,2024,16,17,537,Leganes,15,16,3,6,7,14,23,-9
140,La Liga,2024,16,18,540,Espanyol,14,16,4,2,10,16,29,-13
140,La Liga,2024,16,19,532,Valencia,11,16,2,5,9,15,25,-10
140,La Liga,2024,16,20,720,Valladolid,9,16,2,3,11,11,34,-23
140,La Liga,2024,17,1,541,Real Madrid,40,17,12,4,1,38,15,23
140,La Liga,2024,17,2,530,Atletico Madrid,38,17,11,5,1,31,11,20
140,La Liga,2024,17,3,529,Barcelona,35,17,11,2,4,45,19,26
140,La Liga,2024,17,4,531,Athletic Club,30,17,8,6,3,25,15,10
140,La Liga,2024,17,5,533,Villarreal,27,17,7,6,4,29,28,1
140,La Liga,2024,17,6,798,Mallorca,27,17,8,3,6,17,16,1
140,La Liga,2024,17,7,548,Real Sociedad,25,17,7,4,6,16,11,5
140,La Liga,2024,17,8,727,Osasuna,25,17,6,7,4,22,25,-3
140,La Liga,2024,17,9,543,Real Betis,24,17,6,6,5,20,21,-1
140,La Liga,2024,17,10,547,Girona,22,17,6,4,7,23,25,-2
140,La Liga,2024,17,11,536,Sevilla,22,17,6,4,7,18,23,-5
140,La Liga,2024,17,12,728,Rayo Vallecano,21,17,5,6,6,19,20,-1
140,La Liga,2024,17,13,538,Celta Vigo,21,17,6,3,8,25,28,-3
140,La Liga,2024,17,14,534,Las Palmas,19,17,5,4,8,22,27,-5
140,La Liga,2024,17,15,537,Leganes,18,17,4,6,7,15,23,-8
140,La Liga,2024,17,16,546,Getafe,16,17,3,7,7,11,14,-3
140,La Liga,2024,17,17,542,Alaves,16,17,4,4,9,19,28,-9
140,La Liga,2024,17,18,540,Espanyol,15,17,4,3,10,16,29,-13
140,La Liga,2024,17,19,720,Valladolid,12,17,3,3,11,12,34,-22
140,La Liga,2024,17,20,532,Valencia,11,17,2,5,10,15,26,-11
140,La Liga,2024,18,1,541,Real Madrid,43,18,13,4,1,42,17,25
140,La Liga,2024,18,2,530,Atletico Madrid,41,18,12,5,1,33,12,21
140,La Liga,2024,18,3,529,Barcelona,35,18,11,2,5,46,21,25
140,La Liga,2024,18,4,531,Athletic Club,33,18,9,6,3,27,16,11
140,La Liga,2024,18,5,533,Villarreal,30,18,8,6,4,34,30,4
140,La Liga,2024,18,6,798,Mallorca,30,18,9,3,6,18,16,2
140,La Liga,2024,18,7,548,Real Sociedad,25,18,7,4,7,16,13,3
140,La Liga,2024,18,8,547,Girona,25,18,7,4,7,26,25,1
140,La Liga,2024,18,9,543,Real Betis,25,18,6,7,5,21,22,-1
140,La Liga,2024,18,10,727,Osasuna,25,18,6,7,5,23,27,-4
140,La Liga,2024,18,11,538,Celta Vigo,24,18,7,3,8,27,28,-1
140,La Liga,2024,18,12,728,Rayo Vallecano,22,18,5,7,6,20,21,-1
140,La Liga,2024,18,13,534,Las Palmas,22,18,6,4,8,23,27,-4
140,La Liga,2024,18,14,536,Sevilla,22,18,6,4,8,20,27,-7
140,La Liga,2024,18,15,537,Leganes,18,18,4,6,8,17,28,-11
140,La Liga,2024,18,16,542,Alaves,17,18,4,5,9,21,30,-9
140,La Liga,2024,18,17,546,Getafe,16,18,3,7,8,11,15,-4
140,La Liga,2024,18,18,540,Espanyol,15,18,4,3,11,16,30,-14
140,La Liga,2024,18,19,532,Valencia,12,18,2,6,10,17,28,-11
140,La Liga,2024,18,20,720,Valladolid,12,18,3,3,12,12,37,-25
140,La Liga,2024,19,1,530,Atletico Madrid,44,19,13,5,1,34,12,22
140,La Liga,2024,19,2,541,Real Madrid,43,19,13,4,2,43,19,24
140,La Liga,2024,19,3,529,Barcelona,38,19,12,2,5,51,22,29
140,La Liga,2024,19,4,531,Athletic Club,36,19,10,6,3,29,17,12
140,La Liga,2024,19,5,533,Villarreal,30,19,8,6,5,34,31,3
140,La Liga,2024,19,6,798,Mallorca,30,19,9,3,7,19,21,-2
140,La Liga,2024,19,7,548,Real Sociedad,28,19,8,4,7,17,13,4
140,La Liga,2024,19,8,547,Girona,28,19,8,4,7,27,25,2
140,La Liga,2024,19,9,728,Rayo Vallecano,25,19,6,7,6,22,22,0
140,La Liga,2024,19,10,543,Real Betis,25,19,6,7,6,21,23,-2
140,La Liga,2024,19,11,727,Osasuna,25,19,6,7,6,23,28,-5
140,La Liga,2024,19,12,538,Celta Vigo,24,19,7,3,9,28,30,-2
140,La Liga,2024,19,13,536,Sevilla,23,19,6,5,8,21,28,-7
140,La Liga,2024,19,14,534,Las Palmas,22,19,6,4,9,24,29,-5
140,La Liga,2024,19,15,546,Getafe,19,19,4,7,8,13,16,-3
140,La Liga,2024,19,16,537,Leganes,19,19,4,7,8,18,29,-11
140,La Liga,2024,19,17,542,Alaves,17,19,4,5,10,21,31,-10
140,La Liga,2024,19,18,540,Espanyol,16,19,4,4,11,17,31,-14
140,La Liga,2024,19,19,720,Valladolid,15,19,4,3,12,13,37,-24
140,La Liga,2024,19,20,532,Valencia,13,19,2,7,10,18,29,-11
140,La Liga,2024,20,1,541,Real Madrid,46,20,14,4,2,47,20,27
140,La Liga,2024,20,2,530,Atletico Madrid,44,20,13,5,2,34,13,21
140,La Liga,2024,20,3,529,Barcelona,39,20,12,3,5,52,23,29
140,La Liga,2024,20,4,531,Athletic Club,39,20,11,6,3,31,18,13
140,La Liga,2024,20,5,533,Villarreal,33,20,9,6,5,38,31,7
140,La Liga,2024,20,6,798,Mallorca,30,20,9,3,8,19,25,-6
140,La Liga,2024,20,7,548,Real Sociedad,28,20,8,4,8,17,14,3
140,La Liga,2024,20,8,547,Girona,28,20,8,4,8,28,27,1
140,La Liga,2024,20,9,728,Rayo Vallecano,26,20,6,8,6,23,23,0
140,La Liga,2024,20,10,727,Osasuna,26,20,6,8,6,24,29,-5
140,La Liga,2024,20,11,536,Sevilla,26,20,7,5,8,23,29,-6
140,La Liga,2024,20,12,543,Real Betis,25,20,6,7,7,22,26,-4
140,La Liga,2024,20,13,538,Celta Vigo,24,20,7,3,10,29,32,-3
140,La Liga,2024,20,14,534,Las Palmas,22,20,6,4,10,25,33,-8
140,La Liga,2024,20,15,537,Leganes,22,20,5,7,8,19,29,-10
140,La Liga,2024,20,16,546,Getafe,20,20,4,8,8,14,17,-3
140,La Liga,2024,20,17,542,Alaves,20,20,5,5,10,24,32,-8
140,La Liga,2024,20,18,540,Espanyol,19,20,5,4,11,19,32,-13
140,La Liga,2024,20,19,532,Valencia,16,20,3,7,10,19,29,-10
140,La Liga,2024,20,20,720,Valladolid,15,20,4,3,13,14,39,-25
140,La Liga,2024,21,1,541,Real Madrid,49,21,15,4,2,50,20,30
140,La Liga,2024,21,2,530,Atletico Madrid,45,21,13,6,2,35,14,21
140,La Liga,2024,21,3,529,Barcelona,42,21,13,3,5,59,24,35
140,La Liga,2024,21,4,531,Athletic Club,40,21,11,7,3,31,18,13
140,La Liga,2024,21,5,533,Villarreal,34,21,9,7,5,39,32,7
140,La Liga,2024,21,6,798,Mallorca,30,21,9,3,9,19,26,-7
140,La Liga,2024,21,7,728,Rayo Vallecano,29,21,7,8,6,25,24,1
140,La Liga,2024,21,8,547,Girona,28,21,8,4,9,29,29,0
140,La Liga,2024,21,9,548,Real Sociedad,28,21,8,4,9,17,17,0
140,La Liga,2024,21,10,543,Real Betis,28,21,7,7,7,23,26,-3
140,La Liga,2024,21,11,727,Osasuna,27,21,6,9,6,25,30,-5
140,La Liga,2024,21,12,536,Sevilla,27,21,7,6,8,24,30,-6
140,La Liga,2024,21,13,538,Celta Vigo,25,21,7,4,10,30,33,-3
140,La Liga,2024,21,14,546,Getafe,23,21,5,8,8,17,17,0
140,La Liga,2024,21,15,534,Las Palmas,23,21,6,5,10,26,34,-8
140,La Liga,2024,21,16,537,Leganes,23,21,5,8,8,19,29,-10
140,La Liga,2024,21,17,542,Alaves,21,21,5,6,10,25,33,-8
140,La Liga,2024,21,18,540,Espanyol,20,21,5,5,11,20,33,-13
140,La Liga,2024,21,19,532,Valencia,16,21,3,7,11,20,36,-16
140,La Liga,2024,21,20,720,Valladolid,15,21,4,3,14,14,42,-28
140,La Liga,2024,22,1,541,Real Madrid,49,22,15,4,3,50,21,29
140,La Liga,2024,22,2,530,Atletico Madrid,48,22,14,6,2,37,14,23
140,La Liga,2024,22,3,529,Barcelona,45,22,14,3,5,60,24,36
140,La Liga,2024,22,4,531,Athletic Club,41,22,11,8,3,33,20,13
140,La Liga,2024,22,5,533,Villarreal,37,22,10,7,5,44,33,11
140,La Liga,2024,22,6,728,Rayo Vallecano,32,22,8,8,6,26,24,2
140,La Liga,2024,22,7,547,Girona,31,22,9,4,9,31,30,1
140,La Liga,2024,22,8,727,Osasuna,30,22,7,9,6,27,31,-4
140,La Liga,2024,22,9,798,Mallorca,30,22,9,3,10,19,28,-9
140,La Liga,2024,22,10,543,Real Betis,29,22,7,8,7,25,28,-3
140,La Liga,2024,22,11,548,Real Sociedad,28,22,8,4,10,18,19,-1
140,La Liga,2024,22,12,536,Sevilla,28,22,7,7,8,24,30,-6
140,La Liga,2024,22,13,538,Celta Vigo,25,22,7,4,11,31,35,-4
140,La Liga,2024,22,14,546,Getafe,24,22,5,9,8,17,17,0
140,La Liga,2024,22,15,534,Las Palmas,23,22,6,5,11,27,36,-9
140,La Liga,2024,22,16,537,Leganes,23,22,5,8,9,19,30,-11
140,La Liga,2024,22,17,540,Espanyol,23,22,6,5,11,21,33,-12
140,La Liga,2024,22,18,542,Alaves,21,22,5,6,11,25,34,-9
140,La Liga,2024,22,19,532,Valencia,19,22,4,7,11,22,37,-15
140,La Liga,2024,22,20,720,Valladolid,15,22,4,3,15,15,47,-32
140,La Liga,2024,23,1,541,Real Madrid,50,23,15,5,3,51,22,29
140,La Liga,2024,23,2,530,Atletico Madrid,49,23,14,7,2,38,15,23
140,La Liga,2024,23,3,529,Barcelona,48,23,15,3,5,64,25,39
140,La Liga,2024,23,4,531,Athletic Club,44,23,12,8,3,36,20,16
140,La Liga,2024,23,5,533,Villarreal,40,23,11,7,5,46,34,12
140,La Liga,2024,23,6,728,Rayo Vallecano,35,23,9,8,6,27,24,3
140,La Liga,2024,23,7,548,Real Sociedad,31,23,9,4,10,20,20,0
140,La Liga,2024,23,8,547,Girona,31,23,9,4,10,31,33,-2
140,La Liga,2024,23,9,727,Osasuna,31,23,7,10,6,28,32,-4
140,La Liga,2024,23,10,798,Mallorca,31,23,9,4,10,20,29,-9
140,La Liga,2024,23,11,543,Real Betis,29,23,7,8,8,27,31,-4
140,La Liga,2024,23,12,538,Celta Vigo,28,23,8,4,11,34,37,-3
140,La Liga,2024,23,13,536,Sevilla,28,23,7,7,9,25,34,-9
140,La Liga,2024,23,14,546,Getafe,27,23,6,9,8,18,17,1
140,La Liga,2024,23,15,534,Las Palmas,23,23,6,5,12,28,38,-10
140,La Liga,2024,23,16,540,Espanyol,23,23,6,5,12,22,35,-13
140,La Liga,2024,23,17,537,Leganes,23,23,5,8,10,19,32,-13
140,La Liga,2024,23,18,532,Valencia,22,23,5,7,11,24,37,-13
140,La Liga,2024,23,19,542,Alaves,21,23,5,6,12,25,35,-10
140,La Liga,2024,23,20,720,Valladolid,15,23,4,3,16,15,48,-33
140,La Liga,2024,24,1,529,Barcelona,51,24,16,3,5,65,25,40
140,La Liga,2024,24,2,541,Real Madrid,51,24,15,6,3,52,23,29
140,La Liga,2024,24,3,530,Atletico Madrid,50,24,14,8,2,39,16,23
140,La Liga,2024,24,4,531,Athletic Club,45,24,12,9,3,37,21,16
140,La Liga,2024,24,5,533,Villarreal,41,24,11,8,5,47,35,12
140,La Liga,2024,24,6,728,Rayo Vallecano,35,24,9,8,7,27,25,2
140,La Liga,2024,24,7,798,Mallorca,34,24,10,4,10,23,30,-7
140,La Liga,2024,24,8,543,Real Betis,32,24,8,8,8,30,31,-1
140,La Liga,2024,24,9,727,Osasuna,32,24,7,11,6,29,33,-4
140,La Liga,2024,24,10,547,Girona,31,24,9,4,11,32,35,-3
140,La Liga,2024,24,11,548,Real Sociedad,31,24,9,4,11,20,23,-3
140,La Liga,2024,24,12,536,Sevilla,31,24,8,7,9,29,34,-5
140,La Liga,2024,24,13,546,Getafe,30,24,7,9,8,20,18,2
140,La Liga,2024,24,14,538,Celta Vigo,29,24,8,5,11,35,38,-3
140,La Liga,2024,24,15,540,Espanyol,24,24,6,6,12,23,36,-13
140,La Liga,2024,24,16,537,Leganes,24,24,5,9,10,22,35,-13
140,La Liga,2024,24,17,534,Las Palmas,23,24,6,5,13,29,41,-12
140,La Liga,2024,24,18,532,Valencia,23,24,5,8,11,25,38,-13
140,La Liga,2024,24,19,542,Alaves,22,24,5,7,12,28,38,-10
140,La Liga,2024,24,20,720,Valladolid,15,24,4,3,17,15,52,-37
140,La Liga,2024,25,1,529,Barcelona,54,25,17,3,5,67,25,42
140,La Liga,2024,25,2,541,Real Madrid,54,25,16,6,3,54,23,31
140,La Liga,2024,25,3,530,Atletico Madrid,53,25,15,8,2,42,16,26
140,La Liga,2024,25,4,531,Athletic Club,48,25,13,9,3,44,22,22
140,La Liga,2024,25,5,533,Villarreal,44,25,12,8,5,48,35,13
140,La Liga,2024,25,6,728,Rayo Vallecano,35,25,9,8,8,27,26,1
140,La Liga,2024,25,7,543,Real Betis,35,25,9,8,8,32,32,0
140,La Liga,2024,25,8,798,Mallorca,35,25,10,5,10,24,31,-7
140,La Liga,2024,25,9,548,Real Sociedad,34,25,10,4,11,23,23,0
140,La Liga,2024,25,10,538,Celta Vigo,32,25,9,5,11,36,38,-2
140,La Liga,2024,25,11,536,Sevilla,32,25,8,8,9,30,35,-5
140,La Liga,2024,25,12,727,Osasuna,32,25,7,11,7,29,34,-5
140,La Liga,2024,25,13,547,Girona,31,25,9,4,12,32,37,-5
140,La Liga,2024,25,14,546,Getafe,30,25,7,9,9,21,20,1
140,La Liga,2024,25,15,540,Espanyol,27,25,7,6,12,24,36,-12
140,La Liga,2024,25,16,537,Leganes,24,25,5,9,11,22,38,-16
140,La Liga,2024,25,17,534,Las Palmas,23,25,6,5,14,29,43,-14
140,La Liga,2024,25,18,532,Valencia,23,25,5,8,12,25,41,-16
140,La Liga,2024,25,19,542,Alaves,22,25,5,7,13,28,39,-11
140,La Liga,2024,25,20,720,Valladolid,15,25,4,3,18,16,59,-43
140,La Liga,2024,26,1,529,Barcelona,57,26,18,3,5,71,25,46
140,La Liga,2024,26,2,530,Atletico Madrid,56,26,16,8,2,43,16,27
140,La Liga,2024,26,3,541,Real Madrid,54,26,16,6,4,55,25,30
140,La Liga,2024,26,4,531,Athletic Club,48,26,13,9,4,44,23,21
140,La Liga,2024,26,5,533,Villarreal,47,26,13,8,5,49,35,14
140,La Liga,2024,26,6,543,Real Betis,38,26,10,8,8,34,33,1
140,La Liga,2024,26,7,728,Rayo Vallecano,36,26,9,9,8,28,27,1
140,La Liga,2024,26,8,798,Mallorca,36,26,10,6,10,25,32,-7
140,La Liga,2024,26,9,548,Real Sociedad,34,26,10,4,12,23,27,-4
140,La Liga,2024,26,10,538,Celta Vigo,33,26,9,6,11,38,40,-2
140,La Liga,2024,26,11,727,Osasuna,33,26,7,12,7,32,37,-5
140,La Liga,2024,26,12,536,Sevilla,33,26,8,9,9,31,36,-5
140,La Liga,2024,26,13,547,Girona,32,26,9,5,12,34,39,-5
140,La Liga,2024,26,14,546,Getafe,30,26,7,9,10,21,21,0
140,La Liga,2024,26,15,540,Espanyol,27,26,7,6,13,24,37,-13
140,La Liga,2024,26,16,537,Leganes,27,26,6,9,11,23,38,-15
140,La Liga,2024,26,17,534,Las Palmas,24,26,6,6,14,30,44,-14
140,La Liga,2024,26,18,532,Valencia,24,26,5,9,12,28,44,-16
140,La Liga,2024,26,19,542,Alaves,23,26,5,8,13,29,40,-11
140,La Liga,2024,26,20,720,Valladolid,16,26,4,4,18,17,60,-43
140,La Liga,2024,27,1,529,Barcelona,60,27,19,3,5,74,25,49
140,La Liga,2024,27,2,541,Real Madrid,57,27,17,6,4,57,26,31
140,La Liga,2024,27,3,530,Atletico Madrid,56,27,16,8,3,44,18,26
140,La Liga,2024,27,4,531,Athletic Club,49,27,13,10,4,45,24,21
140,La Liga,2024,27,5,533,Villarreal,47,27,13,8,6,49,36,13
140,La Liga,2024,27,6,543,Real Betis,41,27,11,8,8,35,33,2
140,La Liga,2024,27,7,798,Mallorca,37,27,10,7,10,26,33,-7
140,La Liga,2024,27,8,728,Rayo Vallecano,36,27,9,9,9,29,29,0
140,La Liga,2024,27,9,538,Celta Vigo,36,27,10,6,11,40,41,-1
140,La Liga,2024,27,10,536,Sevilla,36,27,9,9,9,32,36,-4
140,La Liga,2024,27,11,548,Real Sociedad,34,27,10,4,13,23,28,-5
140,La Liga,2024,27,12,546,Getafe,33,27,8,9,10,23,22,1
140,La Liga,2024,27,13,547,Girona,33,27,9,6,12,35,40,-5
140,La Liga,2024,27,14,727,Osasuna,33,27,7,12,8,32,40,-8
140,La Liga,2024,27,15,540,Espanyol,28,27,7,7,13,25,38,-13
140,La Liga,2024,27,16,532,Valencia,27,27,6,9,12,30,45,-15
140,La Liga,2024,27,17,537,Leganes,27,27,6,9,12,24,40,-16
140,La Liga,2024,27,18,542,Alaves,26,27,6,8,13,30,40,-10
140,La Liga,2024,27,19,534,Las Palmas,24,27,6,6,15,30,45,-15
140,La Liga,2024,27,20,720,Valladolid,16,27,4,4,19,18,62,-44
140,La Liga,2024,28,1,529,Barcelona,63,28,20,3,5,78,27,51
140,La Liga,2024,28,2,541,Real Madrid,60,28,18,6,4,59,27,32
140,La Liga,2024,28,3,530,Atletico Madrid,56,28,16,8,4,46,22,24
140,La Liga,2024,28,4,531,Athletic Club,52,28,14,10,4,46,24,22
140,La Liga,2024,28,5,533,Villarreal,47,28,13,8,7,50,38,12
140,La Liga,2024,28,6,543,Real Betis,44,28,12,8,8,38,35,3
140,La Liga,2024,28,7,798,Mallorca,40,28,11,7,10,28,34,-6
140,La Liga,2024,28,8,538,Celta Vigo,39,28,11,6,11,41,41,0
140,La Liga,2024,28,9,728,Rayo Vallecano,37,28,9,10,9,31,31,0
140,La Liga,2024,28,10,546,Getafe,36,28,9,9,10,25,23,2
140,La Liga,2024,28,11,536,Sevilla,36,28,9,9,10,32,37,-5
140,La Liga,2024,28,12,548,Real Sociedad,35,28,10,5,13,25,30,-5
140,La Liga,2024,28,13,547,Girona,34,28,9,7,12,36,41,-5
140,La Liga,2024,28,14,727,Osasuna,33,28,7,12,9,33,42,-9
140,La Liga,2024,28,15,540,Espanyol,28,28,7,7,14,26,40,-14
140,La Liga,2024,28,16,532,Valencia,28,28,6,10,12,31,46,-15
140,La Liga,2024,28,17,542,Alaves,27,28,6,9,13,32,42,-10
140,La Liga,2024,28,18,537,Leganes,27,28,6,9,13,26,43,-17
140,La Liga,2024,28,19,534,Las Palmas,25,28,6,7,15,32,47,-15
140,La Liga,2024,28,20,720,Valladolid,16,28,4,4,20,18,63,-45
140,La Liga,2024,29,1,529,Barcelona,66,29,21,3,5,82,28,54
140,La Liga,2024,29,2,541,Real Madrid,63,29,19,6,4,62,29,33
140,La Liga,2024,29,3,530,Atletico Madrid,57,29,16,9,4,47,23,24
140,La Liga,2024,29,4,531,Athletic Club,53,29,14,11,4,46,24,22
140,La Liga,2024,29,5,533,Villarreal,50,29,14,8,7,52,39,13
140,La Liga,2024,29,6,543,Real Betis,47,29,13,8,8,40,36,4
140,La Liga,2024,29,7,728,Rayo Vallecano,40,29,10,10,9,33,31,2
140,La Liga,2024,29,8,538,Celta Vigo,40,29,11,7,11,42,42,0
140,La Liga,2024,29,9,798,Mallorca,40,29,11,7,11,28,35,-7
140,La Liga,2024,29,10,548,Real Sociedad,38,29,11,5,13,27,31,-4
140,La Liga,2024,29,11,546,Getafe,36,29,9,9,11,26,25,1
140,La Liga,2024,29,12,536,Sevilla,36,29,9,9,11,33,39,-6
140,La Liga,2024,29,13,547,Girona,34,29,9,7,13,37,45,-8
140,La Liga,2024,29,14,727,Osasuna,34,29,7,13,9,33,42,-9
140,La Liga,2024,29,15,532,Valencia,31,29,7,10,12,32,46,-14
140,La Liga,2024,29,16,540,Espanyol,29,29,7,8,14,27,41,-14
140,La Liga,2024,29,17,542,Alaves,27,29,6,9,14,32,44,-12
140,La Liga,2024,29,18,537,Leganes,27,29,6,9,14,28,46,-18
140,La Liga,2024,29,19,534,Las Palmas,26,29,6,8,15,33,48,-15
140,La Liga,2024,29,20,720,Valladolid,16,29,4,4,21,19,65,-46
140,La Liga,2024,30,1,529,Barcelona,67,30,21,4,5,83,29,54
140,La Liga,2024,30,2,541,Real Madrid,63,30,19,6,5,63,31,32
140,La Liga,2024,30,3,530,Atletico Madrid,60,30,17,9,4,49,24,25
140,La Liga,2024,30,4,531,Athletic Club,54,30,14,12,4,46,24,22
140,La Liga,2024,30,5,533,Villarreal,51,30,14,9,7,52,39,13
140,La Liga,2024,30,6,543,Real Betis,48,30,13,9,8,41,37,4
140,La Liga,2024,30,7,538,Celta Vigo,43,30,12,7,11,44,43,1
140,La Liga,2024,30,8,548,Real Sociedad,41,30,12,5,13,30,32,-2
140,La Liga,2024,30,9,728,Rayo Vallecano,40,30,10,10,10,33,35,-2
140,La Liga,2024,30,10,798,Mallorca,40,30,11,7,12,29,37,-8
140,La Liga,2024,30,11,546,Getafe,39,30,10,9,11,30,25,5
140,La Liga,2024,30,12,536,Sevilla,36,30,9,9,12,34,41,-7
140,La Liga,2024,30,13,727,Osasuna,35,30,7,14,9,34,43,-9
140,La Liga,2024,30,14,547,Girona,34,30,9,7,14,37,46,-9
140,La Liga,2024,30,15,532,Valencia,34,30,8,10,12,34,47,-13
140,La Liga,2024,30,16,540,Espanyol,32,30,8,8,14,31,41,-10
140,La Liga,2024,30,17,542,Alaves,30,30,7,9,14,33,44,-11
140,La Liga,2024,30,18,537,Leganes,28,30,6,10,14,29,47,-18
140,La Liga,2024,30,19,534,Las Palmas,26,30,6,8,16,34,51,-17
140,La Liga,2024,30,20,720,Valladolid,16,30,4,4,22,19,69,-50
140,La Liga,2024,31,1,529,Barcelona,70,31,22,4,5,84,29,55
140,La Liga,2024,31,2,541,Real Madrid,66,31,20,6,5,64,31,33
140,La Liga,2024,31,3,530,Atletico Madrid,63,31,18,9,4,53,26,27
140,La Liga,2024,31,4,531,Athletic Club,57,31,15,12,4,49,25,24
140,La Liga,2024,31,5,533,Villarreal,54,31,15,9,7,54,40,14
140,La Liga,2024,31,6,543,Real Betis,48,31,13,9,9,42,39,3
140,La Liga,2024,31,7,538,Celta Vigo,43,31,12,7,12,44,45,-1
140,La Liga,2024,31,8,798,Mallorca,43,31,12,7,12,31,37,-6
140,La Liga,2024,31,9,548,Real Sociedad,41,31,12,5,14,30,34,-4
140,La Liga,2024,31,10,728,Rayo Vallecano,40,31,10,10,11,34,38,-4
140,La Liga,2024,31,11,546,Getafe,39,31,10,9,12,31,28,3
140,La Liga,2024,31,12,727,Osasuna,38,31,8,14,9,36,44,-8
140,La Liga,2024,31,13,532,Valencia,37,31,9,10,12,35,47,-12
140,La Liga,2024,31,14,536,Sevilla,36,31,9,9,13,34,42,-8
140,La Liga,2024,31,15,540,Espanyol,35,31,9,8,14,33,41,-8
140,La Liga,2024,31,16,547,Girona,34,31,9,7,15,38,48,-10
140,La Liga,2024,31,17,542,Alaves,30,31,7,9,15,33,45,-12
140,La Liga,2024,31,18,534,Las Palmas,29,31,7,8,16,37,52,-15
140,La Liga,2024,31,19,537,Leganes,28,31,6,10,15,29,48,-19
140,La Liga,2024,31,20,720,Valladolid,16,31,4,4,23,21,73,-52
140,La Liga,2024,32,1,529,Barcelona,73,32,23,4,5,88,32,56
140,La Liga,2024,32,2,541,Real Madrid,69,32,21,6,5,65,31,34
140,La Liga,2024,32,3,530,Atletico Madrid,63,32,18,9,5,53,27,26
140,La Liga,2024,32,4,531,Athletic Club,57,32,15,12,5,49,26,23
140,La Liga,2024,32,5,533,Villarreal,55,32,15,10,7,56,42,14
140,La Liga,2024,32,6,543,Real Betis,51,32,14,9,9,45,40,5
140,La Liga,2024,32,7,798,Mallorca,44,32,12,8,12,31,37,-6
140,La Liga,2024,32,8,538,Celta Vigo,43,32,12,7,13,47,49,-2
140,La Liga,2024,32,9,548,Real Sociedad,42,32,12,6,14,32,36,-4
140,La Liga,2024,32,10,728,Rayo Vallecano,41,32,10,11,11,35,39,-4
140,La Liga,2024,32,11,727,Osasuna,41,32,9,14,9,39,46,-7
140,La Liga,2024,32,12,546,Getafe,39,32,10,9,13,31,29,2
140,La Liga,2024,32,13,540,Espanyol,38,32,10,8,14,34,41,-7
140,La Liga,2024,32,14,532,Valencia,38,32,9,11,12,36,48,-12
140,La Liga,2024,32,15,536,Sevilla,37,32,9,10,13,35,43,-8
140,La Liga,2024,32,16,547,Girona,34,32,9,7,16,39,51,-12
140,La Liga,2024,32,17,534,Las Palmas,32,32,8,8,16,38,52,-14
140,La Liga,2024,32,18,542,Alaves,31,32,7,10,15,34,46,-12
140,La Liga,2024,32,19,537,Leganes,29,32,6,11,15,29,48,-19
140,La Liga,2024,32,20,720,Valladolid,16,32,4,4,24,23,76,-53
140,La Liga,2024,33,1,529,Barcelona,76,33,24,4,5,89,32,57
140,La Liga,2024,33,2,541,Real Madrid,72,33,22,6,5,66,31,35
140,La Liga,2024,33,3,530,Atletico Madrid,66,33,19,9,5,56,27,29
140,La Liga,2024,33,4,531,Athletic Club,60,33,16,12,5,50,26,24
140,La Liga,2024,33,5,533,Villarreal,55,33,15,10,8,56,45,11
140,La Liga,2024,33,6,543,Real Betis,54,33,15,9,9,50,41,9
140,La Liga,2024,33,7,538,Celta Vigo,46,33,13,7,13,50,49,1
140,La Liga,2024,33,8,727,Osasuna,44,33,10,14,9,40,46,-6
140,La Liga,2024,33,9,798,Mallorca,44,33,12,8,13,31,38,-7
140,La Liga,2024,33,10,548,Real Sociedad,42,33,12,6,15,32,37,-5
140,La Liga,2024,33,11,728,Rayo Vallecano,41,33,10,11,12,35,42,-7
140,La Liga,2024,33,12,546,Getafe,39,33,10,9,14,31,30,1
140,La Liga,2024,33,13,540,Espanyol,39,33,10,9,14,35,42,-7
140,La Liga,2024,33,14,532,Valencia,39,33,9,12,12,37,49,-12
140,La Liga,2024,33,15,536,Sevilla,37,33,9,10,14,35,44,-9
140,La Liga,2024,33,16,547,Girona,35,33,9,8,16,40,52,-12
140,La Liga,2024,33,17,542,Alaves,34,33,8,10,15,35,46,-11
140,La Liga,2024,33,18,534,Las Palmas,32,33,8,8,17,38,53,-15
140,La Liga,2024,33,19,537,Leganes,30,33,6,12,15,30,49,-19
140,La Liga,2024,33,20,720,Valladolid,16,33,4,4,25,24,81,-57
140,La Liga,2024,34,1,529,Barcelona,79,34,25,4,5,91,33,58
140,La Liga,2024,34,2,541,Real Madrid,75,34,23,6,5,69,33,36
140,La Liga,2024,34,3,530,Atletico Madrid,67,34,19,10,5,56,27,29
140,La Liga,2024,34,4,531,Athletic Club,61,34,16,13,5,50,26,24
140,La Liga,2024,34,5,533,Villarreal,58,34,16,10,8,60,47,13
140,La Liga,2024,34,6,543,Real Betis,57,34,16,9,9,52,42,10
140,La Liga,2024,34,7,538,Celta Vigo,46,34,13,7,14,52,52,0
140,La Liga,2024,34,8,728,Rayo Vallecano,44,34,11,11,12,36,42,-6
140,La Liga,2024,34,9,727,Osasuna,44,34,10,14,10,42,50,-8
140,La Liga,2024,34,10,798,Mallorca,44,34,12,8,14,31,39,-8
140,La Liga,2024,34,11,548,Real Sociedad,43,34,12,7,15,32,37,-5
140,La Liga,2024,34,12,532,Valencia,42,34,10,12,12,40,51,-11
140,La Liga,2024,34,13,546,Getafe,39,34,10,9,15,31,31,0
140,La Liga,2024,34,14,540,Espanyol,39,34,10,9,15,36,44,-8
140,La Liga,2024,34,15,536,Sevilla,38,34,9,11,14,37,46,-9
140,La Liga,2024,34,16,547,Girona,38,34,10,8,16,41,52,-11
140,La Liga,2024,34,17,542,Alaves,35,34,8,11,15,35,46,-11
140,La Liga,2024,34,18,534,Las Palmas,32,34,8,8,18,40,56,-16
140,La Liga,2024,34,19,537,Leganes,31,34,6,13,15,32,51,-19
140,La Liga,2024,34,20,720,Valladolid,16,34,4,4,26,25,83,-58
140,La Liga,2024,35,1,529,Barcelona,82,35,26,4,5,95,36,59
140,La Liga,2024,35,2,541,Real Madrid,75,35,23,6,6,72,37,35
140,La Liga,2024,35,3,530,Atletico Madrid,70,35,20,10,5,60,27,33
140,La Liga,2024,35,4,531,Athletic Club,64,35,17,13,5,51,26,25
140,La Liga,2024,35,5,533,Villarreal,61,35,17,10,8,61,47,14
140,La Liga,2024,35,6,543,Real Betis,58,35,16,10,9,53,43,10
140,La Liga,2024,35,7,538,Celta Vigo,49,35,14,7,14,55,54,1
140,La Liga,2024,35,8,728,Rayo Vallecano,47,35,12,11,12,37,42,-5
140,La Liga,2024,35,9,798,Mallorca,47,35,13,8,14,33,40,-7
140,La Liga,2024,35,10,727,Osasuna,45,35,10,15,10,43,51,-8
140,La Liga,2024,35,11,532,Valencia,45,35,11,12,12,43,51,-8
140,La Liga,2024,35,12,548,Real Sociedad,43,35,12,7,16,32,41,-9
140,La Liga,2024,35,13,546,Getafe,39,35,10,9,16,31,34,-3
140,La Liga,2024,35,14,540,Espanyol,39,35,10,9,16,38,47,-9
140,La Liga,2024,35,15,536,Sevilla,38,35,9,11,15,39,49,-10
140,La Liga,2024,35,16,547,Girona,38,35,10,8,17,41,53,-12
140,La Liga,2024,35,17,542,Alaves,35,35,8,11,16,35,47,-12
140,La Liga,2024,35,18,537,Leganes,34,35,7,13,15,35,53,-18
140,La Liga,2024,35,19,534,Las Palmas,32,35,8,8,19,40,57,-17
140,La Liga,2024,35,20,720,Valladolid,16,35,4,4,27,26,85,-59
140,La Liga,2024,36,1,529,Barcelona,85,36,27,4,5,97,36,61
140,La Liga,2024,36,2,541,Real Madrid,78,36,24,6,6,74,38,36
140,La Liga,2024,36,3,530,Atletico Madrid,70,36,20,10,6,60,29,31
140,La Liga,2024,36,4,531,Athletic Club,67,36,18,13,5,53,26,27
140,La Liga,2024,36,5,533,Villarreal,64,36,18,10,8,64,47,17
140,La Liga,2024,36,6,543,Real Betis,59,36,16,11,9,55,45,10
140,La Liga,2024,36,7,538,Celta Vigo,52,36,15,7,14,56,54,2
140,La Liga,2024,36,8,728,Rayo Vallecano,48,36,12,12,12,39,44,-5
140,La Liga,2024,36,9,727,Osasuna,48,36,11,15,10,45,51,-6
140,La Liga,2024,36,10,798,Mallorca,47,36,13,8,15,34,42,-8
140,La Liga,2024,36,11,532,Valencia,45,36,11,12,13,43,52,-9
140,La Liga,2024,36,12,548,Real Sociedad,43,36,12,7,17,32,42,-10
140,La Liga,2024,36,13,536,Sevilla,41,36,10,11,15,40,49,-9
140,La Liga,2024,36,14,547,Girona,41,36,11,8,17,42,53,-11
140,La Liga,2024,36,15,546,Getafe,39,36,10,9,17,31,36,-5
140,La Liga,2024,36,16,540,Espanyol,39,36,10,9,17,38,49,-11
140,La Liga,2024,36,17,542,Alaves,38,36,9,11,16,36,47,-11
140,La Liga,2024,36,18,537,Leganes,34,36,7,13,16,35,56,-21
140,La Liga,2024,36,19,534,Las Palmas,32,36,8,8,20,40,58,-18
140,La Liga,2024,36,20,720,Valladolid,16,36,4,4,28,26,86,-60
140,La Liga,2024,37,1,529,Barcelona,85,37,27,4,6,99,39,60
140,La Liga,2024,37,2,541,Real Madrid,81,37,25,6,6,76,38,38
140,La Liga,2024,37,3,530,Atletico Madrid,73,37,21,10,6,64,30,34
140,La Liga,2024,37,4,531,Athletic Club,70,37,19,13,5,54,26,28
140,La Liga,2024,37,5,533,Villarreal,67,37,19,10,8,67,49,18
140,La Liga,2024,37,6,543,Real Betis,59,37,16,11,10,56,49,7
140,La Liga,2024,37,7,538,Celta Vigo,52,37,15,7,15,57,56,1
140,La Liga,2024,37,8,727,Osasuna,51,37,12,15,10,47,51,-4
140,La Liga,2024,37,9,728,Rayo Vallecano,51,37,13,12,12,41,45,-4
140,La Liga,2024,37,10,798,Mallorca,47,37,13,8,16,35,44,-9
140,La Liga,2024,37,11,548,Real Sociedad,46,37,13,7,17,35,44,-9
140,La Liga,2024,37,12,532,Valencia,45,37,11,12,14,43,53,-10
140,La Liga,2024,37,13,546,Getafe,42,37,11,9,17,33,37,-4
140,La Liga,2024,37,14,542,Alaves,41,37,10,11,16,37,47,-10
140,La Liga,2024,37,15,536,Sevilla,41,37,10,11,16,40,51,-11
140,La Liga,2024,37,16,547,Girona,41,37,11,8,18,44,56,-12
140,La Liga,2024,37,17,540,Espanyol,39,37,10,9,18,38,51,-13
140,La Liga,2024,37,18,537,Leganes,37,37,8,13,16,36,56,-20
140,La Liga,2024,37,19,534,Las Palmas,32,37,8,8,21,40,59,-19
140,La Liga,2024,37,20,720,Valladolid,16,37,4,4,29,26,87,-61
140,La Liga,2024,38,1,529,Barcelona,88,38,28,4,6,102,39,63
140,La Liga,2024,38,2,541,Real Madrid,84,38,26,6,6,78,38,40
140,La Liga,2024,38,3,530,Atletico Madrid,76,38,22,10,6,68,30,38
140,La Liga,2024,38,4,531,Athletic Club,70,38,19,13,6,54,29,25
140,La Liga,2024,38,5,533,Villarreal,70,38,20,10,8,71,51,20
140,La Liga,2024,38,6,543,Real Betis,60,38,16,12,10,57,50,7
140,La Liga,2024,38,7,538,Celta Vigo,55,38,16,7,15,59,57,2
140,La Liga,2024,38,8,727,Osasuna,52,38,12,16,10,48,52,-4
140,La Liga,2024,38,9,728,Rayo Vallecano,52,38,13,13,12,41,45,-4
140,La Liga,2024,38,10,798,Mallorca,48,38,13,9,16,35,44,-9
140,La Liga,2024,38,11,532,Valencia,46,38,11,13,14,44,54,-10
140,La Liga,2024,38,12,548,Real Sociedad,46,38,13,7,18,35,46,-11
140,La Liga,2024,38,13,546,Getafe,42,38,11,9,18,34,39,-5
140,La Liga,2024,38,14,542,Alaves,42,38,10,12,16,38,48,-10
140,La Liga,2024,38,15,540,Espanyol,42,38,11,9,18,40,51,-11
140,La Liga,2024,38,16,536,Sevilla,41,38,10,11,17,42,55,-13
140,La Liga,2024,38,17,547,Girona,41,38,11,8,19,44,60,-16
140,La Liga,2024,38,18,537,Leganes,40,38,9,13,16,39,56,-17
140,La Liga,2024,38,19,534,Las Palmas,32,38,8,8,22,40,61,-21
140,La Liga,2024,38,20,720,Valladolid,16,38,4,4,30,26,90,-64
