source,competition_code,competition_name,match_id,utc_date,matchday,home_team_id,home_team_name,away_team_id,away_team_name
football-data.org,PL,Premier League,560542,2026-08-21T19:00:00Z,1,57,Arsenal FC,1076,Coventry City FC
football-data.org,PL,Premier League,560543,2026-08-22T11:30:00Z,1,322,Hull City AFC,66,Manchester United FC
football-data.org,PL,Premier League,560544,2026-08-22T14:00:00Z,1,349,Ipswich Town FC,71,Sunderland AFC
football-data.org,PL,Premier League,560545,2026-08-22T14:00:00Z,1,351,Nottingham Forest FC,341,Leeds United FC
football-data.org,PL,Premier League,560546,2026-08-22T14:00:00Z,1,62,Everton FC,354,Crystal Palace FC
football-data.org,PL,Premier League,560547,2026-08-22T16:30:00Z,1,402,Brentford FC,73,Tottenham Hotspur FC
football-data.org,PL,Premier League,560548,2026-08-23T13:00:00Z,1,65,Manchester City FC,1044,AFC Bournemouth
football-data.org,PL,Premier League,560549,2026-08-23T13:00:00Z,1,397,Brighton & Hove Albion FC,58,Aston Villa FC
football-data.org,PL,Premier League,560550,2026-08-23T15:30:00Z,1,67,Newcastle United FC,64,Liverpool FC
football-data.org,PL,Premier League,560551,2026-08-24T19:00:00Z,1,63,Fulham FC,61,Chelsea FC
football-data.org,PL,Premier League,560555,2026-08-28T19:00:00Z,2,354,Crystal Palace FC,65,Manchester City FC
football-data.org,PL,Premier League,560552,2026-08-29T11:30:00Z,2,64,Liverpool FC,351,Nottingham Forest FC
football-data.org,PL,Premier League,560560,2026-08-29T14:00:00Z,2,1044,AFC Bournemouth,62,Everton FC
football-data.org,PL,Premier League,560561,2026-08-29T14:00:00Z,2,1076,Coventry City FC,322,Hull City AFC
football-data.org,PL,Premier League,560558,2026-08-29T16:30:00Z,2,73,Tottenham Hotspur FC,67,Newcastle United FC
football-data.org,PL,Premier League,560554,2026-08-30T13:00:00Z,2,71,Sunderland AFC,63,Fulham FC
football-data.org,PL,Premier League,560556,2026-08-30T13:00:00Z,2,61,Chelsea FC,397,Brighton & Hove Albion FC
football-data.org,PL,Premier League,560559,2026-08-30T13:00:00Z,2,341,Leeds United FC,402,Brentford FC
football-data.org,PL,Premier League,560553,2026-08-30T15:30:00Z,2,66,Manchester United FC,349,Ipswich Town FC
football-data.org,PL,Premier League,560557,2026-08-31T19:00:00Z,2,58,Aston Villa FC,57,Arsenal FC
football-data.org,PL,Premier League,560566,2026-09-04T19:00:00Z,3,349,Ipswich Town FC,64,Liverpool FC
football-data.org,PL,Premier League,560571,2026-09-05T11:30:00Z,3,67,Newcastle United FC,1044,AFC Bournemouth
football-data.org,PL,Premier League,560562,2026-09-05T14:00:00Z,3,351,Nottingham Forest FC,73,Tottenham Hotspur FC
football-data.org,PL,Premier League,560563,2026-09-05T14:00:00Z,3,65,Manchester City FC,1076,Coventry City FC
football-data.org,PL,Premier League,560564,2026-09-05T14:00:00Z,3,397,Brighton & Hove Albion FC,341,Leeds United FC
football-data.org,PL,Premier League,560565,2026-09-05T14:00:00Z,3,402,Brentford FC,71,Sunderland AFC
football-data.org,PL,Premier League,560568,2026-09-05T14:00:00Z,3,63,Fulham FC,354,Crystal Palace FC
football-data.org,PL,Premier League,560569,2026-09-05T16:30:00Z,3,322,Hull City AFC,58,Aston Villa FC
football-data.org,PL,Premier League,560567,2026-09-06T13:00:00Z,3,62,Everton FC,66,Manchester United FC
football-data.org,PL,Premier League,560570,2026-09-06T15:30:00Z,3,57,Arsenal FC,61,Chelsea FC
football-data.org,PL,Premier League,560572,2026-09-12T14:00:00Z,4,354,Crystal Palace FC,349,Ipswich Town FC
football-data.org,PL,Premier League,560573,2026-09-12T14:00:00Z,4,64,Liverpool FC,63,Fulham FC
football-data.org,PL,Premier League,560574,2026-09-12T14:00:00Z,4,58,Aston Villa FC,351,Nottingham Forest FC
football-data.org,PL,Premier League,560576,2026-09-12T14:00:00Z,4,1044,AFC Bournemouth,402,Brentford FC
football-data.org,PL,Premier League,560581,2026-09-12T14:00:00Z,4,61,Chelsea FC,322,Hull City AFC
football-data.org,PL,Premier League,560575,2026-09-12T16:30:00Z,4,73,Tottenham Hotspur FC,62,Everton FC
football-data.org,PL,Premier League,560577,2026-09-12T19:00:00Z,4,71,Sunderland AFC,57,Arsenal FC
football-data.org,PL,Premier League,560578,2026-09-13T13:00:00Z,4,1076,Coventry City FC,397,Brighton & Hove Albion FC
football-data.org,PL,Premier League,560580,2026-09-13T15:30:00Z,4,66,Manchester United FC,65,Manchester City FC
football-data.org,PL,Premier League,560579,2026-09-14T19:00:00Z,4,341,Leeds United FC,67,Newcastle United FC
football-data.org,PL,Premier League,560591,2026-09-18T19:00:00Z,5,402,Brentford FC,61,Chelsea FC
football-data.org,PL,Premier League,560587,2026-09-19T11:30:00Z,5,73,Tottenham Hotspur FC,58,Aston Villa FC
football-data.org,PL,Premier League,560584,2026-09-19T14:00:00Z,5,62,Everton FC,349,Ipswich Town FC
football-data.org,PL,Premier League,560585,2026-09-19T14:00:00Z,5,341,Leeds United FC,354,Crystal Palace FC
football-data.org,PL,Premier League,560586,2026-09-19T14:00:00Z,5,397,Brighton & Hove Albion FC,57,Arsenal FC
football-data.org,PL,Premier League,560588,2026-09-19T14:00:00Z,5,67,Newcastle United FC,322,Hull City AFC
football-data.org,PL,Premier League,560590,2026-09-19T14:00:00Z,5,65,Manchester City FC,71,Sunderland AFC
football-data.org,PL,Premier League,560589,2026-09-19T16:30:00Z,5,351,Nottingham Forest FC,1076,Coventry City FC
football-data.org,PL,Premier League,560582,2026-09-20T13:00:00Z,5,1044,AFC Bournemouth,64,Liverpool FC
football-data.org,PL,Premier League,560583,2026-09-20T15:30:00Z,5,63,Fulham FC,66,Manchester United FC
football-data.org,PL,Premier League,560592,2026-10-10T14:00:00Z,6,71,Sunderland AFC,397,Brighton & Hove Albion FC
football-data.org,PL,Premier League,560593,2026-10-10T14:00:00Z,6,57,Arsenal FC,341,Leeds United FC
football-data.org,PL,Premier League,560594,2026-10-10T14:00:00Z,6,322,Hull City AFC,62,Everton FC
football-data.org,PL,Premier League,560595,2026-10-10T14:00:00Z,6,61,Chelsea FC,1044,AFC Bournemouth
football-data.org,PL,Premier League,560596,2026-10-10T14:00:00Z,6,354,Crystal Palace FC,351,Nottingham Forest FC
football-data.org,PL,Premier League,560597,2026-10-10T14:00:00Z,6,1076,Coventry City FC,67,Newcastle United FC
football-data.org,PL,Premier League,560598,2026-10-10T14:00:00Z,6,64,Liverpool FC,65,Manchester City FC
football-data.org,PL,Premier League,560599,2026-10-10T14:00:00Z,6,349,Ipswich Town FC,63,Fulham FC
football-data.org,PL,Premier League,560600,2026-10-10T14:00:00Z,6,66,Manchester United FC,73,Tottenham Hotspur FC
football-data.org,PL,Premier League,560601,2026-10-10T14:00:00Z,6,58,Aston Villa FC,402,Brentford FC
football-data.org,PL,Premier League,560602,2026-10-17T14:00:00Z,7,63,Fulham FC,322,Hull City AFC
football-data.org,PL,Premier League,560603,2026-10-17T14:00:00Z,7,62,Everton FC,61,Chelsea FC
football-data.org,PL,Premier League,560604,2026-10-17T14:00:00Z,7,1044,AFC Bournemouth,71,Sunderland AFC
football-data.org,PL,Premier League,560605,2026-10-17T14:00:00Z,7,341,Leeds United FC,66,Manchester United FC
football-data.org,PL,Premier League,560606,2026-10-17T14:00:00Z,7,73,Tottenham Hotspur FC,1076,Coventry City FC
football-data.org,PL,Premier League,560607,2026-10-17T14:00:00Z,7,67,Newcastle United FC,58,Aston Villa FC
football-data.org,PL,Premier League,560608,2026-10-17T14:00:00Z,7,351,Nottingham Forest FC,57,Arsenal FC
football-data.org,PL,Premier League,560609,2026-10-17T14:00:00Z,7,397,Brighton & Hove Albion FC,354,Crystal Palace FC
football-data.org,PL,Premier League,560610,2026-10-17T14:00:00Z,7,65,Manchester City FC,349,Ipswich Town FC
football-data.org,PL,Premier League,560611,2026-10-17T14:00:00Z,7,402,Brentford FC,64,Liverpool FC
football-data.org,PL,Premier League,560612,2026-10-24T14:00:00Z,8,64,Liverpool FC,397,Brighton & Hove Albion FC
football-data.org,PL,Premier League,560613,2026-10-24T14:00:00Z,8,354,Crystal Palace FC,67,Newcastle United FC
football-data.org,PL,Premier League,560614,2026-10-24T14:00:00Z,8,58,Aston Villa FC,65,Manchester City FC
football-data.org,PL,Premier League,560615,2026-10-24T14:00:00Z,8,66,Manchester United FC,1044,AFC Bournemouth
football-data.org,PL,Premier League,560616,2026-10-24T14:00:00Z,8,57,Arsenal FC,62,Everton FC
football-data.org,PL,Premier League,560617,2026-10-24T14:00:00Z,8,61,Chelsea FC,73,Tottenham Hotspur FC
football-data.org,PL,Premier League,560618,2026-10-24T14:00:00Z,8,1076,Coventry City FC,63,Fulham FC
football-data.org,PL,Premier League,560619,2026-10-24T14:00:00Z,8,322,Hull City AFC,402,Brentford FC
football-data.org,PL,Premier League,560620,2026-10-24T14:00:00Z,8,349,Ipswich Town FC,351,Nottingham Forest FC
football-data.org,PL,Premier League,560621,2026-10-24T14:00:00Z,8,71,Sunderland AFC,341,Leeds United FC
football-data.org,PL,Premier League,560622,2026-10-31T15:00:00Z,9,67,Newcastle United FC,62,Everton FC
football-data.org,PL,Premier League,560623,2026-10-31T15:00:00Z,9,65,Manchester City FC,397,Brighton & Hove Albion FC
football-data.org,PL,Premier League,560624,2026-10-31T15:00:00Z,9,1044,AFC Bournemouth,341,Leeds United FC
football-data.org,PL,Premier League,560625,2026-10-31T15:00:00Z,9,1076,Coventry City FC,71,Sunderland AFC
football-data.org,PL,Premier League,560626,2026-10-31T15:00:00Z,9,61,Chelsea FC,66,Manchester United FC
football-data.org,PL,Premier League,560627,2026-10-31T15:00:00Z,9,73,Tottenham Hotspur FC,354,Crystal Palace FC
football-data.org,PL,Premier League,560628,2026-10-31T15:00:00Z,9,58,Aston Villa FC,63,Fulham FC
football-data.org,PL,Premier League,560629,2026-10-31T15:00:00Z,9,322,Hull City AFC,349,Ipswich Town FC
football-data.org,PL,Premier League,560630,2026-10-31T15:00:00Z,9,402,Brentford FC,351,Nottingham Forest FC
football-data.org,PL,Premier League,560631,2026-10-31T15:00:00Z,9,64,Liverpool FC,57,Arsenal FC
football-data.org,PL,Premier League,560640,2026-11-07T15:00:00Z,10,57,Arsenal FC,322,Hull City AFC
football-data.org,PL,Premier League,560641,2026-11-07T15:00:00Z,10,351,Nottingham Forest FC,65,Manchester City FC
football-data.org,PL,Premier League,560632,2026-11-07T15:00:00Z,10,341,Leeds United FC,73,Tottenham Hotspur FC
football-data.org,PL,Premier League,560633,2026-11-07T15:00:00Z,10,63,Fulham FC,67,Newcastle United FC
football-data.org,PL,Premier League,560634,2026-11-07T15:00:00Z,10,62,Everton FC,1076,Coventry City FC
football-data.org,PL,Premier League,560635,2026-11-07T15:00:00Z,10,354,Crystal Palace FC,64,Liverpool FC
football-data.org,PL,Premier League,560636,2026-11-07T15:00:00Z,10,71,Sunderland AFC,61,Chelsea FC
football-data.org,PL,Premier League,560637,2026-11-07T15:00:00Z,10,349,Ipswich Town FC,1044,AFC Bournemouth
football-data.org,PL,Premier League,560638,2026-11-07T15:00:00Z,10,397,Brighton & Hove Albion FC,402,Brentford FC
football-data.org,PL,Premier League,560639,2026-11-07T15:00:00Z,10,66,Manchester United FC,58,Aston Villa FC
football-data.org,PL,Premier League,560642,2026-11-21T15:00:00Z,11,61,Chelsea FC,341,Leeds United FC
football-data.org,PL,Premier League,560643,2026-11-21T15:00:00Z,11,65,Manchester City FC,63,Fulham FC
football-data.org,PL,Premier League,560644,2026-11-21T15:00:00Z,11,58,Aston Villa FC,71,Sunderland AFC
football-data.org,PL,Premier League,560645,2026-11-21T15:00:00Z,11,64,Liverpool FC,66,Manchester United FC
football-data.org,PL,Premier League,560646,2026-11-21T15:00:00Z,11,322,Hull City AFC,397,Brighton & Hove Albion FC
football-data.org,PL,Premier League,560647,2026-11-21T15:00:00Z,11,1044,AFC Bournemouth,351,Nottingham Forest FC
football-data.org,PL,Premier League,560648,2026-11-21T15:00:00Z,11,73,Tottenham Hotspur FC,349,Ipswich Town FC
football-data.org,PL,Premier League,560649,2026-11-21T15:00:00Z,11,402,Brentford FC,62,Everton FC
football-data.org,PL,Premier League,560650,2026-11-21T15:00:00Z,11,1076,Coventry City FC,354,Crystal Palace FC
football-data.org,PL,Premier League,560651,2026-11-21T15:00:00Z,11,67,Newcastle United FC,57,Arsenal FC
football-data.org,PL,Premier League,560652,2026-11-28T15:00:00Z,12,341,Leeds United FC,1076,Coventry City FC
football-data.org,PL,Premier League,560653,2026-11-28T15:00:00Z,12,349,Ipswich Town FC,58,Aston Villa FC
football-data.org,PL,Premier League,560654,2026-11-28T15:00:00Z,12,57,Arsenal FC,65,Manchester City FC
football-data.org,PL,Premier League,560655,2026-11-28T15:00:00Z,12,66,Manchester United FC,402,Brentford FC
football-data.org,PL,Premier League,560656,2026-11-28T15:00:00Z,12,62,Everton FC,64,Liverpool FC
football-data.org,PL,Premier League,560657,2026-11-28T15:00:00Z,12,63,Fulham FC,1044,AFC Bournemouth
football-data.org,PL,Premier League,560658,2026-11-28T15:00:00Z,12,351,Nottingham Forest FC,61,Chelsea FC
football-data.org,PL,Premier League,560659,2026-11-28T15:00:00Z,12,397,Brighton & Hove Albion FC,67,Newcastle United FC
football-data.org,PL,Premier League,560660,2026-11-28T15:00:00Z,12,71,Sunderland AFC,73,Tottenham Hotspur FC
football-data.org,PL,Premier League,560661,2026-11-28T15:00:00Z,12,354,Crystal Palace FC,322,Hull City AFC
football-data.org,PL,Premier League,560662,2026-12-02T20:00:00Z,13,73,Tottenham Hotspur FC,63,Fulham FC
football-data.org,PL,Premier League,560663,2026-12-02T20:00:00Z,13,64,Liverpool FC,71,Sunderland AFC
football-data.org,PL,Premier League,560664,2026-12-02T20:00:00Z,13,322,Hull City AFC,351,Nottingham Forest FC
football-data.org,PL,Premier League,560665,2026-12-02T20:00:00Z,13,61,Chelsea FC,354,Crystal Palace FC
football-data.org,PL,Premier League,560666,2026-12-02T20:00:00Z,13,58,Aston Villa FC,62,Everton FC
football-data.org,PL,Premier League,560667,2026-12-02T20:00:00Z,13,402,Brentford FC,57,Arsenal FC
football-data.org,PL,Premier League,560668,2026-12-02T20:00:00Z,13,1076,Coventry City FC,349,Ipswich Town FC
football-data.org,PL,Premier League,560669,2026-12-02T20:00:00Z,13,65,Manchester City FC,341,Leeds United FC
football-data.org,PL,Premier League,560670,2026-12-02T20:00:00Z,13,67,Newcastle United FC,66,Manchester United FC
football-data.org,PL,Premier League,560671,2026-12-02T20:00:00Z,13,1044,AFC Bournemouth,397,Brighton & Hove Albion FC
football-data.org,PL,Premier League,560672,2026-12-05T15:00:00Z,14,73,Tottenham Hotspur FC,57,Arsenal FC
football-data.org,PL,Premier League,560673,2026-12-05T15:00:00Z,14,66,Manchester United FC,1076,Coventry City FC
football-data.org,PL,Premier League,560674,2026-12-05T15:00:00Z,14,341,Leeds United FC,349,Ipswich Town FC
football-data.org,PL,Premier League,560675,2026-12-05T15:00:00Z,14,67,Newcastle United FC,71,Sunderland AFC
football-data.org,PL,Premier League,560676,2026-12-05T15:00:00Z,14,61,Chelsea FC,64,Liverpool FC
football-data.org,PL,Premier League,560677,2026-12-05T15:00:00Z,14,402,Brentford FC,65,Manchester City FC
football-data.org,PL,Premier League,560678,2026-12-05T15:00:00Z,14,1044,AFC Bournemouth,322,Hull City AFC
football-data.org,PL,Premier League,560679,2026-12-05T15:00:00Z,14,58,Aston Villa FC,354,Crystal Palace FC
football-data.org,PL,Premier League,560680,2026-12-05T15:00:00Z,14,351,Nottingham Forest FC,397,Brighton & Hove Albion FC
football-data.org,PL,Premier League,560681,2026-12-05T15:00:00Z,14,62,Everton FC,63,Fulham FC
football-data.org,PL,Premier League,560682,2026-12-12T15:00:00Z,15,71,Sunderland AFC,351,Nottingham Forest FC
football-data.org,PL,Premier League,560683,2026-12-12T15:00:00Z,15,354,Crystal Palace FC,66,Manchester United FC
football-data.org,PL,Premier League,560684,2026-12-12T15:00:00Z,15,322,Hull City AFC,73,Tottenham Hotspur FC
football-data.org,PL,Premier League,560685,2026-12-12T15:00:00Z,15,397,Brighton & Hove Albion FC,62,Everton FC
football-data.org,PL,Premier League,560686,2026-12-12T15:00:00Z,15,349,Ipswich Town FC,67,Newcastle United FC
football-data.org,PL,Premier League,560687,2026-12-12T15:00:00Z,15,1076,Coventry City FC,58,Aston Villa FC
football-data.org,PL,Premier League,560688,2026-12-12T15:00:00Z,15,57,Arsenal FC,1044,AFC Bournemouth
football-data.org,PL,Premier League,560689,2026-12-12T15:00:00Z,15,65,Manchester City FC,61,Chelsea FC
football-data.org,PL,Premier League,560690,2026-12-12T15:00:00Z,15,64,Liverpool FC,341,Leeds United FC
football-data.org,PL,Premier League,560691,2026-12-12T15:00:00Z,15,63,Fulham FC,402,Brentford FC
football-data.org,PL,Premier League,560692,2026-12-19T15:00:00Z,16,341,Leeds United FC,63,Fulham FC
football-data.org,PL,Premier League,560693,2026-12-19T15:00:00Z,16,397,Brighton & Hove Albion FC,349,Ipswich Town FC
football-data.org,PL,Premier League,560694,2026-12-19T15:00:00Z,16,351,Nottingham Forest FC,62,Everton FC
football-data.org,PL,Premier League,560695,2026-12-19T15:00:00Z,16,402,Brentford FC,67,Newcastle United FC
football-data.org,PL,Premier League,560696,2026-12-19T15:00:00Z,16,65,Manchester City FC,322,Hull City AFC
football-data.org,PL,Premier League,560697,2026-12-19T15:00:00Z,16,71,Sunderland AFC,354,Crystal Palace FC
football-data.org,PL,Premier League,560698,2026-12-19T15:00:00Z,16,1044,AFC Bournemouth,1076,Coventry City FC
football-data.org,PL,Premier League,560699,2026-12-19T15:00:00Z,16,57,Arsenal FC,66,Manchester United FC
football-data.org,PL,Premier League,560700,2026-12-19T15:00:00Z,16,64,Liverpool FC,73,Tottenham Hotspur FC
football-data.org,PL,Premier League,560701,2026-12-19T15:00:00Z,16,61,Chelsea FC,58,Aston Villa FC
football-data.org,PL,Premier League,560702,2026-12-26T15:00:00Z,17,58,Aston Villa FC,341,Leeds United FC
football-data.org,PL,Premier League,560703,2026-12-26T15:00:00Z,17,66,Manchester United FC,351,Nottingham Forest FC
football-data.org,PL,Premier League,560704,2026-12-26T15:00:00Z,17,354,Crystal Palace FC,57,Arsenal FC
football-data.org,PL,Premier League,560705,2026-12-26T15:00:00Z,17,62,Everton FC,71,Sunderland AFC
football-data.org,PL,Premier League,560706,2026-12-26T15:00:00Z,17,1076,Coventry City FC,61,Chelsea FC
football-data.org,PL,Premier League,560707,2026-12-26T15:00:00Z,17,67,Newcastle United FC,65,Manchester City FC
football-data.org,PL,Premier League,560708,2026-12-26T15:00:00Z,17,63,Fulham FC,397,Brighton & Hove Albion FC
football-data.org,PL,Premier League,560709,2026-12-26T15:00:00Z,17,73,Tottenham Hotspur FC,1044,AFC Bournemouth
football-data.org,PL,Premier League,560710,2026-12-26T15:00:00Z,17,322,Hull City AFC,64,Liverpool FC
football-data.org,PL,Premier League,560711,2026-12-26T15:00:00Z,17,349,Ipswich Town FC,402,Brentford FC
football-data.org,PL,Premier League,560712,2026-12-30T20:00:00Z,18,63,Fulham FC,57,Arsenal FC
football-data.org,PL,Premier League,560713,2026-12-30T20:00:00Z,18,1076,Coventry City FC,402,Brentford FC
football-data.org,PL,Premier League,560714,2026-12-30T20:00:00Z,18,58,Aston Villa FC,64,Liverpool FC
football-data.org,PL,Premier League,560715,2026-12-30T20:00:00Z,18,67,Newcastle United FC,351,Nottingham Forest FC
football-data.org,PL,Premier League,560716,2026-12-30T20:00:00Z,18,322,Hull City AFC,341,Leeds United FC
football-data.org,PL,Premier League,560717,2026-12-30T20:00:00Z,18,66,Manchester United FC,71,Sunderland AFC
football-data.org,PL,Premier League,560718,2026-12-30T20:00:00Z,18,349,Ipswich Town FC,61,Chelsea FC
football-data.org,PL,Premier League,560719,2026-12-30T20:00:00Z,18,73,Tottenham Hotspur FC,397,Brighton & Hove Albion FC
football-data.org,PL,Premier League,560720,2026-12-30T20:00:00Z,18,62,Everton FC,65,Manchester City FC
football-data.org,PL,Premier League,560721,2026-12-30T20:00:00Z,18,354,Crystal Palace FC,1044,AFC Bournemouth
football-data.org,PL,Premier League,560722,2027-01-02T12:00:00Z,19,1044,AFC Bournemouth,58,Aston Villa FC
football-data.org,PL,Premier League,560723,2027-01-02T12:00:00Z,19,402,Brentford FC,354,Crystal Palace FC
football-data.org,PL,Premier League,560724,2027-01-02T12:00:00Z,19,341,Leeds United FC,62,Everton FC
football-data.org,PL,Premier League,560725,2027-01-02T12:00:00Z,19,57,Arsenal FC,349,Ipswich Town FC
football-data.org,PL,Premier League,560726,2027-01-02T12:00:00Z,19,71,Sunderland AFC,322,Hull City AFC
football-data.org,PL,Premier League,560727,2027-01-02T12:00:00Z,19,64,Liverpool FC,1076,Coventry City FC
football-data.org,PL,Premier League,560728,2027-01-02T12:00:00Z,19,61,Chelsea FC,67,Newcastle United FC
football-data.org,PL,Premier League,560729,2027-01-02T12:00:00Z,19,351,Nottingham Forest FC,63,Fulham FC
football-data.org,PL,Premier League,560730,2027-01-02T12:00:00Z,19,397,Brighton & Hove Albion FC,66,Manchester United FC
football-data.org,PL,Premier League,560731,2027-01-02T12:00:00Z,19,65,Manchester City FC,73,Tottenham Hotspur FC
football-data.org,PL,Premier League,560732,2027-01-06T12:00:00Z,20,57,Arsenal FC,402,Brentford FC
football-data.org,PL,Premier League,560733,2027-01-06T12:00:00Z,20,341,Leeds United FC,65,Manchester City FC
football-data.org,PL,Premier League,560734,2027-01-06T12:00:00Z,20,66,Manchester United FC,67,Newcastle United FC
football-data.org,PL,Premier League,560735,2027-01-06T12:00:00Z,20,397,Brighton & Hove Albion FC,1044,AFC Bournemouth
football-data.org,PL,Premier League,560736,2027-01-06T12:00:00Z,20,351,Nottingham Forest FC,322,Hull City AFC
football-data.org,PL,Premier League,560737,2027-01-06T12:00:00Z,20,63,Fulham FC,73,Tottenham Hotspur FC
football-data.org,PL,Premier League,560738,2027-01-06T12:00:00Z,20,62,Everton FC,58,Aston Villa FC
football-data.org,PL,Premier League,560739,2027-01-06T12:00:00Z,20,71,Sunderland AFC,64,Liverpool FC
football-data.org,PL,Premier League,560740,2027-01-06T12:00:00Z,20,354,Crystal Palace FC,61,Chelsea FC
football-data.org,PL,Premier League,560741,2027-01-06T12:00:00Z,20,349,Ipswich Town FC,1076,Coventry City FC
football-data.org,PL,Premier League,560742,2027-01-16T12:00:00Z,21,1044,AFC Bournemouth,349,Ipswich Town FC
football-data.org,PL,Premier League,560743,2027-01-16T12:00:00Z,21,65,Manchester City FC,351,Nottingham Forest FC
football-data.org,PL,Premier League,560744,2027-01-16T12:00:00Z,21,61,Chelsea FC,71,Sunderland AFC
football-data.org,PL,Premier League,560745,2027-01-16T12:00:00Z,21,402,Brentford FC,397,Brighton & Hove Albion FC
football-data.org,PL,Premier League,560746,2027-01-16T12:00:00Z,21,58,Aston Villa FC,66,Manchester United FC
football-data.org,PL,Premier League,560747,2027-01-16T12:00:00Z,21,73,Tottenham Hotspur FC,341,Leeds United FC
football-data.org,PL,Premier League,560748,2027-01-16T12:00:00Z,21,1076,Coventry City FC,62,Everton FC
football-data.org,PL,Premier League,560749,2027-01-16T12:00:00Z,21,64,Liverpool FC,354,Crystal Palace FC
football-data.org,PL,Premier League,560750,2027-01-16T12:00:00Z,21,322,Hull City AFC,57,Arsenal FC
football-data.org,PL,Premier League,560751,2027-01-16T12:00:00Z,21,67,Newcastle United FC,63,Fulham FC
football-data.org,PL,Premier League,560752,2027-01-23T12:00:00Z,22,349,Ipswich Town FC,322,Hull City AFC
football-data.org,PL,Premier League,560753,2027-01-23T12:00:00Z,22,62,Everton FC,402,Brentford FC
football-data.org,PL,Premier League,560754,2027-01-23T12:00:00Z,22,71,Sunderland AFC,1076,Coventry City FC
football-data.org,PL,Premier League,560755,2027-01-23T12:00:00Z,22,351,Nottingham Forest FC,1044,AFC Bournemouth
football-data.org,PL,Premier League,560756,2027-01-23T12:00:00Z,22,57,Arsenal FC,67,Newcastle United FC
football-data.org,PL,Premier League,560757,2027-01-23T12:00:00Z,22,341,Leeds United FC,61,Chelsea FC
football-data.org,PL,Premier League,560758,2027-01-23T12:00:00Z,22,63,Fulham FC,58,Aston Villa FC
football-data.org,PL,Premier League,560759,2027-01-23T12:00:00Z,22,66,Manchester United FC,64,Liverpool FC
football-data.org,PL,Premier League,560760,2027-01-23T12:00:00Z,22,397,Brighton & Hove Albion FC,65,Manchester City FC
football-data.org,PL,Premier League,560761,2027-01-23T12:00:00Z,22,354,Crystal Palace FC,73,Tottenham Hotspur FC
football-data.org,PL,Premier League,560762,2027-01-30T12:00:00Z,23,73,Tottenham Hotspur FC,71,Sunderland AFC
football-data.org,PL,Premier League,560763,2027-01-30T12:00:00Z,23,402,Brentford FC,66,Manchester United FC
football-data.org,PL,Premier League,560764,2027-01-30T12:00:00Z,23,67,Newcastle United FC,397,Brighton & Hove Albion FC
football-data.org,PL,Premier League,560765,2027-01-30T12:00:00Z,23,322,Hull City AFC,354,Crystal Palace FC
football-data.org,PL,Premier League,560766,2027-01-30T12:00:00Z,23,1076,Coventry City FC,341,Leeds United FC
football-data.org,PL,Premier League,560767,2027-01-30T12:00:00Z,23,1044,AFC Bournemouth,63,Fulham FC
football-data.org,PL,Premier League,560768,2027-01-30T12:00:00Z,23,61,Chelsea FC,351,Nottingham Forest FC
football-data.org,PL,Premier League,560769,2027-01-30T12:00:00Z,23,64,Liverpool FC,62,Everton FC
football-data.org,PL,Premier League,560770,2027-01-30T12:00:00Z,23,65,Manchester City FC,57,Arsenal FC
football-data.org,PL,Premier League,560771,2027-01-30T12:00:00Z,23,58,Aston Villa FC,349,Ipswich Town FC
football-data.org,PL,Premier League,560772,2027-02-06T12:00:00Z,24,57,Arsenal FC,64,Liverpool FC
football-data.org,PL,Premier League,560773,2027-02-06T12:00:00Z,24,397,Brighton & Hove Albion FC,322,Hull City AFC
football-data.org,PL,Premier League,560774,2027-02-06T12:00:00Z,24,71,Sunderland AFC,58,Aston Villa FC
football-data.org,PL,Premier League,560775,2027-02-06T12:00:00Z,24,354,Crystal Palace FC,1076,Coventry City FC
football-data.org,PL,Premier League,560776,2027-02-06T12:00:00Z,24,349,Ipswich Town FC,73,Tottenham Hotspur FC
football-data.org,PL,Premier League,560777,2027-02-06T12:00:00Z,24,62,Everton FC,67,Newcastle United FC
football-data.org,PL,Premier League,560778,2027-02-06T12:00:00Z,24,63,Fulham FC,65,Manchester City FC
football-data.org,PL,Premier League,560779,2027-02-06T12:00:00Z,24,341,Leeds United FC,1044,AFC Bournemouth
football-data.org,PL,Premier League,560780,2027-02-06T12:00:00Z,24,66,Manchester United FC,61,Chelsea FC
football-data.org,PL,Premier League,560781,2027-02-06T12:00:00Z,24,351,Nottingham Forest FC,402,Brentford FC
football-data.org,PL,Premier League,560782,2027-02-10T12:00:00Z,25,62,Everton FC,341,Leeds United FC
football-data.org,PL,Premier League,560783,2027-02-10T12:00:00Z,25,1076,Coventry City FC,64,Liverpool FC
football-data.org,PL,Premier League,560784,2027-02-10T12:00:00Z,25,322,Hull City AFC,71,Sunderland AFC
football-data.org,PL,Premier League,560785,2027-02-10T12:00:00Z,25,58,Aston Villa FC,1044,AFC Bournemouth
football-data.org,PL,Premier League,560786,2027-02-10T12:00:00Z,25,354,Crystal Palace FC,402,Brentford FC
football-data.org,PL,Premier League,560787,2027-02-10T12:00:00Z,25,67,Newcastle United FC,61,Chelsea FC
football-data.org,PL,Premier League,560788,2027-02-10T12:00:00Z,25,63,Fulham FC,351,Nottingham Forest FC
football-data.org,PL,Premier League,560789,2027-02-10T12:00:00Z,25,73,Tottenham Hotspur FC,65,Manchester City FC
football-data.org,PL,Premier League,560790,2027-02-10T12:00:00Z,25,66,Manchester United FC,397,Brighton & Hove Albion FC
football-data.org,PL,Premier League,560791,2027-02-10T12:00:00Z,25,349,Ipswich Town FC,57,Arsenal FC
football-data.org,PL,Premier League,560792,2027-02-20T12:00:00Z,26,65,Manchester City FC,67,Newcastle United FC
football-data.org,PL,Premier League,560793,2027-02-20T12:00:00Z,26,1044,AFC Bournemouth,354,Crystal Palace FC
football-data.org,PL,Premier League,560794,2027-02-20T12:00:00Z,26,402,Brentford FC,1076,Coventry City FC
football-data.org,PL,Premier League,560795,2027-02-20T12:00:00Z,26,61,Chelsea FC,349,Ipswich Town FC
football-data.org,PL,Premier League,560796,2027-02-20T12:00:00Z,26,64,Liverpool FC,322,Hull City AFC
football-data.org,PL,Premier League,560797,2027-02-20T12:00:00Z,26,57,Arsenal FC,63,Fulham FC
football-data.org,PL,Premier League,560798,2027-02-20T12:00:00Z,26,351,Nottingham Forest FC,66,Manchester United FC
football-data.org,PL,Premier League,560799,2027-02-20T12:00:00Z,26,397,Brighton & Hove Albion FC,73,Tottenham Hotspur FC
football-data.org,PL,Premier League,560800,2027-02-20T12:00:00Z,26,71,Sunderland AFC,62,Everton FC
football-data.org,PL,Premier League,560801,2027-02-20T12:00:00Z,26,341,Leeds United FC,58,Aston Villa FC
football-data.org,PL,Premier League,560802,2027-02-27T12:00:00Z,27,354,Crystal Palace FC,71,Sunderland AFC
football-data.org,PL,Premier League,560803,2027-02-27T12:00:00Z,27,66,Manchester United FC,57,Arsenal FC
football-data.org,PL,Premier League,560804,2027-02-27T12:00:00Z,27,349,Ipswich Town FC,397,Brighton & Hove Albion FC
football-data.org,PL,Premier League,560805,2027-02-27T12:00:00Z,27,1076,Coventry City FC,1044,AFC Bournemouth
football-data.org,PL,Premier League,560806,2027-02-27T12:00:00Z,27,62,Everton FC,351,Nottingham Forest FC
football-data.org,PL,Premier League,560807,2027-02-27T12:00:00Z,27,63,Fulham FC,341,Leeds United FC
football-data.org,PL,Premier League,560808,2027-02-27T12:00:00Z,27,58,Aston Villa FC,61,Chelsea FC
football-data.org,PL,Premier League,560809,2027-02-27T12:00:00Z,27,73,Tottenham Hotspur FC,64,Liverpool FC
football-data.org,PL,Premier League,560810,2027-02-27T12:00:00Z,27,67,Newcastle United FC,402,Brentford FC
football-data.org,PL,Premier League,560811,2027-02-27T12:00:00Z,27,322,Hull City AFC,65,Manchester City FC
football-data.org,PL,Premier League,560812,2027-03-03T12:00:00Z,28,351,Nottingham Forest FC,67,Newcastle United FC
football-data.org,PL,Premier League,560813,2027-03-03T12:00:00Z,28,1044,AFC Bournemouth,73,Tottenham Hotspur FC
football-data.org,PL,Premier League,560814,2027-03-03T12:00:00Z,28,65,Manchester City FC,62,Everton FC
football-data.org,PL,Premier League,560815,2027-03-03T12:00:00Z,28,57,Arsenal FC,354,Crystal Palace FC
football-data.org,PL,Premier League,560816,2027-03-03T12:00:00Z,28,341,Leeds United FC,322,Hull City AFC
football-data.org,PL,Premier League,560817,2027-03-03T12:00:00Z,28,71,Sunderland AFC,66,Manchester United FC
football-data.org,PL,Premier League,560818,2027-03-03T12:00:00Z,28,64,Liverpool FC,58,Aston Villa FC
football-data.org,PL,Premier League,560819,2027-03-03T12:00:00Z,28,397,Brighton & Hove Albion FC,63,Fulham FC
football-data.org,PL,Premier League,560820,2027-03-03T12:00:00Z,28,402,Brentford FC,349,Ipswich Town FC
football-data.org,PL,Premier League,560821,2027-03-03T12:00:00Z,28,61,Chelsea FC,1076,Coventry City FC
football-data.org,PL,Premier League,560822,2027-03-13T12:00:00Z,29,341,Leeds United FC,397,Brighton & Hove Albion FC
football-data.org,PL,Premier League,560823,2027-03-13T12:00:00Z,29,73,Tottenham Hotspur FC,351,Nottingham Forest FC
football-data.org,PL,Premier League,560824,2027-03-13T12:00:00Z,29,354,Crystal Palace FC,63,Fulham FC
football-data.org,PL,Premier League,560825,2027-03-13T12:00:00Z,29,64,Liverpool FC,349,Ipswich Town FC
football-data.org,PL,Premier League,560826,2027-03-13T12:00:00Z,29,1076,Coventry City FC,65,Manchester City FC
football-data.org,PL,Premier League,560827,2027-03-13T12:00:00Z,29,1044,AFC Bournemouth,67,Newcastle United FC
football-data.org,PL,Premier League,560828,2027-03-13T12:00:00Z,29,61,Chelsea FC,57,Arsenal FC
football-data.org,PL,Premier League,560829,2027-03-13T12:00:00Z,29,58,Aston Villa FC,322,Hull City AFC
football-data.org,PL,Premier League,560830,2027-03-13T12:00:00Z,29,66,Manchester United FC,62,Everton FC
football-data.org,PL,Premier League,560831,2027-03-13T12:00:00Z,29,71,Sunderland AFC,402,Brentford FC
football-data.org,PL,Premier League,560832,2027-03-20T12:00:00Z,30,402,Brentford FC,1044,AFC Bournemouth
football-data.org,PL,Premier League,560833,2027-03-20T12:00:00Z,30,397,Brighton & Hove Albion FC,1076,Coventry City FC
football-data.org,PL,Premier League,560834,2027-03-20T12:00:00Z,30,65,Manchester City FC,66,Manchester United FC
football-data.org,PL,Premier League,560835,2027-03-20T12:00:00Z,30,349,Ipswich Town FC,354,Crystal Palace FC
football-data.org,PL,Premier League,560836,2027-03-20T12:00:00Z,30,57,Arsenal FC,71,Sunderland AFC
football-data.org,PL,Premier League,560837,2027-03-20T12:00:00Z,30,63,Fulham FC,64,Liverpool FC
football-data.org,PL,Premier League,560838,2027-03-20T12:00:00Z,30,322,Hull City AFC,61,Chelsea FC
football-data.org,PL,Premier League,560839,2027-03-20T12:00:00Z,30,351,Nottingham Forest FC,58,Aston Villa FC
football-data.org,PL,Premier League,560840,2027-03-20T12:00:00Z,30,62,Everton FC,73,Tottenham Hotspur FC
football-data.org,PL,Premier League,560841,2027-03-20T12:00:00Z,30,67,Newcastle United FC,341,Leeds United FC
football-data.org,PL,Premier League,560842,2027-04-10T12:00:00Z,31,71,Sunderland AFC,349,Ipswich Town FC
football-data.org,PL,Premier League,560843,2027-04-10T12:00:00Z,31,341,Leeds United FC,351,Nottingham Forest FC
football-data.org,PL,Premier League,560844,2027-04-10T12:00:00Z,31,66,Manchester United FC,322,Hull City AFC
football-data.org,PL,Premier League,560845,2027-04-10T12:00:00Z,31,61,Chelsea FC,63,Fulham FC
football-data.org,PL,Premier League,560846,2027-04-10T12:00:00Z,31,64,Liverpool FC,67,Newcastle United FC
football-data.org,PL,Premier League,560847,2027-04-10T12:00:00Z,31,1076,Coventry City FC,57,Arsenal FC
football-data.org,PL,Premier League,560848,2027-04-10T12:00:00Z,31,1044,AFC Bournemouth,65,Manchester City FC
football-data.org,PL,Premier League,560849,2027-04-10T12:00:00Z,31,354,Crystal Palace FC,62,Everton FC
football-data.org,PL,Premier League,560850,2027-04-10T12:00:00Z,31,73,Tottenham Hotspur FC,402,Brentford FC
football-data.org,PL,Premier League,560851,2027-04-10T12:00:00Z,31,58,Aston Villa FC,397,Brighton & Hove Albion FC
football-data.org,PL,Premier League,560852,2027-04-17T12:00:00Z,32,397,Brighton & Hove Albion FC,61,Chelsea FC
football-data.org,PL,Premier League,560853,2027-04-17T12:00:00Z,32,63,Fulham FC,71,Sunderland AFC
football-data.org,PL,Premier League,560854,2027-04-17T12:00:00Z,32,402,Brentford FC,341,Leeds United FC
football-data.org,PL,Premier League,560855,2027-04-17T12:00:00Z,32,351,Nottingham Forest FC,64,Liverpool FC
football-data.org,PL,Premier League,560856,2027-04-17T12:00:00Z,32,322,Hull City AFC,1076,Coventry City FC
football-data.org,PL,Premier League,560857,2027-04-17T12:00:00Z,32,57,Arsenal FC,58,Aston Villa FC
football-data.org,PL,Premier League,560858,2027-04-17T12:00:00Z,32,349,Ipswich Town FC,66,Manchester United FC
football-data.org,PL,Premier League,560859,2027-04-17T12:00:00Z,32,65,Manchester City FC,354,Crystal Palace FC
football-data.org,PL,Premier League,560860,2027-04-17T12:00:00Z,32,67,Newcastle United FC,73,Tottenham Hotspur FC
football-data.org,PL,Premier League,560861,2027-04-17T12:00:00Z,32,62,Everton FC,1044,AFC Bournemouth
football-data.org,PL,Premier League,560862,2027-04-24T12:00:00Z,33,61,Chelsea FC,65,Manchester City FC
football-data.org,PL,Premier League,560863,2027-04-24T12:00:00Z,33,1044,AFC Bournemouth,57,Arsenal FC
football-data.org,PL,Premier League,560864,2027-04-24T12:00:00Z,33,73,Tottenham Hotspur FC,322,Hull City AFC
football-data.org,PL,Premier League,560865,2027-04-24T12:00:00Z,33,66,Manchester United FC,354,Crystal Palace FC
football-data.org,PL,Premier League,560866,2027-04-24T12:00:00Z,33,62,Everton FC,397,Brighton & Hove Albion FC
football-data.org,PL,Premier League,560867,2027-04-24T12:00:00Z,33,351,Nottingham Forest FC,71,Sunderland AFC
football-data.org,PL,Premier League,560868,2027-04-24T12:00:00Z,33,67,Newcastle United FC,349,Ipswich Town FC
football-data.org,PL,Premier League,560869,2027-04-24T12:00:00Z,33,58,Aston Villa FC,1076,Coventry City FC
football-data.org,PL,Premier League,560870,2027-04-24T12:00:00Z,33,402,Brentford FC,63,Fulham FC
football-data.org,PL,Premier League,560871,2027-04-24T12:00:00Z,33,341,Leeds United FC,64,Liverpool FC
football-data.org,PL,Premier League,560872,2027-05-01T12:00:00Z,34,71,Sunderland AFC,67,Newcastle United FC
football-data.org,PL,Premier League,560873,2027-05-01T12:00:00Z,34,397,Brighton & Hove Albion FC,351,Nottingham Forest FC
football-data.org,PL,Premier League,560874,2027-05-01T12:00:00Z,34,1076,Coventry City FC,66,Manchester United FC
football-data.org,PL,Premier League,560875,2027-05-01T12:00:00Z,34,322,Hull City AFC,1044,AFC Bournemouth
football-data.org,PL,Premier League,560876,2027-05-01T12:00:00Z,34,65,Manchester City FC,402,Brentford FC
football-data.org,PL,Premier League,560877,2027-05-01T12:00:00Z,34,63,Fulham FC,62,Everton FC
football-data.org,PL,Premier League,560878,2027-05-01T12:00:00Z,34,64,Liverpool FC,61,Chelsea FC
football-data.org,PL,Premier League,560879,2027-05-01T12:00:00Z,34,57,Arsenal FC,73,Tottenham Hotspur FC
football-data.org,PL,Premier League,560880,2027-05-01T12:00:00Z,34,354,Crystal Palace FC,58,Aston Villa FC
football-data.org,PL,Premier League,560881,2027-05-01T12:00:00Z,34,349,Ipswich Town FC,341,Leeds United FC
football-data.org,PL,Premier League,560882,2027-05-08T12:00:00Z,35,65,Manchester City FC,64,Liverpool FC
football-data.org,PL,Premier League,560883,2027-05-08T12:00:00Z,35,341,Leeds United FC,57,Arsenal FC
football-data.org,PL,Premier League,560884,2027-05-08T12:00:00Z,35,63,Fulham FC,349,Ipswich Town FC
football-data.org,PL,Premier League,560885,2027-05-08T12:00:00Z,35,351,Nottingham Forest FC,354,Crystal Palace FC
football-data.org,PL,Premier League,560886,2027-05-08T12:00:00Z,35,402,Brentford FC,58,Aston Villa FC
football-data.org,PL,Premier League,560887,2027-05-08T12:00:00Z,35,67,Newcastle United FC,1076,Coventry City FC
football-data.org,PL,Premier League,560888,2027-05-08T12:00:00Z,35,397,Brighton & Hove Albion FC,71,Sunderland AFC
football-data.org,PL,Premier League,560889,2027-05-08T12:00:00Z,35,73,Tottenham Hotspur FC,61,Chelsea FC
football-data.org,PL,Premier League,560890,2027-05-08T12:00:00Z,35,62,Everton FC,322,Hull City AFC
football-data.org,PL,Premier League,560891,2027-05-08T12:00:00Z,35,1044,AFC Bournemouth,66,Manchester United FC
football-data.org,PL,Premier League,560896,2027-05-15T12:00:00Z,36,322,Hull City AFC,63,Fulham FC
football-data.org,PL,Premier League,560897,2027-05-15T12:00:00Z,36,66,Manchester United FC,341,Leeds United FC
football-data.org,PL,Premier League,560898,2027-05-15T12:00:00Z,36,354,Crystal Palace FC,397,Brighton & Hove Albion FC
football-data.org,PL,Premier League,560899,2027-05-15T12:00:00Z,36,58,Aston Villa FC,67,Newcastle United FC
football-data.org,PL,Premier League,560900,2027-05-15T12:00:00Z,36,61,Chelsea FC,62,Everton FC
football-data.org,PL,Premier League,560901,2027-05-15T12:00:00Z,36,1076,Coventry City FC,73,Tottenham Hotspur FC
football-data.org,PL,Premier League,560892,2027-05-15T12:00:00Z,36,71,Sunderland AFC,1044,AFC Bournemouth
football-data.org,PL,Premier League,560893,2027-05-15T12:00:00Z,36,64,Liverpool FC,402,Brentford FC
football-data.org,PL,Premier League,560894,2027-05-15T12:00:00Z,36,349,Ipswich Town FC,65,Manchester City FC
football-data.org,PL,Premier League,560895,2027-05-15T12:00:00Z,36,57,Arsenal FC,351,Nottingham Forest FC
football-data.org,PL,Premier League,560902,2027-05-23T12:00:00Z,37,402,Brentford FC,322,Hull City AFC
football-data.org,PL,Premier League,560903,2027-05-23T12:00:00Z,37,67,Newcastle United FC,354,Crystal Palace FC
football-data.org,PL,Premier League,560904,2027-05-23T12:00:00Z,37,73,Tottenham Hotspur FC,66,Manchester United FC
football-data.org,PL,Premier League,560905,2027-05-23T12:00:00Z,37,341,Leeds United FC,71,Sunderland AFC
football-data.org,PL,Premier League,560906,2027-05-23T12:00:00Z,37,397,Brighton & Hove Albion FC,64,Liverpool FC
football-data.org,PL,Premier League,560907,2027-05-23T12:00:00Z,37,351,Nottingham Forest FC,349,Ipswich Town FC
football-data.org,PL,Premier League,560908,2027-05-23T12:00:00Z,37,1044,AFC Bournemouth,61,Chelsea FC
football-data.org,PL,Premier League,560909,2027-05-23T12:00:00Z,37,63,Fulham FC,1076,Coventry City FC
football-data.org,PL,Premier League,560910,2027-05-23T12:00:00Z,37,62,Everton FC,57,Arsenal FC
football-data.org,PL,Premier League,560911,2027-05-23T12:00:00Z,37,65,Manchester City FC,58,Aston Villa FC
football-data.org,PL,Premier League,560912,2027-05-30T12:00:00Z,38,349,Ipswich Town FC,62,Everton FC
football-data.org,PL,Premier League,560913,2027-05-30T12:00:00Z,38,57,Arsenal FC,397,Brighton & Hove Albion FC
football-data.org,PL,Premier League,560914,2027-05-30T12:00:00Z,38,64,Liverpool FC,1044,AFC Bournemouth
football-data.org,PL,Premier League,560915,2027-05-30T12:00:00Z,38,1076,Coventry City FC,351,Nottingham Forest FC
football-data.org,PL,Premier League,560916,2027-05-30T12:00:00Z,38,58,Aston Villa FC,73,Tottenham Hotspur FC
football-data.org,PL,Premier League,560917,2027-05-30T12:00:00Z,38,322,Hull City AFC,67,Newcastle United FC
football-data.org,PL,Premier League,560918,2027-05-30T12:00:00Z,38,66,Manchester United FC,63,Fulham FC
football-data.org,PL,Premier League,560919,2027-05-30T12:00:00Z,38,71,Sunderland AFC,65,Manchester City FC
football-data.org,PL,Premier League,560920,2027-05-30T12:00:00Z,38,61,Chelsea FC,402,Brentford FC
football-data.org,PL,Premier League,560921,2027-05-30T12:00:00Z,38,354,Crystal Palace FC,341,Leeds United FC
football-data.org,PD,La Liga,564634,2026-08-15T17:30:00Z,1,263,Deportivo Alavés,82,Getafe CF
football-data.org,PD,La Liga,564633,2026-08-15T19:30:00Z,1,559,Sevilla FC,87,Rayo Vallecano de Madrid
football-data.org,PD,La Liga,564629,2026-08-16T15:00:00Z,1,5335,Real Racing Club de Santander,94,Villarreal CF
football-data.org,PD,La Liga,564632,2026-08-16T17:00:00Z,1,80,RCD Espanyol de Barcelona,88,Levante UD
football-data.org,PD,La Liga,564636,2026-08-16T19:30:00Z,1,558,RC Celta de Vigo,79,CA Osasuna
football-data.org,PD,La Liga,564635,2026-08-17T19:00:00Z,1,560,RC Deportivo La Coruña,285,Elche CF
football-data.org,PD,La Liga,564628,2026-08-19T19:00:00Z,1,78,Club Atlético de Madrid,84,Málaga CF
football-data.org,PD,La Liga,564638,2026-08-20T19:00:00Z,2,87,Rayo Vallecano de Madrid,263,Deportivo Alavés
football-data.org,PD,La Liga,564647,2026-08-21T19:00:00Z,2,90,Real Betis Balompié,92,Real Sociedad de Fútbol
football-data.org,PD,La Liga,564641,2026-08-22T15:00:00Z,2,77,Athletic Club,559,Sevilla FC
football-data.org,PD,La Liga,564643,2026-08-22T17:30:00Z,2,95,Valencia CF,558,RC Celta de Vigo
football-data.org,PD,La Liga,564645,2026-08-22T19:30:00Z,2,80,RCD Espanyol de Barcelona,86,Real Madrid CF
football-data.org,PD,La Liga,564646,2026-08-23T15:00:00Z,2,78,Club Atlético de Madrid,94,Villarreal CF
football-data.org,PD,La Liga,564644,2026-08-23T17:30:00Z,2,82,Getafe CF,5335,Real Racing Club de Santander
football-data.org,PD,La Liga,564642,2026-08-23T19:30:00Z,2,285,Elche CF,81,FC Barcelona
football-data.org,PD,La Liga,564639,2026-08-24T17:30:00Z,2,79,CA Osasuna,88,Levante UD
football-data.org,PD,La Liga,564640,2026-08-24T19:30:00Z,2,84,Málaga CF,560,RC Deportivo La Coruña
football-data.org,PD,La Liga,564637,2026-08-25T19:00:00Z,1,95,Valencia CF,90,Real Betis Balompié
football-data.org,PD,La Liga,564631,2026-08-26T19:00:00Z,1,86,Real Madrid CF,92,Real Sociedad de Fútbol
football-data.org,PD,La Liga,564630,2026-08-27T19:00:00Z,1,81,FC Barcelona,77,Athletic Club
football-data.org,PD,La Liga,564654,2026-08-28T17:00:00Z,3,5335,Real Racing Club de Santander,285,Elche CF
football-data.org,PD,La Liga,564648,2026-08-28T19:30:00Z,3,263,Deportivo Alavés,94,Villarreal CF
football-data.org,PD,La Liga,564655,2026-08-29T15:00:00Z,3,88,Levante UD,90,Real Betis Balompié
football-data.org,PD,La Liga,564653,2026-08-29T17:00:00Z,3,92,Real Sociedad de Fútbol,80,RCD Espanyol de Barcelona
football-data.org,PD,La Liga,564649,2026-08-29T19:30:00Z,3,559,Sevilla FC,78,Club Atlético de Madrid
football-data.org,PD,La Liga,564656,2026-08-30T15:00:00Z,3,86,Real Madrid CF,84,Málaga CF
football-data.org,PD,La Liga,564651,2026-08-30T17:30:00Z,3,560,RC Deportivo La Coruña,95,Valencia CF
football-data.org,PD,La Liga,564652,2026-08-30T19:30:00Z,3,558,RC Celta de Vigo,77,Athletic Club
football-data.org,PD,La Liga,564657,2026-08-31T17:30:00Z,3,79,CA Osasuna,82,Getafe CF
football-data.org,PD,La Liga,564650,2026-08-31T19:30:00Z,3,81,FC Barcelona,87,Rayo Vallecano de Madrid
football-data.org,PD,La Liga,564658,2026-09-06T15:00:00Z,4,285,Elche CF,92,Real Sociedad de Fútbol
football-data.org,PD,La Liga,564659,2026-09-06T15:00:00Z,4,95,Valencia CF,81,FC Barcelona
football-data.org,PD,La Liga,564660,2026-09-06T15:00:00Z,4,87,Rayo Vallecano de Madrid,5335,Real Racing Club de Santander
football-data.org,PD,La Liga,564661,2026-09-06T15:00:00Z,4,80,RCD Espanyol de Barcelona,559,Sevilla FC
football-data.org,PD,La Liga,564662,2026-09-06T15:00:00Z,4,94,Villarreal CF,560,RC Deportivo La Coruña
football-data.org,PD,La Liga,564663,2026-09-06T15:00:00Z,4,77,Athletic Club,78,Club Atlético de Madrid
football-data.org,PD,La Liga,564664,2026-09-06T15:00:00Z,4,263,Deportivo Alavés,79,CA Osasuna
football-data.org,PD,La Liga,564665,2026-09-06T15:00:00Z,4,82,Getafe CF,558,RC Celta de Vigo
football-data.org,PD,La Liga,564666,2026-09-06T15:00:00Z,4,84,Málaga CF,88,Levante UD
football-data.org,PD,La Liga,564667,2026-09-06T15:00:00Z,4,90,Real Betis Balompié,86,Real Madrid CF
football-data.org,PD,La Liga,564668,2026-09-13T15:00:00Z,5,82,Getafe CF,560,RC Deportivo La Coruña
football-data.org,PD,La Liga,564669,2026-09-13T15:00:00Z,5,559,Sevilla FC,95,Valencia CF
football-data.org,PD,La Liga,564670,2026-09-13T15:00:00Z,5,5335,Real Racing Club de Santander,263,Deportivo Alavés
football-data.org,PD,La Liga,564671,2026-09-13T15:00:00Z,5,94,Villarreal CF,90,Real Betis Balompié
football-data.org,PD,La Liga,564672,2026-09-13T15:00:00Z,5,558,RC Celta de Vigo,84,Málaga CF
football-data.org,PD,La Liga,564673,2026-09-13T15:00:00Z,5,79,CA Osasuna,80,RCD Espanyol de Barcelona
football-data.org,PD,La Liga,564674,2026-09-13T15:00:00Z,5,92,Real Sociedad de Fútbol,78,Club Atlético de Madrid
football-data.org,PD,La Liga,564675,2026-09-13T15:00:00Z,5,88,Levante UD,81,FC Barcelona
football-data.org,PD,La Liga,564676,2026-09-13T15:00:00Z,5,77,Athletic Club,285,Elche CF
football-data.org,PD,La Liga,564677,2026-09-13T15:00:00Z,5,86,Real Madrid CF,87,Rayo Vallecano de Madrid
football-data.org,PD,La Liga,564678,2026-09-16T15:00:00Z,6,87,Rayo Vallecano de Madrid,80,RCD Espanyol de Barcelona
football-data.org,PD,La Liga,564679,2026-09-16T15:00:00Z,6,560,RC Deportivo La Coruña,559,Sevilla FC
football-data.org,PD,La Liga,564680,2026-09-16T15:00:00Z,6,263,Deportivo Alavés,95,Valencia CF
football-data.org,PD,La Liga,564681,2026-09-16T15:00:00Z,6,285,Elche CF,86,Real Madrid CF
football-data.org,PD,La Liga,564682,2026-09-16T15:00:00Z,6,92,Real Sociedad de Fútbol,558,RC Celta de Vigo
football-data.org,PD,La Liga,564683,2026-09-16T15:00:00Z,6,84,Málaga CF,94,Villarreal CF
football-data.org,PD,La Liga,564684,2026-09-16T15:00:00Z,6,78,Club Atlético de Madrid,79,CA Osasuna
football-data.org,PD,La Liga,564685,2026-09-16T15:00:00Z,6,88,Levante UD,77,Athletic Club
football-data.org,PD,La Liga,564686,2026-09-16T15:00:00Z,6,90,Real Betis Balompié,82,Getafe CF
football-data.org,PD,La Liga,564687,2026-09-16T15:00:00Z,6,81,FC Barcelona,5335,Real Racing Club de Santander
football-data.org,PD,La Liga,564688,2026-09-20T15:00:00Z,7,78,Club Atlético de Madrid,86,Real Madrid CF
football-data.org,PD,La Liga,564689,2026-09-20T15:00:00Z,7,95,Valencia CF,92,Real Sociedad de Fútbol
football-data.org,PD,La Liga,564690,2026-09-20T15:00:00Z,7,559,Sevilla FC,81,FC Barcelona
football-data.org,PD,La Liga,564691,2026-09-20T15:00:00Z,7,77,Athletic Club,263,Deportivo Alavés
football-data.org,PD,La Liga,564692,2026-09-20T15:00:00Z,7,80,RCD Espanyol de Barcelona,285,Elche CF
football-data.org,PD,La Liga,564693,2026-09-20T15:00:00Z,7,79,CA Osasuna,87,Rayo Vallecano de Madrid
football-data.org,PD,La Liga,564694,2026-09-20T15:00:00Z,7,558,RC Celta de Vigo,5335,Real Racing Club de Santander
football-data.org,PD,La Liga,564695,2026-09-20T15:00:00Z,7,560,RC Deportivo La Coruña,90,Real Betis Balompié
football-data.org,PD,La Liga,564696,2026-09-20T15:00:00Z,7,94,Villarreal CF,88,Levante UD
football-data.org,PD,La Liga,564697,2026-09-20T15:00:00Z,7,82,Getafe CF,84,Málaga CF
football-data.org,PD,La Liga,564698,2026-10-11T15:00:00Z,8,87,Rayo Vallecano de Madrid,77,Athletic Club
football-data.org,PD,La Liga,564699,2026-10-11T15:00:00Z,8,263,Deportivo Alavés,78,Club Atlético de Madrid
football-data.org,PD,La Liga,564700,2026-10-11T15:00:00Z,8,81,FC Barcelona,82,Getafe CF
football-data.org,PD,La Liga,564701,2026-10-11T15:00:00Z,8,90,Real Betis Balompié,79,CA Osasuna
football-data.org,PD,La Liga,564702,2026-10-11T15:00:00Z,8,86,Real Madrid CF,94,Villarreal CF
football-data.org,PD,La Liga,564703,2026-10-11T15:00:00Z,8,285,Elche CF,558,RC Celta de Vigo
football-data.org,PD,La Liga,564704,2026-10-11T15:00:00Z,8,88,Levante UD,559,Sevilla FC
football-data.org,PD,La Liga,564705,2026-10-11T15:00:00Z,8,5335,Real Racing Club de Santander,95,Valencia CF
football-data.org,PD,La Liga,564706,2026-10-11T15:00:00Z,8,84,Málaga CF,80,RCD Espanyol de Barcelona
football-data.org,PD,La Liga,564707,2026-10-11T15:00:00Z,8,92,Real Sociedad de Fútbol,560,RC Deportivo La Coruña
football-data.org,PD,La Liga,564708,2026-10-18T15:00:00Z,9,94,Villarreal CF,285,Elche CF
football-data.org,PD,La Liga,564709,2026-10-18T15:00:00Z,9,86,Real Madrid CF,559,Sevilla FC
football-data.org,PD,La Liga,564710,2026-10-18T15:00:00Z,9,80,RCD Espanyol de Barcelona,78,Club Atlético de Madrid
football-data.org,PD,La Liga,564711,2026-10-18T15:00:00Z,9,95,Valencia CF,77,Athletic Club
football-data.org,PD,La Liga,564712,2026-10-18T15:00:00Z,9,558,RC Celta de Vigo,263,Deportivo Alavés
football-data.org,PD,La Liga,564713,2026-10-18T15:00:00Z,9,90,Real Betis Balompié,81,FC Barcelona
football-data.org,PD,La Liga,564714,2026-10-18T15:00:00Z,9,84,Málaga CF,92,Real Sociedad de Fútbol
football-data.org,PD,La Liga,564715,2026-10-18T15:00:00Z,9,79,CA Osasuna,5335,Real Racing Club de Santander
football-data.org,PD,La Liga,564716,2026-10-18T15:00:00Z,9,560,RC Deportivo La Coruña,88,Levante UD
football-data.org,PD,La Liga,564717,2026-10-18T15:00:00Z,9,82,Getafe CF,87,Rayo Vallecano de Madrid
football-data.org,PD,La Liga,564718,2026-10-25T16:00:00Z,10,87,Rayo Vallecano de Madrid,285,Elche CF
football-data.org,PD,La Liga,564719,2026-10-25T16:00:00Z,10,263,Deportivo Alavés,84,Málaga CF
football-data.org,PD,La Liga,564720,2026-10-25T16:00:00Z,10,77,Athletic Club,82,Getafe CF
football-data.org,PD,La Liga,564721,2026-10-25T16:00:00Z,10,559,Sevilla FC,79,CA Osasuna
football-data.org,PD,La Liga,564722,2026-10-25T16:00:00Z,10,95,Valencia CF,94,Villarreal CF
football-data.org,PD,La Liga,564723,2026-10-25T16:00:00Z,10,81,FC Barcelona,86,Real Madrid CF
football-data.org,PD,La Liga,564724,2026-10-25T16:00:00Z,10,78,Club Atlético de Madrid,560,RC Deportivo La Coruña
football-data.org,PD,La Liga,564725,2026-10-25T16:00:00Z,10,558,RC Celta de Vigo,90,Real Betis Balompié
football-data.org,PD,La Liga,564726,2026-10-25T16:00:00Z,10,92,Real Sociedad de Fútbol,88,Levante UD
football-data.org,PD,La Liga,564727,2026-10-25T16:00:00Z,10,5335,Real Racing Club de Santander,80,RCD Espanyol de Barcelona
football-data.org,PD,La Liga,564736,2026-11-01T16:00:00Z,11,90,Real Betis Balompié,84,Málaga CF
football-data.org,PD,La Liga,564737,2026-11-01T16:00:00Z,11,94,Villarreal CF,80,RCD Espanyol de Barcelona
football-data.org,PD,La Liga,564728,2026-11-01T16:00:00Z,11,285,Elche CF,95,Valencia CF
football-data.org,PD,La Liga,564729,2026-11-01T16:00:00Z,11,77,Athletic Club,92,Real Sociedad de Fútbol
football-data.org,PD,La Liga,564730,2026-11-01T16:00:00Z,11,88,Levante UD,78,Club Atlético de Madrid
football-data.org,PD,La Liga,564731,2026-11-01T16:00:00Z,11,560,RC Deportivo La Coruña,79,CA Osasuna
football-data.org,PD,La Liga,564732,2026-11-01T16:00:00Z,11,81,FC Barcelona,263,Deportivo Alavés
football-data.org,PD,La Liga,564733,2026-11-01T16:00:00Z,11,82,Getafe CF,559,Sevilla FC
football-data.org,PD,La Liga,564734,2026-11-01T16:00:00Z,11,5335,Real Racing Club de Santander,86,Real Madrid CF
football-data.org,PD,La Liga,564735,2026-11-01T16:00:00Z,11,87,Rayo Vallecano de Madrid,558,RC Celta de Vigo
football-data.org,PD,La Liga,564738,2026-11-08T16:00:00Z,12,285,Elche CF,90,Real Betis Balompié
football-data.org,PD,La Liga,564739,2026-11-08T16:00:00Z,12,79,CA Osasuna,77,Athletic Club
football-data.org,PD,La Liga,564740,2026-11-08T16:00:00Z,12,559,Sevilla FC,263,Deportivo Alavés
football-data.org,PD,La Liga,564741,2026-11-08T16:00:00Z,12,95,Valencia CF,86,Real Madrid CF
football-data.org,PD,La Liga,564742,2026-11-08T16:00:00Z,12,558,RC Celta de Vigo,88,Levante UD
football-data.org,PD,La Liga,564743,2026-11-08T16:00:00Z,12,92,Real Sociedad de Fútbol,87,Rayo Vallecano de Madrid
football-data.org,PD,La Liga,564744,2026-11-08T16:00:00Z,12,84,Málaga CF,5335,Real Racing Club de Santander
football-data.org,PD,La Liga,564745,2026-11-08T16:00:00Z,12,80,RCD Espanyol de Barcelona,560,RC Deportivo La Coruña
football-data.org,PD,La Liga,564746,2026-11-08T16:00:00Z,12,78,Club Atlético de Madrid,81,FC Barcelona
football-data.org,PD,La Liga,564747,2026-11-08T16:00:00Z,12,94,Villarreal CF,82,Getafe CF
football-data.org,PD,La Liga,564748,2026-11-22T16:00:00Z,13,77,Athletic Club,80,RCD Espanyol de Barcelona
football-data.org,PD,La Liga,564749,2026-11-22T16:00:00Z,13,81,FC Barcelona,94,Villarreal CF
football-data.org,PD,La Liga,564750,2026-11-22T16:00:00Z,13,5335,Real Racing Club de Santander,92,Real Sociedad de Fútbol
football-data.org,PD,La Liga,564751,2026-11-22T16:00:00Z,13,87,Rayo Vallecano de Madrid,95,Valencia CF
football-data.org,PD,La Liga,564752,2026-11-22T16:00:00Z,13,79,CA Osasuna,84,Málaga CF
football-data.org,PD,La Liga,564753,2026-11-22T16:00:00Z,13,82,Getafe CF,78,Club Atlético de Madrid
football-data.org,PD,La Liga,564754,2026-11-22T16:00:00Z,13,86,Real Madrid CF,558,RC Celta de Vigo
football-data.org,PD,La Liga,564755,2026-11-22T16:00:00Z,13,263,Deportivo Alavés,560,RC Deportivo La Coruña
football-data.org,PD,La Liga,564756,2026-11-22T16:00:00Z,13,559,Sevilla FC,90,Real Betis Balompié
football-data.org,PD,La Liga,564757,2026-11-22T16:00:00Z,13,88,Levante UD,285,Elche CF
football-data.org,PD,La Liga,564758,2026-11-29T16:00:00Z,14,558,RC Celta de Vigo,94,Villarreal CF
football-data.org,PD,La Liga,564759,2026-11-29T16:00:00Z,14,285,Elche CF,78,Club Atlético de Madrid
football-data.org,PD,La Liga,564760,2026-11-29T16:00:00Z,14,90,Real Betis Balompié,87,Rayo Vallecano de Madrid
football-data.org,PD,La Liga,564761,2026-11-29T16:00:00Z,14,95,Valencia CF,79,CA Osasuna
football-data.org,PD,La Liga,564762,2026-11-29T16:00:00Z,14,86,Real Madrid CF,263,Deportivo Alavés
football-data.org,PD,La Liga,564763,2026-11-29T16:00:00Z,14,80,RCD Espanyol de Barcelona,82,Getafe CF
football-data.org,PD,La Liga,564764,2026-11-29T16:00:00Z,14,92,Real Sociedad de Fútbol,559,Sevilla FC
football-data.org,PD,La Liga,564765,2026-11-29T16:00:00Z,14,88,Levante UD,5335,Real Racing Club de Santander
football-data.org,PD,La Liga,564766,2026-11-29T16:00:00Z,14,560,RC Deportivo La Coruña,81,FC Barcelona
football-data.org,PD,La Liga,564767,2026-11-29T16:00:00Z,14,84,Málaga CF,77,Athletic Club
football-data.org,PD,La Liga,564768,2026-12-06T16:00:00Z,15,79,CA Osasuna,285,Elche CF
football-data.org,PD,La Liga,564769,2026-12-06T16:00:00Z,15,559,Sevilla FC,84,Málaga CF
football-data.org,PD,La Liga,564770,2026-12-06T16:00:00Z,15,263,Deportivo Alavés,80,RCD Espanyol de Barcelona
football-data.org,PD,La Liga,564771,2026-12-06T16:00:00Z,15,78,Club Atlético de Madrid,90,Real Betis Balompié
football-data.org,PD,La Liga,564772,2026-12-06T16:00:00Z,15,5335,Real Racing Club de Santander,560,RC Deportivo La Coruña
football-data.org,PD,La Liga,564773,2026-12-06T16:00:00Z,15,81,FC Barcelona,558,RC Celta de Vigo
football-data.org,PD,La Liga,564774,2026-12-06T16:00:00Z,15,82,Getafe CF,95,Valencia CF
football-data.org,PD,La Liga,564775,2026-12-06T16:00:00Z,15,77,Athletic Club,86,Real Madrid CF
football-data.org,PD,La Liga,564776,2026-12-06T16:00:00Z,15,94,Villarreal CF,92,Real Sociedad de Fútbol
football-data.org,PD,La Liga,564777,2026-12-06T16:00:00Z,15,87,Rayo Vallecano de Madrid,88,Levante UD
football-data.org,PD,La Liga,564778,2026-12-13T16:00:00Z,16,80,RCD Espanyol de Barcelona,558,RC Celta de Vigo
football-data.org,PD,La Liga,564779,2026-12-13T16:00:00Z,16,84,Málaga CF,81,FC Barcelona
football-data.org,PD,La Liga,564780,2026-12-13T16:00:00Z,16,86,Real Madrid CF,79,CA Osasuna
football-data.org,PD,La Liga,564781,2026-12-13T16:00:00Z,16,560,RC Deportivo La Coruña,77,Athletic Club
football-data.org,PD,La Liga,564782,2026-12-13T16:00:00Z,16,88,Levante UD,263,Deportivo Alavés
football-data.org,PD,La Liga,564783,2026-12-13T16:00:00Z,16,285,Elche CF,559,Sevilla FC
football-data.org,PD,La Liga,564784,2026-12-13T16:00:00Z,16,94,Villarreal CF,87,Rayo Vallecano de Madrid
football-data.org,PD,La Liga,564785,2026-12-13T16:00:00Z,16,90,Real Betis Balompié,5335,Real Racing Club de Santander
football-data.org,PD,La Liga,564786,2026-12-13T16:00:00Z,16,92,Real Sociedad de Fútbol,82,Getafe CF
football-data.org,PD,La Liga,564787,2026-12-13T16:00:00Z,16,78,Club Atlético de Madrid,95,Valencia CF
football-data.org,PD,La Liga,564788,2026-12-20T16:00:00Z,17,77,Athletic Club,90,Real Betis Balompié
football-data.org,PD,La Liga,564789,2026-12-20T16:00:00Z,17,82,Getafe CF,88,Levante UD
football-data.org,PD,La Liga,564790,2026-12-20T16:00:00Z,17,263,Deportivo Alavés,285,Elche CF
football-data.org,PD,La Liga,564791,2026-12-20T16:00:00Z,17,95,Valencia CF,80,RCD Espanyol de Barcelona
football-data.org,PD,La Liga,564792,2026-12-20T16:00:00Z,17,79,CA Osasuna,94,Villarreal CF
football-data.org,PD,La Liga,564793,2026-12-20T16:00:00Z,17,81,FC Barcelona,92,Real Sociedad de Fútbol
football-data.org,PD,La Liga,564794,2026-12-20T16:00:00Z,17,558,RC Celta de Vigo,78,Club Atlético de Madrid
football-data.org,PD,La Liga,564795,2026-12-20T16:00:00Z,17,87,Rayo Vallecano de Madrid,84,Málaga CF
football-data.org,PD,La Liga,564796,2026-12-20T16:00:00Z,17,560,RC Deportivo La Coruña,86,Real Madrid CF
football-data.org,PD,La Liga,564797,2026-12-20T16:00:00Z,17,559,Sevilla FC,5335,Real Racing Club de Santander
football-data.org,PD,La Liga,564798,2027-01-03T12:00:00Z,18,86,Real Madrid CF,82,Getafe CF
football-data.org,PD,La Liga,564799,2027-01-03T12:00:00Z,18,92,Real Sociedad de Fútbol,79,CA Osasuna
football-data.org,PD,La Liga,564800,2027-01-03T12:00:00Z,18,88,Levante UD,95,Valencia CF
football-data.org,PD,La Liga,564801,2027-01-03T12:00:00Z,18,5335,Real Racing Club de Santander,77,Athletic Club
football-data.org,PD,La Liga,564802,2027-01-03T12:00:00Z,18,84,Málaga CF,285,Elche CF
football-data.org,PD,La Liga,564803,2027-01-03T12:00:00Z,18,90,Real Betis Balompié,263,Deportivo Alavés
football-data.org,PD,La Liga,564804,2027-01-03T12:00:00Z,18,558,RC Celta de Vigo,560,RC Deportivo La Coruña
football-data.org,PD,La Liga,564805,2027-01-03T12:00:00Z,18,80,RCD Espanyol de Barcelona,81,FC Barcelona
football-data.org,PD,La Liga,564806,2027-01-03T12:00:00Z,18,94,Villarreal CF,559,Sevilla FC
football-data.org,PD,La Liga,564807,2027-01-03T12:00:00Z,18,87,Rayo Vallecano de Madrid,78,Club Atlético de Madrid
football-data.org,PD,La Liga,564808,2027-01-10T12:00:00Z,19,77,Athletic Club,94,Villarreal CF
football-data.org,PD,La Liga,564809,2027-01-10T12:00:00Z,19,285,Elche CF,82,Getafe CF
football-data.org,PD,La Liga,564810,2027-01-10T12:00:00Z,19,86,Real Madrid CF,88,Levante UD
football-data.org,PD,La Liga,564811,2027-01-10T12:00:00Z,19,79,CA Osasuna,81,FC Barcelona
football-data.org,PD,La Liga,564812,2027-01-10T12:00:00Z,19,560,RC Deportivo La Coruña,87,Rayo Vallecano de Madrid
football-data.org,PD,La Liga,564813,2027-01-10T12:00:00Z,19,78,Club Atlético de Madrid,5335,Real Racing Club de Santander
football-data.org,PD,La Liga,564814,2027-01-10T12:00:00Z,19,263,Deportivo Alavés,92,Real Sociedad de Fútbol
football-data.org,PD,La Liga,564815,2027-01-10T12:00:00Z,19,559,Sevilla FC,558,RC Celta de Vigo
football-data.org,PD,La Liga,564816,2027-01-10T12:00:00Z,19,80,RCD Espanyol de Barcelona,90,Real Betis Balompié
football-data.org,PD,La Liga,564817,2027-01-10T12:00:00Z,19,95,Valencia CF,84,Málaga CF
football-data.org,PD,La Liga,564818,2027-01-17T12:00:00Z,20,84,Málaga CF,86,Real Madrid CF
football-data.org,PD,La Liga,564819,2027-01-17T12:00:00Z,20,81,FC Barcelona,285,Elche CF
football-data.org,PD,La Liga,564820,2027-01-17T12:00:00Z,20,94,Villarreal CF,263,Deportivo Alavés
football-data.org,PD,La Liga,564821,2027-01-17T12:00:00Z,20,5335,Real Racing Club de Santander,79,CA Osasuna
football-data.org,PD,La Liga,564822,2027-01-17T12:00:00Z,20,88,Levante UD,80,RCD Espanyol de Barcelona
football-data.org,PD,La Liga,564823,2027-01-17T12:00:00Z,20,558,RC Celta de Vigo,95,Valencia CF
football-data.org,PD,La Liga,564824,2027-01-17T12:00:00Z,20,82,Getafe CF,77,Athletic Club
football-data.org,PD,La Liga,564825,2027-01-17T12:00:00Z,20,87,Rayo Vallecano de Madrid,559,Sevilla FC
football-data.org,PD,La Liga,564826,2027-01-17T12:00:00Z,20,90,Real Betis Balompié,560,RC Deportivo La Coruña
football-data.org,PD,La Liga,564827,2027-01-17T12:00:00Z,20,78,Club Atlético de Madrid,92,Real Sociedad de Fútbol
football-data.org,PD,La Liga,564828,2027-01-24T12:00:00Z,21,86,Real Madrid CF,90,Real Betis Balompié
football-data.org,PD,La Liga,564829,2027-01-24T12:00:00Z,21,82,Getafe CF,79,CA Osasuna
football-data.org,PD,La Liga,564830,2027-01-24T12:00:00Z,21,95,Valencia CF,559,Sevilla FC
football-data.org,PD,La Liga,564831,2027-01-24T12:00:00Z,21,285,Elche CF,87,Rayo Vallecano de Madrid
football-data.org,PD,La Liga,564832,2027-01-24T12:00:00Z,21,263,Deportivo Alavés,81,FC Barcelona
football-data.org,PD,La Liga,564833,2027-01-24T12:00:00Z,21,92,Real Sociedad de Fútbol,84,Málaga CF
football-data.org,PD,La Liga,564834,2027-01-24T12:00:00Z,21,5335,Real Racing Club de Santander,558,RC Celta de Vigo
football-data.org,PD,La Liga,564835,2027-01-24T12:00:00Z,21,77,Athletic Club,88,Levante UD
football-data.org,PD,La Liga,564836,2027-01-24T12:00:00Z,21,80,RCD Espanyol de Barcelona,94,Villarreal CF
football-data.org,PD,La Liga,564837,2027-01-24T12:00:00Z,21,560,RC Deportivo La Coruña,78,Club Atlético de Madrid
football-data.org,PD,La Liga,564838,2027-01-31T12:00:00Z,22,90,Real Betis Balompié,285,Elche CF
football-data.org,PD,La Liga,564839,2027-01-31T12:00:00Z,22,87,Rayo Vallecano de Madrid,86,Real Madrid CF
football-data.org,PD,La Liga,564840,2027-01-31T12:00:00Z,22,78,Club Atlético de Madrid,80,RCD Espanyol de Barcelona
football-data.org,PD,La Liga,564841,2027-01-31T12:00:00Z,22,558,RC Celta de Vigo,82,Getafe CF
football-data.org,PD,La Liga,564842,2027-01-31T12:00:00Z,22,94,Villarreal CF,5335,Real Racing Club de Santander
football-data.org,PD,La Liga,564843,2027-01-31T12:00:00Z,22,88,Levante UD,92,Real Sociedad de Fútbol
football-data.org,PD,La Liga,564844,2027-01-31T12:00:00Z,22,81,FC Barcelona,95,Valencia CF
football-data.org,PD,La Liga,564845,2027-01-31T12:00:00Z,22,559,Sevilla FC,77,Athletic Club
football-data.org,PD,La Liga,564846,2027-01-31T12:00:00Z,22,79,CA Osasuna,560,RC Deportivo La Coruña
football-data.org,PD,La Liga,564847,2027-01-31T12:00:00Z,22,84,Málaga CF,263,Deportivo Alavés
football-data.org,PD,La Liga,564848,2027-02-07T12:00:00Z,23,77,Athletic Club,79,CA Osasuna
football-data.org,PD,La Liga,564849,2027-02-07T12:00:00Z,23,263,Deportivo Alavés,558,RC Celta de Vigo
football-data.org,PD,La Liga,564850,2027-02-07T12:00:00Z,23,90,Real Betis Balompié,559,Sevilla FC
football-data.org,PD,La Liga,564851,2027-02-07T12:00:00Z,23,285,Elche CF,88,Levante UD
football-data.org,PD,La Liga,564852,2027-02-07T12:00:00Z,23,80,RCD Espanyol de Barcelona,87,Rayo Vallecano de Madrid
football-data.org,PD,La Liga,564853,2027-02-07T12:00:00Z,23,82,Getafe CF,94,Villarreal CF
football-data.org,PD,La Liga,564854,2027-02-07T12:00:00Z,23,560,RC Deportivo La Coruña,84,Málaga CF
football-data.org,PD,La Liga,564855,2027-02-07T12:00:00Z,23,92,Real Sociedad de Fútbol,86,Real Madrid CF
football-data.org,PD,La Liga,564856,2027-02-07T12:00:00Z,23,95,Valencia CF,5335,Real Racing Club de Santander
football-data.org,PD,La Liga,564857,2027-02-07T12:00:00Z,23,81,FC Barcelona,78,Club Atlético de Madrid
football-data.org,PD,La Liga,564858,2027-02-14T12:00:00Z,24,559,Sevilla FC,80,RCD Espanyol de Barcelona
football-data.org,PD,La Liga,564859,2027-02-14T12:00:00Z,24,79,CA Osasuna,78,Club Atlético de Madrid
football-data.org,PD,La Liga,564860,2027-02-14T12:00:00Z,24,558,RC Celta de Vigo,87,Rayo Vallecano de Madrid
football-data.org,PD,La Liga,564861,2027-02-14T12:00:00Z,24,94,Villarreal CF,81,FC Barcelona
football-data.org,PD,La Liga,564862,2027-02-14T12:00:00Z,24,92,Real Sociedad de Fútbol,90,Real Betis Balompié
football-data.org,PD,La Liga,564863,2027-02-14T12:00:00Z,24,285,Elche CF,560,RC Deportivo La Coruña
football-data.org,PD,La Liga,564864,2027-02-14T12:00:00Z,24,95,Valencia CF,263,Deportivo Alavés
football-data.org,PD,La Liga,564865,2027-02-14T12:00:00Z,24,88,Levante UD,84,Málaga CF
football-data.org,PD,La Liga,564866,2027-02-14T12:00:00Z,24,5335,Real Racing Club de Santander,82,Getafe CF
football-data.org,PD,La Liga,564867,2027-02-14T12:00:00Z,24,86,Real Madrid CF,77,Athletic Club
football-data.org,PD,La Liga,564868,2027-02-21T12:00:00Z,25,263,Deportivo Alavés,5335,Real Racing Club de Santander
football-data.org,PD,La Liga,564869,2027-02-21T12:00:00Z,25,84,Málaga CF,90,Real Betis Balompié
football-data.org,PD,La Liga,564870,2027-02-21T12:00:00Z,25,94,Villarreal CF,95,Valencia CF
football-data.org,PD,La Liga,564871,2027-02-21T12:00:00Z,25,81,FC Barcelona,88,Levante UD
football-data.org,PD,La Liga,564872,2027-02-21T12:00:00Z,25,77,Athletic Club,558,RC Celta de Vigo
football-data.org,PD,La Liga,564873,2027-02-21T12:00:00Z,25,80,RCD Espanyol de Barcelona,79,CA Osasuna
football-data.org,PD,La Liga,564874,2027-02-21T12:00:00Z,25,559,Sevilla FC,86,Real Madrid CF
football-data.org,PD,La Liga,564875,2027-02-21T12:00:00Z,25,78,Club Atlético de Madrid,285,Elche CF
football-data.org,PD,La Liga,564876,2027-02-21T12:00:00Z,25,560,RC Deportivo La Coruña,92,Real Sociedad de Fútbol
football-data.org,PD,La Liga,564877,2027-02-21T12:00:00Z,25,87,Rayo Vallecano de Madrid,82,Getafe CF
football-data.org,PD,La Liga,564878,2027-02-28T12:00:00Z,26,558,RC Celta de Vigo,80,RCD Espanyol de Barcelona
football-data.org,PD,La Liga,564879,2027-02-28T12:00:00Z,26,88,Levante UD,560,RC Deportivo La Coruña
football-data.org,PD,La Liga,564880,2027-02-28T12:00:00Z,26,84,Málaga CF,78,Club Atlético de Madrid
football-data.org,PD,La Liga,564881,2027-02-28T12:00:00Z,26,79,CA Osasuna,559,Sevilla FC
football-data.org,PD,La Liga,564882,2027-02-28T12:00:00Z,26,86,Real Madrid CF,95,Valencia CF
football-data.org,PD,La Liga,564883,2027-02-28T12:00:00Z,26,82,Getafe CF,263,Deportivo Alavés
football-data.org,PD,La Liga,564884,2027-02-28T12:00:00Z,26,77,Athletic Club,81,FC Barcelona
football-data.org,PD,La Liga,564885,2027-02-28T12:00:00Z,26,5335,Real Racing Club de Santander,87,Rayo Vallecano de Madrid
football-data.org,PD,La Liga,564886,2027-02-28T12:00:00Z,26,90,Real Betis Balompié,94,Villarreal CF
football-data.org,PD,La Liga,564887,2027-02-28T12:00:00Z,26,92,Real Sociedad de Fútbol,285,Elche CF
football-data.org,PD,La Liga,564888,2027-03-07T12:00:00Z,27,81,FC Barcelona,90,Real Betis Balompié
football-data.org,PD,La Liga,564889,2027-03-07T12:00:00Z,27,285,Elche CF,84,Málaga CF
football-data.org,PD,La Liga,564890,2027-03-07T12:00:00Z,27,263,Deportivo Alavés,77,Athletic Club
football-data.org,PD,La Liga,564891,2027-03-07T12:00:00Z,27,87,Rayo Vallecano de Madrid,79,CA Osasuna
football-data.org,PD,La Liga,564892,2027-03-07T12:00:00Z,27,559,Sevilla FC,92,Real Sociedad de Fútbol
football-data.org,PD,La Liga,564893,2027-03-07T12:00:00Z,27,78,Club Atlético de Madrid,558,RC Celta de Vigo
football-data.org,PD,La Liga,564894,2027-03-07T12:00:00Z,27,94,Villarreal CF,86,Real Madrid CF
football-data.org,PD,La Liga,564895,2027-03-07T12:00:00Z,27,95,Valencia CF,88,Levante UD
football-data.org,PD,La Liga,564896,2027-03-07T12:00:00Z,27,560,RC Deportivo La Coruña,82,Getafe CF
football-data.org,PD,La Liga,564897,2027-03-07T12:00:00Z,27,80,RCD Espanyol de Barcelona,5335,Real Racing Club de Santander
football-data.org,PD,La Liga,564898,2027-03-14T12:00:00Z,28,79,CA Osasuna,558,RC Celta de Vigo
football-data.org,PD,La Liga,564899,2027-03-14T12:00:00Z,28,285,Elche CF,94,Villarreal CF
football-data.org,PD,La Liga,564900,2027-03-14T12:00:00Z,28,263,Deportivo Alavés,559,Sevilla FC
football-data.org,PD,La Liga,564901,2027-03-14T12:00:00Z,28,77,Athletic Club,95,Valencia CF
football-data.org,PD,La Liga,564902,2027-03-14T12:00:00Z,28,90,Real Betis Balompié,88,Levante UD
football-data.org,PD,La Liga,564903,2027-03-14T12:00:00Z,28,5335,Real Racing Club de Santander,78,Club Atlético de Madrid
football-data.org,PD,La Liga,564904,2027-03-14T12:00:00Z,28,84,Málaga CF,87,Rayo Vallecano de Madrid
football-data.org,PD,La Liga,564905,2027-03-14T12:00:00Z,28,82,Getafe CF,92,Real Sociedad de Fútbol
football-data.org,PD,La Liga,564906,2027-03-14T12:00:00Z,28,81,FC Barcelona,560,RC Deportivo La Coruña
football-data.org,PD,La Liga,564907,2027-03-14T12:00:00Z,28,86,Real Madrid CF,80,RCD Espanyol de Barcelona
football-data.org,PD,La Liga,564908,2027-03-21T12:00:00Z,29,94,Villarreal CF,84,Málaga CF
football-data.org,PD,La Liga,564909,2027-03-21T12:00:00Z,29,559,Sevilla FC,285,Elche CF
football-data.org,PD,La Liga,564910,2027-03-21T12:00:00Z,29,88,Levante UD,79,CA Osasuna
football-data.org,PD,La Liga,564911,2027-03-21T12:00:00Z,29,558,RC Celta de Vigo,86,Real Madrid CF
football-data.org,PD,La Liga,564912,2027-03-21T12:00:00Z,29,87,Rayo Vallecano de Madrid,81,FC Barcelona
football-data.org,PD,La Liga,564913,2027-03-21T12:00:00Z,29,92,Real Sociedad de Fútbol,263,Deportivo Alavés
football-data.org,PD,La Liga,564914,2027-03-21T12:00:00Z,29,80,RCD Espanyol de Barcelona,77,Athletic Club
football-data.org,PD,La Liga,564915,2027-03-21T12:00:00Z,29,5335,Real Racing Club de Santander,90,Real Betis Balompié
football-data.org,PD,La Liga,564916,2027-03-21T12:00:00Z,29,95,Valencia CF,560,RC Deportivo La Coruña
football-data.org,PD,La Liga,564917,2027-03-21T12:00:00Z,29,78,Club Atlético de Madrid,82,Getafe CF
football-data.org,PD,La Liga,564918,2027-04-04T12:00:00Z,30,88,Levante UD,87,Rayo Vallecano de Madrid
football-data.org,PD,La Liga,564919,2027-04-04T12:00:00Z,30,81,FC Barcelona,559,Sevilla FC
football-data.org,PD,La Liga,564920,2027-04-04T12:00:00Z,30,84,Málaga CF,79,CA Osasuna
football-data.org,PD,La Liga,564921,2027-04-04T12:00:00Z,30,77,Athletic Club,5335,Real Racing Club de Santander
football-data.org,PD,La Liga,564922,2027-04-04T12:00:00Z,30,560,RC Deportivo La Coruña,94,Villarreal CF
football-data.org,PD,La Liga,564923,2027-04-04T12:00:00Z,30,92,Real Sociedad de Fútbol,95,Valencia CF
football-data.org,PD,La Liga,564924,2027-04-04T12:00:00Z,30,285,Elche CF,263,Deportivo Alavés
football-data.org,PD,La Liga,564925,2027-04-04T12:00:00Z,30,86,Real Madrid CF,78,Club Atlético de Madrid
football-data.org,PD,La Liga,564926,2027-04-04T12:00:00Z,30,82,Getafe CF,80,RCD Espanyol de Barcelona
football-data.org,PD,La Liga,564927,2027-04-04T12:00:00Z,30,90,Real Betis Balompié,558,RC Celta de Vigo
football-data.org,PD,La Liga,564928,2027-04-11T12:00:00Z,31,87,Rayo Vallecano de Madrid,92,Real Sociedad de Fútbol
football-data.org,PD,La Liga,564929,2027-04-11T12:00:00Z,31,80,RCD Espanyol de Barcelona,84,Málaga CF
football-data.org,PD,La Liga,564930,2027-04-11T12:00:00Z,31,94,Villarreal CF,77,Athletic Club
football-data.org,PD,La Liga,564931,2027-04-11T12:00:00Z,31,263,Deportivo Alavés,90,Real Betis Balompié
football-data.org,PD,La Liga,564932,2027-04-11T12:00:00Z,31,95,Valencia CF,82,Getafe CF
football-data.org,PD,La Liga,564933,2027-04-11T12:00:00Z,31,559,Sevilla FC,560,RC Deportivo La Coruña
football-data.org,PD,La Liga,564934,2027-04-11T12:00:00Z,31,558,RC Celta de Vigo,285,Elche CF
football-data.org,PD,La Liga,564935,2027-04-11T12:00:00Z,31,5335,Real Racing Club de Santander,81,FC Barcelona
football-data.org,PD,La Liga,564936,2027-04-11T12:00:00Z,31,79,CA Osasuna,86,Real Madrid CF
football-data.org,PD,La Liga,564937,2027-04-11T12:00:00Z,31,78,Club Atlético de Madrid,88,Levante UD
football-data.org,PD,La Liga,564938,2027-04-18T12:00:00Z,32,78,Club Atlético de Madrid,559,Sevilla FC
football-data.org,PD,La Liga,564939,2027-04-18T12:00:00Z,32,81,FC Barcelona,80,RCD Espanyol de Barcelona
football-data.org,PD,La Liga,564940,2027-04-18T12:00:00Z,32,88,Levante UD,94,Villarreal CF
football-data.org,PD,La Liga,564941,2027-04-18T12:00:00Z,32,92,Real Sociedad de Fútbol,5335,Real Racing Club de Santander
football-data.org,PD,La Liga,564942,2027-04-18T12:00:00Z,32,84,Málaga CF,95,Valencia CF
football-data.org,PD,La Liga,564943,2027-04-18T12:00:00Z,32,560,RC Deportivo La Coruña,558,RC Celta de Vigo
football-data.org,PD,La Liga,564944,2027-04-18T12:00:00Z,32,285,Elche CF,79,CA Osasuna
football-data.org,PD,La Liga,564945,2027-04-18T12:00:00Z,32,263,Deportivo Alavés,87,Rayo Vallecano de Madrid
football-data.org,PD,La Liga,564946,2027-04-18T12:00:00Z,32,90,Real Betis Balompié,77,Athletic Club
football-data.org,PD,La Liga,564947,2027-04-18T12:00:00Z,32,82,Getafe CF,86,Real Madrid CF
football-data.org,PD,La Liga,564948,2027-04-21T12:00:00Z,33,82,Getafe CF,90,Real Betis Balompié
football-data.org,PD,La Liga,564949,2027-04-21T12:00:00Z,33,95,Valencia CF,87,Rayo Vallecano de Madrid
football-data.org,PD,La Liga,564950,2027-04-21T12:00:00Z,33,558,RC Celta de Vigo,81,FC Barcelona
football-data.org,PD,La Liga,564951,2027-04-21T12:00:00Z,33,79,CA Osasuna,263,Deportivo Alavés
football-data.org,PD,La Liga,564952,2027-04-21T12:00:00Z,33,86,Real Madrid CF,285,Elche CF
football-data.org,PD,La Liga,564953,2027-04-21T12:00:00Z,33,77,Athletic Club,560,RC Deportivo La Coruña
football-data.org,PD,La Liga,564954,2027-04-21T12:00:00Z,33,5335,Real Racing Club de Santander,84,Málaga CF
football-data.org,PD,La Liga,564955,2027-04-21T12:00:00Z,33,94,Villarreal CF,78,Club Atlético de Madrid
football-data.org,PD,La Liga,564956,2027-04-21T12:00:00Z,33,559,Sevilla FC,88,Levante UD
football-data.org,PD,La Liga,564957,2027-04-21T12:00:00Z,33,80,RCD Espanyol de Barcelona,92,Real Sociedad de Fútbol
football-data.org,PD,La Liga,564958,2027-05-02T12:00:00Z,34,560,RC Deportivo La Coruña,5335,Real Racing Club de Santander
football-data.org,PD,La Liga,564959,2027-05-02T12:00:00Z,34,558,RC Celta de Vigo,559,Sevilla FC
football-data.org,PD,La Liga,564960,2027-05-02T12:00:00Z,34,92,Real Sociedad de Fútbol,77,Athletic Club
football-data.org,PD,La Liga,564961,2027-05-02T12:00:00Z,34,81,FC Barcelona,79,CA Osasuna
football-data.org,PD,La Liga,564962,2027-05-02T12:00:00Z,34,87,Rayo Vallecano de Madrid,94,Villarreal CF
football-data.org,PD,La Liga,564963,2027-05-02T12:00:00Z,34,84,Málaga CF,82,Getafe CF
football-data.org,PD,La Liga,564964,2027-05-02T12:00:00Z,34,90,Real Betis Balompié,95,Valencia CF
football-data.org,PD,La Liga,564965,2027-05-02T12:00:00Z,34,285,Elche CF,80,RCD Espanyol de Barcelona
football-data.org,PD,La Liga,564966,2027-05-02T12:00:00Z,34,88,Levante UD,86,Real Madrid CF
football-data.org,PD,La Liga,564967,2027-05-02T12:00:00Z,34,78,Club Atlético de Madrid,263,Deportivo Alavés
football-data.org,PD,La Liga,564968,2027-05-09T12:00:00Z,35,95,Valencia CF,78,Club Atlético de Madrid
football-data.org,PD,La Liga,564969,2027-05-09T12:00:00Z,35,79,CA Osasuna,92,Real Sociedad de Fútbol
football-data.org,PD,La Liga,564970,2027-05-09T12:00:00Z,35,263,Deportivo Alavés,88,Levante UD
football-data.org,PD,La Liga,564971,2027-05-09T12:00:00Z,35,77,Athletic Club,84,Málaga CF
football-data.org,PD,La Liga,564972,2027-05-09T12:00:00Z,35,5335,Real Racing Club de Santander,559,Sevilla FC
football-data.org,PD,La Liga,564973,2027-05-09T12:00:00Z,35,87,Rayo Vallecano de Madrid,560,RC Deportivo La Coruña
football-data.org,PD,La Liga,564974,2027-05-09T12:00:00Z,35,90,Real Betis Balompié,80,RCD Espanyol de Barcelona
football-data.org,PD,La Liga,564975,2027-05-09T12:00:00Z,35,86,Real Madrid CF,81,FC Barcelona
football-data.org,PD,La Liga,564976,2027-05-09T12:00:00Z,35,82,Getafe CF,285,Elche CF
football-data.org,PD,La Liga,564977,2027-05-09T12:00:00Z,35,94,Villarreal CF,558,RC Celta de Vigo
football-data.org,PD,La Liga,564978,2027-05-16T12:00:00Z,36,78,Club Atlético de Madrid,87,Rayo Vallecano de Madrid
football-data.org,PD,La Liga,564979,2027-05-16T12:00:00Z,36,559,Sevilla FC,94,Villarreal CF
football-data.org,PD,La Liga,564980,2027-05-16T12:00:00Z,36,92,Real Sociedad de Fútbol,81,FC Barcelona
football-data.org,PD,La Liga,564981,2027-05-16T12:00:00Z,36,285,Elche CF,77,Athletic Club
football-data.org,PD,La Liga,564982,2027-05-16T12:00:00Z,36,84,Málaga CF,558,RC Celta de Vigo
football-data.org,PD,La Liga,564983,2027-05-16T12:00:00Z,36,560,RC Deportivo La Coruña,263,Deportivo Alavés
football-data.org,PD,La Liga,564984,2027-05-16T12:00:00Z,36,88,Levante UD,82,Getafe CF
football-data.org,PD,La Liga,564985,2027-05-16T12:00:00Z,36,80,RCD Espanyol de Barcelona,95,Valencia CF
football-data.org,PD,La Liga,564986,2027-05-16T12:00:00Z,36,86,Real Madrid CF,5335,Real Racing Club de Santander
football-data.org,PD,La Liga,564987,2027-05-16T12:00:00Z,36,79,CA Osasuna,90,Real Betis Balompié
football-data.org,PD,La Liga,564992,2027-05-23T12:00:00Z,37,78,Club Atlético de Madrid,77,Athletic Club
football-data.org,PD,La Liga,564993,2027-05-23T12:00:00Z,37,263,Deportivo Alavés,86,Real Madrid CF
football-data.org,PD,La Liga,564994,2027-05-23T12:00:00Z,37,559,Sevilla FC,82,Getafe CF
football-data.org,PD,La Liga,564995,2027-05-23T12:00:00Z,37,94,Villarreal CF,79,CA Osasuna
football-data.org,PD,La Liga,564996,2027-05-23T12:00:00Z,37,5335,Real Racing Club de Santander,88,Levante UD
football-data.org,PD,La Liga,564997,2027-05-23T12:00:00Z,37,560,RC Deportivo La Coruña,80,RCD Espanyol de Barcelona
football-data.org,PD,La Liga,564988,2027-05-23T12:00:00Z,37,87,Rayo Vallecano de Madrid,90,Real Betis Balompié
football-data.org,PD,La Liga,564989,2027-05-23T12:00:00Z,37,81,FC Barcelona,84,Málaga CF
football-data.org,PD,La Liga,564990,2027-05-23T12:00:00Z,37,95,Valencia CF,285,Elche CF
football-data.org,PD,La Liga,564991,2027-05-23T12:00:00Z,37,558,RC Celta de Vigo,92,Real Sociedad de Fútbol
football-data.org,PD,La Liga,564998,2027-05-30T12:00:00Z,38,88,Levante UD,558,RC Celta de Vigo
football-data.org,PD,La Liga,564999,2027-05-30T12:00:00Z,38,86,Real Madrid CF,560,RC Deportivo La Coruña
football-data.org,PD,La Liga,565000,2027-05-30T12:00:00Z,38,90,Real Betis Balompié,78,Club Atlético de Madrid
football-data.org,PD,La Liga,565001,2027-05-30T12:00:00Z,38,92,Real Sociedad de Fútbol,94,Villarreal CF
football-data.org,PD,La Liga,565002,2027-05-30T12:00:00Z,38,84,Málaga CF,559,Sevilla FC
football-data.org,PD,La Liga,565003,2027-05-30T12:00:00Z,38,285,Elche CF,5335,Real Racing Club de Santander
football-data.org,PD,La Liga,565004,2027-05-30T12:00:00Z,38,77,Athletic Club,87,Rayo Vallecano de Madrid
football-data.org,PD,La Liga,565005,2027-05-30T12:00:00Z,38,80,RCD Espanyol de Barcelona,263,Deportivo Alavés
football-data.org,PD,La Liga,565006,2027-05-30T12:00:00Z,38,82,Getafe CF,81,FC Barcelona
football-data.org,PD,La Liga,565007,2027-05-30T12:00:00Z,38,79,CA Osasuna,95,Valencia CF
football-data.org,BL1,Bundesliga,565776,2026-08-28T18:30:00Z,1,5,FC Bayern München,10,VfB Stuttgart
football-data.org,BL1,Bundesliga,565777,2026-08-29T13:30:00Z,1,721,RB Leipzig,18,Borussia Mönchengladbach
football-data.org,BL1,Bundesliga,565778,2026-08-29T13:30:00Z,1,15,1. FSV Mainz 05,29,SC Paderborn 07
football-data.org,BL1,Bundesliga,565779,2026-08-29T13:30:00Z,1,28,1. FC Union Berlin,19,Eintracht Frankfurt
football-data.org,BL1,Bundesliga,565780,2026-08-29T13:30:00Z,1,719,SV 07 Elversberg,3,Bayer 04 Leverkusen
football-data.org,BL1,Bundesliga,565783,2026-08-29T13:30:00Z,1,1,1. FC Köln,2,TSG 1899 Hoffenheim
football-data.org,BL1,Bundesliga,565781,2026-08-29T16:30:00Z,1,4,Borussia Dortmund,7,Hamburger SV
football-data.org,BL1,Bundesliga,565784,2026-08-30T13:30:00Z,1,17,SC Freiburg,12,SV Werder Bremen
football-data.org,BL1,Bundesliga,565782,2026-08-30T15:30:00Z,1,16,FC Augsburg,6,FC Schalke 04
football-data.org,BL1,Bundesliga,565791,2026-09-04T18:30:00Z,2,10,VfB Stuttgart,1,1. FC Köln
football-data.org,BL1,Bundesliga,565785,2026-09-05T13:30:00Z,2,12,SV Werder Bremen,721,RB Leipzig
football-data.org,BL1,Bundesliga,565787,2026-09-05T13:30:00Z,2,2,TSG 1899 Hoffenheim,4,Borussia Dortmund
football-data.org,BL1,Bundesliga,565790,2026-09-05T13:30:00Z,2,3,Bayer 04 Leverkusen,28,1. FC Union Berlin
football-data.org,BL1,Bundesliga,565792,2026-09-05T13:30:00Z,2,18,Borussia Mönchengladbach,719,SV 07 Elversberg
football-data.org,BL1,Bundesliga,565793,2026-09-05T13:30:00Z,2,29,SC Paderborn 07,17,SC Freiburg
football-data.org,BL1,Bundesliga,565789,2026-09-05T16:30:00Z,2,6,FC Schalke 04,5,FC Bayern München
football-data.org,BL1,Bundesliga,565788,2026-09-06T13:30:00Z,2,7,Hamburger SV,15,1. FSV Mainz 05
football-data.org,BL1,Bundesliga,565786,2026-09-06T15:30:00Z,2,19,Eintracht Frankfurt,16,FC Augsburg
football-data.org,BL1,Bundesliga,565797,2026-09-11T18:30:00Z,3,28,1. FC Union Berlin,6,FC Schalke 04
football-data.org,BL1,Bundesliga,565794,2026-09-12T13:30:00Z,3,2,TSG 1899 Hoffenheim,10,VfB Stuttgart
football-data.org,BL1,Bundesliga,565795,2026-09-12T13:30:00Z,3,4,Borussia Dortmund,29,SC Paderborn 07
football-data.org,BL1,Bundesliga,565796,2026-09-12T13:30:00Z,3,16,FC Augsburg,3,Bayer 04 Leverkusen
football-data.org,BL1,Bundesliga,565801,2026-09-12T13:30:00Z,3,15,1. FSV Mainz 05,19,Eintracht Frankfurt
football-data.org,BL1,Bundesliga,565802,2026-09-12T13:30:00Z,3,17,SC Freiburg,18,Borussia Mönchengladbach
football-data.org,BL1,Bundesliga,565798,2026-09-12T16:30:00Z,3,1,1. FC Köln,12,SV Werder Bremen
football-data.org,BL1,Bundesliga,565799,2026-09-13T13:30:00Z,3,721,RB Leipzig,7,Hamburger SV
football-data.org,BL1,Bundesliga,565800,2026-09-13T15:30:00Z,3,719,SV 07 Elversberg,5,FC Bayern München
football-data.org,BL1,Bundesliga,565804,2026-09-18T18:30:00Z,4,5,FC Bayern München,28,1. FC Union Berlin
football-data.org,BL1,Bundesliga,565808,2026-09-19T13:30:00Z,4,7,Hamburger SV,1,1. FC Köln
football-data.org,BL1,Bundesliga,565809,2026-09-19T13:30:00Z,4,18,Borussia Mönchengladbach,15,1. FSV Mainz 05
football-data.org,BL1,Bundesliga,565810,2026-09-19T13:30:00Z,4,12,SV Werder Bremen,16,FC Augsburg
football-data.org,BL1,Bundesliga,565811,2026-09-19T13:30:00Z,4,19,Eintracht Frankfurt,17,SC Freiburg
football-data.org,BL1,Bundesliga,565806,2026-09-19T16:30:00Z,4,10,VfB Stuttgart,4,Borussia Dortmund
football-data.org,BL1,Bundesliga,565807,2026-09-20T13:30:00Z,4,3,Bayer 04 Leverkusen,721,RB Leipzig
football-data.org,BL1,Bundesliga,565805,2026-09-20T15:30:00Z,4,6,FC Schalke 04,719,SV 07 Elversberg
football-data.org,BL1,Bundesliga,565803,2026-09-20T17:30:00Z,4,29,SC Paderborn 07,2,TSG 1899 Hoffenheim
football-data.org,BL1,Bundesliga,565812,2026-10-10T13:30:00Z,5,15,1. FSV Mainz 05,3,Bayer 04 Leverkusen
football-data.org,BL1,Bundesliga,565813,2026-10-10T13:30:00Z,5,29,SC Paderborn 07,10,VfB Stuttgart
football-data.org,BL1,Bundesliga,565814,2026-10-10T13:30:00Z,5,1,1. FC Köln,18,Borussia Mönchengladbach
football-data.org,BL1,Bundesliga,565815,2026-10-10T13:30:00Z,5,721,RB Leipzig,19,Eintracht Frankfurt
football-data.org,BL1,Bundesliga,565816,2026-10-10T13:30:00Z,5,17,SC Freiburg,6,FC Schalke 04
football-data.org,BL1,Bundesliga,565817,2026-10-10T13:30:00Z,5,28,1. FC Union Berlin,719,SV 07 Elversberg
football-data.org,BL1,Bundesliga,565818,2026-10-10T13:30:00Z,5,2,TSG 1899 Hoffenheim,7,Hamburger SV
football-data.org,BL1,Bundesliga,565819,2026-10-10T13:30:00Z,5,16,FC Augsburg,5,FC Bayern München
football-data.org,BL1,Bundesliga,565820,2026-10-10T13:30:00Z,5,4,Borussia Dortmund,12,SV Werder Bremen
football-data.org,BL1,Bundesliga,565821,2026-10-17T13:30:00Z,6,28,1. FC Union Berlin,4,Borussia Dortmund
football-data.org,BL1,Bundesliga,565822,2026-10-17T13:30:00Z,6,7,Hamburger SV,10,VfB Stuttgart
football-data.org,BL1,Bundesliga,565823,2026-10-17T13:30:00Z,6,12,SV Werder Bremen,29,SC Paderborn 07
football-data.org,BL1,Bundesliga,565824,2026-10-17T13:30:00Z,6,719,SV 07 Elversberg,16,FC Augsburg
football-data.org,BL1,Bundesliga,565825,2026-10-17T13:30:00Z,6,5,FC Bayern München,721,RB Leipzig
football-data.org,BL1,Bundesliga,565826,2026-10-17T13:30:00Z,6,18,Borussia Mönchengladbach,2,TSG 1899 Hoffenheim
football-data.org,BL1,Bundesliga,565827,2026-10-17T13:30:00Z,6,3,Bayer 04 Leverkusen,17,SC Freiburg
football-data.org,BL1,Bundesliga,565828,2026-10-17T13:30:00Z,6,19,Eintracht Frankfurt,1,1. FC Köln
football-data.org,BL1,Bundesliga,565829,2026-10-17T13:30:00Z,6,6,FC Schalke 04,15,1. FSV Mainz 05
football-data.org,BL1,Bundesliga,565830,2026-10-24T13:30:00Z,7,15,1. FSV Mainz 05,12,SV Werder Bremen
football-data.org,BL1,Bundesliga,565831,2026-10-24T13:30:00Z,7,1,1. FC Köln,6,FC Schalke 04
football-data.org,BL1,Bundesliga,565832,2026-10-24T13:30:00Z,7,721,RB Leipzig,719,SV 07 Elversberg
football-data.org,BL1,Bundesliga,565833,2026-10-24T13:30:00Z,7,10,VfB Stuttgart,18,Borussia Mönchengladbach
football-data.org,BL1,Bundesliga,565834,2026-10-24T13:30:00Z,7,29,SC Paderborn 07,7,Hamburger SV
football-data.org,BL1,Bundesliga,565835,2026-10-24T13:30:00Z,7,2,TSG 1899 Hoffenheim,3,Bayer 04 Leverkusen
football-data.org,BL1,Bundesliga,565836,2026-10-24T13:30:00Z,7,17,SC Freiburg,5,FC Bayern München
football-data.org,BL1,Bundesliga,565837,2026-10-24T13:30:00Z,7,4,Borussia Dortmund,19,Eintracht Frankfurt
football-data.org,BL1,Bundesliga,565838,2026-10-24T13:30:00Z,7,16,FC Augsburg,28,1. FC Union Berlin
football-data.org,BL1,Bundesliga,565839,2026-10-31T14:30:00Z,8,18,Borussia Mönchengladbach,29,SC Paderborn 07
football-data.org,BL1,Bundesliga,565840,2026-10-31T14:30:00Z,8,6,FC Schalke 04,721,RB Leipzig
football-data.org,BL1,Bundesliga,565841,2026-10-31T14:30:00Z,8,28,1. FC Union Berlin,1,1. FC Köln
football-data.org,BL1,Bundesliga,565842,2026-10-31T14:30:00Z,8,16,FC Augsburg,17,SC Freiburg
football-data.org,BL1,Bundesliga,565843,2026-10-31T14:30:00Z,8,12,SV Werder Bremen,2,TSG 1899 Hoffenheim
football-data.org,BL1,Bundesliga,565844,2026-10-31T14:30:00Z,8,19,Eintracht Frankfurt,7,Hamburger SV
football-data.org,BL1,Bundesliga,565845,2026-10-31T14:30:00Z,8,5,FC Bayern München,4,Borussia Dortmund
football-data.org,BL1,Bundesliga,565846,2026-10-31T14:30:00Z,8,719,SV 07 Elversberg,15,1. FSV Mainz 05
football-data.org,BL1,Bundesliga,565847,2026-10-31T14:30:00Z,8,3,Bayer 04 Leverkusen,10,VfB Stuttgart
football-data.org,BL1,Bundesliga,565848,2026-11-07T14:30:00Z,9,721,RB Leipzig,16,FC Augsburg
football-data.org,BL1,Bundesliga,565849,2026-11-07T14:30:00Z,9,10,VfB Stuttgart,12,SV Werder Bremen
football-data.org,BL1,Bundesliga,565850,2026-11-07T14:30:00Z,9,4,Borussia Dortmund,719,SV 07 Elversberg
football-data.org,BL1,Bundesliga,565851,2026-11-07T14:30:00Z,9,15,1. FSV Mainz 05,5,FC Bayern München
football-data.org,BL1,Bundesliga,565852,2026-11-07T14:30:00Z,9,7,Hamburger SV,18,Borussia Mönchengladbach
football-data.org,BL1,Bundesliga,565853,2026-11-07T14:30:00Z,9,29,SC Paderborn 07,19,Eintracht Frankfurt
football-data.org,BL1,Bundesliga,565854,2026-11-07T14:30:00Z,9,17,SC Freiburg,28,1. FC Union Berlin
football-data.org,BL1,Bundesliga,565855,2026-11-07T14:30:00Z,9,1,1. FC Köln,3,Bayer 04 Leverkusen
football-data.org,BL1,Bundesliga,565856,2026-11-07T14:30:00Z,9,2,TSG 1899 Hoffenheim,6,FC Schalke 04
football-data.org,BL1,Bundesliga,565857,2026-11-21T14:30:00Z,10,3,Bayer 04 Leverkusen,29,SC Paderborn 07
football-data.org,BL1,Bundesliga,565858,2026-11-21T14:30:00Z,10,28,1. FC Union Berlin,721,RB Leipzig
football-data.org,BL1,Bundesliga,565859,2026-11-21T14:30:00Z,10,5,FC Bayern München,1,1. FC Köln
football-data.org,BL1,Bundesliga,565860,2026-11-21T14:30:00Z,10,719,SV 07 Elversberg,17,SC Freiburg
football-data.org,BL1,Bundesliga,565861,2026-11-21T14:30:00Z,10,6,FC Schalke 04,10,VfB Stuttgart
football-data.org,BL1,Bundesliga,565862,2026-11-21T14:30:00Z,10,18,Borussia Mönchengladbach,4,Borussia Dortmund
football-data.org,BL1,Bundesliga,565863,2026-11-21T14:30:00Z,10,12,SV Werder Bremen,7,Hamburger SV
football-data.org,BL1,Bundesliga,565864,2026-11-21T14:30:00Z,10,16,FC Augsburg,15,1. FSV Mainz 05
football-data.org,BL1,Bundesliga,565865,2026-11-21T14:30:00Z,10,19,Eintracht Frankfurt,2,TSG 1899 Hoffenheim
football-data.org,BL1,Bundesliga,565866,2026-11-28T14:30:00Z,11,1,1. FC Köln,719,SV 07 Elversberg
football-data.org,BL1,Bundesliga,565867,2026-11-28T14:30:00Z,11,15,1. FSV Mainz 05,28,1. FC Union Berlin
football-data.org,BL1,Bundesliga,565868,2026-11-28T14:30:00Z,11,29,SC Paderborn 07,6,FC Schalke 04
football-data.org,BL1,Bundesliga,565869,2026-11-28T14:30:00Z,11,12,SV Werder Bremen,18,Borussia Mönchengladbach
football-data.org,BL1,Bundesliga,565870,2026-11-28T14:30:00Z,11,10,VfB Stuttgart,19,Eintracht Frankfurt
football-data.org,BL1,Bundesliga,565871,2026-11-28T14:30:00Z,11,2,TSG 1899 Hoffenheim,16,FC Augsburg
football-data.org,BL1,Bundesliga,565872,2026-11-28T14:30:00Z,11,4,Borussia Dortmund,3,Bayer 04 Leverkusen
football-data.org,BL1,Bundesliga,565873,2026-11-28T14:30:00Z,11,17,SC Freiburg,721,RB Leipzig
football-data.org,BL1,Bundesliga,565874,2026-11-28T14:30:00Z,11,7,Hamburger SV,5,FC Bayern München
football-data.org,BL1,Bundesliga,565875,2026-12-05T14:30:00Z,12,28,1. FC Union Berlin,7,Hamburger SV
football-data.org,BL1,Bundesliga,565876,2026-12-05T14:30:00Z,12,6,FC Schalke 04,4,Borussia Dortmund
football-data.org,BL1,Bundesliga,565877,2026-12-05T14:30:00Z,12,3,Bayer 04 Leverkusen,18,Borussia Mönchengladbach
football-data.org,BL1,Bundesliga,565878,2026-12-05T14:30:00Z,12,19,Eintracht Frankfurt,12,SV Werder Bremen
football-data.org,BL1,Bundesliga,565879,2026-12-05T14:30:00Z,12,721,RB Leipzig,15,1. FSV Mainz 05
football-data.org,BL1,Bundesliga,565880,2026-12-05T14:30:00Z,12,719,SV 07 Elversberg,10,VfB Stuttgart
football-data.org,BL1,Bundesliga,565881,2026-12-05T14:30:00Z,12,17,SC Freiburg,2,TSG 1899 Hoffenheim
football-data.org,BL1,Bundesliga,565882,2026-12-05T14:30:00Z,12,5,FC Bayern München,29,SC Paderborn 07
football-data.org,BL1,Bundesliga,565883,2026-12-05T14:30:00Z,12,16,FC Augsburg,1,1. FC Köln
football-data.org,BL1,Bundesliga,565884,2026-12-12T14:30:00Z,13,29,SC Paderborn 07,719,SV 07 Elversberg
football-data.org,BL1,Bundesliga,565885,2026-12-12T14:30:00Z,13,12,SV Werder Bremen,3,Bayer 04 Leverkusen
football-data.org,BL1,Bundesliga,565886,2026-12-12T14:30:00Z,13,10,VfB Stuttgart,28,1. FC Union Berlin
football-data.org,BL1,Bundesliga,565887,2026-12-12T14:30:00Z,13,4,Borussia Dortmund,16,FC Augsburg
football-data.org,BL1,Bundesliga,565888,2026-12-12T14:30:00Z,13,7,Hamburger SV,6,FC Schalke 04
football-data.org,BL1,Bundesliga,565889,2026-12-12T14:30:00Z,13,15,1. FSV Mainz 05,17,SC Freiburg
football-data.org,BL1,Bundesliga,565890,2026-12-12T14:30:00Z,13,1,1. FC Köln,721,RB Leipzig
football-data.org,BL1,Bundesliga,565891,2026-12-12T14:30:00Z,13,2,TSG 1899 Hoffenheim,5,FC Bayern München
football-data.org,BL1,Bundesliga,565892,2026-12-12T14:30:00Z,13,18,Borussia Mönchengladbach,19,Eintracht Frankfurt
football-data.org,BL1,Bundesliga,565893,2026-12-19T14:30:00Z,14,6,FC Schalke 04,18,Borussia Mönchengladbach
football-data.org,BL1,Bundesliga,565894,2026-12-19T14:30:00Z,14,5,FC Bayern München,12,SV Werder Bremen
football-data.org,BL1,Bundesliga,565895,2026-12-19T14:30:00Z,14,719,SV 07 Elversberg,7,Hamburger SV
football-data.org,BL1,Bundesliga,565896,2026-12-19T14:30:00Z,14,3,Bayer 04 Leverkusen,19,Eintracht Frankfurt
football-data.org,BL1,Bundesliga,565897,2026-12-19T14:30:00Z,14,17,SC Freiburg,10,VfB Stuttgart
football-data.org,BL1,Bundesliga,565898,2026-12-19T14:30:00Z,14,721,RB Leipzig,4,Borussia Dortmund
football-data.org,BL1,Bundesliga,565899,2026-12-19T14:30:00Z,14,15,1. FSV Mainz 05,1,1. FC Köln
football-data.org,BL1,Bundesliga,565900,2026-12-19T14:30:00Z,14,28,1. FC Union Berlin,2,TSG 1899 Hoffenheim
football-data.org,BL1,Bundesliga,565901,2026-12-19T14:30:00Z,14,16,FC Augsburg,29,SC Paderborn 07
football-data.org,BL1,Bundesliga,565902,2027-01-09T12:00:00Z,15,10,VfB Stuttgart,16,FC Augsburg
football-data.org,BL1,Bundesliga,565903,2027-01-09T12:00:00Z,15,7,Hamburger SV,3,Bayer 04 Leverkusen
football-data.org,BL1,Bundesliga,565904,2027-01-09T12:00:00Z,15,1,1. FC Köln,17,SC Freiburg
football-data.org,BL1,Bundesliga,565905,2027-01-09T12:00:00Z,15,19,Eintracht Frankfurt,6,FC Schalke 04
football-data.org,BL1,Bundesliga,565906,2027-01-09T12:00:00Z,15,2,TSG 1899 Hoffenheim,719,SV 07 Elversberg
football-data.org,BL1,Bundesliga,565907,2027-01-09T12:00:00Z,15,18,Borussia Mönchengladbach,5,FC Bayern München
football-data.org,BL1,Bundesliga,565908,2027-01-09T12:00:00Z,15,4,Borussia Dortmund,15,1. FSV Mainz 05
football-data.org,BL1,Bundesliga,565909,2027-01-09T12:00:00Z,15,12,SV Werder Bremen,28,1. FC Union Berlin
football-data.org,BL1,Bundesliga,565910,2027-01-09T12:00:00Z,15,29,SC Paderborn 07,721,RB Leipzig
football-data.org,BL1,Bundesliga,565911,2027-01-13T12:00:00Z,16,15,1. FSV Mainz 05,2,TSG 1899 Hoffenheim
football-data.org,BL1,Bundesliga,565912,2027-01-13T12:00:00Z,16,17,SC Freiburg,7,Hamburger SV
football-data.org,BL1,Bundesliga,565913,2027-01-13T12:00:00Z,16,6,FC Schalke 04,12,SV Werder Bremen
football-data.org,BL1,Bundesliga,565914,2027-01-13T12:00:00Z,16,721,RB Leipzig,10,VfB Stuttgart
football-data.org,BL1,Bundesliga,565915,2027-01-13T12:00:00Z,16,28,1. FC Union Berlin,29,SC Paderborn 07
football-data.org,BL1,Bundesliga,565916,2027-01-13T12:00:00Z,16,5,FC Bayern München,3,Bayer 04 Leverkusen
football-data.org,BL1,Bundesliga,565917,2027-01-13T12:00:00Z,16,16,FC Augsburg,18,Borussia Mönchengladbach
football-data.org,BL1,Bundesliga,565918,2027-01-13T12:00:00Z,16,719,SV 07 Elversberg,19,Eintracht Frankfurt
football-data.org,BL1,Bundesliga,565919,2027-01-13T12:00:00Z,16,1,1. FC Köln,4,Borussia Dortmund
football-data.org,BL1,Bundesliga,565920,2027-01-16T12:00:00Z,17,12,SV Werder Bremen,719,SV 07 Elversberg
football-data.org,BL1,Bundesliga,565921,2027-01-16T12:00:00Z,17,19,Eintracht Frankfurt,5,FC Bayern München
football-data.org,BL1,Bundesliga,565922,2027-01-16T12:00:00Z,17,29,SC Paderborn 07,1,1. FC Köln
football-data.org,BL1,Bundesliga,565923,2027-01-16T12:00:00Z,17,2,TSG 1899 Hoffenheim,721,RB Leipzig
football-data.org,BL1,Bundesliga,565924,2027-01-16T12:00:00Z,17,3,Bayer 04 Leverkusen,6,FC Schalke 04
football-data.org,BL1,Bundesliga,565925,2027-01-16T12:00:00Z,17,10,VfB Stuttgart,15,1. FSV Mainz 05
football-data.org,BL1,Bundesliga,565926,2027-01-16T12:00:00Z,17,7,Hamburger SV,16,FC Augsburg
football-data.org,BL1,Bundesliga,565927,2027-01-16T12:00:00Z,17,18,Borussia Mönchengladbach,28,1. FC Union Berlin
football-data.org,BL1,Bundesliga,565928,2027-01-16T12:00:00Z,17,4,Borussia Dortmund,17,SC Freiburg
football-data.org,BL1,Bundesliga,565929,2027-01-23T12:00:00Z,18,12,SV Werder Bremen,17,SC Freiburg
football-data.org,BL1,Bundesliga,565930,2027-01-23T12:00:00Z,18,7,Hamburger SV,4,Borussia Dortmund
football-data.org,BL1,Bundesliga,565931,2027-01-23T12:00:00Z,18,29,SC Paderborn 07,15,1. FSV Mainz 05
football-data.org,BL1,Bundesliga,565932,2027-01-23T12:00:00Z,18,6,FC Schalke 04,16,FC Augsburg
football-data.org,BL1,Bundesliga,565933,2027-01-23T12:00:00Z,18,2,TSG 1899 Hoffenheim,1,1. FC Köln
football-data.org,BL1,Bundesliga,565934,2027-01-23T12:00:00Z,18,10,VfB Stuttgart,5,FC Bayern München
football-data.org,BL1,Bundesliga,565935,2027-01-23T12:00:00Z,18,18,Borussia Mönchengladbach,721,RB Leipzig
football-data.org,BL1,Bundesliga,565936,2027-01-23T12:00:00Z,18,19,Eintracht Frankfurt,28,1. FC Union Berlin
football-data.org,BL1,Bundesliga,565937,2027-01-23T12:00:00Z,18,3,Bayer 04 Leverkusen,719,SV 07 Elversberg
football-data.org,BL1,Bundesliga,565938,2027-01-30T12:00:00Z,19,719,SV 07 Elversberg,18,Borussia Mönchengladbach
football-data.org,BL1,Bundesliga,565939,2027-01-30T12:00:00Z,19,16,FC Augsburg,19,Eintracht Frankfurt
football-data.org,BL1,Bundesliga,565940,2027-01-30T12:00:00Z,19,15,1. FSV Mainz 05,7,Hamburger SV
football-data.org,BL1,Bundesliga,565941,2027-01-30T12:00:00Z,19,721,RB Leipzig,12,SV Werder Bremen
football-data.org,BL1,Bundesliga,565942,2027-01-30T12:00:00Z,19,1,1. FC Köln,10,VfB Stuttgart
football-data.org,BL1,Bundesliga,565943,2027-01-30T12:00:00Z,19,28,1. FC Union Berlin,3,Bayer 04 Leverkusen
football-data.org,BL1,Bundesliga,565944,2027-01-30T12:00:00Z,19,17,SC Freiburg,29,SC Paderborn 07
football-data.org,BL1,Bundesliga,565945,2027-01-30T12:00:00Z,19,4,Borussia Dortmund,2,TSG 1899 Hoffenheim
football-data.org,BL1,Bundesliga,565946,2027-01-30T12:00:00Z,19,5,FC Bayern München,6,FC Schalke 04
football-data.org,BL1,Bundesliga,565947,2027-02-06T12:00:00Z,20,19,Eintracht Frankfurt,15,1. FSV Mainz 05
football-data.org,BL1,Bundesliga,565948,2027-02-06T12:00:00Z,20,18,Borussia Mönchengladbach,17,SC Freiburg
football-data.org,BL1,Bundesliga,565949,2027-02-06T12:00:00Z,20,6,FC Schalke 04,28,1. FC Union Berlin
football-data.org,BL1,Bundesliga,565950,2027-02-06T12:00:00Z,20,7,Hamburger SV,721,RB Leipzig
football-data.org,BL1,Bundesliga,565951,2027-02-06T12:00:00Z,20,3,Bayer 04 Leverkusen,16,FC Augsburg
football-data.org,BL1,Bundesliga,565952,2027-02-06T12:00:00Z,20,12,SV Werder Bremen,1,1. FC Köln
football-data.org,BL1,Bundesliga,565953,2027-02-06T12:00:00Z,20,10,VfB Stuttgart,2,TSG 1899 Hoffenheim
football-data.org,BL1,Bundesliga,565954,2027-02-06T12:00:00Z,20,5,FC Bayern München,719,SV 07 Elversberg
football-data.org,BL1,Bundesliga,565955,2027-02-06T12:00:00Z,20,29,SC Paderborn 07,4,Borussia Dortmund
football-data.org,BL1,Bundesliga,565956,2027-02-13T12:00:00Z,21,1,1. FC Köln,7,Hamburger SV
football-data.org,BL1,Bundesliga,565957,2027-02-13T12:00:00Z,21,15,1. FSV Mainz 05,18,Borussia Mönchengladbach
football-data.org,BL1,Bundesliga,565958,2027-02-13T12:00:00Z,21,28,1. FC Union Berlin,5,FC Bayern München
football-data.org,BL1,Bundesliga,565959,2027-02-13T12:00:00Z,21,719,SV 07 Elversberg,6,FC Schalke 04
football-data.org,BL1,Bundesliga,565960,2027-02-13T12:00:00Z,21,4,Borussia Dortmund,10,VfB Stuttgart
football-data.org,BL1,Bundesliga,565961,2027-02-13T12:00:00Z,21,2,TSG 1899 Hoffenheim,29,SC Paderborn 07
football-data.org,BL1,Bundesliga,565962,2027-02-13T12:00:00Z,21,17,SC Freiburg,19,Eintracht Frankfurt
football-data.org,BL1,Bundesliga,565963,2027-02-13T12:00:00Z,21,16,FC Augsburg,12,SV Werder Bremen
football-data.org,BL1,Bundesliga,565964,2027-02-13T12:00:00Z,21,721,RB Leipzig,3,Bayer 04 Leverkusen
football-data.org,BL1,Bundesliga,565965,2027-02-20T12:00:00Z,22,6,FC Schalke 04,17,SC Freiburg
football-data.org,BL1,Bundesliga,565966,2027-02-20T12:00:00Z,22,10,VfB Stuttgart,29,SC Paderborn 07
football-data.org,BL1,Bundesliga,565967,2027-02-20T12:00:00Z,22,18,Borussia Mönchengladbach,1,1. FC Köln
football-data.org,BL1,Bundesliga,565968,2027-02-20T12:00:00Z,22,12,SV Werder Bremen,4,Borussia Dortmund
football-data.org,BL1,Bundesliga,565969,2027-02-20T12:00:00Z,22,7,Hamburger SV,2,TSG 1899 Hoffenheim
football-data.org,BL1,Bundesliga,565970,2027-02-20T12:00:00Z,22,3,Bayer 04 Leverkusen,15,1. FSV Mainz 05
football-data.org,BL1,Bundesliga,565971,2027-02-20T12:00:00Z,22,19,Eintracht Frankfurt,721,RB Leipzig
football-data.org,BL1,Bundesliga,565972,2027-02-20T12:00:00Z,22,5,FC Bayern München,16,FC Augsburg
football-data.org,BL1,Bundesliga,565973,2027-02-20T12:00:00Z,22,719,SV 07 Elversberg,28,1. FC Union Berlin
football-data.org,BL1,Bundesliga,565974,2027-02-27T12:00:00Z,23,10,VfB Stuttgart,7,Hamburger SV
football-data.org,BL1,Bundesliga,565975,2027-02-27T12:00:00Z,23,1,1. FC Köln,19,Eintracht Frankfurt
football-data.org,BL1,Bundesliga,565976,2027-02-27T12:00:00Z,23,17,SC Freiburg,3,Bayer 04 Leverkusen
football-data.org,BL1,Bundesliga,565977,2027-02-27T12:00:00Z,23,16,FC Augsburg,719,SV 07 Elversberg
football-data.org,BL1,Bundesliga,565978,2027-02-27T12:00:00Z,23,15,1. FSV Mainz 05,6,FC Schalke 04
football-data.org,BL1,Bundesliga,565979,2027-02-27T12:00:00Z,23,2,TSG 1899 Hoffenheim,18,Borussia Mönchengladbach
football-data.org,BL1,Bundesliga,565980,2027-02-27T12:00:00Z,23,29,SC Paderborn 07,12,SV Werder Bremen
football-data.org,BL1,Bundesliga,565981,2027-02-27T12:00:00Z,23,721,RB Leipzig,5,FC Bayern München
football-data.org,BL1,Bundesliga,565982,2027-02-27T12:00:00Z,23,4,Borussia Dortmund,28,1. FC Union Berlin
football-data.org,BL1,Bundesliga,565983,2027-03-03T12:00:00Z,24,19,Eintracht Frankfurt,4,Borussia Dortmund
football-data.org,BL1,Bundesliga,565984,2027-03-03T12:00:00Z,24,6,FC Schalke 04,1,1. FC Köln
football-data.org,BL1,Bundesliga,565985,2027-03-03T12:00:00Z,24,3,Bayer 04 Leverkusen,2,TSG 1899 Hoffenheim
football-data.org,BL1,Bundesliga,565986,2027-03-03T12:00:00Z,24,5,FC Bayern München,17,SC Freiburg
football-data.org,BL1,Bundesliga,565987,2027-03-03T12:00:00Z,24,12,SV Werder Bremen,15,1. FSV Mainz 05
football-data.org,BL1,Bundesliga,565988,2027-03-03T12:00:00Z,24,28,1. FC Union Berlin,16,FC Augsburg
football-data.org,BL1,Bundesliga,565989,2027-03-03T12:00:00Z,24,719,SV 07 Elversberg,721,RB Leipzig
football-data.org,BL1,Bundesliga,565990,2027-03-03T12:00:00Z,24,18,Borussia Mönchengladbach,10,VfB Stuttgart
football-data.org,BL1,Bundesliga,565991,2027-03-03T12:00:00Z,24,7,Hamburger SV,29,SC Paderborn 07
football-data.org,BL1,Bundesliga,565992,2027-03-06T12:00:00Z,25,4,Borussia Dortmund,5,FC Bayern München
football-data.org,BL1,Bundesliga,565993,2027-03-06T12:00:00Z,25,17,SC Freiburg,16,FC Augsburg
football-data.org,BL1,Bundesliga,565994,2027-03-06T12:00:00Z,25,15,1. FSV Mainz 05,719,SV 07 Elversberg
football-data.org,BL1,Bundesliga,565995,2027-03-06T12:00:00Z,25,7,Hamburger SV,19,Eintracht Frankfurt
football-data.org,BL1,Bundesliga,565996,2027-03-06T12:00:00Z,25,10,VfB Stuttgart,3,Bayer 04 Leverkusen
football-data.org,BL1,Bundesliga,565997,2027-03-06T12:00:00Z,25,721,RB Leipzig,6,FC Schalke 04
football-data.org,BL1,Bundesliga,565998,2027-03-06T12:00:00Z,25,29,SC Paderborn 07,18,Borussia Mönchengladbach
football-data.org,BL1,Bundesliga,565999,2027-03-06T12:00:00Z,25,1,1. FC Köln,28,1. FC Union Berlin
football-data.org,BL1,Bundesliga,566000,2027-03-06T12:00:00Z,25,2,TSG 1899 Hoffenheim,12,SV Werder Bremen
football-data.org,BL1,Bundesliga,566001,2027-03-13T12:00:00Z,26,28,1. FC Union Berlin,17,SC Freiburg
football-data.org,BL1,Bundesliga,566002,2027-03-13T12:00:00Z,26,719,SV 07 Elversberg,4,Borussia Dortmund
football-data.org,BL1,Bundesliga,566003,2027-03-13T12:00:00Z,26,19,Eintracht Frankfurt,29,SC Paderborn 07
football-data.org,BL1,Bundesliga,566004,2027-03-13T12:00:00Z,26,16,FC Augsburg,721,RB Leipzig
football-data.org,BL1,Bundesliga,566005,2027-03-13T12:00:00Z,26,18,Borussia Mönchengladbach,7,Hamburger SV
football-data.org,BL1,Bundesliga,566006,2027-03-13T12:00:00Z,26,12,SV Werder Bremen,10,VfB Stuttgart
football-data.org,BL1,Bundesliga,566007,2027-03-13T12:00:00Z,26,6,FC Schalke 04,2,TSG 1899 Hoffenheim
football-data.org,BL1,Bundesliga,566008,2027-03-13T12:00:00Z,26,5,FC Bayern München,15,1. FSV Mainz 05
football-data.org,BL1,Bundesliga,566009,2027-03-13T12:00:00Z,26,3,Bayer 04 Leverkusen,1,1. FC Köln
football-data.org,BL1,Bundesliga,566016,2027-03-20T12:00:00Z,27,1,1. FC Köln,5,FC Bayern München
football-data.org,BL1,Bundesliga,566017,2027-03-20T12:00:00Z,27,2,TSG 1899 Hoffenheim,19,Eintracht Frankfurt
football-data.org,BL1,Bundesliga,566018,2027-03-20T12:00:00Z,27,4,Borussia Dortmund,18,Borussia Mönchengladbach
football-data.org,BL1,Bundesliga,566010,2027-03-20T12:00:00Z,27,15,1. FSV Mainz 05,16,FC Augsburg
football-data.org,BL1,Bundesliga,566011,2027-03-20T12:00:00Z,27,10,VfB Stuttgart,6,FC Schalke 04
football-data.org,BL1,Bundesliga,566012,2027-03-20T12:00:00Z,27,721,RB Leipzig,28,1. FC Union Berlin
football-data.org,BL1,Bundesliga,566013,2027-03-20T12:00:00Z,27,17,SC Freiburg,719,SV 07 Elversberg
football-data.org,BL1,Bundesliga,566014,2027-03-20T12:00:00Z,27,7,Hamburger SV,12,SV Werder Bremen
football-data.org,BL1,Bundesliga,566015,2027-03-20T12:00:00Z,27,29,SC Paderborn 07,3,Bayer 04 Leverkusen
football-data.org,BL1,Bundesliga,566019,2027-04-03T12:00:00Z,28,721,RB Leipzig,17,SC Freiburg
football-data.org,BL1,Bundesliga,566020,2027-04-03T12:00:00Z,28,719,SV 07 Elversberg,1,1. FC Köln
football-data.org,BL1,Bundesliga,566021,2027-04-03T12:00:00Z,28,5,FC Bayern München,7,Hamburger SV
football-data.org,BL1,Bundesliga,566022,2027-04-03T12:00:00Z,28,16,FC Augsburg,2,TSG 1899 Hoffenheim
football-data.org,BL1,Bundesliga,566023,2027-04-03T12:00:00Z,28,18,Borussia Mönchengladbach,12,SV Werder Bremen
football-data.org,BL1,Bundesliga,566024,2027-04-03T12:00:00Z,28,19,Eintracht Frankfurt,10,VfB Stuttgart
football-data.org,BL1,Bundesliga,566025,2027-04-03T12:00:00Z,28,28,1. FC Union Berlin,15,1. FSV Mainz 05
football-data.org,BL1,Bundesliga,566026,2027-04-03T12:00:00Z,28,3,Bayer 04 Leverkusen,4,Borussia Dortmund
football-data.org,BL1,Bundesliga,566027,2027-04-03T12:00:00Z,28,6,FC Schalke 04,29,SC Paderborn 07
football-data.org,BL1,Bundesliga,566028,2027-04-10T12:00:00Z,29,10,VfB Stuttgart,719,SV 07 Elversberg
football-data.org,BL1,Bundesliga,566029,2027-04-10T12:00:00Z,29,29,SC Paderborn 07,5,FC Bayern München
football-data.org,BL1,Bundesliga,566030,2027-04-10T12:00:00Z,29,2,TSG 1899 Hoffenheim,17,SC Freiburg
football-data.org,BL1,Bundesliga,566031,2027-04-10T12:00:00Z,29,15,1. FSV Mainz 05,721,RB Leipzig
football-data.org,BL1,Bundesliga,566032,2027-04-10T12:00:00Z,29,12,SV Werder Bremen,19,Eintracht Frankfurt
football-data.org,BL1,Bundesliga,566033,2027-04-10T12:00:00Z,29,4,Borussia Dortmund,6,FC Schalke 04
football-data.org,BL1,Bundesliga,566034,2027-04-10T12:00:00Z,29,7,Hamburger SV,28,1. FC Union Berlin
football-data.org,BL1,Bundesliga,566035,2027-04-10T12:00:00Z,29,18,Borussia Mönchengladbach,3,Bayer 04 Leverkusen
football-data.org,BL1,Bundesliga,566036,2027-04-10T12:00:00Z,29,1,1. FC Köln,16,FC Augsburg
football-data.org,BL1,Bundesliga,566037,2027-04-17T12:00:00Z,30,3,Bayer 04 Leverkusen,12,SV Werder Bremen
football-data.org,BL1,Bundesliga,566038,2027-04-17T12:00:00Z,30,19,Eintracht Frankfurt,18,Borussia Mönchengladbach
football-data.org,BL1,Bundesliga,566039,2027-04-17T12:00:00Z,30,28,1. FC Union Berlin,10,VfB Stuttgart
football-data.org,BL1,Bundesliga,566040,2027-04-17T12:00:00Z,30,5,FC Bayern München,2,TSG 1899 Hoffenheim
football-data.org,BL1,Bundesliga,566041,2027-04-17T12:00:00Z,30,6,FC Schalke 04,7,Hamburger SV
football-data.org,BL1,Bundesliga,566042,2027-04-17T12:00:00Z,30,719,SV 07 Elversberg,29,SC Paderborn 07
football-data.org,BL1,Bundesliga,566043,2027-04-17T12:00:00Z,30,16,FC Augsburg,4,Borussia Dortmund
football-data.org,BL1,Bundesliga,566044,2027-04-17T12:00:00Z,30,17,SC Freiburg,15,1. FSV Mainz 05
football-data.org,BL1,Bundesliga,566045,2027-04-17T12:00:00Z,30,721,RB Leipzig,1,1. FC Köln
football-data.org,BL1,Bundesliga,566046,2027-04-24T12:00:00Z,31,12,SV Werder Bremen,5,FC Bayern München
football-data.org,BL1,Bundesliga,566047,2027-04-24T12:00:00Z,31,1,1. FC Köln,15,1. FSV Mainz 05
football-data.org,BL1,Bundesliga,566048,2027-04-24T12:00:00Z,31,7,Hamburger SV,719,SV 07 Elversberg
football-data.org,BL1,Bundesliga,566049,2027-04-24T12:00:00Z,31,4,Borussia Dortmund,721,RB Leipzig
football-data.org,BL1,Bundesliga,566050,2027-04-24T12:00:00Z,31,2,TSG 1899 Hoffenheim,28,1. FC Union Berlin
football-data.org,BL1,Bundesliga,566051,2027-04-24T12:00:00Z,31,29,SC Paderborn 07,16,FC Augsburg
football-data.org,BL1,Bundesliga,566052,2027-04-24T12:00:00Z,31,10,VfB Stuttgart,17,SC Freiburg
football-data.org,BL1,Bundesliga,566053,2027-04-24T12:00:00Z,31,18,Borussia Mönchengladbach,6,FC Schalke 04
football-data.org,BL1,Bundesliga,566054,2027-04-24T12:00:00Z,31,19,Eintracht Frankfurt,3,Bayer 04 Leverkusen
football-data.org,BL1,Bundesliga,566055,2027-05-08T12:00:00Z,32,6,FC Schalke 04,19,Eintracht Frankfurt
football-data.org,BL1,Bundesliga,566056,2027-05-08T12:00:00Z,32,721,RB Leipzig,29,SC Paderborn 07
football-data.org,BL1,Bundesliga,566057,2027-05-08T12:00:00Z,32,17,SC Freiburg,1,1. FC Köln
football-data.org,BL1,Bundesliga,566058,2027-05-08T12:00:00Z,32,15,1. FSV Mainz 05,4,Borussia Dortmund
football-data.org,BL1,Bundesliga,566059,2027-05-08T12:00:00Z,32,16,FC Augsburg,10,VfB Stuttgart
football-data.org,BL1,Bundesliga,566060,2027-05-08T12:00:00Z,32,28,1. FC Union Berlin,12,SV Werder Bremen
football-data.org,BL1,Bundesliga,566061,2027-05-08T12:00:00Z,32,719,SV 07 Elversberg,2,TSG 1899 Hoffenheim
football-data.org,BL1,Bundesliga,566062,2027-05-08T12:00:00Z,32,3,Bayer 04 Leverkusen,7,Hamburger SV
football-data.org,BL1,Bundesliga,566063,2027-05-08T12:00:00Z,32,5,FC Bayern München,18,Borussia Mönchengladbach
football-data.org,BL1,Bundesliga,566064,2027-05-15T12:00:00Z,33,19,Eintracht Frankfurt,719,SV 07 Elversberg
football-data.org,BL1,Bundesliga,566065,2027-05-15T12:00:00Z,33,29,SC Paderborn 07,28,1. FC Union Berlin
football-data.org,BL1,Bundesliga,566066,2027-05-15T12:00:00Z,33,10,VfB Stuttgart,721,RB Leipzig
football-data.org,BL1,Bundesliga,566067,2027-05-15T12:00:00Z,33,4,Borussia Dortmund,1,1. FC Köln
football-data.org,BL1,Bundesliga,566068,2027-05-15T12:00:00Z,33,7,Hamburger SV,17,SC Freiburg
football-data.org,BL1,Bundesliga,566069,2027-05-15T12:00:00Z,33,3,Bayer 04 Leverkusen,5,FC Bayern München
football-data.org,BL1,Bundesliga,566070,2027-05-15T12:00:00Z,33,12,SV Werder Bremen,6,FC Schalke 04
football-data.org,BL1,Bundesliga,566071,2027-05-15T12:00:00Z,33,18,Borussia Mönchengladbach,16,FC Augsburg
football-data.org,BL1,Bundesliga,566072,2027-05-15T12:00:00Z,33,2,TSG 1899 Hoffenheim,15,1. FSV Mainz 05
football-data.org,BL1,Bundesliga,566073,2027-05-22T12:00:00Z,34,721,RB Leipzig,2,TSG 1899 Hoffenheim
football-data.org,BL1,Bundesliga,566074,2027-05-22T12:00:00Z,34,28,1. FC Union Berlin,18,Borussia Mönchengladbach
football-data.org,BL1,Bundesliga,566075,2027-05-22T12:00:00Z,34,15,1. FSV Mainz 05,10,VfB Stuttgart
football-data.org,BL1,Bundesliga,566076,2027-05-22T12:00:00Z,34,6,FC Schalke 04,3,Bayer 04 Leverkusen
football-data.org,BL1,Bundesliga,566077,2027-05-22T12:00:00Z,34,719,SV 07 Elversberg,12,SV Werder Bremen
football-data.org,BL1,Bundesliga,566078,2027-05-22T12:00:00Z,34,5,FC Bayern München,19,Eintracht Frankfurt
football-data.org,BL1,Bundesliga,566079,2027-05-22T12:00:00Z,34,16,FC Augsburg,7,Hamburger SV
football-data.org,BL1,Bundesliga,566080,2027-05-22T12:00:00Z,34,17,SC Freiburg,4,Borussia Dortmund
football-data.org,BL1,Bundesliga,566081,2027-05-22T12:00:00Z,34,1,1. FC Köln,29,SC Paderborn 07
football-data.org,SA,Serie A,558629,2026-08-22T16:30:00Z,1,115,Udinese Calcio,7397,Como 1907
football-data.org,SA,Serie A,558632,2026-08-22T16:30:00Z,1,108,FC Internazionale Milano,5911,AC Monza
football-data.org,SA,Serie A,558631,2026-08-22T18:45:00Z,1,107,Genoa CFC,113,SSC Napoli
football-data.org,SA,Serie A,558636,2026-08-22T18:45:00Z,1,112,Parma Calcio 1913,104,Cagliari Calcio
football-data.org,SA,Serie A,558635,2026-08-23T16:30:00Z,1,470,Frosinone Calcio,109,Juventus FC
football-data.org,SA,Serie A,558637,2026-08-23T16:30:00Z,1,454,Venezia FC,5890,US Lecce
football-data.org,SA,Serie A,558633,2026-08-23T18:45:00Z,1,102,Atalanta BC,471,US Sassuolo Calcio
football-data.org,SA,Serie A,558634,2026-08-23T18:45:00Z,1,586,Torino FC,98,AC Milan
football-data.org,SA,Serie A,558630,2026-08-24T16:30:00Z,1,103,Bologna FC 1909,110,SS Lazio
football-data.org,SA,Serie A,558638,2026-08-24T18:45:00Z,1,100,AS Roma,99,ACF Fiorentina
football-data.org,SA,Serie A,558625,2026-08-28T18:45:00Z,2,98,AC Milan,454,Venezia FC
football-data.org,SA,Serie A,558620,2026-08-29T16:30:00Z,2,471,US Sassuolo Calcio,586,Torino FC
football-data.org,SA,Serie A,558624,2026-08-29T16:30:00Z,2,5911,AC Monza,115,Udinese Calcio
football-data.org,SA,Serie A,558627,2026-08-29T16:30:00Z,2,99,ACF Fiorentina,470,Frosinone Calcio
football-data.org,SA,Serie A,558619,2026-08-29T18:45:00Z,2,109,Juventus FC,112,Parma Calcio 1913
football-data.org,SA,Serie A,558626,2026-08-30T16:30:00Z,2,113,SSC Napoli,7397,Como 1907
football-data.org,SA,Serie A,558622,2026-08-30T18:45:00Z,2,110,SS Lazio,107,Genoa CFC
football-data.org,SA,Serie A,558623,2026-08-30T18:45:00Z,2,104,Cagliari Calcio,108,FC Internazionale Milano
football-data.org,SA,Serie A,558621,2026-08-31T16:30:00Z,2,5890,US Lecce,100,AS Roma
football-data.org,SA,Serie A,558628,2026-08-31T18:45:00Z,2,102,Atalanta BC,103,Bologna FC 1909
football-data.org,SA,Serie A,558609,2026-09-04T18:45:00Z,3,107,Genoa CFC,7397,Como 1907
football-data.org,SA,Serie A,558616,2026-09-05T13:00:00Z,3,99,ACF Fiorentina,586,Torino FC
football-data.org,SA,Serie A,558614,2026-09-05T16:00:00Z,3,108,FC Internazionale Milano,113,SSC Napoli
football-data.org,SA,Serie A,558611,2026-09-05T18:45:00Z,3,100,AS Roma,102,Atalanta BC
football-data.org,SA,Serie A,558612,2026-09-06T13:00:00Z,3,112,Parma Calcio 1913,5911,AC Monza
football-data.org,SA,Serie A,558615,2026-09-06T13:00:00Z,3,470,Frosinone Calcio,454,Venezia FC
football-data.org,SA,Serie A,558613,2026-09-06T16:00:00Z,3,103,Bologna FC 1909,471,US Sassuolo Calcio
football-data.org,SA,Serie A,558618,2026-09-06T18:45:00Z,3,109,Juventus FC,98,AC Milan
football-data.org,SA,Serie A,558610,2026-09-07T16:00:00Z,3,104,Cagliari Calcio,5890,US Lecce
football-data.org,SA,Serie A,558617,2026-09-07T18:45:00Z,3,115,Udinese Calcio,110,SS Lazio
football-data.org,SA,Serie A,558606,2026-09-11T18:45:00Z,4,454,Venezia FC,99,ACF Fiorentina
football-data.org,SA,Serie A,558604,2026-09-12T13:00:00Z,4,107,Genoa CFC,470,Frosinone Calcio
football-data.org,SA,Serie A,558608,2026-09-12T16:00:00Z,4,471,US Sassuolo Calcio,109,Juventus FC
football-data.org,SA,Serie A,558607,2026-09-12T18:45:00Z,4,102,Atalanta BC,104,Cagliari Calcio
football-data.org,SA,Serie A,558603,2026-09-13T10:30:00Z,4,586,Torino FC,100,AS Roma
football-data.org,SA,Serie A,558602,2026-09-13T13:00:00Z,4,7397,Como 1907,112,Parma Calcio 1913
football-data.org,SA,Serie A,558605,2026-09-13T13:00:00Z,4,5890,US Lecce,5911,AC Monza
football-data.org,SA,Serie A,558599,2026-09-13T16:00:00Z,4,113,SSC Napoli,103,Bologna FC 1909
football-data.org,SA,Serie A,558600,2026-09-13T18:45:00Z,4,110,SS Lazio,98,AC Milan
football-data.org,SA,Serie A,558601,2026-09-14T18:45:00Z,4,108,FC Internazionale Milano,115,Udinese Calcio
football-data.org,SA,Serie A,558596,2026-09-18T18:45:00Z,5,5911,AC Monza,471,US Sassuolo Calcio
football-data.org,SA,Serie A,558598,2026-09-19T13:00:00Z,5,103,Bologna FC 1909,586,Torino FC
football-data.org,SA,Serie A,558589,2026-09-19T13:00:00Z,5,115,Udinese Calcio,104,Cagliari Calcio
football-data.org,SA,Serie A,558593,2026-09-19T16:00:00Z,5,100,AS Roma,108,FC Internazionale Milano
football-data.org,SA,Serie A,558594,2026-09-19T18:45:00Z,5,454,Venezia FC,110,SS Lazio
football-data.org,SA,Serie A,558591,2026-09-20T10:30:00Z,5,99,ACF Fiorentina,113,SSC Napoli
football-data.org,SA,Serie A,558592,2026-09-20T13:00:00Z,5,470,Frosinone Calcio,7397,Como 1907
football-data.org,SA,Serie A,558590,2026-09-20T13:00:00Z,5,112,Parma Calcio 1913,107,Genoa CFC
football-data.org,SA,Serie A,558595,2026-09-20T16:00:00Z,5,109,Juventus FC,102,Atalanta BC
football-data.org,SA,Serie A,558597,2026-09-20T18:45:00Z,5,98,AC Milan,5890,US Lecce
football-data.org,SA,Serie A,558579,2026-10-11T16:30:00Z,6,102,Atalanta BC,454,Venezia FC
football-data.org,SA,Serie A,558580,2026-10-11T16:30:00Z,6,471,US Sassuolo Calcio,98,AC Milan
football-data.org,SA,Serie A,558581,2026-10-11T16:30:00Z,6,5890,US Lecce,103,Bologna FC 1909
football-data.org,SA,Serie A,558582,2026-10-11T16:30:00Z,6,108,FC Internazionale Milano,112,Parma Calcio 1913
football-data.org,SA,Serie A,558583,2026-10-11T16:30:00Z,6,110,SS Lazio,5911,AC Monza
football-data.org,SA,Serie A,558584,2026-10-11T16:30:00Z,6,104,Cagliari Calcio,109,Juventus FC
football-data.org,SA,Serie A,558585,2026-10-11T16:30:00Z,6,7397,Como 1907,100,AS Roma
football-data.org,SA,Serie A,558586,2026-10-11T16:30:00Z,6,113,SSC Napoli,470,Frosinone Calcio
football-data.org,SA,Serie A,558587,2026-10-11T16:30:00Z,6,586,Torino FC,115,Udinese Calcio
football-data.org,SA,Serie A,558588,2026-10-11T16:30:00Z,6,107,Genoa CFC,99,ACF Fiorentina
football-data.org,SA,Serie A,558569,2026-10-18T16:30:00Z,7,98,AC Milan,102,Atalanta BC
football-data.org,SA,Serie A,558570,2026-10-18T16:30:00Z,7,109,Juventus FC,110,SS Lazio
football-data.org,SA,Serie A,558571,2026-10-18T16:30:00Z,7,103,Bologna FC 1909,108,FC Internazionale Milano
football-data.org,SA,Serie A,558572,2026-10-18T16:30:00Z,7,100,AS Roma,107,Genoa CFC
football-data.org,SA,Serie A,558573,2026-10-18T16:30:00Z,7,470,Frosinone Calcio,471,US Sassuolo Calcio
football-data.org,SA,Serie A,558574,2026-10-18T16:30:00Z,7,115,Udinese Calcio,5890,US Lecce
football-data.org,SA,Serie A,558575,2026-10-18T16:30:00Z,7,454,Venezia FC,113,SSC Napoli
football-data.org,SA,Serie A,558576,2026-10-18T16:30:00Z,7,5911,AC Monza,104,Cagliari Calcio
football-data.org,SA,Serie A,558577,2026-10-18T16:30:00Z,7,99,ACF Fiorentina,7397,Como 1907
football-data.org,SA,Serie A,558578,2026-10-18T16:30:00Z,7,112,Parma Calcio 1913,586,Torino FC
football-data.org,SA,Serie A,558559,2026-10-25T17:30:00Z,8,115,Udinese Calcio,98,AC Milan
football-data.org,SA,Serie A,558560,2026-10-25T17:30:00Z,8,104,Cagliari Calcio,103,Bologna FC 1909
football-data.org,SA,Serie A,558561,2026-10-25T17:30:00Z,8,7397,Como 1907,471,US Sassuolo Calcio
football-data.org,SA,Serie A,558562,2026-10-25T17:30:00Z,8,102,Atalanta BC,470,Frosinone Calcio
football-data.org,SA,Serie A,558563,2026-10-25T17:30:00Z,8,108,FC Internazionale Milano,99,ACF Fiorentina
football-data.org,SA,Serie A,558564,2026-10-25T17:30:00Z,8,113,SSC Napoli,100,AS Roma
football-data.org,SA,Serie A,558565,2026-10-25T17:30:00Z,8,110,SS Lazio,112,Parma Calcio 1913
football-data.org,SA,Serie A,558566,2026-10-25T17:30:00Z,8,5890,US Lecce,109,Juventus FC
football-data.org,SA,Serie A,558567,2026-10-25T17:30:00Z,8,586,Torino FC,5911,AC Monza
football-data.org,SA,Serie A,558568,2026-10-25T17:30:00Z,8,107,Genoa CFC,454,Venezia FC
football-data.org,SA,Serie A,558549,2026-10-28T17:30:00Z,9,98,AC Milan,103,Bologna FC 1909
football-data.org,SA,Serie A,558550,2026-10-28T17:30:00Z,9,454,Venezia FC,108,FC Internazionale Milano
football-data.org,SA,Serie A,558551,2026-10-28T17:30:00Z,9,99,ACF Fiorentina,102,Atalanta BC
football-data.org,SA,Serie A,558552,2026-10-28T17:30:00Z,9,107,Genoa CFC,109,Juventus FC
football-data.org,SA,Serie A,558553,2026-10-28T17:30:00Z,9,112,Parma Calcio 1913,115,Udinese Calcio
football-data.org,SA,Serie A,558554,2026-10-28T17:30:00Z,9,5911,AC Monza,113,SSC Napoli
football-data.org,SA,Serie A,558555,2026-10-28T17:30:00Z,9,100,AS Roma,104,Cagliari Calcio
football-data.org,SA,Serie A,558556,2026-10-28T17:30:00Z,9,471,US Sassuolo Calcio,110,SS Lazio
football-data.org,SA,Serie A,558557,2026-10-28T17:30:00Z,9,586,Torino FC,7397,Como 1907
football-data.org,SA,Serie A,558558,2026-10-28T17:30:00Z,9,470,Frosinone Calcio,5890,US Lecce
football-data.org,SA,Serie A,558539,2026-11-01T17:30:00Z,10,103,Bologna FC 1909,5911,AC Monza
football-data.org,SA,Serie A,558540,2026-11-01T17:30:00Z,10,5890,US Lecce,107,Genoa CFC
football-data.org,SA,Serie A,558541,2026-11-01T17:30:00Z,10,471,US Sassuolo Calcio,99,ACF Fiorentina
football-data.org,SA,Serie A,558542,2026-11-01T17:30:00Z,10,115,Udinese Calcio,100,AS Roma
football-data.org,SA,Serie A,558543,2026-11-01T17:30:00Z,10,7397,Como 1907,454,Venezia FC
football-data.org,SA,Serie A,558544,2026-11-01T17:30:00Z,10,470,Frosinone Calcio,586,Torino FC
football-data.org,SA,Serie A,558545,2026-11-01T17:30:00Z,10,102,Atalanta BC,112,Parma Calcio 1913
football-data.org,SA,Serie A,558546,2026-11-01T17:30:00Z,10,110,SS Lazio,104,Cagliari Calcio
football-data.org,SA,Serie A,558547,2026-11-01T17:30:00Z,10,109,Juventus FC,113,SSC Napoli
football-data.org,SA,Serie A,558548,2026-11-01T17:30:00Z,10,98,AC Milan,108,FC Internazionale Milano
football-data.org,SA,Serie A,558529,2026-11-08T17:30:00Z,11,99,ACF Fiorentina,109,Juventus FC
football-data.org,SA,Serie A,558530,2026-11-08T17:30:00Z,11,108,FC Internazionale Milano,7397,Como 1907
football-data.org,SA,Serie A,558531,2026-11-08T17:30:00Z,11,100,AS Roma,471,US Sassuolo Calcio
football-data.org,SA,Serie A,558532,2026-11-08T17:30:00Z,11,586,Torino FC,5890,US Lecce
football-data.org,SA,Serie A,558533,2026-11-08T17:30:00Z,11,113,SSC Napoli,110,SS Lazio
football-data.org,SA,Serie A,558534,2026-11-08T17:30:00Z,11,104,Cagliari Calcio,470,Frosinone Calcio
football-data.org,SA,Serie A,558535,2026-11-08T17:30:00Z,11,112,Parma Calcio 1913,103,Bologna FC 1909
football-data.org,SA,Serie A,558536,2026-11-08T17:30:00Z,11,107,Genoa CFC,98,AC Milan
football-data.org,SA,Serie A,558537,2026-11-08T17:30:00Z,11,454,Venezia FC,115,Udinese Calcio
football-data.org,SA,Serie A,558538,2026-11-08T17:30:00Z,11,5911,AC Monza,102,Atalanta BC
football-data.org,SA,Serie A,558519,2026-11-22T17:30:00Z,12,5911,AC Monza,99,ACF Fiorentina
football-data.org,SA,Serie A,558520,2026-11-22T17:30:00Z,12,102,Atalanta BC,108,FC Internazionale Milano
football-data.org,SA,Serie A,558521,2026-11-22T17:30:00Z,12,109,Juventus FC,454,Venezia FC
football-data.org,SA,Serie A,558522,2026-11-22T17:30:00Z,12,103,Bologna FC 1909,115,Udinese Calcio
football-data.org,SA,Serie A,558523,2026-11-22T17:30:00Z,12,98,AC Milan,470,Frosinone Calcio
football-data.org,SA,Serie A,558524,2026-11-22T17:30:00Z,12,471,US Sassuolo Calcio,107,Genoa CFC
football-data.org,SA,Serie A,558525,2026-11-22T17:30:00Z,12,7397,Como 1907,104,Cagliari Calcio
football-data.org,SA,Serie A,558526,2026-11-22T17:30:00Z,12,112,Parma Calcio 1913,100,AS Roma
football-data.org,SA,Serie A,558527,2026-11-22T17:30:00Z,12,113,SSC Napoli,586,Torino FC
football-data.org,SA,Serie A,558528,2026-11-22T17:30:00Z,12,110,SS Lazio,5890,US Lecce
football-data.org,SA,Serie A,558509,2026-11-29T17:30:00Z,13,471,US Sassuolo Calcio,113,SSC Napoli
football-data.org,SA,Serie A,558510,2026-11-29T17:30:00Z,13,104,Cagliari Calcio,98,AC Milan
football-data.org,SA,Serie A,558511,2026-11-29T17:30:00Z,13,7397,Como 1907,109,Juventus FC
football-data.org,SA,Serie A,558512,2026-11-29T17:30:00Z,13,100,AS Roma,5911,AC Monza
football-data.org,SA,Serie A,558513,2026-11-29T17:30:00Z,13,470,Frosinone Calcio,112,Parma Calcio 1913
football-data.org,SA,Serie A,558514,2026-11-29T17:30:00Z,13,586,Torino FC,110,SS Lazio
football-data.org,SA,Serie A,558515,2026-11-29T17:30:00Z,13,454,Venezia FC,103,Bologna FC 1909
football-data.org,SA,Serie A,558516,2026-11-29T17:30:00Z,13,5890,US Lecce,102,Atalanta BC
football-data.org,SA,Serie A,558517,2026-11-29T17:30:00Z,13,115,Udinese Calcio,99,ACF Fiorentina
football-data.org,SA,Serie A,558518,2026-11-29T17:30:00Z,13,108,FC Internazionale Milano,107,Genoa CFC
football-data.org,SA,Serie A,558499,2026-12-06T17:30:00Z,14,107,Genoa CFC,586,Torino FC
football-data.org,SA,Serie A,558500,2026-12-06T17:30:00Z,14,109,Juventus FC,115,Udinese Calcio
football-data.org,SA,Serie A,558501,2026-12-06T17:30:00Z,14,470,Frosinone Calcio,108,FC Internazionale Milano
football-data.org,SA,Serie A,558502,2026-12-06T17:30:00Z,14,103,Bologna FC 1909,100,AS Roma
football-data.org,SA,Serie A,558503,2026-12-06T17:30:00Z,14,99,ACF Fiorentina,104,Cagliari Calcio
football-data.org,SA,Serie A,558504,2026-12-06T17:30:00Z,14,110,SS Lazio,102,Atalanta BC
football-data.org,SA,Serie A,558505,2026-12-06T17:30:00Z,14,98,AC Milan,112,Parma Calcio 1913
football-data.org,SA,Serie A,558506,2026-12-06T17:30:00Z,14,454,Venezia FC,471,US Sassuolo Calcio
football-data.org,SA,Serie A,558507,2026-12-06T17:30:00Z,14,5911,AC Monza,7397,Como 1907
football-data.org,SA,Serie A,558508,2026-12-06T17:30:00Z,14,113,SSC Napoli,5890,US Lecce
football-data.org,SA,Serie A,558489,2026-12-13T17:30:00Z,15,113,SSC Napoli,98,AC Milan
football-data.org,SA,Serie A,558490,2026-12-13T17:30:00Z,15,7397,Como 1907,103,Bologna FC 1909
football-data.org,SA,Serie A,558491,2026-12-13T17:30:00Z,15,115,Udinese Calcio,470,Frosinone Calcio
football-data.org,SA,Serie A,558492,2026-12-13T17:30:00Z,15,5890,US Lecce,471,US Sassuolo Calcio
football-data.org,SA,Serie A,558493,2026-12-13T17:30:00Z,15,112,Parma Calcio 1913,99,ACF Fiorentina
football-data.org,SA,Serie A,558494,2026-12-13T17:30:00Z,15,104,Cagliari Calcio,454,Venezia FC
football-data.org,SA,Serie A,558495,2026-12-13T17:30:00Z,15,108,FC Internazionale Milano,586,Torino FC
football-data.org,SA,Serie A,558496,2026-12-13T17:30:00Z,15,109,Juventus FC,5911,AC Monza
football-data.org,SA,Serie A,558497,2026-12-13T17:30:00Z,15,102,Atalanta BC,107,Genoa CFC
football-data.org,SA,Serie A,558498,2026-12-13T17:30:00Z,15,110,SS Lazio,100,AS Roma
football-data.org,SA,Serie A,558479,2026-12-20T17:30:00Z,16,98,AC Milan,7397,Como 1907
football-data.org,SA,Serie A,558480,2026-12-20T17:30:00Z,16,471,US Sassuolo Calcio,112,Parma Calcio 1913
football-data.org,SA,Serie A,558481,2026-12-20T17:30:00Z,16,100,AS Roma,109,Juventus FC
football-data.org,SA,Serie A,558482,2026-12-20T17:30:00Z,16,470,Frosinone Calcio,110,SS Lazio
football-data.org,SA,Serie A,558483,2026-12-20T17:30:00Z,16,102,Atalanta BC,113,SSC Napoli
football-data.org,SA,Serie A,558484,2026-12-20T17:30:00Z,16,99,ACF Fiorentina,103,Bologna FC 1909
football-data.org,SA,Serie A,558485,2026-12-20T17:30:00Z,16,107,Genoa CFC,115,Udinese Calcio
football-data.org,SA,Serie A,558486,2026-12-20T17:30:00Z,16,5890,US Lecce,108,FC Internazionale Milano
football-data.org,SA,Serie A,558487,2026-12-20T17:30:00Z,16,586,Torino FC,104,Cagliari Calcio
football-data.org,SA,Serie A,558488,2026-12-20T17:30:00Z,16,454,Venezia FC,5911,AC Monza
football-data.org,SA,Serie A,558469,2027-01-03T12:00:00Z,17,115,Udinese Calcio,102,Atalanta BC
football-data.org,SA,Serie A,558470,2027-01-03T12:00:00Z,17,7397,Como 1907,5890,US Lecce
football-data.org,SA,Serie A,558471,2027-01-03T12:00:00Z,17,100,AS Roma,470,Frosinone Calcio
football-data.org,SA,Serie A,558472,2027-01-03T12:00:00Z,17,112,Parma Calcio 1913,113,SSC Napoli
football-data.org,SA,Serie A,558473,2027-01-03T12:00:00Z,17,104,Cagliari Calcio,107,Genoa CFC
football-data.org,SA,Serie A,558474,2027-01-03T12:00:00Z,17,586,Torino FC,454,Venezia FC
football-data.org,SA,Serie A,558475,2027-01-03T12:00:00Z,17,5911,AC Monza,98,AC Milan
football-data.org,SA,Serie A,558476,2027-01-03T12:00:00Z,17,108,FC Internazionale Milano,471,US Sassuolo Calcio
football-data.org,SA,Serie A,558477,2027-01-03T12:00:00Z,17,103,Bologna FC 1909,109,Juventus FC
football-data.org,SA,Serie A,558478,2027-01-03T12:00:00Z,17,99,ACF Fiorentina,110,SS Lazio
football-data.org,SA,Serie A,558459,2027-01-06T12:00:00Z,18,470,Frosinone Calcio,103,Bologna FC 1909
football-data.org,SA,Serie A,558460,2027-01-06T12:00:00Z,18,471,US Sassuolo Calcio,115,Udinese Calcio
football-data.org,SA,Serie A,558461,2027-01-06T12:00:00Z,18,107,Genoa CFC,5911,AC Monza
football-data.org,SA,Serie A,558462,2027-01-06T12:00:00Z,18,454,Venezia FC,100,AS Roma
football-data.org,SA,Serie A,558463,2027-01-06T12:00:00Z,18,113,SSC Napoli,104,Cagliari Calcio
football-data.org,SA,Serie A,558464,2027-01-06T12:00:00Z,18,98,AC Milan,99,ACF Fiorentina
football-data.org,SA,Serie A,558465,2027-01-06T12:00:00Z,18,109,Juventus FC,586,Torino FC
football-data.org,SA,Serie A,558466,2027-01-06T12:00:00Z,18,102,Atalanta BC,7397,Como 1907
football-data.org,SA,Serie A,558467,2027-01-06T12:00:00Z,18,110,SS Lazio,108,FC Internazionale Milano
football-data.org,SA,Serie A,558468,2027-01-06T12:00:00Z,18,5890,US Lecce,112,Parma Calcio 1913
football-data.org,SA,Serie A,558449,2027-01-10T12:00:00Z,19,99,ACF Fiorentina,5890,US Lecce
football-data.org,SA,Serie A,558450,2027-01-10T12:00:00Z,19,115,Udinese Calcio,113,SSC Napoli
football-data.org,SA,Serie A,558451,2027-01-10T12:00:00Z,19,586,Torino FC,102,Atalanta BC
football-data.org,SA,Serie A,558452,2027-01-10T12:00:00Z,19,5911,AC Monza,470,Frosinone Calcio
football-data.org,SA,Serie A,558453,2027-01-10T12:00:00Z,19,108,FC Internazionale Milano,109,Juventus FC
football-data.org,SA,Serie A,558454,2027-01-10T12:00:00Z,19,112,Parma Calcio 1913,454,Venezia FC
football-data.org,SA,Serie A,558455,2027-01-10T12:00:00Z,19,103,Bologna FC 1909,107,Genoa CFC
football-data.org,SA,Serie A,558456,2027-01-10T12:00:00Z,19,104,Cagliari Calcio,471,US Sassuolo Calcio
football-data.org,SA,Serie A,558457,2027-01-10T12:00:00Z,19,7397,Como 1907,110,SS Lazio
football-data.org,SA,Serie A,558458,2027-01-10T12:00:00Z,19,100,AS Roma,98,AC Milan
football-data.org,SA,Serie A,558439,2027-01-17T12:00:00Z,20,98,AC Milan,586,Torino FC
football-data.org,SA,Serie A,558440,2027-01-17T12:00:00Z,20,112,Parma Calcio 1913,108,FC Internazionale Milano
football-data.org,SA,Serie A,558441,2027-01-17T12:00:00Z,20,109,Juventus FC,107,Genoa CFC
football-data.org,SA,Serie A,558442,2027-01-17T12:00:00Z,20,5890,US Lecce,115,Udinese Calcio
football-data.org,SA,Serie A,558443,2027-01-17T12:00:00Z,20,104,Cagliari Calcio,7397,Como 1907
football-data.org,SA,Serie A,558444,2027-01-17T12:00:00Z,20,471,US Sassuolo Calcio,5911,AC Monza
football-data.org,SA,Serie A,558445,2027-01-17T12:00:00Z,20,113,SSC Napoli,99,ACF Fiorentina
football-data.org,SA,Serie A,558446,2027-01-17T12:00:00Z,20,110,SS Lazio,103,Bologna FC 1909
football-data.org,SA,Serie A,558447,2027-01-17T12:00:00Z,20,454,Venezia FC,470,Frosinone Calcio
football-data.org,SA,Serie A,558448,2027-01-17T12:00:00Z,20,102,Atalanta BC,100,AS Roma
football-data.org,SA,Serie A,558429,2027-01-24T12:00:00Z,21,5890,US Lecce,586,Torino FC
football-data.org,SA,Serie A,558430,2027-01-24T12:00:00Z,21,109,Juventus FC,104,Cagliari Calcio
football-data.org,SA,Serie A,558431,2027-01-24T12:00:00Z,21,108,FC Internazionale Milano,454,Venezia FC
football-data.org,SA,Serie A,558432,2027-01-24T12:00:00Z,21,99,ACF Fiorentina,471,US Sassuolo Calcio
football-data.org,SA,Serie A,558433,2027-01-24T12:00:00Z,21,470,Frosinone Calcio,98,AC Milan
football-data.org,SA,Serie A,558434,2027-01-24T12:00:00Z,21,100,AS Roma,115,Udinese Calcio
football-data.org,SA,Serie A,558435,2027-01-24T12:00:00Z,21,103,Bologna FC 1909,102,Atalanta BC
football-data.org,SA,Serie A,558436,2027-01-24T12:00:00Z,21,107,Genoa CFC,112,Parma Calcio 1913
football-data.org,SA,Serie A,558437,2027-01-24T12:00:00Z,21,7397,Como 1907,113,SSC Napoli
football-data.org,SA,Serie A,558438,2027-01-24T12:00:00Z,21,5911,AC Monza,110,SS Lazio
football-data.org,SA,Serie A,558419,2027-01-31T12:00:00Z,22,98,AC Milan,109,Juventus FC
football-data.org,SA,Serie A,558420,2027-01-31T12:00:00Z,22,5911,AC Monza,100,AS Roma
football-data.org,SA,Serie A,558421,2027-01-31T12:00:00Z,22,586,Torino FC,470,Frosinone Calcio
football-data.org,SA,Serie A,558422,2027-01-31T12:00:00Z,22,115,Udinese Calcio,103,Bologna FC 1909
football-data.org,SA,Serie A,558423,2027-01-31T12:00:00Z,22,471,US Sassuolo Calcio,7397,Como 1907
football-data.org,SA,Serie A,558424,2027-01-31T12:00:00Z,22,107,Genoa CFC,5890,US Lecce
football-data.org,SA,Serie A,558425,2027-01-31T12:00:00Z,22,104,Cagliari Calcio,112,Parma Calcio 1913
football-data.org,SA,Serie A,558426,2027-01-31T12:00:00Z,22,102,Atalanta BC,99,ACF Fiorentina
football-data.org,SA,Serie A,558427,2027-01-31T12:00:00Z,22,110,SS Lazio,454,Venezia FC
football-data.org,SA,Serie A,558428,2027-01-31T12:00:00Z,22,113,SSC Napoli,108,FC Internazionale Milano
football-data.org,SA,Serie A,558409,2027-02-07T12:00:00Z,23,109,Juventus FC,471,US Sassuolo Calcio
football-data.org,SA,Serie A,558410,2027-02-07T12:00:00Z,23,108,FC Internazionale Milano,104,Cagliari Calcio
football-data.org,SA,Serie A,558411,2027-02-07T12:00:00Z,23,7397,Como 1907,5911,AC Monza
football-data.org,SA,Serie A,558412,2027-02-07T12:00:00Z,23,5890,US Lecce,113,SSC Napoli
football-data.org,SA,Serie A,558413,2027-02-07T12:00:00Z,23,454,Venezia FC,107,Genoa CFC
football-data.org,SA,Serie A,558414,2027-02-07T12:00:00Z,23,100,AS Roma,586,Torino FC
football-data.org,SA,Serie A,558415,2027-02-07T12:00:00Z,23,102,Atalanta BC,110,SS Lazio
football-data.org,SA,Serie A,558416,2027-02-07T12:00:00Z,23,112,Parma Calcio 1913,470,Frosinone Calcio
football-data.org,SA,Serie A,558417,2027-02-07T12:00:00Z,23,103,Bologna FC 1909,98,AC Milan
football-data.org,SA,Serie A,558418,2027-02-07T12:00:00Z,23,99,ACF Fiorentina,115,Udinese Calcio
football-data.org,SA,Serie A,558399,2027-02-14T12:00:00Z,24,113,SSC Napoli,109,Juventus FC
football-data.org,SA,Serie A,558400,2027-02-14T12:00:00Z,24,5911,AC Monza,5890,US Lecce
football-data.org,SA,Serie A,558401,2027-02-14T12:00:00Z,24,586,Torino FC,471,US Sassuolo Calcio
football-data.org,SA,Serie A,558402,2027-02-14T12:00:00Z,24,470,Frosinone Calcio,99,ACF Fiorentina
football-data.org,SA,Serie A,558403,2027-02-14T12:00:00Z,24,103,Bologna FC 1909,7397,Como 1907
football-data.org,SA,Serie A,558404,2027-02-14T12:00:00Z,24,100,AS Roma,112,Parma Calcio 1913
football-data.org,SA,Serie A,558405,2027-02-14T12:00:00Z,24,115,Udinese Calcio,454,Venezia FC
football-data.org,SA,Serie A,558406,2027-02-14T12:00:00Z,24,107,Genoa CFC,102,Atalanta BC
football-data.org,SA,Serie A,558407,2027-02-14T12:00:00Z,24,104,Cagliari Calcio,110,SS Lazio
football-data.org,SA,Serie A,558408,2027-02-14T12:00:00Z,24,108,FC Internazionale Milano,98,AC Milan
football-data.org,SA,Serie A,558389,2027-02-21T12:00:00Z,25,7397,Como 1907,586,Torino FC
football-data.org,SA,Serie A,558390,2027-02-21T12:00:00Z,25,102,Atalanta BC,5911,AC Monza
football-data.org,SA,Serie A,558391,2027-02-21T12:00:00Z,25,115,Udinese Calcio,112,Parma Calcio 1913
football-data.org,SA,Serie A,558392,2027-02-21T12:00:00Z,25,109,Juventus FC,103,Bologna FC 1909
football-data.org,SA,Serie A,558393,2027-02-21T12:00:00Z,25,99,ACF Fiorentina,108,FC Internazionale Milano
football-data.org,SA,Serie A,558394,2027-02-21T12:00:00Z,25,471,US Sassuolo Calcio,100,AS Roma
football-data.org,SA,Serie A,558395,2027-02-21T12:00:00Z,25,98,AC Milan,107,Genoa CFC
football-data.org,SA,Serie A,558396,2027-02-21T12:00:00Z,25,454,Venezia FC,104,Cagliari Calcio
football-data.org,SA,Serie A,558397,2027-02-21T12:00:00Z,25,5890,US Lecce,470,Frosinone Calcio
football-data.org,SA,Serie A,558398,2027-02-21T12:00:00Z,25,110,SS Lazio,113,SSC Napoli
football-data.org,SA,Serie A,558379,2027-02-28T12:00:00Z,26,108,FC Internazionale Milano,102,Atalanta BC
football-data.org,SA,Serie A,558380,2027-02-28T12:00:00Z,26,104,Cagliari Calcio,115,Udinese Calcio
football-data.org,SA,Serie A,558381,2027-02-28T12:00:00Z,26,112,Parma Calcio 1913,471,US Sassuolo Calcio
football-data.org,SA,Serie A,558382,2027-02-28T12:00:00Z,26,107,Genoa CFC,110,SS Lazio
football-data.org,SA,Serie A,558383,2027-02-28T12:00:00Z,26,100,AS Roma,454,Venezia FC
football-data.org,SA,Serie A,558384,2027-02-28T12:00:00Z,26,7397,Como 1907,98,AC Milan
football-data.org,SA,Serie A,558385,2027-02-28T12:00:00Z,26,586,Torino FC,99,ACF Fiorentina
football-data.org,SA,Serie A,558386,2027-02-28T12:00:00Z,26,103,Bologna FC 1909,5890,US Lecce
football-data.org,SA,Serie A,558387,2027-02-28T12:00:00Z,26,5911,AC Monza,109,Juventus FC
football-data.org,SA,Serie A,558388,2027-02-28T12:00:00Z,26,470,Frosinone Calcio,113,SSC Napoli
football-data.org,SA,Serie A,558369,2027-03-07T12:00:00Z,27,115,Udinese Calcio,108,FC Internazionale Milano
football-data.org,SA,Serie A,558370,2027-03-07T12:00:00Z,27,102,Atalanta BC,586,Torino FC
football-data.org,SA,Serie A,558371,2027-03-07T12:00:00Z,27,113,SSC Napoli,112,Parma Calcio 1913
football-data.org,SA,Serie A,558372,2027-03-07T12:00:00Z,27,5890,US Lecce,7397,Como 1907
football-data.org,SA,Serie A,558373,2027-03-07T12:00:00Z,27,110,SS Lazio,470,Frosinone Calcio
football-data.org,SA,Serie A,558374,2027-03-07T12:00:00Z,27,471,US Sassuolo Calcio,103,Bologna FC 1909
football-data.org,SA,Serie A,558375,2027-03-07T12:00:00Z,27,5911,AC Monza,107,Genoa CFC
football-data.org,SA,Serie A,558376,2027-03-07T12:00:00Z,27,99,ACF Fiorentina,454,Venezia FC
football-data.org,SA,Serie A,558377,2027-03-07T12:00:00Z,27,98,AC Milan,104,Cagliari Calcio
football-data.org,SA,Serie A,558378,2027-03-07T12:00:00Z,27,109,Juventus FC,100,AS Roma
football-data.org,SA,Serie A,558359,2027-03-14T12:00:00Z,28,103,Bologna FC 1909,113,SSC Napoli
football-data.org,SA,Serie A,558360,2027-03-14T12:00:00Z,28,104,Cagliari Calcio,99,ACF Fiorentina
football-data.org,SA,Serie A,558361,2027-03-14T12:00:00Z,28,98,AC Milan,471,US Sassuolo Calcio
football-data.org,SA,Serie A,558362,2027-03-14T12:00:00Z,28,107,Genoa CFC,100,AS Roma
football-data.org,SA,Serie A,558363,2027-03-14T12:00:00Z,28,112,Parma Calcio 1913,5890,US Lecce
football-data.org,SA,Serie A,558364,2027-03-14T12:00:00Z,28,586,Torino FC,108,FC Internazionale Milano
football-data.org,SA,Serie A,558365,2027-03-14T12:00:00Z,28,470,Frosinone Calcio,5911,AC Monza
football-data.org,SA,Serie A,558366,2027-03-14T12:00:00Z,28,7397,Como 1907,115,Udinese Calcio
football-data.org,SA,Serie A,558367,2027-03-14T12:00:00Z,28,110,SS Lazio,109,Juventus FC
football-data.org,SA,Serie A,558368,2027-03-14T12:00:00Z,28,454,Venezia FC,102,Atalanta BC
football-data.org,SA,Serie A,558349,2027-03-21T12:00:00Z,29,113,SSC Napoli,454,Venezia FC
football-data.org,SA,Serie A,558350,2027-03-21T12:00:00Z,29,115,Udinese Calcio,586,Torino FC
football-data.org,SA,Serie A,558351,2027-03-21T12:00:00Z,29,109,Juventus FC,7397,Como 1907
football-data.org,SA,Serie A,558352,2027-03-21T12:00:00Z,29,99,ACF Fiorentina,107,Genoa CFC
football-data.org,SA,Serie A,558353,2027-03-21T12:00:00Z,29,112,Parma Calcio 1913,110,SS Lazio
football-data.org,SA,Serie A,558354,2027-03-21T12:00:00Z,29,471,US Sassuolo Calcio,104,Cagliari Calcio
football-data.org,SA,Serie A,558355,2027-03-21T12:00:00Z,29,5911,AC Monza,103,Bologna FC 1909
football-data.org,SA,Serie A,558356,2027-03-21T12:00:00Z,29,108,FC Internazionale Milano,470,Frosinone Calcio
football-data.org,SA,Serie A,558357,2027-03-21T12:00:00Z,29,100,AS Roma,5890,US Lecce
football-data.org,SA,Serie A,558358,2027-03-21T12:00:00Z,29,102,Atalanta BC,98,AC Milan
football-data.org,SA,Serie A,558339,2027-04-04T12:00:00Z,30,5890,US Lecce,110,SS Lazio
football-data.org,SA,Serie A,558340,2027-04-04T12:00:00Z,30,104,Cagliari Calcio,113,SSC Napoli
football-data.org,SA,Serie A,558341,2027-04-04T12:00:00Z,30,7397,Como 1907,99,ACF Fiorentina
football-data.org,SA,Serie A,558342,2027-04-04T12:00:00Z,30,471,US Sassuolo Calcio,102,Atalanta BC
football-data.org,SA,Serie A,558343,2027-04-04T12:00:00Z,30,100,AS Roma,103,Bologna FC 1909
football-data.org,SA,Serie A,558344,2027-04-04T12:00:00Z,30,98,AC Milan,5911,AC Monza
football-data.org,SA,Serie A,558345,2027-04-04T12:00:00Z,30,107,Genoa CFC,108,FC Internazionale Milano
football-data.org,SA,Serie A,558346,2027-04-04T12:00:00Z,30,586,Torino FC,109,Juventus FC
football-data.org,SA,Serie A,558347,2027-04-04T12:00:00Z,30,454,Venezia FC,112,Parma Calcio 1913
football-data.org,SA,Serie A,558348,2027-04-04T12:00:00Z,30,470,Frosinone Calcio,115,Udinese Calcio
football-data.org,SA,Serie A,558336,2027-04-11T12:00:00Z,31,109,Juventus FC,5890,US Lecce
football-data.org,SA,Serie A,558337,2027-04-11T12:00:00Z,31,113,SSC Napoli,471,US Sassuolo Calcio
football-data.org,SA,Serie A,558338,2027-04-11T12:00:00Z,31,99,ACF Fiorentina,98,AC Milan
football-data.org,SA,Serie A,558329,2027-04-11T12:00:00Z,31,110,SS Lazio,586,Torino FC
football-data.org,SA,Serie A,558330,2027-04-11T12:00:00Z,31,104,Cagliari Calcio,102,Atalanta BC
football-data.org,SA,Serie A,558331,2027-04-11T12:00:00Z,31,112,Parma Calcio 1913,7397,Como 1907
football-data.org,SA,Serie A,558332,2027-04-11T12:00:00Z,31,103,Bologna FC 1909,454,Venezia FC
football-data.org,SA,Serie A,558333,2027-04-11T12:00:00Z,31,470,Frosinone Calcio,107,Genoa CFC
football-data.org,SA,Serie A,558334,2027-04-11T12:00:00Z,31,108,FC Internazionale Milano,100,AS Roma
football-data.org,SA,Serie A,558335,2027-04-11T12:00:00Z,31,115,Udinese Calcio,5911,AC Monza
football-data.org,SA,Serie A,558319,2027-04-18T12:00:00Z,32,5911,AC Monza,108,FC Internazionale Milano
football-data.org,SA,Serie A,558320,2027-04-18T12:00:00Z,32,99,ACF Fiorentina,112,Parma Calcio 1913
football-data.org,SA,Serie A,558321,2027-04-18T12:00:00Z,32,100,AS Roma,110,SS Lazio
football-data.org,SA,Serie A,558322,2027-04-18T12:00:00Z,32,7397,Como 1907,470,Frosinone Calcio
football-data.org,SA,Serie A,558323,2027-04-18T12:00:00Z,32,471,US Sassuolo Calcio,5890,US Lecce
football-data.org,SA,Serie A,558324,2027-04-18T12:00:00Z,32,103,Bologna FC 1909,104,Cagliari Calcio
football-data.org,SA,Serie A,558325,2027-04-18T12:00:00Z,32,102,Atalanta BC,115,Udinese Calcio
football-data.org,SA,Serie A,558326,2027-04-18T12:00:00Z,32,454,Venezia FC,109,Juventus FC
football-data.org,SA,Serie A,558327,2027-04-18T12:00:00Z,32,98,AC Milan,113,SSC Napoli
football-data.org,SA,Serie A,558328,2027-04-18T12:00:00Z,32,586,Torino FC,107,Genoa CFC
football-data.org,SA,Serie A,558309,2027-04-25T12:00:00Z,33,470,Frosinone Calcio,100,AS Roma
football-data.org,SA,Serie A,558310,2027-04-25T12:00:00Z,33,104,Cagliari Calcio,5911,AC Monza
football-data.org,SA,Serie A,558311,2027-04-25T12:00:00Z,33,113,SSC Napoli,115,Udinese Calcio
football-data.org,SA,Serie A,558312,2027-04-25T12:00:00Z,33,112,Parma Calcio 1913,102,Atalanta BC
football-data.org,SA,Serie A,558313,2027-04-25T12:00:00Z,33,110,SS Lazio,7397,Como 1907
football-data.org,SA,Serie A,558314,2027-04-25T12:00:00Z,33,109,Juventus FC,99,ACF Fiorentina
football-data.org,SA,Serie A,558315,2027-04-25T12:00:00Z,33,107,Genoa CFC,471,US Sassuolo Calcio
football-data.org,SA,Serie A,558316,2027-04-25T12:00:00Z,33,5890,US Lecce,98,AC Milan
football-data.org,SA,Serie A,558317,2027-04-25T12:00:00Z,33,454,Venezia FC,586,Torino FC
football-data.org,SA,Serie A,558318,2027-04-25T12:00:00Z,33,108,FC Internazionale Milano,103,Bologna FC 1909
football-data.org,SA,Serie A,558299,2027-05-02T12:00:00Z,34,102,Atalanta BC,109,Juventus FC
football-data.org,SA,Serie A,558300,2027-05-02T12:00:00Z,34,586,Torino FC,112,Parma Calcio 1913
football-data.org,SA,Serie A,558301,2027-05-02T12:00:00Z,34,98,AC Milan,110,SS Lazio
football-data.org,SA,Serie A,558302,2027-05-02T12:00:00Z,34,115,Udinese Calcio,107,Genoa CFC
football-data.org,SA,Serie A,558303,2027-05-02T12:00:00Z,34,471,US Sassuolo Calcio,470,Frosinone Calcio
football-data.org,SA,Serie A,558304,2027-05-02T12:00:00Z,34,103,Bologna FC 1909,99,ACF Fiorentina
football-data.org,SA,Serie A,558305,2027-05-02T12:00:00Z,34,7397,Como 1907,108,FC Internazionale Milano
football-data.org,SA,Serie A,558306,2027-05-02T12:00:00Z,34,5911,AC Monza,454,Venezia FC
football-data.org,SA,Serie A,558307,2027-05-02T12:00:00Z,34,5890,US Lecce,104,Cagliari Calcio
football-data.org,SA,Serie A,558308,2027-05-02T12:00:00Z,34,100,AS Roma,113,SSC Napoli
football-data.org,SA,Serie A,558289,2027-05-09T12:00:00Z,35,112,Parma Calcio 1913,98,AC Milan
football-data.org,SA,Serie A,558290,2027-05-09T12:00:00Z,35,107,Genoa CFC,104,Cagliari Calcio
football-data.org,SA,Serie A,558291,2027-05-09T12:00:00Z,35,110,SS Lazio,471,US Sassuolo Calcio
football-data.org,SA,Serie A,558292,2027-05-09T12:00:00Z,35,113,SSC Napoli,5911,AC Monza
football-data.org,SA,Serie A,558293,2027-05-09T12:00:00Z,35,108,FC Internazionale Milano,5890,US Lecce
football-data.org,SA,Serie A,558294,2027-05-09T12:00:00Z,35,454,Venezia FC,7397,Como 1907
football-data.org,SA,Serie A,558295,2027-05-09T12:00:00Z,35,115,Udinese Calcio,109,Juventus FC
football-data.org,SA,Serie A,558296,2027-05-09T12:00:00Z,35,586,Torino FC,103,Bologna FC 1909
football-data.org,SA,Serie A,558297,2027-05-09T12:00:00Z,35,470,Frosinone Calcio,102,Atalanta BC
football-data.org,SA,Serie A,558298,2027-05-09T12:00:00Z,35,99,ACF Fiorentina,100,AS Roma
football-data.org,SA,Serie A,558279,2027-05-16T12:00:00Z,36,113,SSC Napoli,107,Genoa CFC
football-data.org,SA,Serie A,558280,2027-05-16T12:00:00Z,36,5890,US Lecce,99,ACF Fiorentina
football-data.org,SA,Serie A,558281,2027-05-16T12:00:00Z,36,110,SS Lazio,115,Udinese Calcio
football-data.org,SA,Serie A,558282,2027-05-16T12:00:00Z,36,103,Bologna FC 1909,470,Frosinone Calcio
football-data.org,SA,Serie A,558283,2027-05-16T12:00:00Z,36,7397,Como 1907,102,Atalanta BC
football-data.org,SA,Serie A,558284,2027-05-16T12:00:00Z,36,109,Juventus FC,108,FC Internazionale Milano
football-data.org,SA,Serie A,558285,2027-05-16T12:00:00Z,36,471,US Sassuolo Calcio,454,Venezia FC
football-data.org,SA,Serie A,558286,2027-05-16T12:00:00Z,36,5911,AC Monza,112,Parma Calcio 1913
football-data.org,SA,Serie A,558287,2027-05-16T12:00:00Z,36,98,AC Milan,100,AS Roma
football-data.org,SA,Serie A,558288,2027-05-16T12:00:00Z,36,104,Cagliari Calcio,586,Torino FC
football-data.org,SA,Serie A,558269,2027-05-23T12:00:00Z,37,100,AS Roma,7397,Como 1907
football-data.org,SA,Serie A,558270,2027-05-23T12:00:00Z,37,112,Parma Calcio 1913,109,Juventus FC
football-data.org,SA,Serie A,558271,2027-05-23T12:00:00Z,37,586,Torino FC,113,SSC Napoli
football-data.org,SA,Serie A,558272,2027-05-23T12:00:00Z,37,102,Atalanta BC,5890,US Lecce
football-data.org,SA,Serie A,558273,2027-05-23T12:00:00Z,37,108,FC Internazionale Milano,110,SS Lazio
football-data.org,SA,Serie A,558274,2027-05-23T12:00:00Z,37,115,Udinese Calcio,471,US Sassuolo Calcio
football-data.org,SA,Serie A,558275,2027-05-23T12:00:00Z,37,470,Frosinone Calcio,104,Cagliari Calcio
football-data.org,SA,Serie A,558276,2027-05-23T12:00:00Z,37,99,ACF Fiorentina,5911,AC Monza
football-data.org,SA,Serie A,558277,2027-05-23T12:00:00Z,37,454,Venezia FC,98,AC Milan
football-data.org,SA,Serie A,558278,2027-05-23T12:00:00Z,37,107,Genoa CFC,103,Bologna FC 1909
football-data.org,SA,Serie A,558259,2027-05-30T12:00:00Z,38,98,AC Milan,115,Udinese Calcio
football-data.org,SA,Serie A,558260,2027-05-30T12:00:00Z,38,109,Juventus FC,470,Frosinone Calcio
football-data.org,SA,Serie A,558261,2027-05-30T12:00:00Z,38,5911,AC Monza,586,Torino FC
football-data.org,SA,Serie A,558262,2027-05-30T12:00:00Z,38,471,US Sassuolo Calcio,108,FC Internazionale Milano
football-data.org,SA,Serie A,558263,2027-05-30T12:00:00Z,38,104,Cagliari Calcio,100,AS Roma
football-data.org,SA,Serie A,558264,2027-05-30T12:00:00Z,38,110,SS Lazio,99,ACF Fiorentina
football-data.org,SA,Serie A,558265,2027-05-30T12:00:00Z,38,7397,Como 1907,107,Genoa CFC
football-data.org,SA,Serie A,558266,2027-05-30T12:00:00Z,38,113,SSC Napoli,102,Atalanta BC
football-data.org,SA,Serie A,558267,2027-05-30T12:00:00Z,38,5890,US Lecce,454,Venezia FC
football-data.org,SA,Serie A,558268,2027-05-30T12:00:00Z,38,103,Bologna FC 1909,112,Parma Calcio 1913
football-data.org,FL1,Ligue 1,559711,2026-08-22T15:00:00Z,1,535,Le Mans FC,512,Stade Brestois 29
football-data.org,FL1,Ligue 1,559712,2026-08-22T15:00:00Z,1,546,Racing Club de Lens,519,AJ Auxerre
football-data.org,FL1,Ligue 1,559713,2026-08-22T15:00:00Z,1,524,Paris Saint-Germain FC,529,Stade Rennais FC 1901
football-data.org,FL1,Ligue 1,559714,2026-08-22T15:00:00Z,1,531,ES Troyes AC,1045,Paris FC
football-data.org,FL1,Ligue 1,559715,2026-08-22T15:00:00Z,1,516,Olympique de Marseille,576,RC Strasbourg Alsace
football-data.org,FL1,Ligue 1,559716,2026-08-22T15:00:00Z,1,522,OGC Nice,525,FC Lorient
football-data.org,FL1,Ligue 1,559717,2026-08-22T15:00:00Z,1,532,Angers SCO,521,Lille OSC
football-data.org,FL1,Ligue 1,559718,2026-08-22T15:00:00Z,1,511,Toulouse FC,523,Olympique Lyonnais
football-data.org,FL1,Ligue 1,559719,2026-08-22T15:00:00Z,1,533,Le Havre AC,548,AS Monaco FC
football-data.org,FL1,Ligue 1,559703,2026-08-29T15:00:00Z,2,548,AS Monaco FC,516,Olympique de Marseille
football-data.org,FL1,Ligue 1,559704,2026-08-29T15:00:00Z,2,576,RC Strasbourg Alsace,546,Racing Club de Lens
football-data.org,FL1,Ligue 1,559705,2026-08-29T15:00:00Z,2,525,FC Lorient,531,ES Troyes AC
football-data.org,FL1,Ligue 1,559706,2026-08-29T15:00:00Z,2,523,Olympique Lyonnais,533,Le Havre AC
football-data.org,FL1,Ligue 1,559707,2026-08-29T15:00:00Z,2,1045,Paris FC,522,OGC Nice
football-data.org,FL1,Ligue 1,559708,2026-08-29T15:00:00Z,2,519,AJ Auxerre,532,Angers SCO
football-data.org,FL1,Ligue 1,559709,2026-08-29T15:00:00Z,2,529,Stade Rennais FC 1901,535,Le Mans FC
football-data.org,FL1,Ligue 1,559710,2026-08-29T15:00:00Z,2,512,Stade Brestois 29,511,Toulouse FC
football-data.org,FL1,Ligue 1,559702,2026-08-30T18:45:00Z,2,521,Lille OSC,524,Paris Saint-Germain FC
football-data.org,FL1,Ligue 1,559693,2026-09-05T15:00:00Z,3,533,Le Havre AC,512,Stade Brestois 29
football-data.org,FL1,Ligue 1,559694,2026-09-05T15:00:00Z,3,516,Olympique de Marseille,1045,Paris FC
football-data.org,FL1,Ligue 1,559695,2026-09-05T15:00:00Z,3,546,Racing Club de Lens,525,FC Lorient
football-data.org,FL1,Ligue 1,559696,2026-09-05T15:00:00Z,3,511,Toulouse FC,521,Lille OSC
football-data.org,FL1,Ligue 1,559697,2026-09-05T15:00:00Z,3,524,Paris Saint-Germain FC,548,AS Monaco FC
football-data.org,FL1,Ligue 1,559698,2026-09-05T15:00:00Z,3,532,Angers SCO,529,Stade Rennais FC 1901
football-data.org,FL1,Ligue 1,559699,2026-09-05T15:00:00Z,3,523,Olympique Lyonnais,519,AJ Auxerre
football-data.org,FL1,Ligue 1,559700,2026-09-05T15:00:00Z,3,531,ES Troyes AC,576,RC Strasbourg Alsace
football-data.org,FL1,Ligue 1,559701,2026-09-05T15:00:00Z,3,522,OGC Nice,535,Le Mans FC
football-data.org,FL1,Ligue 1,559684,2026-09-12T15:00:00Z,4,525,FC Lorient,511,Toulouse FC
football-data.org,FL1,Ligue 1,559685,2026-09-12T15:00:00Z,4,521,Lille OSC,531,ES Troyes AC
football-data.org,FL1,Ligue 1,559686,2026-09-12T15:00:00Z,4,535,Le Mans FC,546,Racing Club de Lens
football-data.org,FL1,Ligue 1,559687,2026-09-12T15:00:00Z,4,576,RC Strasbourg Alsace,548,AS Monaco FC
football-data.org,FL1,Ligue 1,559688,2026-09-12T15:00:00Z,4,519,AJ Auxerre,522,OGC Nice
football-data.org,FL1,Ligue 1,559689,2026-09-12T15:00:00Z,4,529,Stade Rennais FC 1901,516,Olympique de Marseille
football-data.org,FL1,Ligue 1,559690,2026-09-12T15:00:00Z,4,533,Le Havre AC,532,Angers SCO
football-data.org,FL1,Ligue 1,559691,2026-09-12T15:00:00Z,4,512,Stade Brestois 29,524,Paris Saint-Germain FC
football-data.org,FL1,Ligue 1,559692,2026-09-12T15:00:00Z,4,1045,Paris FC,523,Olympique Lyonnais
football-data.org,FL1,Ligue 1,559676,2026-09-19T15:00:00Z,5,519,AJ Auxerre,512,Stade Brestois 29
football-data.org,FL1,Ligue 1,559677,2026-09-19T15:00:00Z,5,535,Le Mans FC,525,FC Lorient
football-data.org,FL1,Ligue 1,559678,2026-09-19T15:00:00Z,5,522,OGC Nice,521,Lille OSC
football-data.org,FL1,Ligue 1,559679,2026-09-19T15:00:00Z,5,1045,Paris FC,576,RC Strasbourg Alsace
football-data.org,FL1,Ligue 1,559680,2026-09-19T15:00:00Z,5,511,Toulouse FC,533,Le Havre AC
football-data.org,FL1,Ligue 1,559681,2026-09-19T15:00:00Z,5,532,Angers SCO,531,ES Troyes AC
football-data.org,FL1,Ligue 1,559682,2026-09-19T15:00:00Z,5,548,AS Monaco FC,546,Racing Club de Lens
football-data.org,FL1,Ligue 1,559683,2026-09-19T15:00:00Z,5,523,Olympique Lyonnais,529,Stade Rennais FC 1901
football-data.org,FL1,Ligue 1,559675,2026-09-20T18:45:00Z,5,516,Olympique de Marseille,524,Paris Saint-Germain FC
football-data.org,FL1,Ligue 1,559666,2026-10-10T15:00:00Z,6,512,Stade Brestois 29,532,Angers SCO
football-data.org,FL1,Ligue 1,559667,2026-10-10T15:00:00Z,6,529,Stade Rennais FC 1901,519,AJ Auxerre
football-data.org,FL1,Ligue 1,559668,2026-10-10T15:00:00Z,6,525,FC Lorient,1045,Paris FC
football-data.org,FL1,Ligue 1,559669,2026-10-10T15:00:00Z,6,546,Racing Club de Lens,523,Olympique Lyonnais
football-data.org,FL1,Ligue 1,559670,2026-10-10T15:00:00Z,6,522,OGC Nice,576,RC Strasbourg Alsace
football-data.org,FL1,Ligue 1,559671,2026-10-10T15:00:00Z,6,531,ES Troyes AC,516,Olympique de Marseille
football-data.org,FL1,Ligue 1,559672,2026-10-10T15:00:00Z,6,524,Paris Saint-Germain FC,535,Le Mans FC
football-data.org,FL1,Ligue 1,559673,2026-10-10T15:00:00Z,6,548,AS Monaco FC,511,Toulouse FC
football-data.org,FL1,Ligue 1,559674,2026-10-10T15:00:00Z,6,521,Lille OSC,533,Le Havre AC
football-data.org,FL1,Ligue 1,559657,2026-10-17T15:00:00Z,7,525,FC Lorient,548,AS Monaco FC
football-data.org,FL1,Ligue 1,559658,2026-10-17T15:00:00Z,7,1045,Paris FC,529,Stade Rennais FC 1901
football-data.org,FL1,Ligue 1,559659,2026-10-17T15:00:00Z,7,531,ES Troyes AC,546,Racing Club de Lens
football-data.org,FL1,Ligue 1,559660,2026-10-17T15:00:00Z,7,521,Lille OSC,512,Stade Brestois 29
football-data.org,FL1,Ligue 1,559661,2026-10-17T15:00:00Z,7,535,Le Mans FC,511,Toulouse FC
football-data.org,FL1,Ligue 1,559662,2026-10-17T15:00:00Z,7,576,RC Strasbourg Alsace,524,Paris Saint-Germain FC
football-data.org,FL1,Ligue 1,559663,2026-10-17T15:00:00Z,7,533,Le Havre AC,519,AJ Auxerre
football-data.org,FL1,Ligue 1,559664,2026-10-17T15:00:00Z,7,532,Angers SCO,516,Olympique de Marseille
football-data.org,FL1,Ligue 1,559665,2026-10-17T15:00:00Z,7,523,Olympique Lyonnais,522,OGC Nice
football-data.org,FL1,Ligue 1,559649,2026-10-24T15:00:00Z,8,516,Olympique de Marseille,533,Le Havre AC
football-data.org,FL1,Ligue 1,559650,2026-10-24T15:00:00Z,8,548,AS Monaco FC,521,Lille OSC
football-data.org,FL1,Ligue 1,559651,2026-10-24T15:00:00Z,8,529,Stade Rennais FC 1901,576,RC Strasbourg Alsace
football-data.org,FL1,Ligue 1,559652,2026-10-24T15:00:00Z,8,546,Racing Club de Lens,1045,Paris FC
football-data.org,FL1,Ligue 1,559653,2026-10-24T15:00:00Z,8,532,Angers SCO,525,FC Lorient
football-data.org,FL1,Ligue 1,559654,2026-10-24T15:00:00Z,8,512,Stade Brestois 29,522,OGC Nice
football-data.org,FL1,Ligue 1,559655,2026-10-24T15:00:00Z,8,511,Toulouse FC,531,ES Troyes AC
football-data.org,FL1,Ligue 1,559656,2026-10-24T15:00:00Z,8,519,AJ Auxerre,535,Le Mans FC
football-data.org,FL1,Ligue 1,559648,2026-10-25T19:45:00Z,8,524,Paris Saint-Germain FC,523,Olympique Lyonnais
football-data.org,FL1,Ligue 1,559639,2026-10-31T16:00:00Z,9,521,Lille OSC,546,Racing Club de Lens
football-data.org,FL1,Ligue 1,559640,2026-10-31T16:00:00Z,9,523,Olympique Lyonnais,532,Angers SCO
football-data.org,FL1,Ligue 1,559641,2026-10-31T16:00:00Z,9,525,FC Lorient,512,Stade Brestois 29
football-data.org,FL1,Ligue 1,559642,2026-10-31T16:00:00Z,9,1045,Paris FC,548,AS Monaco FC
football-data.org,FL1,Ligue 1,559643,2026-10-31T16:00:00Z,9,531,ES Troyes AC,535,Le Mans FC
football-data.org,FL1,Ligue 1,559644,2026-10-31T16:00:00Z,9,533,Le Havre AC,524,Paris Saint-Germain FC
football-data.org,FL1,Ligue 1,559645,2026-10-31T16:00:00Z,9,516,Olympique de Marseille,511,Toulouse FC
football-data.org,FL1,Ligue 1,559646,2026-10-31T16:00:00Z,9,522,OGC Nice,529,Stade Rennais FC 1901
football-data.org,FL1,Ligue 1,559647,2026-10-31T16:00:00Z,9,576,RC Strasbourg Alsace,519,AJ Auxerre
football-data.org,FL1,Ligue 1,559631,2026-11-07T16:00:00Z,10,535,Le Mans FC,548,AS Monaco FC
football-data.org,FL1,Ligue 1,559632,2026-11-07T16:00:00Z,10,512,Stade Brestois 29,523,Olympique Lyonnais
football-data.org,FL1,Ligue 1,559633,2026-11-07T16:00:00Z,10,533,Le Havre AC,525,FC Lorient
football-data.org,FL1,Ligue 1,559634,2026-11-07T16:00:00Z,10,532,Angers SCO,522,OGC Nice
football-data.org,FL1,Ligue 1,559635,2026-11-07T16:00:00Z,10,524,Paris Saint-Germain FC,531,ES Troyes AC
football-data.org,FL1,Ligue 1,559636,2026-11-07T16:00:00Z,10,529,Stade Rennais FC 1901,521,Lille OSC
football-data.org,FL1,Ligue 1,559637,2026-11-07T16:00:00Z,10,519,AJ Auxerre,1045,Paris FC
football-data.org,FL1,Ligue 1,559638,2026-11-07T16:00:00Z,10,511,Toulouse FC,576,RC Strasbourg Alsace
football-data.org,FL1,Ligue 1,559630,2026-11-07T19:45:00Z,10,546,Racing Club de Lens,516,Olympique de Marseille
football-data.org,FL1,Ligue 1,559621,2026-11-21T16:00:00Z,11,548,AS Monaco FC,519,AJ Auxerre
football-data.org,FL1,Ligue 1,559622,2026-11-21T16:00:00Z,11,531,ES Troyes AC,533,Le Havre AC
football-data.org,FL1,Ligue 1,559623,2026-11-21T16:00:00Z,11,546,Racing Club de Lens,511,Toulouse FC
football-data.org,FL1,Ligue 1,559624,2026-11-21T16:00:00Z,11,521,Lille OSC,523,Olympique Lyonnais
football-data.org,FL1,Ligue 1,559625,2026-11-21T16:00:00Z,11,1045,Paris FC,532,Angers SCO
football-data.org,FL1,Ligue 1,559626,2026-11-21T16:00:00Z,11,525,FC Lorient,529,Stade Rennais FC 1901
football-data.org,FL1,Ligue 1,559627,2026-11-21T16:00:00Z,11,576,RC Strasbourg Alsace,512,Stade Brestois 29
football-data.org,FL1,Ligue 1,559628,2026-11-21T16:00:00Z,11,522,OGC Nice,524,Paris Saint-Germain FC
football-data.org,FL1,Ligue 1,559629,2026-11-21T16:00:00Z,11,516,Olympique de Marseille,535,Le Mans FC
football-data.org,FL1,Ligue 1,559616,2026-11-28T16:00:00Z,12,512,Stade Brestois 29,1045,Paris FC
football-data.org,FL1,Ligue 1,559617,2026-11-28T16:00:00Z,12,535,Le Mans FC,521,Lille OSC
football-data.org,FL1,Ligue 1,559618,2026-11-28T16:00:00Z,12,511,Toulouse FC,529,Stade Rennais FC 1901
football-data.org,FL1,Ligue 1,559619,2026-11-28T16:00:00Z,12,519,AJ Auxerre,516,Olympique de Marseille
football-data.org,FL1,Ligue 1,559620,2026-11-28T16:00:00Z,12,522,OGC Nice,531,ES Troyes AC
football-data.org,FL1,Ligue 1,559612,2026-11-28T16:00:00Z,12,532,Angers SCO,546,Racing Club de Lens
football-data.org,FL1,Ligue 1,559613,2026-11-28T16:00:00Z,12,533,Le Havre AC,576,RC Strasbourg Alsace
football-data.org,FL1,Ligue 1,559614,2026-11-28T16:00:00Z,12,524,Paris Saint-Germain FC,525,FC Lorient
football-data.org,FL1,Ligue 1,559615,2026-11-28T16:00:00Z,12,523,Olympique Lyonnais,548,AS Monaco FC
football-data.org,FL1,Ligue 1,559603,2026-12-05T16:00:00Z,13,531,ES Troyes AC,523,Olympique Lyonnais
football-data.org,FL1,Ligue 1,559604,2026-12-05T16:00:00Z,13,548,AS Monaco FC,532,Angers SCO
football-data.org,FL1,Ligue 1,559605,2026-12-05T16:00:00Z,13,546,Racing Club de Lens,533,Le Havre AC
football-data.org,FL1,Ligue 1,559606,2026-12-05T16:00:00Z,13,521,Lille OSC,519,AJ Auxerre
football-data.org,FL1,Ligue 1,559607,2026-12-05T16:00:00Z,13,516,Olympique de Marseille,522,OGC Nice
football-data.org,FL1,Ligue 1,559608,2026-12-05T16:00:00Z,13,529,Stade Rennais FC 1901,512,Stade Brestois 29
football-data.org,FL1,Ligue 1,559609,2026-12-05T16:00:00Z,13,511,Toulouse FC,524,Paris Saint-Germain FC
football-data.org,FL1,Ligue 1,559610,2026-12-05T16:00:00Z,13,576,RC Strasbourg Alsace,525,FC Lorient
football-data.org,FL1,Ligue 1,559611,2026-12-05T16:00:00Z,13,1045,Paris FC,535,Le Mans FC
football-data.org,FL1,Ligue 1,559595,2026-12-12T16:00:00Z,14,522,OGC Nice,546,Racing Club de Lens
football-data.org,FL1,Ligue 1,559596,2026-12-12T16:00:00Z,14,524,Paris Saint-Germain FC,1045,Paris FC
football-data.org,FL1,Ligue 1,559597,2026-12-12T16:00:00Z,14,532,Angers SCO,576,RC Strasbourg Alsace
football-data.org,FL1,Ligue 1,559598,2026-12-12T16:00:00Z,14,512,Stade Brestois 29,531,ES Troyes AC
football-data.org,FL1,Ligue 1,559599,2026-12-12T16:00:00Z,14,533,Le Havre AC,535,Le Mans FC
football-data.org,FL1,Ligue 1,559600,2026-12-12T16:00:00Z,14,529,Stade Rennais FC 1901,548,AS Monaco FC
football-data.org,FL1,Ligue 1,559601,2026-12-12T16:00:00Z,14,525,FC Lorient,521,Lille OSC
football-data.org,FL1,Ligue 1,559602,2026-12-12T16:00:00Z,14,519,AJ Auxerre,511,Toulouse FC
football-data.org,FL1,Ligue 1,559594,2026-12-13T19:45:00Z,14,523,Olympique Lyonnais,516,Olympique de Marseille
football-data.org,FL1,Ligue 1,559586,2027-01-02T12:00:00Z,15,535,Le Mans FC,523,Olympique Lyonnais
football-data.org,FL1,Ligue 1,559587,2027-01-02T12:00:00Z,15,512,Stade Brestois 29,516,Olympique de Marseille
football-data.org,FL1,Ligue 1,559588,2027-01-02T12:00:00Z,15,531,ES Troyes AC,529,Stade Rennais FC 1901
football-data.org,FL1,Ligue 1,559589,2027-01-02T12:00:00Z,15,511,Toulouse FC,532,Angers SCO
football-data.org,FL1,Ligue 1,559590,2027-01-02T12:00:00Z,15,548,AS Monaco FC,522,OGC Nice
football-data.org,FL1,Ligue 1,559591,2027-01-02T12:00:00Z,15,1045,Paris FC,533,Le Havre AC
football-data.org,FL1,Ligue 1,559592,2027-01-02T12:00:00Z,15,525,FC Lorient,519,AJ Auxerre
football-data.org,FL1,Ligue 1,559593,2027-01-02T12:00:00Z,15,521,Lille OSC,576,RC Strasbourg Alsace
football-data.org,FL1,Ligue 1,559585,2027-01-03T12:00:00Z,15,546,Racing Club de Lens,524,Paris Saint-Germain FC
football-data.org,FL1,Ligue 1,559576,2027-01-16T12:00:00Z,16,516,Olympique de Marseille,521,Lille OSC
football-data.org,FL1,Ligue 1,559577,2027-01-16T12:00:00Z,16,523,Olympique Lyonnais,525,FC Lorient
football-data.org,FL1,Ligue 1,559578,2027-01-16T12:00:00Z,16,1045,Paris FC,511,Toulouse FC
football-data.org,FL1,Ligue 1,559579,2027-01-16T12:00:00Z,16,529,Stade Rennais FC 1901,546,Racing Club de Lens
football-data.org,FL1,Ligue 1,559580,2027-01-16T12:00:00Z,16,522,OGC Nice,533,Le Havre AC
football-data.org,FL1,Ligue 1,559581,2027-01-16T12:00:00Z,16,519,AJ Auxerre,531,ES Troyes AC
football-data.org,FL1,Ligue 1,559582,2027-01-16T12:00:00Z,16,576,RC Strasbourg Alsace,535,Le Mans FC
football-data.org,FL1,Ligue 1,559583,2027-01-16T12:00:00Z,16,548,AS Monaco FC,512,Stade Brestois 29
football-data.org,FL1,Ligue 1,559584,2027-01-16T12:00:00Z,16,532,Angers SCO,524,Paris Saint-Germain FC
football-data.org,FL1,Ligue 1,559567,2027-01-23T12:00:00Z,17,533,Le Havre AC,529,Stade Rennais FC 1901
football-data.org,FL1,Ligue 1,559568,2027-01-23T12:00:00Z,17,576,RC Strasbourg Alsace,523,Olympique Lyonnais
football-data.org,FL1,Ligue 1,559569,2027-01-23T12:00:00Z,17,521,Lille OSC,1045,Paris FC
football-data.org,FL1,Ligue 1,559570,2027-01-23T12:00:00Z,17,546,Racing Club de Lens,512,Stade Brestois 29
football-data.org,FL1,Ligue 1,559571,2027-01-23T12:00:00Z,17,524,Paris Saint-Germain FC,519,AJ Auxerre
football-data.org,FL1,Ligue 1,559572,2027-01-23T12:00:00Z,17,531,ES Troyes AC,548,AS Monaco FC
football-data.org,FL1,Ligue 1,559573,2027-01-23T12:00:00Z,17,525,FC Lorient,516,Olympique de Marseille
football-data.org,FL1,Ligue 1,559574,2027-01-23T12:00:00Z,17,535,Le Mans FC,532,Angers SCO
football-data.org,FL1,Ligue 1,559575,2027-01-23T12:00:00Z,17,511,Toulouse FC,522,OGC Nice
football-data.org,FL1,Ligue 1,559558,2027-01-30T12:00:00Z,18,1045,Paris FC,519,AJ Auxerre
football-data.org,FL1,Ligue 1,559559,2027-01-30T12:00:00Z,18,523,Olympique Lyonnais,521,Lille OSC
football-data.org,FL1,Ligue 1,559560,2027-01-30T12:00:00Z,18,529,Stade Rennais FC 1901,525,FC Lorient
football-data.org,FL1,Ligue 1,559561,2027-01-30T12:00:00Z,18,535,Le Mans FC,522,OGC Nice
football-data.org,FL1,Ligue 1,559562,2027-01-30T12:00:00Z,18,516,Olympique de Marseille,531,ES Troyes AC
football-data.org,FL1,Ligue 1,559563,2027-01-30T12:00:00Z,18,532,Angers SCO,533,Le Havre AC
football-data.org,FL1,Ligue 1,559564,2027-01-30T12:00:00Z,18,512,Stade Brestois 29,576,RC Strasbourg Alsace
football-data.org,FL1,Ligue 1,559565,2027-01-30T12:00:00Z,18,548,AS Monaco FC,524,Paris Saint-Germain FC
football-data.org,FL1,Ligue 1,559566,2027-01-30T12:00:00Z,18,511,Toulouse FC,546,Racing Club de Lens
football-data.org,FL1,Ligue 1,559550,2027-02-06T12:00:00Z,19,531,ES Troyes AC,521,Lille OSC
football-data.org,FL1,Ligue 1,559551,2027-02-06T12:00:00Z,19,546,Racing Club de Lens,532,Angers SCO
football-data.org,FL1,Ligue 1,559552,2027-02-06T12:00:00Z,19,533,Le Havre AC,511,Toulouse FC
football-data.org,FL1,Ligue 1,559553,2027-02-06T12:00:00Z,19,525,FC Lorient,535,Le Mans FC
football-data.org,FL1,Ligue 1,559554,2027-02-06T12:00:00Z,19,522,OGC Nice,512,Stade Brestois 29
football-data.org,FL1,Ligue 1,559555,2027-02-06T12:00:00Z,19,529,Stade Rennais FC 1901,523,Olympique Lyonnais
football-data.org,FL1,Ligue 1,559556,2027-02-06T12:00:00Z,19,576,RC Strasbourg Alsace,1045,Paris FC
football-data.org,FL1,Ligue 1,559557,2027-02-06T12:00:00Z,19,519,AJ Auxerre,548,AS Monaco FC
football-data.org,FL1,Ligue 1,559549,2027-02-07T12:00:00Z,19,524,Paris Saint-Germain FC,516,Olympique de Marseille
football-data.org,FL1,Ligue 1,559540,2027-02-13T12:00:00Z,20,512,Stade Brestois 29,529,Stade Rennais FC 1901
football-data.org,FL1,Ligue 1,559541,2027-02-13T12:00:00Z,20,1045,Paris FC,531,ES Troyes AC
football-data.org,FL1,Ligue 1,559542,2027-02-13T12:00:00Z,20,535,Le Mans FC,524,Paris Saint-Germain FC
football-data.org,FL1,Ligue 1,559543,2027-02-13T12:00:00Z,20,525,FC Lorient,533,Le Havre AC
football-data.org,FL1,Ligue 1,559544,2027-02-13T12:00:00Z,20,519,AJ Auxerre,576,RC Strasbourg Alsace
football-data.org,FL1,Ligue 1,559545,2027-02-13T12:00:00Z,20,511,Toulouse FC,548,AS Monaco FC
football-data.org,FL1,Ligue 1,559546,2027-02-13T12:00:00Z,20,516,Olympique de Marseille,532,Angers SCO
football-data.org,FL1,Ligue 1,559547,2027-02-13T12:00:00Z,20,521,Lille OSC,522,OGC Nice
football-data.org,FL1,Ligue 1,559548,2027-02-13T12:00:00Z,20,523,Olympique Lyonnais,546,Racing Club de Lens
football-data.org,FL1,Ligue 1,559531,2027-02-20T12:00:00Z,21,532,Angers SCO,1045,Paris FC
football-data.org,FL1,Ligue 1,559532,2027-02-20T12:00:00Z,21,529,Stade Rennais FC 1901,511,Toulouse FC
football-data.org,FL1,Ligue 1,559533,2027-02-20T12:00:00Z,21,524,Paris Saint-Germain FC,512,Stade Brestois 29
football-data.org,FL1,Ligue 1,559534,2027-02-20T12:00:00Z,21,576,RC Strasbourg Alsace,516,Olympique de Marseille
football-data.org,FL1,Ligue 1,559535,2027-02-20T12:00:00Z,21,522,OGC Nice,519,AJ Auxerre
football-data.org,FL1,Ligue 1,559536,2027-02-20T12:00:00Z,21,533,Le Havre AC,523,Olympique Lyonnais
football-data.org,FL1,Ligue 1,559537,2027-02-20T12:00:00Z,21,548,AS Monaco FC,535,Le Mans FC
football-data.org,FL1,Ligue 1,559538,2027-02-20T12:00:00Z,21,521,Lille OSC,525,FC Lorient
football-data.org,FL1,Ligue 1,559539,2027-02-20T12:00:00Z,21,546,Racing Club de Lens,531,ES Troyes AC
football-data.org,FL1,Ligue 1,559523,2027-02-27T12:00:00Z,22,576,RC Strasbourg Alsace,533,Le Havre AC
football-data.org,FL1,Ligue 1,559524,2027-02-27T12:00:00Z,22,519,AJ Auxerre,521,Lille OSC
football-data.org,FL1,Ligue 1,559525,2027-02-27T12:00:00Z,22,531,ES Troyes AC,522,OGC Nice
football-data.org,FL1,Ligue 1,559526,2027-02-27T12:00:00Z,22,512,Stade Brestois 29,548,AS Monaco FC
football-data.org,FL1,Ligue 1,559527,2027-02-27T12:00:00Z,22,525,FC Lorient,532,Angers SCO
football-data.org,FL1,Ligue 1,559528,2027-02-27T12:00:00Z,22,516,Olympique de Marseille,529,Stade Rennais FC 1901
football-data.org,FL1,Ligue 1,559529,2027-02-27T12:00:00Z,22,523,Olympique Lyonnais,511,Toulouse FC
football-data.org,FL1,Ligue 1,559530,2027-02-27T12:00:00Z,22,535,Le Mans FC,1045,Paris FC
football-data.org,FL1,Ligue 1,559522,2027-02-28T12:00:00Z,22,524,Paris Saint-Germain FC,546,Racing Club de Lens
football-data.org,FL1,Ligue 1,559513,2027-03-06T12:00:00Z,23,533,Le Havre AC,522,OGC Nice
football-data.org,FL1,Ligue 1,559514,2027-03-06T12:00:00Z,23,529,Stade Rennais FC 1901,524,Paris Saint-Germain FC
football-data.org,FL1,Ligue 1,559515,2027-03-06T12:00:00Z,23,546,Racing Club de Lens,576,RC Strasbourg Alsace
football-data.org,FL1,Ligue 1,559516,2027-03-06T12:00:00Z,23,511,Toulouse FC,535,Le Mans FC
football-data.org,FL1,Ligue 1,559517,2027-03-06T12:00:00Z,23,531,ES Troyes AC,525,FC Lorient
football-data.org,FL1,Ligue 1,559518,2027-03-06T12:00:00Z,23,532,Angers SCO,519,AJ Auxerre
football-data.org,FL1,Ligue 1,559519,2027-03-06T12:00:00Z,23,548,AS Monaco FC,523,Olympique Lyonnais
football-data.org,FL1,Ligue 1,559520,2027-03-06T12:00:00Z,23,1045,Paris FC,512,Stade Brestois 29
football-data.org,FL1,Ligue 1,559521,2027-03-06T12:00:00Z,23,521,Lille OSC,516,Olympique de Marseille
football-data.org,FL1,Ligue 1,559504,2027-03-13T12:00:00Z,24,522,OGC Nice,511,Toulouse FC
football-data.org,FL1,Ligue 1,559505,2027-03-13T12:00:00Z,24,1045,Paris FC,525,FC Lorient
football-data.org,FL1,Ligue 1,559506,2027-03-13T12:00:00Z,24,576,RC Strasbourg Alsace,532,Angers SCO
football-data.org,FL1,Ligue 1,559507,2027-03-13T12:00:00Z,24,535,Le Mans FC,529,Stade Rennais FC 1901
football-data.org,FL1,Ligue 1,559508,2027-03-13T12:00:00Z,24,512,Stade Brestois 29,521,Lille OSC
football-data.org,FL1,Ligue 1,559509,2027-03-13T12:00:00Z,24,533,Le Havre AC,546,Racing Club de Lens
football-data.org,FL1,Ligue 1,559510,2027-03-13T12:00:00Z,24,516,Olympique de Marseille,548,AS Monaco FC
football-data.org,FL1,Ligue 1,559511,2027-03-13T12:00:00Z,24,519,AJ Auxerre,524,Paris Saint-Germain FC
football-data.org,FL1,Ligue 1,559512,2027-03-13T12:00:00Z,24,523,Olympique Lyonnais,531,ES Troyes AC
football-data.org,FL1,Ligue 1,559496,2027-03-20T12:00:00Z,25,532,Angers SCO,535,Le Mans FC
football-data.org,FL1,Ligue 1,559497,2027-03-20T12:00:00Z,25,511,Toulouse FC,512,Stade Brestois 29
football-data.org,FL1,Ligue 1,559498,2027-03-20T12:00:00Z,25,531,ES Troyes AC,519,AJ Auxerre
football-data.org,FL1,Ligue 1,559499,2027-03-20T12:00:00Z,25,529,Stade Rennais FC 1901,1045,Paris FC
football-data.org,FL1,Ligue 1,559500,2027-03-20T12:00:00Z,25,548,AS Monaco FC,533,Le Havre AC
football-data.org,FL1,Ligue 1,559501,2027-03-20T12:00:00Z,25,524,Paris Saint-Germain FC,576,RC Strasbourg Alsace
football-data.org,FL1,Ligue 1,559502,2027-03-20T12:00:00Z,25,546,Racing Club de Lens,521,Lille OSC
football-data.org,FL1,Ligue 1,559503,2027-03-20T12:00:00Z,25,525,FC Lorient,522,OGC Nice
football-data.org,FL1,Ligue 1,559495,2027-03-21T12:00:00Z,25,516,Olympique de Marseille,523,Olympique Lyonnais
football-data.org,FL1,Ligue 1,559486,2027-04-03T12:00:00Z,26,533,Le Havre AC,531,ES Troyes AC
football-data.org,FL1,Ligue 1,559487,2027-04-03T12:00:00Z,26,532,Angers SCO,548,AS Monaco FC
football-data.org,FL1,Ligue 1,559488,2027-04-03T12:00:00Z,26,535,Le Mans FC,516,Olympique de Marseille
football-data.org,FL1,Ligue 1,559489,2027-04-03T12:00:00Z,26,519,AJ Auxerre,546,Racing Club de Lens
football-data.org,FL1,Ligue 1,559490,2027-04-03T12:00:00Z,26,521,Lille OSC,529,Stade Rennais FC 1901
football-data.org,FL1,Ligue 1,559491,2027-04-03T12:00:00Z,26,512,Stade Brestois 29,525,FC Lorient
football-data.org,FL1,Ligue 1,559492,2027-04-03T12:00:00Z,26,576,RC Strasbourg Alsace,511,Toulouse FC
football-data.org,FL1,Ligue 1,559493,2027-04-03T12:00:00Z,26,1045,Paris FC,524,Paris Saint-Germain FC
football-data.org,FL1,Ligue 1,559494,2027-04-03T12:00:00Z,26,522,OGC Nice,523,Olympique Lyonnais
football-data.org,FL1,Ligue 1,559477,2027-04-10T12:00:00Z,27,525,FC Lorient,546,Racing Club de Lens
football-data.org,FL1,Ligue 1,559478,2027-04-10T12:00:00Z,27,516,Olympique de Marseille,512,Stade Brestois 29
football-data.org,FL1,Ligue 1,559479,2027-04-10T12:00:00Z,27,548,AS Monaco FC,529,Stade Rennais FC 1901
football-data.org,FL1,Ligue 1,559480,2027-04-10T12:00:00Z,27,531,ES Troyes AC,532,Angers SCO
football-data.org,FL1,Ligue 1,559481,2027-04-10T12:00:00Z,27,524,Paris Saint-Germain FC,533,Le Havre AC
football-data.org,FL1,Ligue 1,559482,2027-04-10T12:00:00Z,27,523,Olympique Lyonnais,576,RC Strasbourg Alsace
football-data.org,FL1,Ligue 1,559483,2027-04-10T12:00:00Z,27,535,Le Mans FC,519,AJ Auxerre
football-data.org,FL1,Ligue 1,559484,2027-04-10T12:00:00Z,27,521,Lille OSC,511,Toulouse FC
football-data.org,FL1,Ligue 1,559485,2027-04-10T12:00:00Z,27,522,OGC Nice,1045,Paris FC
football-data.org,FL1,Ligue 1,559468,2027-04-17T12:00:00Z,28,519,AJ Auxerre,525,FC Lorient
football-data.org,FL1,Ligue 1,559469,2027-04-17T12:00:00Z,28,512,Stade Brestois 29,535,Le Mans FC
football-data.org,FL1,Ligue 1,559470,2027-04-17T12:00:00Z,28,548,AS Monaco FC,576,RC Strasbourg Alsace
football-data.org,FL1,Ligue 1,559471,2027-04-17T12:00:00Z,28,532,Angers SCO,523,Olympique Lyonnais
football-data.org,FL1,Ligue 1,559472,2027-04-17T12:00:00Z,28,546,Racing Club de Lens,522,OGC Nice
football-data.org,FL1,Ligue 1,559473,2027-04-17T12:00:00Z,28,529,Stade Rennais FC 1901,531,ES Troyes AC
football-data.org,FL1,Ligue 1,559474,2027-04-17T12:00:00Z,28,533,Le Havre AC,516,Olympique de Marseille
football-data.org,FL1,Ligue 1,559475,2027-04-17T12:00:00Z,28,524,Paris Saint-Germain FC,521,Lille OSC
football-data.org,FL1,Ligue 1,559476,2027-04-17T12:00:00Z,28,511,Toulouse FC,1045,Paris FC
football-data.org,FL1,Ligue 1,559459,2027-04-24T12:00:00Z,29,1045,Paris FC,546,Racing Club de Lens
football-data.org,FL1,Ligue 1,559460,2027-04-24T12:00:00Z,29,516,Olympique de Marseille,519,AJ Auxerre
football-data.org,FL1,Ligue 1,559461,2027-04-24T12:00:00Z,29,521,Lille OSC,548,AS Monaco FC
football-data.org,FL1,Ligue 1,559462,2027-04-24T12:00:00Z,29,525,FC Lorient,524,Paris Saint-Germain FC
football-data.org,FL1,Ligue 1,559463,2027-04-24T12:00:00Z,29,531,ES Troyes AC,511,Toulouse FC
football-data.org,FL1,Ligue 1,559464,2027-04-24T12:00:00Z,29,522,OGC Nice,532,Angers SCO
football-data.org,FL1,Ligue 1,559465,2027-04-24T12:00:00Z,29,523,Olympique Lyonnais,512,Stade Brestois 29
football-data.org,FL1,Ligue 1,559466,2027-04-24T12:00:00Z,29,535,Le Mans FC,533,Le Havre AC
football-data.org,FL1,Ligue 1,559467,2027-04-24T12:00:00Z,29,576,RC Strasbourg Alsace,529,Stade Rennais FC 1901
football-data.org,FL1,Ligue 1,559450,2027-05-01T12:00:00Z,30,576,RC Strasbourg Alsace,521,Lille OSC
football-data.org,FL1,Ligue 1,559451,2027-05-01T12:00:00Z,30,548,AS Monaco FC,525,FC Lorient
football-data.org,FL1,Ligue 1,559452,2027-05-01T12:00:00Z,30,531,ES Troyes AC,512,Stade Brestois 29
football-data.org,FL1,Ligue 1,559453,2027-05-01T12:00:00Z,30,546,Racing Club de Lens,535,Le Mans FC
football-data.org,FL1,Ligue 1,559454,2027-05-01T12:00:00Z,30,524,Paris Saint-Germain FC,532,Angers SCO
football-data.org,FL1,Ligue 1,559455,2027-05-01T12:00:00Z,30,533,Le Havre AC,1045,Paris FC
football-data.org,FL1,Ligue 1,559456,2027-05-01T12:00:00Z,30,519,AJ Auxerre,523,Olympique Lyonnais
football-data.org,FL1,Ligue 1,559457,2027-05-01T12:00:00Z,30,529,Stade Rennais FC 1901,522,OGC Nice
football-data.org,FL1,Ligue 1,559458,2027-05-01T12:00:00Z,30,511,Toulouse FC,516,Olympique de Marseille
football-data.org,FL1,Ligue 1,559442,2027-05-08T12:00:00Z,31,1045,Paris FC,521,Lille OSC
football-data.org,FL1,Ligue 1,559443,2027-05-08T12:00:00Z,31,525,FC Lorient,576,RC Strasbourg Alsace
football-data.org,FL1,Ligue 1,559444,2027-05-08T12:00:00Z,31,512,Stade Brestois 29,519,AJ Auxerre
football-data.org,FL1,Ligue 1,559445,2027-05-08T12:00:00Z,31,535,Le Mans FC,531,ES Troyes AC
football-data.org,FL1,Ligue 1,559446,2027-05-08T12:00:00Z,31,529,Stade Rennais FC 1901,533,Le Havre AC
football-data.org,FL1,Ligue 1,559447,2027-05-08T12:00:00Z,31,546,Racing Club de Lens,548,AS Monaco FC
football-data.org,FL1,Ligue 1,559448,2027-05-08T12:00:00Z,31,532,Angers SCO,511,Toulouse FC
football-data.org,FL1,Ligue 1,559449,2027-05-08T12:00:00Z,31,522,OGC Nice,516,Olympique de Marseille
football-data.org,FL1,Ligue 1,559441,2027-05-09T12:00:00Z,31,523,Olympique Lyonnais,524,Paris Saint-Germain FC
football-data.org,FL1,Ligue 1,559432,2027-05-16T12:00:00Z,32,548,AS Monaco FC,1045,Paris FC
football-data.org,FL1,Ligue 1,559433,2027-05-16T12:00:00Z,32,523,Olympique Lyonnais,535,Le Mans FC
football-data.org,FL1,Ligue 1,559434,2027-05-16T12:00:00Z,32,524,Paris Saint-Germain FC,522,OGC Nice
football-data.org,FL1,Ligue 1,559435,2027-05-16T12:00:00Z,32,511,Toulouse FC,525,FC Lorient
football-data.org,FL1,Ligue 1,559436,2027-05-16T12:00:00Z,32,512,Stade Brestois 29,533,Le Havre AC
football-data.org,FL1,Ligue 1,559437,2027-05-16T12:00:00Z,32,516,Olympique de Marseille,546,Racing Club de Lens
football-data.org,FL1,Ligue 1,559438,2027-05-16T12:00:00Z,32,521,Lille OSC,532,Angers SCO
football-data.org,FL1,Ligue 1,559439,2027-05-16T12:00:00Z,32,519,AJ Auxerre,529,Stade Rennais FC 1901
football-data.org,FL1,Ligue 1,559440,2027-05-16T12:00:00Z,32,576,RC Strasbourg Alsace,531,ES Troyes AC
football-data.org,FL1,Ligue 1,559423,2027-05-22T12:00:00Z,33,522,OGC Nice,548,AS Monaco FC
football-data.org,FL1,Ligue 1,559424,2027-05-22T12:00:00Z,33,532,Angers SCO,512,Stade Brestois 29
football-data.org,FL1,Ligue 1,559425,2027-05-22T12:00:00Z,33,525,FC Lorient,523,Olympique Lyonnais
football-data.org,FL1,Ligue 1,559426,2027-05-22T12:00:00Z,33,531,ES Troyes AC,524,Paris Saint-Germain FC
football-data.org,FL1,Ligue 1,559427,2027-05-22T12:00:00Z,33,535,Le Mans FC,576,RC Strasbourg Alsace
football-data.org,FL1,Ligue 1,559428,2027-05-22T12:00:00Z,33,511,Toulouse FC,519,AJ Auxerre
football-data.org,FL1,Ligue 1,559429,2027-05-22T12:00:00Z,33,533,Le Havre AC,521,Lille OSC
football-data.org,FL1,Ligue 1,559430,2027-05-22T12:00:00Z,33,1045,Paris FC,516,Olympique de Marseille
football-data.org,FL1,Ligue 1,559431,2027-05-22T12:00:00Z,33,546,Racing Club de Lens,529,Stade Rennais FC 1901
football-data.org,FL1,Ligue 1,559414,2027-05-29T12:00:00Z,34,548,AS Monaco FC,531,ES Troyes AC
football-data.org,FL1,Ligue 1,559415,2027-05-29T12:00:00Z,34,524,Paris Saint-Germain FC,511,Toulouse FC
football-data.org,FL1,Ligue 1,559416,2027-05-29T12:00:00Z,34,521,Lille OSC,535,Le Mans FC
football-data.org,FL1,Ligue 1,559417,2027-05-29T12:00:00Z,34,512,Stade Brestois 29,546,Racing Club de Lens
football-data.org,FL1,Ligue 1,559418,2027-05-29T12:00:00Z,34,516,Olympique de Marseille,525,FC Lorient
football-data.org,FL1,Ligue 1,559419,2027-05-29T12:00:00Z,34,529,Stade Rennais FC 1901,532,Angers SCO
football-data.org,FL1,Ligue 1,559420,2027-05-29T12:00:00Z,34,523,Olympique Lyonnais,1045,Paris FC
football-data.org,FL1,Ligue 1,559421,2027-05-29T12:00:00Z,34,519,AJ Auxerre,533,Le Havre AC
football-data.org,FL1,Ligue 1,559422,2027-05-29T12:00:00Z,34,576,RC Strasbourg Alsace,522,OGC Nice
football-data.org,DED,Eredivisie,558214,2026-08-07T18:00:00Z,1,1909,SC Cambuur-Leeuwarden,670,SBV Excelsior
football-data.org,DED,Eredivisie,558215,2026-08-08T14:30:00Z,1,1915,NEC,1912,Telstar 1963
football-data.org,DED,Eredivisie,558216,2026-08-08T16:45:00Z,1,718,Go Ahead Eagles,672,Willem II Tilburg
football-data.org,DED,Eredivisie,558217,2026-08-08T18:00:00Z,1,674,PSV,1920,Fortuna Sittard
football-data.org,DED,Eredivisie,558218,2026-08-08T19:00:00Z,1,682,AZ,680,ADO Den Haag
football-data.org,DED,Eredivisie,558219,2026-08-09T10:15:00Z,1,6806,Sparta Rotterdam,675,Feyenoord Rotterdam
football-data.org,DED,Eredivisie,558220,2026-08-09T12:30:00Z,1,677,FC Groningen,676,FC Utrecht
football-data.org,DED,Eredivisie,558221,2026-08-09T12:30:00Z,1,684,PEC Zwolle,678,AFC Ajax
football-data.org,DED,Eredivisie,558222,2026-08-09T14:45:00Z,1,673,SC Heerenveen,666,FC Twente '65
football-data.org,DED,Eredivisie,558223,2026-08-14T18:00:00Z,2,1912,Telstar 1963,6806,Sparta Rotterdam
football-data.org,DED,Eredivisie,558224,2026-08-15T14:30:00Z,2,672,Willem II Tilburg,1915,NEC
football-data.org,DED,Eredivisie,558225,2026-08-15T16:45:00Z,2,676,FC Utrecht,682,AZ
football-data.org,DED,Eredivisie,558226,2026-08-15T18:00:00Z,2,670,SBV Excelsior,674,PSV
football-data.org,DED,Eredivisie,558227,2026-08-15T19:00:00Z,2,1920,Fortuna Sittard,1909,SC Cambuur-Leeuwarden
football-data.org,DED,Eredivisie,558228,2026-08-16T10:15:00Z,2,680,ADO Den Haag,677,FC Groningen
football-data.org,DED,Eredivisie,558229,2026-08-16T12:30:00Z,2,675,Feyenoord Rotterdam,718,Go Ahead Eagles
football-data.org,DED,Eredivisie,558230,2026-08-16T12:30:00Z,2,666,FC Twente '65,684,PEC Zwolle
football-data.org,DED,Eredivisie,558231,2026-08-16T14:45:00Z,2,678,AFC Ajax,673,SC Heerenveen
football-data.org,DED,Eredivisie,558232,2026-08-22T14:30:00Z,3,1920,Fortuna Sittard,682,AZ
football-data.org,DED,Eredivisie,558234,2026-08-22T16:45:00Z,3,6806,Sparta Rotterdam,676,FC Utrecht
football-data.org,DED,Eredivisie,558233,2026-08-22T18:00:00Z,3,1915,NEC,670,SBV Excelsior
football-data.org,DED,Eredivisie,558235,2026-08-22T19:00:00Z,3,673,SC Heerenveen,684,PEC Zwolle
football-data.org,DED,Eredivisie,558236,2026-08-23T10:15:00Z,3,718,Go Ahead Eagles,680,ADO Den Haag
football-data.org,DED,Eredivisie,558237,2026-08-23T12:30:00Z,3,674,PSV,677,FC Groningen
football-data.org,DED,Eredivisie,558238,2026-08-23T14:45:00Z,3,1909,SC Cambuur-Leeuwarden,675,Feyenoord Rotterdam
football-data.org,DED,Eredivisie,558241,2026-08-28T18:00:00Z,4,677,FC Groningen,1920,Fortuna Sittard
football-data.org,DED,Eredivisie,558242,2026-08-29T14:30:00Z,4,670,SBV Excelsior,6806,Sparta Rotterdam
football-data.org,DED,Eredivisie,558243,2026-08-29T16:45:00Z,4,682,AZ,718,Go Ahead Eagles
football-data.org,DED,Eredivisie,558244,2026-08-29T19:00:00Z,4,684,PEC Zwolle,1915,NEC
football-data.org,DED,Eredivisie,558245,2026-08-30T10:15:00Z,4,676,FC Utrecht,674,PSV
football-data.org,DED,Eredivisie,558246,2026-08-30T12:30:00Z,4,672,Willem II Tilburg,673,SC Heerenveen
football-data.org,DED,Eredivisie,558247,2026-08-30T12:30:00Z,4,675,Feyenoord Rotterdam,680,ADO Den Haag
football-data.org,DED,Eredivisie,558248,2026-08-30T14:45:00Z,4,1912,Telstar 1963,678,AFC Ajax
football-data.org,DED,Eredivisie,558249,2026-08-30T18:00:00Z,4,1909,SC Cambuur-Leeuwarden,666,FC Twente '65
football-data.org,DED,Eredivisie,558250,2026-09-04T18:00:00Z,5,6806,Sparta Rotterdam,684,PEC Zwolle
football-data.org,DED,Eredivisie,558251,2026-09-05T14:30:00Z,5,1915,NEC,675,Feyenoord Rotterdam
football-data.org,DED,Eredivisie,558252,2026-09-05T16:45:00Z,5,676,FC Utrecht,718,Go Ahead Eagles
football-data.org,DED,Eredivisie,558253,2026-09-05T18:00:00Z,5,678,AFC Ajax,674,PSV
football-data.org,DED,Eredivisie,558254,2026-09-05T19:00:00Z,5,672,Willem II Tilburg,670,SBV Excelsior
football-data.org,DED,Eredivisie,558255,2026-09-06T10:15:00Z,5,677,FC Groningen,666,FC Twente '65
football-data.org,DED,Eredivisie,558256,2026-09-06T12:30:00Z,5,673,SC Heerenveen,682,AZ
football-data.org,DED,Eredivisie,558257,2026-09-06T12:30:00Z,5,1912,Telstar 1963,1909,SC Cambuur-Leeuwarden
football-data.org,DED,Eredivisie,558258,2026-09-06T14:45:00Z,5,680,ADO Den Haag,1920,Fortuna Sittard
football-data.org,DED,Eredivisie,558239,2026-09-09T16:45:00Z,3,666,FC Twente '65,1912,Telstar 1963
football-data.org,DED,Eredivisie,558899,2026-09-11T18:00:00Z,6,682,AZ,672,Willem II Tilburg
football-data.org,DED,Eredivisie,558898,2026-09-12T14:30:00Z,6,666,FC Twente '65,680,ADO Den Haag
football-data.org,DED,Eredivisie,558897,2026-09-12T16:45:00Z,6,718,Go Ahead Eagles,677,FC Groningen
football-data.org,DED,Eredivisie,558896,2026-09-12T18:00:00Z,6,1920,Fortuna Sittard,678,AFC Ajax
football-data.org,DED,Eredivisie,558895,2026-09-12T19:00:00Z,6,673,SC Heerenveen,1912,Telstar 1963
football-data.org,DED,Eredivisie,558894,2026-09-13T10:15:00Z,6,670,SBV Excelsior,676,FC Utrecht
football-data.org,DED,Eredivisie,558892,2026-09-13T12:30:00Z,6,1909,SC Cambuur-Leeuwarden,1915,NEC
football-data.org,DED,Eredivisie,558893,2026-09-13T12:30:00Z,6,674,PSV,6806,Sparta Rotterdam
football-data.org,DED,Eredivisie,558891,2026-09-13T14:45:00Z,6,684,PEC Zwolle,675,Feyenoord Rotterdam
football-data.org,DED,Eredivisie,558240,2026-09-15T18:00:00Z,3,678,AFC Ajax,672,Willem II Tilburg
football-data.org,DED,Eredivisie,558888,2026-09-18T18:00:00Z,7,677,FC Groningen,684,PEC Zwolle
football-data.org,DED,Eredivisie,558889,2026-09-19T14:30:00Z,7,680,ADO Den Haag,1909,SC Cambuur-Leeuwarden
football-data.org,DED,Eredivisie,558890,2026-09-19T16:45:00Z,7,6806,Sparta Rotterdam,673,SC Heerenveen
football-data.org,DED,Eredivisie,558887,2026-09-19T18:00:00Z,7,678,AFC Ajax,670,SBV Excelsior
football-data.org,DED,Eredivisie,558886,2026-09-19T19:00:00Z,7,672,Willem II Tilburg,1920,Fortuna Sittard
football-data.org,DED,Eredivisie,558885,2026-09-20T10:15:00Z,7,675,Feyenoord Rotterdam,676,FC Utrecht
football-data.org,DED,Eredivisie,558883,2026-09-20T12:30:00Z,7,1915,NEC,718,Go Ahead Eagles
football-data.org,DED,Eredivisie,558884,2026-09-20T12:30:00Z,7,682,AZ,1912,Telstar 1963
football-data.org,DED,Eredivisie,558882,2026-09-20T14:45:00Z,7,666,FC Twente '65,674,PSV
football-data.org,DED,Eredivisie,558881,2026-10-10T14:30:00Z,8,674,PSV,673,SC Heerenveen
football-data.org,DED,Eredivisie,558879,2026-10-10T16:45:00Z,8,675,Feyenoord Rotterdam,682,AZ
football-data.org,DED,Eredivisie,558880,2026-10-10T16:45:00Z,8,718,Go Ahead Eagles,6806,Sparta Rotterdam
football-data.org,DED,Eredivisie,558877,2026-10-10T19:00:00Z,8,1920,Fortuna Sittard,666,FC Twente '65
football-data.org,DED,Eredivisie,558878,2026-10-10T19:00:00Z,8,678,AFC Ajax,1915,NEC
football-data.org,DED,Eredivisie,558876,2026-10-11T10:15:00Z,8,676,FC Utrecht,672,Willem II Tilburg
football-data.org,DED,Eredivisie,558874,2026-10-11T12:30:00Z,8,684,PEC Zwolle,1909,SC Cambuur-Leeuwarden
football-data.org,DED,Eredivisie,558875,2026-10-11T12:30:00Z,8,1912,Telstar 1963,680,ADO Den Haag
football-data.org,DED,Eredivisie,558873,2026-10-11T14:45:00Z,8,670,SBV Excelsior,677,FC Groningen
football-data.org,DED,Eredivisie,558872,2026-10-16T18:00:00Z,9,673,SC Heerenveen,670,SBV Excelsior
football-data.org,DED,Eredivisie,558871,2026-10-17T14:30:00Z,9,680,ADO Den Haag,674,PSV
football-data.org,DED,Eredivisie,558870,2026-10-17T16:45:00Z,9,1915,NEC,1920,Fortuna Sittard
football-data.org,DED,Eredivisie,558869,2026-10-17T18:00:00Z,9,1912,Telstar 1963,675,Feyenoord Rotterdam
football-data.org,DED,Eredivisie,558868,2026-10-17T19:00:00Z,9,6806,Sparta Rotterdam,672,Willem II Tilburg
football-data.org,DED,Eredivisie,558867,2026-10-18T10:15:00Z,9,684,PEC Zwolle,718,Go Ahead Eagles
football-data.org,DED,Eredivisie,558865,2026-10-18T12:30:00Z,9,1909,SC Cambuur-Leeuwarden,682,AZ
football-data.org,DED,Eredivisie,558866,2026-10-18T12:30:00Z,9,666,FC Twente '65,676,FC Utrecht
football-data.org,DED,Eredivisie,558864,2026-10-18T14:45:00Z,9,677,FC Groningen,678,AFC Ajax
football-data.org,DED,Eredivisie,558863,2026-10-23T18:00:00Z,10,718,Go Ahead Eagles,1912,Telstar 1963
football-data.org,DED,Eredivisie,558862,2026-10-24T14:30:00Z,10,676,FC Utrecht,684,PEC Zwolle
football-data.org,DED,Eredivisie,558861,2026-10-24T16:45:00Z,10,672,Willem II Tilburg,1909,SC Cambuur-Leeuwarden
football-data.org,DED,Eredivisie,558860,2026-10-24T19:00:00Z,10,680,ADO Den Haag,673,SC Heerenveen
football-data.org,DED,Eredivisie,558859,2026-10-25T11:15:00Z,10,1920,Fortuna Sittard,670,SBV Excelsior
football-data.org,DED,Eredivisie,558857,2026-10-25T13:30:00Z,10,1915,NEC,677,FC Groningen
football-data.org,DED,Eredivisie,558858,2026-10-25T13:30:00Z,10,674,PSV,675,Feyenoord Rotterdam
football-data.org,DED,Eredivisie,558856,2026-10-25T15:45:00Z,10,6806,Sparta Rotterdam,678,AFC Ajax
football-data.org,DED,Eredivisie,558855,2026-10-25T19:00:00Z,10,682,AZ,666,FC Twente '65
football-data.org,DED,Eredivisie,558854,2026-10-31T15:30:00Z,11,675,Feyenoord Rotterdam,1920,Fortuna Sittard
football-data.org,DED,Eredivisie,558852,2026-10-31T17:45:00Z,11,673,SC Heerenveen,1915,NEC
football-data.org,DED,Eredivisie,558853,2026-10-31T17:45:00Z,11,674,PSV,672,Willem II Tilburg
football-data.org,DED,Eredivisie,558850,2026-10-31T20:00:00Z,11,1909,SC Cambuur-Leeuwarden,718,Go Ahead Eagles
football-data.org,DED,Eredivisie,558851,2026-10-31T20:00:00Z,11,678,AFC Ajax,682,AZ
football-data.org,DED,Eredivisie,558849,2026-11-01T11:15:00Z,11,684,PEC Zwolle,680,ADO Den Haag
football-data.org,DED,Eredivisie,558848,2026-11-01T13:30:00Z,11,1912,Telstar 1963,676,FC Utrecht
football-data.org,DED,Eredivisie,558847,2026-11-01T13:30:00Z,11,670,SBV Excelsior,666,FC Twente '65
football-data.org,DED,Eredivisie,558846,2026-11-01T15:45:00Z,11,677,FC Groningen,6806,Sparta Rotterdam
football-data.org,DED,Eredivisie,558845,2026-11-06T19:00:00Z,12,672,Willem II Tilburg,684,PEC Zwolle
football-data.org,DED,Eredivisie,558844,2026-11-07T15:30:00Z,12,1920,Fortuna Sittard,1912,Telstar 1963
football-data.org,DED,Eredivisie,558841,2026-11-07T17:45:00Z,12,680,ADO Den Haag,6806,Sparta Rotterdam
football-data.org,DED,Eredivisie,558842,2026-11-07T19:00:00Z,12,1909,SC Cambuur-Leeuwarden,674,PSV
football-data.org,DED,Eredivisie,558843,2026-11-07T20:00:00Z,12,670,SBV Excelsior,718,Go Ahead Eagles
football-data.org,DED,Eredivisie,558840,2026-11-08T11:15:00Z,12,673,SC Heerenveen,675,Feyenoord Rotterdam
football-data.org,DED,Eredivisie,558838,2026-11-08T13:30:00Z,12,676,FC Utrecht,1915,NEC
football-data.org,DED,Eredivisie,558839,2026-11-08T13:30:00Z,12,666,FC Twente '65,678,AFC Ajax
football-data.org,DED,Eredivisie,558837,2026-11-08T15:45:00Z,12,682,AZ,677,FC Groningen
football-data.org,DED,Eredivisie,558828,2026-11-22T16:00:00Z,13,666,FC Twente '65,672,Willem II Tilburg
football-data.org,DED,Eredivisie,558829,2026-11-22T16:00:00Z,13,718,Go Ahead Eagles,1920,Fortuna Sittard
football-data.org,DED,Eredivisie,558830,2026-11-22T16:00:00Z,13,6806,Sparta Rotterdam,682,AZ
football-data.org,DED,Eredivisie,558831,2026-11-22T16:00:00Z,13,675,Feyenoord Rotterdam,670,SBV Excelsior
football-data.org,DED,Eredivisie,558832,2026-11-22T16:00:00Z,13,1912,Telstar 1963,684,PEC Zwolle
football-data.org,DED,Eredivisie,558833,2026-11-22T16:00:00Z,13,1915,NEC,674,PSV
football-data.org,DED,Eredivisie,558834,2026-11-22T16:00:00Z,13,677,FC Groningen,673,SC Heerenveen
football-data.org,DED,Eredivisie,558835,2026-11-22T16:00:00Z,13,676,FC Utrecht,1909,SC Cambuur-Leeuwarden
football-data.org,DED,Eredivisie,558836,2026-11-22T16:00:00Z,13,678,AFC Ajax,680,ADO Den Haag
football-data.org,DED,Eredivisie,558819,2026-11-29T16:00:00Z,14,1909,SC Cambuur-Leeuwarden,6806,Sparta Rotterdam
football-data.org,DED,Eredivisie,558820,2026-11-29T16:00:00Z,14,677,FC Groningen,672,Willem II Tilburg
football-data.org,DED,Eredivisie,558821,2026-11-29T16:00:00Z,14,1920,Fortuna Sittard,673,SC Heerenveen
football-data.org,DED,Eredivisie,558822,2026-11-29T16:00:00Z,14,1915,NEC,666,FC Twente '65
football-data.org,DED,Eredivisie,558823,2026-11-29T16:00:00Z,14,684,PEC Zwolle,682,AZ
football-data.org,DED,Eredivisie,558824,2026-11-29T16:00:00Z,14,675,Feyenoord Rotterdam,678,AFC Ajax
football-data.org,DED,Eredivisie,558825,2026-11-29T16:00:00Z,14,670,SBV Excelsior,1912,Telstar 1963
football-data.org,DED,Eredivisie,558826,2026-11-29T16:00:00Z,14,674,PSV,718,Go Ahead Eagles
football-data.org,DED,Eredivisie,558827,2026-11-29T16:00:00Z,14,680,ADO Den Haag,676,FC Utrecht
football-data.org,DED,Eredivisie,558810,2026-12-06T16:00:00Z,15,680,ADO Den Haag,670,SBV Excelsior
football-data.org,DED,Eredivisie,558811,2026-12-06T16:00:00Z,15,678,AFC Ajax,676,FC Utrecht
football-data.org,DED,Eredivisie,558812,2026-12-06T16:00:00Z,15,1912,Telstar 1963,677,FC Groningen
football-data.org,DED,Eredivisie,558813,2026-12-06T16:00:00Z,15,1920,Fortuna Sittard,684,PEC Zwolle
football-data.org,DED,Eredivisie,558814,2026-12-06T16:00:00Z,15,682,AZ,674,PSV
football-data.org,DED,Eredivisie,558815,2026-12-06T16:00:00Z,15,673,SC Heerenveen,1909,SC Cambuur-Leeuwarden
football-data.org,DED,Eredivisie,558816,2026-12-06T16:00:00Z,15,672,Willem II Tilburg,675,Feyenoord Rotterdam
football-data.org,DED,Eredivisie,558817,2026-12-06T16:00:00Z,15,6806,Sparta Rotterdam,1915,NEC
football-data.org,DED,Eredivisie,558818,2026-12-06T16:00:00Z,15,718,Go Ahead Eagles,666,FC Twente '65
football-data.org,DED,Eredivisie,558801,2026-12-13T16:00:00Z,16,678,AFC Ajax,1909,SC Cambuur-Leeuwarden
football-data.org,DED,Eredivisie,558802,2026-12-13T16:00:00Z,16,684,PEC Zwolle,670,SBV Excelsior
football-data.org,DED,Eredivisie,558803,2026-12-13T16:00:00Z,16,677,FC Groningen,675,Feyenoord Rotterdam
football-data.org,DED,Eredivisie,558804,2026-12-13T16:00:00Z,16,676,FC Utrecht,1920,Fortuna Sittard
football-data.org,DED,Eredivisie,558805,2026-12-13T16:00:00Z,16,674,PSV,1912,Telstar 1963
football-data.org,DED,Eredivisie,558806,2026-12-13T16:00:00Z,16,672,Willem II Tilburg,680,ADO Den Haag
football-data.org,DED,Eredivisie,558807,2026-12-13T16:00:00Z,16,682,AZ,1915,NEC
football-data.org,DED,Eredivisie,558808,2026-12-13T16:00:00Z,16,666,FC Twente '65,6806,Sparta Rotterdam
football-data.org,DED,Eredivisie,558809,2026-12-13T16:00:00Z,16,673,SC Heerenveen,718,Go Ahead Eagles
football-data.org,DED,Eredivisie,558792,2026-12-20T16:00:00Z,17,1909,SC Cambuur-Leeuwarden,677,FC Groningen
football-data.org,DED,Eredivisie,558793,2026-12-20T16:00:00Z,17,1920,Fortuna Sittard,6806,Sparta Rotterdam
football-data.org,DED,Eredivisie,558794,2026-12-20T16:00:00Z,17,1912,Telstar 1963,672,Willem II Tilburg
football-data.org,DED,Eredivisie,558795,2026-12-20T16:00:00Z,17,674,PSV,684,PEC Zwolle
football-data.org,DED,Eredivisie,558796,2026-12-20T16:00:00Z,17,718,Go Ahead Eagles,678,AFC Ajax
football-data.org,DED,Eredivisie,558797,2026-12-20T16:00:00Z,17,675,Feyenoord Rotterdam,666,FC Twente '65
football-data.org,DED,Eredivisie,558798,2026-12-20T16:00:00Z,17,1915,NEC,680,ADO Den Haag
football-data.org,DED,Eredivisie,558799,2026-12-20T16:00:00Z,17,676,FC Utrecht,673,SC Heerenveen
football-data.org,DED,Eredivisie,558800,2026-12-20T16:00:00Z,17,670,SBV Excelsior,682,AZ
football-data.org,DED,Eredivisie,558791,2027-01-08T12:00:00Z,18,666,FC Twente '65,1920,Fortuna Sittard
football-data.org,DED,Eredivisie,558787,2027-01-09T12:00:00Z,18,6806,Sparta Rotterdam,670,SBV Excelsior
football-data.org,DED,Eredivisie,558788,2027-01-09T12:00:00Z,18,682,AZ,673,SC Heerenveen
football-data.org,DED,Eredivisie,558789,2027-01-09T12:00:00Z,18,672,Willem II Tilburg,678,AFC Ajax
football-data.org,DED,Eredivisie,558790,2027-01-09T12:00:00Z,18,684,PEC Zwolle,676,FC Utrecht
football-data.org,DED,Eredivisie,558783,2027-01-10T12:00:00Z,18,675,Feyenoord Rotterdam,674,PSV
football-data.org,DED,Eredivisie,558784,2027-01-10T12:00:00Z,18,680,ADO Den Haag,1912,Telstar 1963
football-data.org,DED,Eredivisie,558785,2027-01-10T12:00:00Z,18,1915,NEC,1909,SC Cambuur-Leeuwarden
football-data.org,DED,Eredivisie,558786,2027-01-10T12:00:00Z,18,677,FC Groningen,718,Go Ahead Eagles
football-data.org,DED,Eredivisie,558774,2027-01-17T12:00:00Z,19,718,Go Ahead Eagles,682,AZ
football-data.org,DED,Eredivisie,558775,2027-01-17T12:00:00Z,19,1909,SC Cambuur-Leeuwarden,672,Willem II Tilburg
football-data.org,DED,Eredivisie,558776,2027-01-17T12:00:00Z,19,1912,Telstar 1963,1915,NEC
football-data.org,DED,Eredivisie,558777,2027-01-17T12:00:00Z,19,670,SBV Excelsior,675,Feyenoord Rotterdam
football-data.org,DED,Eredivisie,558778,2027-01-17T12:00:00Z,19,673,SC Heerenveen,6806,Sparta Rotterdam
football-data.org,DED,Eredivisie,558779,2027-01-17T12:00:00Z,19,1920,Fortuna Sittard,674,PSV
football-data.org,DED,Eredivisie,558780,2027-01-17T12:00:00Z,19,680,ADO Den Haag,684,PEC Zwolle
football-data.org,DED,Eredivisie,558781,2027-01-17T12:00:00Z,19,678,AFC Ajax,677,FC Groningen
football-data.org,DED,Eredivisie,558782,2027-01-17T12:00:00Z,19,676,FC Utrecht,666,FC Twente '65
football-data.org,DED,Eredivisie,558765,2027-01-24T12:00:00Z,20,1915,NEC,672,Willem II Tilburg
football-data.org,DED,Eredivisie,558766,2027-01-24T12:00:00Z,20,666,FC Twente '65,673,SC Heerenveen
football-data.org,DED,Eredivisie,558767,2027-01-24T12:00:00Z,20,674,PSV,680,ADO Den Haag
football-data.org,DED,Eredivisie,558768,2027-01-24T12:00:00Z,20,678,AFC Ajax,1912,Telstar 1963
football-data.org,DED,Eredivisie,558769,2027-01-24T12:00:00Z,20,682,AZ,676,FC Utrecht
football-data.org,DED,Eredivisie,558770,2027-01-24T12:00:00Z,20,670,SBV Excelsior,1920,Fortuna Sittard
football-data.org,DED,Eredivisie,558771,2027-01-24T12:00:00Z,20,6806,Sparta Rotterdam,677,FC Groningen
football-data.org,DED,Eredivisie,558772,2027-01-24T12:00:00Z,20,675,Feyenoord Rotterdam,684,PEC Zwolle
football-data.org,DED,Eredivisie,558773,2027-01-24T12:00:00Z,20,718,Go Ahead Eagles,1909,SC Cambuur-Leeuwarden
football-data.org,DED,Eredivisie,558756,2027-01-31T12:00:00Z,21,680,ADO Den Haag,718,Go Ahead Eagles
football-data.org,DED,Eredivisie,558757,2027-01-31T12:00:00Z,21,673,SC Heerenveen,678,AFC Ajax
football-data.org,DED,Eredivisie,558758,2027-01-31T12:00:00Z,21,684,PEC Zwolle,1920,Fortuna Sittard
football-data.org,DED,Eredivisie,558759,2027-01-31T12:00:00Z,21,666,FC Twente '65,1909,SC Cambuur-Leeuwarden
football-data.org,DED,Eredivisie,558760,2027-01-31T12:00:00Z,21,682,AZ,675,Feyenoord Rotterdam
football-data.org,DED,Eredivisie,558761,2027-01-31T12:00:00Z,21,672,Willem II Tilburg,674,PSV
football-data.org,DED,Eredivisie,558762,2027-01-31T12:00:00Z,21,6806,Sparta Rotterdam,1912,Telstar 1963
football-data.org,DED,Eredivisie,558763,2027-01-31T12:00:00Z,21,676,FC Utrecht,670,SBV Excelsior
football-data.org,DED,Eredivisie,558764,2027-01-31T12:00:00Z,21,677,FC Groningen,1915,NEC
football-data.org,DED,Eredivisie,558747,2027-02-14T12:00:00Z,22,1912,Telstar 1963,673,SC Heerenveen
football-data.org,DED,Eredivisie,558748,2027-02-14T12:00:00Z,22,1920,Fortuna Sittard,680,ADO Den Haag
football-data.org,DED,Eredivisie,558749,2027-02-14T12:00:00Z,22,675,Feyenoord Rotterdam,1915,NEC
football-data.org,DED,Eredivisie,558750,2027-02-14T12:00:00Z,22,1909,SC Cambuur-Leeuwarden,676,FC Utrecht
football-data.org,DED,Eredivisie,558751,2027-02-14T12:00:00Z,22,674,PSV,666,FC Twente '65
football-data.org,DED,Eredivisie,558752,2027-02-14T12:00:00Z,22,677,FC Groningen,682,AZ
football-data.org,DED,Eredivisie,558753,2027-02-14T12:00:00Z,22,718,Go Ahead Eagles,684,PEC Zwolle
football-data.org,DED,Eredivisie,558754,2027-02-14T12:00:00Z,22,670,SBV Excelsior,678,AFC Ajax
football-data.org,DED,Eredivisie,558755,2027-02-14T12:00:00Z,22,672,Willem II Tilburg,6806,Sparta Rotterdam
football-data.org,DED,Eredivisie,558738,2027-02-21T12:00:00Z,23,1915,NEC,6806,Sparta Rotterdam
football-data.org,DED,Eredivisie,558739,2027-02-21T12:00:00Z,23,675,Feyenoord Rotterdam,1912,Telstar 1963
football-data.org,DED,Eredivisie,558740,2027-02-21T12:00:00Z,23,676,FC Utrecht,680,ADO Den Haag
football-data.org,DED,Eredivisie,558741,2027-02-21T12:00:00Z,23,682,AZ,1920,Fortuna Sittard
football-data.org,DED,Eredivisie,558742,2027-02-21T12:00:00Z,23,673,SC Heerenveen,672,Willem II Tilburg
football-data.org,DED,Eredivisie,558743,2027-02-21T12:00:00Z,23,684,PEC Zwolle,677,FC Groningen
football-data.org,DED,Eredivisie,558744,2027-02-21T12:00:00Z,23,678,AFC Ajax,718,Go Ahead Eagles
football-data.org,DED,Eredivisie,558745,2027-02-21T12:00:00Z,23,674,PSV,1909,SC Cambuur-Leeuwarden
football-data.org,DED,Eredivisie,558746,2027-02-21T12:00:00Z,23,666,FC Twente '65,670,SBV Excelsior
football-data.org,DED,Eredivisie,558729,2027-02-28T12:00:00Z,24,6806,Sparta Rotterdam,674,PSV
football-data.org,DED,Eredivisie,558730,2027-02-28T12:00:00Z,24,1915,NEC,682,AZ
football-data.org,DED,Eredivisie,558731,2027-02-28T12:00:00Z,24,1909,SC Cambuur-Leeuwarden,684,PEC Zwolle
football-data.org,DED,Eredivisie,558732,2027-02-28T12:00:00Z,24,670,SBV Excelsior,673,SC Heerenveen
football-data.org,DED,Eredivisie,558733,2027-02-28T12:00:00Z,24,680,ADO Den Haag,666,FC Twente '65
football-data.org,DED,Eredivisie,558734,2027-02-28T12:00:00Z,24,678,AFC Ajax,675,Feyenoord Rotterdam
football-data.org,DED,Eredivisie,558735,2027-02-28T12:00:00Z,24,672,Willem II Tilburg,677,FC Groningen
football-data.org,DED,Eredivisie,558736,2027-02-28T12:00:00Z,24,1920,Fortuna Sittard,676,FC Utrecht
football-data.org,DED,Eredivisie,558737,2027-02-28T12:00:00Z,24,1912,Telstar 1963,718,Go Ahead Eagles
football-data.org,DED,Eredivisie,558720,2027-03-07T12:00:00Z,25,666,FC Twente '65,682,AZ
football-data.org,DED,Eredivisie,558721,2027-03-07T12:00:00Z,25,675,Feyenoord Rotterdam,673,SC Heerenveen
football-data.org,DED,Eredivisie,558722,2027-03-07T12:00:00Z,25,718,Go Ahead Eagles,670,SBV Excelsior
football-data.org,DED,Eredivisie,558723,2027-03-07T12:00:00Z,25,674,PSV,676,FC Utrecht
football-data.org,DED,Eredivisie,558724,2027-03-07T12:00:00Z,25,680,ADO Den Haag,678,AFC Ajax
football-data.org,DED,Eredivisie,558725,2027-03-07T12:00:00Z,25,677,FC Groningen,1912,Telstar 1963
football-data.org,DED,Eredivisie,558726,2027-03-07T12:00:00Z,25,684,PEC Zwolle,672,Willem II Tilburg
football-data.org,DED,Eredivisie,558727,2027-03-07T12:00:00Z,25,1920,Fortuna Sittard,1915,NEC
football-data.org,DED,Eredivisie,558728,2027-03-07T12:00:00Z,25,6806,Sparta Rotterdam,1909,SC Cambuur-Leeuwarden
football-data.org,DED,Eredivisie,558711,2027-03-14T12:00:00Z,26,678,AFC Ajax,684,PEC Zwolle
football-data.org,DED,Eredivisie,558712,2027-03-14T12:00:00Z,26,1909,SC Cambuur-Leeuwarden,680,ADO Den Haag
football-data.org,DED,Eredivisie,558713,2027-03-14T12:00:00Z,26,670,SBV Excelsior,1915,NEC
football-data.org,DED,Eredivisie,558714,2027-03-14T12:00:00Z,26,718,Go Ahead Eagles,675,Feyenoord Rotterdam
football-data.org,DED,Eredivisie,558715,2027-03-14T12:00:00Z,26,1912,Telstar 1963,674,PSV
football-data.org,DED,Eredivisie,558716,2027-03-14T12:00:00Z,26,682,AZ,6806,Sparta Rotterdam
football-data.org,DED,Eredivisie,558717,2027-03-14T12:00:00Z,26,672,Willem II Tilburg,666,FC Twente '65
football-data.org,DED,Eredivisie,558718,2027-03-14T12:00:00Z,26,676,FC Utrecht,677,FC Groningen
football-data.org,DED,Eredivisie,558719,2027-03-14T12:00:00Z,26,673,SC Heerenveen,1920,Fortuna Sittard
football-data.org,DED,Eredivisie,558702,2027-03-21T12:00:00Z,27,676,FC Utrecht,6806,Sparta Rotterdam
football-data.org,DED,Eredivisie,558703,2027-03-21T12:00:00Z,27,675,Feyenoord Rotterdam,1909,SC Cambuur-Leeuwarden
football-data.org,DED,Eredivisie,558704,2027-03-21T12:00:00Z,27,682,AZ,670,SBV Excelsior
football-data.org,DED,Eredivisie,558705,2027-03-21T12:00:00Z,27,684,PEC Zwolle,673,SC Heerenveen
football-data.org,DED,Eredivisie,558706,2027-03-21T12:00:00Z,27,1912,Telstar 1963,1920,Fortuna Sittard
football-data.org,DED,Eredivisie,558707,2027-03-21T12:00:00Z,27,1915,NEC,678,AFC Ajax
football-data.org,DED,Eredivisie,558708,2027-03-21T12:00:00Z,27,677,FC Groningen,674,PSV
football-data.org,DED,Eredivisie,558709,2027-03-21T12:00:00Z,27,680,ADO Den Haag,672,Willem II Tilburg
football-data.org,DED,Eredivisie,558710,2027-03-21T12:00:00Z,27,666,FC Twente '65,718,Go Ahead Eagles
football-data.org,DED,Eredivisie,558693,2027-04-04T12:00:00Z,28,674,PSV,682,AZ
football-data.org,DED,Eredivisie,558694,2027-04-04T12:00:00Z,28,1920,Fortuna Sittard,675,Feyenoord Rotterdam
football-data.org,DED,Eredivisie,558695,2027-04-04T12:00:00Z,28,673,SC Heerenveen,677,FC Groningen
football-data.org,DED,Eredivisie,558696,2027-04-04T12:00:00Z,28,678,AFC Ajax,666,FC Twente '65
football-data.org,DED,Eredivisie,558697,2027-04-04T12:00:00Z,28,1909,SC Cambuur-Leeuwarden,1912,Telstar 1963
football-data.org,DED,Eredivisie,558698,2027-04-04T12:00:00Z,28,670,SBV Excelsior,684,PEC Zwolle
football-data.org,DED,Eredivisie,558699,2027-04-04T12:00:00Z,28,6806,Sparta Rotterdam,680,ADO Den Haag
football-data.org,DED,Eredivisie,558700,2027-04-04T12:00:00Z,28,718,Go Ahead Eagles,1915,NEC
football-data.org,DED,Eredivisie,558701,2027-04-04T12:00:00Z,28,672,Willem II Tilburg,676,FC Utrecht
football-data.org,DED,Eredivisie,558684,2027-04-11T12:00:00Z,29,680,ADO Den Haag,675,Feyenoord Rotterdam
football-data.org,DED,Eredivisie,558685,2027-04-11T12:00:00Z,29,1909,SC Cambuur-Leeuwarden,1920,Fortuna Sittard
football-data.org,DED,Eredivisie,558686,2027-04-11T12:00:00Z,29,1915,NEC,673,SC Heerenveen
football-data.org,DED,Eredivisie,558687,2027-04-11T12:00:00Z,29,677,FC Groningen,670,SBV Excelsior
football-data.org,DED,Eredivisie,558688,2027-04-11T12:00:00Z,29,672,Willem II Tilburg,682,AZ
football-data.org,DED,Eredivisie,558689,2027-04-11T12:00:00Z,29,676,FC Utrecht,678,AFC Ajax
football-data.org,DED,Eredivisie,558690,2027-04-11T12:00:00Z,29,1912,Telstar 1963,666,FC Twente '65
football-data.org,DED,Eredivisie,558691,2027-04-11T12:00:00Z,29,684,PEC Zwolle,674,PSV
football-data.org,DED,Eredivisie,558692,2027-04-11T12:00:00Z,29,6806,Sparta Rotterdam,718,Go Ahead Eagles
football-data.org,DED,Eredivisie,558675,2027-04-25T12:00:00Z,30,666,FC Twente '65,1915,NEC
football-data.org,DED,Eredivisie,558676,2027-04-25T12:00:00Z,30,673,SC Heerenveen,680,ADO Den Haag
football-data.org,DED,Eredivisie,558677,2027-04-25T12:00:00Z,30,670,SBV Excelsior,672,Willem II Tilburg
football-data.org,DED,Eredivisie,558678,2027-04-25T12:00:00Z,30,718,Go Ahead Eagles,676,FC Utrecht
football-data.org,DED,Eredivisie,558679,2027-04-25T12:00:00Z,30,682,AZ,1909,SC Cambuur-Leeuwarden
football-data.org,DED,Eredivisie,558680,2027-04-25T12:00:00Z,30,684,PEC Zwolle,1912,Telstar 1963
football-data.org,DED,Eredivisie,558681,2027-04-25T12:00:00Z,30,1920,Fortuna Sittard,677,FC Groningen
football-data.org,DED,Eredivisie,558682,2027-04-25T12:00:00Z,30,675,Feyenoord Rotterdam,6806,Sparta Rotterdam
football-data.org,DED,Eredivisie,558683,2027-04-25T12:00:00Z,30,674,PSV,678,AFC Ajax
football-data.org,DED,Eredivisie,558666,2027-05-02T12:00:00Z,31,718,Go Ahead Eagles,674,PSV
football-data.org,DED,Eredivisie,558667,2027-05-02T12:00:00Z,31,673,SC Heerenveen,676,FC Utrecht
football-data.org,DED,Eredivisie,558668,2027-05-02T12:00:00Z,31,6806,Sparta Rotterdam,666,FC Twente '65
football-data.org,DED,Eredivisie,558669,2027-05-02T12:00:00Z,31,677,FC Groningen,680,ADO Den Haag
football-data.org,DED,Eredivisie,558670,2027-05-02T12:00:00Z,31,1915,NEC,684,PEC Zwolle
football-data.org,DED,Eredivisie,558671,2027-05-02T12:00:00Z,31,678,AFC Ajax,1920,Fortuna Sittard
football-data.org,DED,Eredivisie,558672,2027-05-02T12:00:00Z,31,670,SBV Excelsior,1909,SC Cambuur-Leeuwarden
football-data.org,DED,Eredivisie,558673,2027-05-02T12:00:00Z,31,1912,Telstar 1963,682,AZ
football-data.org,DED,Eredivisie,558674,2027-05-02T12:00:00Z,31,675,Feyenoord Rotterdam,672,Willem II Tilburg
football-data.org,DED,Eredivisie,558657,2027-05-09T12:00:00Z,32,674,PSV,670,SBV Excelsior
football-data.org,DED,Eredivisie,558658,2027-05-09T12:00:00Z,32,676,FC Utrecht,675,Feyenoord Rotterdam
football-data.org,DED,Eredivisie,558659,2027-05-09T12:00:00Z,32,666,FC Twente '65,677,FC Groningen
football-data.org,DED,Eredivisie,558660,2027-05-09T12:00:00Z,32,684,PEC Zwolle,6806,Sparta Rotterdam
football-data.org,DED,Eredivisie,558661,2027-05-09T12:00:00Z,32,1920,Fortuna Sittard,718,Go Ahead Eagles
football-data.org,DED,Eredivisie,558662,2027-05-09T12:00:00Z,32,1909,SC Cambuur-Leeuwarden,673,SC Heerenveen
football-data.org,DED,Eredivisie,558663,2027-05-09T12:00:00Z,32,682,AZ,678,AFC Ajax
football-data.org,DED,Eredivisie,558664,2027-05-09T12:00:00Z,32,680,ADO Den Haag,1915,NEC
football-data.org,DED,Eredivisie,558665,2027-05-09T12:00:00Z,32,672,Willem II Tilburg,1912,Telstar 1963
football-data.org,DED,Eredivisie,558648,2027-05-16T12:00:00Z,33,682,AZ,684,PEC Zwolle
football-data.org,DED,Eredivisie,558649,2027-05-16T12:00:00Z,33,718,Go Ahead Eagles,673,SC Heerenveen
football-data.org,DED,Eredivisie,558650,2027-05-16T12:00:00Z,33,666,FC Twente '65,675,Feyenoord Rotterdam
football-data.org,DED,Eredivisie,558651,2027-05-16T12:00:00Z,33,678,AFC Ajax,6806,Sparta Rotterdam
football-data.org,DED,Eredivisie,558652,2027-05-16T12:00:00Z,33,670,SBV Excelsior,680,ADO Den Haag
football-data.org,DED,Eredivisie,558653,2027-05-16T12:00:00Z,33,674,PSV,1915,NEC
football-data.org,DED,Eredivisie,558654,2027-05-16T12:00:00Z,33,1920,Fortuna Sittard,672,Willem II Tilburg
football-data.org,DED,Eredivisie,558655,2027-05-16T12:00:00Z,33,676,FC Utrecht,1912,Telstar 1963
football-data.org,DED,Eredivisie,558656,2027-05-16T12:00:00Z,33,677,FC Groningen,1909,SC Cambuur-Leeuwarden
football-data.org,DED,Eredivisie,558639,2027-05-23T12:00:00Z,34,1915,NEC,676,FC Utrecht
football-data.org,DED,Eredivisie,558640,2027-05-23T12:00:00Z,34,673,SC Heerenveen,674,PSV
football-data.org,DED,Eredivisie,558641,2027-05-23T12:00:00Z,34,6806,Sparta Rotterdam,1920,Fortuna Sittard
football-data.org,DED,Eredivisie,558642,2027-05-23T12:00:00Z,34,1909,SC Cambuur-Leeuwarden,678,AFC Ajax
football-data.org,DED,Eredivisie,558643,2027-05-23T12:00:00Z,34,684,PEC Zwolle,666,FC Twente '65
football-data.org,DED,Eredivisie,558644,2027-05-23T12:00:00Z,34,675,Feyenoord Rotterdam,677,FC Groningen
football-data.org,DED,Eredivisie,558645,2027-05-23T12:00:00Z,34,680,ADO Den Haag,682,AZ
football-data.org,DED,Eredivisie,558646,2027-05-23T12:00:00Z,34,1912,Telstar 1963,670,SBV Excelsior
football-data.org,DED,Eredivisie,558647,2027-05-23T12:00:00Z,34,672,Willem II Tilburg,718,Go Ahead Eagles
football-data.org,PPL,Primeira Liga,567264,2026-08-07T19:15:00Z,1,582,GD Estoril Praia,5531,FC Famalicão
football-data.org,PPL,Primeira Liga,567263,2026-08-08T14:30:00Z,1,5575,CS Marítimo,6618,Casa Pia AC
football-data.org,PPL,Primeira Liga,567258,2026-08-08T17:00:00Z,1,5543,Vitória SC,712,FC Arouca
football-data.org,PPL,Primeira Liga,567260,2026-08-08T19:30:00Z,1,9136,CF Estrela da Amadora,498,Sporting Clube de Portugal
football-data.org,PPL,Primeira Liga,567265,2026-08-09T17:00:00Z,1,503,FC Porto,7822,FC Alverca
football-data.org,PPL,Primeira Liga,567259,2026-08-09T19:30:00Z,1,583,Moreirense FC,5613,Sporting Clube de Braga
football-data.org,PPL,Primeira Liga,567261,2026-08-09T19:30:00Z,1,5533,Gil Vicente FC,496,Rio Ave FC
football-data.org,PPL,Primeira Liga,567262,2026-08-09T19:30:00Z,1,1903,Sport Lisboa e Benfica,5527,Académico de Viseu FC
football-data.org,PPL,Primeira Liga,567257,2026-08-10T19:15:00Z,1,5530,CD Santa Clara,5529,CD Nacional
football-data.org,PPL,Primeira Liga,567268,2026-08-14T19:15:00Z,2,498,Sporting Clube de Portugal,5543,Vitória SC
football-data.org,PPL,Primeira Liga,567266,2026-08-15T14:30:00Z,2,7822,FC Alverca,9136,CF Estrela da Amadora
football-data.org,PPL,Primeira Liga,567273,2026-08-15T17:00:00Z,2,5527,Académico de Viseu FC,5530,CD Santa Clara
football-data.org,PPL,Primeira Liga,567274,2026-08-15T19:30:00Z,2,496,Rio Ave FC,503,FC Porto
football-data.org,PPL,Primeira Liga,567269,2026-08-16T14:30:00Z,2,5531,FC Famalicão,5575,CS Marítimo
football-data.org,PPL,Primeira Liga,567270,2026-08-16T14:30:00Z,2,5529,CD Nacional,582,GD Estoril Praia
football-data.org,PPL,Primeira Liga,567267,2026-08-16T19:30:00Z,2,6618,Casa Pia AC,1903,Sport Lisboa e Benfica
football-data.org,PPL,Primeira Liga,567271,2026-08-16T19:30:00Z,2,5613,Sporting Clube de Braga,5533,Gil Vicente FC
football-data.org,PPL,Primeira Liga,567272,2026-08-17T19:15:00Z,2,712,FC Arouca,583,Moreirense FC
football-data.org,PPL,Primeira Liga,567275,2026-08-23T15:00:00Z,3,498,Sporting Clube de Portugal,7822,FC Alverca
football-data.org,PPL,Primeira Liga,567276,2026-08-23T15:00:00Z,3,9136,CF Estrela da Amadora,5613,Sporting Clube de Braga
football-data.org,PPL,Primeira Liga,567277,2026-08-23T15:00:00Z,3,5533,Gil Vicente FC,6618,Casa Pia AC
football-data.org,PPL,Primeira Liga,567278,2026-08-23T15:00:00Z,3,5543,Vitória SC,5529,CD Nacional
football-data.org,PPL,Primeira Liga,567279,2026-08-23T15:00:00Z,3,582,GD Estoril Praia,496,Rio Ave FC
football-data.org,PPL,Primeira Liga,567280,2026-08-23T15:00:00Z,3,503,FC Porto,712,FC Arouca
football-data.org,PPL,Primeira Liga,567281,2026-08-23T15:00:00Z,3,5530,CD Santa Clara,5531,FC Famalicão
football-data.org,PPL,Primeira Liga,567282,2026-08-23T15:00:00Z,3,583,Moreirense FC,1903,Sport Lisboa e Benfica
football-data.org,PPL,Primeira Liga,567283,2026-08-23T15:00:00Z,3,5575,CS Marítimo,5527,Académico de Viseu FC
football-data.org,PPL,Primeira Liga,567284,2026-08-30T15:00:00Z,4,5531,FC Famalicão,5533,Gil Vicente FC
football-data.org,PPL,Primeira Liga,567285,2026-08-30T15:00:00Z,4,7822,FC Alverca,5530,CD Santa Clara
football-data.org,PPL,Primeira Liga,567286,2026-08-30T15:00:00Z,4,5529,CD Nacional,9136,CF Estrela da Amadora
football-data.org,PPL,Primeira Liga,567287,2026-08-30T15:00:00Z,4,712,FC Arouca,5575,CS Marítimo
football-data.org,PPL,Primeira Liga,567288,2026-08-30T15:00:00Z,4,1903,Sport Lisboa e Benfica,582,GD Estoril Praia
football-data.org,PPL,Primeira Liga,567289,2026-08-30T15:00:00Z,4,5527,Académico de Viseu FC,503,FC Porto
football-data.org,PPL,Primeira Liga,567290,2026-08-30T15:00:00Z,4,6618,Casa Pia AC,583,Moreirense FC
football-data.org,PPL,Primeira Liga,567291,2026-08-30T15:00:00Z,4,496,Rio Ave FC,498,Sporting Clube de Portugal
football-data.org,PPL,Primeira Liga,567292,2026-08-30T15:00:00Z,4,5613,Sporting Clube de Braga,5543,Vitória SC
football-data.org,PPL,Primeira Liga,567296,2026-09-06T15:00:00Z,5,7822,FC Alverca,5613,Sporting Clube de Braga
football-data.org,PPL,Primeira Liga,567297,2026-09-06T15:00:00Z,5,9136,CF Estrela da Amadora,5531,FC Famalicão
football-data.org,PPL,Primeira Liga,567298,2026-09-06T15:00:00Z,5,498,Sporting Clube de Portugal,5529,CD Nacional
football-data.org,PPL,Primeira Liga,567299,2026-09-06T15:00:00Z,5,503,FC Porto,583,Moreirense FC
football-data.org,PPL,Primeira Liga,567300,2026-09-06T15:00:00Z,5,5530,CD Santa Clara,496,Rio Ave FC
football-data.org,PPL,Primeira Liga,567301,2026-09-06T15:00:00Z,5,5533,Gil Vicente FC,5527,Académico de Viseu FC
football-data.org,PPL,Primeira Liga,567293,2026-09-06T15:00:00Z,5,5575,CS Marítimo,1903,Sport Lisboa e Benfica
football-data.org,PPL,Primeira Liga,567294,2026-09-06T15:00:00Z,5,5543,Vitória SC,6618,Casa Pia AC
football-data.org,PPL,Primeira Liga,567295,2026-09-06T15:00:00Z,5,582,GD Estoril Praia,712,FC Arouca
football-data.org,PPL,Primeira Liga,567302,2026-09-13T15:00:00Z,6,583,Moreirense FC,5575,CS Marítimo
football-data.org,PPL,Primeira Liga,567303,2026-09-13T15:00:00Z,6,496,Rio Ave FC,9136,CF Estrela da Amadora
football-data.org,PPL,Primeira Liga,567304,2026-09-13T15:00:00Z,6,1903,Sport Lisboa e Benfica,5533,Gil Vicente FC
football-data.org,PPL,Primeira Liga,567305,2026-09-13T15:00:00Z,6,5531,FC Famalicão,498,Sporting Clube de Portugal
football-data.org,PPL,Primeira Liga,567306,2026-09-13T15:00:00Z,6,5529,CD Nacional,7822,FC Alverca
football-data.org,PPL,Primeira Liga,567307,2026-09-13T15:00:00Z,6,6618,Casa Pia AC,503,FC Porto
football-data.org,PPL,Primeira Liga,567308,2026-09-13T15:00:00Z,6,5613,Sporting Clube de Braga,582,GD Estoril Praia
football-data.org,PPL,Primeira Liga,567309,2026-09-13T15:00:00Z,6,5527,Académico de Viseu FC,5543,Vitória SC
football-data.org,PPL,Primeira Liga,567310,2026-09-13T15:00:00Z,6,712,FC Arouca,5530,CD Santa Clara
football-data.org,PPL,Primeira Liga,567311,2026-09-20T15:00:00Z,7,5529,CD Nacional,5531,FC Famalicão
football-data.org,PPL,Primeira Liga,567312,2026-09-20T15:00:00Z,7,5533,Gil Vicente FC,5575,CS Marítimo
football-data.org,PPL,Primeira Liga,567313,2026-09-20T15:00:00Z,7,498,Sporting Clube de Portugal,712,FC Arouca
football-data.org,PPL,Primeira Liga,567314,2026-09-20T15:00:00Z,7,5530,CD Santa Clara,5613,Sporting Clube de Braga
football-data.org,PPL,Primeira Liga,567315,2026-09-20T15:00:00Z,7,5543,Vitória SC,583,Moreirense FC
football-data.org,PPL,Primeira Liga,567316,2026-09-20T15:00:00Z,7,503,FC Porto,1903,Sport Lisboa e Benfica
football-data.org,PPL,Primeira Liga,567317,2026-09-20T15:00:00Z,7,9136,CF Estrela da Amadora,5527,Académico de Viseu FC
football-data.org,PPL,Primeira Liga,567318,2026-09-20T15:00:00Z,7,7822,FC Alverca,496,Rio Ave FC
football-data.org,PPL,Primeira Liga,567319,2026-09-20T15:00:00Z,7,582,GD Estoril Praia,6618,Casa Pia AC
football-data.org,PPL,Primeira Liga,567320,2026-10-11T15:00:00Z,8,1903,Sport Lisboa e Benfica,5543,Vitória SC
football-data.org,PPL,Primeira Liga,567321,2026-10-11T15:00:00Z,8,6618,Casa Pia AC,5530,CD Santa Clara
football-data.org,PPL,Primeira Liga,567322,2026-10-11T15:00:00Z,8,5527,Académico de Viseu FC,582,GD Estoril Praia
football-data.org,PPL,Primeira Liga,567323,2026-10-11T15:00:00Z,8,5575,CS Marítimo,503,FC Porto
football-data.org,PPL,Primeira Liga,567324,2026-10-11T15:00:00Z,8,712,FC Arouca,9136,CF Estrela da Amadora
football-data.org,PPL,Primeira Liga,567325,2026-10-11T15:00:00Z,8,5531,FC Famalicão,7822,FC Alverca
football-data.org,PPL,Primeira Liga,567326,2026-10-11T15:00:00Z,8,5613,Sporting Clube de Braga,498,Sporting Clube de Portugal
football-data.org,PPL,Primeira Liga,567327,2026-10-11T15:00:00Z,8,583,Moreirense FC,5533,Gil Vicente FC
football-data.org,PPL,Primeira Liga,567328,2026-10-11T15:00:00Z,8,496,Rio Ave FC,5529,CD Nacional
football-data.org,PPL,Primeira Liga,567329,2026-10-25T16:00:00Z,9,5543,Vitória SC,5575,CS Marítimo
football-data.org,PPL,Primeira Liga,567330,2026-10-25T16:00:00Z,9,496,Rio Ave FC,5531,FC Famalicão
football-data.org,PPL,Primeira Liga,567331,2026-10-25T16:00:00Z,9,5530,CD Santa Clara,1903,Sport Lisboa e Benfica
football-data.org,PPL,Primeira Liga,567332,2026-10-25T16:00:00Z,9,498,Sporting Clube de Portugal,5527,Académico de Viseu FC
football-data.org,PPL,Primeira Liga,567333,2026-10-25T16:00:00Z,9,7822,FC Alverca,712,FC Arouca
football-data.org,PPL,Primeira Liga,567334,2026-10-25T16:00:00Z,9,5529,CD Nacional,5613,Sporting Clube de Braga
football-data.org,PPL,Primeira Liga,567335,2026-10-25T16:00:00Z,9,5533,Gil Vicente FC,503,FC Porto
football-data.org,PPL,Primeira Liga,567336,2026-10-25T16:00:00Z,9,582,GD Estoril Praia,583,Moreirense FC
football-data.org,PPL,Primeira Liga,567337,2026-10-25T16:00:00Z,9,9136,CF Estrela da Amadora,6618,Casa Pia AC
football-data.org,PPL,Primeira Liga,567338,2026-11-01T16:00:00Z,10,503,FC Porto,582,GD Estoril Praia
football-data.org,PPL,Primeira Liga,567339,2026-11-01T16:00:00Z,10,5613,Sporting Clube de Braga,5531,FC Famalicão
football-data.org,PPL,Primeira Liga,567340,2026-11-01T16:00:00Z,10,5575,CS Marítimo,5530,CD Santa Clara
football-data.org,PPL,Primeira Liga,567341,2026-11-01T16:00:00Z,10,712,FC Arouca,5529,CD Nacional
football-data.org,PPL,Primeira Liga,567342,2026-11-01T16:00:00Z,10,1903,Sport Lisboa e Benfica,7822,FC Alverca
football-data.org,PPL,Primeira Liga,567343,2026-11-01T16:00:00Z,10,583,Moreirense FC,9136,CF Estrela da Amadora
football-data.org,PPL,Primeira Liga,567344,2026-11-01T16:00:00Z,10,6618,Casa Pia AC,498,Sporting Clube de Portugal
football-data.org,PPL,Primeira Liga,567345,2026-11-01T16:00:00Z,10,5527,Académico de Viseu FC,496,Rio Ave FC
football-data.org,PPL,Primeira Liga,567346,2026-11-01T16:00:00Z,10,5533,Gil Vicente FC,5543,Vitória SC
football-data.org,PPL,Primeira Liga,567347,2026-11-08T16:00:00Z,11,7822,FC Alverca,6618,Casa Pia AC
football-data.org,PPL,Primeira Liga,567348,2026-11-08T16:00:00Z,11,582,GD Estoril Praia,5575,CS Marítimo
football-data.org,PPL,Primeira Liga,567349,2026-11-08T16:00:00Z,11,5543,Vitória SC,503,FC Porto
football-data.org,PPL,Primeira Liga,567350,2026-11-08T16:00:00Z,11,498,Sporting Clube de Portugal,583,Moreirense FC
football-data.org,PPL,Primeira Liga,567351,2026-11-08T16:00:00Z,11,5530,CD Santa Clara,5533,Gil Vicente FC
football-data.org,PPL,Primeira Liga,567352,2026-11-08T16:00:00Z,11,5529,CD Nacional,5527,Académico de Viseu FC
football-data.org,PPL,Primeira Liga,567353,2026-11-08T16:00:00Z,11,5531,FC Famalicão,712,FC Arouca
football-data.org,PPL,Primeira Liga,567354,2026-11-08T16:00:00Z,11,496,Rio Ave FC,5613,Sporting Clube de Braga
football-data.org,PPL,Primeira Liga,567355,2026-11-08T16:00:00Z,11,9136,CF Estrela da Amadora,1903,Sport Lisboa e Benfica
football-data.org,PPL,Primeira Liga,567356,2026-11-29T16:00:00Z,12,5543,Vitória SC,9136,CF Estrela da Amadora
football-data.org,PPL,Primeira Liga,567357,2026-11-29T16:00:00Z,12,583,Moreirense FC,5530,CD Santa Clara
football-data.org,PPL,Primeira Liga,567358,2026-11-29T16:00:00Z,12,503,FC Porto,498,Sporting Clube de Portugal
football-data.org,PPL,Primeira Liga,567359,2026-11-29T16:00:00Z,12,6618,Casa Pia AC,5613,Sporting Clube de Braga
football-data.org,PPL,Primeira Liga,567360,2026-11-29T16:00:00Z,12,1903,Sport Lisboa e Benfica,5531,FC Famalicão
football-data.org,PPL,Primeira Liga,567361,2026-11-29T16:00:00Z,12,5575,CS Marítimo,5529,CD Nacional
football-data.org,PPL,Primeira Liga,567362,2026-11-29T16:00:00Z,12,712,FC Arouca,496,Rio Ave FC
football-data.org,PPL,Primeira Liga,567363,2026-11-29T16:00:00Z,12,5533,Gil Vicente FC,582,GD Estoril Praia
football-data.org,PPL,Primeira Liga,567364,2026-11-29T16:00:00Z,12,5527,Académico de Viseu FC,7822,FC Alverca
football-data.org,PPL,Primeira Liga,567365,2026-12-06T16:00:00Z,13,498,Sporting Clube de Portugal,5575,CS Marítimo
football-data.org,PPL,Primeira Liga,567366,2026-12-06T16:00:00Z,13,9136,CF Estrela da Amadora,5533,Gil Vicente FC
football-data.org,PPL,Primeira Liga,567367,2026-12-06T16:00:00Z,13,7822,FC Alverca,583,Moreirense FC
football-data.org,PPL,Primeira Liga,567368,2026-12-06T16:00:00Z,13,5530,CD Santa Clara,503,FC Porto
football-data.org,PPL,Primeira Liga,567369,2026-12-06T16:00:00Z,13,5529,CD Nacional,1903,Sport Lisboa e Benfica
football-data.org,PPL,Primeira Liga,567370,2026-12-06T16:00:00Z,13,582,GD Estoril Praia,5543,Vitória SC
football-data.org,PPL,Primeira Liga,567371,2026-12-06T16:00:00Z,13,496,Rio Ave FC,6618,Casa Pia AC
football-data.org,PPL,Primeira Liga,567372,2026-12-06T16:00:00Z,13,5613,Sporting Clube de Braga,712,FC Arouca
football-data.org,PPL,Primeira Liga,567373,2026-12-06T16:00:00Z,13,5531,FC Famalicão,5527,Académico de Viseu FC
football-data.org,PPL,Primeira Liga,567374,2026-12-13T16:00:00Z,14,5575,CS Marítimo,496,Rio Ave FC
football-data.org,PPL,Primeira Liga,567375,2026-12-13T16:00:00Z,14,5527,Académico de Viseu FC,712,FC Arouca
football-data.org,PPL,Primeira Liga,567376,2026-12-13T16:00:00Z,14,5533,Gil Vicente FC,498,Sporting Clube de Portugal
football-data.org,PPL,Primeira Liga,567377,2026-12-13T16:00:00Z,14,6618,Casa Pia AC,5529,CD Nacional
football-data.org,PPL,Primeira Liga,567378,2026-12-13T16:00:00Z,14,5543,Vitória SC,7822,FC Alverca
football-data.org,PPL,Primeira Liga,567379,2026-12-13T16:00:00Z,14,583,Moreirense FC,5531,FC Famalicão
football-data.org,PPL,Primeira Liga,567380,2026-12-13T16:00:00Z,14,582,GD Estoril Praia,5530,CD Santa Clara
football-data.org,PPL,Primeira Liga,567381,2026-12-13T16:00:00Z,14,1903,Sport Lisboa e Benfica,5613,Sporting Clube de Braga
football-data.org,PPL,Primeira Liga,567382,2026-12-13T16:00:00Z,14,503,FC Porto,9136,CF Estrela da Amadora
football-data.org,PPL,Primeira Liga,567383,2026-12-20T16:00:00Z,15,496,Rio Ave FC,1903,Sport Lisboa e Benfica
football-data.org,PPL,Primeira Liga,567384,2026-12-20T16:00:00Z,15,5613,Sporting Clube de Braga,5527,Académico de Viseu FC
football-data.org,PPL,Primeira Liga,567385,2026-12-20T16:00:00Z,15,498,Sporting Clube de Portugal,582,GD Estoril Praia
football-data.org,PPL,Primeira Liga,567386,2026-12-20T16:00:00Z,15,9136,CF Estrela da Amadora,5575,CS Marítimo
football-data.org,PPL,Primeira Liga,567387,2026-12-20T16:00:00Z,15,5531,FC Famalicão,503,FC Porto
football-data.org,PPL,Primeira Liga,567388,2026-12-20T16:00:00Z,15,7822,FC Alverca,5533,Gil Vicente FC
football-data.org,PPL,Primeira Liga,567389,2026-12-20T16:00:00Z,15,5530,CD Santa Clara,5543,Vitória SC
football-data.org,PPL,Primeira Liga,567390,2026-12-20T16:00:00Z,15,5529,CD Nacional,583,Moreirense FC
football-data.org,PPL,Primeira Liga,567391,2026-12-20T16:00:00Z,15,712,FC Arouca,6618,Casa Pia AC
football-data.org,PPL,Primeira Liga,567392,2026-12-27T16:00:00Z,16,5543,Vitória SC,496,Rio Ave FC
football-data.org,PPL,Primeira Liga,567393,2026-12-27T16:00:00Z,16,6618,Casa Pia AC,5531,FC Famalicão
football-data.org,PPL,Primeira Liga,567394,2026-12-27T16:00:00Z,16,503,FC Porto,5529,CD Nacional
football-data.org,PPL,Primeira Liga,567395,2026-12-27T16:00:00Z,16,5530,CD Santa Clara,9136,CF Estrela da Amadora
football-data.org,PPL,Primeira Liga,567396,2026-12-27T16:00:00Z,16,583,Moreirense FC,5527,Académico de Viseu FC
football-data.org,PPL,Primeira Liga,567397,2026-12-27T16:00:00Z,16,1903,Sport Lisboa e Benfica,498,Sporting Clube de Portugal
football-data.org,PPL,Primeira Liga,567398,2026-12-27T16:00:00Z,16,5533,Gil Vicente FC,712,FC Arouca
football-data.org,PPL,Primeira Liga,567399,2026-12-27T16:00:00Z,16,5575,CS Marítimo,5613,Sporting Clube de Braga
football-data.org,PPL,Primeira Liga,567400,2026-12-27T16:00:00Z,16,582,GD Estoril Praia,7822,FC Alverca
football-data.org,PPL,Primeira Liga,567401,2027-01-10T12:00:00Z,17,5613,Sporting Clube de Braga,503,FC Porto
football-data.org,PPL,Primeira Liga,567402,2027-01-10T12:00:00Z,17,9136,CF Estrela da Amadora,582,GD Estoril Praia
football-data.org,PPL,Primeira Liga,567403,2027-01-10T12:00:00Z,17,5531,FC Famalicão,5543,Vitória SC
football-data.org,PPL,Primeira Liga,567404,2027-01-10T12:00:00Z,17,5529,CD Nacional,5533,Gil Vicente FC
football-data.org,PPL,Primeira Liga,567405,2027-01-10T12:00:00Z,17,496,Rio Ave FC,583,Moreirense FC
football-data.org,PPL,Primeira Liga,567406,2027-01-10T12:00:00Z,17,712,FC Arouca,1903,Sport Lisboa e Benfica
football-data.org,PPL,Primeira Liga,567407,2027-01-10T12:00:00Z,17,7822,FC Alverca,5575,CS Marítimo
football-data.org,PPL,Primeira Liga,567408,2027-01-10T12:00:00Z,17,5527,Académico de Viseu FC,6618,Casa Pia AC
football-data.org,PPL,Primeira Liga,567409,2027-01-10T12:00:00Z,17,498,Sporting Clube de Portugal,5530,CD Santa Clara
football-data.org,PPL,Primeira Liga,567410,2027-01-17T12:00:00Z,18,5531,FC Famalicão,582,GD Estoril Praia
football-data.org,PPL,Primeira Liga,567411,2027-01-17T12:00:00Z,18,498,Sporting Clube de Portugal,9136,CF Estrela da Amadora
football-data.org,PPL,Primeira Liga,567412,2027-01-17T12:00:00Z,18,5613,Sporting Clube de Braga,583,Moreirense FC
football-data.org,PPL,Primeira Liga,567413,2027-01-17T12:00:00Z,18,496,Rio Ave FC,5533,Gil Vicente FC
football-data.org,PPL,Primeira Liga,567414,2027-01-17T12:00:00Z,18,6618,Casa Pia AC,5575,CS Marítimo
football-data.org,PPL,Primeira Liga,567415,2027-01-17T12:00:00Z,18,5529,CD Nacional,5530,CD Santa Clara
football-data.org,PPL,Primeira Liga,567416,2027-01-17T12:00:00Z,18,7822,FC Alverca,503,FC Porto
football-data.org,PPL,Primeira Liga,567417,2027-01-17T12:00:00Z,18,5527,Académico de Viseu FC,1903,Sport Lisboa e Benfica
football-data.org,PPL,Primeira Liga,567418,2027-01-17T12:00:00Z,18,712,FC Arouca,5543,Vitória SC
football-data.org,PPL,Primeira Liga,567419,2027-01-24T12:00:00Z,19,9136,CF Estrela da Amadora,7822,FC Alverca
football-data.org,PPL,Primeira Liga,567420,2027-01-24T12:00:00Z,19,583,Moreirense FC,712,FC Arouca
football-data.org,PPL,Primeira Liga,567421,2027-01-24T12:00:00Z,19,582,GD Estoril Praia,5529,CD Nacional
football-data.org,PPL,Primeira Liga,567422,2027-01-24T12:00:00Z,19,503,FC Porto,496,Rio Ave FC
football-data.org,PPL,Primeira Liga,567423,2027-01-24T12:00:00Z,19,1903,Sport Lisboa e Benfica,6618,Casa Pia AC
football-data.org,PPL,Primeira Liga,567424,2027-01-24T12:00:00Z,19,5530,CD Santa Clara,5527,Académico de Viseu FC
football-data.org,PPL,Primeira Liga,567425,2027-01-24T12:00:00Z,19,5575,CS Marítimo,5531,FC Famalicão
football-data.org,PPL,Primeira Liga,567426,2027-01-24T12:00:00Z,19,5533,Gil Vicente FC,5613,Sporting Clube de Braga
football-data.org,PPL,Primeira Liga,567427,2027-01-24T12:00:00Z,19,5543,Vitória SC,498,Sporting Clube de Portugal
football-data.org,PPL,Primeira Liga,567428,2027-01-31T12:00:00Z,20,6618,Casa Pia AC,5533,Gil Vicente FC
football-data.org,PPL,Primeira Liga,567429,2027-01-31T12:00:00Z,20,5529,CD Nacional,5543,Vitória SC
football-data.org,PPL,Primeira Liga,567430,2027-01-31T12:00:00Z,20,1903,Sport Lisboa e Benfica,583,Moreirense FC
football-data.org,PPL,Primeira Liga,567431,2027-01-31T12:00:00Z,20,5613,Sporting Clube de Braga,9136,CF Estrela da Amadora
football-data.org,PPL,Primeira Liga,567432,2027-01-31T12:00:00Z,20,712,FC Arouca,503,FC Porto
football-data.org,PPL,Primeira Liga,567433,2027-01-31T12:00:00Z,20,5531,FC Famalicão,5530,CD Santa Clara
football-data.org,PPL,Primeira Liga,567434,2027-01-31T12:00:00Z,20,5527,Académico de Viseu FC,5575,CS Marítimo
football-data.org,PPL,Primeira Liga,567435,2027-01-31T12:00:00Z,20,496,Rio Ave FC,582,GD Estoril Praia
football-data.org,PPL,Primeira Liga,567436,2027-01-31T12:00:00Z,20,7822,FC Alverca,498,Sporting Clube de Portugal
football-data.org,PPL,Primeira Liga,567437,2027-02-07T12:00:00Z,21,5575,CS Marítimo,712,FC Arouca
football-data.org,PPL,Primeira Liga,567438,2027-02-07T12:00:00Z,21,5530,CD Santa Clara,7822,FC Alverca
football-data.org,PPL,Primeira Liga,567439,2027-02-07T12:00:00Z,21,582,GD Estoril Praia,1903,Sport Lisboa e Benfica
football-data.org,PPL,Primeira Liga,567440,2027-02-07T12:00:00Z,21,498,Sporting Clube de Portugal,496,Rio Ave FC
football-data.org,PPL,Primeira Liga,567441,2027-02-07T12:00:00Z,21,503,FC Porto,5527,Académico de Viseu FC
football-data.org,PPL,Primeira Liga,567442,2027-02-07T12:00:00Z,21,9136,CF Estrela da Amadora,5529,CD Nacional
football-data.org,PPL,Primeira Liga,567443,2027-02-07T12:00:00Z,21,5543,Vitória SC,5613,Sporting Clube de Braga
football-data.org,PPL,Primeira Liga,567444,2027-02-07T12:00:00Z,21,5533,Gil Vicente FC,5531,FC Famalicão
football-data.org,PPL,Primeira Liga,567445,2027-02-07T12:00:00Z,21,583,Moreirense FC,6618,Casa Pia AC
football-data.org,PPL,Primeira Liga,567446,2027-02-14T12:00:00Z,22,712,FC Arouca,582,GD Estoril Praia
football-data.org,PPL,Primeira Liga,567447,2027-02-14T12:00:00Z,22,5529,CD Nacional,498,Sporting Clube de Portugal
football-data.org,PPL,Primeira Liga,567448,2027-02-14T12:00:00Z,22,583,Moreirense FC,503,FC Porto
football-data.org,PPL,Primeira Liga,567449,2027-02-14T12:00:00Z,22,5613,Sporting Clube de Braga,7822,FC Alverca
football-data.org,PPL,Primeira Liga,567450,2027-02-14T12:00:00Z,22,5527,Académico de Viseu FC,5533,Gil Vicente FC
football-data.org,PPL,Primeira Liga,567451,2027-02-14T12:00:00Z,22,1903,Sport Lisboa e Benfica,5575,CS Marítimo
football-data.org,PPL,Primeira Liga,567452,2027-02-14T12:00:00Z,22,6618,Casa Pia AC,5543,Vitória SC
football-data.org,PPL,Primeira Liga,567453,2027-02-14T12:00:00Z,22,5531,FC Famalicão,9136,CF Estrela da Amadora
football-data.org,PPL,Primeira Liga,567454,2027-02-14T12:00:00Z,22,496,Rio Ave FC,5530,CD Santa Clara
football-data.org,PPL,Primeira Liga,567455,2027-02-21T12:00:00Z,23,5543,Vitória SC,5527,Académico de Viseu FC
football-data.org,PPL,Primeira Liga,567456,2027-02-21T12:00:00Z,23,5575,CS Marítimo,583,Moreirense FC
football-data.org,PPL,Primeira Liga,567457,2027-02-21T12:00:00Z,23,582,GD Estoril Praia,5613,Sporting Clube de Braga
football-data.org,PPL,Primeira Liga,567458,2027-02-21T12:00:00Z,23,5533,Gil Vicente FC,1903,Sport Lisboa e Benfica
football-data.org,PPL,Primeira Liga,567459,2027-02-21T12:00:00Z,23,503,FC Porto,6618,Casa Pia AC
football-data.org,PPL,Primeira Liga,567460,2027-02-21T12:00:00Z,23,498,Sporting Clube de Portugal,5531,FC Famalicão
football-data.org,PPL,Primeira Liga,567461,2027-02-21T12:00:00Z,23,5530,CD Santa Clara,712,FC Arouca
football-data.org,PPL,Primeira Liga,567462,2027-02-21T12:00:00Z,23,9136,CF Estrela da Amadora,496,Rio Ave FC
football-data.org,PPL,Primeira Liga,567463,2027-02-21T12:00:00Z,23,7822,FC Alverca,5529,CD Nacional
football-data.org,PPL,Primeira Liga,567464,2027-02-28T12:00:00Z,24,496,Rio Ave FC,7822,FC Alverca
football-data.org,PPL,Primeira Liga,567465,2027-02-28T12:00:00Z,24,5575,CS Marítimo,5533,Gil Vicente FC
football-data.org,PPL,Primeira Liga,567466,2027-02-28T12:00:00Z,24,6618,Casa Pia AC,582,GD Estoril Praia
football-data.org,PPL,Primeira Liga,567467,2027-02-28T12:00:00Z,24,583,Moreirense FC,5543,Vitória SC
football-data.org,PPL,Primeira Liga,567468,2027-02-28T12:00:00Z,24,1903,Sport Lisboa e Benfica,503,FC Porto
football-data.org,PPL,Primeira Liga,567469,2027-02-28T12:00:00Z,24,5531,FC Famalicão,5529,CD Nacional
football-data.org,PPL,Primeira Liga,567470,2027-02-28T12:00:00Z,24,5613,Sporting Clube de Braga,5530,CD Santa Clara
football-data.org,PPL,Primeira Liga,567471,2027-02-28T12:00:00Z,24,712,FC Arouca,498,Sporting Clube de Portugal
football-data.org,PPL,Primeira Liga,567472,2027-02-28T12:00:00Z,24,5527,Académico de Viseu FC,9136,CF Estrela da Amadora
football-data.org,PPL,Primeira Liga,567473,2027-03-07T12:00:00Z,25,5533,Gil Vicente FC,583,Moreirense FC
football-data.org,PPL,Primeira Liga,567474,2027-03-07T12:00:00Z,25,503,FC Porto,5575,CS Marítimo
football-data.org,PPL,Primeira Liga,567475,2027-03-07T12:00:00Z,25,7822,FC Alverca,5531,FC Famalicão
football-data.org,PPL,Primeira Liga,567476,2027-03-07T12:00:00Z,25,5530,CD Santa Clara,6618,Casa Pia AC
football-data.org,PPL,Primeira Liga,567477,2027-03-07T12:00:00Z,25,498,Sporting Clube de Portugal,5613,Sporting Clube de Braga
football-data.org,PPL,Primeira Liga,567478,2027-03-07T12:00:00Z,25,9136,CF Estrela da Amadora,712,FC Arouca
football-data.org,PPL,Primeira Liga,567479,2027-03-07T12:00:00Z,25,5543,Vitória SC,1903,Sport Lisboa e Benfica
football-data.org,PPL,Primeira Liga,567480,2027-03-07T12:00:00Z,25,5529,CD Nacional,496,Rio Ave FC
football-data.org,PPL,Primeira Liga,567481,2027-03-07T12:00:00Z,25,582,GD Estoril Praia,5527,Académico de Viseu FC
football-data.org,PPL,Primeira Liga,567482,2027-03-14T12:00:00Z,26,5575,CS Marítimo,5543,Vitória SC
football-data.org,PPL,Primeira Liga,567483,2027-03-14T12:00:00Z,26,1903,Sport Lisboa e Benfica,5530,CD Santa Clara
football-data.org,PPL,Primeira Liga,567484,2027-03-14T12:00:00Z,26,712,FC Arouca,7822,FC Alverca
football-data.org,PPL,Primeira Liga,567485,2027-03-14T12:00:00Z,26,5527,Académico de Viseu FC,498,Sporting Clube de Portugal
football-data.org,PPL,Primeira Liga,567486,2027-03-14T12:00:00Z,26,503,FC Porto,5533,Gil Vicente FC
football-data.org,PPL,Primeira Liga,567487,2027-03-14T12:00:00Z,26,6618,Casa Pia AC,9136,CF Estrela da Amadora
football-data.org,PPL,Primeira Liga,567488,2027-03-14T12:00:00Z,26,5613,Sporting Clube de Braga,5529,CD Nacional
football-data.org,PPL,Primeira Liga,567489,2027-03-14T12:00:00Z,26,5531,FC Famalicão,496,Rio Ave FC
football-data.org,PPL,Primeira Liga,567490,2027-03-14T12:00:00Z,26,583,Moreirense FC,582,GD Estoril Praia
football-data.org,PPL,Primeira Liga,567491,2027-03-21T12:00:00Z,27,5529,CD Nacional,712,FC Arouca
football-data.org,PPL,Primeira Liga,567492,2027-03-21T12:00:00Z,27,5543,Vitória SC,5533,Gil Vicente FC
football-data.org,PPL,Primeira Liga,567493,2027-03-21T12:00:00Z,27,9136,CF Estrela da Amadora,583,Moreirense FC
football-data.org,PPL,Primeira Liga,567494,2027-03-21T12:00:00Z,27,7822,FC Alverca,1903,Sport Lisboa e Benfica
football-data.org,PPL,Primeira Liga,567495,2027-03-21T12:00:00Z,27,582,GD Estoril Praia,503,FC Porto
football-data.org,PPL,Primeira Liga,567496,2027-03-21T12:00:00Z,27,5530,CD Santa Clara,5575,CS Marítimo
football-data.org,PPL,Primeira Liga,567497,2027-03-21T12:00:00Z,27,498,Sporting Clube de Portugal,6618,Casa Pia AC
football-data.org,PPL,Primeira Liga,567498,2027-03-21T12:00:00Z,27,496,Rio Ave FC,5527,Académico de Viseu FC
football-data.org,PPL,Primeira Liga,567499,2027-03-21T12:00:00Z,27,5531,FC Famalicão,5613,Sporting Clube de Braga
football-data.org,PPL,Primeira Liga,567500,2027-04-04T12:00:00Z,28,712,FC Arouca,5531,FC Famalicão
football-data.org,PPL,Primeira Liga,567501,2027-04-04T12:00:00Z,28,5533,Gil Vicente FC,5530,CD Santa Clara
football-data.org,PPL,Primeira Liga,567502,2027-04-04T12:00:00Z,28,6618,Casa Pia AC,7822,FC Alverca
football-data.org,PPL,Primeira Liga,567503,2027-04-04T12:00:00Z,28,583,Moreirense FC,498,Sporting Clube de Portugal
football-data.org,PPL,Primeira Liga,567504,2027-04-04T12:00:00Z,28,5527,Académico de Viseu FC,5529,CD Nacional
football-data.org,PPL,Primeira Liga,567505,2027-04-04T12:00:00Z,28,5613,Sporting Clube de Braga,496,Rio Ave FC
football-data.org,PPL,Primeira Liga,567506,2027-04-04T12:00:00Z,28,5575,CS Marítimo,582,GD Estoril Praia
football-data.org,PPL,Primeira Liga,567507,2027-04-04T12:00:00Z,28,503,FC Porto,5543,Vitória SC
football-data.org,PPL,Primeira Liga,567508,2027-04-04T12:00:00Z,28,1903,Sport Lisboa e Benfica,9136,CF Estrela da Amadora
football-data.org,PPL,Primeira Liga,567509,2027-04-11T12:00:00Z,29,498,Sporting Clube de Portugal,503,FC Porto
football-data.org,PPL,Primeira Liga,567510,2027-04-11T12:00:00Z,29,5531,FC Famalicão,1903,Sport Lisboa e Benfica
football-data.org,PPL,Primeira Liga,567511,2027-04-11T12:00:00Z,29,5529,CD Nacional,5575,CS Marítimo
football-data.org,PPL,Primeira Liga,567512,2027-04-11T12:00:00Z,29,5530,CD Santa Clara,583,Moreirense FC
football-data.org,PPL,Primeira Liga,567513,2027-04-11T12:00:00Z,29,496,Rio Ave FC,712,FC Arouca
football-data.org,PPL,Primeira Liga,567514,2027-04-11T12:00:00Z,29,5613,Sporting Clube de Braga,6618,Casa Pia AC
football-data.org,PPL,Primeira Liga,567515,2027-04-11T12:00:00Z,29,7822,FC Alverca,5527,Académico de Viseu FC
football-data.org,PPL,Primeira Liga,567516,2027-04-11T12:00:00Z,29,9136,CF Estrela da Amadora,5543,Vitória SC
football-data.org,PPL,Primeira Liga,567517,2027-04-11T12:00:00Z,29,582,GD Estoril Praia,5533,Gil Vicente FC
football-data.org,PPL,Primeira Liga,567518,2027-04-18T12:00:00Z,30,1903,Sport Lisboa e Benfica,5529,CD Nacional
football-data.org,PPL,Primeira Liga,567519,2027-04-18T12:00:00Z,30,503,FC Porto,5530,CD Santa Clara
football-data.org,PPL,Primeira Liga,567520,2027-04-18T12:00:00Z,30,5575,CS Marítimo,498,Sporting Clube de Portugal
football-data.org,PPL,Primeira Liga,567521,2027-04-18T12:00:00Z,30,583,Moreirense FC,7822,FC Alverca
football-data.org,PPL,Primeira Liga,567522,2027-04-18T12:00:00Z,30,5527,Académico de Viseu FC,5531,FC Famalicão
football-data.org,PPL,Primeira Liga,567523,2027-04-18T12:00:00Z,30,5543,Vitória SC,582,GD Estoril Praia
football-data.org,PPL,Primeira Liga,567524,2027-04-18T12:00:00Z,30,6618,Casa Pia AC,496,Rio Ave FC
football-data.org,PPL,Primeira Liga,567525,2027-04-18T12:00:00Z,30,5533,Gil Vicente FC,9136,CF Estrela da Amadora
football-data.org,PPL,Primeira Liga,567526,2027-04-18T12:00:00Z,30,712,FC Arouca,5613,Sporting Clube de Braga
football-data.org,PPL,Primeira Liga,567527,2027-04-25T12:00:00Z,31,7822,FC Alverca,5543,Vitória SC
football-data.org,PPL,Primeira Liga,567528,2027-04-25T12:00:00Z,31,496,Rio Ave FC,5575,CS Marítimo
football-data.org,PPL,Primeira Liga,567529,2027-04-25T12:00:00Z,31,5529,CD Nacional,6618,Casa Pia AC
football-data.org,PPL,Primeira Liga,567530,2027-04-25T12:00:00Z,31,9136,CF Estrela da Amadora,503,FC Porto
football-data.org,PPL,Primeira Liga,567531,2027-04-25T12:00:00Z,31,498,Sporting Clube de Portugal,5533,Gil Vicente FC
football-data.org,PPL,Primeira Liga,567532,2027-04-25T12:00:00Z,31,5613,Sporting Clube de Braga,1903,Sport Lisboa e Benfica
football-data.org,PPL,Primeira Liga,567533,2027-04-25T12:00:00Z,31,5530,CD Santa Clara,582,GD Estoril Praia
football-data.org,PPL,Primeira Liga,567534,2027-04-25T12:00:00Z,31,712,FC Arouca,5527,Académico de Viseu FC
football-data.org,PPL,Primeira Liga,567535,2027-04-25T12:00:00Z,31,5531,FC Famalicão,583,Moreirense FC
football-data.org,PPL,Primeira Liga,567536,2027-05-02T12:00:00Z,32,5533,Gil Vicente FC,7822,FC Alverca
football-data.org,PPL,Primeira Liga,567537,2027-05-02T12:00:00Z,32,5543,Vitória SC,5530,CD Santa Clara
football-data.org,PPL,Primeira Liga,567538,2027-05-02T12:00:00Z,32,582,GD Estoril Praia,498,Sporting Clube de Portugal
football-data.org,PPL,Primeira Liga,567539,2027-05-02T12:00:00Z,32,503,FC Porto,5531,FC Famalicão
football-data.org,PPL,Primeira Liga,567540,2027-05-02T12:00:00Z,32,583,Moreirense FC,5529,CD Nacional
football-data.org,PPL,Primeira Liga,567541,2027-05-02T12:00:00Z,32,6618,Casa Pia AC,712,FC Arouca
football-data.org,PPL,Primeira Liga,567542,2027-05-02T12:00:00Z,32,5527,Académico de Viseu FC,5613,Sporting Clube de Braga
football-data.org,PPL,Primeira Liga,567543,2027-05-02T12:00:00Z,32,5575,CS Marítimo,9136,CF Estrela da Amadora
football-data.org,PPL,Primeira Liga,567544,2027-05-02T12:00:00Z,32,1903,Sport Lisboa e Benfica,496,Rio Ave FC
football-data.org,PPL,Primeira Liga,567552,2027-05-09T12:00:00Z,33,498,Sporting Clube de Portugal,1903,Sport Lisboa e Benfica
football-data.org,PPL,Primeira Liga,567553,2027-05-09T12:00:00Z,33,9136,CF Estrela da Amadora,5530,CD Santa Clara
football-data.org,PPL,Primeira Liga,567545,2027-05-09T12:00:00Z,33,496,Rio Ave FC,5543,Vitória SC
football-data.org,PPL,Primeira Liga,567546,2027-05-09T12:00:00Z,33,5527,Académico de Viseu FC,583,Moreirense FC
football-data.org,PPL,Primeira Liga,567547,2027-05-09T12:00:00Z,33,5531,FC Famalicão,6618,Casa Pia AC
football-data.org,PPL,Primeira Liga,567548,2027-05-09T12:00:00Z,33,5613,Sporting Clube de Braga,5575,CS Marítimo
football-data.org,PPL,Primeira Liga,567549,2027-05-09T12:00:00Z,33,7822,FC Alverca,582,GD Estoril Praia
football-data.org,PPL,Primeira Liga,567550,2027-05-09T12:00:00Z,33,712,FC Arouca,5533,Gil Vicente FC
football-data.org,PPL,Primeira Liga,567551,2027-05-09T12:00:00Z,33,5529,CD Nacional,503,FC Porto
football-data.org,PPL,Primeira Liga,567554,2027-05-16T12:00:00Z,34,5575,CS Marítimo,7822,FC Alverca
football-data.org,PPL,Primeira Liga,567555,2027-05-16T12:00:00Z,34,5533,Gil Vicente FC,5529,CD Nacional
football-data.org,PPL,Primeira Liga,567556,2027-05-16T12:00:00Z,34,1903,Sport Lisboa e Benfica,712,FC Arouca
football-data.org,PPL,Primeira Liga,567557,2027-05-16T12:00:00Z,34,582,GD Estoril Praia,9136,CF Estrela da Amadora
football-data.org,PPL,Primeira Liga,567558,2027-05-16T12:00:00Z,34,503,FC Porto,5613,Sporting Clube de Braga
football-data.org,PPL,Primeira Liga,567559,2027-05-16T12:00:00Z,34,6618,Casa Pia AC,5527,Académico de Viseu FC
football-data.org,PPL,Primeira Liga,567560,2027-05-16T12:00:00Z,34,5543,Vitória SC,5531,FC Famalicão
football-data.org,PPL,Primeira Liga,567561,2027-05-16T12:00:00Z,34,5530,CD Santa Clara,498,Sporting Clube de Portugal
football-data.org,PPL,Primeira Liga,567562,2027-05-16T12:00:00Z,34,583,Moreirense FC,496,Rio Ave FC
football-data.org,ELC,Championship,561761,2026-08-14T19:00:00Z,1,76,Wolverhampton Wanderers FC,59,Blackburn Rovers FC
football-data.org,ELC,Championship,561762,2026-08-15T11:30:00Z,1,60,Bolton Wanderers FC,1081,Preston North End FC
football-data.org,ELC,Championship,561763,2026-08-15T14:00:00Z,1,68,Norwich City FC,74,West Bromwich Albion FC
football-data.org,ELC,Championship,561764,2026-08-15T14:00:00Z,1,387,Bristol City FC,384,Millwall FC
football-data.org,ELC,Championship,561765,2026-08-15T14:00:00Z,1,343,Middlesbrough FC,1126,Lincoln City FC
football-data.org,ELC,Championship,561766,2026-08-15T14:00:00Z,1,70,Stoke City FC,72,Swansea City AFC
football-data.org,ELC,Championship,561767,2026-08-15T14:00:00Z,1,348,Charlton Athletic FC,342,Derby County FC
football-data.org,ELC,Championship,561768,2026-08-15T14:00:00Z,1,325,Portsmouth FC,69,Queens Park Rangers FC
football-data.org,ELC,Championship,561769,2026-08-15T16:30:00Z,1,356,Sheffield United FC,332,Birmingham City FC
football-data.org,ELC,Championship,561770,2026-08-16T12:30:00Z,1,346,Watford FC,340,Southampton FC
football-data.org,ELC,Championship,561771,2026-08-16T15:00:00Z,1,328,Burnley FC,563,West Ham United FC
football-data.org,ELC,Championship,561772,2026-08-17T19:00:00Z,1,715,Cardiff City FC,404,Wrexham AFC
football-data.org,ELC,Championship,561773,2026-08-22T11:30:00Z,2,332,Birmingham City FC,387,Bristol City FC
football-data.org,ELC,Championship,561781,2026-08-22T11:30:00Z,2,1126,Lincoln City FC,325,Portsmouth FC
football-data.org,ELC,Championship,561784,2026-08-22T11:30:00Z,2,384,Millwall FC,68,Norwich City FC
football-data.org,ELC,Championship,561774,2026-08-22T14:00:00Z,2,72,Swansea City AFC,356,Sheffield United FC
football-data.org,ELC,Championship,561775,2026-08-22T14:00:00Z,2,563,West Ham United FC,348,Charlton Athletic FC
football-data.org,ELC,Championship,561777,2026-08-22T14:00:00Z,2,342,Derby County FC,715,Cardiff City FC
football-data.org,ELC,Championship,561778,2026-08-22T14:00:00Z,2,1081,Preston North End FC,76,Wolverhampton Wanderers FC
football-data.org,ELC,Championship,561779,2026-08-22T14:00:00Z,2,404,Wrexham AFC,346,Watford FC
football-data.org,ELC,Championship,561780,2026-08-22T14:00:00Z,2,59,Blackburn Rovers FC,343,Middlesbrough FC
football-data.org,ELC,Championship,561782,2026-08-22T14:00:00Z,2,340,Southampton FC,70,Stoke City FC
football-data.org,ELC,Championship,561783,2026-08-22T14:00:00Z,2,69,Queens Park Rangers FC,60,Bolton Wanderers FC
football-data.org,ELC,Championship,561776,2026-08-23T11:00:00Z,2,74,West Bromwich Albion FC,328,Burnley FC
football-data.org,ELC,Championship,561796,2026-08-28T19:00:00Z,3,404,Wrexham AFC,332,Birmingham City FC
football-data.org,ELC,Championship,561789,2026-08-29T11:30:00Z,3,76,Wolverhampton Wanderers FC,70,Stoke City FC
football-data.org,ELC,Championship,561791,2026-08-29T11:30:00Z,3,342,Derby County FC,72,Swansea City AFC
football-data.org,ELC,Championship,561794,2026-08-29T11:30:00Z,3,343,Middlesbrough FC,74,West Bromwich Albion FC
football-data.org,ELC,Championship,561785,2026-08-29T14:00:00Z,3,68,Norwich City FC,328,Burnley FC
football-data.org,ELC,Championship,561786,2026-08-29T14:00:00Z,3,60,Bolton Wanderers FC,1126,Lincoln City FC
football-data.org,ELC,Championship,561787,2026-08-29T14:00:00Z,3,387,Bristol City FC,325,Portsmouth FC
football-data.org,ELC,Championship,561788,2026-08-29T14:00:00Z,3,340,Southampton FC,384,Millwall FC
football-data.org,ELC,Championship,561790,2026-08-29T14:00:00Z,3,348,Charlton Athletic FC,1081,Preston North End FC
football-data.org,ELC,Championship,561792,2026-08-29T14:00:00Z,3,59,Blackburn Rovers FC,69,Queens Park Rangers FC
football-data.org,ELC,Championship,561793,2026-08-29T14:00:00Z,3,715,Cardiff City FC,356,Sheffield United FC
football-data.org,ELC,Championship,561795,2026-08-29T14:00:00Z,3,346,Watford FC,563,West Ham United FC
football-data.org,ELC,Championship,561798,2026-09-01T18:45:00Z,4,1081,Preston North End FC,387,Bristol City FC
football-data.org,ELC,Championship,561799,2026-09-01T18:45:00Z,4,563,West Ham United FC,76,Wolverhampton Wanderers FC
football-data.org,ELC,Championship,561800,2026-09-01T18:45:00Z,4,1126,Lincoln City FC,59,Blackburn Rovers FC
football-data.org,ELC,Championship,561801,2026-09-01T18:45:00Z,4,356,Sheffield United FC,60,Bolton Wanderers FC
football-data.org,ELC,Championship,561802,2026-09-01T18:45:00Z,4,325,Portsmouth FC,342,Derby County FC
football-data.org,ELC,Championship,561803,2026-09-01T18:45:00Z,4,332,Birmingham City FC,340,Southampton FC
football-data.org,ELC,Championship,561804,2026-09-01T18:45:00Z,4,72,Swansea City AFC,346,Watford FC
football-data.org,ELC,Championship,561797,2026-09-01T19:00:00Z,4,70,Stoke City FC,68,Norwich City FC
football-data.org,ELC,Championship,561806,2026-09-02T18:45:00Z,4,384,Millwall FC,404,Wrexham AFC
football-data.org,ELC,Championship,561807,2026-09-02T18:45:00Z,4,69,Queens Park Rangers FC,715,Cardiff City FC
football-data.org,ELC,Championship,561808,2026-09-02T18:45:00Z,4,74,West Bromwich Albion FC,348,Charlton Athletic FC
football-data.org,ELC,Championship,561805,2026-09-02T19:00:00Z,4,328,Burnley FC,343,Middlesbrough FC
football-data.org,ELC,Championship,561813,2026-09-05T11:30:00Z,5,1081,Preston North End FC,59,Blackburn Rovers FC
football-data.org,ELC,Championship,561815,2026-09-05T11:30:00Z,5,70,Stoke City FC,348,Charlton Athletic FC
football-data.org,ELC,Championship,561820,2026-09-05T11:30:00Z,5,1126,Lincoln City FC,340,Southampton FC
football-data.org,ELC,Championship,561809,2026-09-05T14:00:00Z,5,69,Queens Park Rangers FC,343,Middlesbrough FC
football-data.org,ELC,Championship,561810,2026-09-05T14:00:00Z,5,356,Sheffield United FC,68,Norwich City FC
football-data.org,ELC,Championship,561812,2026-09-05T14:00:00Z,5,325,Portsmouth FC,715,Cardiff City FC
football-data.org,ELC,Championship,561814,2026-09-05T14:00:00Z,5,74,West Bromwich Albion FC,346,Watford FC
football-data.org,ELC,Championship,561816,2026-09-05T14:00:00Z,5,563,West Ham United FC,342,Derby County FC
football-data.org,ELC,Championship,561817,2026-09-05T14:00:00Z,5,328,Burnley FC,387,Bristol City FC
football-data.org,ELC,Championship,561818,2026-09-05T14:00:00Z,5,384,Millwall FC,60,Bolton Wanderers FC
football-data.org,ELC,Championship,561811,2026-09-05T19:00:00Z,5,72,Swansea City AFC,404,Wrexham AFC
football-data.org,ELC,Championship,561819,2026-09-06T11:00:00Z,5,332,Birmingham City FC,76,Wolverhampton Wanderers FC
football-data.org,ELC,Championship,561821,2026-09-08T18:45:00Z,6,59,Blackburn Rovers FC,356,Sheffield United FC
football-data.org,ELC,Championship,561822,2026-09-08T18:45:00Z,6,340,Southampton FC,72,Swansea City AFC
football-data.org,ELC,Championship,561823,2026-09-08T18:45:00Z,6,346,Watford FC,1081,Preston North End FC
football-data.org,ELC,Championship,561824,2026-09-08T18:45:00Z,6,715,Cardiff City FC,70,Stoke City FC
football-data.org,ELC,Championship,561825,2026-09-08T18:45:00Z,6,343,Middlesbrough FC,384,Millwall FC
football-data.org,ELC,Championship,561828,2026-09-08T18:45:00Z,6,387,Bristol City FC,1126,Lincoln City FC
football-data.org,ELC,Championship,561830,2026-09-08T18:45:00Z,6,404,Wrexham AFC,328,Burnley FC
football-data.org,ELC,Championship,561827,2026-09-08T19:00:00Z,6,60,Bolton Wanderers FC,563,West Ham United FC
football-data.org,ELC,Championship,561826,2026-09-09T18:45:00Z,6,76,Wolverhampton Wanderers FC,325,Portsmouth FC
football-data.org,ELC,Championship,561829,2026-09-09T18:45:00Z,6,342,Derby County FC,74,West Bromwich Albion FC
football-data.org,ELC,Championship,561832,2026-09-09T18:45:00Z,6,68,Norwich City FC,332,Birmingham City FC
football-data.org,ELC,Championship,561831,2026-09-09T19:00:00Z,6,348,Charlton Athletic FC,69,Queens Park Rangers FC
football-data.org,ELC,Championship,561842,2026-09-11T19:00:00Z,7,563,West Ham United FC,404,Wrexham AFC
football-data.org,ELC,Championship,561835,2026-09-12T11:30:00Z,7,342,Derby County FC,332,Birmingham City FC
football-data.org,ELC,Championship,561837,2026-09-12T11:30:00Z,7,60,Bolton Wanderers FC,715,Cardiff City FC
football-data.org,ELC,Championship,561839,2026-09-12T11:30:00Z,7,74,West Bromwich Albion FC,69,Queens Park Rangers FC
football-data.org,ELC,Championship,561833,2026-09-12T14:00:00Z,7,340,Southampton FC,387,Bristol City FC
football-data.org,ELC,Championship,561834,2026-09-12T14:00:00Z,7,1081,Preston North End FC,1126,Lincoln City FC
football-data.org,ELC,Championship,561836,2026-09-12T14:00:00Z,7,59,Blackburn Rovers FC,384,Millwall FC
football-data.org,ELC,Championship,561838,2026-09-12T14:00:00Z,7,348,Charlton Athletic FC,325,Portsmouth FC
football-data.org,ELC,Championship,561840,2026-09-12T14:00:00Z,7,346,Watford FC,70,Stoke City FC
football-data.org,ELC,Championship,561841,2026-09-12T14:00:00Z,7,72,Swansea City AFC,328,Burnley FC
football-data.org,ELC,Championship,561843,2026-09-12T14:00:00Z,7,343,Middlesbrough FC,68,Norwich City FC
football-data.org,ELC,Championship,561844,2026-09-13T11:00:00Z,7,356,Sheffield United FC,76,Wolverhampton Wanderers FC
football-data.org,ELC,Championship,561845,2026-09-18T19:00:00Z,8,387,Bristol City FC,346,Watford FC
football-data.org,ELC,Championship,561847,2026-09-19T11:30:00Z,8,70,Stoke City FC,356,Sheffield United FC
football-data.org,ELC,Championship,561849,2026-09-19T11:30:00Z,8,384,Millwall FC,563,West Ham United FC
football-data.org,ELC,Championship,561852,2026-09-19T11:30:00Z,8,715,Cardiff City FC,348,Charlton Athletic FC
football-data.org,ELC,Championship,561846,2026-09-19T14:00:00Z,8,404,Wrexham AFC,340,Southampton FC
football-data.org,ELC,Championship,561848,2026-09-19T14:00:00Z,8,328,Burnley FC,342,Derby County FC
football-data.org,ELC,Championship,561850,2026-09-19T14:00:00Z,8,68,Norwich City FC,60,Bolton Wanderers FC
football-data.org,ELC,Championship,561853,2026-09-19T14:00:00Z,8,69,Queens Park Rangers FC,1081,Preston North End FC
football-data.org,ELC,Championship,561854,2026-09-19T14:00:00Z,8,325,Portsmouth FC,59,Blackburn Rovers FC
football-data.org,ELC,Championship,561855,2026-09-19T14:00:00Z,8,332,Birmingham City FC,343,Middlesbrough FC
football-data.org,ELC,Championship,561856,2026-09-19T14:00:00Z,8,1126,Lincoln City FC,72,Swansea City AFC
football-data.org,ELC,Championship,561851,2026-09-20T11:00:00Z,8,76,Wolverhampton Wanderers FC,74,West Bromwich Albion FC
football-data.org,ELC,Championship,561857,2026-10-10T14:00:00Z,9,74,West Bromwich Albion FC,332,Birmingham City FC
football-data.org,ELC,Championship,561858,2026-10-10T14:00:00Z,9,356,Sheffield United FC,1126,Lincoln City FC
football-data.org,ELC,Championship,561859,2026-10-10T14:00:00Z,9,340,Southampton FC,325,Portsmouth FC
football-data.org,ELC,Championship,561860,2026-10-10T14:00:00Z,9,72,Swansea City AFC,68,Norwich City FC
football-data.org,ELC,Championship,561861,2026-10-10T14:00:00Z,9,346,Watford FC,328,Burnley FC
football-data.org,ELC,Championship,561862,2026-10-10T14:00:00Z,9,563,West Ham United FC,69,Queens Park Rangers FC
football-data.org,ELC,Championship,561863,2026-10-10T14:00:00Z,9,348,Charlton Athletic FC,387,Bristol City FC
football-data.org,ELC,Championship,561864,2026-10-10T14:00:00Z,9,342,Derby County FC,404,Wrexham AFC
football-data.org,ELC,Championship,561865,2026-10-10T14:00:00Z,9,59,Blackburn Rovers FC,715,Cardiff City FC
football-data.org,ELC,Championship,561866,2026-10-10T14:00:00Z,9,60,Bolton Wanderers FC,70,Stoke City FC
football-data.org,ELC,Championship,561867,2026-10-10T14:00:00Z,9,1081,Preston North End FC,384,Millwall FC
football-data.org,ELC,Championship,561868,2026-10-10T14:00:00Z,9,343,Middlesbrough FC,76,Wolverhampton Wanderers FC
football-data.org,ELC,Championship,561869,2026-10-13T18:45:00Z,10,76,Wolverhampton Wanderers FC,60,Bolton Wanderers FC
football-data.org,ELC,Championship,561870,2026-10-13T18:45:00Z,10,404,Wrexham AFC,74,West Bromwich Albion FC
football-data.org,ELC,Championship,561871,2026-10-13T18:45:00Z,10,384,Millwall FC,72,Swansea City AFC
football-data.org,ELC,Championship,561872,2026-10-13T18:45:00Z,10,715,Cardiff City FC,346,Watford FC
football-data.org,ELC,Championship,561873,2026-10-13T18:45:00Z,10,328,Burnley FC,348,Charlton Athletic FC
football-data.org,ELC,Championship,561874,2026-10-13T18:45:00Z,10,387,Bristol City FC,59,Blackburn Rovers FC
football-data.org,ELC,Championship,561875,2026-10-13T18:45:00Z,10,332,Birmingham City FC,1081,Preston North End FC
football-data.org,ELC,Championship,561876,2026-10-13T18:45:00Z,10,70,Stoke City FC,343,Middlesbrough FC
football-data.org,ELC,Championship,561877,2026-10-14T18:45:00Z,10,325,Portsmouth FC,356,Sheffield United FC
football-data.org,ELC,Championship,561878,2026-10-14T18:45:00Z,10,1126,Lincoln City FC,563,West Ham United FC
football-data.org,ELC,Championship,561879,2026-10-14T18:45:00Z,10,68,Norwich City FC,340,Southampton FC
football-data.org,ELC,Championship,561880,2026-10-14T18:45:00Z,10,69,Queens Park Rangers FC,342,Derby County FC
football-data.org,ELC,Championship,561881,2026-10-17T14:00:00Z,11,68,Norwich City FC,325,Portsmouth FC
football-data.org,ELC,Championship,561882,2026-10-17T14:00:00Z,11,340,Southampton FC,60,Bolton Wanderers FC
football-data.org,ELC,Championship,561883,2026-10-17T14:00:00Z,11,328,Burnley FC,76,Wolverhampton Wanderers FC
football-data.org,ELC,Championship,561884,2026-10-17T14:00:00Z,11,384,Millwall FC,1126,Lincoln City FC
football-data.org,ELC,Championship,561885,2026-10-17T14:00:00Z,11,387,Bristol City FC,356,Sheffield United FC
football-data.org,ELC,Championship,561886,2026-10-17T14:00:00Z,11,332,Birmingham City FC,69,Queens Park Rangers FC
football-data.org,ELC,Championship,561887,2026-10-17T14:00:00Z,11,343,Middlesbrough FC,715,Cardiff City FC
football-data.org,ELC,Championship,561888,2026-10-17T14:00:00Z,11,342,Derby County FC,70,Stoke City FC
football-data.org,ELC,Championship,561889,2026-10-17T14:00:00Z,11,346,Watford FC,348,Charlton Athletic FC
football-data.org,ELC,Championship,561890,2026-10-17T14:00:00Z,11,72,Swansea City AFC,563,West Ham United FC
football-data.org,ELC,Championship,561891,2026-10-17T14:00:00Z,11,74,West Bromwich Albion FC,59,Blackburn Rovers FC
football-data.org,ELC,Championship,561892,2026-10-17T14:00:00Z,11,404,Wrexham AFC,1081,Preston North End FC
football-data.org,ELC,Championship,561893,2026-10-24T14:00:00Z,12,715,Cardiff City FC,332,Birmingham City FC
football-data.org,ELC,Championship,561894,2026-10-24T14:00:00Z,12,60,Bolton Wanderers FC,343,Middlesbrough FC
football-data.org,ELC,Championship,561895,2026-10-24T14:00:00Z,12,356,Sheffield United FC,342,Derby County FC
football-data.org,ELC,Championship,561896,2026-10-24T14:00:00Z,12,69,Queens Park Rangers FC,72,Swansea City AFC
football-data.org,ELC,Championship,561897,2026-10-24T14:00:00Z,12,70,Stoke City FC,387,Bristol City FC
football-data.org,ELC,Championship,561898,2026-10-24T14:00:00Z,12,1081,Preston North End FC,74,West Bromwich Albion FC
football-data.org,ELC,Championship,561899,2026-10-24T14:00:00Z,12,1126,Lincoln City FC,328,Burnley FC
football-data.org,ELC,Championship,561900,2026-10-24T14:00:00Z,12,563,West Ham United FC,340,Southampton FC
football-data.org,ELC,Championship,561901,2026-10-24T14:00:00Z,12,348,Charlton Athletic FC,68,Norwich City FC
football-data.org,ELC,Championship,561902,2026-10-24T14:00:00Z,12,59,Blackburn Rovers FC,404,Wrexham AFC
football-data.org,ELC,Championship,561903,2026-10-24T14:00:00Z,12,76,Wolverhampton Wanderers FC,346,Watford FC
football-data.org,ELC,Championship,561904,2026-10-24T14:00:00Z,12,325,Portsmouth FC,384,Millwall FC
football-data.org,ELC,Championship,561905,2026-10-31T15:00:00Z,13,76,Wolverhampton Wanderers FC,715,Cardiff City FC
football-data.org,ELC,Championship,561906,2026-10-31T15:00:00Z,13,563,West Ham United FC,74,West Bromwich Albion FC
football-data.org,ELC,Championship,561907,2026-10-31T15:00:00Z,13,72,Swansea City AFC,59,Blackburn Rovers FC
football-data.org,ELC,Championship,561908,2026-10-31T15:00:00Z,13,70,Stoke City FC,1081,Preston North End FC
football-data.org,ELC,Championship,561909,2026-10-31T15:00:00Z,13,60,Bolton Wanderers FC,387,Bristol City FC
football-data.org,ELC,Championship,561910,2026-10-31T15:00:00Z,13,68,Norwich City FC,346,Watford FC
football-data.org,ELC,Championship,561911,2026-10-31T15:00:00Z,13,343,Middlesbrough FC,348,Charlton Athletic FC
football-data.org,ELC,Championship,561912,2026-10-31T15:00:00Z,13,328,Burnley FC,325,Portsmouth FC
football-data.org,ELC,Championship,561913,2026-10-31T15:00:00Z,13,384,Millwall FC,342,Derby County FC
football-data.org,ELC,Championship,561914,2026-10-31T15:00:00Z,13,340,Southampton FC,69,Queens Park Rangers FC
football-data.org,ELC,Championship,561915,2026-10-31T15:00:00Z,13,1126,Lincoln City FC,332,Birmingham City FC
football-data.org,ELC,Championship,561916,2026-10-31T15:00:00Z,13,356,Sheffield United FC,404,Wrexham AFC
football-data.org,ELC,Championship,561920,2026-11-03T19:45:00Z,14,69,Queens Park Rangers FC,328,Burnley FC
football-data.org,ELC,Championship,561921,2026-11-03T19:45:00Z,14,342,Derby County FC,68,Norwich City FC
football-data.org,ELC,Championship,561922,2026-11-03T19:45:00Z,14,59,Blackburn Rovers FC,70,Stoke City FC
football-data.org,ELC,Championship,561923,2026-11-03T19:45:00Z,14,74,West Bromwich Albion FC,340,Southampton FC
football-data.org,ELC,Championship,561924,2026-11-03T19:45:00Z,14,346,Watford FC,1126,Lincoln City FC
football-data.org,ELC,Championship,561917,2026-11-03T19:45:00Z,14,332,Birmingham City FC,384,Millwall FC
football-data.org,ELC,Championship,561918,2026-11-03T19:45:00Z,14,325,Portsmouth FC,72,Swansea City AFC
football-data.org,ELC,Championship,561919,2026-11-03T19:45:00Z,14,1081,Preston North End FC,356,Sheffield United FC
football-data.org,ELC,Championship,561925,2026-11-04T19:45:00Z,14,715,Cardiff City FC,563,West Ham United FC
football-data.org,ELC,Championship,561926,2026-11-04T19:45:00Z,14,387,Bristol City FC,76,Wolverhampton Wanderers FC
football-data.org,ELC,Championship,561927,2026-11-04T19:45:00Z,14,404,Wrexham AFC,343,Middlesbrough FC
football-data.org,ELC,Championship,561928,2026-11-04T19:45:00Z,14,348,Charlton Athletic FC,60,Bolton Wanderers FC
football-data.org,ELC,Championship,561929,2026-11-07T15:00:00Z,15,69,Queens Park Rangers FC,1126,Lincoln City FC
football-data.org,ELC,Championship,561930,2026-11-07T15:00:00Z,15,715,Cardiff City FC,328,Burnley FC
football-data.org,ELC,Championship,561931,2026-11-07T15:00:00Z,15,348,Charlton Athletic FC,356,Sheffield United FC
football-data.org,ELC,Championship,561932,2026-11-07T15:00:00Z,15,342,Derby County FC,60,Bolton Wanderers FC
football-data.org,ELC,Championship,561933,2026-11-07T15:00:00Z,15,404,Wrexham AFC,76,Wolverhampton Wanderers FC
football-data.org,ELC,Championship,561934,2026-11-07T15:00:00Z,15,346,Watford FC,343,Middlesbrough FC
football-data.org,ELC,Championship,561935,2026-11-07T15:00:00Z,15,59,Blackburn Rovers FC,563,West Ham United FC
football-data.org,ELC,Championship,561936,2026-11-07T15:00:00Z,15,74,West Bromwich Albion FC,384,Millwall FC
football-data.org,ELC,Championship,561937,2026-11-07T15:00:00Z,15,1081,Preston North End FC,340,Southampton FC
football-data.org,ELC,Championship,561938,2026-11-07T15:00:00Z,15,325,Portsmouth FC,70,Stoke City FC
football-data.org,ELC,Championship,561939,2026-11-07T15:00:00Z,15,387,Bristol City FC,68,Norwich City FC
football-data.org,ELC,Championship,561940,2026-11-07T15:00:00Z,15,332,Birmingham City FC,72,Swansea City AFC
football-data.org,ELC,Championship,561941,2026-11-21T15:00:00Z,16,356,Sheffield United FC,346,Watford FC
football-data.org,ELC,Championship,561942,2026-11-21T15:00:00Z,16,72,Swansea City AFC,74,West Bromwich Albion FC
football-data.org,ELC,Championship,561943,2026-11-21T15:00:00Z,16,343,Middlesbrough FC,387,Bristol City FC
football-data.org,ELC,Championship,561944,2026-11-21T15:00:00Z,16,340,Southampton FC,342,Derby County FC
football-data.org,ELC,Championship,561945,2026-11-21T15:00:00Z,16,60,Bolton Wanderers FC,325,Portsmouth FC
football-data.org,ELC,Championship,561946,2026-11-21T15:00:00Z,16,70,Stoke City FC,332,Birmingham City FC
football-data.org,ELC,Championship,561947,2026-11-21T15:00:00Z,16,328,Burnley FC,59,Blackburn Rovers FC
football-data.org,ELC,Championship,561948,2026-11-21T15:00:00Z,16,68,Norwich City FC,715,Cardiff City FC
football-data.org,ELC,Championship,561949,2026-11-21T15:00:00Z,16,1126,Lincoln City FC,404,Wrexham AFC
football-data.org,ELC,Championship,561950,2026-11-21T15:00:00Z,16,384,Millwall FC,69,Queens Park Rangers FC
football-data.org,ELC,Championship,561951,2026-11-21T15:00:00Z,16,563,West Ham United FC,1081,Preston North End FC
football-data.org,ELC,Championship,561952,2026-11-21T15:00:00Z,16,76,Wolverhampton Wanderers FC,348,Charlton Athletic FC
football-data.org,ELC,Championship,561953,2026-11-24T19:45:00Z,17,715,Cardiff City FC,1081,Preston North End FC
football-data.org,ELC,Championship,561954,2026-11-24T19:45:00Z,17,343,Middlesbrough FC,72,Swansea City AFC
football-data.org,ELC,Championship,561955,2026-11-24T19:45:00Z,17,325,Portsmouth FC,563,West Ham United FC
football-data.org,ELC,Championship,561956,2026-11-24T19:45:00Z,17,356,Sheffield United FC,340,Southampton FC
football-data.org,ELC,Championship,561957,2026-11-24T19:45:00Z,17,76,Wolverhampton Wanderers FC,342,Derby County FC
football-data.org,ELC,Championship,561958,2026-11-24T19:45:00Z,17,348,Charlton Athletic FC,1126,Lincoln City FC
football-data.org,ELC,Championship,561959,2026-11-24T19:45:00Z,17,387,Bristol City FC,404,Wrexham AFC
football-data.org,ELC,Championship,561960,2026-11-24T19:45:00Z,17,68,Norwich City FC,69,Queens Park Rangers FC
football-data.org,ELC,Championship,561961,2026-11-25T19:45:00Z,17,346,Watford FC,59,Blackburn Rovers FC
football-data.org,ELC,Championship,561962,2026-11-25T19:45:00Z,17,70,Stoke City FC,384,Millwall FC
football-data.org,ELC,Championship,561963,2026-11-25T19:45:00Z,17,60,Bolton Wanderers FC,74,West Bromwich Albion FC
football-data.org,ELC,Championship,561964,2026-11-25T19:45:00Z,17,328,Burnley FC,332,Birmingham City FC
football-data.org,ELC,Championship,561965,2026-11-28T15:00:00Z,18,404,Wrexham AFC,325,Portsmouth FC
football-data.org,ELC,Championship,561966,2026-11-28T15:00:00Z,18,69,Queens Park Rangers FC,356,Sheffield United FC
football-data.org,ELC,Championship,561967,2026-11-28T15:00:00Z,18,384,Millwall FC,328,Burnley FC
football-data.org,ELC,Championship,561968,2026-11-28T15:00:00Z,18,340,Southampton FC,343,Middlesbrough FC
football-data.org,ELC,Championship,561969,2026-11-28T15:00:00Z,18,59,Blackburn Rovers FC,348,Charlton Athletic FC
football-data.org,ELC,Championship,561970,2026-11-28T15:00:00Z,18,332,Birmingham City FC,60,Bolton Wanderers FC
football-data.org,ELC,Championship,561971,2026-11-28T15:00:00Z,18,342,Derby County FC,346,Watford FC
football-data.org,ELC,Championship,561972,2026-11-28T15:00:00Z,18,1126,Lincoln City FC,76,Wolverhampton Wanderers FC
football-data.org,ELC,Championship,561973,2026-11-28T15:00:00Z,18,1081,Preston North End FC,68,Norwich City FC
football-data.org,ELC,Championship,561974,2026-11-28T15:00:00Z,18,563,West Ham United FC,70,Stoke City FC
football-data.org,ELC,Championship,561975,2026-11-28T15:00:00Z,18,74,West Bromwich Albion FC,387,Bristol City FC
football-data.org,ELC,Championship,561976,2026-11-28T15:00:00Z,18,72,Swansea City AFC,715,Cardiff City FC
football-data.org,ELC,Championship,561977,2026-12-05T15:00:00Z,19,387,Bristol City FC,72,Swansea City AFC
football-data.org,ELC,Championship,561978,2026-12-05T15:00:00Z,19,715,Cardiff City FC,1126,Lincoln City FC
football-data.org,ELC,Championship,561979,2026-12-05T15:00:00Z,19,356,Sheffield United FC,563,West Ham United FC
football-data.org,ELC,Championship,561980,2026-12-05T15:00:00Z,19,68,Norwich City FC,404,Wrexham AFC
football-data.org,ELC,Championship,561981,2026-12-05T15:00:00Z,19,348,Charlton Athletic FC,332,Birmingham City FC
football-data.org,ELC,Championship,561982,2026-12-05T15:00:00Z,19,76,Wolverhampton Wanderers FC,340,Southampton FC
football-data.org,ELC,Championship,561983,2026-12-05T15:00:00Z,19,60,Bolton Wanderers FC,59,Blackburn Rovers FC
football-data.org,ELC,Championship,561984,2026-12-05T15:00:00Z,19,346,Watford FC,384,Millwall FC
football-data.org,ELC,Championship,561985,2026-12-05T15:00:00Z,19,325,Portsmouth FC,74,West Bromwich Albion FC
football-data.org,ELC,Championship,561986,2026-12-05T15:00:00Z,19,70,Stoke City FC,69,Queens Park Rangers FC
football-data.org,ELC,Championship,561987,2026-12-05T15:00:00Z,19,328,Burnley FC,1081,Preston North End FC
football-data.org,ELC,Championship,561988,2026-12-05T15:00:00Z,19,343,Middlesbrough FC,342,Derby County FC
football-data.org,ELC,Championship,561989,2026-12-08T19:45:00Z,20,563,West Ham United FC,343,Middlesbrough FC
football-data.org,ELC,Championship,561990,2026-12-08T19:45:00Z,20,59,Blackburn Rovers FC,68,Norwich City FC
football-data.org,ELC,Championship,561991,2026-12-08T19:45:00Z,20,74,West Bromwich Albion FC,715,Cardiff City FC
football-data.org,ELC,Championship,561992,2026-12-08T19:45:00Z,20,404,Wrexham AFC,348,Charlton Athletic FC
football-data.org,ELC,Championship,561993,2026-12-08T19:45:00Z,20,384,Millwall FC,356,Sheffield United FC
football-data.org,ELC,Championship,561994,2026-12-08T19:45:00Z,20,72,Swansea City AFC,60,Bolton Wanderers FC
football-data.org,ELC,Championship,561995,2026-12-08T19:45:00Z,20,69,Queens Park Rangers FC,76,Wolverhampton Wanderers FC
football-data.org,ELC,Championship,561996,2026-12-08T19:45:00Z,20,332,Birmingham City FC,346,Watford FC
football-data.org,ELC,Championship,561997,2026-12-09T19:45:00Z,20,340,Southampton FC,328,Burnley FC
football-data.org,ELC,Championship,561998,2026-12-09T19:45:00Z,20,1081,Preston North End FC,325,Portsmouth FC
football-data.org,ELC,Championship,561999,2026-12-09T19:45:00Z,20,1126,Lincoln City FC,70,Stoke City FC
football-data.org,ELC,Championship,562000,2026-12-09T19:45:00Z,20,342,Derby County FC,387,Bristol City FC
football-data.org,ELC,Championship,562001,2026-12-12T15:00:00Z,21,348,Charlton Athletic FC,72,Swansea City AFC
football-data.org,ELC,Championship,562002,2026-12-12T15:00:00Z,21,563,West Ham United FC,387,Bristol City FC
football-data.org,ELC,Championship,562003,2026-12-12T15:00:00Z,21,1081,Preston North End FC,343,Middlesbrough FC
football-data.org,ELC,Championship,562004,2026-12-12T15:00:00Z,21,69,Queens Park Rangers FC,346,Watford FC
football-data.org,ELC,Championship,562005,2026-12-12T15:00:00Z,21,70,Stoke City FC,74,West Bromwich Albion FC
football-data.org,ELC,Championship,562006,2026-12-12T15:00:00Z,21,60,Bolton Wanderers FC,404,Wrexham AFC
football-data.org,ELC,Championship,562007,2026-12-12T15:00:00Z,21,1126,Lincoln City FC,68,Norwich City FC
football-data.org,ELC,Championship,562008,2026-12-12T15:00:00Z,21,59,Blackburn Rovers FC,342,Derby County FC
football-data.org,ELC,Championship,562009,2026-12-12T15:00:00Z,21,325,Portsmouth FC,332,Birmingham City FC
football-data.org,ELC,Championship,562010,2026-12-12T15:00:00Z,21,356,Sheffield United FC,328,Burnley FC
football-data.org,ELC,Championship,562011,2026-12-12T15:00:00Z,21,76,Wolverhampton Wanderers FC,384,Millwall FC
football-data.org,ELC,Championship,562012,2026-12-12T15:00:00Z,21,715,Cardiff City FC,340,Southampton FC
football-data.org,ELC,Championship,562013,2026-12-19T15:00:00Z,22,343,Middlesbrough FC,325,Portsmouth FC
football-data.org,ELC,Championship,562014,2026-12-19T15:00:00Z,22,387,Bristol City FC,715,Cardiff City FC
football-data.org,ELC,Championship,562015,2026-12-19T15:00:00Z,22,68,Norwich City FC,76,Wolverhampton Wanderers FC
football-data.org,ELC,Championship,562016,2026-12-19T15:00:00Z,22,384,Millwall FC,348,Charlton Athletic FC
football-data.org,ELC,Championship,562017,2026-12-19T15:00:00Z,22,328,Burnley FC,70,Stoke City FC
football-data.org,ELC,Championship,562018,2026-12-19T15:00:00Z,22,342,Derby County FC,1126,Lincoln City FC
football-data.org,ELC,Championship,562019,2026-12-19T15:00:00Z,22,404,Wrexham AFC,69,Queens Park Rangers FC
football-data.org,ELC,Championship,562020,2026-12-19T15:00:00Z,22,340,Southampton FC,59,Blackburn Rovers FC
football-data.org,ELC,Championship,562021,2026-12-19T15:00:00Z,22,74,West Bromwich Albion FC,356,Sheffield United FC
football-data.org,ELC,Championship,562022,2026-12-19T15:00:00Z,22,332,Birmingham City FC,563,West Ham United FC
football-data.org,ELC,Championship,562023,2026-12-19T15:00:00Z,22,72,Swansea City AFC,1081,Preston North End FC
football-data.org,ELC,Championship,562024,2026-12-19T15:00:00Z,22,346,Watford FC,60,Bolton Wanderers FC
football-data.org,ELC,Championship,562025,2026-12-26T15:00:00Z,23,60,Bolton Wanderers FC,328,Burnley FC
football-data.org,ELC,Championship,562026,2026-12-26T15:00:00Z,23,356,Sheffield United FC,343,Middlesbrough FC
football-data.org,ELC,Championship,562027,2026-12-26T15:00:00Z,23,325,Portsmouth FC,346,Watford FC
football-data.org,ELC,Championship,562028,2026-12-26T15:00:00Z,23,59,Blackburn Rovers FC,332,Birmingham City FC
football-data.org,ELC,Championship,562029,2026-12-26T15:00:00Z,23,563,West Ham United FC,68,Norwich City FC
football-data.org,ELC,Championship,562030,2026-12-26T15:00:00Z,23,76,Wolverhampton Wanderers FC,72,Swansea City AFC
football-data.org,ELC,Championship,562031,2026-12-26T15:00:00Z,23,69,Queens Park Rangers FC,387,Bristol City FC
football-data.org,ELC,Championship,562032,2026-12-26T15:00:00Z,23,70,Stoke City FC,404,Wrexham AFC
football-data.org,ELC,Championship,562033,2026-12-26T15:00:00Z,23,715,Cardiff City FC,384,Millwall FC
football-data.org,ELC,Championship,562034,2026-12-26T15:00:00Z,23,1126,Lincoln City FC,74,West Bromwich Albion FC
football-data.org,ELC,Championship,562035,2026-12-26T15:00:00Z,23,1081,Preston North End FC,342,Derby County FC
football-data.org,ELC,Championship,562036,2026-12-26T15:00:00Z,23,348,Charlton Athletic FC,340,Southampton FC
football-data.org,ELC,Championship,562037,2026-12-29T19:45:00Z,24,74,West Bromwich Albion FC,1081,Preston North End FC
football-data.org,ELC,Championship,562038,2026-12-29T19:45:00Z,24,342,Derby County FC,356,Sheffield United FC
football-data.org,ELC,Championship,562039,2026-12-29T19:45:00Z,24,72,Swansea City AFC,69,Queens Park Rangers FC
football-data.org,ELC,Championship,562040,2026-12-29T19:45:00Z,24,346,Watford FC,76,Wolverhampton Wanderers FC
football-data.org,ELC,Championship,562041,2026-12-29T19:45:00Z,24,340,Southampton FC,563,West Ham United FC
football-data.org,ELC,Championship,562042,2026-12-29T19:45:00Z,24,68,Norwich City FC,348,Charlton Athletic FC
football-data.org,ELC,Championship,562043,2026-12-29T19:45:00Z,24,328,Burnley FC,1126,Lincoln City FC
football-data.org,ELC,Championship,562044,2026-12-29T19:45:00Z,24,404,Wrexham AFC,59,Blackburn Rovers FC
football-data.org,ELC,Championship,562045,2026-12-29T19:45:00Z,24,332,Birmingham City FC,715,Cardiff City FC
football-data.org,ELC,Championship,562046,2026-12-29T19:45:00Z,24,343,Middlesbrough FC,60,Bolton Wanderers FC
football-data.org,ELC,Championship,562047,2026-12-29T19:45:00Z,24,387,Bristol City FC,70,Stoke City FC
football-data.org,ELC,Championship,562048,2026-12-29T19:45:00Z,24,384,Millwall FC,325,Portsmouth FC
football-data.org,ELC,Championship,562049,2027-01-01T12:00:00Z,25,343,Middlesbrough FC,1081,Preston North End FC
football-data.org,ELC,Championship,562050,2027-01-01T12:00:00Z,25,340,Southampton FC,715,Cardiff City FC
football-data.org,ELC,Championship,562051,2027-01-01T12:00:00Z,25,346,Watford FC,69,Queens Park Rangers FC
football-data.org,ELC,Championship,562052,2027-01-01T12:00:00Z,25,328,Burnley FC,356,Sheffield United FC
football-data.org,ELC,Championship,562053,2027-01-01T12:00:00Z,25,342,Derby County FC,59,Blackburn Rovers FC
football-data.org,ELC,Championship,562054,2027-01-01T12:00:00Z,25,332,Birmingham City FC,325,Portsmouth FC
football-data.org,ELC,Championship,562055,2027-01-01T12:00:00Z,25,74,West Bromwich Albion FC,70,Stoke City FC
football-data.org,ELC,Championship,562056,2027-01-01T12:00:00Z,25,68,Norwich City FC,1126,Lincoln City FC
football-data.org,ELC,Championship,562057,2027-01-01T12:00:00Z,25,72,Swansea City AFC,348,Charlton Athletic FC
football-data.org,ELC,Championship,562058,2027-01-01T12:00:00Z,25,404,Wrexham AFC,60,Bolton Wanderers FC
football-data.org,ELC,Championship,562059,2027-01-01T12:00:00Z,25,384,Millwall FC,76,Wolverhampton Wanderers FC
football-data.org,ELC,Championship,562060,2027-01-01T12:00:00Z,25,387,Bristol City FC,563,West Ham United FC
football-data.org,ELC,Championship,562061,2027-01-16T12:00:00Z,26,70,Stoke City FC,342,Derby County FC
football-data.org,ELC,Championship,562062,2027-01-16T12:00:00Z,26,348,Charlton Athletic FC,346,Watford FC
football-data.org,ELC,Championship,562063,2027-01-16T12:00:00Z,26,76,Wolverhampton Wanderers FC,328,Burnley FC
football-data.org,ELC,Championship,562064,2027-01-16T12:00:00Z,26,1081,Preston North End FC,404,Wrexham AFC
football-data.org,ELC,Championship,562065,2027-01-16T12:00:00Z,26,715,Cardiff City FC,343,Middlesbrough FC
football-data.org,ELC,Championship,562066,2027-01-16T12:00:00Z,26,1126,Lincoln City FC,384,Millwall FC
football-data.org,ELC,Championship,562067,2027-01-16T12:00:00Z,26,325,Portsmouth FC,68,Norwich City FC
football-data.org,ELC,Championship,562068,2027-01-16T12:00:00Z,26,69,Queens Park Rangers FC,332,Birmingham City FC
football-data.org,ELC,Championship,562069,2027-01-16T12:00:00Z,26,356,Sheffield United FC,387,Bristol City FC
football-data.org,ELC,Championship,562070,2027-01-16T12:00:00Z,26,563,West Ham United FC,72,Swansea City AFC
football-data.org,ELC,Championship,562071,2027-01-16T12:00:00Z,26,60,Bolton Wanderers FC,340,Southampton FC
football-data.org,ELC,Championship,562072,2027-01-16T12:00:00Z,26,59,Blackburn Rovers FC,74,West Bromwich Albion FC
football-data.org,ELC,Championship,562073,2027-01-23T12:00:00Z,27,404,Wrexham AFC,356,Sheffield United FC
football-data.org,ELC,Championship,562074,2027-01-23T12:00:00Z,27,1081,Preston North End FC,70,Stoke City FC
football-data.org,ELC,Championship,562075,2027-01-23T12:00:00Z,27,715,Cardiff City FC,76,Wolverhampton Wanderers FC
football-data.org,ELC,Championship,562076,2027-01-23T12:00:00Z,27,69,Queens Park Rangers FC,340,Southampton FC
football-data.org,ELC,Championship,562077,2027-01-23T12:00:00Z,27,387,Bristol City FC,60,Bolton Wanderers FC
football-data.org,ELC,Championship,562078,2027-01-23T12:00:00Z,27,342,Derby County FC,384,Millwall FC
football-data.org,ELC,Championship,562079,2027-01-23T12:00:00Z,27,325,Portsmouth FC,328,Burnley FC
football-data.org,ELC,Championship,562080,2027-01-23T12:00:00Z,27,348,Charlton Athletic FC,343,Middlesbrough FC
football-data.org,ELC,Championship,562081,2027-01-23T12:00:00Z,27,332,Birmingham City FC,1126,Lincoln City FC
football-data.org,ELC,Championship,562082,2027-01-23T12:00:00Z,27,346,Watford FC,68,Norwich City FC
football-data.org,ELC,Championship,562083,2027-01-23T12:00:00Z,27,74,West Bromwich Albion FC,563,West Ham United FC
football-data.org,ELC,Championship,562084,2027-01-23T12:00:00Z,27,59,Blackburn Rovers FC,72,Swansea City AFC
football-data.org,ELC,Championship,562085,2027-01-26T12:00:00Z,28,60,Bolton Wanderers FC,348,Charlton Athletic FC
football-data.org,ELC,Championship,562086,2027-01-26T12:00:00Z,28,68,Norwich City FC,342,Derby County FC
football-data.org,ELC,Championship,562087,2027-01-26T12:00:00Z,28,1126,Lincoln City FC,346,Watford FC
football-data.org,ELC,Championship,562088,2027-01-26T12:00:00Z,28,356,Sheffield United FC,1081,Preston North End FC
football-data.org,ELC,Championship,562089,2027-01-26T12:00:00Z,28,340,Southampton FC,74,West Bromwich Albion FC
football-data.org,ELC,Championship,562090,2027-01-26T12:00:00Z,28,384,Millwall FC,332,Birmingham City FC
football-data.org,ELC,Championship,562091,2027-01-26T12:00:00Z,28,70,Stoke City FC,59,Blackburn Rovers FC
football-data.org,ELC,Championship,562092,2027-01-26T12:00:00Z,28,328,Burnley FC,69,Queens Park Rangers FC
football-data.org,ELC,Championship,562093,2027-01-27T12:00:00Z,28,76,Wolverhampton Wanderers FC,387,Bristol City FC
football-data.org,ELC,Championship,562094,2027-01-27T12:00:00Z,28,72,Swansea City AFC,325,Portsmouth FC
football-data.org,ELC,Championship,562095,2027-01-27T12:00:00Z,28,563,West Ham United FC,715,Cardiff City FC
football-data.org,ELC,Championship,562096,2027-01-27T12:00:00Z,28,343,Middlesbrough FC,404,Wrexham AFC
football-data.org,ELC,Championship,562097,2027-01-30T12:00:00Z,29,328,Burnley FC,715,Cardiff City FC
football-data.org,ELC,Championship,562098,2027-01-30T12:00:00Z,29,72,Swansea City AFC,332,Birmingham City FC
football-data.org,ELC,Championship,562099,2027-01-30T12:00:00Z,29,340,Southampton FC,1081,Preston North End FC
football-data.org,ELC,Championship,562100,2027-01-30T12:00:00Z,29,384,Millwall FC,74,West Bromwich Albion FC
football-data.org,ELC,Championship,562101,2027-01-30T12:00:00Z,29,76,Wolverhampton Wanderers FC,404,Wrexham AFC
football-data.org,ELC,Championship,562102,2027-01-30T12:00:00Z,29,1126,Lincoln City FC,69,Queens Park Rangers FC
football-data.org,ELC,Championship,562103,2027-01-30T12:00:00Z,29,70,Stoke City FC,325,Portsmouth FC
football-data.org,ELC,Championship,562104,2027-01-30T12:00:00Z,29,60,Bolton Wanderers FC,342,Derby County FC
football-data.org,ELC,Championship,562105,2027-01-30T12:00:00Z,29,563,West Ham United FC,59,Blackburn Rovers FC
football-data.org,ELC,Championship,562106,2027-01-30T12:00:00Z,29,343,Middlesbrough FC,346,Watford FC
football-data.org,ELC,Championship,562107,2027-01-30T12:00:00Z,29,356,Sheffield United FC,348,Charlton Athletic FC
football-data.org,ELC,Championship,562108,2027-01-30T12:00:00Z,29,68,Norwich City FC,387,Bristol City FC
football-data.org,ELC,Championship,562109,2027-02-06T12:00:00Z,30,74,West Bromwich Albion FC,72,Swansea City AFC
football-data.org,ELC,Championship,562110,2027-02-06T12:00:00Z,30,342,Derby County FC,340,Southampton FC
football-data.org,ELC,Championship,562111,2027-02-06T12:00:00Z,30,346,Watford FC,356,Sheffield United FC
football-data.org,ELC,Championship,562112,2027-02-06T12:00:00Z,30,1081,Preston North End FC,563,West Ham United FC
football-data.org,ELC,Championship,562113,2027-02-06T12:00:00Z,30,325,Portsmouth FC,60,Bolton Wanderers FC
football-data.org,ELC,Championship,562114,2027-02-06T12:00:00Z,30,69,Queens Park Rangers FC,384,Millwall FC
football-data.org,ELC,Championship,562115,2027-02-06T12:00:00Z,30,348,Charlton Athletic FC,76,Wolverhampton Wanderers FC
football-data.org,ELC,Championship,562116,2027-02-06T12:00:00Z,30,404,Wrexham AFC,1126,Lincoln City FC
football-data.org,ELC,Championship,562117,2027-02-06T12:00:00Z,30,59,Blackburn Rovers FC,328,Burnley FC
football-data.org,ELC,Championship,562118,2027-02-06T12:00:00Z,30,715,Cardiff City FC,68,Norwich City FC
football-data.org,ELC,Championship,562119,2027-02-06T12:00:00Z,30,332,Birmingham City FC,70,Stoke City FC
football-data.org,ELC,Championship,562120,2027-02-06T12:00:00Z,30,387,Bristol City FC,343,Middlesbrough FC
football-data.org,ELC,Championship,562121,2027-02-13T12:00:00Z,31,387,Bristol City FC,340,Southampton FC
football-data.org,ELC,Championship,562122,2027-02-13T12:00:00Z,31,69,Queens Park Rangers FC,74,West Bromwich Albion FC
football-data.org,ELC,Championship,562123,2027-02-13T12:00:00Z,31,1126,Lincoln City FC,1081,Preston North End FC
football-data.org,ELC,Championship,562124,2027-02-13T12:00:00Z,31,332,Birmingham City FC,342,Derby County FC
football-data.org,ELC,Championship,562125,2027-02-13T12:00:00Z,31,68,Norwich City FC,343,Middlesbrough FC
football-data.org,ELC,Championship,562126,2027-02-13T12:00:00Z,31,715,Cardiff City FC,60,Bolton Wanderers FC
football-data.org,ELC,Championship,562127,2027-02-13T12:00:00Z,31,76,Wolverhampton Wanderers FC,356,Sheffield United FC
football-data.org,ELC,Championship,562128,2027-02-13T12:00:00Z,31,70,Stoke City FC,346,Watford FC
football-data.org,ELC,Championship,562129,2027-02-13T12:00:00Z,31,404,Wrexham AFC,563,West Ham United FC
football-data.org,ELC,Championship,562130,2027-02-13T12:00:00Z,31,328,Burnley FC,72,Swansea City AFC
football-data.org,ELC,Championship,562131,2027-02-13T12:00:00Z,31,325,Portsmouth FC,348,Charlton Athletic FC
football-data.org,ELC,Championship,562132,2027-02-13T12:00:00Z,31,384,Millwall FC,59,Blackburn Rovers FC
football-data.org,ELC,Championship,562133,2027-02-16T12:00:00Z,32,59,Blackburn Rovers FC,387,Bristol City FC
football-data.org,ELC,Championship,562134,2027-02-16T12:00:00Z,32,356,Sheffield United FC,325,Portsmouth FC
football-data.org,ELC,Championship,562135,2027-02-16T12:00:00Z,32,563,West Ham United FC,1126,Lincoln City FC
football-data.org,ELC,Championship,562136,2027-02-16T12:00:00Z,32,348,Charlton Athletic FC,328,Burnley FC
football-data.org,ELC,Championship,562137,2027-02-16T12:00:00Z,32,1081,Preston North End FC,332,Birmingham City FC
football-data.org,ELC,Championship,562138,2027-02-16T12:00:00Z,32,346,Watford FC,715,Cardiff City FC
football-data.org,ELC,Championship,562139,2027-02-16T12:00:00Z,32,74,West Bromwich Albion FC,404,Wrexham AFC
football-data.org,ELC,Championship,562140,2027-02-16T12:00:00Z,32,342,Derby County FC,69,Queens Park Rangers FC
football-data.org,ELC,Championship,562141,2027-02-17T12:00:00Z,32,60,Bolton Wanderers FC,76,Wolverhampton Wanderers FC
football-data.org,ELC,Championship,562142,2027-02-17T12:00:00Z,32,72,Swansea City AFC,384,Millwall FC
football-data.org,ELC,Championship,562143,2027-02-17T12:00:00Z,32,340,Southampton FC,68,Norwich City FC
football-data.org,ELC,Championship,562144,2027-02-17T12:00:00Z,32,343,Middlesbrough FC,70,Stoke City FC
football-data.org,ELC,Championship,562145,2027-02-20T12:00:00Z,33,340,Southampton FC,404,Wrexham AFC
football-data.org,ELC,Championship,562146,2027-02-20T12:00:00Z,33,348,Charlton Athletic FC,715,Cardiff City FC
football-data.org,ELC,Championship,562147,2027-02-20T12:00:00Z,33,72,Swansea City AFC,1126,Lincoln City FC
football-data.org,ELC,Championship,562148,2027-02-20T12:00:00Z,33,356,Sheffield United FC,70,Stoke City FC
football-data.org,ELC,Championship,562149,2027-02-20T12:00:00Z,33,1081,Preston North End FC,69,Queens Park Rangers FC
football-data.org,ELC,Championship,562150,2027-02-20T12:00:00Z,33,342,Derby County FC,328,Burnley FC
football-data.org,ELC,Championship,562151,2027-02-20T12:00:00Z,33,343,Middlesbrough FC,332,Birmingham City FC
football-data.org,ELC,Championship,562152,2027-02-20T12:00:00Z,33,346,Watford FC,387,Bristol City FC
football-data.org,ELC,Championship,562153,2027-02-20T12:00:00Z,33,59,Blackburn Rovers FC,325,Portsmouth FC
football-data.org,ELC,Championship,562154,2027-02-20T12:00:00Z,33,563,West Ham United FC,384,Millwall FC
football-data.org,ELC,Championship,562155,2027-02-20T12:00:00Z,33,60,Bolton Wanderers FC,68,Norwich City FC
football-data.org,ELC,Championship,562156,2027-02-20T12:00:00Z,33,74,West Bromwich Albion FC,76,Wolverhampton Wanderers FC
football-data.org,ELC,Championship,562157,2027-02-27T12:00:00Z,34,69,Queens Park Rangers FC,563,West Ham United FC
football-data.org,ELC,Championship,562158,2027-02-27T12:00:00Z,34,325,Portsmouth FC,340,Southampton FC
football-data.org,ELC,Championship,562159,2027-02-27T12:00:00Z,34,70,Stoke City FC,60,Bolton Wanderers FC
football-data.org,ELC,Championship,562160,2027-02-27T12:00:00Z,34,68,Norwich City FC,72,Swansea City AFC
football-data.org,ELC,Championship,562161,2027-02-27T12:00:00Z,34,404,Wrexham AFC,342,Derby County FC
football-data.org,ELC,Championship,562162,2027-02-27T12:00:00Z,34,76,Wolverhampton Wanderers FC,343,Middlesbrough FC
football-data.org,ELC,Championship,562163,2027-02-27T12:00:00Z,34,387,Bristol City FC,348,Charlton Athletic FC
football-data.org,ELC,Championship,562164,2027-02-27T12:00:00Z,34,332,Birmingham City FC,74,West Bromwich Albion FC
football-data.org,ELC,Championship,562165,2027-02-27T12:00:00Z,34,1126,Lincoln City FC,356,Sheffield United FC
football-data.org,ELC,Championship,562166,2027-02-27T12:00:00Z,34,328,Burnley FC,346,Watford FC
football-data.org,ELC,Championship,562167,2027-02-27T12:00:00Z,34,715,Cardiff City FC,59,Blackburn Rovers FC
football-data.org,ELC,Championship,562168,2027-02-27T12:00:00Z,34,384,Millwall FC,1081,Preston North End FC
football-data.org,ELC,Championship,562176,2027-03-02T12:00:00Z,35,343,Middlesbrough FC,59,Blackburn Rovers FC
football-data.org,ELC,Championship,562169,2027-03-02T12:00:00Z,35,68,Norwich City FC,384,Millwall FC
football-data.org,ELC,Championship,562170,2027-03-02T12:00:00Z,35,328,Burnley FC,74,West Bromwich Albion FC
football-data.org,ELC,Championship,562171,2027-03-02T12:00:00Z,35,346,Watford FC,404,Wrexham AFC
football-data.org,ELC,Championship,562172,2027-03-02T12:00:00Z,35,348,Charlton Athletic FC,563,West Ham United FC
football-data.org,ELC,Championship,562173,2027-03-02T12:00:00Z,35,60,Bolton Wanderers FC,69,Queens Park Rangers FC
football-data.org,ELC,Championship,562174,2027-03-02T12:00:00Z,35,387,Bristol City FC,332,Birmingham City FC
football-data.org,ELC,Championship,562175,2027-03-02T12:00:00Z,35,715,Cardiff City FC,342,Derby County FC
football-data.org,ELC,Championship,562177,2027-03-03T12:00:00Z,35,325,Portsmouth FC,1126,Lincoln City FC
football-data.org,ELC,Championship,562178,2027-03-03T12:00:00Z,35,76,Wolverhampton Wanderers FC,1081,Preston North End FC
football-data.org,ELC,Championship,562179,2027-03-03T12:00:00Z,35,356,Sheffield United FC,72,Swansea City AFC
football-data.org,ELC,Championship,562180,2027-03-03T12:00:00Z,35,70,Stoke City FC,340,Southampton FC
football-data.org,ELC,Championship,562181,2027-03-06T12:00:00Z,36,342,Derby County FC,348,Charlton Athletic FC
football-data.org,ELC,Championship,562182,2027-03-06T12:00:00Z,36,59,Blackburn Rovers FC,76,Wolverhampton Wanderers FC
football-data.org,ELC,Championship,562183,2027-03-06T12:00:00Z,36,340,Southampton FC,346,Watford FC
football-data.org,ELC,Championship,562184,2027-03-06T12:00:00Z,36,404,Wrexham AFC,715,Cardiff City FC
football-data.org,ELC,Championship,562185,2027-03-06T12:00:00Z,36,72,Swansea City AFC,70,Stoke City FC
football-data.org,ELC,Championship,562186,2027-03-06T12:00:00Z,36,1081,Preston North End FC,60,Bolton Wanderers FC
football-data.org,ELC,Championship,562187,2027-03-06T12:00:00Z,36,1126,Lincoln City FC,343,Middlesbrough FC
football-data.org,ELC,Championship,562188,2027-03-06T12:00:00Z,36,384,Millwall FC,387,Bristol City FC
football-data.org,ELC,Championship,562189,2027-03-06T12:00:00Z,36,69,Queens Park Rangers FC,325,Portsmouth FC
football-data.org,ELC,Championship,562190,2027-03-06T12:00:00Z,36,74,West Bromwich Albion FC,68,Norwich City FC
football-data.org,ELC,Championship,562191,2027-03-06T12:00:00Z,36,332,Birmingham City FC,356,Sheffield United FC
football-data.org,ELC,Championship,562192,2027-03-06T12:00:00Z,36,563,West Ham United FC,328,Burnley FC
football-data.org,ELC,Championship,562193,2027-03-13T12:00:00Z,37,346,Watford FC,342,Derby County FC
football-data.org,ELC,Championship,562194,2027-03-13T12:00:00Z,37,328,Burnley FC,384,Millwall FC
football-data.org,ELC,Championship,562195,2027-03-13T12:00:00Z,37,325,Portsmouth FC,404,Wrexham AFC
football-data.org,ELC,Championship,562196,2027-03-13T12:00:00Z,37,343,Middlesbrough FC,340,Southampton FC
football-data.org,ELC,Championship,562197,2027-03-13T12:00:00Z,37,356,Sheffield United FC,69,Queens Park Rangers FC
football-data.org,ELC,Championship,562198,2027-03-13T12:00:00Z,37,387,Bristol City FC,74,West Bromwich Albion FC
football-data.org,ELC,Championship,562199,2027-03-13T12:00:00Z,37,348,Charlton Athletic FC,59,Blackburn Rovers FC
football-data.org,ELC,Championship,562200,2027-03-13T12:00:00Z,37,70,Stoke City FC,563,West Ham United FC
football-data.org,ELC,Championship,562201,2027-03-13T12:00:00Z,37,68,Norwich City FC,1081,Preston North End FC
football-data.org,ELC,Championship,562202,2027-03-13T12:00:00Z,37,715,Cardiff City FC,72,Swansea City AFC
football-data.org,ELC,Championship,562203,2027-03-13T12:00:00Z,37,60,Bolton Wanderers FC,332,Birmingham City FC
football-data.org,ELC,Championship,562204,2027-03-13T12:00:00Z,37,76,Wolverhampton Wanderers FC,1126,Lincoln City FC
football-data.org,ELC,Championship,562205,2027-03-16T12:00:00Z,38,1081,Preston North End FC,328,Burnley FC
football-data.org,ELC,Championship,562206,2027-03-16T12:00:00Z,38,72,Swansea City AFC,387,Bristol City FC
football-data.org,ELC,Championship,562207,2027-03-16T12:00:00Z,38,69,Queens Park Rangers FC,70,Stoke City FC
football-data.org,ELC,Championship,562208,2027-03-16T12:00:00Z,38,74,West Bromwich Albion FC,325,Portsmouth FC
football-data.org,ELC,Championship,562209,2027-03-16T12:00:00Z,38,404,Wrexham AFC,68,Norwich City FC
football-data.org,ELC,Championship,562210,2027-03-16T12:00:00Z,38,1126,Lincoln City FC,715,Cardiff City FC
football-data.org,ELC,Championship,562211,2027-03-16T12:00:00Z,38,342,Derby County FC,343,Middlesbrough FC
football-data.org,ELC,Championship,562212,2027-03-16T12:00:00Z,38,340,Southampton FC,76,Wolverhampton Wanderers FC
football-data.org,ELC,Championship,562213,2027-03-17T12:00:00Z,38,563,West Ham United FC,356,Sheffield United FC
football-data.org,ELC,Championship,562214,2027-03-17T12:00:00Z,38,384,Millwall FC,346,Watford FC
football-data.org,ELC,Championship,562215,2027-03-17T12:00:00Z,38,59,Blackburn Rovers FC,60,Bolton Wanderers FC
football-data.org,ELC,Championship,562216,2027-03-17T12:00:00Z,38,332,Birmingham City FC,348,Charlton Athletic FC
football-data.org,ELC,Championship,562217,2027-03-20T12:00:00Z,39,72,Swansea City AFC,76,Wolverhampton Wanderers FC
football-data.org,ELC,Championship,562218,2027-03-20T12:00:00Z,39,384,Millwall FC,715,Cardiff City FC
football-data.org,ELC,Championship,562219,2027-03-20T12:00:00Z,39,404,Wrexham AFC,70,Stoke City FC
football-data.org,ELC,Championship,562220,2027-03-20T12:00:00Z,39,387,Bristol City FC,69,Queens Park Rangers FC
football-data.org,ELC,Championship,562221,2027-03-20T12:00:00Z,39,346,Watford FC,325,Portsmouth FC
football-data.org,ELC,Championship,562222,2027-03-20T12:00:00Z,39,340,Southampton FC,348,Charlton Athletic FC
football-data.org,ELC,Championship,562223,2027-03-20T12:00:00Z,39,332,Birmingham City FC,59,Blackburn Rovers FC
football-data.org,ELC,Championship,562224,2027-03-20T12:00:00Z,39,328,Burnley FC,60,Bolton Wanderers FC
football-data.org,ELC,Championship,562225,2027-03-20T12:00:00Z,39,343,Middlesbrough FC,356,Sheffield United FC
football-data.org,ELC,Championship,562226,2027-03-20T12:00:00Z,39,74,West Bromwich Albion FC,1126,Lincoln City FC
football-data.org,ELC,Championship,562227,2027-03-20T12:00:00Z,39,68,Norwich City FC,563,West Ham United FC
football-data.org,ELC,Championship,562228,2027-03-20T12:00:00Z,39,342,Derby County FC,1081,Preston North End FC
football-data.org,ELC,Championship,562229,2027-04-03T12:00:00Z,40,70,Stoke City FC,328,Burnley FC
football-data.org,ELC,Championship,562230,2027-04-03T12:00:00Z,40,325,Portsmouth FC,343,Middlesbrough FC
football-data.org,ELC,Championship,562231,2027-04-03T12:00:00Z,40,715,Cardiff City FC,387,Bristol City FC
football-data.org,ELC,Championship,562232,2027-04-03T12:00:00Z,40,60,Bolton Wanderers FC,346,Watford FC
football-data.org,ELC,Championship,562233,2027-04-03T12:00:00Z,40,348,Charlton Athletic FC,384,Millwall FC
football-data.org,ELC,Championship,562234,2027-04-03T12:00:00Z,40,563,West Ham United FC,332,Birmingham City FC
football-data.org,ELC,Championship,562235,2027-04-03T12:00:00Z,40,1126,Lincoln City FC,342,Derby County FC
football-data.org,ELC,Championship,562236,2027-04-03T12:00:00Z,40,76,Wolverhampton Wanderers FC,68,Norwich City FC
football-data.org,ELC,Championship,562237,2027-04-03T12:00:00Z,40,356,Sheffield United FC,74,West Bromwich Albion FC
football-data.org,ELC,Championship,562238,2027-04-03T12:00:00Z,40,59,Blackburn Rovers FC,340,Southampton FC
football-data.org,ELC,Championship,562239,2027-04-03T12:00:00Z,40,69,Queens Park Rangers FC,404,Wrexham AFC
football-data.org,ELC,Championship,562240,2027-04-03T12:00:00Z,40,1081,Preston North End FC,72,Swansea City AFC
football-data.org,ELC,Championship,562241,2027-04-06T12:00:00Z,41,1126,Lincoln City FC,387,Bristol City FC
football-data.org,ELC,Championship,562242,2027-04-06T12:00:00Z,41,384,Millwall FC,343,Middlesbrough FC
football-data.org,ELC,Championship,562243,2027-04-06T12:00:00Z,41,563,West Ham United FC,60,Bolton Wanderers FC
football-data.org,ELC,Championship,562244,2027-04-06T12:00:00Z,41,69,Queens Park Rangers FC,348,Charlton Athletic FC
football-data.org,ELC,Championship,562245,2027-04-06T12:00:00Z,41,70,Stoke City FC,715,Cardiff City FC
football-data.org,ELC,Championship,562246,2027-04-06T12:00:00Z,41,325,Portsmouth FC,76,Wolverhampton Wanderers FC
football-data.org,ELC,Championship,562247,2027-04-06T12:00:00Z,41,72,Swansea City AFC,340,Southampton FC
football-data.org,ELC,Championship,562248,2027-04-06T12:00:00Z,41,328,Burnley FC,404,Wrexham AFC
football-data.org,ELC,Championship,562249,2027-04-07T12:00:00Z,41,1081,Preston North End FC,346,Watford FC
football-data.org,ELC,Championship,562250,2027-04-07T12:00:00Z,41,74,West Bromwich Albion FC,342,Derby County FC
football-data.org,ELC,Championship,562251,2027-04-07T12:00:00Z,41,332,Birmingham City FC,68,Norwich City FC
football-data.org,ELC,Championship,562252,2027-04-07T12:00:00Z,41,356,Sheffield United FC,59,Blackburn Rovers FC
football-data.org,ELC,Championship,562253,2027-04-10T12:00:00Z,42,404,Wrexham AFC,72,Swansea City AFC
football-data.org,ELC,Championship,562254,2027-04-10T12:00:00Z,42,76,Wolverhampton Wanderers FC,332,Birmingham City FC
football-data.org,ELC,Championship,562255,2027-04-10T12:00:00Z,42,346,Watford FC,74,West Bromwich Albion FC
football-data.org,ELC,Championship,562256,2027-04-10T12:00:00Z,42,59,Blackburn Rovers FC,1081,Preston North End FC
football-data.org,ELC,Championship,562257,2027-04-10T12:00:00Z,42,60,Bolton Wanderers FC,384,Millwall FC
football-data.org,ELC,Championship,562258,2027-04-10T12:00:00Z,42,68,Norwich City FC,356,Sheffield United FC
football-data.org,ELC,Championship,562259,2027-04-10T12:00:00Z,42,343,Middlesbrough FC,69,Queens Park Rangers FC
football-data.org,ELC,Championship,562260,2027-04-10T12:00:00Z,42,715,Cardiff City FC,325,Portsmouth FC
football-data.org,ELC,Championship,562261,2027-04-10T12:00:00Z,42,340,Southampton FC,1126,Lincoln City FC
football-data.org,ELC,Championship,562262,2027-04-10T12:00:00Z,42,348,Charlton Athletic FC,70,Stoke City FC
football-data.org,ELC,Championship,562263,2027-04-10T12:00:00Z,42,387,Bristol City FC,328,Burnley FC
football-data.org,ELC,Championship,562264,2027-04-10T12:00:00Z,42,342,Derby County FC,563,West Ham United FC
football-data.org,ELC,Championship,562265,2027-04-17T12:00:00Z,43,1081,Preston North End FC,348,Charlton Athletic FC
football-data.org,ELC,Championship,562266,2027-04-17T12:00:00Z,43,325,Portsmouth FC,387,Bristol City FC
football-data.org,ELC,Championship,562267,2027-04-17T12:00:00Z,43,332,Birmingham City FC,404,Wrexham AFC
football-data.org,ELC,Championship,562268,2027-04-17T12:00:00Z,43,70,Stoke City FC,76,Wolverhampton Wanderers FC
football-data.org,ELC,Championship,562269,2027-04-17T12:00:00Z,43,1126,Lincoln City FC,60,Bolton Wanderers FC
football-data.org,ELC,Championship,562270,2027-04-17T12:00:00Z,43,74,West Bromwich Albion FC,343,Middlesbrough FC
football-data.org,ELC,Championship,562271,2027-04-17T12:00:00Z,43,69,Queens Park Rangers FC,59,Blackburn Rovers FC
football-data.org,ELC,Championship,562272,2027-04-17T12:00:00Z,43,563,West Ham United FC,346,Watford FC
football-data.org,ELC,Championship,562273,2027-04-17T12:00:00Z,43,328,Burnley FC,68,Norwich City FC
football-data.org,ELC,Championship,562274,2027-04-17T12:00:00Z,43,384,Millwall FC,340,Southampton FC
football-data.org,ELC,Championship,562275,2027-04-17T12:00:00Z,43,72,Swansea City AFC,342,Derby County FC
football-data.org,ELC,Championship,562276,2027-04-17T12:00:00Z,43,356,Sheffield United FC,715,Cardiff City FC
football-data.org,ELC,Championship,562277,2027-04-20T12:00:00Z,44,60,Bolton Wanderers FC,356,Sheffield United FC
football-data.org,ELC,Championship,562278,2027-04-20T12:00:00Z,44,68,Norwich City FC,70,Stoke City FC
football-data.org,ELC,Championship,562279,2027-04-20T12:00:00Z,44,343,Middlesbrough FC,328,Burnley FC
football-data.org,ELC,Championship,562280,2027-04-20T12:00:00Z,44,342,Derby County FC,325,Portsmouth FC
football-data.org,ELC,Championship,562281,2027-04-20T12:00:00Z,44,76,Wolverhampton Wanderers FC,563,West Ham United FC
football-data.org,ELC,Championship,562282,2027-04-20T12:00:00Z,44,404,Wrexham AFC,384,Millwall FC
football-data.org,ELC,Championship,562283,2027-04-20T12:00:00Z,44,340,Southampton FC,332,Birmingham City FC
football-data.org,ELC,Championship,562284,2027-04-20T12:00:00Z,44,348,Charlton Athletic FC,74,West Bromwich Albion FC
football-data.org,ELC,Championship,562285,2027-04-21T12:00:00Z,44,387,Bristol City FC,1081,Preston North End FC
football-data.org,ELC,Championship,562286,2027-04-21T12:00:00Z,44,59,Blackburn Rovers FC,1126,Lincoln City FC
football-data.org,ELC,Championship,562287,2027-04-21T12:00:00Z,44,715,Cardiff City FC,69,Queens Park Rangers FC
football-data.org,ELC,Championship,562288,2027-04-21T12:00:00Z,44,346,Watford FC,72,Swansea City AFC
football-data.org,ELC,Championship,562289,2027-04-24T12:00:00Z,45,346,Watford FC,332,Birmingham City FC
football-data.org,ELC,Championship,562290,2027-04-24T12:00:00Z,45,343,Middlesbrough FC,563,West Ham United FC
football-data.org,ELC,Championship,562291,2027-04-24T12:00:00Z,45,70,Stoke City FC,1126,Lincoln City FC
football-data.org,ELC,Championship,562292,2027-04-24T12:00:00Z,45,328,Burnley FC,340,Southampton FC
football-data.org,ELC,Championship,562293,2027-04-24T12:00:00Z,45,60,Bolton Wanderers FC,72,Swansea City AFC
football-data.org,ELC,Championship,562294,2027-04-24T12:00:00Z,45,356,Sheffield United FC,384,Millwall FC
football-data.org,ELC,Championship,562295,2027-04-24T12:00:00Z,45,76,Wolverhampton Wanderers FC,69,Queens Park Rangers FC
football-data.org,ELC,Championship,562296,2027-04-24T12:00:00Z,45,387,Bristol City FC,342,Derby County FC
football-data.org,ELC,Championship,562297,2027-04-24T12:00:00Z,45,348,Charlton Athletic FC,404,Wrexham AFC
football-data.org,ELC,Championship,562298,2027-04-24T12:00:00Z,45,68,Norwich City FC,59,Blackburn Rovers FC
football-data.org,ELC,Championship,562299,2027-04-24T12:00:00Z,45,715,Cardiff City FC,74,West Bromwich Albion FC
football-data.org,ELC,Championship,562300,2027-04-24T12:00:00Z,45,325,Portsmouth FC,1081,Preston North End FC
football-data.org,ELC,Championship,562301,2027-05-01T12:00:00Z,46,69,Queens Park Rangers FC,68,Norwich City FC
football-data.org,ELC,Championship,562302,2027-05-01T12:00:00Z,46,563,West Ham United FC,325,Portsmouth FC
football-data.org,ELC,Championship,562303,2027-05-01T12:00:00Z,46,74,West Bromwich Albion FC,60,Bolton Wanderers FC
football-data.org,ELC,Championship,562304,2027-05-01T12:00:00Z,46,340,Southampton FC,356,Sheffield United FC
football-data.org,ELC,Championship,562305,2027-05-01T12:00:00Z,46,332,Birmingham City FC,328,Burnley FC
football-data.org,ELC,Championship,562306,2027-05-01T12:00:00Z,46,384,Millwall FC,70,Stoke City FC
football-data.org,ELC,Championship,562307,2027-05-01T12:00:00Z,46,404,Wrexham AFC,387,Bristol City FC
football-data.org,ELC,Championship,562308,2027-05-01T12:00:00Z,46,59,Blackburn Rovers FC,346,Watford FC
football-data.org,ELC,Championship,562309,2027-05-01T12:00:00Z,46,1126,Lincoln City FC,348,Charlton Athletic FC
football-data.org,ELC,Championship,562310,2027-05-01T12:00:00Z,46,1081,Preston North End FC,715,Cardiff City FC
football-data.org,ELC,Championship,562311,2027-05-01T12:00:00Z,46,342,Derby County FC,76,Wolverhampton Wanderers FC
football-data.org,ELC,Championship,562312,2027-05-01T12:00:00Z,46,72,Swansea City AFC,343,Middlesbrough FC
